{
	"format_version": "1.16.100",
	"minecraft:attachable": {
		"description": {
			"identifier": "nwa:austrian_m1798",
			"materials": {
				"default": "entity",
				"enchanted": "entity_alphatest_glint"
			},
			"textures": {
				"default": "textures/models/austrian_m1805",
      "bayonet": "textures/models/austrian_m1805B",
				"enchanted": "textures/misc/enchanted_item_glint"
			},
			"geometry": {
				"default": "geometry.austrian_m1805"
			},
			"animations": {
				"wield": "animation.m1798.firstp",
      "wield_3rdperson": "animation.m1798.thirdp"
			},
			"scripts": {
				"animate": [
       { 			
         "wield": "c.is_first_person"
     		}, 		
       { 			
         "wield_3rdperson": "!c.is_first_person" 		    }
      ]
    },
			"render_controllers": [
				"controller.render.item_default"
			]
		}
	}
}







