{
	"format_version": "1.10.0",
	"minecraft:attachable": {
		"description": {
			"identifier": "nwa:baker_empty",
			"materials": {
				"default": "entity",
				"enchanted": "entity_alphatest_glint"
			},
			"textures": {
				"default": "textures/models/baker",
				"enchanted": "textures/misc/enchanted_item_glint"
			},
			"geometry": {
				"default": "geometry.baker"
			},
			"animations": {
				"wield": "animation.baker.firstpempty",
      "wield_3rdperson": "animation.baker.thirdpempty"
			},
			"scripts": {
				"animate": [
       { 			
         "wield": "c.is_first_person"
     		}, 		
       { 			
         "wield_3rdperson": "!c.is_first_person" 		    }
      ]
    },
			"render_controllers": [
				"controller.render.item_default"
			]
		}
	}
}





