{
	"format_version": "1.10.0",
	"minecraft:attachable": {
		"description": {
			"identifier": "nwa:brown_bess",
			"materials": {
				"default": "entity",
				"enchanted": "entity_alphatest_glint"
			},
			"textures": {
				"default": "textures/models/brown_bess",
				"enchanted": "textures/misc/enchanted_item_glint"
			},
			"geometry": {
				"default": "geometry.brown_bess"
			},
			"animations": {
				"wield": "animation.bess.firstp",
      "wield_3rdperson": "animation.bess.thirdp"
			},
			"scripts": {
				"animate": [
       { 			
         "wield": "c.is_first_person"
     		}, 		
       { 			
         "wield_3rdperson": "!c.is_first_person" 		    }
      ]
    },
			"render_controllers": [
				"controller.render.item_default"
			]
		}
	}
}




