{
	"format_version": "1.10.0",
	"minecraft:attachable": {
		"description": {
			"identifier": "nwa:sabre",
			"materials": {
				"default": "entity",
				"enchanted": "entity_alphatest_glint"
			},
			"textures": {
				"default": "textures/models/sabre",
				"enchanted": "textures/misc/enchanted_item_glint"
			},
			"geometry": {
				"default": "geometry.sabre"
			},
			"animations": {
				"wield": "animation.sabre.holding"
			},
			"scripts": {
				"animate": [
					"wield"
				]
			},
			"render_controllers": [
				"controller.render.item_default"
			]
		}
	}
}


