{
	"format_version": "1.10.0",
	"minecraft:entity": {
		"description": {
			"identifier": "st:47mm",
			"is_spawnable": false,
			"is_summonable": true,
			"is_experimental": false,
			"runtime_identifier": "minecraft:snowball"
		},
		"components": {
			"minecraft:collision_box": {
				"width": 0.1,
				"height": 0.1
			},
			"minecraft:scale": {
				"value": 0.2
			},
			"minecraft:projectile": {
				"shoot_target": true,
				"uncertainty_base": 1,
				"uncertainty_multiplier": 0,
				"onHit": {
					"impact_damage": {
						"damage": 5,
						"knockback": true,
						"semi_random_diff_damage": false,
						"destroy_on_hit": true
					},
					"remove_on_hit": {}
				},
				"power": 6.0,
				"gravity": 0.1,
				"angleoffset": 0.0
			},
			"minecraft:physics": {}
		},
		"events": {
    "minecraft:entity_spawned": {
     "run_command": {
       "command": [
         "playsound shoot.47mm @a"
       ]
     }
    }
   }
	}
}
