{
	"format_version": "1.16.0",
	"minecraft:entity": {
		"description": {
			"identifier": "st:ah_armagedon",
			"is_spawnable": true,
			"is_summonable": true,
			"is_experimental": false,
			"scripts": {
				"animate": [
					"fly"
				]
			},
			"animations": {
				"fly": "controller.animation.ah_armagedon.fly"
			}

		},
		"component_groups": {},
		"components": {
    "minecraft:interact": {
				"interactions": {
					"on_interact": {
						"filters": {
							"all_of": [{
									"test": "is_family",
									"subject": "other",
									"value": "player"
								},
								{
									"test": "has_equipment",
									"domain": "hand",
									"subject": "other",
									"value": "flint_and_steel"
								},
								{
									"test": "rider_count",
									"subject": "self",
									"operator": "equals",
									"value": "1"
								}
							]
         }
					},
					"hurt_item": 1,
					"interact_text": "FIRE MISSILES",
					"spawn_entities": "st:missile_normal"
				}
			},
			"minecraft:rideable": {
				"controlling_seat": 1,
      "rider_can_interact": true,
				"crouching_skip_interact": true,
				"family_types": [
					"player"
				],
				"interact_text": "Fly Helicopter",
				"seat_count": 2,
				"seats": [{
						"position": [
							0,
							0.11,
							0.2
						]
        },
        {
         "position": [
							0,
							0.1,
							0.32
						]    
       }
     ]
			},
			"minecraft:scale": {
				"value": 12.0
			},
			"minecraft:physics": {
				"has_collision": true,
				"has_gravity": true
			},
			"minecraft:input_ground_controlled": {},
			"minecraft:is_saddled": {},
			"minecraft:behavior.player_ride_tamed": {},
			"minecraft:movement": {
				"value": 0.4
			},
			"minecraft:collision_box": {
				"height": 0.5,
				"width": 0.5
			}
		},
		"events": {}
	}
}
