{
	"format_version": "1.16.0",
	"minecraft:entity": {
		"description": {
			"identifier": "st:hummer",
			"is_spawnable": true,
			"is_summonable": true,
			"is_experimental": false
		},
		"component_groups": {},
		"components": {
			"minecraft:rideable": {
				"controlling_seat": 1,
				"crouching_skip_interact": true,
				"family_types": [
					"player"
				],
				"interact_text": "Drive Hummer",
				"seat_count": 4,
				"seats": [{
						"position": [
							0.07,
							0.07,
							0
						]
					},
					{
						"position": [
							-0.07,
							0.07,
							-0.02
						]
					},
					{
						"position": [
							-0.07,
							0.7,
							-0.1
						]
					},
       {
						"position": [
							0.07,
							0.07,
							-0.1
						]
					}
				]
			},
			"minecraft:scale": {
				"value": 12.0
			},
			"minecraft:physics": {
				"has_collision": true,
				"has_gravity": true
			},
			"minecraft:push_through": {
			    "value": 1
			},
			"minecraft:input_ground_controlled": {},
			"minecraft:is_saddled": {},
			"minecraft:behavior.player_ride_tamed": {},
			"minecraft:movement": {
				"value": 0.2
			},
			"minecraft:collision_box": {
			     "height": 0.2,
			     "width": 0.2
			}
		},
		"events": {}
	}
}
