{
	"format_version": "1.8.0",
	"minecraft:entity": {
		"description": {
			"identifier": "st:missile",
			"is_spawnable": false,
			"is_summonable": true,
			"is_experimental": true,
			"runtime_identifier": "minecraft:snowball"
		},
		"component_groups": {
			"minecraft:exploding": {
				"minecraft:explode": {
					"fuseLength": 0,
					"fuseLit": true,
					"power": 5,
					"causesFire": true
				}
			}
		},
		"components": {
			"minecraft:collision_box": {
				"width": 0.0,
				"height": 0.0
			},
     "minecraft:behavior.look_at_target": {
      "priority": 1
    },
			"minecraft:scale": {
				"value": 1.5
			},
			"minecraft:projectile": {
				"shoot_target": true,
				"particle": "minecraft:large_explosion",
                "onHit": {
					"impact_damage": {
						"damage": 88,
						"knockback": true,
						"semirandomdiffdamage": false,
						"destroyonhit": false
					},
					"definition_event": {
						"affectProjectile": true,
						"eventTrigger": {
							"event": "minecraft:explode",
							"target": "self"
						}
					}
				},
				"power": 7,
				"gravity": 0.2,
				"inertia": 1,
				"angle_offset": -10,
				"uncertaintyBase": 1,
				"uncertaintyMultiplier": 0,
				"anchor": 0,
				"offset": [
					0,
					0,
					0
				],
				"reflectOnHurt": true,
				"catchFire": false
			},
			"minecraft:physics": {}
		},
		"events": {
    "minecraft:entity_spawned": {
     "run_command": {
      "command": [ "playsound shoot.rocket @a" ] 
     }
    },
			"minecraft:explode": {
				"add": {
					"component_groups": [
						"minecraft:exploding"
					]
				}
			}
		}
	}
}
