{

	"format_version": "1.16.0",
	"minecraft:entity": {

		"description": {

			"identifier": "st:mki_projector",

			"is_spawnable": true,

			"is_summonable": true,

			"is_experimental": false

		},

		"component_groups": {

			"firing": {

				"minecraft:mark_variant": {

					"value": 2

				},

				"minecraft:spawn_entity": {

					"entities": [

						{

							"min_wait_time": 1,

							"max_wait_time": 1,

							"spawn_entity": "st:missile",

							"single_use": false,

							"num_to_spawn": 1,

          "spawn_sound": "shoot.rocket",

							"should_leash": false

						}

					]

				},

				"minecraft:timer": {

					"looping": false,

					"time": 15.0,

					"time_down_event": {

						"event": "entity_spawned",

						"target": "self"

					}

				}

			},

			"default": {

				"minecraft:mark_variant": {

					"value": 1

				}

			}

		},

		"components": {

			"minecraft:interact": {

				"interactions": {

					"on_interact": {

						"filters": {

							"all_of": [{

									"test": "is_family",

									"subject": "other",

									"value": "player"

								},

								{

									"test": "has_equipment",

									"domain": "hand",

									"subject": "other",

									"value": "flint_and_steel"

								}

							]

						},

						"target": "self",

						"event": "aim"

					},

					"cooldown": 0.5,

					"interact_text": "Set Artillery Mode"

				}

			},

			"minecraft:rideable": {

				"controlling_seat": 1,

				"rider_can_interact": true,

				"crouching_skip_interact": true,

				"family_types": [

					"player"

				],

				"interact_text": "Mount Tank",

				"seat_count": 1,

				"seats": [{

					"position": [

						0.07,

						0.2,

						0.3

					]

				}]

			},

			"minecraft:scale": {

				"value": 10.0

			},

			"minecraft:physics": {

				"has_collision": true,

				"has_gravity": true

			},

			"minecraft:collision_box": {

				"height": 0.5,

				"width": 0.3

			},

			"minecraft:input_ground_controlled": {},

			"minecraft:is_saddled": {},

			"minecraft:behavior.player_ride_tamed": {},

			"minecraft:movement": {

				"value": 0.3

			}

		},

		"events": {

			"aim": {

				"add": {

					"component_groups": ["firing"]

				},

				"remove": {

					"component_groups": ["default"]

				}

			},

			"entity_spawned": {

				"add": {

					"component_groups": ["default"]

				},

				"remove": {

					"component_groups": ["firing"]

				}

			}

		}

	}

}
