{
	"format_version": "1.16.100",
	"minecraft:entity": {
		"description": {
			"identifier": "st:t1_turret",
			"is_spawnable": true,
			"is_summonable": true,
			"is_experimental": true
		},
		"component_groups": {},
		"components": {
			"minecraft:scale": {
				"value": 8.0
			},
			"minecraft:physics": {
				"has_collision": true,
				"has_gravity": true
			},
    "minecraft:behavior.look_at_target": {
      "priority": 1
    },
    "minecraft:navigation.generic": {
     "is_amphibious": false,
     "can_path_over_water": true,
     "can_swim": false,
     "can_walk": false,
     "can_sink": true,
     "avoid_damage_blocks": false
    },
    "minecraft:behavior.ranged_attack": {
     "priority": 1,
     "attack_radius": 64
    },
    "minecraft:knockback_resistance": {
     "value": 1.0
    },
    "minecraft:behavior.nearest_attackable_target": {
     "priority": 1,
     "must_see": true,
     "entity_types": [
            {
             "filters": {
             "test": "is_family",
             "subject": "other",
             "value": "monster"
            },
            "max_dist": 64.0
         }
       ]
    },
    "minecraft:shooter": {
     "def": "st:bullet"
    },
			"minecraft:is_stackable":{},
			"minecraft:collision_box": {
				"height": 0.5,
				"width": 0.3
			},
			"minecraft:movement": {
				"value": 0
			}
		},
		"events": {}
	}
}
