{

	"format_version": "1.16.100",
	"minecraft:entity": {

		"description": {

			"identifier": "nwa:hms_bellona",

			"is_spawnable": true,

			"is_summonable": true,

			"is_experimental": true

		},

		"component_groups": {

			"nwa:firing": {

     "minecraft:mark_variant": {

					"value": 2

				},

				"minecraft:spawn_entity": {

					"entities": [

						{

							"min_wait_time": 1.0,

							"max_wait_time": 1.0,

							"spawn_entity": "nwa:cannonball24",

							"single_use": false,

							"num_to_spawn": 1,

							"should_leash": false

						}

					]

				},

				"minecraft:timer": {

					"looping": false,

					"time": 12,

					"time_down_event": {

						"event": "nwa:default",

						"target": "self"

					}

				}

			}

		},

		"components": {

			"minecraft:interact": {

				"interactions": {

					"on_interact": {

						"filters": {

							"all_of": [{

									"test": "is_family",

									"subject": "other",

									"value": "player"

								},

								{

									"test": "has_equipment",

									"domain": "hand",

									"subject": "other",

									"value": "flint_and_steel"

								}

							]

						},

						"event": "nwa:firing",

						"target": "self"

					},

					"hurt_item": 1,

					"use_item": true,

					"interact_text": "FIRE",

					"spawn_entities": "nwa:cannonball24"

				}

			},

			"minecraft:floats_in_liquid": {},

			"minecraft:rideable": {

				"controlling_seat": 1,

				"rider_can_interact": true,

				"crouching_skip_interact": true,

				"family_types": [

					"player"

				],

				"interact_text": "Board Ship",

				"seat_count": 1,

				"seats": [{

					"position": [0.015, 0.18, -0.32]

				}]

			},

			"minecraft:scale": {

				"value": 30

			},

			"minecraft:physics": {

				"has_collision": true,

				"has_gravity": true

			},

			"minecraft:input_ground_controlled": {},

			"minecraft:behaviour.controlled_by_player": {

				"priority": 0

			},

			"minecraft:buoyant": {

				"apply_gravity": true,

				"base_buoyancy": 1.0,

				"big_wave_probability": 0.1,

				"big_wave_speed": 10.0,

				"liquid_blocks": ["minecraft:water"],

				"simulate_waves": true

			},
     "minecraft:navigation.generic": {
      "is_amphibious": true,
      "can_path_over_water": true,
      "can_swim": true,
      "can_walk": false,
      "can_sink": false,
      "avoid_damage_blocks": false
    },

			"minecraft:behavior.player_ride_tamed": {},

			"minecraft:collision_box": {

				"height": 1.0,

				"width": 0.25

			},

			"minecraft:movement": {

				"value": 2

			}

		},

		"events": {

			"nwa:firing": {

				"add": {

					"component_groups": ["nwa:firing"]

				},

				"run_command": {

					"command": ["playsound shoot.cannon @a ~ ~ ~"]

				}

			},

			"nwa:default": {

				"remove": {

					"component_group": ["nwa:firing"]

				}

			}

		}

	}

}
