{
	"format_version": "1.8.0",
	"animations": {
		"animation.bf_109.fly": {
			"loop": true,
			"animation_length": 0.29167,
			"bones": {
				"Plane": {
					"rotation": [7.5, 0, 0]
				},
				"LeftLandingGear": {
					"rotation": [0, 0, -92.5]
				},
				"RightLandingGear": {
					"rotation": [0, 0, 92.5]
				},
				"Propellers": {
					"rotation": {
						"0.0": [0, 0, 0],
						"0.2083": [0, 0, -360]
					}
				}
			}
		},
		"animation.bf_109.walk": {
			"loop": true,
			"animation_length": 0.5,
			"bones": {
				"Propellers": {
					"rotation": {
						"0.0": [0, 0, 0],
						"0.5": [0, 0, 360]
					}
				}
			}
		}
	}
}
