{
	"format_version": "1.8.0",
	"animations": {
   "animation.bofors_qf.rotate": {
			"loop": true,
			"bones": {
				"turret": {
					"relative_to": {"rotation":"entity"},
					"rotation": [0.0,"query.target_y_rotation - this",0.0]
				},
				"bone2": {
					"relative_to": {"rotation":"entity"},
					"rotation": ["query.target_x_rotation - this","query.target_y_rotation - this",0.0]
				}
			}
		},
		"animation.bofors_qf.tow": {
			"loop": true,
			"bones": {
				"Stand": {
					"position": [0, 0.5, 0]
				},
				"Stand2": {
					"position": [0, 0.5, 0]
				},
				"Support": {
					"rotation": [0, 82.5, 0]
				},
				"Support2": {
					"rotation": [0, -82.5, 0]
				}
			}
		},
		"animation.bofors_qf.walk": {
			"loop": true,
			"animation_length": 0.5,
			"bones": {
				"Stand": {
					"position": [0, 0.5, 0]
				},
				"bone3": {
					"rotation": {
						"0.0": [0, 0, 0],
						"0.5": [360, 0, 0]
					}
				},
				"bone5": {
					"rotation": {
						"0.0": [0, 0, 0],
						"0.5": [360, 0, 0]
					}
				},
				"bone6": {
					"rotation": {
						"0.0": [0, 0, 0],
						"0.5": [360, 0, 0]
					}
				},
				"Stand2": {
					"position": [0, 0.5, 0]
				},
				"Support": {
					"rotation": [0, 85, 0]
				},
				"Support2": {
					"rotation": [0, -82.5, 0]
				}
			}
		}
	}
}
