{
	"format_version": "1.8.0",
	"animations": {
		"animation.churchill_avre.walk": {
			"loop": true,
			"animation_length": 1,
			"bones": {
				"MainCOG5": {
					"rotation": {
						"0.0": [2.5, 0, 0],
						"1.0": [360, 0, 0]
					}
				},
				"MainCOG8": {
					"rotation": {
						"0.0": [0, 0, 0],
						"1.0": [360, 0, 0]
					}
				},
				"MainCOG2": {
					"rotation": {
						"0.0": [0, 0, 0],
						"1.0": [360, 0, 0]
					}
				},
				"MainCOG4": {
					"rotation": {
						"0.0": [0, 0, 0],
						"1.0": [360, 0, 0]
					}
				}
			}
		},
		"animation.churchill_avre.rotate": {
			"loop": true,
			"bones": {
				"Turret": {
					"rotation": [0, "query.target_y_rotation", 0]
				},
				"Gun": {
					"rotation": ["query.target_x_rotation", 0, 0]
				}
			}
		},
		"animation.churchill_avre.shoot": {
			"animation_length": 1.66667,
			"bones": {
				"Gun": {
					"rotation": {
						"0.0": [0, 0, 0],
						"1.0": [-10, 0, 0],
						"1.2083": [-16.88, 0, 0],
						"1.6667": [0, 0, 0]
					},
					"position": {
						"0.0": [0, 0, -0.05875],
						"1.0": [0, 0, -0.16125],
						"1.2083": [0, 0, 0.15625],
						"1.6667": [0, 0, -0.05875]
					}
				}
			}
		}
	}
}
