{
	"format_version": "1.8.0",
	"animations": {
		"animation.ju87_stuka.fly": {
			"loop": true,
			"animation_length": 0.29167,
			"bones": {
				"Plane": {
					"rotation": [7.5, 0, 0]
				},
				"Propellers": {
					"rotation": {
						"0.0": [0, 0, 0],
						"0.2083": [0, 0, -360]
					}
				}
			}
		},
		"animation.ju87_stuka.walk": {
			"loop": true,
			"animation_length": 0.5,
			"bones": {
				"Propellers": {
					"rotation": {
						"0.0": [0, 0, 0],
						"0.5": [0, 0, 360]
					}
				}
			}
		}
	}
}
