{
	"format_version": "1.8.0",
	"animations": {
		"animation.kv_1.rotate": {
			"loop": true,
			"bones": {
				"Turret": {
					"relative_to": {"rotation":"entity"},
					"rotation": [0.0,"query.target_y_rotation - this",0.0]
				},
				"octagon": {
					"relative_to": {"rotation":"entity"},
					"rotation": ["query.target_x_rotation - this", "query.target_y_rotation - this",0.0]
				}
			}
		},
		"animation.kv_1.fire": {
			"animation_length": 0.84,
			"loop": true,
			"bones": {
				"Hull": {
					"rotation": {
						"0.0": [0, 0, 0],
						"0.24": [2.5, 0, 0],
						"0.64": [-2.5, 0, 0],
						"0.84": [0, 0, 0]
					}
				},
				"Turret": {
					"rotation": {
						"0.0": [0, 0, 0],
						"0.24": [5, 0, 0],
						"0.64": [0, 0, 0]
					},
					"position": [0, 0, 0]
				},
				"octagon": {
					"rotation": [-2.5, 0, 0],
					"position": {
						"0.0": [0, 0, 0],
						"0.24": [0, 0, 1],
						"0.64": [0, 0, 0]
					}
				}
			}
		},
  	"animation.kv_1.death": {
			"loop": true,
			"animation_length": 1.88,
			"bones": {
				"Hull": {
					"rotation": {
						"0.32": [0, 0, 0],
						"0.36": [2.5, 0, 0],
						"0.6": [0, 0, 0]
					}
				},
				"Turret": {
					"rotation": {
						"0.0": [-2.5, 0, 0],
						"0.16": [-2.5, 0, 38.21],
						"0.28": [-2.5, -10, 60],
						"0.4": [-2.5, -10, 117.5],
						"0.56": [-2.5, -10, 185]
					},
					"position": {
						"0.0": [0, 0, 0],
						"0.16": [2.57, 0.57, 0],
						"0.28": [3, 1, 0],
						"0.4": [6, 0, 0],
						"0.56": [6, -3, 0]
					}
				}
			}
		}
	}
}
