{

	"format_version": "1.8.0",

	"animations": {

		"animation.m4_sherman.walk": {
			"loop": true,

			"animation_length": 1.64,

			"bones": {

				"bone": {

					"rotation": {

						"0.0": [90, 0, 0],

						"0.36": [180, 0, 0],

						"0.8": [210, 0, 0],

						"1.28": [270, 0, 0],

						"1.64": [360, 0, 0]

					}

				},

				"bone5": {

					"rotation": {

						"0.0": [90, 0, 0],

						"0.36": [180, 0, 0],

						"0.8": [210, 0, 0],

						"1.28": [270, 0, 0],

						"1.64": [360, 0, 0]

					}

				},

				"bone6": {

					"rotation": {

						"0.0": [90, 0, 0],

						"0.36": [180, 0, 0],

						"0.8": [210, 0, 0],

						"1.28": [270, 0, 0],

						"1.64": [360, 0, 0]

					}

				},

				"bone9": {

					"rotation": {

						"0.0": [90, 0, 0],

						"0.36": [180, 0, 0],

						"0.8": [210, 0, 0],

						"1.28": [270, 0, 0],

						"1.64": [360, 0, 0]

					}

				},

				"bone7": {

					"rotation": {

						"0.0": [90, 0, 0],

						"0.36": [180, 0, 0],

						"0.8": [210, 0, 0],

						"1.28": [270, 0, 0],

						"1.64": [360, 0, 0]

					}

				},

				"bone8": {

					"rotation": {

						"0.0": [90, 0, 0],

						"0.36": [180, 0, 0],

						"0.8": [210, 0, 0],

						"1.28": [270, 0, 0],

						"1.64": [360, 0, 0]

					}

				},

				"MainCogs": {

					"rotation": {

						"0.0": [90, 0, 0],

						"0.36": [180, 0, 0],

						"0.8": [210, 0, 0],

						"1.28": [270, 0, 0],

						"1.64": [360, 0, 0]

					}

				}

			},

			"sound_effects": {

				"0.0": {

					"effect": "tank_run2"

				}

			}

		},

		"animation.m4_sherman.shoot": {

			"loop": true,

			"animation_length": 2.54,

			"bones": {

				"bone27": {

					"position": {

						"0.0": [0, 0, 0],

						"0.12": [0, 0, 2],

						"0.72": [0, 0, 0]

					}

				},

				"Barrel": {

					"position": {

						"0.0": [0, 0, 0],

						"0.12": [0, 0, 1],

						"0.22": [0, 0, 0],

						"0.74": [0, 0, 0],

						"2.54": [0, 0, 0]

					}

				}

			},

			"sound_effects": {

				"0.0": {

					"effect": "75mm"

				}

			}

		},

		"animation.m4_sherman.rotate": {
			"loop": true,
			"bones": {
				"turret":{
					"relative_to":{"rotation":"entity"},
					"rotation":[0.0,"query.target_y_rotation - this",0.0]
				},
				"barrel":{
					"relative_to":{"rotation":"entity"},
					"rotation":["query.target_x_rotation - this","query.target_y_rotation - this",0.0]
				}
			}
		}
	}
}
