{
	"format_version": "1.8.0",
	"animations": {
		"animation.mkiii_churchill.walk": {
			"loop": true,
			"animation_length": 1,
			"bones": {
				"MainCOG5": {
					"rotation": {
						"0.0": [2.5, 0, 0],
						"1.0": [360, 0, 0]
					}
				},
				"MainCOG8": {
					"rotation": {
						"0.0": [0, 0, 0],
						"1.0": [360, 0, 0]
					}
				},
				"MainCOG2": {
					"rotation": {
						"0.0": [0, 0, 0],
						"1.0": [360, 0, 0]
					}
				},
				"MainCOG4": {
					"rotation": {
						"0.0": [0, 0, 0],
						"1.0": [360, 0, 0]
					}
				}
			}
		},
		"animation.mkiii_churchill.rotate": {
			"loop": true,
			"bones": {
				"Turret": {
					"rotation": [0, "query.target_y_rotation", 0]
				},
				"Gun": {
					"rotation": ["query.target_x_rotation", 0, 0]
				}
			}
		},
		"animation.mkiii_churchill.shoot": {
			"animation_length": 1.66667,
			"bones": {
				"Gun": {
					"position": {
						"0.0": [0, 0, 0],
						"0.1667": [0, 0, 0.25],
						"0.4583": [0, 0, -0.0025]
					}
				}
			}
		}
	}
}
