{
	"format_version": "1.8.0",
	"animations": {
		"animation.mkiv_cromwell.walk": {
			"loop": true,
			"animation_length": 1,
			"bones": {
				"bone8": {
					"rotation": {
						"0.0": [0, 0, 0],
						"1.0": [360, 0, 0]
					}
				},
				"bone2": {
					"rotation": {
						"0.0": [0, 0, 0],
						"1.0": [360, 0, 0]
					}
				},
				"bone3": {
					"rotation": {
						"0.0": [0, 0, 0],
						"1.0": [360, 0, 0]
					}
				},
				"bone5": {
					"rotation": {
						"0.0": [0, 0, 0],
						"1.0": [360, 0, 0]
					}
				},
				"bone6": {
					"rotation": {
						"0.0": [0, 0, 0],
						"1.0": [360, 0, 0]
					}
				},
				"bone13": {
					"rotation": {
						"0.0": [0, 0, 0],
						"1.0": [360, 0, 0]
					}
				},
				"bone12": {
					"rotation": {
						"0.0": [0, 0, 0],
						"1.0": [360, 0, 0]
					}
				}
			}
		},
		"animation.mkiv_cromwell.shoot": {
			"animation_length": 0.875,
			"bones": {
				"Hull": {
					"rotation": {
						"0.0": [0, 0, 0],
						"0.2083": [-2.5, 0, 0],
						"0.4167": [0, 0, 0]
					}
				},
				"Gun": {
					"position": {
						"0.0": [0.03125, 0, 0],
						"0.1667": [-0.1575, 0, 0],
						"0.2917": [-0.06625, 0, 0],
						"0.4167": [0.02375, 0, 0]
					}
				}
			}
		},
		"animation.mkiv_cromwell.rotate": {
			"loop": true,
			"bones": {
				"Turret": {
					"rotation": [0, "query.target_y_rotation", 0]
				},
				"Gun": {
					"rotation": [0, 0, "query.target_x_rotation"]
				}
			}
		}
	}
}
