{
	"format_version": "1.8.0",
	"animations": {
		"animation.renault_ft.walk": {
			"loop": true,
			"animation_length": 1,
			"bones": {
				"octagon3": {
					"rotation": {
						"0.0": [0, 0, 0],
						"1.0": [360, 0, 0]
					}
				},
				"octagon": {
					"rotation": {
						"0.0": [0, 0, 0],
						"1.0": [360, 0, 0]
					}
				},
				"octagon2": {
					"rotation": {
						"0.0": [0, 0, 0],
						"1.0": [360, 0, 0]
					}
				},
				"octagon4": {
					"rotation": {
						"0.0": [0, 0, 0],
						"1.0": [360, 0, 0]
					}
				}
			}
		},
		"animation.renault_ft.rotate": {
			"loop": true,
			"bones": {
				"bone5": {
					"rotation": [0, "query.target_y_rotation", 0]
				},
				"bone6": {
					"rotation": ["query.target_x_rotation", 0, 0]
				}
			}
		},
		"animation.renault_ft.shoot": {
			"animation_length": 0.5,
			"bones": {
				"bone6": {
					"position": {
						"0.0": [0, 0, 0],
						"0.2083": [0, 0, 0.28125],
						"0.5": [0, 0, 0.03625]
					}
				}
			}
		}
	}
}