{
	"format_version": "1.8.0",
	"animations": {
		"animation.su_122.walk": {
			"loop": true,
			"animation_length": 1.04167,
			"bones": {
				"bone2": {
					"rotation": {
						"0.0": [0, 0, 0],
						"1.0": [360, 0, 0]
					}
				},
				"bone3": {
					"rotation": {
						"0.0": [0, 0, 0],
						"1.0": [360, 0, 0]
					}
				},
				"bone4": {
					"rotation": {
						"0.0": [0, 0, 0],
						"1.0": [360, 0, 0]
					}
				},
				"bone5": {
					"rotation": {
						"0.0": [0, 0, 0],
						"1.0": [360, 0, 0]
					}
				},
				"bone6": {
					"rotation": {
						"0.0": [0, 0, 0],
						"1.0417": [360, 0, 0]
					}
				},
				"EndCogs": {
					"rotation": {
						"0.0": [0, 0, 0],
						"1.0": [360, 0, 0]
					}
				},
				"MainCogs": {
					"rotation": {
						"0.0": [0, 0, 0],
						"1.0": [360, 0, 0]
					}
				}
			}
		},
		"animation.su_122.rotate": {
			"loop": true,
			"bones": {
				"Gun": {
					"rotation": ["query.target_x_rotation", 0, 0]
				}
			}
		},
		"animation.su_122.shoot": {
			"animation_length": 0.70833,
			"bones": {
				"Gun": {
					"position": {
						"0.0": [0, 0, 0],
						"0.125": [0, 0, -0.28125],
						"0.2917": [0, 0, 0.005]
					}
				}
			}
		}
	}
}