{
	"format_version": "1.8.0",
	"animations": {
		"animation.t-34.rotate": {
			"loop": true,
			"bones": {
				"Turret": {
					"relative_to": {"rotation":"entity"},
					"rotation": [0.0,"query.target_y_rotation - this",0.0]
				},
				"Gun": {
					"relative_to": {"rotation":"entity"},
					"rotation": ["query.target_x_rotation - this","query.target_y_rotation - this",0.0]
				}
			}
		},
		"animation.t-34.fire": {
			"animation_length": 0.84,
			"loop": true,
			"bones": {
				"Hull": {
					"rotation": {
						"0.0": [0, 0, 0],
						"0.24": [2.5, 0, 0],
						"0.64": [-2.5, 0, 0],
						"0.84": [0, 0, 0]
					}
				},
				"Turret": {
					"rotation": {
						"0.0": [0, 0, 0],
						"0.24": [5, 0, 0],
						"0.64": [0, 0, 0]
					},
					"position": [0, 0, 0]
				},
				"Gun": {
					"rotation": [-2.5, 0, 0],
					"position": {
						"0.0": [0, 0, 0],
						"0.24": [0, 0, 1],
						"0.64": [0, 0, 0]
					}
				}
			}
		},
		"animation.t-34.walk": {
			"loop": true,
			"sound_effects": {
                "0.2": {
                   "effect": "step"
                 }
             },
			"animation_length": 0.6,
			"bones": {
				"bone2": {
					"rotation": {
						"0.0": [42.5, 0, 0],
						"0.2": [90, 0, 0],
						"0.4": [135, 0, 0],
						"0.6": [180, 0, 0]
					}
				},
				"bone3": {
					"rotation": {
						"0.0": [45, 0, 0],
						"0.2": [90, 0, 0],
						"0.4": [135, 0, 0],
						"0.6": [180, 0, 0]
					}
				},
				"bone4": {
					"rotation": {
						"0.0": [42.5, 0, 0],
						"0.2": [90, 0, 0],
						"0.4": [135, 0, 0],
						"0.6": [180, 0, 0]
					}
				},
				"bone5": {
					"rotation": {
						"0.0": [45, 0, 0],
						"0.2": [90, 0, 0],
						"0.4": [135, 0, 0],
						"0.6": [180, 0, 0]
					}
				},
				"bone6": {
					"rotation": {
						"0.0": [45, 0, 0],
						"0.2": [87.5, 0, 0],
						"0.4": [135, 0, 0],
						"0.6": [180, 0, 0]
					}
				},
				"EndCogs": {
					"rotation": {
						"0.0": [45, 0, 0],
						"0.2": [90, 0, 0],
						"0.4": [135, 0, 0],
						"0.6": [180, 0, 0]
					}
				},
				"MainCogs": {
					"rotation": {
						"0.0": [45, 0, 0],
						"0.2": [90, 0, 0],
						"0.4": [135, 0, 0],
						"0.6": [180, 0, 0]
					}
				}
			},
			"sound_effects": {
				"0.18": {
					"effect": "t-34.walk"
				}
			}
		},
		"animation.t-34.death": {
			"loop": true,
			"animation_length": 1.88,
			"bones": {
				"Hull": {
					"rotation": {
						"0.32": [0, 0, 0],
						"0.36": [2.5, 0, 0],
						"0.6": [0, 0, 0]
					}
				},
				"Turret": {
					"rotation": {
						"0.0": [-2.5, 0, 0],
						"0.16": [-2.5, 0, 38.21],
						"0.28": [-2.5, -10, 60],
						"0.4": [-2.5, -10, 117.5],
						"0.56": [-2.5, -10, 185]
					},
					"position": {
						"0.0": [0, 0, 0],
						"0.16": [2.57, 0.57, 0],
						"0.28": [3, 1, 0],
						"0.4": [6, 0, 0],
						"0.56": [6, -3, 0]
					}
				},
				"bone2": {
					"rotation": [0, 0, 0]
				}
			}
		}
	}
}