{
	"format_version": "1.8.0",
	"animations": {
		"animation.type3_chi_nu.rotate": {
			"loop": true,
			"bones": {
				"bone5": {
					"rotation": [0, "query.head_y_rotation ", 0]
				},
				"octagon": {
					"rotation": ["query.head_x_rotation", 0, 0]
				}
			}
		},
		"animation.type3_chi_nu.walk": {
			"loop": true,
			"animation_length": 1.54167,
			"bones": {
				"octagon": {
					"rotation": {
						"0.0": [0, 0, 0],
						"1.5417": [617.5, 0, 0]
					}
				},
				"octagon2": {
					"rotation": {
						"0.0": [0, 0, 0],
						"1.5417": [502.5, 0, 0]
					}
				},
				"octagon3": {
					"rotation": {
						"0.0": [0, 0, 0],
						"1.5417": [195, 0, 0]
					}
				},
				"octagon4": {
					"rotation": {
						"0.0": [0, 0, 0],
						"1.5417": [262.5, 0, 0]
					}
				},
				"octagon5": {
					"rotation": {
						"0.0": [0, 0, 0],
						"1.5417": [295, 0, 0]
					}
				},
				"octagon6": {
					"rotation": {
						"0.0": [0, 0, 0],
						"1.5417": [322.5, 0, 0]
					}
				},
				"octagon7": {
					"rotation": {
						"0.0": [0, 0, 0],
						"1.5417": [317.5, 0, 0]
					}
				},
				"octagon8": {
					"rotation": {
						"0.0": [0, 0, 0],
						"1.5417": [642.5, 0, 0]
					}
				}
			}
		},
		"animation.type3_chi_nu.shoot": {
			"animation_length": 0.91667,
			"bones": {
				"octagon": {
					"position": {
						"0.0": [0, 0, 0],
						"0.1667": [0, 0, 0.4375],
						"0.5417": [0, 0, 0.005]
					}
				},
				"bone4": {
					"rotation": {
						"0.0": [0, 0, 0],
						"0.25": ["-2.5", 0, 0],
						"0.4167": [0, 0, 0]
					}
				}
			}
		}
	}
}
