{
	"format_version": "1.8.0",
	"animations": {
		"animation.mt_alligator.shoot": {
			"loop": true,
			"animation_length": 1,
			"bones": {
				"Hull": {
					"rotation": {
						"0.0": [2.5, 0, 0],
						"0.25": [0.07847, 0.60594, 0.12586],
						"0.5": [2.57847, 0.60594, 0.12586]
					}
				},
				"Gun": {
					"position": {
						"0.0": [0, 0, 0],
						"0.2083": [0, 0, 0.5],
						"0.7083": [0, 0, 0]
					}
				}
			}
		},
		"animation.mt_alligator.walk": {
			"loop": true,
			"animation_length": 1,
			"bones": {
				"octagon4": {
					"rotation": {
						"0.0": [0, 0, 0],
						"1.0": [360, 0, 0]
					}
				},
				"octagon": {
					"rotation": {
						"0.0": [0, 0, 0],
						"1.0": [360, 0, 0]
					}
				},
				"octagon3": {
					"rotation": {
						"0.0": [0, 0, 0],
						"1.0": [360, 0, 0]
					}
				},
				"octagon6": {
					"rotation": {
						"0.0": [0, 0, 0],
						"1.0": [360, 0, 0]
					}
				},
				"octagon5": {
					"rotation": {
						"0.0": [0, 0, 0],
						"1.0": [360, 0, 0]
					}
				},
				"octagon7": {
					"rotation": {
						"0.0": [0, 0, 0],
						"1.0": [360, 0, 0]
					}
				},
				"octagon2": {
					"rotation": {
						"0.0": [0, 0, 0],
						"1.0": [360, 0, 0]
					}
				}
			}
		},
		"animation.mt_alligator.aim": {
			"loop": true,
			"bones": {
				"Turret": {
					"relative_to":{"rotation":"entity"},
					"rotation": [0, "query.target_y_rotation", 0]
				},
				"Gun": {
       "relative_to":{"rotation":"entity"},
					"rotation": [0, "query.target_x_rotation", 0]
				}
			}
		}
	}
}
