{
	"format_version": "1.8.0",
	"minecraft:entity": {
		"description": {
			"identifier": "sh8:aa_40mm",
			"is_spawnable": false,
			"is_summonable": true,
			"is_experimental": true,
			"runtime_identifier": "minecraft:snowball"
		},
		"component_groups": {
			"minecraft:exploding": {
				"minecraft:explode": {
					"fuseLength": 0,
					"fuseLit": true,
					"power": 3,
					"causesFire": true
				}
			}
		},
		"components": {
			"minecraft:collision_box": {
				"width": 0.0,
				"height": 0.0
			},
			"minecraft:scale": {
				"value": 0.2
			},
			"minecraft:projectile": {
				"shoot_target": true,
				"particle": "minecraft:large_explosion",
                "onHit": {
					"impact_damage": {
						"damage": 40,
						"knockback": true,
						"semirandomdiffdamage": false,
						"destroyonhit": false
					},
					"definition_event": {
						"affectProjectile": true,
						"eventTrigger": {
							"event": "minecraft:explode",
							"target": "self"
						}
					}
				},
				"power": 6,
				"gravity": 0.0,
				"inertia": 1,
				"angle_offset": 45,
				"uncertaintyBase": 1,
				"uncertaintyMultiplier": 0,
				"anchor": 0,
				"offset": [
					2,
					0,
					1
				],
				"reflectOnHurt": true,
				"catchFire": false
			},
			"minecraft:physics": {}
		},
		"events": {
			"minecraft:explode": {
				"add": {
					"component_groups": [
						"minecraft:exploding"
					]
				},
				"run_command": {
				     "command": [
				          "particle sh8:flak ~ ~ ~"
				      ]
				 }
			}
		}
	}
}
