{
	"format_version": "1.16.0",
	"minecraft:entity": {
		"description": {
			"runtime_identfier": "minecraft:boat",
			"identifier": "sh8:bmw_r75",
			"is_spawnable": true,
			"is_summonable": true,
			"is_experimental": false
		},
		"component_groups": {},
		"components": {
			"minecraft:rideable": {
				"controlling_seat": 1,
				"crouching_skip_interact": true,
				"family_types": [
					"player"
				],
				"interact_text": "Mount Bike",
				"seat_count": 1,
				"seats": [{
					"position": [
						0,
						0.07,
						-0.02
					]
				}]
			},
			"minecraft:scale": {
				"value": 13.0
			},
			"minecraft:physics": {
				"has_collision": true,
				"has_gravity": true
			},
			"minecraft:collision_box": {
				"height": 0.2,
				"width": 0.2
			},
			"minecraft:input_ground_controlled": {},
			"minecraft:is_saddled": {},
			"minecraft:behavior.player_ride_tamed": {},
			"minecraft:movement": {
				"value": 0.8
			}
		},
		"events": {}
	}
}
