{

	"format_version": "1.16.0",
	"minecraft:entity": {

		"description": {

			"identifier": "sh8:char_b1",

			"is_spawnable": true,

			"is_summonable": true,

			"is_experimental": false

		},

		"component_groups": {

			"basic_state": {

				"minecraft:mark_variant": {

					"value": 1

				}

			},

			"shooting_state": {

				"minecraft:mark_varient": {

					"value": 2

				}

			},
    "shooting_state2": {

				"minecraft:mark_varient": {

					"value": 3

				}

			}

		},

		"components": {

			"minecraft:interact": {

				"interactions": [

					{

						"on_interact": {

							"filters": {

								"all_of": [{

										"test": "is_family",

										"subject": "other",

										"value": "player"

									},

									{

										"test": "has_equipment",

										"domain": "hand",

										"subject": "other",

										"value": "sh8:round_37mm"

									},

									{

										"test": "rider_count",

										"subject": "self",

										"operator": "equals",

										"value": "1"

									}

								]

							},

							"event": "is_shooting"

						},

						"hurt_item": 1,

						"use_item": true,
 
         "cooldown": 1.0,

						"interact_text": "FIRE",

						"spawn_entities": "sh8:round_37mm"

					},

					{

						"on_interact": {

							"filters": {

								"all_of": [{

										"test": "is_family",

										"subject": "other",

										"value": "player"

									},

									{

										"test": "has_equipment",

										"domain": "hand",

										"subject": "other",

										"value": "sh8:round_75mm"

									},

									{

										"test": "rider_count",

										"subject": "self",

										"operator": "equals",

										"value": "1"

									}

								]

							},

							"event": "is_shooting2"

						},

						"hurt_item": 1,

						"use_item": true,
 
        "cooldown": 2.0,

						"interact_text": "FIRE",

						"spawn_entities": "sh8:round_75mm"

					}

				]

			},

			"minecraft:rideable": {

				"controlling_seat": 1,

				"rider_can_interact": true,
   

				"crouching_skip_interact": true,

				"family_types": [

					"player"

				],

				"interact_text": "Mount Tank",

				"seat_count": 1,

				"seats": {

					"position": [

						0.04,

						0.25,

						0.09

					]

				}

			},

			"minecraft:scale": {

				"value": 11.5

			},
    
    "minecraft:health": {
     
      "value": 120
 
    },
    
			"minecraft:healable": {

				"items": [

					{

						"item": "sh8:blow_torch",

						"heal_amount": 5

					}

				]

			},

			"minecraft:physics": {

				"has_collision": true,

				"has_gravity": true

			},

			"minecraft:collision_box": {

				"height": 0.4,

				"width": 0.5

			},

			"minecraft:input_ground_controlled": {},

			"minecraft:is_saddled": {},

			"minecraft:behavior.player_ride_tamed": {},

			"minecraft:movement": {

				"value": 0.1,

				"max_turn": 10

			}

		},

		"events": {

			"is_shooting": {

				"add": {

					"component_groups": ["shooting_state"]

				},

				"remove": {

					"component_groups": ["basic_state"]

				}

			},
     "is_shooting2": {

				"add": {

					"component_groups": ["shooting_state2"]

				},

				"remove": {

					"component_groups": ["basic_state"]

				}

			},

			"entity_spawned": {

				"add": {

					"component_groups": ["basic_state"]

				}

			},

			"entity_reset": {

				"add": {

					"component_groups": ["basic_state"]

				},

				"remove": {

					"component_groups": ["shooting_state"]

				}

			}

		}

	}

}
