{
	"format_version": "1.16.100",
	"minecraft:entity": {
		"description": {
			"identifier": "sh8:flak_88",
			"is_spawnable": true,
			"is_summonable": true,
			"is_experimental": true
		},
		"component_groups": {},
		"components": {
			"minecraft:interact": {
				"interactions": {
					"on_interact": {
						"filters": {
							"all_of": [{
									"test": "is_family",
									"subject": "other",
									"value": "player"
								},
								{
									"test": "has_equipment",
									"domain": "hand",
									"subject": "other",
									"value": "sh8:round_88mm"
								},
								{
									"test": "rider_count",
									"subject": "self",
									"operator": "equals",
									"value": "1"
								}
							]
						},
						"event": "minecraft:sound",
						"target": "self"
					},
					"hurt_item": 1,
					"cooldown": 1.5,
					"use_item": true,
					"play_sounds": "gun.flak.fire",
					"interact_text": "FIRE",
					"spawn_entities": "sh8:aa_88mm"
				}
			},
			"minecraft:rideable": {
				"controlling_seat": 1,
				"rider_can_interact": true,
				"crouching_skip_interact": true,
				"family_types": [
					"player"
				],
				"interact_text": " Mount AA Gun",
				"seat_count": 1,
				"seats": [{
					"position": [
						-0.04,
						0.065,
						0
					]
				}]
			},
			"minecraft:scale": {
				"value": 20.0
			},
			"minecraft:physics": {
				"has_collision": true,
				"has_gravity": true
			},
			"minecraft:input_ground_controlled": {},
			"minecraft:behaviour.controlled_by_player": {
				"priority": 0
			},
			"minecraft:behavior.player_ride_tamed": {},
			"minecraft:is_stackable": {},
			"minecraft:push_through": {
				    "value": 1
			},
			"minecraft:collision_box": {
				"height": 0.2,
				"width": 0.2
			},
			"minecraft:movement": {
				"value": 0
			}
		},
		"events": {
              "minecraft:sound ": { 
                 "run_command": {
					"command": [
						"playsound shoot.88flak @p ~ ~ ~"
					]
				}
              }
          }
	}
}
