{
	"format_version": "1.16.100",
	"minecraft:entity": {
		"description": {
			"identifier": "sh8:flak_38",
			"is_spawnable": true,
			"is_summonable": true,
			"is_experimental": true
		},
		"component_groups": {},
		"components": {
			"minecraft:interact": {
				"interactions": {
					"on_interact": {
						"filters": {
							"all_of": [{
									"test": "is_family",
									"subject": "other",
									"value": "player"
								},
								{
									"test": "has_equipment",
									"domain": "hand",
									"subject": "other",
									"value": "sh8:round_20mm"
								},
								{
									"test": "rider_count",
									"subject": "self",
									"operator": "equals",
									"value": "1"
								}
							]
						},
						"target": "self",
						"event": "minecraft:sound"
					},
					"hurt_item": 1,
					"play_sounds": "gun.flak.fire",
					"interact_text": "FIRE",
					"spawn_entities": "sh8:aa_20mm"
				}
			},
			"minecraft:rideable": {
				"controlling_seat": 1,
				"rider_can_interact": true,
				"crouching_skip_interact": true,
				"family_types": [
					"player"
				],
				"interact_text": " Mount AA Gun",
				"seat_count": 1,
				"seats": [{
					"position": [
						0,
						0.045,
						-0.045
					]
				}]
			},
			"minecraft:scale": {
				"value": 20.0
			},
			"minecraft:healable": {
			     "items": [
			        {
			             "item": "sh8:blow_torch",
			             "heal_amount": 5
			        }
			     ]
			},
			"minecraft:physics": {
				"has_collision": true,
				"has_gravity": true
			},
			"minecraft:input_ground_controlled": {},
			"minecraft:behaviour.controlled_by_player": {
				"priority": 0
			},
			"minecraft:is_stackable": {},
			"minecraft:push_through": {
				    "value": 1
			},
			"minecraft:behavior.player_ride_tamed": {},
			"minecraft:collision_box": {
				"height": 0.2,
				"width": 0.1
			},
			"minecraft:movement": {
				"value": 0
				}
		},
		"events": {
      "minecraft:sound": { 
        "run_command": {
					"command": [
						"playsound shoot.20mm @p ~ ~ ~"
					]
				}
       }
     }
	}
}
