{
	"format_version": "1.16.0",
	"minecraft:entity": {
		"description": {
			"identifier": "sh8:hummel",
			"is_spawnable": true,
			"is_summonable": true,
			"is_experimental": false
		},
		"component_groups": {
			"firing": {
				"minecraft:mark_variant": {
					"value": 2
                    },
                    "minecraft:timer": {
                         "looping": false,
                         "time": 0.84,
                         "time_down_event": {
                              "event": "entity_spawned",
                              "target": "self"
                         }
                    }
				},
				"default": {
					"minecraft:mark_variant": {
						"value": 1
					}
				}
			},
			"components": {
				"minecraft:interact": {
					"interactions": {
						"on_interact": {
							"filters": {
								"all_of": [{
										"test": "is_family",
										"subject": "other",
										"value": "player"
									},
									{
										"test": "has_equipment",
										"domain": "hand",
										"subject": "other",
										"value": "sh8:ap_round"
									},
									{
										"test": "rider_count",
										"subject": "self",
										"operator": "equals",
										"value": "1"
									}
								]
							},
							"target": "self",
							"event": "firing"
						},
						"hurt_item": 1,
						"cooldown": 5.0,
						"use_item": true,
						"interact_text": "FIRE",
						"spawn_entities": "sh8:round_105mm"
					}
				},
				"minecraft:rideable": {
					"controlling_seat": 1,
					"rider_can_interact": true,
					"crouching_skip_interact": true,
					"family_types": [
						"player"
					],
					"interact_text": "Mount Tank",
					"seat_count": 1,
					"seats": [{
						"position": [
							0.07,
							0.23,
							-0.06
						]
					}]
				},
				"minecraft:scale": {
					"value": 10.0
				},
				"minecraft:physics": {
					"has_collision": true,
					"has_gravity": true
				},
				"minecraft:healable": {
			     "items": [
			        {
			             "item": "sh8:blow_torch",
			             "heal_amount": 5
			        }
			     ]
			},
				"minecraft:collision_box": {
					"height": 0.9,
					"width": 0.3
				},
				"minecraft:input_ground_controlled": {},
				"minecraft:is_saddled": {},
				"minecraft:behavior.player_ride_tamed": {},
				"minecraft:movement": {
					"value": 0.3
				}
			},
			"events": {
				"firing": {
					"add": {
						"component_groups": ["firing"]
					},
					"remove": {
						"component_groups": ["default"]
					}
				},
				"entity_spawned": {
					"add": {
						"component_groups": ["default"]
					},
					"remove": {
						"component_groups": ["firing"]
					}
				}
			}
		}
	}
}
