{

	"format_version": "1.16.0",
	"minecraft:entity": {

		"description": {

			"identifier": "sh8:ju87_stuka",

			"is_spawnable": true,

			"is_summonable": true,

			"is_experimental": false,

			"scripts": {

				"animate": [

					"fly"

				]

			},

			"animations": {

				"fly": "controller.animation.ju87_stuka.fly"

			}

		},

		"component_groups": {},

		"components": {

			"minecraft:interact": {

				"interactions": [{

						"on_interact": {

							"filters": {

								"all_of": [{

										"test": "is_family",

										"subject": "other",

										"value": "player"

									},

									{

										"test": "has_equipment",

										"domain": "hand",

										"subject": "other",

										"value": "sh8:round_20mm"

									},

									{

										"test": "rider_count",

										"subject": "self",

										"operator": "equals",

										"value": "1"

									}

								]

							}

						},

						"hurt_item": 1,

						"cooldown": 0.1,

						"interact_text": "FIRE",

						"spawn_entities": "sh8:aa_20mm"

					},

					{

						"on_interact": {

							"filters": {

								"all_of": [{

										"test": "is_family",

										"subject": "other",

										"value": "player"

									},

									{

										"test": "has_equipment",

										"domain": "hand",

										"subject": "other",

										"value": "sh8:small_bomb"

									},

									{

										"test": "rider_count",

										"subject": "self",

										"operator": "equals",

										"value": "1"

									}

								]

							},

							"target": "self",

							"event": "firing"

						},

						"hurt_item": 1,

						"cooldown": 1.5,

						"use_item": true,

						"interact_text": "DROP BOMB",

						"spawn_entities": "sh8:small_bomb"

					}

				]

			},

			"minecraft:rideable": {

				"controlling_seat": 1,

				"rider_can_interact": true,

				"crouching_skip_interact": true,

				"family_types": [

					"player"

				],

				"interact_text": "Fly Plane",

				"seat_count": 2,

				"seats": [{

						"position": [

							0,

							0.1,

							0.04

						]

					},

					{

						"position": [

							0,

							0.1,

							-0.02

						]

					}
				]

			},

			"minecraft:scale": {

				"value": 15.0

			},

			"minecraft:physics": {

				"has_collision": true,

				"has_gravity": true

			},

			"minecraft:input_ground_controlled": {},

			"minecraft:is_saddled": {},

			"minecraft:behavior.player_ride_tamed": {},

			"minecraft:movement": {

				"value": 0.5

			},

			"minecraft:collision_box": {

				"height": 0.5,

				"width": 0.5

			}

		},

		"events": {}

	}

}
