{
	"format_version": "1.16.0",
	"minecraft:entity": {
		"description": {
			"identifier": "sh8:kubelwagon",
			"is_spawnable": true,
			"is_summonable": true,
			"is_experimental": false
		},
		"component_groups": {},
		"components": {
			"minecraft:rideable": {
				"controlling_seat": 1,
				"crouching_skip_interact": true,
				"family_types": [
					"player"
				],
				"interact_text": "action.interact.ride.kubelwagon",
				"seat_count": 4,
				"seats": [{
						"position": [
							0.02,
							0.06,
							0.03
						]
					},
					{
						"position": [
							-0.03,
							0.06,
							0.02
						]
					},
					{
						"position": [
							-0.03,
							0.06,
							-0.06
						]
					},
					{
						"position": [
							0.03,
							0.06,
							-0.06
						]
					}
				]
			},
			"minecraft:scale": {
				"value": 12.0
			},
			"minecraft:physics": {
				"has_collision": true,
				"has_gravity": true
			},
			"minecraft:collision_box": {
			     "height": 0.2,
			     "width": 0.2
			},
			"minecraft:healable": {
			     "items": [
			        {
			             "item": "sh8:blow_torch",
			             "heal_amount": 5
			        }
			     ]
			},
			"minecraft:input_ground_controlled": {},
			"minecraft:is_saddled": {},
			"minecraft:behavior.player_ride_tamed": {},
			"minecraft:movement": {
				"value": 0.3
			}
		},
		"events": {}
	}
}