{
	"format_version": "1.16.0",
	"minecraft:entity": {
		"description": {
			"identifier": "sh8:m3_halftrack",
			"is_spawnable": true,
			"is_summonable": true,
			"is_experimental": false
		},
		"component_groups": {},
		"components": {
			"minecraft:rideable": {
				"controlling_seat": 1,
				"crouching_skip_interact": true,
				"family_types": [
					"player"
				],
				"interact_text": "Ride Halftrack",
				"seat_count": 9,
				"seats": [{
						"position": [
							0.02,
							0.06,
							0.02
						]
					},
					{
						"position": [
							-0.02,
							0.06,
							0.02
						]
					},
       {
						"position": [
							-0.02,
							0.14,
							-0.05
						]
					},
       {
						"position": [
							0.35,
							0.85,
							0.08
						],
         "rotate_rider_by": 90
					},
       {
						"position": [
							0.35,
							0.85,
							0.16
						],
         "rotate_rider_by": 90
					},
       {
						"position": [
							0.35,
							0.85,
							0.24
						],
        "rotate_rider_by": 90
					},
       {
						"position": [
							-0.35,
							0.85,
							0.08
						],
         "rotate_rider_by": -90
					},
       {
						"position": [
							-0.35,
							0.85,
							0.16
						],
         "rotate_rider_by": -90
					},
       {
						"position": [
							-0.35,
							0.85,
							0.24
						],
         "rotate_rider_by": -90
					}
				]
			},
			"minecraft:scale": {
				"value": 14.0
			},
			"minecraft:physics": {
				"has_collision": true,
				"has_gravity": true
			},
			"minecraft:input_ground_controlled": {},
			"minecraft:is_saddled": {},
			"minecraft:behavior.player_ride_tamed": {},
			"minecraft:movement": {
				"value": 0.2
			},
			"minecraft:collision_box": {
			     "height": 0.2,
			     "width": 0.2
			}
		},
		"events": {}
	}
}
