{

	"format_version": "1.16.0",
	"minecraft:entity": {

		"description": {

			"identifier": "sh8:maxim_mg",

			"is_spawnable": true,

			"is_summonable": true,

			"is_experimental": false

		},

		"component_groups": {},

		"components": {

			"minecraft:interact": {

				"interactions": {

					"on_interact": {

						"filters": {

							"all_of": [{

									"test": "is_family",

									"subject": "other",

									"value": "player"

								},

								{

									"test": "has_equipment",

									"domain": "hand",

									"subject": "other",

									"value": "sh8:browning_ammo"

								},

								{

									"test": "rider_count",

									"subject": "self",

									"operator": "equals",

									"value": "1"

								}

							]

						},

						"target": "self",

						"event": "minecraft:sound"

					},

					"hurt_item": 1,

					"interact_text": "FIRE",

					"spawn_entities": "sh8:bullet"

				}

			},

			"minecraft:rideable": {

				"seat_count": 1,

				"rider_can_interact": true,

				"crouching_skip_interact": true,

				"family_types": [

					"player"

				],

				"interact_text": "Mount Machine Gun",

				"seats": {

					"position": [

						0,

						0.01,

						-0.1

					]

				}

			},

			"minecraft:scale": {

				"value": 10.0

			},

			"minecraft:physics": {

				"has_collision": true,

				"has_gravity": true

			},

			"minecraft:input_ground_controlled": {},

			"minecraft:behaviour.controlled_by_player": {

				"priority": 0

			},

			"minecraft:behavior.player_ride_tamed": {},

			"minecraft:is_stackable": {},

			"minecraft:collision_box": {

				"height": 0.1,

				"width": 0.2

			},

			"minecraft:movement": {

				"value": 0

			}

		},

		"events": {

			"minecraft:sound": {

				"run_command": {

					"command": [

						"playsound shoot.50cal @p ~ ~ ~"

					]

				}

			}

		}

	}

}
