{
	"format_version": "1.16.100",
	"minecraft:entity": {
		"description": {
			"identifier": "sh8:pak_36",
			"is_spawnable": true,
			"is_summonable": true,
			"is_experimental": true
		},
		"component_groups": {},
		"components": {
			"minecraft:interact": {
				"interactions": {
					"on_interact": {
						"filters": {
							"all_of": [{
									"test": "is_family",
									"subject": "other",
									"value": "player"
								},
								{
									"test": "has_equipment",
									"domain": "hand",
									"subject": "other",
									"value": "sh8:round_37mm"
								},
								{
									"test": "rider_count",
									"subject": "self",
									"operator": "equals",
									"value": "1"
								}
							]
						},
						"event": "minecraft:sound",
						"target": "self"
					},
					"hurt_item": 1,
					"use_item": true,
       "cooldown": 0.5,
					"play_sounds": "gun.artillery.fire",
					"interact_text": "FIRE",
					"spawn_entities": "sh8:round_37mm"
				}
			},
			"minecraft:rideable": {
				"controlling_seat": 1,
				"rider_can_interact": true,
				"crouching_skip_interact": true,
				"family_types": [
					"player"
				],
				"interact_text": " Use Field Gun",
				"seat_count": 1,
				"seats": [{
					"position": [
						0.04,
						0,
						-0.07
					]
				}]
			},
			"minecraft:scale": {
				"value": 10.0
			},
			"minecraft:leashable": {
			  "can_be_stolen": true,
			  "hard_distance": 6,
			  "max_distance": 10,
			  "soft_distance": 4
			},
			"minecraft:physics": {
				"has_collision": true,
				"has_gravity": true
			},
			"minecraft:input_ground_controlled": {},
			"minecraft:behaviour.controlled_by_player": {
				"priority": 0
			},
			"minecraft:behavior.player_ride_tamed": {},
			"minecraft:collision_box": {
				"height": 0.2,
				"width": 0.2
			},
			"minecraft:movement": {
				"value": 0
			}
		},
		"events": {
            "minecraft:sound ": { 
                "run_command": {
					"command": [
						"playsound shoot.37mm @p ~ ~ ~"
					]
				}
              }
         }
	}
}
