{
	"format_version": "1.16.0",
	"minecraft:entity": {
		"description": {
			"identifier": "sh8:renault_ft",
			"is_spawnable": true,
			"is_summonable": true,
			"is_experimental": false,
			"runtime_identfier": "minecraft:boat"
		},
		"component_groups": {},
		"components": {
		  "minecraft:health": {
		      "value": 50
		    },
		    "minecraft:interact": {
				"interactions": {
					"on_interact": {
						"filters": {
							"all_of": [{
									"test": "is_family",
									"subject": "other",
									"value": "player"
								},
								{
									"test": "has_equipment",
									"domain": "hand",
									"subject": "other",
									"value": "sh8:round_37mm"
								},
								{
									"test": "rider_count",
									"subject": "self",
									"operator": "equals",
									"value": "1"
								}
							]
						}
					},
					"hurt_item": 1,
					"use_item": true,
					"interact_text": "FIRE",
					"spawn_entities": "sh8:round_37mm"
				}
			},
			"minecraft:rideable": {
				"controlling_seat": 1,
				"rider_can_interact": true,
				"crouching_skip_interact": true,
				"family_types": [
					"player"
				],
				"interact_text": "Mount Tank",
				"seat_count": 1,
				"seats": [{
					"position": [
						0,
						0.23,
						0.025
					]
				}]
			},
			"minecraft:scale": {
				"value": 10.0
			},
			"minecraft:healable": {
			     "items": [
			        {
			             "item": "sh8:blow_torch",
			             "heal_amount": 5
			        }
			     ]
			},
			"minecraft:physics": {
				"has_collision": true,
				"has_gravity": true
			},
			"minecraft:collision_box": {
				"height": 0.8,
				"width": 0.2
			},
			"minecraft:input_ground_controlled": {},
			"minecraft:is_saddled": {},
			"minecraft:behavior.player_ride_tamed": {},
			"minecraft:movement": {
				"value": 0.3
			}
		},
		"events": {}
	}
}
