{
	"format_version": "1.8.0",
	"minecraft:entity": {
		"description": {
			"identifier": "sh8:round_76mm",
			"is_spawnable": false,
			"is_summonable": true,
			"is_experimental": true,
			"runtime_identifier": "minecraft:snowball"
		},
		"component_groups": {
			"minecraft:exploding": {
				"minecraft:explode": {
					"fuseLength": 0,
					"fuseLit": true,
					"power": 6,
					"causesFire": false
				}
			}
		},
		"components": {
			"minecraft:collision_box": {
				"width": 0.0,
				"height": 0.0
			},
			"minecraft:scale": {
				"value": 0.1
			},
			"minecraft:projectile": {
				"shoot_target": true,
				"hit_sound": "golem.death",
                "onHit": {
					"impact_damage": {
						"damage": 76,
						"knockback": false,
						"semirandomdiffdamage": false,
						"destroyonhit": false
					},
                    "particle_on_hit": {
                       "particle_type": "sh8:explosion",
                       "on_other_hit": true,
                       "on_entity_hit": true
                    },
					"definition_event": {
						"affectProjectile": true,
						"eventTrigger": {
							"event": "minecraft:explode",
							"target": "self"
						}
					}
				},
				"power": 6,
				"gravity": 0.5,
				"inertia": 1,
				"uncertaintyBase": 1,
				"uncertaintyMultiplier": 0,
				"anchor": 0,
				"angle_offset": 0,
				"offset": [
					0,
					0,
					0
				],
				"reflectOnHurt": true,
				"catchFire": false
			},
			"minecraft:physics": {}
		},
		"events": {
			"minecraft:explode": {
				"add": {
					"component_groups": [
						"minecraft:exploding"
					]
				},
				"run_command": {
				     "command": [
				           "particle sh8:explosion ~ ~ ~"
				      ]
				  }
			}
		}
	}
}
