{
	"format_version": "1.16.0",
	"minecraft:entity": {
		"description": {
			"identifier": "sh8:supermarine_spitfire",
			"is_spawnable": true,
			"is_summonable": true,
			"is_experimental": false,
			"scripts": {
				"animate": [
					"fly"
				]
			},
			"animations": {
				"fly": "controller.animation.supermarine_spitfire.fly"
			}

		},
		"component_groups": {},
		"components": {
    "minecraft:interact": {
				"interactions": {
					"on_interact": {
						"filters": {
							"all_of": [{
									"test": "is_family",
									"subject": "other",
									"value": "player"
								},
								{
									"test": "has_equipment",
									"domain": "hand",
									"subject": "other",
									"value": "sh8:round_20mm"
								},
								{
									"test": "rider_count",
									"subject": "self",
									"operator": "equals",
									"value": "1"
								}
							]
         }
					},
					"hurt_item": 1,
					"play_sounds": "gun.flak.fire",
					"interact_text": "FIRE",
					"spawn_entities": "sh8:aa_20mm"
				}
			},
			"minecraft:rideable": {
				"controlling_seat": 1,
      "rider_can_interact": true,
				"crouching_skip_interact": true,
				"family_types": [
					"player"
				],
				"interact_text": "Fly Plane",
				"seat_count": 8,
				"seats": {
						"position": [
							0,
							0.1,
							0.05
						]
       }
			},
			"minecraft:scale": {
				"value": 15.0
			},
			"minecraft:physics": {
				"has_collision": true,
				"has_gravity": true
			},
			"minecraft:input_ground_controlled": {},
			"minecraft:is_saddled": {},
			"minecraft:behavior.player_ride_tamed": {},
			"minecraft:movement": {
				"value": 0.2
			},
			"minecraft:collision_box": {
				"height": 0.5,
				"width": 0.5
			}
		},
		"events": {}
	}
}
