{
	"format_version": "1.16.0",
	"minecraft:entity": {
		"description": {
			"identifier": "sh8:willy_jeep",
			"is_spawnable": true,
			"is_summonable": true,
			"is_experimental": false
		},
		"component_groups": {},
		"components": {
			"minecraft:rideable": {
				"controlling_seat": 1,
				"crouching_skip_interact": true,
				"family_types": [
					"player"
				],
				"interact_text": "action.interact.ride.willy.jeep",
				"seat_count": 3,
				"seats": [{
						"position": [
							0.04,
							0.06,
							-0.03
						]
					},
					{
						"position": [
							-0.04,
							0.06,
							-0.03
						]
					},
					{
						"position": [
							-0.0,
							0.13,
							-0.18
						]
					}
				]
			},
			"minecraft:scale": {
				"value": 10.0
			},
			"minecraft:physics": {
				"has_collision": true,
				"has_gravity": true
			},
			"minecraft:push_through": {
			    "value": 1
			},
			"minecraft:input_ground_controlled": {},
			"minecraft:is_saddled": {},
			"minecraft:behavior.player_ride_tamed": {},
			"minecraft:movement": {
				"value": 0.2
			},
			"minecraft:collision_box": {
			     "height": 0.2,
			     "width": 0.2
			}
		},
		"events": {}
	}
}