{
	"resource_pack_name": "nwa",
	"texture_name": "atlas.items",
	"texture_data": {
		"french": {
			"textures": "textures/items/french_plate"
		},
   "british": {
			"textures": "textures/items/british_plate"
		},
   "pike": {
    "textures": "textures/items/pike"
   },
   "austrian": {
			"textures": "textures/items/austrian_plate"
		},
   "sabre": {
    "textures": "textures/items/sabre"
   },
   "musket": {
    "textures": "textures/items/musket"
   },
   "reload_pack": {
    "textures": "textures/items/reload_pack"
   },
   "musket_butt": {
    "textures": "textures/items/musket_butt"
   },
   "musket_barrel": {
    "textures": "textures/items/musket_barrel"
   },
   "flintlock": {
    "textures": "textures/items/musket_flintlock"
   },
   "beagle": {
    "textures": "textures/items/hms_beagle"
   },
   "bess": {
    "textures": "textures/items/bess"
   },
   "char": {
    "textures": "textures/items/charville"
   },
   "m1798": {
    "textures": "textures/items/m1798"
   },
   "leftside": {
    "textures": "textures/items/leftside_fire"
   }
 }
}
