{
	"format_version": "1.10.0",
	"particle_effect": {
		"description": {
			"identifier": "sh8:explosion",
			"basic_render_parameters": {
				"material": "particles_alpha",
				"texture": "textures/particle/explosion"
			}
		},
		"components": {
			"minecraft:emitter_rate_instant": {
				"num_particles": 50
			},
			"minecraft:emitter_lifetime_looping": {
				"active_time": 5
			},
			"minecraft:emitter_shape_point": {},
			"minecraft:particle_lifetime_expression": {
				"max_lifetime": 4
			},
			"minecraft:particle_initial_speed": 5,
			"minecraft:particle_motion_dynamic": {},
			"minecraft:particle_appearance_billboard": {
				"size": [1, 1],
				"facing_camera_mode": "rotate_xyz",
				"uv": {
					"texture_width": 32,
					"texture_height": 8,
					"flipbook": {
						"base_UV": [0.8, 1],
						"size_UV": [8, 8],
						"step_UV": [8, 0],
						"frames_per_second": 4,
						"max_frame": 4,
						"stretch_to_lifetime": true
					}
				}
			},
			"minecraft:particle_motion_collision": {
				"collision_radius": 0.4
			},
			"minecraft:particle_appearance_lighting": {},
			"minecraft:particle_appearance_tinting": {
				"color": [0.73725, 0.63922, 0.50196, 1]
			}
		}
	}
}