{
	"format_version": "1.10.0",
	"particle_effect": {
		"description": {
			"identifier": "sh8:smoke_trail",
			"basic_render_parameters": {
				"material": "particles_alpha",
				"texture": "textures/particle/smoke_trail"
			}
		},
		"components": {
			"minecraft:emitter_rate_steady": {
 				"spawn_rate": 4,
 				"max_particles": 20
 			},
			"minecraft:emitter_lifetime_looping": {
				"active_time": 1
			},
			"minecraft:emitter_shape_point": {
				"direction": [2, 0, 0]
			},
			"minecraft:particle_lifetime_expression": {
				"max_lifetime": 5
			},
			"minecraft:particle_initial_spin": {
				"rotation": 2,
				"rotation_rate": 1
			},
			"minecraft:particle_initial_speed": 3,
			"minecraft:particle_motion_dynamic": {},
			"minecraft:particle_appearance_billboard": {
				"size": [1.0, 1.0],
				"facing_camera_mode": "rotate_xyz",
				"uv": {
					"texture_width": 128,
					"texture_height": 128,
					"uv": [0, 0],
					"uv_size": [128, 128]
				}
			},
			"minecraft:particle_motion_collision": {
				"collision_radius": 0.2
			}
		}
	}
}
