{

	"format_version": "1.10.0",

	"animation_controllers": {

		"controller.animation.bf_109.fly": {

			"initial_state": "default",

			"states": {

				"default": {
					"transitions": [{
						"shoot": "q.has_rider"
					}]
				},

				"shoot": {
					"transitions": [{
						"default": "(1.0)"
					}],

					"on_entry": [

						"/effect @s slow_falling 1 225 true",

						"/execute @p[rx=1,rxm=-15] ~ ~ ~ execute @e[r=5,type=sh8:bf_109,c=1] ~ ~ ~  effect @s levitation 1 1 true",

						"/execute @p[rx=-15,rxm=-45] ~ ~ ~ execute @e[r=6,type=sh8:bf_109,c=1] ~ ~ ~ effect @s levitation 1 3 true",

						"/execute @p[rx=-45,rxm=-65] ~ ~ ~ execute @e[r=6,type=sh8:bf_109,c=1] ~ ~ ~ effect @s levitation 1 5 true",

						"/execute @p[rx=-65,rxm=-120] ~ ~ ~ execute @e[r=6,type=sh8:bf_109,c=1] ~ ~ ~ effect @s levitation 1 7 true"

					]

				}

			}

		}

	}

}






