{
	"format_version": "1.16.100",
	"minecraft:item": {
		"description": {
			"identifier": "sh8:m1941",
			"category": "equipment"
		},
		"components": {
			"minecraft:creative_category": {
				"parent": "itemGroup.name.chestplate"
			},
			"minecraft:icon": {
				"texture": "us_uniform"
			},
			"minecraft:display_name": {
				"value": "U.S M1941 Comabt Uniform."
			},
			"minecraft:max_stack_size": 1,
			"minecraft:enchantable": {
				"value": 10,
				"slot": "armor_torso"
			},
			"minecraft:armor": {
				"protection": 8
			},
			"minecraft:repairable": {
				"repair_items": [
					{
						"items": [
							"minecraft:wool"
						],
						"repair_amount": 50
					}
				]
			},
			"minecraft:wearable": {
				"dispensable": true,
				"slot": "slot.armor.chest"
			},
			"minecraft:durability": {
				"max_durability": 200
			}
		}
	}
}
