{
	"format_version": "1.16.100",
	"minecraft:item": {
		"description": {
			"identifier": "sh8:round_20mm",
			"category": "Equipment"
		},
		"components": {
			"minecraft:icon": {
				"texture": "20mm"
			},
    "minecraft:can_destroy_in_creative": true,
	   "minecraft:durability": {
		    "max_durability": 10,
		      "damage_chance": {
		        	"min": 1,
			       "max": 1
		      }
   	},
			"minecraft:display_name": {
				"value": "Anti-Aircraft 20mm Magazine"
			},
			"minecraft:max_stack_size": 2
		},
		"events": {}
	}
}
