{
	"format_version": "1.16.100",
	"minecraft:item": {
		"description": {
			"identifier": "sh8:round_75mm",
			"category": "Equipment"
		},
		"components": {
			"minecraft:icon": {
				"texture": "75mm"
			},
    "minecraft:render_offsets":{
      "main_hand":{
        "first_person":{
            "scale":[
                0.075,
                0.125,
                0.075
            ]
        },
        "third_person":{
            "scale":[
                0.075,
                0.125,
                0.075
            ]
         }
       }
    },
			"minecraft:display_name": {
				"value": "Standard 75mm Shell"
			},
			"minecraft:max_stack_size": 2
		},
		"events": {}
	}
}
