{
	"format_version": "1.8.0",
	"animations": {
		"animation.baker.firstp": {
			"loop": true,
			"bones": {
				"Pike": {
					"rotation": [85, 0, 0],
					"position": [0, 1.5, 9.25]
				},
				"Baker": {
					"rotation": [92.96148, 59.08466, -37.62755],
					"position": [-5.25, 2.375, -6],
					"scale": 1.65
				}
			}
		},
		"animation.baker.firstpempty": {
			"loop": true,
			"bones": {
				"Pike": {
					"rotation": [85, 0, 0],
					"position": [0, 1.5, 9.25]
				},
				"Baker": {
					"rotation": [92.96148, 59.08466, -37.62755],
					"position": [-5.25, 2.375, -6],
					"scale": 1.65
				},
				"Hammer": {
					"rotation": [32.5, 0, 0]
				}
			}
		},
		"animation.baker.thirdp": {
			"loop": true,
			"bones": {
				"Pike": {
					"rotation": [85, 0, 0],
					"position": [0, 1.5, 9.25]
				},
				"Baker": {
					"rotation": [90, 0, 0],
					"position": [0.125, 6.125, 0]
				}
			}
		},
		"animation.baker.thirdpempty": {
			"loop": true,
			"bones": {
				"Pike": {
					"rotation": [85, 0, 0],
					"position": [0, 1.5, 9.25]
				},
				"Baker": {
					"rotation": [90, 0, 0],
					"position": [0.125, 6.125, 0]
				},
				"Hammer": {
					"rotation": [27.5, 0, 0]
				}
			}
		}
	}
}
