{
	"format_version": "1.8.0",
	"animations": {
		"animation.bess.firstp": {
			"loop": true,
			"bones": {
				"Pike": {
					"rotation": [85, 0, 0],
					"position": [0, 1.5, 9.25]
				},
				"Bess": {
					"rotation": [92.96148, 59.08466, -37.62755],
					"position": [-5.25, 2.375, -6],
					"scale": 1.7125
				}
			}
		},
		"animation.bess.firstpempty": {
			"loop": true,
			"bones": {
				"Pike": {
					"rotation": [85, 0, 0],
					"position": [0, 1.5, 9.25]
				},
				"Bess": {
					"rotation": [92.96148, 59.08466, -37.62755],
					"position": [-5.25, 2.375, -6],
					"scale": 1.7125
				},
				"Hammer": {
					"rotation": [32.5, 0, 0]
				}
			}
		},
		"animation.bess.thirdp": {
			"loop": true,
			"bones": {
				"Pike": {
					"rotation": [85, 0, 0],
					"position": [0, 1.5, 9.25]
				},
				"Bess": {
					"rotation": [90, 0, 0],
					"position": [0.125, 6.125, 0]
				},
      "RightArm": {
       "rotation": [90, 0, 0]
      }
			}
		},
		"animation.bess.thirdpempty": {
			"loop": true,
			"bones": {
				"Pike": {
					"rotation": [85, 0, 0],
					"position": [0, 1.5, 9.25]
				},
				"Bess": {
					"rotation": [90, 0, 0],
					"position": [0.125, 6.125, 0]
				},
				"Hammer": {
					"rotation": [27.5, 0, 0]
				}
			}
		}
	}
}
