{
	"format_version": "1.8.0",
	"animations": {
		"animation.m1798.firstp": {
			"loop": true,
			"bones": {
				"Pike": {
					"rotation": [85, 0, 0],
					"position": [0, 1.5, 9.25]
				},
				"Musket": {
					"rotation": [92.96148, 59.08466, -37.62755],
					"position": [-8, 8, -6.25],
					"scale": 1.7125
				}
			}
		},
		"animation.m1798.firstpempty": {
			"loop": true,
			"bones": {
				"Pike": {
					"rotation": [85, 0, 0],
					"position": [0, 1.5, 9.25]
				},
				"Musket": {
					"rotation": [92.96148, 59.08466, -37.62755],
					"position": [-8, 8, -6.2],
					"scale": 1.7125
				},
				"Hammer": {
					"rotation": [32.5, 0, 0]
				}
			}
		},
		"animation.m1798.thirdp": {
			"loop": true,
			"bones": {
				"Pike": {
					"rotation": [85, 0, 0],
					"position": [0, 1.5, 9.25]
				},
				"Musket": {
					"rotation": [90, 0, 0],
					"position": [1.25, 5.625, 0]
				}
			}
		},
		"animation.hussar.thirdpempty": {
			"loop": true,
			"bones": {
				"Pike": {
					"rotation": [85, 0, 0],
					"position": [0, 1.5, 9.25]
				},
				"Hussar": {
					"rotation": [90, 0, 0],
					"position": [-3.75, 6.125, 0]
				},
				"Hammer": {
					"rotation": [27.5, 0, 0]
				},
				"Musket": {
					"rotation": [90, 0, 0],
					"position": [1.25, 5.875, 0.125]
				}
			}
		}
	}
}