{
	"format_version": "1.12.0",
	"minecraft:geometry": [
		{
			"description": {
				"identifier": "geometry.barricades",
				"texture_width": 64,
				"texture_height": 64,
				"visible_bounds_width": 3,
				"visible_bounds_height": 2.5,
				"visible_bounds_offset": [0, 0.75, 0]
			},
			"bones": [
				{
					"name": "bb_main",
					"pivot": [0, 3.12094, 0],
					"cubes": [
						{
							"origin": [4, -1.6975, -4.9667],
							"size": [2, 17, 2],
							"pivot": [0, 0, 0],
							"rotation": [-30, 0, 0],
							"uv": {
								"north": {"uv": [0, 0], "uv_size": [2, 17.5]},
								"east": {"uv": [2, 0], "uv_size": [2, 17.5]},
								"south": {"uv": [4, 0], "uv_size": [2, 17.5]},
								"west": {"uv": [6, 0], "uv_size": [2, 17.5]},
								"up": {"uv": [32, 0], "uv_size": [2, 2]},
								"down": {"uv": [32, 4], "uv_size": [2, -2]}
							}
						},
						{
							"origin": [0, -1.6975, -4.9667],
							"size": [2, 17, 2],
							"pivot": [0, 0, 0],
							"rotation": [-30, 0, 0],
							"uv": {
								"north": {"uv": [8, 0], "uv_size": [2, 17.5]},
								"east": {"uv": [10, 0], "uv_size": [2, 17.5]},
								"south": {"uv": [12, 0], "uv_size": [2, 17.5]},
								"west": {"uv": [14, 0], "uv_size": [2, 17.5]},
								"up": {"uv": [32, 4], "uv_size": [2, 2]},
								"down": {"uv": [32, 8], "uv_size": [2, -2]}
							}
						},
						{
							"origin": [-4, -1.6975, -4.9667],
							"size": [2, 17, 2],
							"pivot": [0, 0, 0],
							"rotation": [-30, 0, 0],
							"uv": {
								"north": {"uv": [16, 0], "uv_size": [2, 17.5]},
								"east": {"uv": [0, 18], "uv_size": [2, 17.5]},
								"south": {"uv": [18, 0], "uv_size": [2, 17.5]},
								"west": {"uv": [2, 18], "uv_size": [2, 17.5]},
								"up": {"uv": [32, 8], "uv_size": [2, 2]},
								"down": {"uv": [32, 12], "uv_size": [2, -2]}
							}
						},
						{
							"origin": [-7.5, -1.6975, -4.9667],
							"size": [1.5, 17, 2],
							"pivot": [0, 0, 0],
							"rotation": [-30, 0, 0],
							"uv": {
								"north": {"uv": [4, 18], "uv_size": [2, 17.5]},
								"east": {"uv": [6, 18], "uv_size": [2, 17.5]},
								"south": {"uv": [8, 18], "uv_size": [2, 17.5]},
								"west": {"uv": [10, 18], "uv_size": [2, 17.5]},
								"up": {"uv": [32, 12], "uv_size": [2, 2]},
								"down": {"uv": [32, 16], "uv_size": [2, -2]}
							}
						},
						{
							"origin": [-6, -1.6975, 2.9667],
							"size": [2, 17, 2],
							"pivot": [0, 0, 0],
							"rotation": [30, 0, 0],
							"uv": {
								"north": {"uv": [12, 18], "uv_size": [2, 17.5]},
								"east": {"uv": [14, 18], "uv_size": [2, 17.5]},
								"south": {"uv": [16, 18], "uv_size": [2, 17.5]},
								"west": {"uv": [18, 18], "uv_size": [2, 17.5]},
								"up": {"uv": [32, 16], "uv_size": [2, 2]},
								"down": {"uv": [32, 20], "uv_size": [2, -2]}
							}
						},
						{
							"origin": [-6, -2.2975, 4.4667],
							"size": [2, 0.6, 0.5],
							"pivot": [0, 0, 0],
							"rotation": [30, 0, 0],
							"uv": {
								"north": {"uv": [36, 5], "uv_size": [2, 0.5]},
								"east": {"uv": [2, 37], "uv_size": [1, 0.5]},
								"south": {"uv": [6, 36], "uv_size": [2, 0.5]},
								"west": {"uv": [3, 37], "uv_size": [1, 0.5]},
								"up": {"uv": [34, 30], "uv_size": [2, 1]},
								"down": {"uv": [34, 32], "uv_size": [2, -1]}
							}
						},
						{
							"origin": [4, -2.2975, -4.9667],
							"size": [2, 0.6, 0.5],
							"pivot": [0, 0, 0],
							"rotation": [-30, 0, 0],
							"uv": {
								"north": {"uv": [36, 25], "uv_size": [2, 0.5]},
								"east": {"uv": [12, 37], "uv_size": [1, 0.5]},
								"south": {"uv": [26, 36], "uv_size": [2, 0.5]},
								"west": {"uv": [13, 37], "uv_size": [1, 0.5]},
								"up": {"uv": [36, 1], "uv_size": [2, 1]},
								"down": {"uv": [2, 37], "uv_size": [2, -1]}
							}
						},
						{
							"origin": [-2, -2.2975, 4.4667],
							"size": [2, 0.6, 0.5],
							"pivot": [0, 0, 0],
							"rotation": [30, 0, 0],
							"uv": {
								"north": {"uv": [36, 9], "uv_size": [2, 0.5]},
								"east": {"uv": [4, 37], "uv_size": [1, 0.5]},
								"south": {"uv": [10, 36], "uv_size": [2, 0.5]},
								"west": {"uv": [5, 37], "uv_size": [1, 0.5]},
								"up": {"uv": [32, 34], "uv_size": [2, 1]},
								"down": {"uv": [34, 33], "uv_size": [2, -1]}
							}
						},
						{
							"origin": [0, -2.2975, -4.9667],
							"size": [2, 0.6, 0.5],
							"pivot": [0, 0, 0],
							"rotation": [-30, 0, 0],
							"uv": {
								"north": {"uv": [36, 29], "uv_size": [2, 0.5]},
								"east": {"uv": [14, 37], "uv_size": [1, 0.5]},
								"south": {"uv": [30, 36], "uv_size": [2, 0.5]},
								"west": {"uv": [15, 37], "uv_size": [1, 0.5]},
								"up": {"uv": [36, 2], "uv_size": [2, 1]},
								"down": {"uv": [36, 4], "uv_size": [2, -1]}
							}
						},
						{
							"origin": [2, -2.2975, 4.4667],
							"size": [2, 0.6, 0.5],
							"pivot": [0, 0, 0],
							"rotation": [30, 0, 0],
							"uv": {
								"north": {"uv": [16, 36], "uv_size": [2, 0.5]},
								"east": {"uv": [6, 37], "uv_size": [1, 0.5]},
								"south": {"uv": [36, 16], "uv_size": [2, 0.5]},
								"west": {"uv": [7, 37], "uv_size": [1, 0.5]},
								"up": {"uv": [34, 33], "uv_size": [2, 1]},
								"down": {"uv": [34, 35], "uv_size": [2, -1]}
							}
						},
						{
							"origin": [-4, -2.2975, -4.9667],
							"size": [2, 0.6, 0.5],
							"pivot": [0, 0, 0],
							"rotation": [-30, 0, 0],
							"uv": {
								"north": {"uv": [36, 33], "uv_size": [2, 0.5]},
								"east": {"uv": [16, 37], "uv_size": [1, 0.5]},
								"south": {"uv": [34, 36], "uv_size": [2, 0.5]},
								"west": {"uv": [17, 37], "uv_size": [1, 0.5]},
								"up": {"uv": [4, 36], "uv_size": [2, 1]},
								"down": {"uv": [36, 5], "uv_size": [2, -1]}
							}
						},
						{
							"origin": [6, -2.2975, 4.4667],
							"size": [1.5, 0.6, 0.5],
							"pivot": [0, 0, 0],
							"rotation": [30, 0, 0],
							"uv": {
								"north": {"uv": [36, 17], "uv_size": [2, 0.5]},
								"east": {"uv": [8, 37], "uv_size": [1, 0.5]},
								"south": {"uv": [18, 36], "uv_size": [2, 0.5]},
								"west": {"uv": [9, 37], "uv_size": [1, 0.5]},
								"up": {"uv": [32, 35], "uv_size": [2, 1]},
								"down": {"uv": [34, 36], "uv_size": [2, -1]}
							}
						},
						{
							"origin": [-7.5, -2.2975, -4.9667],
							"size": [1.5, 0.6, 0.5],
							"pivot": [0, 0, 0],
							"rotation": [-30, 0, 0],
							"uv": {
								"north": {"uv": [24, 36], "uv_size": [2, 0.5]},
								"east": {"uv": [10, 37], "uv_size": [1, 0.5]},
								"south": {"uv": [36, 24], "uv_size": [2, 0.5]},
								"west": {"uv": [11, 37], "uv_size": [1, 0.5]},
								"up": {"uv": [0, 36], "uv_size": [2, 1]},
								"down": {"uv": [36, 1], "uv_size": [2, -1]}
							}
						},
						{
							"origin": [-6, 0, 3.41798],
							"size": [2, 0.5, 2],
							"uv": {
								"north": {"uv": [36, 6], "uv_size": [2, 0.5]},
								"east": {"uv": [36, 7], "uv_size": [2, 0.5]},
								"south": {"uv": [8, 36], "uv_size": [2, 0.5]},
								"west": {"uv": [36, 8], "uv_size": [2, 0.5]},
								"up": {"uv": [32, 32], "uv_size": [2, 2]},
								"down": {"uv": [34, 2], "uv_size": [2, -2]}
							}
						},
						{
							"origin": [4, 0, -5.41798],
							"size": [2, 0.5, 2],
							"uv": {
								"north": {"uv": [36, 26], "uv_size": [2, 0.5]},
								"east": {"uv": [36, 27], "uv_size": [2, 0.5]},
								"south": {"uv": [28, 36], "uv_size": [2, 0.5]},
								"west": {"uv": [36, 28], "uv_size": [2, 0.5]},
								"up": {"uv": [34, 18], "uv_size": [2, 2]},
								"down": {"uv": [34, 22], "uv_size": [2, -2]}
							}
						},
						{
							"origin": [-2, 0, 3.41798],
							"size": [2, 0.5, 2],
							"uv": {
								"north": {"uv": [36, 10], "uv_size": [2, 0.5]},
								"east": {"uv": [36, 11], "uv_size": [2, 0.5]},
								"south": {"uv": [12, 36], "uv_size": [2, 0.5]},
								"west": {"uv": [36, 12], "uv_size": [2, 0.5]},
								"up": {"uv": [34, 2], "uv_size": [2, 2]},
								"down": {"uv": [34, 6], "uv_size": [2, -2]}
							}
						},
						{
							"origin": [0, 0, -5.41798],
							"size": [2, 0.5, 2],
							"uv": {
								"north": {"uv": [36, 30], "uv_size": [2, 0.5]},
								"east": {"uv": [36, 31], "uv_size": [2, 0.5]},
								"south": {"uv": [32, 36], "uv_size": [2, 0.5]},
								"west": {"uv": [36, 32], "uv_size": [2, 0.5]},
								"up": {"uv": [34, 22], "uv_size": [2, 2]},
								"down": {"uv": [34, 26], "uv_size": [2, -2]}
							}
						},
						{
							"origin": [2, 0, 3.41798],
							"size": [2, 0.5, 2],
							"uv": {
								"north": {"uv": [36, 13], "uv_size": [2, 0.5]},
								"east": {"uv": [14, 36], "uv_size": [2, 0.5]},
								"south": {"uv": [36, 14], "uv_size": [2, 0.5]},
								"west": {"uv": [36, 15], "uv_size": [2, 0.5]},
								"up": {"uv": [34, 6], "uv_size": [2, 2]},
								"down": {"uv": [34, 10], "uv_size": [2, -2]}
							}
						},
						{
							"origin": [-4, 0, -5.41798],
							"size": [2, 0.5, 2],
							"uv": {
								"north": {"uv": [36, 34], "uv_size": [2, 0.5]},
								"east": {"uv": [36, 35], "uv_size": [2, 0.5]},
								"south": {"uv": [36, 36], "uv_size": [2, 0.5]},
								"west": {"uv": [0, 37], "uv_size": [2, 0.5]},
								"up": {"uv": [34, 26], "uv_size": [2, 2]},
								"down": {"uv": [34, 30], "uv_size": [2, -2]}
							}
						},
						{
							"origin": [6, 0, 3.41798],
							"size": [1.5, 0.5, 2],
							"uv": {
								"north": {"uv": [36, 18], "uv_size": [2, 0.5]},
								"east": {"uv": [36, 19], "uv_size": [2, 0.5]},
								"south": {"uv": [20, 36], "uv_size": [2, 0.5]},
								"west": {"uv": [36, 20], "uv_size": [2, 0.5]},
								"up": {"uv": [34, 10], "uv_size": [2, 2]},
								"down": {"uv": [34, 14], "uv_size": [2, -2]}
							}
						},
						{
							"origin": [-7.5, 0, -5.41798],
							"size": [1.5, 0.5, 2],
							"uv": {
								"north": {"uv": [36, 21], "uv_size": [2, 0.5]},
								"east": {"uv": [22, 36], "uv_size": [2, 0.5]},
								"south": {"uv": [36, 22], "uv_size": [2, 0.5]},
								"west": {"uv": [36, 23], "uv_size": [2, 0.5]},
								"up": {"uv": [34, 14], "uv_size": [2, 2]},
								"down": {"uv": [34, 18], "uv_size": [2, -2]}
							}
						},
						{
							"origin": [-2, -1.6975, 2.9667],
							"size": [2, 17, 2],
							"pivot": [0, 0, 0],
							"rotation": [30, 0, 0],
							"uv": {
								"north": {"uv": [20, 0], "uv_size": [2, 17.5]},
								"east": {"uv": [20, 18], "uv_size": [2, 17.5]},
								"south": {"uv": [22, 0], "uv_size": [2, 17.5]},
								"west": {"uv": [22, 18], "uv_size": [2, 17.5]},
								"up": {"uv": [32, 20], "uv_size": [2, 2]},
								"down": {"uv": [32, 24], "uv_size": [2, -2]}
							}
						},
						{
							"origin": [-9, -8, -1],
							"size": [2, 16, 2],
							"pivot": [0, 0, 0],
							"rotation": [0, 0, 90],
							"uv": {
								"north": {"uv": [20, 0], "uv_size": [2, 17.5]},
								"east": {"uv": [20, 18], "uv_size": [2, 17.5]},
								"south": {"uv": [22, 0], "uv_size": [2, 17.5]},
								"west": {"uv": [22, 18], "uv_size": [2, 17.5]},
								"up": {"uv": [32, 20], "uv_size": [2, 2]},
								"down": {"uv": [32, 24], "uv_size": [2, -2]}
							}
						},
						{
							"origin": [2, -1.6975, 2.9667],
							"size": [2, 17, 2],
							"pivot": [0, 0, 0],
							"rotation": [30, 0, 0],
							"uv": {
								"north": {"uv": [24, 0], "uv_size": [2, 17.5]},
								"east": {"uv": [24, 18], "uv_size": [2, 17.5]},
								"south": {"uv": [26, 0], "uv_size": [2, 17.5]},
								"west": {"uv": [26, 18], "uv_size": [2, 17.5]},
								"up": {"uv": [32, 24], "uv_size": [2, 2]},
								"down": {"uv": [32, 28], "uv_size": [2, -2]}
							}
						},
						{
							"origin": [6, -1.6975, 2.9667],
							"size": [1.5, 17, 2],
							"pivot": [0, 0, 0],
							"rotation": [30, 0, 0],
							"uv": {
								"north": {"uv": [28, 0], "uv_size": [2, 17.5]},
								"east": {"uv": [28, 18], "uv_size": [2, 17.5]},
								"south": {"uv": [30, 0], "uv_size": [2, 17.5]},
								"west": {"uv": [30, 18], "uv_size": [2, 17.5]},
								"up": {"uv": [32, 28], "uv_size": [2, 2]},
								"down": {"uv": [32, 32], "uv_size": [2, -2]}
							}
						}
					]
				}
			]
		}
	]
}