{
  "format_version": "1.10.0",
  "animation_controllers": {
    "controller.animation.charville_player_controller": {
      "states": {
        "default": {
          "transitions": [
            {
              "charville": "query.is_sneaking && query.is_item_name_any('slot.weapon.mainhand',0,'nwa:charville_empty') && query.equipped_item_any_tag('slot.weapon.offhand','nwa:reload_pack')"
            }
          ]
        },
        "charville": {
          "on_entry": [
            "/replaceitem entity @s slot.weapon.mainhand 0 nwa:charville"
          ],
          "transitions": [
            {
              "default": "!query.is_sneaking || query.is_item_name_any('slot.weapon.mainhand',0,'nwa:charville_empty') == 0 || query.equipped_item_any_tag('slot.weapon.offhand',0,'nwa:reload_pack') == 0"
            }
          ]
        }
      }
    },
    "controller.animation.m1798_player_controller": {
      "states": {
        "default": {
          "transitions": [
            {
              "m1798": "query.is_sneaking && query.is_item_name_any('slot.weapon.mainhand',0,'nwa:austrian_m1798empty') && query.equipped_item_any_tag('slot.weapon.offhand','nwa:reload_pack')"
            }
          ]
        },
        "m1798": {
          "on_entry": [
            "/replaceitem entity @s slot.weapon.mainhand 0 nwa:austrian_m1798"
          ],
          "transitions": [
            {
              "default": "!query.is_sneaking || query.is_item_name_any('slot.weapon.mainhand',0,'nwa:austrian_m1798empty') == 0 || query.equipped_item_any_tag('slot.weapon.offhand',0,'nwa:reload_pack') == 0"
            }
          ]
        }
      }
    },
    "controller.animation.baker_player_controller": {
      "states": {
        "default": {
          "transitions": [
            {
              "baker": "query.is_sneaking && query.is_item_name_any('slot.weapon.mainhand',0,'nwa:baker_empty') && query.equipped_item_any_tag('slot.weapon.offhand','nwa:reload_pack')"
            }
          ]
        },
        "baker": {
          "on_entry": [
            "/replaceitem entity @s slot.weapon.mainhand 0 nwa:baker "
          ],
          "transitions": [
            {
              "default": "!query.is_sneaking || query.is_item_name_any('slot.weapon.mainhand',0,'nwa:baker_empty') == 0 || query.equipped_item_any_tag('slot.weapon.offhand',0,'nwa:reload_pack') == 0"
            }
          ]
        }
      }
    },
    "controller.animation.hussar_player_controller": {
      "states": {
        "default": {
          "transitions": [
            {
              "hussar": "query.is_sneaking && query.is_item_name_any('slot.weapon.mainhand',0,'nwa:hussar_empty') && query.equipped_item_any_tag('slot.weapon.offhand','nwa:reload_pack')"
            }
          ]
        },
        "hussar": {
          "on_entry": [
            "/replaceitem entity @s slot.weapon.mainhand 0 nwa:hussar"
          ],
          "transitions": [
            {
              "default": "!query.is_sneaking || query.is_item_name_any('slot.weapon.mainhand',0,'nwa:hussar_empty') == 0 || query.equipped_item_any_tag('slot.weapon.offhand',0,'nwa:reload_pack') == 0"
            }
          ]
        }
      }
    },
    "controller.animation.bess_player_controller": {
      "states": {
        "default": {
          "transitions": [
            {
              "bess": "query.is_sneaking && query.is_item_name_any('slot.weapon.mainhand',0,'nwa:bess_empty') && query.equipped_item_any_tag('slot.weapon.offhand','nwa:reload_pack')"
            }
          ]
        },
        "bess": {
          "on_entry": [
            "/replaceitem entity @s slot.weapon.mainhand 0 nwa:brown_bess"
          ],
          "transitions": [
            {
              "default": "!query.is_sneaking || query.is_item_name_any('slot.weapon.mainhand',0,'nwa:bess_empty') == 0 || query.equipped_item_any_tag('slot.weapon.offhand',0,'nwa:reload_pack') == 0"
            }
          ]
        }
      }
    }
  }
}
