{
	"format_version": "1.12.0",
	"minecraft:geometry": [
		{
			"description": {
				"identifier": "geometry.ah_armagedon",
				"texture_width": 64,
				"texture_height": 64,
				"visible_bounds_width": 10.5,
				"visible_bounds_height": 10.5,
				"visible_bounds_offset": [0, 0.25, 0]
			},
			"bones": [
				{
					"name": "Helicopter",
					"pivot": [0, 1, -4.75],
					"cubes": [
						{
							"origin": [-0.68536, 0.98604, -3.00041],
							"size": [1.375, 3.25, 1.125],
							"uv": {
								"north": {"uv": [11, 0], "uv_size": [1.5, 3.25]},
								"east": {"uv": [18, 9], "uv_size": [1.25, 3.25]},
								"south": {"uv": [16, 0], "uv_size": [1.5, 3.25]},
								"west": {"uv": [18, 13], "uv_size": [1.25, 3.25]},
								"up": {"uv": [21, 24], "uv_size": [1.5, 1.25]},
								"down": {"uv": [25, 3.25], "uv_size": [1.5, -1.25]}
							}
						},
						{
							"origin": [-0.68536, -0.51396, -3.37541],
							"size": [1.375, 4.75, 1.5],
							"pivot": [-0.68536, 4.23604, -1.87541],
							"rotation": [70, 0, 0],
							"uv": {
								"north": {"uv": [8, 10], "uv_size": [1.5, 4.75]},
								"east": {"uv": [10, 10], "uv_size": [1.5, 4.75]},
								"south": {"uv": [12, 10], "uv_size": [1.5, 4.75]},
								"west": {"uv": [14, 0], "uv_size": [1.5, 4.75]},
								"up": {"uv": [7, 23], "uv_size": [1.5, 1.5]},
								"down": {"uv": [23, 18.5], "uv_size": [1.5, -1.5]}
							}
						},
						{
							"origin": [-0.68964, -0.51396, -3.37541],
							"size": [1.375, 4.75, 1.5],
							"pivot": [0.68536, 4.23604, -1.87541],
							"rotation": [70.08357, -2.11089, -4.53359],
							"uv": {
								"north": {"uv": [14, 5], "uv_size": [1.5, 4.75]},
								"east": {"uv": [14, 10], "uv_size": [1.5, 4.75]},
								"south": {"uv": [0, 15], "uv_size": [1.5, 4.75]},
								"west": {"uv": [2, 15], "uv_size": [1.5, 4.75]},
								"up": {"uv": [23, 19], "uv_size": [1.5, 1.5]},
								"down": {"uv": [23, 22.5], "uv_size": [1.5, -1.5]}
							}
						},
						{
							"origin": [-0.68536, -0.51396, -3.37541],
							"size": [1.375, 4.75, 1.5],
							"pivot": [-0.68536, 4.23604, -1.87541],
							"rotation": [70.08357, 2.11089, 4.53359],
							"uv": {
								"north": {"uv": [4, 15], "uv_size": [1.5, 4.75]},
								"east": {"uv": [6, 15], "uv_size": [1.5, 4.75]},
								"south": {"uv": [8, 15], "uv_size": [1.5, 4.75]},
								"west": {"uv": [10, 15], "uv_size": [1.5, 4.75]},
								"up": {"uv": [4, 24], "uv_size": [1.5, 1.5]},
								"down": {"uv": [24, 5.5], "uv_size": [1.5, -1.5]}
							}
						},
						{
							"origin": [-0.68536, 1.61104, -3.00041],
							"size": [1.375, 2.625, 1.125],
							"pivot": [0.68964, 4.23604, -1.87541],
							"rotation": [0, 0, -12.5],
							"uv": {
								"north": {"uv": [16, 4], "uv_size": [1.5, 2.75]},
								"east": {"uv": [20, 6], "uv_size": [1.25, 2.75]},
								"south": {"uv": [16, 7], "uv_size": [1.5, 2.75]},
								"west": {"uv": [7, 20], "uv_size": [1.25, 2.75]},
								"up": {"uv": [6, 25], "uv_size": [1.5, 1.25]},
								"down": {"uv": [16, 26.25], "uv_size": [1.5, -1.25]}
							}
						},
						{
							"origin": [-0.68536, 1.61104, -3.00041],
							"size": [1.375, 2.625, 1.125],
							"pivot": [0.68964, 4.23604, -1.87541],
							"rotation": [14.54718, 0, -12.70008],
							"uv": {
								"north": {"uv": [16, 16], "uv_size": [1.5, 2.75]},
								"east": {"uv": [14, 20], "uv_size": [1.25, 2.75]},
								"south": {"uv": [18, 0], "uv_size": [1.5, 2.75]},
								"west": {"uv": [20, 14], "uv_size": [1.25, 2.75]},
								"up": {"uv": [23, 25], "uv_size": [1.5, 1.25]},
								"down": {"uv": [25, 25.25], "uv_size": [1.5, -1.25]}
							}
						},
						{
							"origin": [-0.68964, 1.61104, -3.00041],
							"size": [1.375, 2.625, 1.125],
							"pivot": [-0.68964, 4.23604, -1.87541],
							"rotation": [14.54718, 0, 12.70008],
							"uv": {
								"north": {"uv": [18, 3], "uv_size": [1.5, 2.75]},
								"east": {"uv": [20, 19], "uv_size": [1.25, 2.75]},
								"south": {"uv": [18, 6], "uv_size": [1.5, 2.75]},
								"west": {"uv": [16, 21], "uv_size": [1.25, 2.75]},
								"up": {"uv": [26, 0], "uv_size": [1.5, 1.25]},
								"down": {"uv": [2, 27.25], "uv_size": [1.5, -1.25]}
							}
						},
						{
							"origin": [-0.68964, 1.61104, -3.00041],
							"size": [1.375, 2.625, 1.125],
							"pivot": [-0.68964, 4.23604, -2.50041],
							"rotation": [0, 0, 12.5],
							"uv": {
								"north": {"uv": [16, 10], "uv_size": [1.5, 2.75]},
								"east": {"uv": [20, 11], "uv_size": [1.25, 2.75]},
								"south": {"uv": [16, 13], "uv_size": [1.5, 2.75]},
								"west": {"uv": [12, 20], "uv_size": [1.25, 2.75]},
								"up": {"uv": [25, 20], "uv_size": [1.5, 1.25]},
								"down": {"uv": [25, 23.25], "uv_size": [1.5, -1.25]}
							}
						},
						{
							"origin": [0.8125, 0.21085, -3.63432],
							"size": [0.25, 1.25, 0.375],
							"pivot": [0.9375, 0.83585, -3.44682],
							"rotation": [32.5, 0, 0],
							"uv": {
								"north": {"uv": [29, 34], "uv_size": [0.25, 1.25]},
								"east": {"uv": [18, 30], "uv_size": [0.5, 1.25]},
								"south": {"uv": [35, 2], "uv_size": [0.25, 1.25]},
								"west": {"uv": [19, 30], "uv_size": [0.5, 1.25]},
								"up": {"uv": [37, 4], "uv_size": [0.25, 0.5]},
								"down": {"uv": [5, 37.5], "uv_size": [0.25, -0.5]}
							}
						},
						{
							"origin": [-0.1875, 0.46085, 6.86568],
							"size": [0.25, 1.25, 0.375],
							"pivot": [-0.0625, 1.08585, 7.05318],
							"rotation": [32.5, 0, 0],
							"uv": {
								"north": {"uv": [1, 36], "uv_size": [0.25, 1.25]},
								"east": {"uv": [31, 25], "uv_size": [0.5, 1.25]},
								"south": {"uv": [2, 36], "uv_size": [0.25, 1.25]},
								"west": {"uv": [27, 31], "uv_size": [0.5, 1.25]},
								"up": {"uv": [37, 36], "uv_size": [0.25, 0.5]},
								"down": {"uv": [37, 37.5], "uv_size": [0.25, -0.5]}
							}
						},
						{
							"origin": [-1.0625, 0.21085, -3.63432],
							"size": [0.25, 1.25, 0.375],
							"pivot": [-0.9375, 0.83585, -3.44682],
							"rotation": [32.5, 0, 0],
							"uv": {
								"north": {"uv": [35, 34], "uv_size": [0.25, 1.25]},
								"east": {"uv": [22, 30], "uv_size": [0.5, 1.25]},
								"south": {"uv": [0, 36], "uv_size": [0.25, 1.25]},
								"west": {"uv": [25, 30], "uv_size": [0.5, 1.25]},
								"up": {"uv": [37, 35], "uv_size": [0.25, 0.5]},
								"down": {"uv": [36, 37.5], "uv_size": [0.25, -0.5]}
							}
						},
						{
							"origin": [1.0625, 0, -3.5],
							"size": [0.25, 0.75, 0.75],
							"uv": {
								"north": {"uv": [27, 36], "uv_size": [0.25, 0.75]},
								"east": {"uv": [23, 32], "uv_size": [0.75, 0.75]},
								"south": {"uv": [36, 27], "uv_size": [0.25, 0.75]},
								"west": {"uv": [24, 32], "uv_size": [0.75, 0.75]},
								"up": {"uv": [28, 36], "uv_size": [0.25, 0.75]},
								"down": {"uv": [36, 28.75], "uv_size": [0.25, -0.75]}
							}
						},
						{
							"origin": [-1.3125, 0, -3.5],
							"size": [0.25, 0.75, 0.75],
							"uv": {
								"north": {"uv": [29, 36], "uv_size": [0.25, 0.75]},
								"east": {"uv": [26, 32], "uv_size": [0.75, 0.75]},
								"south": {"uv": [36, 29], "uv_size": [0.25, 0.75]},
								"west": {"uv": [32, 26], "uv_size": [0.75, 0.75]},
								"up": {"uv": [36, 30], "uv_size": [0.25, 0.75]},
								"down": {"uv": [36, 31.75], "uv_size": [0.25, -0.75]}
							}
						},
						{
							"origin": [-0.3125, 0, 7],
							"size": [0.5, 0.75, 0.75],
							"uv": {
								"north": {"uv": [16, 34], "uv_size": [0.5, 0.75]},
								"east": {"uv": [25, 32], "uv_size": [0.75, 0.75]},
								"south": {"uv": [34, 16], "uv_size": [0.5, 0.75]},
								"west": {"uv": [32, 25], "uv_size": [0.75, 0.75]},
								"up": {"uv": [17, 34], "uv_size": [0.5, 0.75]},
								"down": {"uv": [34, 17.75], "uv_size": [0.5, -0.75]}
							}
						},
						{
							"origin": [0.0625, 5.125, 6.25],
							"size": [0.25, 0.375, 0.375],
							"uv": {
								"north": {"uv": [37, 31], "uv_size": [0.25, 0.5]},
								"east": {"uv": [19, 36], "uv_size": [0.5, 0.5]},
								"south": {"uv": [32, 37], "uv_size": [0.25, 0.5]},
								"west": {"uv": [36, 19], "uv_size": [0.5, 0.5]},
								"up": {"uv": [37, 32], "uv_size": [0.25, 0.5]},
								"down": {"uv": [33, 37.5], "uv_size": [0.25, -0.5]}
							}
						},
						{
							"origin": [-0.4375, 4.25, -3],
							"size": [0.875, 0.25, 1],
							"uv": {
								"north": {"uv": [9, 36], "uv_size": [1, 0.25]},
								"east": {"uv": [10, 36], "uv_size": [1, 0.25]},
								"south": {"uv": [11, 36], "uv_size": [1, 0.25]},
								"west": {"uv": [36, 11], "uv_size": [1, 0.25]},
								"up": {"uv": [16, 28], "uv_size": [1, 1]},
								"down": {"uv": [28, 17], "uv_size": [1, -1]}
							}
						},
						{
							"origin": [0.6875, 2.5, -2.875],
							"size": [3.125, 0.125, 1.25],
							"uv": {
								"north": {"uv": [18, 29], "uv_size": [3.25, 0.25]},
								"east": {"uv": [10, 35], "uv_size": [1.25, 0.25]},
								"south": {"uv": [29, 19], "uv_size": [3.25, 0.25]},
								"west": {"uv": [35, 10], "uv_size": [1.25, 0.25]},
								"up": {"uv": [18, 17], "uv_size": [3.25, 1.25]},
								"down": {"uv": [16, 20.25], "uv_size": [3.25, -1.25]}
							}
						},
						{
							"origin": [-3.8125, 2.5, -2.875],
							"size": [3.125, 0.125, 1.25],
							"uv": {
								"north": {"uv": [29, 22], "uv_size": [3.25, 0.25]},
								"east": {"uv": [18, 35], "uv_size": [1.25, 0.25]},
								"south": {"uv": [29, 23], "uv_size": [3.25, 0.25]},
								"west": {"uv": [20, 35], "uv_size": [1.25, 0.25]},
								"up": {"uv": [0, 20], "uv_size": [3.25, 1.25]},
								"down": {"uv": [20, 1.25], "uv_size": [3.25, -1.25]}
							}
						},
						{
							"origin": [1.6875, 2, -2.875],
							"size": [0.25, 0.5, 1.25],
							"uv": {
								"north": {"uv": [37, 6], "uv_size": [0.25, 0.5]},
								"east": {"uv": [31, 0], "uv_size": [1.25, 0.5]},
								"south": {"uv": [7, 37], "uv_size": [0.25, 0.5]},
								"west": {"uv": [31, 2], "uv_size": [1.25, 0.5]},
								"up": {"uv": [12, 35], "uv_size": [0.25, 1.25]},
								"down": {"uv": [13, 36.25], "uv_size": [0.25, -1.25]}
							}
						},
						{
							"origin": [-1.9375, 2, -2.875],
							"size": [0.25, 0.5, 1.25],
							"uv": {
								"north": {"uv": [37, 11], "uv_size": [0.25, 0.5]},
								"east": {"uv": [20, 31], "uv_size": [1.25, 0.5]},
								"south": {"uv": [12, 37], "uv_size": [0.25, 0.5]},
								"west": {"uv": [31, 24], "uv_size": [1.25, 0.5]},
								"up": {"uv": [35, 22], "uv_size": [0.25, 1.25]},
								"down": {"uv": [23, 36.25], "uv_size": [0.25, -1.25]}
							}
						},
						{
							"origin": [2.9375, 2, -2.875],
							"size": [0.25, 0.5, 1.25],
							"uv": {
								"north": {"uv": [37, 7], "uv_size": [0.25, 0.5]},
								"east": {"uv": [31, 3], "uv_size": [1.25, 0.5]},
								"south": {"uv": [8, 37], "uv_size": [0.25, 0.5]},
								"west": {"uv": [4, 31], "uv_size": [1.25, 0.5]},
								"up": {"uv": [14, 35], "uv_size": [0.25, 1.25]},
								"down": {"uv": [15, 36.25], "uv_size": [0.25, -1.25]}
							}
						},
						{
							"origin": [2.6875, 1.5, -3.125],
							"size": [0.75, 0.75, 1.75],
							"uv": {
								"north": {"uv": [17, 32], "uv_size": [0.75, 0.75]},
								"east": {"uv": [11, 27], "uv_size": [1.75, 0.75]},
								"south": {"uv": [18, 32], "uv_size": [0.75, 0.75]},
								"west": {"uv": [27, 12], "uv_size": [1.75, 0.75]},
								"up": {"uv": [13, 27], "uv_size": [0.75, 1.75]},
								"down": {"uv": [27, 14.75], "uv_size": [0.75, -1.75]}
							}
						},
						{
							"origin": [1.4375, 1.5, -3.125],
							"size": [0.75, 0.75, 1.75],
							"uv": {
								"north": {"uv": [32, 20], "uv_size": [0.75, 0.75]},
								"east": {"uv": [27, 22], "uv_size": [1.75, 0.75]},
								"south": {"uv": [21, 32], "uv_size": [0.75, 0.75]},
								"west": {"uv": [23, 27], "uv_size": [1.75, 0.75]},
								"up": {"uv": [27, 23], "uv_size": [0.75, 1.75]},
								"down": {"uv": [25, 28.75], "uv_size": [0.75, -1.75]}
							}
						},
						{
							"origin": [-2.1875, 1.5, -3.125],
							"size": [0.75, 0.75, 1.75],
							"uv": {
								"north": {"uv": [32, 21], "uv_size": [0.75, 0.75]},
								"east": {"uv": [27, 25], "uv_size": [1.75, 0.75]},
								"south": {"uv": [22, 32], "uv_size": [0.75, 0.75]},
								"west": {"uv": [26, 27], "uv_size": [1.75, 0.75]},
								"up": {"uv": [28, 0], "uv_size": [0.75, 1.75]},
								"down": {"uv": [2, 29.75], "uv_size": [0.75, -1.75]}
							}
						},
						{
							"origin": [-3.4375, 1.5, -3.125],
							"size": [0.75, 0.75, 1.75],
							"uv": {
								"north": {"uv": [19, 32], "uv_size": [0.75, 0.75]},
								"east": {"uv": [14, 27], "uv_size": [1.75, 0.75]},
								"south": {"uv": [20, 32], "uv_size": [0.75, 0.75]},
								"west": {"uv": [16, 27], "uv_size": [1.75, 0.75]},
								"up": {"uv": [20, 27], "uv_size": [0.75, 1.75]},
								"down": {"uv": [27, 21.75], "uv_size": [0.75, -1.75]}
							}
						},
						{
							"origin": [-3.1875, 2, -2.875],
							"size": [0.25, 0.5, 1.25],
							"uv": {
								"north": {"uv": [37, 10], "uv_size": [0.25, 0.5]},
								"east": {"uv": [14, 31], "uv_size": [1.25, 0.5]},
								"south": {"uv": [11, 37], "uv_size": [0.25, 0.5]},
								"west": {"uv": [31, 15], "uv_size": [1.25, 0.5]},
								"up": {"uv": [35, 20], "uv_size": [0.25, 1.25]},
								"down": {"uv": [22, 36.25], "uv_size": [0.25, -1.25]}
							}
						},
						{
							"origin": [3.8125, 2.25, -2.875],
							"size": [0.125, 0.5, 1.25],
							"uv": {
								"north": {"uv": [37, 8], "uv_size": [0.25, 0.5]},
								"east": {"uv": [6, 31], "uv_size": [1.25, 0.5]},
								"south": {"uv": [9, 37], "uv_size": [0.25, 0.5]},
								"west": {"uv": [8, 31], "uv_size": [1.25, 0.5]},
								"up": {"uv": [35, 15], "uv_size": [0.25, 1.25]},
								"down": {"uv": [16, 36.25], "uv_size": [0.25, -1.25]}
							}
						},
						{
							"origin": [-3.9375, 2.25, -2.875],
							"size": [0.125, 0.5, 1.25],
							"uv": {
								"north": {"uv": [37, 9], "uv_size": [0.25, 0.5]},
								"east": {"uv": [10, 31], "uv_size": [1.25, 0.5]},
								"south": {"uv": [10, 37], "uv_size": [0.25, 0.5]},
								"west": {"uv": [12, 31], "uv_size": [1.25, 0.5]},
								"up": {"uv": [17, 35], "uv_size": [0.25, 1.25]},
								"down": {"uv": [35, 18.25], "uv_size": [0.25, -1.25]}
							}
						},
						{
							"origin": [-2.4375, 2.4375, 6.5],
							"size": [4.875, 0.25, 1.5],
							"uv": {
								"north": {"uv": [28, 4], "uv_size": [5, 0.25]},
								"east": {"uv": [34, 11], "uv_size": [1.5, 0.25]},
								"south": {"uv": [28, 5], "uv_size": [5, 0.25]},
								"west": {"uv": [34, 12], "uv_size": [1.5, 0.25]},
								"up": {"uv": [9, 6], "uv_size": [5, 1.5]},
								"down": {"uv": [9, 9.5], "uv_size": [5, -1.5]}
							}
						},
						{
							"origin": [-0.6875, 1.375, -4.75],
							"size": [1.375, 1.375, 0.5],
							"uv": {
								"north": {"uv": [23, 23], "uv_size": [1.5, 1.5]},
								"east": {"uv": [2, 30], "uv_size": [0.5, 1.5]},
								"south": {"uv": [64, 0], "uv_size": [-14, 7.75]},
								"west": {"uv": [3, 30], "uv_size": [0.5, 1.5]},
								"up": {"uv": [30, 1], "uv_size": [1.5, 0.5]},
								"down": {"uv": [7, 30.5], "uv_size": [1.5, -0.5]}
							}
						},
						{
							"origin": [-0.6875, 1.375, -4.25],
							"size": [1.375, 0.5, 1.375],
							"uv": {
								"north": {"uv": [12, 30], "uv_size": [1.5, 0.5]},
								"east": {"uv": [30, 29], "uv_size": [1.25, 0.5]},
								"south": {"uv": [14, 30], "uv_size": [1.5, 0.5]},
								"west": {"uv": [0, 31], "uv_size": [1.25, 0.5]},
								"up": {"uv": [4, 26], "uv_size": [1.5, 1.25]},
								"down": {"uv": [26, 5.25], "uv_size": [1.5, -1.25]}
							}
						},
						{
							"origin": [-0.4375, 1.375, -5.625],
							"size": [0.875, 0.375, 0.625],
							"uv": {
								"north": {"uv": [32, 31], "uv_size": [1, 0.5]},
								"east": {"uv": [34, 7], "uv_size": [0.75, 0.5]},
								"south": {"uv": [32, 32], "uv_size": [1, 0.5]},
								"west": {"uv": [34, 8], "uv_size": [0.75, 0.5]},
								"up": {"uv": [25, 29], "uv_size": [1, 0.75]},
								"down": {"uv": [30, 0.75], "uv_size": [1, -0.75]}
							}
						},
						{
							"origin": [-0.4375, 1.875, -4],
							"size": [0.875, 0.375, 0.75],
							"uv": {
								"north": {"uv": [33, 0], "uv_size": [1, 0.5]},
								"east": {"uv": [34, 9], "uv_size": [0.75, 0.5]},
								"south": {"uv": [33, 2], "uv_size": [1, 0.5]},
								"west": {"uv": [34, 10], "uv_size": [0.75, 0.5]},
								"up": {"uv": [4, 30], "uv_size": [1, 0.75]},
								"down": {"uv": [30, 15.75], "uv_size": [1, -0.75]}
							}
						},
						{
							"origin": [-0.4375, 1.625, -5],
							"size": [0.875, 1, 0.25],
							"pivot": [0, 2.125, -4.875],
							"rotation": [-22.5, 0, 0],
							"uv": {
								"north": {"uv": [6, 24], "uv_size": [1, 1]},
								"east": {"uv": [4, 36], "uv_size": [0.25, 1]},
								"south": {"uv": [8, 25], "uv_size": [1, 1]},
								"west": {"uv": [36, 4], "uv_size": [0.25, 1]},
								"up": {"uv": [5, 36], "uv_size": [1, 0.25]},
								"down": {"uv": [36, 5.25], "uv_size": [1, -0.25]}
							}
						},
						{
							"origin": [-0.4375, 1.875, -3.25],
							"size": [0.875, 1.25, 0.25],
							"pivot": [0, 2.625, -3.125],
							"rotation": [-22.5, 0, 0],
							"uv": {
								"north": {"uv": [5, 28], "uv_size": [1, 1]},
								"east": {"uv": [36, 6], "uv_size": [0.25, 1]},
								"south": {"uv": [28, 15], "uv_size": [1, 1]},
								"west": {"uv": [36, 7], "uv_size": [0.25, 1]},
								"up": {"uv": [8, 36], "uv_size": [1, 0.25]},
								"down": {"uv": [36, 8.25], "uv_size": [1, -0.25]}
							}
						},
						{
							"origin": [-0.5625, 1.5, -6.375],
							"size": [1.125, 0.375, 0.375],
							"pivot": [-0.5625, 1.875, -6],
							"rotation": [-42.5, 0, 0],
							"uv": {
								"north": {"uv": [30, 18], "uv_size": [1.25, 0.5]},
								"east": {"uv": [3, 36], "uv_size": [0.5, 0.5]},
								"south": {"uv": [20, 30], "uv_size": [1.25, 0.5]},
								"west": {"uv": [36, 3], "uv_size": [0.5, 0.5]},
								"up": {"uv": [30, 20], "uv_size": [1.25, 0.5]},
								"down": {"uv": [30, 21.5], "uv_size": [1.25, -0.5]}
							}
						},
						{
							"origin": [-0.5625, 1.375, -6.25],
							"size": [1.125, 0.5, 0.25],
							"uv": {
								"north": {"uv": [27, 30], "uv_size": [1.25, 0.5]},
								"east": {"uv": [37, 5], "uv_size": [0.25, 0.5]},
								"south": {"uv": [29, 30], "uv_size": [1.25, 0.5]},
								"west": {"uv": [6, 37], "uv_size": [0.25, 0.5]},
								"up": {"uv": [8, 35], "uv_size": [1.25, 0.25]},
								"down": {"uv": [35, 9.25], "uv_size": [1.25, -0.25]}
							}
						},
						{
							"origin": [-0.8125, 1, -2.625],
							"size": [1.625, 1.625, 5.5],
							"uv": {
								"north": {"uv": [4, 22], "uv_size": [1.75, 1.75]},
								"east": {"uv": [0, 0], "uv_size": [5.5, 1.75]},
								"south": {"uv": [22, 4], "uv_size": [1.75, 1.75]},
								"west": {"uv": [0, 2], "uv_size": [5.5, 1.75]},
								"up": {"uv": [0, 4], "uv_size": [1.75, 5.5]},
								"down": {"uv": [2, 9.5], "uv_size": [1.75, -5.5]}
							}
						},
						{
							"origin": [-0.60531, 1, 2.87048],
							"size": [1.25, 1.625, 4.375],
							"uv": {
								"north": {"uv": [24, 6], "uv_size": [1.25, 1.75]},
								"east": {"uv": [4, 8], "uv_size": [4.5, 1.75]},
								"south": {"uv": [9, 24], "uv_size": [1.25, 1.75]},
								"west": {"uv": [9, 4], "uv_size": [4.5, 1.75]},
								"up": {"uv": [12, 15], "uv_size": [1.25, 4.5]},
								"down": {"uv": [14, 19.5], "uv_size": [1.25, -4.5]}
							}
						},
						{
							"origin": [-0.10531, 4, 5.74548],
							"size": [0.25, 2, 1.625],
							"pivot": [0.01969, 3.6875, 6.55798],
							"rotation": [-15, 0, 0],
							"uv": {
								"north": {"uv": [32, 27], "uv_size": [0.25, 2]},
								"east": {"uv": [4, 20], "uv_size": [1.75, 2]},
								"south": {"uv": [29, 32], "uv_size": [0.25, 2]},
								"west": {"uv": [20, 4], "uv_size": [1.75, 2]},
								"up": {"uv": [21, 33], "uv_size": [0.25, 1.75]},
								"down": {"uv": [33, 22.75], "uv_size": [0.25, -1.75]}
							}
						},
						{
							"origin": [-0.23031, 2.375, 5.74548],
							"size": [0.5, 1.625, 1.625],
							"pivot": [0.01969, 3.6875, 6.55798],
							"rotation": [-15, 0, 0],
							"uv": {
								"north": {"uv": [5, 29], "uv_size": [0.5, 1.75]},
								"east": {"uv": [22, 6], "uv_size": [1.75, 1.75]},
								"south": {"uv": [9, 29], "uv_size": [0.5, 1.75]},
								"west": {"uv": [9, 22], "uv_size": [1.75, 1.75]},
								"up": {"uv": [10, 29], "uv_size": [0.5, 1.75]},
								"down": {"uv": [11, 30.75], "uv_size": [0.5, -1.75]}
							}
						},
						{
							"origin": [-1.43836, 1, -3.08023],
							"size": [2.85, 0.75, 1.25],
							"uv": {
								"north": {"uv": [12, 24], "uv_size": [2.75, 0.75]},
								"east": {"uv": [28, 20], "uv_size": [1.25, 0.75]},
								"south": {"uv": [15, 24], "uv_size": [2.75, 0.75]},
								"west": {"uv": [28, 21], "uv_size": [1.25, 0.75]},
								"up": {"uv": [9, 20], "uv_size": [2.75, 1.25]},
								"down": {"uv": [20, 10.25], "uv_size": [2.75, -1.25]}
							}
						},
						{
							"origin": [-0.71516, 1, -6.73288],
							"size": [1.375, 0.75, 0.5],
							"uv": {
								"north": {"uv": [3, 28], "uv_size": [1.5, 0.75]},
								"east": {"uv": [33, 28], "uv_size": [0.5, 0.75]},
								"south": {"uv": [8, 28], "uv_size": [1.5, 0.75]},
								"west": {"uv": [33, 29], "uv_size": [0.5, 0.75]},
								"up": {"uv": [29, 24], "uv_size": [1.5, 0.5]},
								"down": {"uv": [29, 25.5], "uv_size": [1.5, -0.5]}
							}
						},
						{
							"origin": [-1.1875, 1, -6.125],
							"size": [0.5, 0.75, 3.125],
							"pivot": [-0.6875, 1.4375, -4.75],
							"rotation": [0, -7.5, 0],
							"uv": {
								"north": {"uv": [22, 33], "uv_size": [0.5, 0.75]},
								"east": {"uv": [23, 9], "uv_size": [3.25, 0.75]},
								"south": {"uv": [23, 33], "uv_size": [0.5, 0.75]},
								"west": {"uv": [23, 10], "uv_size": [3.25, 0.75]},
								"up": {"uv": [22, 26], "uv_size": [0.5, 3.25]},
								"down": {"uv": [0, 30.25], "uv_size": [0.5, -3.25]}
							}
						},
						{
							"origin": [-1.43836, 1, -1.83023],
							"size": [1.5, 0.75, 4.75],
							"pivot": [-1.43836, 1.75, -1.83023],
							"rotation": [0, 7.5, 0],
							"uv": {
								"north": {"uv": [11, 28], "uv_size": [1.5, 0.75]},
								"east": {"uv": [20, 2], "uv_size": [4.75, 0.75]},
								"south": {"uv": [14, 28], "uv_size": [1.5, 0.75]},
								"west": {"uv": [20, 3], "uv_size": [4.75, 0.75]},
								"up": {"uv": [0, 10], "uv_size": [1.5, 4.75]},
								"down": {"uv": [2, 14.75], "uv_size": [1.5, -4.75]}
							}
						},
						{
							"origin": [0.06336, 1, -1.83023],
							"size": [1.375, 0.75, 4.75],
							"pivot": [1.43836, 1.75, -1.83023],
							"rotation": [0, -7.5, 0],
							"uv": {
								"north": {"uv": [28, 29], "uv_size": [1.5, 0.5]},
								"east": {"uv": [23, 15], "uv_size": [4.75, 0.5]},
								"south": {"uv": [29, 28], "uv_size": [1.5, 0.5]},
								"west": {"uv": [23, 16], "uv_size": [4.75, 0.5]},
								"up": {"uv": [4, 10], "uv_size": [1.5, 4.75]},
								"down": {"uv": [6, 14.75], "uv_size": [1.5, -4.75]}
							}
						},
						{
							"origin": [0.1875, 1, 2.875],
							"size": [0.625, 1.625, 4.375],
							"pivot": [0.8125, 1.75, 2.875],
							"rotation": [0, -2.5, 0],
							"uv": {
								"north": {"uv": [21, 22], "uv_size": [0.75, 1.75]},
								"east": {"uv": [4, 4], "uv_size": [4.5, 1.75]},
								"south": {"uv": [7, 27], "uv_size": [0.75, 1.75]},
								"west": {"uv": [6, 0], "uv_size": [4.5, 1.75]},
								"up": {"uv": [18, 21], "uv_size": [0.75, 4.5]},
								"down": {"uv": [19, 25.5], "uv_size": [0.75, -4.5]}
							}
						},
						{
							"origin": [-0.8125, 1, 2.875],
							"size": [0.625, 1.625, 4.375],
							"pivot": [-0.8125, 1.75, 2.875],
							"rotation": [0, 2.5, 0],
							"uv": {
								"north": {"uv": [27, 8], "uv_size": [0.75, 1.75]},
								"east": {"uv": [6, 2], "uv_size": [4.5, 1.75]},
								"south": {"uv": [27, 10], "uv_size": [0.75, 1.75]},
								"west": {"uv": [4, 6], "uv_size": [4.5, 1.75]},
								"up": {"uv": [0, 22], "uv_size": [0.75, 4.5]},
								"down": {"uv": [1, 26.5], "uv_size": [0.75, -4.5]}
							}
						},
						{
							"origin": [0.6875, 1, -6.125],
							"size": [0.5, 0.75, 3.125],
							"pivot": [0.6875, 1.4375, -4.75],
							"rotation": [0, 7.5, 0],
							"uv": {
								"north": {"uv": [33, 23], "uv_size": [0.5, 0.75]},
								"east": {"uv": [12, 23], "uv_size": [3.25, 0.75]},
								"south": {"uv": [24, 33], "uv_size": [0.5, 0.75]},
								"west": {"uv": [23, 14], "uv_size": [3.25, 0.75]},
								"up": {"uv": [1, 27], "uv_size": [0.5, 3.25]},
								"down": {"uv": [6, 30.25], "uv_size": [0.5, -3.25]}
							}
						},
						{
							"origin": [-0.3125, 1, -6.25],
							"size": [1, 0.375, 3.25],
							"pivot": [0.1875, 1.4375, -4.75],
							"rotation": [0, 7.5, 0],
							"uv": {
								"north": {"uv": [32, 29], "uv_size": [1, 0.5]},
								"east": {"uv": [27, 2], "uv_size": [3.25, 0.5]},
								"south": {"uv": [30, 32], "uv_size": [1, 0.5]},
								"west": {"uv": [27, 3], "uv_size": [3.25, 0.5]},
								"up": {"uv": [2, 22], "uv_size": [1, 3.25]},
								"down": {"uv": [3, 25.25], "uv_size": [1, -3.25]}
							}
						},
						{
							"origin": [-0.6875, 1, -6.375],
							"size": [0.875, 0.375, 3.375],
							"pivot": [-0.1875, 1.4375, -4.75],
							"rotation": [0, -7.5, 0],
							"uv": {
								"north": {"uv": [32, 30], "uv_size": [1, 0.5]},
								"east": {"uv": [12, 26], "uv_size": [3.5, 0.5]},
								"south": {"uv": [31, 32], "uv_size": [1, 0.5]},
								"west": {"uv": [25, 26], "uv_size": [3.5, 0.5]},
								"up": {"uv": [13, 0], "uv_size": [1, 3.5]},
								"down": {"uv": [6, 23.5], "uv_size": [1, -3.5]}
							}
						},
						{
							"origin": [0.43536, 1.75, -6.53263],
							"size": [0.25, 0.375, 3.625],
							"pivot": [0.68536, 2.125, -6.53263],
							"rotation": [0, 5, 0],
							"uv": {
								"north": {"uv": [36, 35], "uv_size": [0.25, 0.5]},
								"east": {"uv": [12, 25], "uv_size": [3.75, 0.5]},
								"south": {"uv": [36, 36], "uv_size": [0.25, 0.5]},
								"west": {"uv": [25, 17], "uv_size": [3.75, 0.5]},
								"up": {"uv": [17, 28], "uv_size": [0.25, 3.75]},
								"down": {"uv": [23, 31.75], "uv_size": [0.25, -3.75]}
							}
						},
						{
							"origin": [-0.68536, 1.75, -6.53263],
							"size": [0.25, 0.375, 3.625],
							"pivot": [-0.68536, 2.125, -6.53263],
							"rotation": [0, -5, 0],
							"uv": {
								"north": {"uv": [37, 3], "uv_size": [0.25, 0.5]},
								"east": {"uv": [25, 18], "uv_size": [3.75, 0.5]},
								"south": {"uv": [4, 37], "uv_size": [0.25, 0.5]},
								"west": {"uv": [25, 19], "uv_size": [3.75, 0.5]},
								"up": {"uv": [24, 28], "uv_size": [0.25, 3.75]},
								"down": {"uv": [26, 31.75], "uv_size": [0.25, -3.75]}
							}
						},
						{
							"origin": [-0.68964, 1.75, -6.53263],
							"size": [1.375, 0.375, 0.25],
							"uv": {
								"north": {"uv": [29, 26], "uv_size": [1.5, 0.5]},
								"east": {"uv": [37, 1], "uv_size": [0.25, 0.5]},
								"south": {"uv": [29, 27], "uv_size": [1.5, 0.5]},
								"west": {"uv": [3, 37], "uv_size": [0.25, 0.5]},
								"up": {"uv": [34, 0], "uv_size": [1.5, 0.25]},
								"down": {"uv": [34, 4.25], "uv_size": [1.5, -0.25]}
							}
						},
						{
							"origin": [-0.68964, 2.125, -6.40763],
							"size": [0.125, 1.125, 0.125],
							"pivot": [-0.68964, 2.125, -6.40763],
							"rotation": [-20, 0, 0],
							"uv": {
								"north": {"uv": [24, 34], "uv_size": [0.25, 1.25]},
								"east": {"uv": [34, 24], "uv_size": [0.25, 1.25]},
								"south": {"uv": [25, 34], "uv_size": [0.25, 1.25]},
								"west": {"uv": [26, 34], "uv_size": [0.25, 1.25]},
								"up": {"uv": [4, 38], "uv_size": [0.25, 0.25]},
								"down": {"uv": [38, 4.25], "uv_size": [0.25, -0.25]}
							}
						},
						{
							"origin": [0.56464, 2.125, -6.40763],
							"size": [0.125, 1.125, 0.125],
							"pivot": [0.68964, 2.125, -6.40763],
							"rotation": [-20, 0, 0],
							"uv": {
								"north": {"uv": [34, 26], "uv_size": [0.25, 1.25]},
								"east": {"uv": [27, 34], "uv_size": [0.25, 1.25]},
								"south": {"uv": [28, 34], "uv_size": [0.25, 1.25]},
								"west": {"uv": [34, 28], "uv_size": [0.25, 1.25]},
								"up": {"uv": [7, 38], "uv_size": [0.25, 0.25]},
								"down": {"uv": [38, 7.25], "uv_size": [0.25, -0.25]}
							}
						},
						{
							"origin": [-0.56036, 3.125, -6.40763],
							"size": [1.125, 0.125, 0.125],
							"pivot": [0.56464, 2.125, -6.40763],
							"rotation": [-20, 0, 0],
							"uv": {
								"north": {"uv": [34, 30], "uv_size": [1.25, 0.25]},
								"east": {"uv": [10, 38], "uv_size": [0.25, 0.25]},
								"south": {"uv": [34, 31], "uv_size": [1.25, 0.25]},
								"west": {"uv": [38, 10], "uv_size": [0.25, 0.25]},
								"up": {"uv": [34, 32], "uv_size": [1.25, 0.25]},
								"down": {"uv": [33, 34.25], "uv_size": [1.25, -0.25]}
							}
						},
						{
							"origin": [-0.68964, 3.18215, -6.02286],
							"size": [0.125, 1.5, 0.125],
							"pivot": [-0.68964, 3.18215, -6.02286],
							"rotation": [-60, 0, 0],
							"uv": {
								"north": {"uv": [30, 33], "uv_size": [0.25, 1.5]},
								"east": {"uv": [33, 30], "uv_size": [0.25, 1.5]},
								"south": {"uv": [31, 33], "uv_size": [0.25, 1.5]},
								"west": {"uv": [32, 33], "uv_size": [0.25, 1.5]},
								"up": {"uv": [5, 38], "uv_size": [0.25, 0.25]},
								"down": {"uv": [38, 5.25], "uv_size": [0.25, -0.25]}
							}
						},
						{
							"origin": [0.56464, 3.18215, -6.02286],
							"size": [0.125, 1.5, 0.125],
							"pivot": [0.68964, 3.18215, -6.02286],
							"rotation": [-60, 0, 0],
							"uv": {
								"north": {"uv": [33, 32], "uv_size": [0.25, 1.5]},
								"east": {"uv": [34, 2], "uv_size": [0.25, 1.5]},
								"south": {"uv": [4, 34], "uv_size": [0.25, 1.5]},
								"west": {"uv": [5, 34], "uv_size": [0.25, 1.5]},
								"up": {"uv": [8, 38], "uv_size": [0.25, 0.25]},
								"down": {"uv": [38, 8.25], "uv_size": [0.25, -0.25]}
							}
						},
						{
							"origin": [-0.68964, 3.93215, -4.72382],
							"size": [0.125, 1.75, 0.125],
							"pivot": [-0.68964, 3.93215, -4.72382],
							"rotation": [-80, 0, 0],
							"uv": {
								"north": {"uv": [9, 33], "uv_size": [0.25, 1.75]},
								"east": {"uv": [33, 9], "uv_size": [0.25, 1.75]},
								"south": {"uv": [10, 33], "uv_size": [0.25, 1.75]},
								"west": {"uv": [11, 33], "uv_size": [0.25, 1.75]},
								"up": {"uv": [6, 38], "uv_size": [0.25, 0.25]},
								"down": {"uv": [38, 6.25], "uv_size": [0.25, -0.25]}
							}
						},
						{
							"origin": [0.56464, 3.93215, -4.72382],
							"size": [0.125, 1.75, 0.125],
							"pivot": [0.68964, 3.93215, -4.72382],
							"rotation": [-80, 0, 0],
							"uv": {
								"north": {"uv": [33, 11], "uv_size": [0.25, 1.75]},
								"east": {"uv": [12, 33], "uv_size": [0.25, 1.75]},
								"south": {"uv": [13, 33], "uv_size": [0.25, 1.75]},
								"west": {"uv": [33, 13], "uv_size": [0.25, 1.75]},
								"up": {"uv": [9, 38], "uv_size": [0.25, 0.25]},
								"down": {"uv": [38, 9.25], "uv_size": [0.25, -0.25]}
							}
						},
						{
							"origin": [-0.56036, 3.93215, -4.72382],
							"size": [1.125, 0.125, 0.125],
							"pivot": [0.68964, 3.93215, -4.72382],
							"rotation": [-80, 0, 0],
							"uv": {
								"north": {"uv": [34, 33], "uv_size": [1.25, 0.25]},
								"east": {"uv": [11, 38], "uv_size": [0.25, 0.25]},
								"south": {"uv": [0, 35], "uv_size": [1.25, 0.25]},
								"west": {"uv": [38, 11], "uv_size": [0.25, 0.25]},
								"up": {"uv": [35, 1], "uv_size": [1.25, 0.25]},
								"down": {"uv": [2, 35.25], "uv_size": [1.25, -0.25]}
							}
						},
						{
							"origin": [-0.68536, 3.80905, -4.70211],
							"size": [0.125, 0.25, 1.75],
							"pivot": [-0.68536, 3.80905, -4.70211],
							"rotation": [-80.03729, -0.86717, 4.92442],
							"uv": {
								"north": {"uv": [12, 38], "uv_size": [0.25, 0.25]},
								"east": {"uv": [33, 15], "uv_size": [1.75, 0.25]},
								"south": {"uv": [38, 12], "uv_size": [0.25, 0.25]},
								"west": {"uv": [16, 33], "uv_size": [1.75, 0.25]},
								"up": {"uv": [14, 33], "uv_size": [0.25, 1.75]},
								"down": {"uv": [33, 17.75], "uv_size": [0.25, -1.75]}
							}
						},
						{
							"origin": [0.56036, 3.80905, -4.70211],
							"size": [0.125, 0.25, 1.75],
							"pivot": [0.68536, 3.80905, -4.70211],
							"rotation": [-80.03729, 0.86717, -4.92442],
							"uv": {
								"north": {"uv": [13, 38], "uv_size": [0.25, 0.25]},
								"east": {"uv": [18, 33], "uv_size": [1.75, 0.25]},
								"south": {"uv": [38, 13], "uv_size": [0.25, 0.25]},
								"west": {"uv": [33, 18], "uv_size": [1.75, 0.25]},
								"up": {"uv": [33, 19], "uv_size": [0.25, 1.75]},
								"down": {"uv": [20, 34.75], "uv_size": [0.25, -1.75]}
							}
						},
						{
							"origin": [0.56416, 3.87367, -2.98059],
							"size": [0.125, 0.25, 2.125],
							"pivot": [0.68916, 4.12367, -2.98059],
							"rotation": [-87.53729, 0.86717, -4.92442],
							"uv": {
								"north": {"uv": [14, 38], "uv_size": [0.25, 0.25]},
								"east": {"uv": [32, 1], "uv_size": [2.25, 0.25]},
								"south": {"uv": [38, 14], "uv_size": [0.25, 0.25]},
								"west": {"uv": [4, 32], "uv_size": [2.25, 0.25]},
								"up": {"uv": [7, 32], "uv_size": [0.25, 2.25]},
								"down": {"uv": [8, 34.25], "uv_size": [0.25, -2.25]}
							}
						},
						{
							"origin": [-0.68916, 3.87367, -2.98059],
							"size": [0.125, 0.25, 2.125],
							"pivot": [-0.68916, 4.12367, -2.98059],
							"rotation": [-87.53729, -0.86717, 4.92442],
							"uv": {
								"north": {"uv": [15, 38], "uv_size": [0.25, 0.25]},
								"east": {"uv": [9, 32], "uv_size": [2.25, 0.25]},
								"south": {"uv": [38, 15], "uv_size": [0.25, 0.25]},
								"west": {"uv": [12, 32], "uv_size": [2.25, 0.25]},
								"up": {"uv": [15, 32], "uv_size": [0.25, 2.25]},
								"down": {"uv": [32, 18.25], "uv_size": [0.25, -2.25]}
							}
						},
						{
							"origin": [0.56416, 2.74867, -1.60559],
							"size": [0.125, 1.125, 0.75],
							"pivot": [0.68916, 4.12367, -2.98059],
							"rotation": [-87.53729, 0.86717, -4.92442],
							"uv": {
								"north": {"uv": [35, 5], "uv_size": [0.25, 1.25]},
								"east": {"uv": [28, 23], "uv_size": [0.75, 1.25]},
								"south": {"uv": [6, 35], "uv_size": [0.25, 1.25]},
								"west": {"uv": [27, 28], "uv_size": [0.75, 1.25]},
								"up": {"uv": [25, 36], "uv_size": [0.25, 0.75]},
								"down": {"uv": [36, 25.75], "uv_size": [0.25, -0.75]}
							}
						},
						{
							"origin": [-0.68916, 2.74867, -1.60559],
							"size": [0.125, 1.125, 0.75],
							"pivot": [-0.68916, 4.12367, -2.98059],
							"rotation": [-87.53729, -0.86717, 4.92442],
							"uv": {
								"north": {"uv": [7, 35], "uv_size": [0.25, 1.25]},
								"east": {"uv": [28, 27], "uv_size": [0.75, 1.25]},
								"south": {"uv": [35, 7], "uv_size": [0.25, 1.25]},
								"west": {"uv": [29, 0], "uv_size": [0.75, 1.25]},
								"up": {"uv": [26, 36], "uv_size": [0.25, 0.75]},
								"down": {"uv": [36, 26.75], "uv_size": [0.25, -0.75]}
							}
						},
						{
							"origin": [0.65841, 0.62377, -4.5113],
							"size": [0.125, 2.125, 0.625],
							"pivot": [0.78341, 2.74877, -4.5113],
							"rotation": [-72.48681, 5.79149, -4.05601],
							"uv": {
								"north": {"uv": [0, 32], "uv_size": [0.25, 2.25]},
								"east": {"uv": [10, 26], "uv_size": [0.75, 2.25]},
								"south": {"uv": [1, 32], "uv_size": [0.25, 2.25]},
								"west": {"uv": [18, 26], "uv_size": [0.75, 2.25]},
								"up": {"uv": [36, 22], "uv_size": [0.25, 0.75]},
								"down": {"uv": [36, 23.75], "uv_size": [0.25, -0.75]}
							}
						},
						{
							"origin": [-0.78341, 0.62377, -4.5113],
							"size": [0.125, 2.125, 0.625],
							"pivot": [-0.78341, 2.74877, -4.5113],
							"rotation": [-72.48681, -5.79149, 4.05601],
							"uv": {
								"north": {"uv": [2, 32], "uv_size": [0.25, 2.25]},
								"east": {"uv": [19, 26], "uv_size": [0.75, 2.25]},
								"south": {"uv": [3, 32], "uv_size": [0.25, 2.25]},
								"west": {"uv": [21, 26], "uv_size": [0.75, 2.25]},
								"up": {"uv": [24, 36], "uv_size": [0.25, 0.75]},
								"down": {"uv": [36, 24.75], "uv_size": [0.25, -0.75]}
							}
						},
						{
							"origin": [0.50375, 1, -6.8035],
							"size": [0.5, 0.75, 0.625],
							"pivot": [1.00375, 1.875, -6.1785],
							"rotation": [0, 27.5, 0],
							"uv": {
								"north": {"uv": [33, 24], "uv_size": [0.5, 0.75]},
								"east": {"uv": [29, 31], "uv_size": [0.75, 0.75]},
								"south": {"uv": [25, 33], "uv_size": [0.5, 0.75]},
								"west": {"uv": [30, 31], "uv_size": [0.75, 0.75]},
								"up": {"uv": [33, 25], "uv_size": [0.5, 0.75]},
								"down": {"uv": [26, 33.75], "uv_size": [0.5, -0.75]}
							}
						},
						{
							"origin": [-1.00375, 1, -6.8035],
							"size": [0.5, 0.75, 0.625],
							"pivot": [-1.00375, 1.875, -6.1785],
							"rotation": [0, -27.5, 0],
							"uv": {
								"north": {"uv": [33, 26], "uv_size": [0.5, 0.75]},
								"east": {"uv": [31, 30], "uv_size": [0.75, 0.75]},
								"south": {"uv": [27, 33], "uv_size": [0.5, 0.75]},
								"west": {"uv": [31, 31], "uv_size": [0.75, 0.75]},
								"up": {"uv": [33, 27], "uv_size": [0.5, 0.75]},
								"down": {"uv": [28, 33.75], "uv_size": [0.5, -0.75]}
							}
						}
					]
				},
				{
					"name": "TailRotor",
					"parent": "Helicopter",
					"pivot": [0.3125, 5.3125, 6.4375],
					"cubes": [
						{
							"origin": [0.3125, 5.1875, 4.6875],
							"size": [0.125, 0.25, 3.5],
							"uv": {
								"north": {"uv": [22, 38], "uv_size": [0.25, 0.25]},
								"east": {"uv": [12, 29], "uv_size": [3.5, 0.25]},
								"south": {"uv": [38, 22], "uv_size": [0.25, 0.25]},
								"west": {"uv": [29, 12], "uv_size": [3.5, 0.25]},
								"up": {"uv": [29, 15], "uv_size": [0.25, 3.5]},
								"down": {"uv": [16, 32.5], "uv_size": [0.25, -3.5]}
							}
						},
						{
							"origin": [0.3125, 5.0625, 6.1875],
							"size": [0.25, 0.5, 0.5],
							"uv": {
								"north": {"uv": [37, 33], "uv_size": [0.25, 0.5]},
								"east": {"uv": [20, 36], "uv_size": [0.5, 0.5]},
								"south": {"uv": [34, 37], "uv_size": [0.25, 0.5]},
								"west": {"uv": [36, 20], "uv_size": [0.5, 0.5]},
								"up": {"uv": [37, 34], "uv_size": [0.25, 0.5]},
								"down": {"uv": [35, 37.5], "uv_size": [0.25, -0.5]}
							}
						}
					]
				},
				{
					"name": "Rotor",
					"parent": "Helicopter",
					"pivot": [0, 5.28333, -2.4375],
					"cubes": [
						{
							"origin": [-0.1425, 4.528, -2.58],
							"size": [0.285, 1.14, 0.285],
							"uv": {
								"north": {"uv": [35, 24], "uv_size": [0.25, 1.25]},
								"east": {"uv": [35, 26], "uv_size": [0.25, 1.25]},
								"south": {"uv": [35, 28], "uv_size": [0.25, 1.25]},
								"west": {"uv": [30, 35], "uv_size": [0.25, 1.25]},
								"up": {"uv": [16, 38], "uv_size": [0.25, 0.25]},
								"down": {"uv": [38, 16.25], "uv_size": [0.25, -0.25]}
							}
						},
						{
							"origin": [-0.2375, 4.783, -2.96],
							"size": [0.475, 0.095, 1.045],
							"uv": {
								"north": {"uv": [37, 12], "uv_size": [0.5, 0.25]},
								"east": {"uv": [36, 12], "uv_size": [1, 0.25]},
								"south": {"uv": [13, 37], "uv_size": [0.5, 0.25]},
								"west": {"uv": [36, 13], "uv_size": [1, 0.25]},
								"up": {"uv": [33, 3], "uv_size": [0.5, 1]},
								"down": {"uv": [4, 34], "uv_size": [0.5, -1]}
							}
						},
						{
							"origin": [-0.5225, 4.973, -2.675],
							"size": [1.045, 0.095, 0.475],
							"uv": {
								"north": {"uv": [36, 14], "uv_size": [1, 0.25]},
								"east": {"uv": [37, 17], "uv_size": [0.5, 0.25]},
								"south": {"uv": [36, 15], "uv_size": [1, 0.25]},
								"west": {"uv": [18, 37], "uv_size": [0.5, 0.25]},
								"up": {"uv": [33, 4], "uv_size": [1, 0.5]},
								"down": {"uv": [5, 33.5], "uv_size": [1, -0.5]}
							}
						},
						{
							"origin": [-0.2375, 5.448, -2.2],
							"size": [0.475, 0.19, 0.475],
							"uv": {
								"north": {"uv": [37, 22], "uv_size": [0.5, 0.25]},
								"east": {"uv": [23, 37], "uv_size": [0.5, 0.25]},
								"south": {"uv": [37, 23], "uv_size": [0.5, 0.25]},
								"west": {"uv": [24, 37], "uv_size": [0.5, 0.25]},
								"up": {"uv": [36, 16], "uv_size": [0.5, 0.5]},
								"down": {"uv": [36, 17.5], "uv_size": [0.5, -0.5]}
							}
						},
						{
							"origin": [-0.2375, 5.448, -3.15],
							"size": [0.475, 0.19, 0.475],
							"uv": {
								"north": {"uv": [37, 25], "uv_size": [0.5, 0.25]},
								"east": {"uv": [26, 37], "uv_size": [0.5, 0.25]},
								"south": {"uv": [37, 26], "uv_size": [0.5, 0.25]},
								"west": {"uv": [27, 37], "uv_size": [0.5, 0.25]},
								"up": {"uv": [18, 36], "uv_size": [0.5, 0.5]},
								"down": {"uv": [36, 18.5], "uv_size": [0.5, -0.5]}
							}
						},
						{
							"origin": [-0.7125, 5.448, -2.675],
							"size": [1.425, 0.19, 0.475],
							"uv": {
								"north": {"uv": [34, 13], "uv_size": [1.5, 0.25]},
								"east": {"uv": [37, 24], "uv_size": [0.5, 0.25]},
								"south": {"uv": [34, 14], "uv_size": [1.5, 0.25]},
								"west": {"uv": [25, 37], "uv_size": [0.5, 0.25]},
								"up": {"uv": [30, 16], "uv_size": [1.5, 0.5]},
								"down": {"uv": [30, 17.5], "uv_size": [1.5, -0.5]}
							}
						},
						{
							"origin": [0.6575, 5.448, -2.58],
							"size": [5, 0.095, 0.535],
							"uv": {
								"north": {"uv": [28, 6], "uv_size": [5, 0.25]},
								"east": {"uv": [37, 27], "uv_size": [0.5, 0.25]},
								"south": {"uv": [28, 7], "uv_size": [5, 0.25]},
								"west": {"uv": [28, 37], "uv_size": [0.5, 0.25]},
								"up": {"uv": [22, 8], "uv_size": [5, 0.5]},
								"down": {"uv": [22, 11.5], "uv_size": [5, -0.5]}
							}
						},
						{
							"origin": [-5.7125, 5.448, -2.83],
							"size": [5, 0.095, 0.535],
							"uv": {
								"north": {"uv": [28, 8], "uv_size": [5, 0.25]},
								"east": {"uv": [37, 28], "uv_size": [0.5, 0.25]},
								"south": {"uv": [28, 9], "uv_size": [5, 0.25]},
								"west": {"uv": [29, 37], "uv_size": [0.5, 0.25]},
								"up": {"uv": [22, 12], "uv_size": [5, 0.5]},
								"down": {"uv": [22, 13.5], "uv_size": [5, -0.5]}
							}
						},
						{
							"origin": [-0.3925, 5.448, -1.725],
							"size": [0.535, 0.095, 5],
							"uv": {
								"north": {"uv": [37, 29], "uv_size": [0.5, 0.25]},
								"east": {"uv": [28, 10], "uv_size": [5, 0.25]},
								"south": {"uv": [30, 37], "uv_size": [0.5, 0.25]},
								"west": {"uv": [28, 11], "uv_size": [5, 0.25]},
								"up": {"uv": [11, 22], "uv_size": [0.5, 5]},
								"down": {"uv": [22, 19], "uv_size": [0.5, -5]}
							}
						},
						{
							"origin": [-0.1425, 5.448, -8.095],
							"size": [0.535, 0.095, 5],
							"uv": {
								"north": {"uv": [37, 30], "uv_size": [0.5, 0.25]},
								"east": {"uv": [28, 13], "uv_size": [5, 0.25]},
								"south": {"uv": [31, 37], "uv_size": [0.5, 0.25]},
								"west": {"uv": [28, 14], "uv_size": [5, 0.25]},
								"up": {"uv": [22, 19], "uv_size": [0.5, 5]},
								"down": {"uv": [20, 27], "uv_size": [0.5, -5]}
							}
						},
						{
							"origin": [-0.0475, 4.878, -2.105],
							"size": [0.095, 0.57, 0.095],
							"uv": {
								"north": {"uv": [37, 13], "uv_size": [0.25, 0.5]},
								"east": {"uv": [14, 37], "uv_size": [0.25, 0.5]},
								"south": {"uv": [37, 14], "uv_size": [0.25, 0.5]},
								"west": {"uv": [15, 37], "uv_size": [0.25, 0.5]},
								"up": {"uv": [17, 38], "uv_size": [0.25, 0.25]},
								"down": {"uv": [38, 17.25], "uv_size": [0.25, -0.25]}
							}
						},
						{
							"origin": [-0.4275, 5.068, -2.485],
							"size": [0.095, 0.38, 0.095],
							"uv": {
								"north": {"uv": [37, 18], "uv_size": [0.25, 0.5]},
								"east": {"uv": [19, 37], "uv_size": [0.25, 0.5]},
								"south": {"uv": [37, 19], "uv_size": [0.25, 0.5]},
								"west": {"uv": [20, 37], "uv_size": [0.25, 0.5]},
								"up": {"uv": [19, 38], "uv_size": [0.25, 0.25]},
								"down": {"uv": [38, 19.25], "uv_size": [0.25, -0.25]}
							}
						},
						{
							"origin": [0.3325, 5.068, -2.485],
							"size": [0.095, 0.38, 0.095],
							"uv": {
								"north": {"uv": [37, 20], "uv_size": [0.25, 0.5]},
								"east": {"uv": [21, 37], "uv_size": [0.25, 0.5]},
								"south": {"uv": [37, 21], "uv_size": [0.25, 0.5]},
								"west": {"uv": [22, 37], "uv_size": [0.25, 0.5]},
								"up": {"uv": [20, 38], "uv_size": [0.25, 0.25]},
								"down": {"uv": [38, 20.25], "uv_size": [0.25, -0.25]}
							}
						},
						{
							"origin": [-0.0475, 4.878, -2.865],
							"size": [0.095, 0.57, 0.095],
							"uv": {
								"north": {"uv": [37, 15], "uv_size": [0.25, 0.5]},
								"east": {"uv": [16, 37], "uv_size": [0.25, 0.5]},
								"south": {"uv": [37, 16], "uv_size": [0.25, 0.5]},
								"west": {"uv": [17, 37], "uv_size": [0.25, 0.5]},
								"up": {"uv": [18, 38], "uv_size": [0.25, 0.25]},
								"down": {"uv": [38, 18.25], "uv_size": [0.25, -0.25]}
							}
						}
					]
				},
				{
					"name": "MG",
					"parent": "Helicopter",
					"pivot": [-0.00461, 0.86458, -5.35131],
					"cubes": [
						{
							"origin": [0.1875, 0.3125, -5.625],
							"size": [0.125, 0.625, 0.5],
							"uv": {
								"north": {"uv": [36, 32], "uv_size": [0.25, 0.75]},
								"east": {"uv": [34, 20], "uv_size": [0.5, 0.75]},
								"south": {"uv": [36, 33], "uv_size": [0.25, 0.75]},
								"west": {"uv": [34, 21], "uv_size": [0.5, 0.75]},
								"up": {"uv": [0, 38], "uv_size": [0.25, 0.5]},
								"down": {"uv": [38, 0.5], "uv_size": [0.25, -0.5]}
							}
						},
						{
							"origin": [-0.3125, 0.3125, -5.625],
							"size": [0.125, 0.625, 0.5],
							"uv": {
								"north": {"uv": [36, 34], "uv_size": [0.25, 0.75]},
								"east": {"uv": [22, 34], "uv_size": [0.5, 0.75]},
								"south": {"uv": [35, 36], "uv_size": [0.25, 0.75]},
								"west": {"uv": [34, 22], "uv_size": [0.5, 0.75]},
								"up": {"uv": [1, 38], "uv_size": [0.25, 0.5]},
								"down": {"uv": [38, 1.5], "uv_size": [0.25, -0.5]}
							}
						},
						{
							"origin": [-0.25, 0.1875, -6.125],
							"size": [0.5, 0.625, 1.25],
							"uv": {
								"north": {"uv": [23, 34], "uv_size": [0.5, 0.75]},
								"east": {"uv": [3, 29], "uv_size": [1.25, 0.75]},
								"south": {"uv": [34, 23], "uv_size": [0.5, 0.75]},
								"west": {"uv": [7, 29], "uv_size": [1.25, 0.75]},
								"up": {"uv": [31, 27], "uv_size": [0.5, 1.25]},
								"down": {"uv": [28, 32.25], "uv_size": [0.5, -1.25]}
							}
						},
						{
							"origin": [-0.71516, 0.875, -6.10788],
							"size": [1.375, 0.125, 1.25],
							"uv": {
								"north": {"uv": [18, 34], "uv_size": [1.5, 0.25]},
								"east": {"uv": [36, 0], "uv_size": [1.25, 0.25]},
								"south": {"uv": [34, 19], "uv_size": [1.5, 0.25]},
								"west": {"uv": [36, 2], "uv_size": [1.25, 0.25]},
								"up": {"uv": [26, 6], "uv_size": [1.5, 1.25]},
								"down": {"uv": [8, 27.25], "uv_size": [1.5, -1.25]}
							}
						},
						{
							"origin": [-0.125, 0.3125, -6.6875],
							"size": [0.25, 0.375, 0.625],
							"uv": {
								"north": {"uv": [2, 38], "uv_size": [0.25, 0.5]},
								"east": {"uv": [21, 36], "uv_size": [0.5, 0.5]},
								"south": {"uv": [38, 2], "uv_size": [0.25, 0.5]},
								"west": {"uv": [36, 21], "uv_size": [0.5, 0.5]},
								"up": {"uv": [3, 38], "uv_size": [0.25, 0.5]},
								"down": {"uv": [38, 3.5], "uv_size": [0.25, -0.5]}
							}
						},
						{
							"origin": [-0.0625, 0.4375, -7.9375],
							"size": [0.125, 0.125, 1.875],
							"pivot": [0, 0.5, -7],
							"rotation": [0, 0, 45],
							"uv": {
								"north": {"uv": [23, 38], "uv_size": [0.25, 0.25]},
								"east": {"uv": [33, 5], "uv_size": [2, 0.25]},
								"south": {"uv": [38, 23], "uv_size": [0.25, 0.25]},
								"west": {"uv": [33, 6], "uv_size": [2, 0.25]},
								"up": {"uv": [6, 33], "uv_size": [0.25, 2]},
								"down": {"uv": [33, 9], "uv_size": [0.25, -2]}
							}
						}
					]
				},
				{
					"name": "bone",
					"parent": "Helicopter",
					"pivot": [0.875, 3.4375, -2.3125],
					"rotation": [0, 0, -12.5],
					"cubes": [
						{
							"origin": [0.785, 2.89125, -2.76375],
							"size": [0.095, 0.76, 0.76],
							"pivot": [0.875, 3.27125, -2.38375],
							"rotation": [180, 0, 0],
							"uv": {
								"north": {"uv": [62, 12], "uv_size": [2, 2]},
								"east": {"uv": [62, 12], "uv_size": [2, 2]},
								"south": {"uv": [62, 12], "uv_size": [2, 2]},
								"west": {"uv": [61.75, 9], "uv_size": [2, 2]},
								"up": {"uv": [64, 14], "uv_size": [-2, -2]},
								"down": {"uv": [63.875, 14.5], "uv_size": [-2, -2]}
							}
						},
						{
							"origin": [0.785, 3.22375, -2.62125],
							"size": [0.095, 0.76, 0.76],
							"uv": {
								"north": {"uv": [62, 12], "uv_size": [2, 2]},
								"east": {"uv": [62, 12], "uv_size": [2, 2]},
								"south": {"uv": [62, 12], "uv_size": [2, 2]},
								"west": {"uv": [61.75, 9], "uv_size": [2, 2]},
								"up": {"uv": [64, 14], "uv_size": [-2, -2]},
								"down": {"uv": [63.875, 14.5], "uv_size": [-2, -2]}
							}
						}
					]
				},
				{
					"name": "bone2",
					"parent": "Helicopter",
					"pivot": [-0.875, 3.4375, -2.3125],
					"rotation": [0, 0, 12.5],
					"cubes": [
						{
							"origin": [-0.88, 2.89125, -2.76375],
							"size": [0.095, 0.76, 0.76],
							"pivot": [-0.875, 3.27125, -2.38375],
							"rotation": [180, 0, 0],
							"uv": {
								"north": {"uv": [64, 12], "uv_size": [-2, 2]},
								"east": {"uv": [63.75, 9], "uv_size": [-2, 2]},
								"south": {"uv": [64, 12], "uv_size": [-2, 2]},
								"west": {"uv": [64, 12], "uv_size": [-2, 2]},
								"up": {"uv": [62, 14], "uv_size": [2, -2]},
								"down": {"uv": [61.875, 14.5], "uv_size": [2, -2]}
							}
						},
						{
							"origin": [-0.88, 3.22375, -2.62125],
							"size": [0.095, 0.76, 0.76],
							"uv": {
								"north": {"uv": [64, 12], "uv_size": [-2, 2]},
								"east": {"uv": [63.75, 9], "uv_size": [-2, 2]},
								"south": {"uv": [64, 12], "uv_size": [-2, 2]},
								"west": {"uv": [64, 12], "uv_size": [-2, 2]},
								"up": {"uv": [62, 14], "uv_size": [2, -2]},
								"down": {"uv": [61.875, 14.5], "uv_size": [2, -2]}
							}
						}
					]
				}
			]
		}
	]
}
