{
	"format_version": "1.12.0",
	"minecraft:geometry": [
		{
			"description": {
				"identifier": "geometry.hummer",
				"texture_width": 64,
				"texture_height": 64,
				"visible_bounds_width": 10.5,
				"visible_bounds_height": 10.5,
				"visible_bounds_offset": [0, 0.25, 0]
			},
			"bones": [
				{
					"name": "LeftFront",
					"pivot": [1.25, 0.75, -2.625],
					"cubes": [
						{
							"origin": [1.125, 0.43934, -3.375],
							"size": [0.875, 0.62132, 1.5],
							"pivot": [1.25, 0.75, -2.625],
							"rotation": [-45, 0, 0],
							"uv": {
								"north": {"uv": [2, 27], "uv_size": [1, 0.5]},
								"east": {"uv": [8, 24], "uv_size": [1.5, 0.5]},
								"south": {"uv": [3, 27], "uv_size": [1, 0.5]},
								"west": {"uv": [24, 8], "uv_size": [1.5, 0.5]},
								"up": {"uv": [18, 16], "uv_size": [1, 1.5]},
								"down": {"uv": [18, 19.5], "uv_size": [1, -1.5]}
							}
						},
						{
							"origin": [1.125, 0.43934, -3.375],
							"size": [0.875, 0.62132, 1.5],
							"uv": {
								"north": {"uv": [27, 4], "uv_size": [1, 0.5]},
								"east": {"uv": [10, 24], "uv_size": [1.5, 0.5]},
								"south": {"uv": [6, 27], "uv_size": [1, 0.5]},
								"west": {"uv": [12, 24], "uv_size": [1.5, 0.5]},
								"up": {"uv": [4, 19], "uv_size": [1, 1.5]},
								"down": {"uv": [5, 20.5], "uv_size": [1, -1.5]}
							}
						},
						{
							"origin": [1.125, 0, -2.93566],
							"size": [0.875, 1.5, 0.62132],
							"pivot": [1.25, 0.75, -2.625],
							"rotation": [-45, 0, 0],
							"uv": {
								"north": {"uv": [6, 19], "uv_size": [1, 1.5]},
								"east": {"uv": [14, 24], "uv_size": [0.5, 1.5]},
								"south": {"uv": [7, 19], "uv_size": [1, 1.5]},
								"west": {"uv": [15, 24], "uv_size": [0.5, 1.5]},
								"up": {"uv": [27, 6], "uv_size": [1, 0.5]},
								"down": {"uv": [7, 27.5], "uv_size": [1, -0.5]}
							}
						},
						{
							"origin": [1.125, 0, -2.93566],
							"size": [0.875, 1.5, 0.62132],
							"uv": {
								"north": {"uv": [8, 19], "uv_size": [1, 1.5]},
								"east": {"uv": [16, 24], "uv_size": [0.5, 1.5]},
								"south": {"uv": [9, 19], "uv_size": [1, 1.5]},
								"west": {"uv": [24, 16], "uv_size": [0.5, 1.5]},
								"up": {"uv": [8, 27], "uv_size": [1, 0.5]},
								"down": {"uv": [9, 27.5], "uv_size": [1, -0.5]}
							}
						},
						{
							"origin": [1.131, 0.05, -3.45],
							"size": [0.879, 1.5, 1.5],
							"uv": {
								"north": {"uv": [39.25, 0], "uv_size": [1.5, 1.5]},
								"east": {"uv": [39.25, 0], "uv_size": [1.5, 1.5]},
								"south": {"uv": [39.25, 0], "uv_size": [1.5, 1.5]},
								"west": {"uv": [40.75, 0], "uv_size": [1.875, 1.875]},
								"up": {"uv": [40.75, 1.5], "uv_size": [-1.5, -1.5]},
								"down": {"uv": [40.75, 1.5], "uv_size": [-1.5, -1.5]}
							}
						},
						{
							"origin": [-2.01, 0.05, -3.45],
							"size": [0.879, 1.5, 1.5],
							"uv": {
								"north": {"uv": [40.75, 0], "uv_size": [-1.5, 1.5]},
								"east": {"uv": [42.625, 0], "uv_size": [-1.875, 1.875]},
								"south": {"uv": [40.75, 0], "uv_size": [-1.5, 1.5]},
								"west": {"uv": [40.75, 0], "uv_size": [-1.5, 1.5]},
								"up": {"uv": [39.25, 1.5], "uv_size": [1.5, -1.5]},
								"down": {"uv": [39.25, 1.5], "uv_size": [1.5, -1.5]}
							}
						},
						{
							"origin": [1.131, 0.05, 2.7],
							"size": [0.879, 1.5, 1.5],
							"uv": {
								"north": {"uv": [40.75, 0], "uv_size": [-1.5, 1.5]},
								"east": {"uv": [40.75, 0], "uv_size": [-1.5, 1.5]},
								"south": {"uv": [40.75, 0], "uv_size": [-1.5, 1.5]},
								"west": {"uv": [42.625, 0], "uv_size": [-1.875, 1.875]},
								"up": {"uv": [40.75, 0], "uv_size": [-1.5, 1.5]},
								"down": {"uv": [40.75, 0], "uv_size": [-1.5, 1.5]}
							}
						},
						{
							"origin": [-2.01, 0.05, 2.7],
							"size": [0.879, 1.5, 1.5],
							"uv": {
								"north": {"uv": [39.25, 0], "uv_size": [1.5, 1.5]},
								"east": {"uv": [40.75, 0], "uv_size": [1.875, 1.875]},
								"south": {"uv": [39.25, 0], "uv_size": [1.5, 1.5]},
								"west": {"uv": [39.25, 0], "uv_size": [1.5, 1.5]},
								"up": {"uv": [39.25, 0], "uv_size": [1.5, 1.5]},
								"down": {"uv": [39.25, 0], "uv_size": [1.5, 1.5]}
							}
						}
					]
				},
				{
					"name": "RightFront",
					"pivot": [-1.25, 0.75, -2.625],
					"cubes": [
						{
							"origin": [-2, 0.43934, -3.375],
							"size": [0.875, 0.62132, 1.5],
							"pivot": [-1.25, 0.75, -2.625],
							"rotation": [-45, 0, 0],
							"uv": {
								"north": {"uv": [27, 9], "uv_size": [1, 0.5]},
								"east": {"uv": [17, 24], "uv_size": [1.5, 0.5]},
								"south": {"uv": [27, 10], "uv_size": [1, 0.5]},
								"west": {"uv": [24, 18], "uv_size": [1.5, 0.5]},
								"up": {"uv": [19, 16], "uv_size": [1, 1.5]},
								"down": {"uv": [19, 19.5], "uv_size": [1, -1.5]}
							}
						},
						{
							"origin": [-2, 0.43934, -3.375],
							"size": [0.875, 0.62132, 1.5],
							"uv": {
								"north": {"uv": [27, 11], "uv_size": [1, 0.5]},
								"east": {"uv": [19, 24], "uv_size": [1.5, 0.5]},
								"south": {"uv": [12, 27], "uv_size": [1, 0.5]},
								"west": {"uv": [24, 19], "uv_size": [1.5, 0.5]},
								"up": {"uv": [0, 20], "uv_size": [1, 1.5]},
								"down": {"uv": [20, 1.5], "uv_size": [1, -1.5]}
							}
						},
						{
							"origin": [-2, 0, -2.93566],
							"size": [0.875, 1.5, 0.62132],
							"pivot": [-1.25, 0.75, -2.625],
							"rotation": [-45, 0, 0],
							"uv": {
								"north": {"uv": [1, 20], "uv_size": [1, 1.5]},
								"east": {"uv": [24, 20], "uv_size": [0.5, 1.5]},
								"south": {"uv": [2, 20], "uv_size": [1, 1.5]},
								"west": {"uv": [21, 24], "uv_size": [0.5, 1.5]},
								"up": {"uv": [13, 27], "uv_size": [1, 0.5]},
								"down": {"uv": [14, 27.5], "uv_size": [1, -0.5]}
							}
						},
						{
							"origin": [-2, 0, -2.93566],
							"size": [0.875, 1.5, 0.62132],
							"uv": {
								"north": {"uv": [20, 2], "uv_size": [1, 1.5]},
								"east": {"uv": [22, 24], "uv_size": [0.5, 1.5]},
								"south": {"uv": [3, 20], "uv_size": [1, 1.5]},
								"west": {"uv": [23, 24], "uv_size": [0.5, 1.5]},
								"up": {"uv": [27, 14], "uv_size": [1, 0.5]},
								"down": {"uv": [15, 27.5], "uv_size": [1, -0.5]}
							}
						}
					]
				},
				{
					"name": "RightBack",
					"pivot": [-1.125, 0.75, 3.375],
					"cubes": [
						{
							"origin": [-1.875, 0.43934, 2.625],
							"size": [0.875, 0.62132, 1.5],
							"pivot": [-1.125, 0.75, 3.375],
							"rotation": [45, 0, 0],
							"uv": {
								"north": {"uv": [27, 15], "uv_size": [1, 0.5]},
								"east": {"uv": [24, 24], "uv_size": [1.5, 0.5]},
								"south": {"uv": [17, 27], "uv_size": [1, 0.5]},
								"west": {"uv": [0, 25], "uv_size": [1.5, 0.5]},
								"up": {"uv": [20, 8], "uv_size": [1, 1.5]},
								"down": {"uv": [20, 11.5], "uv_size": [1, -1.5]}
							}
						},
						{
							"origin": [-1.875, 0.43934, 2.625],
							"size": [0.875, 0.62132, 1.5],
							"uv": {
								"north": {"uv": [18, 27], "uv_size": [1, 0.5]},
								"east": {"uv": [2, 25], "uv_size": [1.5, 0.5]},
								"south": {"uv": [19, 27], "uv_size": [1, 0.5]},
								"west": {"uv": [4, 25], "uv_size": [1.5, 0.5]},
								"up": {"uv": [20, 12], "uv_size": [1, 1.5]},
								"down": {"uv": [14, 21.5], "uv_size": [1, -1.5]}
							}
						},
						{
							"origin": [-1.875, 0, 3.06434],
							"size": [0.875, 1.5, 0.62132],
							"pivot": [-1.125, 0.75, 3.375],
							"rotation": [45, 0, 0],
							"uv": {
								"north": {"uv": [20, 14], "uv_size": [1, 1.5]},
								"east": {"uv": [6, 25], "uv_size": [0.5, 1.5]},
								"south": {"uv": [15, 20], "uv_size": [1, 1.5]},
								"west": {"uv": [7, 25], "uv_size": [0.5, 1.5]},
								"up": {"uv": [20, 27], "uv_size": [1, 0.5]},
								"down": {"uv": [27, 20.5], "uv_size": [1, -0.5]}
							}
						},
						{
							"origin": [-1.875, 0, 3.06434],
							"size": [0.875, 1.5, 0.62132],
							"uv": {
								"north": {"uv": [16, 20], "uv_size": [1, 1.5]},
								"east": {"uv": [8, 25], "uv_size": [0.5, 1.5]},
								"south": {"uv": [20, 16], "uv_size": [1, 1.5]},
								"west": {"uv": [9, 25], "uv_size": [0.5, 1.5]},
								"up": {"uv": [21, 27], "uv_size": [1, 0.5]},
								"down": {"uv": [22, 27.5], "uv_size": [1, -0.5]}
							}
						}
					]
				},
				{
					"name": "LeftBack",
					"pivot": [1.25, 0.75, 3.375],
					"cubes": [
						{
							"origin": [1.125, 0.43934, 2.625],
							"size": [0.875, 0.62132, 1.5],
							"pivot": [1.25, 0.75, 3.375],
							"rotation": [45, 0, 0],
							"uv": {
								"north": {"uv": [27, 22], "uv_size": [1, 0.5]},
								"east": {"uv": [10, 25], "uv_size": [1.5, 0.5]},
								"south": {"uv": [23, 27], "uv_size": [1, 0.5]},
								"west": {"uv": [25, 10], "uv_size": [1.5, 0.5]},
								"up": {"uv": [17, 20], "uv_size": [1, 1.5]},
								"down": {"uv": [18, 21.5], "uv_size": [1, -1.5]}
							}
						},
						{
							"origin": [1.125, 0.43934, 2.625],
							"size": [0.875, 0.62132, 1.5],
							"uv": {
								"north": {"uv": [24, 27], "uv_size": [1, 0.5]},
								"east": {"uv": [25, 11], "uv_size": [1.5, 0.5]},
								"south": {"uv": [25, 27], "uv_size": [1, 0.5]},
								"west": {"uv": [12, 25], "uv_size": [1.5, 0.5]},
								"up": {"uv": [20, 18], "uv_size": [1, 1.5]},
								"down": {"uv": [19, 21.5], "uv_size": [1, -1.5]}
							}
						},
						{
							"origin": [1.125, 0, 3.06434],
							"size": [0.875, 1.5, 0.62132],
							"pivot": [1.25, 0.75, 3.375],
							"rotation": [45, 0, 0],
							"uv": {
								"north": {"uv": [20, 20], "uv_size": [1, 1.5]},
								"east": {"uv": [25, 12], "uv_size": [0.5, 1.5]},
								"south": {"uv": [21, 0], "uv_size": [1, 1.5]},
								"west": {"uv": [25, 16], "uv_size": [0.5, 1.5]},
								"up": {"uv": [27, 25], "uv_size": [1, 0.5]},
								"down": {"uv": [27, 26.5], "uv_size": [1, -0.5]}
							}
						},
						{
							"origin": [1.125, 0, 3.06434],
							"size": [0.875, 1.5, 0.62132],
							"uv": {
								"north": {"uv": [21, 2], "uv_size": [1, 1.5]},
								"east": {"uv": [17, 25], "uv_size": [0.5, 1.5]},
								"south": {"uv": [4, 21], "uv_size": [1, 1.5]},
								"west": {"uv": [18, 25], "uv_size": [0.5, 1.5]},
								"up": {"uv": [27, 27], "uv_size": [1, 0.5]},
								"down": {"uv": [28, 0.5], "uv_size": [1, -0.5]}
							}
						}
					]
				},
				{
					"name": "Body",
					"pivot": [0, 0.5, 0],
					"cubes": [
						{
							"origin": [-2, 1.625, -3.625],
							"size": [4, 0.5, 2.5],
							"uv": {
								"north": {"uv": [16, 3], "uv_size": [4, 0.5]},
								"east": {"uv": [21, 16], "uv_size": [2.5, 0.5]},
								"south": {"uv": [16, 4], "uv_size": [4, 0.5]},
								"west": {"uv": [21, 17], "uv_size": [2.5, 0.5]},
								"up": {"uv": [4, 0], "uv_size": [4, 2.5]},
								"down": {"uv": [4, 5.5], "uv_size": [4, -2.5]}
							}
						},
						{
							"origin": [-1.25, 1.375, -3.75],
							"size": [2.5, 0.625, 0.125],
							"uv": {
								"north": {"uv": [56.625, 0], "uv_size": [7.375, 1.75]},
								"east": {"uv": [31, 13], "uv_size": [0.25, 0.75]},
								"south": {"uv": [21, 15], "uv_size": [2, 0.75]},
								"west": {"uv": [14, 31], "uv_size": [0.25, 0.75]},
								"up": {"uv": [28, 1], "uv_size": [2, 0.25]},
								"down": {"uv": [28, 4.25], "uv_size": [2, -0.25]}
							}
						},
						{
							"origin": [1.625, 1.625, -3.75],
							"size": [0.25, 0.25, 0.125],
							"uv": {
								"north": {"uv": [25, 32], "uv_size": [0.25, 0.25]},
								"east": {"uv": [32, 25], "uv_size": [0.25, 0.25]},
								"south": {"uv": [26, 32], "uv_size": [0.25, 0.25]},
								"west": {"uv": [32, 26], "uv_size": [0.25, 0.25]},
								"up": {"uv": [27, 32], "uv_size": [0.25, 0.25]},
								"down": {"uv": [32, 27.25], "uv_size": [0.25, -0.25]}
							}
						},
						{
							"origin": [-1.875, 1.625, -3.75],
							"size": [0.25, 0.25, 0.125],
							"uv": {
								"north": {"uv": [33, 1], "uv_size": [0.25, 0.25]},
								"east": {"uv": [2, 33], "uv_size": [0.25, 0.25]},
								"south": {"uv": [33, 2], "uv_size": [0.25, 0.25]},
								"west": {"uv": [3, 33], "uv_size": [0.25, 0.25]},
								"up": {"uv": [33, 3], "uv_size": [0.25, 0.25]},
								"down": {"uv": [4, 33.25], "uv_size": [0.25, -0.25]}
							}
						},
						{
							"origin": [1.375, 1.7, -3.65],
							"size": [0.25, 0.125, 0.1],
							"uv": {
								"north": {"uv": [28, 32], "uv_size": [0.25, 0.25]},
								"east": {"uv": [32, 28], "uv_size": [0.25, 0.25]},
								"south": {"uv": [29, 32], "uv_size": [0.25, 0.25]},
								"west": {"uv": [32, 29], "uv_size": [0.25, 0.25]},
								"up": {"uv": [30, 32], "uv_size": [0.25, 0.25]},
								"down": {"uv": [32, 30.25], "uv_size": [0.25, -0.25]}
							}
						},
						{
							"origin": [1.375, 1.95, 4.425],
							"size": [0.25, 0.125, 0.1],
							"uv": {
								"north": {"uv": [29.25, 32], "uv_size": [-0.25, 0.25]},
								"east": {"uv": [32.25, 28], "uv_size": [-0.25, 0.25]},
								"south": {"uv": [28.25, 32], "uv_size": [-0.25, 0.25]},
								"west": {"uv": [32.25, 29], "uv_size": [-0.25, 0.25]},
								"up": {"uv": [30, 32.25], "uv_size": [0.25, -0.25]},
								"down": {"uv": [32, 30], "uv_size": [0.25, 0.25]}
							}
						},
						{
							"origin": [-1.625, 1.95, 4.425],
							"size": [0.25, 0.125, 0.1],
							"uv": {
								"north": {"uv": [29, 32], "uv_size": [0.25, 0.25]},
								"east": {"uv": [32, 29], "uv_size": [0.25, 0.25]},
								"south": {"uv": [28, 32], "uv_size": [0.25, 0.25]},
								"west": {"uv": [32, 28], "uv_size": [0.25, 0.25]},
								"up": {"uv": [30.25, 32.25], "uv_size": [-0.25, -0.25]},
								"down": {"uv": [32.25, 30], "uv_size": [-0.25, 0.25]}
							}
						},
						{
							"origin": [-1.625, 1.7, -3.65],
							"size": [0.25, 0.125, 0.1],
							"uv": {
								"north": {"uv": [31, 32], "uv_size": [0.25, 0.25]},
								"east": {"uv": [32, 31], "uv_size": [0.25, 0.25]},
								"south": {"uv": [32, 32], "uv_size": [0.25, 0.25]},
								"west": {"uv": [0, 33], "uv_size": [0.25, 0.25]},
								"up": {"uv": [33, 0], "uv_size": [0.25, 0.25]},
								"down": {"uv": [1, 33.25], "uv_size": [0.25, -0.25]}
							}
						},
						{
							"origin": [-2, 1.25, -3.625],
							"size": [4, 0.375, 0.25],
							"uv": {
								"north": {"uv": [10, 17], "uv_size": [4, 0.5]},
								"east": {"uv": [31, 23], "uv_size": [0.25, 0.5]},
								"south": {"uv": [14, 17], "uv_size": [4, 0.5]},
								"west": {"uv": [24, 31], "uv_size": [0.25, 0.5]},
								"up": {"uv": [2, 23], "uv_size": [4, 0.25]},
								"down": {"uv": [23, 4.25], "uv_size": [4, -0.25]}
							}
						},
						{
							"origin": [-2, 1.75, -3.625],
							"size": [4, 0.375, 2.5],
							"pivot": [-2, 2.125, -3.625],
							"rotation": [5, 0, 0],
							"uv": {
								"north": {"uv": [16, 11], "uv_size": [4, 0.5]},
								"east": {"uv": [21, 18], "uv_size": [2.5, 0.5]},
								"south": {"uv": [16, 12], "uv_size": [4, 0.5]},
								"west": {"uv": [21, 19], "uv_size": [2.5, 0.5]},
								"up": {"uv": [4, 6], "uv_size": [4, 2.5]},
								"down": {"uv": [0, 10.5], "uv_size": [4, -2.5]}
							}
						},
						{
							"origin": [-1.875, 1.625, 2.125],
							"size": [3.75, 0.125, 2.25],
							"uv": {
								"north": {"uv": [6, 23], "uv_size": [3.75, 0.25]},
								"east": {"uv": [26, 19], "uv_size": [2.5, 0.25]},
								"south": {"uv": [23, 6], "uv_size": [3.75, 0.25]},
								"west": {"uv": [21, 26], "uv_size": [2.5, 0.25]},
								"up": {"uv": [8, 6], "uv_size": [3.75, 2.5]},
								"down": {"uv": [4, 11.5], "uv_size": [3.75, -2.5]}
							}
						},
						{
							"origin": [-1.875, 1.625, 4.375],
							"size": [3.75, 0.625, 0.125],
							"uv": {
								"north": {"uv": [16, 1], "uv_size": [3.75, 0.75]},
								"east": {"uv": [31, 4], "uv_size": [0.25, 0.75]},
								"south": {"uv": [16, 2], "uv_size": [3.75, 0.75]},
								"west": {"uv": [5, 31], "uv_size": [0.25, 0.75]},
								"up": {"uv": [23, 9], "uv_size": [3.75, 0.25]},
								"down": {"uv": [10, 23.25], "uv_size": [3.75, -0.25]}
							}
						},
						{
							"origin": [-2, 1.625, 2],
							"size": [0.125, 0.625, 2.5],
							"uv": {
								"north": {"uv": [31, 3], "uv_size": [0.25, 0.75]},
								"east": {"uv": [7, 18], "uv_size": [2.5, 0.75]},
								"south": {"uv": [4, 31], "uv_size": [0.25, 0.75]},
								"west": {"uv": [18, 7], "uv_size": [2.5, 0.75]},
								"up": {"uv": [0, 27], "uv_size": [0.25, 2.5]},
								"down": {"uv": [1, 29.5], "uv_size": [0.25, -2.5]}
							}
						},
						{
							"origin": [1.875, 1.625, 2],
							"size": [0.125, 0.625, 2.5],
							"uv": {
								"north": {"uv": [31, 2], "uv_size": [0.25, 0.75]},
								"east": {"uv": [4, 18], "uv_size": [2.5, 0.75]},
								"south": {"uv": [3, 31], "uv_size": [0.25, 0.75]},
								"west": {"uv": [18, 5], "uv_size": [2.5, 0.75]},
								"up": {"uv": [16, 26], "uv_size": [0.25, 2.5]},
								"down": {"uv": [26, 27.5], "uv_size": [0.25, -2.5]}
							}
						},
						{
							"origin": [1.875, 2.25, 2.25],
							"size": [0.125, 0.875, 0.625],
							"uv": {
								"north": {"uv": [21, 30], "uv_size": [0.25, 1]},
								"east": {"uv": [25, 21], "uv_size": [0.75, 1]},
								"south": {"uv": [30, 21], "uv_size": [0.25, 1]},
								"west": {"uv": [24, 25], "uv_size": [0.75, 1]},
								"up": {"uv": [31, 5], "uv_size": [0.25, 0.75]},
								"down": {"uv": [6, 31.75], "uv_size": [0.25, -0.75]}
							}
						},
						{
							"origin": [-2, 2.25, 2.25],
							"size": [0.125, 0.875, 0.625],
							"uv": {
								"north": {"uv": [22, 30], "uv_size": [0.25, 1]},
								"east": {"uv": [25, 25], "uv_size": [0.75, 1]},
								"south": {"uv": [30, 22], "uv_size": [0.25, 1]},
								"west": {"uv": [0, 26], "uv_size": [0.75, 1]},
								"up": {"uv": [31, 9], "uv_size": [0.25, 0.75]},
								"down": {"uv": [10, 31.75], "uv_size": [0.25, -0.75]}
							}
						},
						{
							"origin": [1.875, 3.25, 2.25],
							"size": [0.125, 0.125, 0.15],
							"uv": {
								"north": {"uv": [20, 32], "uv_size": [0.25, 0.25]},
								"east": {"uv": [32, 20], "uv_size": [0.25, 0.25]},
								"south": {"uv": [21, 32], "uv_size": [0.25, 0.25]},
								"west": {"uv": [32, 21], "uv_size": [0.25, 0.25]},
								"up": {"uv": [22, 32], "uv_size": [0.25, 0.25]},
								"down": {"uv": [32, 22.25], "uv_size": [0.25, -0.25]}
							}
						},
						{
							"origin": [1.875, 2.25, 2.875],
							"size": [0.125, 0.5, 0.625],
							"uv": {
								"north": {"uv": [31, 21], "uv_size": [0.25, 0.5]},
								"east": {"uv": [28, 7], "uv_size": [0.75, 0.5]},
								"south": {"uv": [22, 31], "uv_size": [0.25, 0.5]},
								"west": {"uv": [9, 28], "uv_size": [0.75, 0.5]},
								"up": {"uv": [31, 6], "uv_size": [0.25, 0.75]},
								"down": {"uv": [7, 31.75], "uv_size": [0.25, -0.75]}
							}
						},
						{
							"origin": [-2, 2.25, 2.875],
							"size": [0.125, 0.5, 0.625],
							"uv": {
								"north": {"uv": [31, 22], "uv_size": [0.25, 0.5]},
								"east": {"uv": [28, 9], "uv_size": [0.75, 0.5]},
								"south": {"uv": [23, 31], "uv_size": [0.25, 0.5]},
								"west": {"uv": [28, 10], "uv_size": [0.75, 0.5]},
								"up": {"uv": [31, 10], "uv_size": [0.25, 0.75]},
								"down": {"uv": [11, 31.75], "uv_size": [0.25, -0.75]}
							}
						},
						{
							"origin": [1.875, 2.25, 3.5],
							"size": [0.125, 0.125, 0.75],
							"uv": {
								"north": {"uv": [23, 32], "uv_size": [0.25, 0.25]},
								"east": {"uv": [31, 7], "uv_size": [0.75, 0.25]},
								"south": {"uv": [32, 23], "uv_size": [0.25, 0.25]},
								"west": {"uv": [8, 31], "uv_size": [0.75, 0.25]},
								"up": {"uv": [31, 8], "uv_size": [0.25, 0.75]},
								"down": {"uv": [9, 31.75], "uv_size": [0.25, -0.75]}
							}
						},
						{
							"origin": [-2, 2.25, 3.5],
							"size": [0.125, 0.125, 0.75],
							"uv": {
								"north": {"uv": [24, 32], "uv_size": [0.25, 0.25]},
								"east": {"uv": [31, 11], "uv_size": [0.75, 0.25]},
								"south": {"uv": [32, 24], "uv_size": [0.25, 0.25]},
								"west": {"uv": [12, 31], "uv_size": [0.75, 0.25]},
								"up": {"uv": [31, 12], "uv_size": [0.25, 0.75]},
								"down": {"uv": [13, 31.75], "uv_size": [0.25, -0.75]}
							}
						},
						{
							"origin": [-2, 1, -1.375],
							"size": [4, 0.625, 0.25],
							"uv": {
								"north": {"uv": [14, 9], "uv_size": [4, 0.75]},
								"east": {"uv": [26, 30], "uv_size": [0.25, 0.75]},
								"south": {"uv": [16, 0], "uv_size": [4, 0.75]},
								"west": {"uv": [30, 26], "uv_size": [0.25, 0.75]},
								"up": {"uv": [22, 2], "uv_size": [4, 0.25]},
								"down": {"uv": [22, 3.25], "uv_size": [4, -0.25]}
							}
						},
						{
							"origin": [-2, 1, -1.125],
							"size": [4, 1.375, 0.25],
							"uv": {
								"north": {"uv": [14, 9], "uv_size": [4, 0.75]},
								"east": {"uv": [26, 30], "uv_size": [0.25, 0.75]},
								"south": {"uv": [16, 0], "uv_size": [3.875, 0.25]},
								"west": {"uv": [30, 26], "uv_size": [0.25, 0.75]},
								"up": {"uv": [22, 2], "uv_size": [4, 0.25]},
								"down": {"uv": [22, 3.25], "uv_size": [4, -0.25]}
							}
						},
						{
							"origin": [0.25, 1.75, -1.125],
							"size": [1.75, 0.625, 0.25],
							"pivot": [2, 2.375, -0.875],
							"rotation": [22.5, 0, 0],
							"uv": {
								"north": {"uv": [14, 9], "uv_size": [4, 0.75]},
								"east": {"uv": [26, 30], "uv_size": [0.25, 0.75]},
								"south": {"uv": [16, 0], "uv_size": [4, 0.75]},
								"west": {"uv": [30, 26], "uv_size": [0.25, 0.75]},
								"up": {"uv": [22, 2], "uv_size": [4, 0.25]},
								"down": {"uv": [22, 3.25], "uv_size": [4, -0.25]}
							}
						},
						{
							"origin": [-2, 1, -0.875],
							"size": [2.125, 1.375, 0.375],
							"uv": {
								"north": {"uv": [14, 9], "uv_size": [4, 0.75]},
								"east": {"uv": [26, 30], "uv_size": [0.25, 0.75]},
								"south": {"uv": [16, 0], "uv_size": [4, 0.25]},
								"west": {"uv": [30, 26], "uv_size": [0.25, 0.75]},
								"up": {"uv": [22, 2], "uv_size": [4, 0.25]},
								"down": {"uv": [22, 3.25], "uv_size": [4, -0.25]}
							}
						},
						{
							"origin": [-0.5, 1, -0.75],
							"size": [1, 0.5, 2.75],
							"uv": {
								"north": {"uv": [26, 2.25], "uv_size": [-4, -0.25]},
								"east": {"uv": [26, 2.25], "uv_size": [-4, -0.25]},
								"south": {"uv": [26, 2.25], "uv_size": [-4, -0.25]},
								"west": {"uv": [26, 2.25], "uv_size": [-4, -0.25]},
								"up": {"uv": [22, 2], "uv_size": [4, 0.25]},
								"down": {"uv": [22, 2], "uv_size": [4, 0.25]}
							}
						},
						{
							"origin": [0.125, 1, -0.875],
							"size": [0.75, 1.375, 0.375],
							"pivot": [0.125, 2.375, -0.5],
							"rotation": [0, 35, 0],
							"uv": {
								"north": {"uv": [14, 9], "uv_size": [4, 0.75]},
								"east": {"uv": [26, 30], "uv_size": [0.25, 0.75]},
								"south": {"uv": [16, 0], "uv_size": [4, 0.25]},
								"west": {"uv": [30, 26], "uv_size": [0.25, 0.75]},
								"up": {"uv": [22, 2], "uv_size": [4, 0.25]},
								"down": {"uv": [22, 3.25], "uv_size": [4, -0.25]}
							}
						},
						{
							"origin": [-2, 2, -1.375],
							"size": [4, 0.5, 0.25],
							"uv": {
								"north": {"uv": [16, 13], "uv_size": [4, 0.5]},
								"east": {"uv": [31, 14], "uv_size": [0.25, 0.5]},
								"south": {"uv": [14, 16], "uv_size": [4, 0.5]},
								"west": {"uv": [15, 31], "uv_size": [0.25, 0.5]},
								"up": {"uv": [5, 22], "uv_size": [4, 0.25]},
								"down": {"uv": [9, 22.25], "uv_size": [4, -0.25]}
							}
						},
						{
							"origin": [-2, 2.5, -1.375],
							"size": [0.25, 0.75, 0.25],
							"uv": {
								"north": {"uv": [27, 30], "uv_size": [0.25, 0.75]},
								"east": {"uv": [30, 27], "uv_size": [0.25, 0.75]},
								"south": {"uv": [28, 30], "uv_size": [0.25, 0.75]},
								"west": {"uv": [30, 28], "uv_size": [0.25, 0.75]},
								"up": {"uv": [31, 24], "uv_size": [0.25, 0.25]},
								"down": {"uv": [25, 31.25], "uv_size": [0.25, -0.25]}
							}
						},
						{
							"origin": [-2, 3, -1.125],
							"size": [0.25, 0.25, 3.125],
							"uv": {
								"north": {"uv": [31, 27], "uv_size": [0.25, 0.25]},
								"east": {"uv": [1, 26], "uv_size": [2.75, 0.25]},
								"south": {"uv": [28, 31], "uv_size": [0.25, 0.25]},
								"west": {"uv": [26, 2], "uv_size": [2.75, 0.25]},
								"up": {"uv": [4, 26], "uv_size": [0.25, 2.75]},
								"down": {"uv": [5, 28.75], "uv_size": [0.25, -2.75]}
							}
						},
						{
							"origin": [1.75, 3, -1.125],
							"size": [0.25, 0.25, 3.125],
							"uv": {
								"north": {"uv": [31, 28], "uv_size": [0.25, 0.25]},
								"east": {"uv": [26, 3], "uv_size": [2.75, 0.25]},
								"south": {"uv": [29, 31], "uv_size": [0.25, 0.25]},
								"west": {"uv": [26, 8], "uv_size": [2.75, 0.25]},
								"up": {"uv": [10, 26], "uv_size": [0.25, 2.75]},
								"down": {"uv": [11, 28.75], "uv_size": [0.25, -2.75]}
							}
						},
						{
							"origin": [1.75, 2.5, -1.375],
							"size": [0.25, 0.75, 0.25],
							"uv": {
								"north": {"uv": [29, 30], "uv_size": [0.25, 0.75]},
								"east": {"uv": [30, 29], "uv_size": [0.25, 0.75]},
								"south": {"uv": [30, 30], "uv_size": [0.25, 0.75]},
								"west": {"uv": [0, 31], "uv_size": [0.25, 0.75]},
								"up": {"uv": [31, 25], "uv_size": [0.25, 0.25]},
								"down": {"uv": [26, 31.25], "uv_size": [0.25, -0.25]}
							}
						},
						{
							"origin": [-0.125, 2.5, -1.375],
							"size": [0.25, 0.75, 0.25],
							"uv": {
								"north": {"uv": [31, 0], "uv_size": [0.25, 0.75]},
								"east": {"uv": [1, 31], "uv_size": [0.25, 0.75]},
								"south": {"uv": [31, 1], "uv_size": [0.25, 0.75]},
								"west": {"uv": [2, 31], "uv_size": [0.25, 0.75]},
								"up": {"uv": [31, 26], "uv_size": [0.25, 0.25]},
								"down": {"uv": [27, 31.25], "uv_size": [0.25, -0.25]}
							}
						},
						{
							"origin": [-2, 1.625, 2],
							"size": [4, 1.875, 0.25],
							"uv": {
								"north": {"uv": [8, 9], "uv_size": [4, 2]},
								"east": {"uv": [2, 28], "uv_size": [0.25, 2]},
								"south": {"uv": [0, 11], "uv_size": [4, 2]},
								"west": {"uv": [3, 28], "uv_size": [0.25, 2]},
								"up": {"uv": [13, 22], "uv_size": [4, 0.25]},
								"down": {"uv": [17, 22.25], "uv_size": [4, -0.25]}
							}
						},
						{
							"origin": [-1.75, 3.25, -1.375],
							"size": [3.5, 0.25, 3.375],
							"uv": {
								"north": {"uv": [14, 23], "uv_size": [3.5, 0.25]},
								"east": {"uv": [0, 24], "uv_size": [3.25, 0.25]},
								"south": {"uv": [23, 14], "uv_size": [3.5, 0.25]},
								"west": {"uv": [24, 0], "uv_size": [3.25, 0.25]},
								"up": {"uv": [0, 0], "uv_size": [3.5, 3.25]},
								"down": {"uv": [0, 7.25], "uv_size": [3.5, -3.25]}
							}
						},
						{
							"origin": [-1.99, 3.125, 2.25],
							"size": [3.98, 0.375, 2.6],
							"pivot": [1.75, 3.5, 2.25],
							"rotation": [-29, 0, 0],
							"uv": {
								"north": {"uv": [2, 17], "uv_size": [4, 0.5]},
								"east": {"uv": [21, 20], "uv_size": [2.5, 0.5]},
								"south": {"uv": [6, 17], "uv_size": [4, 0.5]},
								"west": {"uv": [21, 21], "uv_size": [2.5, 0.5]},
								"up": {"uv": [8, 0], "uv_size": [4, 2.5]},
								"down": {"uv": [8, 5.5], "uv_size": [4, -2.5]}
							}
						},
						{
							"origin": [1.75, 3.25, -1.375],
							"size": [0.375, 0.25, 3.375],
							"pivot": [1.75, 3.5, -1.375],
							"rotation": [0, 0, 45],
							"uv": {
								"north": {"uv": [31, 15], "uv_size": [0.5, 0.25]},
								"east": {"uv": [24, 1], "uv_size": [3.25, 0.25]},
								"south": {"uv": [16, 31], "uv_size": [0.5, 0.25]},
								"west": {"uv": [4, 24], "uv_size": [3.25, 0.25]},
								"up": {"uv": [10, 18], "uv_size": [0.5, 3.25]},
								"down": {"uv": [11, 21.25], "uv_size": [0.5, -3.25]}
							}
						},
						{
							"origin": [-2.125, 3.25, -1.375],
							"size": [0.375, 0.25, 3.375],
							"pivot": [-1.75, 3.5, -1.375],
							"rotation": [0, 0, -45],
							"uv": {
								"north": {"uv": [31, 16], "uv_size": [0.5, 0.25]},
								"east": {"uv": [24, 5], "uv_size": [3.25, 0.25]},
								"south": {"uv": [17, 31], "uv_size": [0.5, 0.25]},
								"west": {"uv": [24, 7], "uv_size": [3.25, 0.25]},
								"up": {"uv": [12, 18], "uv_size": [0.5, 3.25]},
								"down": {"uv": [13, 21.25], "uv_size": [0.5, -3.25]}
							}
						},
						{
							"origin": [-0.75, 0.5, -1.5],
							"size": [1.5, 0.5, 3.625],
							"uv": {
								"north": {"uv": [19, 25], "uv_size": [1.5, 0.5]},
								"east": {"uv": [21, 7], "uv_size": [3, 0.5]},
								"south": {"uv": [25, 20], "uv_size": [1.5, 0.5]},
								"west": {"uv": [21, 8], "uv_size": [3, 0.5]},
								"up": {"uv": [12, 4], "uv_size": [1.5, 3]},
								"down": {"uv": [12, 10], "uv_size": [1.5, -3]}
							}
						},
						{
							"origin": [-0.75, 0.5, 2.125],
							"size": [1.5, 1.125, 2.375],
							"uv": {
								"north": {"uv": [0, 18], "uv_size": [1.5, 1.25]},
								"east": {"uv": [12, 14], "uv_size": [2.5, 1.25]},
								"south": {"uv": [2, 18], "uv_size": [1.5, 1.25]},
								"west": {"uv": [15, 14], "uv_size": [2.5, 1.25]},
								"up": {"uv": [4, 14], "uv_size": [1.5, 2.5]},
								"down": {"uv": [14, 6.5], "uv_size": [1.5, -2.5]}
							}
						},
						{
							"origin": [-0.75, 0.75, -3.375],
							"size": [1.5, 0.875, 1.875],
							"uv": {
								"north": {"uv": [8, 21], "uv_size": [1.5, 1]},
								"east": {"uv": [2, 16], "uv_size": [2, 1]},
								"south": {"uv": [21, 9], "uv_size": [1.5, 1]},
								"west": {"uv": [16, 5], "uv_size": [2, 1]},
								"up": {"uv": [6, 14], "uv_size": [1.5, 2]},
								"down": {"uv": [0, 18], "uv_size": [1.5, -2]}
							}
						},
						{
							"origin": [-2, 0.5, -1.5],
							"size": [1.25, 0.5, 3.625],
							"uv": {
								"north": {"uv": [12, 26], "uv_size": [1.25, 0.5]},
								"east": {"uv": [20, 4], "uv_size": [3, 0.5]},
								"south": {"uv": [26, 12], "uv_size": [1.25, 0.5]},
								"west": {"uv": [20, 6], "uv_size": [3, 0.5]},
								"up": {"uv": [0, 13], "uv_size": [1.25, 3]},
								"down": {"uv": [2, 16], "uv_size": [1.25, -3]}
							}
						},
						{
							"origin": [-2, 1, 0.375],
							"size": [0.125, 2, 0.25],
							"uv": {
								"north": {"uv": [12, 26], "uv_size": [1.25, 0.5]},
								"east": {"uv": [20, 4], "uv_size": [3, 0.5]},
								"south": {"uv": [26, 12], "uv_size": [1.25, 0.5]},
								"west": {"uv": [20, 6], "uv_size": [3, 0.5]},
								"up": {"uv": [0, 13], "uv_size": [1.25, 3]},
								"down": {"uv": [2, 16], "uv_size": [1.25, -3]}
							}
						},
						{
							"origin": [1.875, 1, 0.375],
							"size": [0.125, 2, 0.25],
							"uv": {
								"north": {"uv": [13.25, 26], "uv_size": [-1.25, 0.5]},
								"east": {"uv": [23, 6], "uv_size": [-3, 0.5]},
								"south": {"uv": [27.25, 12], "uv_size": [-1.25, 0.5]},
								"west": {"uv": [23, 4], "uv_size": [-3, 0.5]},
								"up": {"uv": [1.25, 13], "uv_size": [-1.25, 3]},
								"down": {"uv": [3.25, 16], "uv_size": [-1.25, -3]}
							}
						},
						{
							"origin": [-2, 0.5, -3.125],
							"size": [4, 0.5, 1.625],
							"pivot": [-2.5, 0.5, -1.5],
							"rotation": [-72.5, 0, 0],
							"uv": {
								"north": {"uv": [6, 16], "uv_size": [4, 0.5]},
								"east": {"uv": [23, 10], "uv_size": [1.75, 0.5]},
								"south": {"uv": [16, 6], "uv_size": [4, 0.5]},
								"west": {"uv": [23, 11], "uv_size": [1.75, 0.5]},
								"up": {"uv": [8, 11], "uv_size": [4, 1.75]},
								"down": {"uv": [12, 1.75], "uv_size": [4, -1.75]}
							}
						},
						{
							"origin": [-2, 0.5, 2.125],
							"size": [4, 0.5, 1.625],
							"pivot": [-2.5, 0.5, 2.125],
							"rotation": [72.5, 0, 0],
							"uv": {
								"north": {"uv": [10, 16], "uv_size": [4, 0.5]},
								"east": {"uv": [23, 12], "uv_size": [1.75, 0.5]},
								"south": {"uv": [16, 10], "uv_size": [4, 0.5]},
								"west": {"uv": [23, 13], "uv_size": [1.75, 0.5]},
								"up": {"uv": [12, 2], "uv_size": [4, 1.75]},
								"down": {"uv": [4, 13.75], "uv_size": [4, -1.75]}
							}
						},
						{
							"origin": [0.75, 0.5, -1.5],
							"size": [1.25, 0.5, 3.625],
							"uv": {
								"north": {"uv": [26, 13], "uv_size": [1.25, 0.5]},
								"east": {"uv": [5, 21], "uv_size": [3, 0.5]},
								"south": {"uv": [14, 26], "uv_size": [1.25, 0.5]},
								"west": {"uv": [21, 5], "uv_size": [3, 0.5]},
								"up": {"uv": [8, 13], "uv_size": [1.25, 3]},
								"down": {"uv": [10, 16], "uv_size": [1.25, -3]}
							}
						},
						{
							"origin": [0.625, 1, 0.75],
							"size": [1.125, 0.25, 1],
							"uv": {
								"north": {"uv": [29, 0], "uv_size": [1.25, 0.25]},
								"east": {"uv": [23, 30], "uv_size": [1, 0.25]},
								"south": {"uv": [4, 29], "uv_size": [1.25, 0.25]},
								"west": {"uv": [30, 23], "uv_size": [1, 0.25]},
								"up": {"uv": [0, 22], "uv_size": [1.25, 1]},
								"down": {"uv": [22, 1], "uv_size": [1.25, -1]}
							}
						},
						{
							"origin": [-1.75, 1, 0.75],
							"size": [1.125, 0.25, 1],
							"uv": {
								"north": {"uv": [30.25, 0], "uv_size": [-1.25, 0.25]},
								"east": {"uv": [31, 23], "uv_size": [-1, 0.25]},
								"south": {"uv": [5.25, 29], "uv_size": [-1.25, 0.25]},
								"west": {"uv": [24, 30], "uv_size": [-1, 0.25]},
								"up": {"uv": [1.25, 22], "uv_size": [-1.25, 1]},
								"down": {"uv": [23.25, 1], "uv_size": [-1.25, -1]}
							}
						},
						{
							"origin": [0.625, 1, -0.625],
							"size": [1.125, 0.25, 1],
							"uv": {
								"north": {"uv": [29, 0], "uv_size": [1.25, 0.25]},
								"east": {"uv": [23, 30], "uv_size": [1, 0.25]},
								"south": {"uv": [4, 29], "uv_size": [1.25, 0.25]},
								"west": {"uv": [30, 23], "uv_size": [1, 0.25]},
								"up": {"uv": [0, 22], "uv_size": [1.25, 1]},
								"down": {"uv": [22, 1], "uv_size": [1.25, -1]}
							}
						},
						{
							"origin": [1.125, 1.5, -1.375],
							"size": [0.25, 0.375, 1],
							"pivot": [1.25, 1.625, -0.875],
							"rotation": [22.5, 0, 0],
							"uv": {
								"north": {"uv": [29, 0], "uv_size": [1.25, 0.25]},
								"east": {"uv": [23, 30], "uv_size": [1, 0.25]},
								"south": {"uv": [4, 29], "uv_size": [1.25, 0.25]},
								"west": {"uv": [30, 23], "uv_size": [1, 0.25]},
								"up": {"uv": [0, 22], "uv_size": [1.25, 1]},
								"down": {"uv": [22, 1], "uv_size": [1.25, -1]}
							}
						},
						{
							"origin": [1.075, 1.625, -0.375],
							"size": [0.375, 0.375, 0.25],
							"pivot": [1.375, 1.625, -0.875],
							"rotation": [22.5, 0, 0],
							"uv": {
								"north": {"uv": [29, 0], "uv_size": [1.25, 0.25]},
								"east": {"uv": [23, 30], "uv_size": [1, 0.25]},
								"south": {"uv": [4, 29], "uv_size": [1.25, 0.25]},
								"west": {"uv": [30, 23], "uv_size": [1, 0.25]},
								"up": {"uv": [0, 22], "uv_size": [1.25, 1]},
								"down": {"uv": [22, 1], "uv_size": [1.25, -1]}
							}
						},
						{
							"origin": [0.825, 1.75, -0.375],
							"size": [0.25, 0.125, 0.125],
							"pivot": [1.125, 1.625, -0.875],
							"rotation": [22.5, 0, 0],
							"uv": {
								"north": {"uv": [29, 0], "uv_size": [1.25, 0.25]},
								"east": {"uv": [23, 30], "uv_size": [1, 0.25]},
								"south": {"uv": [4, 29], "uv_size": [1.25, 0.25]},
								"west": {"uv": [30, 23], "uv_size": [1, 0.25]},
								"up": {"uv": [0, 22], "uv_size": [1.25, 1]},
								"down": {"uv": [22, 1], "uv_size": [1.25, -1]}
							}
						},
						{
							"origin": [1.45, 1.75, -0.375],
							"size": [0.25, 0.125, 0.125],
							"pivot": [1.75, 1.625, -0.875],
							"rotation": [22.5, 0, 0],
							"uv": {
								"north": {"uv": [29, 0], "uv_size": [1.25, 0.25]},
								"east": {"uv": [23, 30], "uv_size": [1, 0.25]},
								"south": {"uv": [4, 29], "uv_size": [1.25, 0.25]},
								"west": {"uv": [30, 23], "uv_size": [1, 0.25]},
								"up": {"uv": [0, 22], "uv_size": [1.25, 1]},
								"down": {"uv": [22, 1], "uv_size": [1.25, -1]}
							}
						},
						{
							"origin": [0.625, 1, 0.25],
							"size": [1.125, 1.25, 0.25],
							"pivot": [1.1875, 1.6875, 0.375],
							"rotation": [-10, 0, 0],
							"uv": {
								"north": {"uv": [18, 8], "uv_size": [1.25, 1.25]},
								"east": {"uv": [29, 7], "uv_size": [0.25, 1.25]},
								"south": {"uv": [14, 18], "uv_size": [1.25, 1.25]},
								"west": {"uv": [9, 29], "uv_size": [0.25, 1.25]},
								"up": {"uv": [29, 9], "uv_size": [1.25, 0.25]},
								"down": {"uv": [10, 29.25], "uv_size": [1.25, -0.25]}
							}
						},
						{
							"origin": [0.625, 1, 1.625],
							"size": [1.125, 1.25, 0.25],
							"pivot": [1.1875, 1.6875, 1.75],
							"rotation": [-10, 0, 0],
							"uv": {
								"north": {"uv": [18, 8], "uv_size": [1.25, 1.25]},
								"east": {"uv": [29, 7], "uv_size": [0.25, 1.25]},
								"south": {"uv": [14, 18], "uv_size": [1.25, 1.25]},
								"west": {"uv": [9, 29], "uv_size": [0.25, 1.25]},
								"up": {"uv": [29, 9], "uv_size": [1.25, 0.25]},
								"down": {"uv": [10, 29.25], "uv_size": [1.25, -0.25]}
							}
						},
						{
							"origin": [-1.75, 1, 1.625],
							"size": [1.125, 1.25, 0.25],
							"pivot": [-1.1875, 1.6875, 1.75],
							"rotation": [-10, 0, 0],
							"uv": {
								"north": {"uv": [19.25, 8], "uv_size": [-1.25, 1.25]},
								"east": {"uv": [9.25, 29], "uv_size": [-0.25, 1.25]},
								"south": {"uv": [15.25, 18], "uv_size": [-1.25, 1.25]},
								"west": {"uv": [29.25, 7], "uv_size": [-0.25, 1.25]},
								"up": {"uv": [30.25, 9], "uv_size": [-1.25, 0.25]},
								"down": {"uv": [11.25, 29.25], "uv_size": [-1.25, -0.25]}
							}
						},
						{
							"origin": [0.875, 2.25, 0.25],
							"size": [0.625, 0.5, 0.25],
							"pivot": [1.1875, 1.6875, 0.375],
							"rotation": [-10, 0, 0],
							"uv": {
								"north": {"uv": [18, 8], "uv_size": [1.25, 1.25]},
								"east": {"uv": [29, 7], "uv_size": [0.25, 1.25]},
								"south": {"uv": [14, 18], "uv_size": [1.25, 1.25]},
								"west": {"uv": [9, 29], "uv_size": [0.25, 1.25]},
								"up": {"uv": [29, 9], "uv_size": [1.25, 0.25]},
								"down": {"uv": [10, 29.25], "uv_size": [1.25, -0.25]}
							}
						},
						{
							"origin": [0.875, 2.25, 1.625],
							"size": [0.625, 0.5, 0.25],
							"pivot": [1.1875, 1.6875, 1.75],
							"rotation": [-10, 0, 0],
							"uv": {
								"north": {"uv": [18, 8], "uv_size": [1.25, 1.25]},
								"east": {"uv": [29, 7], "uv_size": [0.25, 1.25]},
								"south": {"uv": [14, 18], "uv_size": [1.25, 1.25]},
								"west": {"uv": [9, 29], "uv_size": [0.25, 1.25]},
								"up": {"uv": [29, 9], "uv_size": [1.25, 0.25]},
								"down": {"uv": [10, 29.25], "uv_size": [1.25, -0.25]}
							}
						},
						{
							"origin": [-1.5, 2.25, 1.625],
							"size": [0.625, 0.5, 0.25],
							"pivot": [-1.1875, 1.6875, 1.75],
							"rotation": [-10, 0, 0],
							"uv": {
								"north": {"uv": [19.25, 8], "uv_size": [-1.25, 1.25]},
								"east": {"uv": [9.25, 29], "uv_size": [-0.25, 1.25]},
								"south": {"uv": [15.25, 18], "uv_size": [-1.25, 1.25]},
								"west": {"uv": [29.25, 7], "uv_size": [-0.25, 1.25]},
								"up": {"uv": [30.25, 9], "uv_size": [-1.25, 0.25]},
								"down": {"uv": [11.25, 29.25], "uv_size": [-1.25, -0.25]}
							}
						},
						{
							"origin": [-1.5, 2.25, 0.5],
							"size": [0.625, 0.5, 0.25],
							"pivot": [-1.1875, 1.6875, 0.625],
							"rotation": [-10, 0, 0],
							"uv": {
								"north": {"uv": [19.25, 8], "uv_size": [-1.25, 1.25]},
								"east": {"uv": [9.25, 29], "uv_size": [-0.25, 1.25]},
								"south": {"uv": [15.25, 18], "uv_size": [-1.25, 1.25]},
								"west": {"uv": [29.25, 7], "uv_size": [-0.25, 1.25]},
								"up": {"uv": [30.25, 9], "uv_size": [-1.25, 0.25]},
								"down": {"uv": [11.25, 29.25], "uv_size": [-1.25, -0.25]}
							}
						},
						{
							"origin": [-1.75, 1, 0.5],
							"size": [1.125, 1.25, 0.25],
							"pivot": [-1.1875, 1.6875, 0.625],
							"rotation": [-10, 0, 0],
							"uv": {
								"north": {"uv": [18, 14], "uv_size": [1.25, 1.25]},
								"east": {"uv": [12, 29], "uv_size": [0.25, 1.25]},
								"south": {"uv": [16, 18], "uv_size": [1.25, 1.25]},
								"west": {"uv": [29, 12], "uv_size": [0.25, 1.25]},
								"up": {"uv": [29, 10], "uv_size": [1.25, 0.25]},
								"down": {"uv": [16, 29.25], "uv_size": [1.25, -0.25]}
							}
						},
						{
							"origin": [-1.75, 1, -0.375],
							"size": [1.125, 0.25, 1],
							"uv": {
								"north": {"uv": [29, 5], "uv_size": [1.25, 0.25]},
								"east": {"uv": [24, 30], "uv_size": [1, 0.25]},
								"south": {"uv": [29, 6], "uv_size": [1.25, 0.25]},
								"west": {"uv": [30, 24], "uv_size": [1, 0.25]},
								"up": {"uv": [22, 1], "uv_size": [1.25, 1]},
								"down": {"uv": [2, 23], "uv_size": [1.25, -1]}
							}
						},
						{
							"origin": [0.75, 1.125, 4.125],
							"size": [1.25, 0.5, 0.375],
							"uv": {
								"north": {"uv": [26, 16], "uv_size": [1.25, 0.5]},
								"east": {"uv": [18, 29], "uv_size": [0.5, 0.5]},
								"south": {"uv": [26, 17], "uv_size": [1.25, 0.5]},
								"west": {"uv": [29, 19], "uv_size": [0.5, 0.5]},
								"up": {"uv": [26, 18], "uv_size": [1.25, 0.5]},
								"down": {"uv": [19, 26.5], "uv_size": [1.25, -0.5]}
							}
						},
						{
							"origin": [-2, 1.25, 4.125],
							"size": [1.25, 0.375, 0.375],
							"uv": {
								"north": {"uv": [26, 21], "uv_size": [1.25, 0.5]},
								"east": {"uv": [29, 20], "uv_size": [0.5, 0.5]},
								"south": {"uv": [26, 23], "uv_size": [1.25, 0.5]},
								"west": {"uv": [29, 21], "uv_size": [0.5, 0.5]},
								"up": {"uv": [24, 26], "uv_size": [1.25, 0.5]},
								"down": {"uv": [26, 24.5], "uv_size": [1.25, -0.5]}
							}
						}
					]
				},
				{
					"name": "Door2",
					"parent": "Body",
					"pivot": [-2, 1.85938, -1.0625],
					"cubes": [
						{
							"origin": [-2.125, 2.875, -1],
							"size": [0.25, 0.125, 1.25],
							"uv": {
								"north": {"uv": [1, 32], "uv_size": [0.25, 0.25]},
								"east": {"uv": [28, 14], "uv_size": [1.25, 0.25]},
								"south": {"uv": [32, 1], "uv_size": [0.25, 0.25]},
								"west": {"uv": [28, 15], "uv_size": [1.25, 0.25]},
								"up": {"uv": [15, 28], "uv_size": [0.25, 1.25]},
								"down": {"uv": [28, 17.25], "uv_size": [0.25, -1.25]}
							}
						},
						{
							"origin": [-2.125, 2.25, -1.125],
							"size": [0.25, 0.75, 0.125],
							"uv": {
								"north": {"uv": [0, 30], "uv_size": [0.25, 1]},
								"east": {"uv": [1, 30], "uv_size": [0.25, 1]},
								"south": {"uv": [30, 1], "uv_size": [0.25, 1]},
								"west": {"uv": [2, 30], "uv_size": [0.25, 1]},
								"up": {"uv": [2, 32], "uv_size": [0.25, 0.25]},
								"down": {"uv": [32, 2.25], "uv_size": [0.25, -0.25]}
							}
						},
						{
							"origin": [-2.125, 1, -1.125],
							"size": [0.25, 1.25, 1.5],
							"uv": {
								"north": {"uv": [30, 2], "uv_size": [0.25, 1]},
								"east": {"uv": [21, 12], "uv_size": [1.5, 1]},
								"south": {"uv": [3, 30], "uv_size": [0.25, 1]},
								"west": {"uv": [21, 13], "uv_size": [1.5, 1]},
								"up": {"uv": [7, 28], "uv_size": [0.25, 1.5]},
								"down": {"uv": [8, 29.5], "uv_size": [0.25, -1.5]}
							}
						},
						{
							"origin": [-2.125, 2.25, 0.25],
							"size": [0.25, 0.75, 0.125],
							"uv": {
								"north": {"uv": [30, 3], "uv_size": [0.25, 1]},
								"east": {"uv": [4, 30], "uv_size": [0.25, 1]},
								"south": {"uv": [30, 4], "uv_size": [0.25, 1]},
								"west": {"uv": [5, 30], "uv_size": [0.25, 1]},
								"up": {"uv": [3, 32], "uv_size": [0.25, 0.25]},
								"down": {"uv": [32, 3.25], "uv_size": [0.25, -0.25]}
							}
						}
					]
				},
				{
					"name": "Door4",
					"parent": "Body",
					"pivot": [2, 1.85938, -1.0625],
					"cubes": [
						{
							"origin": [1.875, 2.875, -1],
							"size": [0.25, 0.125, 1.25],
							"uv": {
								"north": {"uv": [1.25, 32], "uv_size": [-0.25, 0.25]},
								"east": {"uv": [29.25, 15], "uv_size": [-1.25, 0.25]},
								"south": {"uv": [32.25, 1], "uv_size": [-0.25, 0.25]},
								"west": {"uv": [29.25, 14], "uv_size": [-1.25, 0.25]},
								"up": {"uv": [15.25, 28], "uv_size": [-0.25, 1.25]},
								"down": {"uv": [28.25, 17.25], "uv_size": [-0.25, -1.25]}
							}
						},
						{
							"origin": [1.875, 2.25, -1.125],
							"size": [0.25, 0.75, 0.125],
							"uv": {
								"north": {"uv": [0.25, 30], "uv_size": [-0.25, 1]},
								"east": {"uv": [2.25, 30], "uv_size": [-0.25, 1]},
								"south": {"uv": [30.25, 1], "uv_size": [-0.25, 1]},
								"west": {"uv": [1.25, 30], "uv_size": [-0.25, 1]},
								"up": {"uv": [2.25, 32], "uv_size": [-0.25, 0.25]},
								"down": {"uv": [32.25, 2.25], "uv_size": [-0.25, -0.25]}
							}
						},
						{
							"origin": [1.875, 1, -1.125],
							"size": [0.25, 1.25, 1.5],
							"uv": {
								"north": {"uv": [30.25, 2], "uv_size": [-0.25, 1]},
								"east": {"uv": [22.5, 13], "uv_size": [-1.5, 1]},
								"south": {"uv": [3.25, 30], "uv_size": [-0.25, 1]},
								"west": {"uv": [22.5, 12], "uv_size": [-1.5, 1]},
								"up": {"uv": [7.25, 28], "uv_size": [-0.25, 1.5]},
								"down": {"uv": [8.25, 29.5], "uv_size": [-0.25, -1.5]}
							}
						},
						{
							"origin": [1.875, 2.25, 0.25],
							"size": [0.25, 0.75, 0.125],
							"uv": {
								"north": {"uv": [30.25, 3], "uv_size": [-0.25, 1]},
								"east": {"uv": [5.25, 30], "uv_size": [-0.25, 1]},
								"south": {"uv": [30.25, 4], "uv_size": [-0.25, 1]},
								"west": {"uv": [4.25, 30], "uv_size": [-0.25, 1]},
								"up": {"uv": [3.25, 32], "uv_size": [-0.25, 0.25]},
								"down": {"uv": [32.25, 3.25], "uv_size": [-0.25, -0.25]}
							}
						}
					]
				},
				{
					"name": "Door3",
					"parent": "Body",
					"pivot": [-2, 1.85938, 0.8125],
					"cubes": [
						{
							"origin": [-2.125, 2.875, 0.75],
							"size": [0.25, 0.125, 1.25],
							"uv": {
								"north": {"uv": [4, 32], "uv_size": [0.25, 0.25]},
								"east": {"uv": [17, 28], "uv_size": [1.25, 0.25]},
								"south": {"uv": [32, 4], "uv_size": [0.25, 0.25]},
								"west": {"uv": [28, 18], "uv_size": [1.25, 0.25]},
								"up": {"uv": [19, 28], "uv_size": [0.25, 1.25]},
								"down": {"uv": [20, 29.25], "uv_size": [0.25, -1.25]}
							}
						},
						{
							"origin": [-2.125, 2.25, 0.625],
							"size": [0.25, 0.75, 0.125],
							"uv": {
								"north": {"uv": [6, 30], "uv_size": [0.25, 1]},
								"east": {"uv": [7, 30], "uv_size": [0.25, 1]},
								"south": {"uv": [30, 7], "uv_size": [0.25, 1]},
								"west": {"uv": [8, 30], "uv_size": [0.25, 1]},
								"up": {"uv": [5, 32], "uv_size": [0.25, 0.25]},
								"down": {"uv": [32, 5.25], "uv_size": [0.25, -0.25]}
							}
						},
						{
							"origin": [-2.125, 1, 0.625],
							"size": [0.25, 1.25, 1.125],
							"uv": {
								"north": {"uv": [30, 8], "uv_size": [0.25, 1]},
								"east": {"uv": [21, 22], "uv_size": [1, 1]},
								"south": {"uv": [10, 30], "uv_size": [0.25, 1]},
								"west": {"uv": [22, 22], "uv_size": [1, 1]},
								"up": {"uv": [11, 30], "uv_size": [0.25, 1]},
								"down": {"uv": [30, 12], "uv_size": [0.25, -1]}
							}
						},
						{
							"origin": [-2.125, 1.875, 1.75],
							"size": [0.25, 0.375, 0.25],
							"uv": {
								"north": {"uv": [8, 32], "uv_size": [0.25, 0.25]},
								"east": {"uv": [32, 8], "uv_size": [0.25, 0.25]},
								"south": {"uv": [9, 32], "uv_size": [0.25, 0.25]},
								"west": {"uv": [32, 9], "uv_size": [0.25, 0.25]},
								"up": {"uv": [10, 32], "uv_size": [0.25, 0.25]},
								"down": {"uv": [32, 10.25], "uv_size": [0.25, -0.25]}
							}
						},
						{
							"origin": [-2.125, 1.375, 1.75],
							"size": [0.25, 0.625, 0.125],
							"uv": {
								"north": {"uv": [31, 17], "uv_size": [0.25, 0.5]},
								"east": {"uv": [18, 31], "uv_size": [0.25, 0.5]},
								"south": {"uv": [31, 18], "uv_size": [0.25, 0.5]},
								"west": {"uv": [19, 31], "uv_size": [0.25, 0.5]},
								"up": {"uv": [11, 32], "uv_size": [0.25, 0.25]},
								"down": {"uv": [32, 11.25], "uv_size": [0.25, -0.25]}
							}
						},
						{
							"origin": [-2.125, 1, 1.625],
							"size": [0.25, 1.3, 0.125],
							"pivot": [-2.125, 1, 1.75],
							"rotation": [-17.5, 0, 0],
							"uv": {
								"north": {"uv": [28, 20], "uv_size": [0.25, 1.25]},
								"east": {"uv": [21, 28], "uv_size": [0.25, 1.25]},
								"south": {"uv": [22, 28], "uv_size": [0.25, 1.25]},
								"west": {"uv": [28, 22], "uv_size": [0.25, 1.25]},
								"up": {"uv": [7, 32], "uv_size": [0.25, 0.25]},
								"down": {"uv": [32, 7.25], "uv_size": [0.25, -0.25]}
							}
						},
						{
							"origin": [-2.125, 2.25, 2],
							"size": [0.25, 0.75, 0.125],
							"uv": {
								"north": {"uv": [30, 12], "uv_size": [0.25, 1]},
								"east": {"uv": [30, 13], "uv_size": [0.25, 1]},
								"south": {"uv": [14, 30], "uv_size": [0.25, 1]},
								"west": {"uv": [30, 14], "uv_size": [0.25, 1]},
								"up": {"uv": [6, 32], "uv_size": [0.25, 0.25]},
								"down": {"uv": [32, 6.25], "uv_size": [0.25, -0.25]}
							}
						}
					]
				},
				{
					"name": "Door5",
					"parent": "Body",
					"pivot": [2, 1.85938, 0.8125],
					"cubes": [
						{
							"origin": [1.875, 2.875, 0.75],
							"size": [0.25, 0.125, 1.25],
							"uv": {
								"north": {"uv": [4.25, 32], "uv_size": [-0.25, 0.25]},
								"east": {"uv": [29.25, 18], "uv_size": [-1.25, 0.25]},
								"south": {"uv": [32.25, 4], "uv_size": [-0.25, 0.25]},
								"west": {"uv": [18.25, 28], "uv_size": [-1.25, 0.25]},
								"up": {"uv": [19.25, 28], "uv_size": [-0.25, 1.25]},
								"down": {"uv": [20.25, 29.25], "uv_size": [-0.25, -1.25]}
							}
						},
						{
							"origin": [1.875, 2.25, 0.625],
							"size": [0.25, 0.75, 0.125],
							"uv": {
								"north": {"uv": [6.25, 30], "uv_size": [-0.25, 1]},
								"east": {"uv": [8.25, 30], "uv_size": [-0.25, 1]},
								"south": {"uv": [30.25, 7], "uv_size": [-0.25, 1]},
								"west": {"uv": [7.25, 30], "uv_size": [-0.25, 1]},
								"up": {"uv": [5.25, 32], "uv_size": [-0.25, 0.25]},
								"down": {"uv": [32.25, 5.25], "uv_size": [-0.25, -0.25]}
							}
						},
						{
							"origin": [1.875, 1, 0.625],
							"size": [0.25, 1.25, 1.125],
							"uv": {
								"north": {"uv": [30.25, 8], "uv_size": [-0.25, 1]},
								"east": {"uv": [23, 22], "uv_size": [-1, 1]},
								"south": {"uv": [10.25, 30], "uv_size": [-0.25, 1]},
								"west": {"uv": [22, 22], "uv_size": [-1, 1]},
								"up": {"uv": [11.25, 30], "uv_size": [-0.25, 1]},
								"down": {"uv": [30.25, 12], "uv_size": [-0.25, -1]}
							}
						},
						{
							"origin": [1.875, 1.875, 1.75],
							"size": [0.25, 0.375, 0.25],
							"uv": {
								"north": {"uv": [8.25, 32], "uv_size": [-0.25, 0.25]},
								"east": {"uv": [32.25, 9], "uv_size": [-0.25, 0.25]},
								"south": {"uv": [9.25, 32], "uv_size": [-0.25, 0.25]},
								"west": {"uv": [32.25, 8], "uv_size": [-0.25, 0.25]},
								"up": {"uv": [10.25, 32], "uv_size": [-0.25, 0.25]},
								"down": {"uv": [32.25, 10.25], "uv_size": [-0.25, -0.25]}
							}
						},
						{
							"origin": [1.875, 1.375, 1.75],
							"size": [0.25, 0.625, 0.125],
							"uv": {
								"north": {"uv": [31.25, 17], "uv_size": [-0.25, 0.5]},
								"east": {"uv": [19.25, 31], "uv_size": [-0.25, 0.5]},
								"south": {"uv": [31.25, 18], "uv_size": [-0.25, 0.5]},
								"west": {"uv": [18.25, 31], "uv_size": [-0.25, 0.5]},
								"up": {"uv": [11.25, 32], "uv_size": [-0.25, 0.25]},
								"down": {"uv": [32.25, 11.25], "uv_size": [-0.25, -0.25]}
							}
						},
						{
							"origin": [1.875, 1, 1.625],
							"size": [0.25, 1.3, 0.125],
							"pivot": [2.125, 1, 1.75],
							"rotation": [-17.5, 0, 0],
							"uv": {
								"north": {"uv": [28.25, 20], "uv_size": [-0.25, 1.25]},
								"east": {"uv": [28.25, 22], "uv_size": [-0.25, 1.25]},
								"south": {"uv": [22.25, 28], "uv_size": [-0.25, 1.25]},
								"west": {"uv": [21.25, 28], "uv_size": [-0.25, 1.25]},
								"up": {"uv": [7.25, 32], "uv_size": [-0.25, 0.25]},
								"down": {"uv": [32.25, 7.25], "uv_size": [-0.25, -0.25]}
							}
						},
						{
							"origin": [1.875, 2.25, 2],
							"size": [0.25, 0.75, 0.125],
							"uv": {
								"north": {"uv": [30.25, 12], "uv_size": [-0.25, 1]},
								"east": {"uv": [30.25, 14], "uv_size": [-0.25, 1]},
								"south": {"uv": [14.25, 30], "uv_size": [-0.25, 1]},
								"west": {"uv": [30.25, 13], "uv_size": [-0.25, 1]},
								"up": {"uv": [6.25, 32], "uv_size": [-0.25, 0.25]},
								"down": {"uv": [32.25, 6.25], "uv_size": [-0.25, -0.25]}
							}
						}
					]
				},
				{
					"name": "octagon",
					"pivot": [1.25, 2, -0.4375],
					"rotation": [22.5, 0, 0],
					"cubes": [
						{
							"origin": [1.05615, 1.532, -0.496],
							"size": [0.3877, 0.117, 0.2],
							"pivot": [1.25, 2, -0.028],
							"rotation": [0, 0, 45],
							"uv": {
								"north": {"uv": [0, 0], "uv_size": [0.125, 0.125]},
								"east": {"uv": [0, 0], "uv_size": [0.125, 0.125]},
								"south": {"uv": [0, 0], "uv_size": [0.125, 0.125]},
								"west": {"uv": [0, 0], "uv_size": [0.125, 0.125]},
								"up": {"uv": [0.125, 0.125], "uv_size": [-0.125, -0.125]},
								"down": {"uv": [0.125, 0.125], "uv_size": [-0.125, -0.125]}
							}
						},
						{
							"origin": [1.05615, 1.532, -0.496],
							"size": [0.3877, 0.117, 0.2],
							"uv": {
								"north": {"uv": [0, 0], "uv_size": [0.125, 0.125]},
								"east": {"uv": [0, 0], "uv_size": [0.125, 0.125]},
								"south": {"uv": [0, 0], "uv_size": [0.125, 0.125]},
								"west": {"uv": [0, 0], "uv_size": [0.125, 0.125]},
								"up": {"uv": [0.125, 0.125], "uv_size": [-0.125, -0.125]},
								"down": {"uv": [0.125, 0.125], "uv_size": [-0.125, -0.125]}
							}
						},
						{
							"origin": [1.05615, 2.351, -0.496],
							"size": [0.3877, 0.117, 0.2],
							"pivot": [1.25, 2, -0.028],
							"rotation": [0, 0, 45],
							"uv": {
								"north": {"uv": [0, 0], "uv_size": [0.125, 0.125]},
								"east": {"uv": [0, 0], "uv_size": [0.125, 0.125]},
								"south": {"uv": [0, 0], "uv_size": [0.125, 0.125]},
								"west": {"uv": [0, 0], "uv_size": [0.125, 0.125]},
								"up": {"uv": [0.125, 0.125], "uv_size": [-0.125, -0.125]},
								"down": {"uv": [0.125, 0.125], "uv_size": [-0.125, -0.125]}
							}
						},
						{
							"origin": [1.05615, 2.351, -0.496],
							"size": [0.3877, 0.117, 0.2],
							"uv": {
								"north": {"uv": [0, 0], "uv_size": [0.125, 0.125]},
								"east": {"uv": [0, 0], "uv_size": [0.125, 0.125]},
								"south": {"uv": [0, 0], "uv_size": [0.125, 0.125]},
								"west": {"uv": [0, 0], "uv_size": [0.125, 0.125]},
								"up": {"uv": [0.125, 0.125], "uv_size": [-0.125, -0.125]},
								"down": {"uv": [0.125, 0.125], "uv_size": [-0.125, -0.125]}
							}
						},
						{
							"origin": [1.601, 1.80615, -0.496],
							"size": [0.117, 0.3877, 0.2],
							"pivot": [1.25, 2, -0.028],
							"rotation": [0, 0, 45],
							"uv": {
								"north": {"uv": [0, 0], "uv_size": [0.125, 0.125]},
								"east": {"uv": [0, 0], "uv_size": [0.125, 0.125]},
								"south": {"uv": [0, 0], "uv_size": [0.125, 0.125]},
								"west": {"uv": [0, 0], "uv_size": [0.125, 0.125]},
								"up": {"uv": [0.125, 0.125], "uv_size": [-0.125, -0.125]},
								"down": {"uv": [0.125, 0.125], "uv_size": [-0.125, -0.125]}
							}
						},
						{
							"origin": [1.601, 1.80615, -0.496],
							"size": [0.117, 0.3877, 0.2],
							"uv": {
								"north": {"uv": [0, 0], "uv_size": [0.125, 0.125]},
								"east": {"uv": [0, 0], "uv_size": [0.125, 0.125]},
								"south": {"uv": [0, 0], "uv_size": [0.125, 0.125]},
								"west": {"uv": [0, 0], "uv_size": [0.125, 0.125]},
								"up": {"uv": [0.125, 0.125], "uv_size": [-0.125, -0.125]},
								"down": {"uv": [0.125, 0.125], "uv_size": [-0.125, -0.125]}
							}
						},
						{
							"origin": [0.782, 1.80615, -0.496],
							"size": [0.117, 0.3877, 0.2],
							"pivot": [1.25, 2, -0.028],
							"rotation": [0, 0, 45],
							"uv": {
								"north": {"uv": [0, 0], "uv_size": [0.125, 0.125]},
								"east": {"uv": [0, 0], "uv_size": [0.125, 0.125]},
								"south": {"uv": [0, 0], "uv_size": [0.125, 0.125]},
								"west": {"uv": [0, 0], "uv_size": [0.125, 0.125]},
								"up": {"uv": [0.125, 0.125], "uv_size": [-0.125, -0.125]},
								"down": {"uv": [0.125, 0.125], "uv_size": [-0.125, -0.125]}
							}
						},
						{
							"origin": [0.782, 1.80615, -0.496],
							"size": [0.117, 0.3877, 0.2],
							"uv": {
								"north": {"uv": [0, 0], "uv_size": [0.125, 0.125]},
								"east": {"uv": [0, 0], "uv_size": [0.125, 0.125]},
								"south": {"uv": [0, 0], "uv_size": [0.125, 0.125]},
								"west": {"uv": [0, 0], "uv_size": [0.125, 0.125]},
								"up": {"uv": [0.125, 0.125], "uv_size": [-0.125, -0.125]},
								"down": {"uv": [0.125, 0.125], "uv_size": [-0.125, -0.125]}
							}
						}
					]
				}
			]
		}
	]
}
