{
	"format_version": "1.12.0",
	"minecraft:geometry": [
		{
			"description": {
				"identifier": "geometry.lt_gazelle",
				"texture_width": 64,
				"texture_height": 64,
				"visible_bounds_width": 10.5,
				"visible_bounds_height": 10.5,
				"visible_bounds_offset": [0, 0.25, 0]
			},
			"bones": [
				{
					"name": "LeftTrack",
					"pivot": [2.5625, 1.92583, -0.00256],
					"cubes": [
						{
							"origin": [2.325, 0, -3.25],
							"size": [0.8, 0.25, 6.5],
							"uv": {
								"north": {"uv": [12, 40], "uv_size": [0.75, 0.25]},
								"east": {"uv": [27, 0], "uv_size": [6.5, 0.25]},
								"south": {"uv": [40, 12], "uv_size": [0.75, 0.25]},
								"west": {"uv": [27, 3], "uv_size": [6.5, 0.25]},
								"up": {"uv": [11, 20], "uv_size": [0.75, 6.5]},
								"down": {"uv": [12, 26.5], "uv_size": [0.75, -6.5]}
							}
						},
						{
							"origin": [2.325, 2.5546, -4.53074],
							"size": [0.8, 0.25, 9],
							"uv": {
								"north": {"uv": [19, 40], "uv_size": [0.75, 0.25]},
								"east": {"uv": [24, 2], "uv_size": [9, 0.25]},
								"south": {"uv": [40, 19], "uv_size": [0.75, 0.25]},
								"west": {"uv": [24, 7], "uv_size": [9, 0.25]},
								"up": {"uv": [4, 18], "uv_size": [0.75, 9]},
								"down": {"uv": [5, 27], "uv_size": [0.75, -9]}
							}
						},
						{
							"origin": [2.325, 0, 3.25],
							"size": [0.8, 0.25, 2.25],
							"pivot": [3.125, 0, 3.25],
							"rotation": [42.5, 0, 0],
							"uv": {
								"north": {"uv": [13, 40], "uv_size": [0.75, 0.25]},
								"east": {"uv": [36, 11], "uv_size": [2.25, 0.25]},
								"south": {"uv": [40, 13], "uv_size": [0.75, 0.25]},
								"west": {"uv": [36, 12], "uv_size": [2.25, 0.25]},
								"up": {"uv": [3, 26], "uv_size": [0.75, 2.25]},
								"down": {"uv": [10, 28.25], "uv_size": [0.75, -2.25]}
							}
						},
						{
							"origin": [2.325, 0, -5.5],
							"size": [0.8, 0.25, 2.25],
							"pivot": [3.125, 0, -3.25],
							"rotation": [-42.5, 0, 0],
							"uv": {
								"north": {"uv": [20, 40], "uv_size": [0.75, 0.25]},
								"east": {"uv": [15, 36], "uv_size": [2.25, 0.25]},
								"south": {"uv": [40, 20], "uv_size": [0.75, 0.25]},
								"west": {"uv": [36, 18], "uv_size": [2.25, 0.25]},
								"up": {"uv": [26, 26], "uv_size": [0.75, 2.25]},
								"down": {"uv": [1, 29.25], "uv_size": [0.75, -2.25]}
							}
						},
						{
							"origin": [2.325, 1.52008, 4.90887],
							"size": [0.8, 0.25, 0.625],
							"pivot": [3.125, 1.52008, 4.90887],
							"rotation": [70, 0, 0],
							"uv": {
								"north": {"uv": [14, 40], "uv_size": [0.75, 0.25]},
								"east": {"uv": [40, 14], "uv_size": [0.75, 0.25]},
								"south": {"uv": [15, 40], "uv_size": [0.75, 0.25]},
								"west": {"uv": [40, 15], "uv_size": [0.75, 0.25]},
								"up": {"uv": [7, 36], "uv_size": [0.75, 0.75]},
								"down": {"uv": [9, 36.75], "uv_size": [0.75, -0.75]}
							}
						},
						{
							"origin": [2.325, 1.52008, -5.53387],
							"size": [0.8, 0.25, 0.625],
							"pivot": [3.125, 1.52008, -4.90887],
							"rotation": [-70, 0, 0],
							"uv": {
								"north": {"uv": [22, 40], "uv_size": [0.75, 0.25]},
								"east": {"uv": [40, 22], "uv_size": [0.75, 0.25]},
								"south": {"uv": [23, 40], "uv_size": [0.75, 0.25]},
								"west": {"uv": [40, 23], "uv_size": [0.75, 0.25]},
								"up": {"uv": [10, 36], "uv_size": [0.75, 0.75]},
								"down": {"uv": [12, 36.75], "uv_size": [0.75, -0.75]}
							}
						},
						{
							"origin": [2.325, 2.10739, 5.12264],
							"size": [0.8, 0.25, 0.375],
							"pivot": [3.125, 2.10739, 5.12264],
							"rotation": [90, 0, 0],
							"uv": {
								"north": {"uv": [16, 40], "uv_size": [0.75, 0.25]},
								"east": {"uv": [41, 8], "uv_size": [0.5, 0.25]},
								"south": {"uv": [40, 16], "uv_size": [0.75, 0.25]},
								"west": {"uv": [9, 41], "uv_size": [0.5, 0.25]},
								"up": {"uv": [28, 38], "uv_size": [0.75, 0.5]},
								"down": {"uv": [38, 28.5], "uv_size": [0.75, -0.5]}
							}
						},
						{
							"origin": [2.325, 2.10739, -5.49764],
							"size": [0.8, 0.25, 0.375],
							"pivot": [3.125, 2.10739, -5.12264],
							"rotation": [-90, 0, 0],
							"uv": {
								"north": {"uv": [21, 40], "uv_size": [0.75, 0.25]},
								"east": {"uv": [41, 11], "uv_size": [0.5, 0.25]},
								"south": {"uv": [40, 21], "uv_size": [0.75, 0.25]},
								"west": {"uv": [12, 41], "uv_size": [0.5, 0.25]},
								"up": {"uv": [31, 38], "uv_size": [0.75, 0.5]},
								"down": {"uv": [38, 31.5], "uv_size": [0.75, -0.5]}
							}
						},
						{
							"origin": [2.325, 2.48239, 5.12264],
							"size": [0.8, 0.25, 0.375],
							"pivot": [3.125, 2.48239, 5.12264],
							"rotation": [140, 0, 0],
							"uv": {
								"north": {"uv": [17, 40], "uv_size": [0.75, 0.25]},
								"east": {"uv": [41, 9], "uv_size": [0.5, 0.25]},
								"south": {"uv": [40, 17], "uv_size": [0.75, 0.25]},
								"west": {"uv": [10, 41], "uv_size": [0.5, 0.25]},
								"up": {"uv": [29, 38], "uv_size": [0.75, 0.5]},
								"down": {"uv": [38, 29.5], "uv_size": [0.75, -0.5]}
							}
						},
						{
							"origin": [2.325, 2.48239, -5.49764],
							"size": [0.8, 0.25, 0.375],
							"pivot": [3.125, 2.48239, -5.12264],
							"rotation": [-140, 0, 0],
							"uv": {
								"north": {"uv": [40, 25], "uv_size": [0.75, 0.25]},
								"east": {"uv": [41, 13], "uv_size": [0.5, 0.25]},
								"south": {"uv": [40, 26], "uv_size": [0.75, 0.25]},
								"west": {"uv": [14, 41], "uv_size": [0.5, 0.25]},
								"up": {"uv": [33, 38], "uv_size": [0.75, 0.5]},
								"down": {"uv": [38, 33.5], "uv_size": [0.75, -0.5]}
							}
						},
						{
							"origin": [2.325, 2.72343, 4.83537],
							"size": [0.8, 0.25, 0.375],
							"pivot": [3.125, 2.72343, 4.83537],
							"rotation": [167.5, 0, 0],
							"uv": {
								"north": {"uv": [18, 40], "uv_size": [0.75, 0.25]},
								"east": {"uv": [41, 10], "uv_size": [0.5, 0.25]},
								"south": {"uv": [40, 18], "uv_size": [0.75, 0.25]},
								"west": {"uv": [11, 41], "uv_size": [0.5, 0.25]},
								"up": {"uv": [30, 38], "uv_size": [0.75, 0.5]},
								"down": {"uv": [38, 30.5], "uv_size": [0.75, -0.5]}
							}
						},
						{
							"origin": [2.325, 2.72343, -5.21037],
							"size": [0.8, 0.25, 0.375],
							"pivot": [3.125, 2.72343, -4.83537],
							"rotation": [-167.5, 0, 0],
							"uv": {
								"north": {"uv": [24, 40], "uv_size": [0.75, 0.25]},
								"east": {"uv": [41, 12], "uv_size": [0.5, 0.25]},
								"south": {"uv": [40, 24], "uv_size": [0.75, 0.25]},
								"west": {"uv": [13, 41], "uv_size": [0.5, 0.25]},
								"up": {"uv": [32, 38], "uv_size": [0.75, 0.5]},
								"down": {"uv": [38, 32.5], "uv_size": [0.75, -0.5]}
							}
						}
					]
				},
				{
					"name": "Hull",
					"pivot": [0, 0, 0],
					"cubes": [
						{
							"origin": [-2.25, 0.75, -4.625],
							"size": [4.5, 2, 7.875],
							"uv": {
								"north": {"uv": [15, 10], "uv_size": [4.5, 2]},
								"east": {"uv": [10, 0], "uv_size": [8, 2]},
								"south": {"uv": [15, 12], "uv_size": [4.5, 2]},
								"west": {"uv": [10, 2], "uv_size": [8, 2]},
								"up": {"uv": [0, 0], "uv_size": [4.5, 8]},
								"down": {"uv": [5, 8], "uv_size": [4.5, -8]}
							}
						},
						{
							"origin": [-2.25, 0.75, -4.625],
							"size": [4.5, 2, 0.875],
							"pivot": [-2.25, 0.75, -4.625],
							"rotation": [32.5, 0, 0],
							"uv": {
								"north": {"uv": [14, 15], "uv_size": [4.5, 2]},
								"east": {"uv": [22, 24], "uv_size": [1, 2]},
								"south": {"uv": [0, 16], "uv_size": [4.5, 2]},
								"west": {"uv": [15, 25], "uv_size": [1, 2]},
								"up": {"uv": [19, 18], "uv_size": [4.5, 1]},
								"down": {"uv": [20, 7], "uv_size": [4.5, -1]}
							}
						},
						{
							"origin": [-3.125, 2.625, -4.625],
							"size": [0.875, 0.125, 0.875],
							"pivot": [-3.5, 0.75, -4.625],
							"rotation": [32.5, 0, 0],
							"uv": {
								"north": {"uv": [39, 37], "uv_size": [1, 0.25]},
								"east": {"uv": [38, 39], "uv_size": [1, 0.25]},
								"south": {"uv": [39, 38], "uv_size": [1, 0.25]},
								"west": {"uv": [39, 39], "uv_size": [1, 0.25]},
								"up": {"uv": [13, 18], "uv_size": [1, 1]},
								"down": {"uv": [26, 34], "uv_size": [1, -1]}
							}
						},
						{
							"origin": [2.25, 2.625, -4.625],
							"size": [0.875, 0.125, 0.875],
							"pivot": [3.5, 0.75, -4.625],
							"rotation": [32.5, 0, 0],
							"uv": {
								"north": {"uv": [7, 40], "uv_size": [1, 0.25]},
								"east": {"uv": [40, 7], "uv_size": [1, 0.25]},
								"south": {"uv": [8, 40], "uv_size": [1, 0.25]},
								"west": {"uv": [40, 8], "uv_size": [1, 0.25]},
								"up": {"uv": [32, 33], "uv_size": [1, 1]},
								"down": {"uv": [33, 33], "uv_size": [1, -1]}
							}
						},
						{
							"origin": [-3.125, 1.90409, -5.5079],
							"size": [0.875, 0.5, 0.125],
							"pivot": [-2.875, 2.15409, -5.4454],
							"rotation": [32.5, 0, 0],
							"uv": {
								"north": {"uv": [34, 38], "uv_size": [0.75, 0.5]},
								"east": {"uv": [41, 14], "uv_size": [0.25, 0.5]},
								"south": {"uv": [38, 34], "uv_size": [0.75, 0.5]},
								"west": {"uv": [15, 41], "uv_size": [0.25, 0.5]},
								"up": {"uv": [31, 40], "uv_size": [0.75, 0.25]},
								"down": {"uv": [40, 31.25], "uv_size": [0.75, -0.25]}
							}
						},
						{
							"origin": [2.25, 1.90409, -5.5079],
							"size": [0.875, 0.5, 0.125],
							"pivot": [2.875, 2.15409, -5.4454],
							"rotation": [32.5, 0, 0],
							"uv": {
								"north": {"uv": [38, 2], "uv_size": [1, 0.5]},
								"east": {"uv": [41, 15], "uv_size": [0.25, 0.5]},
								"south": {"uv": [38, 3], "uv_size": [1, 0.5]},
								"west": {"uv": [16, 41], "uv_size": [0.25, 0.5]},
								"up": {"uv": [2, 40], "uv_size": [1, 0.25]},
								"down": {"uv": [40, 2.25], "uv_size": [1, -0.25]}
							}
						},
						{
							"origin": [-2.25, 2.75, -1.875],
							"size": [4.5, 0.75, 4.75],
							"uv": {
								"north": {"uv": [22, 3], "uv_size": [4.5, 0.75]},
								"east": {"uv": [20, 13], "uv_size": [4.75, 0.75]},
								"south": {"uv": [22, 10], "uv_size": [4.5, 0.75]},
								"west": {"uv": [22, 0], "uv_size": [4.75, 0.75]},
								"up": {"uv": [0, 8], "uv_size": [4.5, 4.75]},
								"down": {"uv": [5, 12.75], "uv_size": [4.5, -4.75]}
							}
						},
						{
							"origin": [0.5, 2.75, -3.625],
							"size": [1.375, 0.75, 1.75],
							"uv": {
								"north": {"uv": [33, 26], "uv_size": [1.5, 0.75]},
								"east": {"uv": [27, 21], "uv_size": [1.75, 0.75]},
								"south": {"uv": [33, 27], "uv_size": [1.5, 0.75]},
								"west": {"uv": [27, 22], "uv_size": [1.75, 0.75]},
								"up": {"uv": [19, 23], "uv_size": [1.5, 1.75]},
								"down": {"uv": [23, 21.75], "uv_size": [1.5, -1.75]}
							}
						},
						{
							"origin": [0.5, 2.75, -3.625],
							"size": [1.375, 0.75, 0.375],
							"pivot": [1.875, 3.5, -3.625],
							"rotation": [-37.5, 0, 0],
							"uv": {
								"north": {"uv": [33, 28], "uv_size": [1.5, 0.75]},
								"east": {"uv": [39, 7], "uv_size": [0.5, 0.75]},
								"south": {"uv": [33, 29], "uv_size": [1.5, 0.75]},
								"west": {"uv": [8, 39], "uv_size": [0.5, 0.75]},
								"up": {"uv": [35, 13], "uv_size": [1.5, 0.5]},
								"down": {"uv": [15, 35.5], "uv_size": [1.5, -0.5]}
							}
						},
						{
							"origin": [-2.25, 2.75, -5],
							"size": [4.5, 0.75, 3.125],
							"pivot": [-2.25, 3.5, -1.875],
							"rotation": [11, 0, 0],
							"uv": {
								"north": {"uv": [22, 11], "uv_size": [4.5, 0.75]},
								"east": {"uv": [15, 14], "uv_size": [3.25, 0.75]},
								"south": {"uv": [22, 12], "uv_size": [4.5, 0.75]},
								"west": {"uv": [24, 1], "uv_size": [3.25, 0.75]},
								"up": {"uv": [10, 4], "uv_size": [4.5, 3.25]},
								"down": {"uv": [10, 11.25], "uv_size": [4.5, -3.25]}
							}
						},
						{
							"origin": [-3.125, 3.375, -5],
							"size": [0.875, 0.125, 3.125],
							"pivot": [-3.5, 3.5, -1.875],
							"rotation": [11, 0, 0],
							"uv": {
								"north": {"uv": [39, 32], "uv_size": [1, 0.25]},
								"east": {"uv": [34, 0], "uv_size": [3.25, 0.25]},
								"south": {"uv": [33, 39], "uv_size": [1, 0.25]},
								"west": {"uv": [34, 1], "uv_size": [3.25, 0.25]},
								"up": {"uv": [15, 21], "uv_size": [1, 3.25]},
								"down": {"uv": [10, 25.25], "uv_size": [1, -3.25]}
							}
						},
						{
							"origin": [2.25, 3.375, -5],
							"size": [0.875, 0.125, 3.125],
							"pivot": [3.5, 3.5, -1.875],
							"rotation": [11, 0, 0],
							"uv": {
								"north": {"uv": [1, 40], "uv_size": [1, 0.25]},
								"east": {"uv": [34, 3], "uv_size": [3.25, 0.25]},
								"south": {"uv": [40, 1], "uv_size": [1, 0.25]},
								"west": {"uv": [4, 34], "uv_size": [3.25, 0.25]},
								"up": {"uv": [22, 20], "uv_size": [1, 3.25]},
								"down": {"uv": [18, 26.25], "uv_size": [1, -3.25]}
							}
						},
						{
							"origin": [-3.125, 3.25, -3.875],
							"size": [0.875, 0.125, 2],
							"pivot": [-3.5, 3.5, -1.875],
							"rotation": [11, 0, 0],
							"uv": {
								"north": {"uv": [39, 36], "uv_size": [1, 0.25]},
								"east": {"uv": [38, 1], "uv_size": [2, 0.25]},
								"south": {"uv": [37, 39], "uv_size": [1, 0.25]},
								"west": {"uv": [2, 38], "uv_size": [2, 0.25]},
								"up": {"uv": [23, 25], "uv_size": [1, 2]},
								"down": {"uv": [24, 27], "uv_size": [1, -2]}
							}
						},
						{
							"origin": [2.25, 3.25, -3.875],
							"size": [0.875, 0.125, 2],
							"pivot": [3.5, 3.5, -1.875],
							"rotation": [11, 0, 0],
							"uv": {
								"north": {"uv": [6, 40], "uv_size": [1, 0.25]},
								"east": {"uv": [4, 38], "uv_size": [2, 0.25]},
								"south": {"uv": [40, 6], "uv_size": [1, 0.25]},
								"west": {"uv": [38, 4], "uv_size": [2, 0.25]},
								"up": {"uv": [25, 25], "uv_size": [1, 2]},
								"down": {"uv": [0, 28], "uv_size": [1, -2]}
							}
						},
						{
							"origin": [-2.25, 1.5, 2.875],
							"size": [4.5, 2, 2.625],
							"uv": {
								"north": {"uv": [5, 16], "uv_size": [4.5, 2]},
								"east": {"uv": [13, 19], "uv_size": [2.75, 2]},
								"south": {"uv": [14, 17], "uv_size": [4.5, 2]},
								"west": {"uv": [19, 14], "uv_size": [2.75, 2]},
								"up": {"uv": [10, 12], "uv_size": [4.5, 2.75]},
								"down": {"uv": [0, 15.75], "uv_size": [4.5, -2.75]}
							}
						},
						{
							"origin": [-3.125, 2.375, 5.25],
							"size": [0.875, 1.125, 0.25],
							"uv": {
								"north": {"uv": [12, 33], "uv_size": [1, 1.25]},
								"east": {"uv": [39, 24], "uv_size": [0.25, 1.25]},
								"south": {"uv": [13, 33], "uv_size": [1, 1.25]},
								"west": {"uv": [25, 39], "uv_size": [0.25, 1.25]},
								"up": {"uv": [39, 30], "uv_size": [1, 0.25]},
								"down": {"uv": [31, 39.25], "uv_size": [1, -0.25]}
							}
						},
						{
							"origin": [2.25, 2.375, 5.25],
							"size": [0.875, 1.125, 0.25],
							"uv": {
								"north": {"uv": [33, 13], "uv_size": [1, 1.25]},
								"east": {"uv": [26, 39], "uv_size": [0.25, 1.25]},
								"south": {"uv": [15, 33], "uv_size": [1, 1.25]},
								"west": {"uv": [39, 26], "uv_size": [0.25, 1.25]},
								"up": {"uv": [0, 40], "uv_size": [1, 0.25]},
								"down": {"uv": [40, 0.25], "uv_size": [1, -0.25]}
							}
						},
						{
							"origin": [-3.125, 2.5, 5.25],
							"size": [0.875, 0.625, 0.25],
							"pivot": [-2.875, 2.5, 5.375],
							"rotation": [37.5, 0, 0],
							"uv": {
								"north": {"uv": [33, 34], "uv_size": [1, 0.75]},
								"east": {"uv": [27, 40], "uv_size": [0.25, 0.75]},
								"south": {"uv": [34, 34], "uv_size": [1, 0.75]},
								"west": {"uv": [40, 27], "uv_size": [0.25, 0.75]},
								"up": {"uv": [39, 31], "uv_size": [1, 0.25]},
								"down": {"uv": [32, 39.25], "uv_size": [1, -0.25]}
							}
						},
						{
							"origin": [2.25, 2.5, 5.25],
							"size": [0.875, 0.625, 0.25],
							"pivot": [2.875, 2.5, 5.375],
							"rotation": [37.5, 0, 0],
							"uv": {
								"north": {"uv": [35, 12], "uv_size": [1, 0.75]},
								"east": {"uv": [41, 7], "uv_size": [0.25, 0.75]},
								"south": {"uv": [13, 35], "uv_size": [1, 0.75]},
								"west": {"uv": [8, 41], "uv_size": [0.25, 0.75]},
								"up": {"uv": [11, 40], "uv_size": [1, 0.25]},
								"down": {"uv": [40, 11.25], "uv_size": [1, -0.25]}
							}
						},
						{
							"origin": [-3.125, 2.875, -1.875],
							"size": [0.875, 0.625, 7.125],
							"uv": {
								"north": {"uv": [31, 34], "uv_size": [1, 0.75]},
								"east": {"uv": [19, 9], "uv_size": [7.25, 0.75]},
								"south": {"uv": [32, 34], "uv_size": [1, 0.75]},
								"west": {"uv": [16, 19], "uv_size": [7.25, 0.75]},
								"up": {"uv": [0, 18], "uv_size": [1, 7.25]},
								"down": {"uv": [1, 25.25], "uv_size": [1, -7.25]}
							}
						},
						{
							"origin": [2.25, 2.875, -1.875],
							"size": [0.875, 0.625, 7.125],
							"uv": {
								"north": {"uv": [5, 35], "uv_size": [1, 0.75]},
								"east": {"uv": [19, 16], "uv_size": [7.25, 0.75]},
								"south": {"uv": [6, 35], "uv_size": [1, 0.75]},
								"west": {"uv": [19, 17], "uv_size": [7.25, 0.75]},
								"up": {"uv": [2, 18], "uv_size": [1, 7.25]},
								"down": {"uv": [3, 25.25], "uv_size": [1, -7.25]}
							}
						},
						{
							"origin": [2.025, 2.625, -5.375],
							"size": [0.35, 0.35, 0.25],
							"uv": {
								"north": {"uv": [41, 29], "uv_size": [0.25, 0.25]},
								"east": {"uv": [30, 41], "uv_size": [0.25, 0.25]},
								"south": {"uv": [41, 30], "uv_size": [0.25, 0.25]},
								"west": {"uv": [31, 41], "uv_size": [0.25, 0.25]},
								"up": {"uv": [41, 31], "uv_size": [0.25, 0.25]},
								"down": {"uv": [32, 41.25], "uv_size": [0.25, -0.25]}
							}
						},
						{
							"origin": [-2.375, 2.625, -5.375],
							"size": [0.35, 0.35, 0.25],
							"uv": {
								"north": {"uv": [41, 32], "uv_size": [0.25, 0.25]},
								"east": {"uv": [33, 41], "uv_size": [0.25, 0.25]},
								"south": {"uv": [41, 33], "uv_size": [0.25, 0.25]},
								"west": {"uv": [34, 41], "uv_size": [0.25, 0.25]},
								"up": {"uv": [41, 34], "uv_size": [0.25, 0.25]},
								"down": {"uv": [35, 41.25], "uv_size": [0.25, -0.25]}
							}
						},
						{
							"origin": [-2.875, 3, 5.375],
							"size": [0.35, 0.35, 0.25],
							"uv": {
								"north": {"uv": [41, 35], "uv_size": [0.25, 0.25]},
								"east": {"uv": [36, 41], "uv_size": [0.25, 0.25]},
								"south": {"uv": [41, 36], "uv_size": [0.25, 0.25]},
								"west": {"uv": [37, 41], "uv_size": [0.25, 0.25]},
								"up": {"uv": [41, 37], "uv_size": [0.25, 0.25]},
								"down": {"uv": [38, 41.25], "uv_size": [0.25, -0.25]}
							}
						},
						{
							"origin": [2.525, 3, 5.375],
							"size": [0.35, 0.35, 0.25],
							"uv": {
								"north": {"uv": [41, 38], "uv_size": [0.25, 0.25]},
								"east": {"uv": [39, 41], "uv_size": [0.25, 0.25]},
								"south": {"uv": [41, 39], "uv_size": [0.25, 0.25]},
								"west": {"uv": [40, 41], "uv_size": [0.25, 0.25]},
								"up": {"uv": [41, 40], "uv_size": [0.25, 0.25]},
								"down": {"uv": [41, 41.25], "uv_size": [0.25, -0.25]}
							}
						},
						{
							"origin": [-3.125, 2.875, -4.375],
							"size": [0.875, 0.125, 2.5],
							"uv": {
								"north": {"uv": [39, 33], "uv_size": [1, 0.25]},
								"east": {"uv": [4, 36], "uv_size": [2.5, 0.25]},
								"south": {"uv": [34, 39], "uv_size": [1, 0.25]},
								"west": {"uv": [36, 7], "uv_size": [2.5, 0.25]},
								"up": {"uv": [21, 23], "uv_size": [1, 2.5]},
								"down": {"uv": [23, 24.5], "uv_size": [1, -2.5]}
							}
						},
						{
							"origin": [2.25, 2.875, -4.375],
							"size": [0.875, 0.125, 2.5],
							"uv": {
								"north": {"uv": [4, 40], "uv_size": [1, 0.25]},
								"east": {"uv": [36, 8], "uv_size": [2.5, 0.25]},
								"south": {"uv": [40, 4], "uv_size": [1, 0.25]},
								"west": {"uv": [36, 10], "uv_size": [2.5, 0.25]},
								"up": {"uv": [8, 24], "uv_size": [1, 2.5]},
								"down": {"uv": [9, 26.5], "uv_size": [1, -2.5]}
							}
						},
						{
							"origin": [-3.135, 3, -2.625],
							"size": [0.875, 0.25, 0.75],
							"uv": {
								"north": {"uv": [39, 34], "uv_size": [1, 0.25]},
								"east": {"uv": [28, 40], "uv_size": [0.75, 0.25]},
								"south": {"uv": [35, 39], "uv_size": [1, 0.25]},
								"west": {"uv": [29, 40], "uv_size": [0.75, 0.25]},
								"up": {"uv": [0, 35], "uv_size": [1, 0.75]},
								"down": {"uv": [35, 2.75], "uv_size": [1, -0.75]}
							}
						},
						{
							"origin": [2.251, 3, -2.625],
							"size": [0.875, 0.25, 0.75],
							"uv": {
								"north": {"uv": [3, 40], "uv_size": [1, 0.25]},
								"east": {"uv": [32, 40], "uv_size": [0.75, 0.25]},
								"south": {"uv": [40, 3], "uv_size": [1, 0.25]},
								"west": {"uv": [40, 32], "uv_size": [0.75, 0.25]},
								"up": {"uv": [7, 35], "uv_size": [1, 0.75]},
								"down": {"uv": [35, 7.75], "uv_size": [1, -0.75]}
							}
						},
						{
							"origin": [-3.125, 3, -3.375],
							"size": [0.875, 0.125, 0.75],
							"uv": {
								"north": {"uv": [39, 35], "uv_size": [1, 0.25]},
								"east": {"uv": [30, 40], "uv_size": [0.75, 0.25]},
								"south": {"uv": [36, 39], "uv_size": [1, 0.25]},
								"west": {"uv": [40, 30], "uv_size": [0.75, 0.25]},
								"up": {"uv": [3, 35], "uv_size": [1, 0.75]},
								"down": {"uv": [4, 35.75], "uv_size": [1, -0.75]}
							}
						},
						{
							"origin": [2.25, 3, -3.375],
							"size": [0.875, 0.125, 0.75],
							"uv": {
								"north": {"uv": [5, 40], "uv_size": [1, 0.25]},
								"east": {"uv": [33, 40], "uv_size": [0.75, 0.25]},
								"south": {"uv": [40, 5], "uv_size": [1, 0.25]},
								"west": {"uv": [40, 33], "uv_size": [0.75, 0.25]},
								"up": {"uv": [35, 8], "uv_size": [1, 0.75]},
								"down": {"uv": [9, 35.75], "uv_size": [1, -0.75]}
							}
						},
						{
							"origin": [-2.25, 1.5, 3.125],
							"size": [4.5, 1.125, 2.375],
							"pivot": [-2.25, 1.5, 5.5],
							"rotation": [17.5, 0, 0],
							"uv": {
								"north": {"uv": [8, 18], "uv_size": [4.5, 1.25]},
								"east": {"uv": [22, 14], "uv_size": [2.5, 1.25]},
								"south": {"uv": [19, 7], "uv_size": [4.5, 1.25]},
								"west": {"uv": [23, 4], "uv_size": [2.5, 1.25]},
								"up": {"uv": [5, 13], "uv_size": [4.5, 2.5]},
								"down": {"uv": [15, 6.5], "uv_size": [4.5, -2.5]}
							}
						}
					]
				},
				{
					"name": "Turret",
					"pivot": [0, 0, 2.25],
					"cubes": [
						{
							"origin": [-1.75, 3.5, 0.125],
							"size": [3.5, 1.625, 3],
							"uv": {
								"north": {"uv": [18, 0], "uv_size": [3.5, 1.75]},
								"east": {"uv": [20, 4], "uv_size": [3, 1.75]},
								"south": {"uv": [18, 2], "uv_size": [3.5, 1.75]},
								"west": {"uv": [8, 20], "uv_size": [3, 1.75]},
								"up": {"uv": [15, 7], "uv_size": [3.5, 3]},
								"down": {"uv": [10, 18], "uv_size": [3.5, -3]}
							}
						},
						{
							"origin": [0.25, 5, 1.125],
							"size": [1.25, 0.25, 1.25],
							"uv": {
								"north": {"uv": [27, 39], "uv_size": [1.25, 0.25]},
								"east": {"uv": [39, 28], "uv_size": [1.25, 0.25]},
								"south": {"uv": [29, 39], "uv_size": [1.25, 0.25]},
								"west": {"uv": [39, 29], "uv_size": [1.25, 0.25]},
								"up": {"uv": [27, 11], "uv_size": [1.25, 1.25]},
								"down": {"uv": [27, 14.25], "uv_size": [1.25, -1.25]}
							}
						},
						{
							"origin": [0.75, 3.5, -0.5],
							"size": [1, 0.5, 0.625],
							"uv": {
								"north": {"uv": [38, 5], "uv_size": [1, 0.5]},
								"east": {"uv": [3, 39], "uv_size": [0.75, 0.5]},
								"south": {"uv": [6, 38], "uv_size": [1, 0.5]},
								"west": {"uv": [39, 3], "uv_size": [0.75, 0.5]},
								"up": {"uv": [10, 35], "uv_size": [1, 0.75]},
								"down": {"uv": [35, 10.75], "uv_size": [1, -0.75]}
							}
						},
						{
							"origin": [-1.75, 3.5, -0.5],
							"size": [1, 0.5, 0.625],
							"uv": {
								"north": {"uv": [38, 6], "uv_size": [1, 0.5]},
								"east": {"uv": [4, 39], "uv_size": [0.75, 0.5]},
								"south": {"uv": [7, 38], "uv_size": [1, 0.5]},
								"west": {"uv": [5, 39], "uv_size": [0.75, 0.5]},
								"up": {"uv": [35, 11], "uv_size": [1, 0.75]},
								"down": {"uv": [12, 35.75], "uv_size": [1, -0.75]}
							}
						},
						{
							"origin": [-0.875, 4.1225, 2.875],
							"size": [1.75, 1, 2.125],
							"pivot": [-0.875, 5.125, 5],
							"rotation": [0, 25, 0],
							"uv": {
								"north": {"uv": [1, 26], "uv_size": [1.75, 1]},
								"east": {"uv": [24, 19], "uv_size": [2.25, 1]},
								"south": {"uv": [26, 4], "uv_size": [1.75, 1]},
								"west": {"uv": [24, 22], "uv_size": [2.25, 1]},
								"up": {"uv": [20, 10], "uv_size": [1.75, 2.25]},
								"down": {"uv": [18, 22.25], "uv_size": [1.75, -2.25]}
							}
						},
						{
							"origin": [-0.8755, 4.1225, 2.875],
							"size": [1.75, 1, 2.125],
							"pivot": [0.875, 5.125, 5],
							"rotation": [0, -25, 0],
							"uv": {
								"north": {"uv": [21, 26], "uv_size": [1.75, 1]},
								"east": {"uv": [24, 23], "uv_size": [2.25, 1]},
								"south": {"uv": [26, 25], "uv_size": [1.75, 1]},
								"west": {"uv": [24, 24], "uv_size": [2.25, 1]},
								"up": {"uv": [20, 20], "uv_size": [1.75, 2.25]},
								"down": {"uv": [13, 23.25], "uv_size": [1.75, -2.25]}
							}
						},
						{
							"origin": [-0.875, 4.125, 3.125],
							"size": [1.75, 1, 1.875],
							"uv": {
								"north": {"uv": [26, 5], "uv_size": [1.75, 1]},
								"east": {"uv": [25, 6], "uv_size": [2, 1]},
								"south": {"uv": [13, 26], "uv_size": [1.75, 1]},
								"west": {"uv": [25, 15], "uv_size": [2, 1]},
								"up": {"uv": [22, 1], "uv_size": [1.75, 2]},
								"down": {"uv": [8, 24], "uv_size": [1.75, -2]}
							}
						},
						{
							"origin": [0.745, 3.625, 0.125],
							"size": [1, 1.5, 0.875],
							"pivot": [1.75, 5.125, 0.125],
							"rotation": [-50, 0, 0],
							"uv": {
								"north": {"uv": [9, 27], "uv_size": [1, 1.5]},
								"east": {"uv": [15, 27], "uv_size": [1, 1.5]},
								"south": {"uv": [27, 15], "uv_size": [1, 1.5]},
								"west": {"uv": [16, 27], "uv_size": [1, 1.5]},
								"up": {"uv": [33, 30], "uv_size": [1, 1]},
								"down": {"uv": [33, 32], "uv_size": [1, -1]}
							}
						},
						{
							"origin": [-1.745, 3.625, 0.125],
							"size": [1, 1.5, 0.875],
							"pivot": [-1.75, 5.125, 0.125],
							"rotation": [-50, 0, 0],
							"uv": {
								"north": {"uv": [17, 27], "uv_size": [1, 1.5]},
								"east": {"uv": [18, 27], "uv_size": [1, 1.5]},
								"south": {"uv": [19, 27], "uv_size": [1, 1.5]},
								"west": {"uv": [27, 19], "uv_size": [1, 1.5]},
								"up": {"uv": [33, 33], "uv_size": [1, 1]},
								"down": {"uv": [0, 35], "uv_size": [1, -1]}
							}
						}
					]
				},
				{
					"name": "bone5",
					"parent": "Turret",
					"pivot": [0, 4.2683, 0.2092],
					"cubes": [
						{
							"origin": [-0.75, 3.92394, -1.30558],
							"size": [1.5, 0.75, 0.625],
							"uv": {
								"north": {"uv": [33, 23], "uv_size": [1.5, 0.75]},
								"east": {"uv": [26, 36], "uv_size": [0.75, 0.75]},
								"south": {"uv": [24, 33], "uv_size": [1.5, 0.75]},
								"west": {"uv": [36, 26], "uv_size": [0.75, 0.75]},
								"up": {"uv": [33, 24], "uv_size": [1.5, 0.75]},
								"down": {"uv": [33, 25.75], "uv_size": [1.5, -0.75]}
							}
						},
						{
							"origin": [-0.25, 4, -4.4375],
							"size": [0.5, 0.5, 3.125],
							"uv": {
								"north": {"uv": [9, 40], "uv_size": [0.5, 0.5]},
								"east": {"uv": [27, 10], "uv_size": [3.25, 0.5]},
								"south": {"uv": [40, 9], "uv_size": [0.5, 0.5]},
								"west": {"uv": [11, 27], "uv_size": [3.25, 0.5]},
								"up": {"uv": [7, 27], "uv_size": [0.5, 3.25]},
								"down": {"uv": [8, 30.25], "uv_size": [0.5, -3.25]}
							}
						},
						{
							"origin": [0.25, 4.25, -4.4375],
							"size": [0.25, 0.25, 3.125],
							"pivot": [0.25, 4.5, -4.4375],
							"rotation": [0, 0, 30],
							"uv": {
								"north": {"uv": [41, 23], "uv_size": [0.25, 0.25]},
								"east": {"uv": [34, 4], "uv_size": [3.25, 0.25]},
								"south": {"uv": [24, 41], "uv_size": [0.25, 0.25]},
								"west": {"uv": [34, 5], "uv_size": [3.25, 0.25]},
								"up": {"uv": [1, 34], "uv_size": [0.25, 3.25]},
								"down": {"uv": [2, 37.25], "uv_size": [0.25, -3.25]}
							}
						},
						{
							"origin": [-0.5, 4.25, -4.4375],
							"size": [0.25, 0.25, 3.125],
							"pivot": [-0.25, 4.5, -4.4375],
							"rotation": [0, 0, -30],
							"uv": {
								"north": {"uv": [41, 24], "uv_size": [0.25, 0.25]},
								"east": {"uv": [34, 6], "uv_size": [3.25, 0.25]},
								"south": {"uv": [25, 41], "uv_size": [0.25, 0.25]},
								"west": {"uv": [34, 9], "uv_size": [3.25, 0.25]},
								"up": {"uv": [8, 34], "uv_size": [0.25, 3.25]},
								"down": {"uv": [34, 13.25], "uv_size": [0.25, -3.25]}
							}
						},
						{
							"origin": [-0.46651, 4.125, -4.4375],
							"size": [0.25, 0.25, 3.125],
							"uv": {
								"north": {"uv": [41, 27], "uv_size": [0.25, 0.25]},
								"east": {"uv": [34, 19], "uv_size": [3.25, 0.25]},
								"south": {"uv": [28, 41], "uv_size": [0.25, 0.25]},
								"west": {"uv": [20, 34], "uv_size": [3.25, 0.25]},
								"up": {"uv": [24, 34], "uv_size": [0.25, 3.25]},
								"down": {"uv": [25, 37.25], "uv_size": [0.25, -3.25]}
							}
						},
						{
							"origin": [0.21651, 4.125, -4.4375],
							"size": [0.25, 0.25, 3.125],
							"uv": {
								"north": {"uv": [41, 28], "uv_size": [0.25, 0.25]},
								"east": {"uv": [34, 20], "uv_size": [3.25, 0.25]},
								"south": {"uv": [29, 41], "uv_size": [0.25, 0.25]},
								"west": {"uv": [26, 34], "uv_size": [3.25, 0.25]},
								"up": {"uv": [30, 34], "uv_size": [0.25, 3.25]},
								"down": {"uv": [34, 33.25], "uv_size": [0.25, -3.25]}
							}
						},
						{
							"origin": [-0.5, 4, -4.4375],
							"size": [0.25, 0.25, 3.125],
							"pivot": [-0.25, 4, -4.4375],
							"rotation": [0, 0, 30],
							"uv": {
								"north": {"uv": [41, 25], "uv_size": [0.25, 0.25]},
								"east": {"uv": [34, 14], "uv_size": [3.25, 0.25]},
								"south": {"uv": [26, 41], "uv_size": [0.25, 0.25]},
								"west": {"uv": [34, 15], "uv_size": [3.25, 0.25]},
								"up": {"uv": [11, 34], "uv_size": [0.25, 3.25]},
								"down": {"uv": [14, 37.25], "uv_size": [0.25, -3.25]}
							}
						},
						{
							"origin": [0.25, 4, -4.4375],
							"size": [0.25, 0.25, 3.125],
							"pivot": [0.25, 4, -4.4375],
							"rotation": [0, 0, -30],
							"uv": {
								"north": {"uv": [41, 26], "uv_size": [0.25, 0.25]},
								"east": {"uv": [34, 16], "uv_size": [3.25, 0.25]},
								"south": {"uv": [27, 41], "uv_size": [0.25, 0.25]},
								"west": {"uv": [34, 17], "uv_size": [3.25, 0.25]},
								"up": {"uv": [18, 34], "uv_size": [0.25, 3.25]},
								"down": {"uv": [19, 37.25], "uv_size": [0.25, -3.25]}
							}
						},
						{
							"origin": [-0.125, 4.125, -7.3125],
							"size": [0.25, 0.25, 6],
							"uv": {
								"north": {"uv": [41, 22], "uv_size": [0.25, 0.25]},
								"east": {"uv": [27, 17], "uv_size": [6, 0.25]},
								"south": {"uv": [23, 41], "uv_size": [0.25, 0.25]},
								"west": {"uv": [20, 27], "uv_size": [6, 0.25]},
								"up": {"uv": [27, 26], "uv_size": [0.25, 6]},
								"down": {"uv": [0, 34], "uv_size": [0.25, -6]}
							}
						},
						{
							"origin": [-0.25, 4.1, -7.4375],
							"size": [0.5, 0.375, 0.75],
							"uv": {
								"north": {"uv": [10, 40], "uv_size": [0.5, 0.5]},
								"east": {"uv": [39, 5], "uv_size": [0.75, 0.5]},
								"south": {"uv": [40, 10], "uv_size": [0.5, 0.5]},
								"west": {"uv": [6, 39], "uv_size": [0.75, 0.5]},
								"up": {"uv": [39, 6], "uv_size": [0.5, 0.75]},
								"down": {"uv": [7, 39.75], "uv_size": [0.5, -0.75]}
							}
						},
						{
							"origin": [-0.75, 3.53571, 0.14331],
							"size": [1.5, 1.5, 0.625],
							"pivot": [0.75, 3.53571, 0.14331],
							"rotation": [75, 0, 0],
							"uv": {
								"north": {"uv": [19, 25], "uv_size": [1.5, 1.5]},
								"east": {"uv": [17, 33], "uv_size": [0.75, 1.5]},
								"south": {"uv": [25, 20], "uv_size": [1.5, 1.5]},
								"west": {"uv": [33, 19], "uv_size": [0.75, 1.5]},
								"up": {"uv": [33, 21], "uv_size": [1.5, 0.75]},
								"down": {"uv": [33, 22.75], "uv_size": [1.5, -0.75]}
							}
						},
						{
							"origin": [-0.75, 3.625, 0.125],
							"size": [1.5, 1.5, 0.625],
							"pivot": [0.75, 5.125, 0.125],
							"rotation": [-72.5, 0, 0],
							"uv": {
								"north": {"uv": [13, 24], "uv_size": [1.5, 1.5]},
								"east": {"uv": [16, 33], "uv_size": [0.75, 1.5]},
								"south": {"uv": [25, 13], "uv_size": [1.5, 1.5]},
								"west": {"uv": [33, 16], "uv_size": [0.75, 1.5]},
								"up": {"uv": [33, 8], "uv_size": [1.5, 0.75]},
								"down": {"uv": [33, 18.75], "uv_size": [1.5, -0.75]}
							}
						}
					]
				},
				{
					"name": "RightTrack",
					"pivot": [-2.5625, 1.92583, -0.00256],
					"cubes": [
						{
							"origin": [-3.125, 0, -3.25],
							"size": [0.8, 0.25, 6.5],
							"uv": {
								"north": {"uv": [34, 40], "uv_size": [0.75, 0.25]},
								"east": {"uv": [27, 6], "uv_size": [6.5, 0.25]},
								"south": {"uv": [40, 34], "uv_size": [0.75, 0.25]},
								"west": {"uv": [27, 9], "uv_size": [6.5, 0.25]},
								"up": {"uv": [16, 20], "uv_size": [0.75, 6.5]},
								"down": {"uv": [17, 26.5], "uv_size": [0.75, -6.5]}
							}
						},
						{
							"origin": [-3.125, 2.5546, -4.53074],
							"size": [0.8, 0.25, 9],
							"uv": {
								"north": {"uv": [35, 40], "uv_size": [0.75, 0.25]},
								"east": {"uv": [24, 8], "uv_size": [9, 0.25]},
								"south": {"uv": [40, 35], "uv_size": [0.75, 0.25]},
								"west": {"uv": [24, 18], "uv_size": [9, 0.25]},
								"up": {"uv": [6, 18], "uv_size": [0.75, 9]},
								"down": {"uv": [7, 27], "uv_size": [0.75, -9]}
							}
						},
						{
							"origin": [-3.125, 0, 3.25],
							"size": [0.8, 0.25, 2.25],
							"pivot": [-3.125, 0, 3.25],
							"rotation": [42.5, 0, 0],
							"uv": {
								"north": {"uv": [36, 40], "uv_size": [0.75, 0.25]},
								"east": {"uv": [20, 36], "uv_size": [2.25, 0.25]},
								"south": {"uv": [40, 36], "uv_size": [0.75, 0.25]},
								"west": {"uv": [36, 21], "uv_size": [2.25, 0.25]},
								"up": {"uv": [2, 27], "uv_size": [0.75, 2.25]},
								"down": {"uv": [4, 29.25], "uv_size": [0.75, -2.25]}
							}
						},
						{
							"origin": [-3.125, 0, -5.5],
							"size": [0.8, 0.25, 2.25],
							"pivot": [-3.125, 0, -3.25],
							"rotation": [-42.5, 0, 0],
							"uv": {
								"north": {"uv": [37, 40], "uv_size": [0.75, 0.25]},
								"east": {"uv": [36, 22], "uv_size": [2.25, 0.25]},
								"south": {"uv": [40, 37], "uv_size": [0.75, 0.25]},
								"west": {"uv": [36, 23], "uv_size": [2.25, 0.25]},
								"up": {"uv": [5, 27], "uv_size": [0.75, 2.25]},
								"down": {"uv": [6, 29.25], "uv_size": [0.75, -2.25]}
							}
						},
						{
							"origin": [-3.125, 1.52008, 4.90887],
							"size": [0.8, 0.25, 0.625],
							"pivot": [-3.125, 1.52008, 4.90887],
							"rotation": [70, 0, 0],
							"uv": {
								"north": {"uv": [38, 40], "uv_size": [0.75, 0.25]},
								"east": {"uv": [40, 38], "uv_size": [0.75, 0.25]},
								"south": {"uv": [39, 40], "uv_size": [0.75, 0.25]},
								"west": {"uv": [40, 39], "uv_size": [0.75, 0.25]},
								"up": {"uv": [13, 36], "uv_size": [0.75, 0.75]},
								"down": {"uv": [23, 36.75], "uv_size": [0.75, -0.75]}
							}
						},
						{
							"origin": [-3.125, 1.52008, -5.53387],
							"size": [0.8, 0.25, 0.625],
							"pivot": [-3.125, 1.52008, -4.90887],
							"rotation": [-70, 0, 0],
							"uv": {
								"north": {"uv": [40, 40], "uv_size": [0.75, 0.25]},
								"east": {"uv": [0, 41], "uv_size": [0.75, 0.25]},
								"south": {"uv": [41, 0], "uv_size": [0.75, 0.25]},
								"west": {"uv": [1, 41], "uv_size": [0.75, 0.25]},
								"up": {"uv": [36, 24], "uv_size": [0.75, 0.75]},
								"down": {"uv": [36, 25.75], "uv_size": [0.75, -0.75]}
							}
						},
						{
							"origin": [-3.125, 2.10739, 5.12264],
							"size": [0.8, 0.25, 0.375],
							"pivot": [-3.125, 2.10739, 5.12264],
							"rotation": [90, 0, 0],
							"uv": {
								"north": {"uv": [41, 1], "uv_size": [0.75, 0.25]},
								"east": {"uv": [41, 16], "uv_size": [0.5, 0.25]},
								"south": {"uv": [2, 41], "uv_size": [0.75, 0.25]},
								"west": {"uv": [17, 41], "uv_size": [0.5, 0.25]},
								"up": {"uv": [35, 38], "uv_size": [0.75, 0.5]},
								"down": {"uv": [38, 35.5], "uv_size": [0.75, -0.5]}
							}
						},
						{
							"origin": [-3.125, 2.10739, -5.49764],
							"size": [0.8, 0.25, 0.375],
							"pivot": [-3.125, 2.10739, -5.12264],
							"rotation": [-90, 0, 0],
							"uv": {
								"north": {"uv": [41, 2], "uv_size": [0.75, 0.25]},
								"east": {"uv": [41, 17], "uv_size": [0.5, 0.25]},
								"south": {"uv": [3, 41], "uv_size": [0.75, 0.25]},
								"west": {"uv": [18, 41], "uv_size": [0.5, 0.25]},
								"up": {"uv": [36, 38], "uv_size": [0.75, 0.5]},
								"down": {"uv": [38, 36.5], "uv_size": [0.75, -0.5]}
							}
						},
						{
							"origin": [-3.125, 2.48239, 5.12264],
							"size": [0.8, 0.25, 0.375],
							"pivot": [-3.125, 2.48239, 5.12264],
							"rotation": [140, 0, 0],
							"uv": {
								"north": {"uv": [41, 3], "uv_size": [0.75, 0.25]},
								"east": {"uv": [41, 18], "uv_size": [0.5, 0.25]},
								"south": {"uv": [4, 41], "uv_size": [0.75, 0.25]},
								"west": {"uv": [19, 41], "uv_size": [0.5, 0.25]},
								"up": {"uv": [37, 38], "uv_size": [0.75, 0.5]},
								"down": {"uv": [38, 37.5], "uv_size": [0.75, -0.5]}
							}
						},
						{
							"origin": [-3.125, 2.48239, -5.49764],
							"size": [0.8, 0.25, 0.375],
							"pivot": [-3.125, 2.48239, -5.12264],
							"rotation": [-140, 0, 0],
							"uv": {
								"north": {"uv": [41, 4], "uv_size": [0.75, 0.25]},
								"east": {"uv": [41, 19], "uv_size": [0.5, 0.25]},
								"south": {"uv": [5, 41], "uv_size": [0.75, 0.25]},
								"west": {"uv": [20, 41], "uv_size": [0.5, 0.25]},
								"up": {"uv": [38, 38], "uv_size": [0.75, 0.5]},
								"down": {"uv": [0, 39.5], "uv_size": [0.75, -0.5]}
							}
						},
						{
							"origin": [-3.125, 2.72343, 4.83537],
							"size": [0.8, 0.25, 0.375],
							"pivot": [-3.125, 2.72343, 4.83537],
							"rotation": [167.5, 0, 0],
							"uv": {
								"north": {"uv": [41, 5], "uv_size": [0.75, 0.25]},
								"east": {"uv": [41, 20], "uv_size": [0.5, 0.25]},
								"south": {"uv": [6, 41], "uv_size": [0.75, 0.25]},
								"west": {"uv": [21, 41], "uv_size": [0.5, 0.25]},
								"up": {"uv": [39, 0], "uv_size": [0.75, 0.5]},
								"down": {"uv": [1, 39.5], "uv_size": [0.75, -0.5]}
							}
						},
						{
							"origin": [-3.125, 2.72343, -5.21037],
							"size": [0.8, 0.25, 0.375],
							"pivot": [-3.125, 2.72343, -4.83537],
							"rotation": [-167.5, 0, 0],
							"uv": {
								"north": {"uv": [41, 6], "uv_size": [0.75, 0.25]},
								"east": {"uv": [41, 21], "uv_size": [0.5, 0.25]},
								"south": {"uv": [7, 41], "uv_size": [0.75, 0.25]},
								"west": {"uv": [22, 41], "uv_size": [0.5, 0.25]},
								"up": {"uv": [2, 39], "uv_size": [0.75, 0.5]},
								"down": {"uv": [39, 2.5], "uv_size": [0.75, -0.5]}
							}
						}
					]
				},
				{
					"name": "Cogs",
					"pivot": [0, 0, 0]
				},
				{
					"name": "octagon",
					"parent": "Cogs",
					"pivot": [-2.75, 2.125, -4.5],
					"cubes": [
						{
							"origin": [-3, 1.91789, -5],
							"size": [0.75, 0.41421, 1],
							"pivot": [-2.75, 2.125, -4.5],
							"rotation": [-45, 0, 0],
							"uv": {
								"north": {"uv": [39, 8], "uv_size": [0.75, 0.5]},
								"east": {"uv": [8, 38], "uv_size": [1, 0.5]},
								"south": {"uv": [9, 39], "uv_size": [0.75, 0.5]},
								"west": {"uv": [9, 38], "uv_size": [1, 0.5]},
								"up": {"uv": [17, 35], "uv_size": [0.75, 1]},
								"down": {"uv": [35, 19], "uv_size": [0.75, -1]}
							}
						},
						{
							"origin": [-3, 1.91789, -5],
							"size": [0.75, 0.41421, 1],
							"uv": {
								"north": {"uv": [39, 9], "uv_size": [0.75, 0.5]},
								"east": {"uv": [38, 9], "uv_size": [1, 0.5]},
								"south": {"uv": [10, 39], "uv_size": [0.75, 0.5]},
								"west": {"uv": [10, 38], "uv_size": [1, 0.5]},
								"up": {"uv": [20, 35], "uv_size": [0.75, 1]},
								"down": {"uv": [21, 36], "uv_size": [0.75, -1]}
							}
						},
						{
							"origin": [-3, 1.625, -4.70711],
							"size": [0.75, 1, 0.41421],
							"pivot": [-2.75, 2.125, -4.5],
							"rotation": [-45, 0, 0],
							"uv": {
								"north": {"uv": [35, 21], "uv_size": [0.75, 1]},
								"east": {"uv": [11, 38], "uv_size": [0.5, 1]},
								"south": {"uv": [22, 35], "uv_size": [0.75, 1]},
								"west": {"uv": [12, 38], "uv_size": [0.5, 1]},
								"up": {"uv": [39, 10], "uv_size": [0.75, 0.5]},
								"down": {"uv": [11, 39.5], "uv_size": [0.75, -0.5]}
							}
						},
						{
							"origin": [-3, 1.625, -4.70711],
							"size": [0.75, 1, 0.41421],
							"uv": {
								"north": {"uv": [35, 22], "uv_size": [0.75, 1]},
								"east": {"uv": [13, 38], "uv_size": [0.5, 1]},
								"south": {"uv": [23, 35], "uv_size": [0.75, 1]},
								"west": {"uv": [38, 13], "uv_size": [0.5, 1]},
								"up": {"uv": [39, 11], "uv_size": [0.75, 0.5]},
								"down": {"uv": [12, 39.5], "uv_size": [0.75, -0.5]}
							}
						},
						{
							"origin": [2.25, 1.625, -4.70711],
							"size": [0.75, 1, 0.41421],
							"pivot": [2.75, 2.125, -4.5],
							"rotation": [-45, 0, 0],
							"uv": {
								"north": {"uv": [35, 26], "uv_size": [0.75, 1]},
								"east": {"uv": [16, 38], "uv_size": [0.5, 1]},
								"south": {"uv": [27, 35], "uv_size": [0.75, 1]},
								"west": {"uv": [38, 16], "uv_size": [0.5, 1]},
								"up": {"uv": [39, 14], "uv_size": [0.75, 0.5]},
								"down": {"uv": [15, 39.5], "uv_size": [0.75, -0.5]}
							}
						},
						{
							"origin": [2.25, 1.625, -4.70711],
							"size": [0.75, 1, 0.41421],
							"uv": {
								"north": {"uv": [35, 27], "uv_size": [0.75, 1]},
								"east": {"uv": [17, 38], "uv_size": [0.5, 1]},
								"south": {"uv": [28, 35], "uv_size": [0.75, 1]},
								"west": {"uv": [38, 17], "uv_size": [0.5, 1]},
								"up": {"uv": [39, 15], "uv_size": [0.75, 0.5]},
								"down": {"uv": [16, 39.5], "uv_size": [0.75, -0.5]}
							}
						},
						{
							"origin": [2.25, 1.91789, -5],
							"size": [0.75, 0.41421, 1],
							"uv": {
								"north": {"uv": [39, 13], "uv_size": [0.75, 0.5]},
								"east": {"uv": [15, 38], "uv_size": [1, 0.5]},
								"south": {"uv": [14, 39], "uv_size": [0.75, 0.5]},
								"west": {"uv": [38, 15], "uv_size": [1, 0.5]},
								"up": {"uv": [35, 25], "uv_size": [0.75, 1]},
								"down": {"uv": [26, 36], "uv_size": [0.75, -1]}
							}
						},
						{
							"origin": [2.25, 1.91789, -5],
							"size": [0.75, 0.41421, 1],
							"pivot": [2.75, 2.125, -4.5],
							"rotation": [-45, 0, 0],
							"uv": {
								"north": {"uv": [39, 12], "uv_size": [0.75, 0.5]},
								"east": {"uv": [14, 38], "uv_size": [1, 0.5]},
								"south": {"uv": [13, 39], "uv_size": [0.75, 0.5]},
								"west": {"uv": [38, 14], "uv_size": [1, 0.5]},
								"up": {"uv": [35, 23], "uv_size": [0.75, 1]},
								"down": {"uv": [35, 25], "uv_size": [0.75, -1]}
							}
						}
					]
				},
				{
					"name": "octagon2",
					"parent": "Cogs",
					"pivot": [-2.75, 2.125, 4.5],
					"cubes": [
						{
							"origin": [-3, 1.91789, 4],
							"size": [0.75, 0.41421, 1],
							"pivot": [-2.75, 2.125, 4.5],
							"rotation": [45, 0, 0],
							"uv": {
								"north": {"uv": [39, 16], "uv_size": [0.75, 0.5]},
								"east": {"uv": [18, 38], "uv_size": [1, 0.5]},
								"south": {"uv": [17, 39], "uv_size": [0.75, 0.5]},
								"west": {"uv": [19, 38], "uv_size": [1, 0.5]},
								"up": {"uv": [35, 28], "uv_size": [0.75, 1]},
								"down": {"uv": [29, 36], "uv_size": [0.75, -1]}
							}
						},
						{
							"origin": [-3, 1.91789, 4],
							"size": [0.75, 0.41421, 1],
							"uv": {
								"north": {"uv": [39, 17], "uv_size": [0.75, 0.5]},
								"east": {"uv": [38, 19], "uv_size": [1, 0.5]},
								"south": {"uv": [18, 39], "uv_size": [0.75, 0.5]},
								"west": {"uv": [20, 38], "uv_size": [1, 0.5]},
								"up": {"uv": [35, 29], "uv_size": [0.75, 1]},
								"down": {"uv": [35, 31], "uv_size": [0.75, -1]}
							}
						},
						{
							"origin": [-3, 1.625, 4.29289],
							"size": [0.75, 1, 0.41421],
							"pivot": [-2.75, 2.125, 4.5],
							"rotation": [45, 0, 0],
							"uv": {
								"north": {"uv": [31, 35], "uv_size": [0.75, 1]},
								"east": {"uv": [38, 20], "uv_size": [0.5, 1]},
								"south": {"uv": [35, 31], "uv_size": [0.75, 1]},
								"west": {"uv": [21, 38], "uv_size": [0.5, 1]},
								"up": {"uv": [39, 18], "uv_size": [0.75, 0.5]},
								"down": {"uv": [19, 39.5], "uv_size": [0.75, -0.5]}
							}
						},
						{
							"origin": [-3, 1.625, 4.29289],
							"size": [0.75, 1, 0.41421],
							"uv": {
								"north": {"uv": [32, 35], "uv_size": [0.75, 1]},
								"east": {"uv": [22, 38], "uv_size": [0.5, 1]},
								"south": {"uv": [35, 32], "uv_size": [0.75, 1]},
								"west": {"uv": [23, 38], "uv_size": [0.5, 1]},
								"up": {"uv": [39, 19], "uv_size": [0.75, 0.5]},
								"down": {"uv": [20, 39.5], "uv_size": [0.75, -0.5]}
							}
						},
						{
							"origin": [2.25, 1.625, 4.29289],
							"size": [0.75, 1, 0.41421],
							"pivot": [2.75, 2.125, 4.5],
							"rotation": [45, 0, 0],
							"uv": {
								"north": {"uv": [33, 35], "uv_size": [0.75, 1]},
								"east": {"uv": [24, 38], "uv_size": [0.5, 1]},
								"south": {"uv": [35, 33], "uv_size": [0.75, 1]},
								"west": {"uv": [38, 24], "uv_size": [0.5, 1]},
								"up": {"uv": [39, 20], "uv_size": [0.75, 0.5]},
								"down": {"uv": [21, 39.5], "uv_size": [0.75, -0.5]}
							}
						},
						{
							"origin": [2.25, 1.625, 4.29289],
							"size": [0.75, 1, 0.41421],
							"uv": {
								"north": {"uv": [34, 35], "uv_size": [0.75, 1]},
								"east": {"uv": [25, 38], "uv_size": [0.5, 1]},
								"south": {"uv": [35, 34], "uv_size": [0.75, 1]},
								"west": {"uv": [38, 25], "uv_size": [0.5, 1]},
								"up": {"uv": [39, 21], "uv_size": [0.75, 0.5]},
								"down": {"uv": [22, 39.5], "uv_size": [0.75, -0.5]}
							}
						},
						{
							"origin": [2.25, 1.91789, 4],
							"size": [0.75, 0.41421, 1],
							"uv": {
								"north": {"uv": [39, 22], "uv_size": [0.75, 0.5]},
								"east": {"uv": [26, 38], "uv_size": [1, 0.5]},
								"south": {"uv": [23, 39], "uv_size": [0.75, 0.5]},
								"west": {"uv": [38, 26], "uv_size": [1, 0.5]},
								"up": {"uv": [35, 35], "uv_size": [0.75, 1]},
								"down": {"uv": [0, 37], "uv_size": [0.75, -1]}
							}
						},
						{
							"origin": [2.25, 1.91789, 4],
							"size": [0.75, 0.41421, 1],
							"pivot": [2.75, 2.125, 4.5],
							"rotation": [45, 0, 0],
							"uv": {
								"north": {"uv": [39, 23], "uv_size": [0.75, 0.5]},
								"east": {"uv": [27, 38], "uv_size": [1, 0.5]},
								"south": {"uv": [24, 39], "uv_size": [0.75, 0.5]},
								"west": {"uv": [38, 27], "uv_size": [1, 0.5]},
								"up": {"uv": [36, 2], "uv_size": [0.75, 1]},
								"down": {"uv": [3, 37], "uv_size": [0.75, -1]}
							}
						}
					]
				},
				{
					"name": "octagon5",
					"parent": "Cogs",
					"pivot": [-0.05813, 1.125, 1.125],
					"cubes": [
						{
							"origin": [-3.07, 0.75635, 0.235],
							"size": [0.71, 0.7373, 1.78],
							"pivot": [-2.625, 1.125, 1.125],
							"rotation": [45, 0, 0],
							"uv": {
								"north": {"uv": [17, 37], "uv_size": [0.75, 0.75]},
								"east": {"uv": [30, 26], "uv_size": [1.75, 0.75]},
								"south": {"uv": [20, 37], "uv_size": [0.75, 0.75]},
								"west": {"uv": [30, 29], "uv_size": [1.75, 0.75]},
								"up": {"uv": [30, 30], "uv_size": [0.75, 1.75]},
								"down": {"uv": [3, 32.75], "uv_size": [0.75, -1.75]}
							}
						},
						{
							"origin": [-3.07, 0.75635, 0.235],
							"size": [0.71, 0.7373, 1.78],
							"uv": {
								"north": {"uv": [21, 37], "uv_size": [0.75, 0.75]},
								"east": {"uv": [31, 4], "uv_size": [1.75, 0.75]},
								"south": {"uv": [22, 37], "uv_size": [0.75, 0.75]},
								"west": {"uv": [31, 5], "uv_size": [1.75, 0.75]},
								"up": {"uv": [7, 31], "uv_size": [0.75, 1.75]},
								"down": {"uv": [8, 32.75], "uv_size": [0.75, -1.75]}
							}
						},
						{
							"origin": [-3.07, 0.235, 0.75635],
							"size": [0.71, 1.78, 0.7373],
							"pivot": [-2.625, 1.125, 1.125],
							"rotation": [45, 0, 0],
							"uv": {
								"north": {"uv": [9, 31], "uv_size": [0.75, 1.75]},
								"east": {"uv": [10, 31], "uv_size": [0.75, 1.75]},
								"south": {"uv": [31, 10], "uv_size": [0.75, 1.75]},
								"west": {"uv": [12, 31], "uv_size": [0.75, 1.75]},
								"up": {"uv": [23, 37], "uv_size": [0.75, 0.75]},
								"down": {"uv": [37, 24.75], "uv_size": [0.75, -0.75]}
							}
						},
						{
							"origin": [-3.07, 0.235, 0.75635],
							"size": [0.71, 1.78, 0.7373],
							"uv": {
								"north": {"uv": [31, 12], "uv_size": [0.75, 1.75]},
								"east": {"uv": [13, 31], "uv_size": [0.75, 1.75]},
								"south": {"uv": [31, 14], "uv_size": [0.75, 1.75]},
								"west": {"uv": [15, 31], "uv_size": [0.75, 1.75]},
								"up": {"uv": [37, 25], "uv_size": [0.75, 0.75]},
								"down": {"uv": [26, 37.75], "uv_size": [0.75, -0.75]}
							}
						},
						{
							"origin": [2.275, 0.235, 0.75635],
							"size": [0.71, 1.78, 0.7373],
							"pivot": [3.165, 1.125, 1.125],
							"rotation": [45, 0, 0],
							"uv": {
								"north": {"uv": [31, 19], "uv_size": [0.75, 1.75]},
								"east": {"uv": [31, 21], "uv_size": [0.75, 1.75]},
								"south": {"uv": [31, 23], "uv_size": [0.75, 1.75]},
								"west": {"uv": [24, 31], "uv_size": [0.75, 1.75]},
								"up": {"uv": [37, 26], "uv_size": [0.75, 0.75]},
								"down": {"uv": [27, 37.75], "uv_size": [0.75, -0.75]}
							}
						},
						{
							"origin": [2.275, 0.235, 0.75635],
							"size": [0.71, 1.78, 0.7373],
							"uv": {
								"north": {"uv": [25, 31], "uv_size": [0.75, 1.75]},
								"east": {"uv": [26, 31], "uv_size": [0.75, 1.75]},
								"south": {"uv": [31, 27], "uv_size": [0.75, 1.75]},
								"west": {"uv": [31, 30], "uv_size": [0.75, 1.75]},
								"up": {"uv": [37, 27], "uv_size": [0.75, 0.75]},
								"down": {"uv": [28, 37.75], "uv_size": [0.75, -0.75]}
							}
						},
						{
							"origin": [2.275, 0.75635, 0.235],
							"size": [0.71, 0.7373, 1.78],
							"uv": {
								"north": {"uv": [37, 28], "uv_size": [0.75, 0.75]},
								"east": {"uv": [31, 16], "uv_size": [1.75, 0.75]},
								"south": {"uv": [29, 37], "uv_size": [0.75, 0.75]},
								"west": {"uv": [1, 32], "uv_size": [1.75, 0.75]},
								"up": {"uv": [4, 32], "uv_size": [0.75, 1.75]},
								"down": {"uv": [5, 33.75], "uv_size": [0.75, -1.75]}
							}
						},
						{
							"origin": [2.275, 0.75635, 0.235],
							"size": [0.71, 0.7373, 1.78],
							"pivot": [3.165, 1.125, 1.125],
							"rotation": [45, 0, 0],
							"uv": {
								"north": {"uv": [37, 29], "uv_size": [0.75, 0.75]},
								"east": {"uv": [32, 1], "uv_size": [1.75, 0.75]},
								"south": {"uv": [37, 30], "uv_size": [0.75, 0.75]},
								"west": {"uv": [32, 10], "uv_size": [1.75, 0.75]},
								"up": {"uv": [6, 32], "uv_size": [0.75, 1.75]},
								"down": {"uv": [11, 33.75], "uv_size": [0.75, -1.75]}
							}
						}
					]
				},
				{
					"name": "octagon6",
					"parent": "Cogs",
					"pivot": [-0.05813, 1.125, 3.125],
					"cubes": [
						{
							"origin": [-3.07, 0.75635, 2.235],
							"size": [0.71, 0.7373, 1.78],
							"pivot": [-2.625, 1.125, 3.125],
							"rotation": [45, 0, 0],
							"uv": {
								"north": {"uv": [31, 37], "uv_size": [0.75, 0.75]},
								"east": {"uv": [32, 11], "uv_size": [1.75, 0.75]},
								"south": {"uv": [37, 31], "uv_size": [0.75, 0.75]},
								"west": {"uv": [32, 12], "uv_size": [1.75, 0.75]},
								"up": {"uv": [32, 13], "uv_size": [0.75, 1.75]},
								"down": {"uv": [14, 33.75], "uv_size": [0.75, -1.75]}
							}
						},
						{
							"origin": [-3.07, 0.75635, 2.235],
							"size": [0.71, 0.7373, 1.78],
							"uv": {
								"north": {"uv": [32, 37], "uv_size": [0.75, 0.75]},
								"east": {"uv": [32, 15], "uv_size": [1.75, 0.75]},
								"south": {"uv": [37, 32], "uv_size": [0.75, 0.75]},
								"west": {"uv": [16, 32], "uv_size": [1.75, 0.75]},
								"up": {"uv": [18, 32], "uv_size": [0.75, 1.75]},
								"down": {"uv": [19, 33.75], "uv_size": [0.75, -1.75]}
							}
						},
						{
							"origin": [-3.07, 0.235, 2.75635],
							"size": [0.71, 1.78, 0.7373],
							"pivot": [-2.625, 1.125, 3.125],
							"rotation": [45, 0, 0],
							"uv": {
								"north": {"uv": [32, 19], "uv_size": [0.75, 1.75]},
								"east": {"uv": [20, 32], "uv_size": [0.75, 1.75]},
								"south": {"uv": [21, 32], "uv_size": [0.75, 1.75]},
								"west": {"uv": [32, 21], "uv_size": [0.75, 1.75]},
								"up": {"uv": [33, 37], "uv_size": [0.75, 0.75]},
								"down": {"uv": [37, 33.75], "uv_size": [0.75, -0.75]}
							}
						},
						{
							"origin": [-3.07, 0.235, 2.75635],
							"size": [0.71, 1.78, 0.7373],
							"uv": {
								"north": {"uv": [22, 32], "uv_size": [0.75, 1.75]},
								"east": {"uv": [23, 32], "uv_size": [0.75, 1.75]},
								"south": {"uv": [32, 23], "uv_size": [0.75, 1.75]},
								"west": {"uv": [32, 25], "uv_size": [0.75, 1.75]},
								"up": {"uv": [34, 37], "uv_size": [0.75, 0.75]},
								"down": {"uv": [37, 34.75], "uv_size": [0.75, -0.75]}
							}
						},
						{
							"origin": [2.275, 0.235, 2.75635],
							"size": [0.71, 1.78, 0.7373],
							"pivot": [3.165, 1.125, 3.125],
							"rotation": [45, 0, 0],
							"uv": {
								"north": {"uv": [27, 32], "uv_size": [0.75, 1.75]},
								"east": {"uv": [32, 27], "uv_size": [0.75, 1.75]},
								"south": {"uv": [28, 32], "uv_size": [0.75, 1.75]},
								"west": {"uv": [29, 32], "uv_size": [0.75, 1.75]},
								"up": {"uv": [35, 37], "uv_size": [0.75, 0.75]},
								"down": {"uv": [37, 35.75], "uv_size": [0.75, -0.75]}
							}
						},
						{
							"origin": [2.275, 0.235, 2.75635],
							"size": [0.71, 1.78, 0.7373],
							"uv": {
								"north": {"uv": [32, 29], "uv_size": [0.75, 1.75]},
								"east": {"uv": [30, 32], "uv_size": [0.75, 1.75]},
								"south": {"uv": [31, 32], "uv_size": [0.75, 1.75]},
								"west": {"uv": [32, 31], "uv_size": [0.75, 1.75]},
								"up": {"uv": [36, 37], "uv_size": [0.75, 0.75]},
								"down": {"uv": [37, 36.75], "uv_size": [0.75, -0.75]}
							}
						},
						{
							"origin": [2.275, 0.75635, 2.235],
							"size": [0.71, 0.7373, 1.78],
							"uv": {
								"north": {"uv": [37, 37], "uv_size": [0.75, 0.75]},
								"east": {"uv": [1, 33], "uv_size": [1.75, 0.75]},
								"south": {"uv": [0, 38], "uv_size": [0.75, 0.75]},
								"west": {"uv": [33, 2], "uv_size": [1.75, 0.75]},
								"up": {"uv": [3, 33], "uv_size": [0.75, 1.75]},
								"down": {"uv": [33, 5.75], "uv_size": [0.75, -1.75]}
							}
						},
						{
							"origin": [2.275, 0.75635, 2.235],
							"size": [0.71, 0.7373, 1.78],
							"pivot": [3.165, 1.125, 3.125],
							"rotation": [45, 0, 0],
							"uv": {
								"north": {"uv": [38, 0], "uv_size": [0.75, 0.75]},
								"east": {"uv": [7, 33], "uv_size": [1.75, 0.75]},
								"south": {"uv": [1, 38], "uv_size": [0.75, 0.75]},
								"west": {"uv": [33, 7], "uv_size": [1.75, 0.75]},
								"up": {"uv": [9, 33], "uv_size": [0.75, 1.75]},
								"down": {"uv": [10, 34.75], "uv_size": [0.75, -1.75]}
							}
						}
					]
				},
				{
					"name": "octagon3",
					"parent": "Cogs",
					"pivot": [-0.05813, 1.125, -1.125],
					"cubes": [
						{
							"origin": [-3.07, 0.75635, -2.015],
							"size": [0.71, 0.7373, 1.78],
							"pivot": [-2.625, 1.125, -1.125],
							"rotation": [45, 0, 0],
							"uv": {
								"north": {"uv": [36, 35], "uv_size": [0.75, 0.75]},
								"east": {"uv": [29, 23], "uv_size": [1.75, 0.75]},
								"south": {"uv": [36, 36], "uv_size": [0.75, 0.75]},
								"west": {"uv": [29, 24], "uv_size": [1.75, 0.75]},
								"up": {"uv": [29, 25], "uv_size": [0.75, 1.75]},
								"down": {"uv": [26, 30.75], "uv_size": [0.75, -1.75]}
							}
						},
						{
							"origin": [-3.07, 0.75635, -2.015],
							"size": [0.71, 0.7373, 1.78],
							"uv": {
								"north": {"uv": [0, 37], "uv_size": [0.75, 0.75]},
								"east": {"uv": [29, 27], "uv_size": [1.75, 0.75]},
								"south": {"uv": [37, 2], "uv_size": [0.75, 0.75]},
								"west": {"uv": [28, 29], "uv_size": [1.75, 0.75]},
								"up": {"uv": [1, 30], "uv_size": [0.75, 1.75]},
								"down": {"uv": [2, 31.75], "uv_size": [0.75, -1.75]}
							}
						},
						{
							"origin": [-3.07, 0.235, -1.49365],
							"size": [0.71, 1.78, 0.7373],
							"pivot": [-2.625, 1.125, -1.125],
							"rotation": [45, 0, 0],
							"uv": {
								"north": {"uv": [4, 30], "uv_size": [0.75, 1.75]},
								"east": {"uv": [30, 4], "uv_size": [0.75, 1.75]},
								"south": {"uv": [5, 30], "uv_size": [0.75, 1.75]},
								"west": {"uv": [6, 30], "uv_size": [0.75, 1.75]},
								"up": {"uv": [3, 37], "uv_size": [0.75, 0.75]},
								"down": {"uv": [4, 37.75], "uv_size": [0.75, -0.75]}
							}
						},
						{
							"origin": [-3.07, 0.235, -1.49365],
							"size": [0.71, 1.78, 0.7373],
							"uv": {
								"north": {"uv": [11, 30], "uv_size": [0.75, 1.75]},
								"east": {"uv": [30, 11], "uv_size": [0.75, 1.75]},
								"south": {"uv": [14, 30], "uv_size": [0.75, 1.75]},
								"west": {"uv": [30, 15], "uv_size": [0.75, 1.75]},
								"up": {"uv": [5, 37], "uv_size": [0.75, 0.75]},
								"down": {"uv": [6, 37.75], "uv_size": [0.75, -0.75]}
							}
						},
						{
							"origin": [2.275, 0.235, -1.49365],
							"size": [0.71, 1.78, 0.7373],
							"pivot": [3.165, 1.125, -1.125],
							"rotation": [45, 0, 0],
							"uv": {
								"north": {"uv": [16, 30], "uv_size": [0.75, 1.75]},
								"east": {"uv": [17, 30], "uv_size": [0.75, 1.75]},
								"south": {"uv": [18, 30], "uv_size": [0.75, 1.75]},
								"west": {"uv": [19, 30], "uv_size": [0.75, 1.75]},
								"up": {"uv": [7, 37], "uv_size": [0.75, 0.75]},
								"down": {"uv": [9, 37.75], "uv_size": [0.75, -0.75]}
							}
						},
						{
							"origin": [2.275, 0.235, -1.49365],
							"size": [0.71, 1.78, 0.7373],
							"uv": {
								"north": {"uv": [30, 19], "uv_size": [0.75, 1.75]},
								"east": {"uv": [20, 30], "uv_size": [0.75, 1.75]},
								"south": {"uv": [21, 30], "uv_size": [0.75, 1.75]},
								"west": {"uv": [30, 21], "uv_size": [0.75, 1.75]},
								"up": {"uv": [10, 37], "uv_size": [0.75, 0.75]},
								"down": {"uv": [12, 37.75], "uv_size": [0.75, -0.75]}
							}
						},
						{
							"origin": [2.275, 0.75635, -2.015],
							"size": [0.71, 0.7373, 1.78],
							"uv": {
								"north": {"uv": [13, 37], "uv_size": [0.75, 0.75]},
								"east": {"uv": [29, 28], "uv_size": [1.75, 0.75]},
								"south": {"uv": [37, 13], "uv_size": [0.75, 0.75]},
								"west": {"uv": [30, 1], "uv_size": [1.75, 0.75]},
								"up": {"uv": [22, 30], "uv_size": [0.75, 1.75]},
								"down": {"uv": [23, 31.75], "uv_size": [0.75, -1.75]}
							}
						},
						{
							"origin": [2.275, 0.75635, -2.015],
							"size": [0.71, 0.7373, 1.78],
							"pivot": [3.165, 1.125, -1.125],
							"rotation": [45, 0, 0],
							"uv": {
								"north": {"uv": [15, 37], "uv_size": [0.75, 0.75]},
								"east": {"uv": [24, 30], "uv_size": [1.75, 0.75]},
								"south": {"uv": [16, 37], "uv_size": [0.75, 0.75]},
								"west": {"uv": [30, 25], "uv_size": [1.75, 0.75]},
								"up": {"uv": [28, 30], "uv_size": [0.75, 1.75]},
								"down": {"uv": [29, 31.75], "uv_size": [0.75, -1.75]}
							}
						}
					]
				},
				{
					"name": "octagon4",
					"parent": "Cogs",
					"pivot": [-2.625, 1.125, -3.125],
					"cubes": [
						{
							"origin": [-3.07, 0.75635, -4.015],
							"size": [0.71, 0.7373, 1.78],
							"pivot": [-2.625, 1.125, -3.125],
							"rotation": [45, 0, 0],
							"uv": {
								"north": {"uv": [27, 36], "uv_size": [0.75, 0.75]},
								"east": {"uv": [27, 23], "uv_size": [1.75, 0.75]},
								"south": {"uv": [36, 27], "uv_size": [0.75, 0.75]},
								"west": {"uv": [27, 24], "uv_size": [1.75, 0.75]},
								"up": {"uv": [28, 4], "uv_size": [0.75, 1.75]},
								"down": {"uv": [11, 29.75], "uv_size": [0.75, -1.75]}
							}
						},
						{
							"origin": [-3.07, 0.75635, -4.015],
							"size": [0.71, 0.7373, 1.78],
							"uv": {
								"north": {"uv": [28, 36], "uv_size": [0.75, 0.75]},
								"east": {"uv": [28, 1], "uv_size": [1.75, 0.75]},
								"south": {"uv": [36, 28], "uv_size": [0.75, 0.75]},
								"west": {"uv": [12, 28], "uv_size": [1.75, 0.75]},
								"up": {"uv": [14, 28], "uv_size": [0.75, 1.75]},
								"down": {"uv": [28, 16.75], "uv_size": [0.75, -1.75]}
							}
						},
						{
							"origin": [-3.07, 0.235, -3.49365],
							"size": [0.71, 1.78, 0.7373],
							"pivot": [-2.625, 1.125, -3.125],
							"rotation": [45, 0, 0],
							"uv": {
								"north": {"uv": [28, 19], "uv_size": [0.75, 1.75]},
								"east": {"uv": [20, 28], "uv_size": [0.75, 1.75]},
								"south": {"uv": [21, 28], "uv_size": [0.75, 1.75]},
								"west": {"uv": [22, 28], "uv_size": [0.75, 1.75]},
								"up": {"uv": [29, 36], "uv_size": [0.75, 0.75]},
								"down": {"uv": [36, 29.75], "uv_size": [0.75, -0.75]}
							}
						},
						{
							"origin": [-3.07, 0.235, -3.49365],
							"size": [0.71, 1.78, 0.7373],
							"uv": {
								"north": {"uv": [23, 28], "uv_size": [0.75, 1.75]},
								"east": {"uv": [24, 28], "uv_size": [0.75, 1.75]},
								"south": {"uv": [25, 28], "uv_size": [0.75, 1.75]},
								"west": {"uv": [28, 25], "uv_size": [0.75, 1.75]},
								"up": {"uv": [36, 30], "uv_size": [0.75, 0.75]},
								"down": {"uv": [31, 36.75], "uv_size": [0.75, -0.75]}
							}
						},
						{
							"origin": [2.275, 0.235, -3.49365],
							"size": [0.71, 1.78, 0.7373],
							"pivot": [3.165, 1.125, -3.125],
							"rotation": [45, 0, 0],
							"uv": {
								"north": {"uv": [28, 27], "uv_size": [0.75, 1.75]},
								"east": {"uv": [3, 29], "uv_size": [0.75, 1.75]},
								"south": {"uv": [29, 4], "uv_size": [0.75, 1.75]},
								"west": {"uv": [9, 29], "uv_size": [0.75, 1.75]},
								"up": {"uv": [36, 31], "uv_size": [0.75, 0.75]},
								"down": {"uv": [32, 36.75], "uv_size": [0.75, -0.75]}
							}
						},
						{
							"origin": [2.275, 0.235, -3.49365],
							"size": [0.71, 1.78, 0.7373],
							"uv": {
								"north": {"uv": [10, 29], "uv_size": [0.75, 1.75]},
								"east": {"uv": [29, 11], "uv_size": [0.75, 1.75]},
								"south": {"uv": [12, 29], "uv_size": [0.75, 1.75]},
								"west": {"uv": [13, 29], "uv_size": [0.75, 1.75]},
								"up": {"uv": [36, 32], "uv_size": [0.75, 0.75]},
								"down": {"uv": [33, 36.75], "uv_size": [0.75, -0.75]}
							}
						},
						{
							"origin": [2.275, 0.75635, -4.015],
							"size": [0.71, 0.7373, 1.78],
							"uv": {
								"north": {"uv": [36, 33], "uv_size": [0.75, 0.75]},
								"east": {"uv": [29, 13], "uv_size": [1.75, 0.75]},
								"south": {"uv": [34, 36], "uv_size": [0.75, 0.75]},
								"west": {"uv": [29, 14], "uv_size": [1.75, 0.75]},
								"up": {"uv": [15, 29], "uv_size": [0.75, 1.75]},
								"down": {"uv": [29, 16.75], "uv_size": [0.75, -1.75]}
							}
						},
						{
							"origin": [2.275, 0.75635, -4.015],
							"size": [0.71, 0.7373, 1.78],
							"pivot": [3.165, 1.125, -3.125],
							"rotation": [45, 0, 0],
							"uv": {
								"north": {"uv": [36, 34], "uv_size": [0.75, 0.75]},
								"east": {"uv": [16, 29], "uv_size": [1.75, 0.75]},
								"south": {"uv": [35, 36], "uv_size": [0.75, 0.75]},
								"west": {"uv": [18, 29], "uv_size": [1.75, 0.75]},
								"up": {"uv": [29, 19], "uv_size": [0.75, 1.75]},
								"down": {"uv": [29, 22.75], "uv_size": [0.75, -1.75]}
							}
						}
					]
				}
			]
		}
	]
}
