{
	"format_version": "1.12.0",
	"minecraft:geometry": [
		{
			"description": {
				"identifier": "geometry.missile",
				"texture_width": 32,
				"texture_height": 32,
				"visible_bounds_width": 2,
				"visible_bounds_height": 1.5,
				"visible_bounds_offset": [0, 0.25, 0]
			},
			"bones": [
				{
					"name": "bb_main",
					"pivot": [0, 0, 0],
					"cubes": [
						{
							"origin": [-1, -1, -4.3125],
							"size": [2, 2, 8.625],
							"uv": {
								"north": {"uv": [9, 2], "uv_size": [2, 2]},
								"east": {"uv": [0, 0], "uv_size": [8.5, 2]},
								"south": {"uv": [11, 2], "uv_size": [2, 2]},
								"west": {"uv": [0, 2], "uv_size": [8.5, 2]},
								"up": {"uv": [0, 4], "uv_size": [2, 8.5]},
								"down": {"uv": [2, 12.5], "uv_size": [2, -8.5]}
							}
						},
						{
							"origin": [-0.625, -0.625, -7.0625],
							"size": [1.25, 1.25, 2],
							"uv": {
								"north": {"uv": [2, 13], "uv_size": [1.5, 1.5]},
								"east": {"uv": [11, 8], "uv_size": [2, 1.5]},
								"south": {"uv": [13, 2], "uv_size": [1.5, 1.5]},
								"west": {"uv": [12, 10], "uv_size": [2, 1.5]},
								"up": {"uv": [12, 12], "uv_size": [1.5, 2]},
								"down": {"uv": [0, 15], "uv_size": [1.5, -2]}
							}
						},
						{
							"origin": [-0.875, -0.875, -5.0625],
							"size": [1.75, 1.75, 0.75],
							"uv": {
								"north": {"uv": [11, 4], "uv_size": [2, 2]},
								"east": {"uv": [13, 4], "uv_size": [1, 2]},
								"south": {"uv": [11, 6], "uv_size": [2, 2]},
								"west": {"uv": [13, 6], "uv_size": [1, 2]},
								"up": {"uv": [13, 8], "uv_size": [2, 1]},
								"down": {"uv": [13, 10], "uv_size": [2, -1]}
							}
						},
						{
							"origin": [-3, 0, -0.8125],
							"size": [2, 0, 6.875],
							"uv": {
								"north": {"uv": [0, 0], "uv_size": [2, 0]},
								"east": {"uv": [0, 0], "uv_size": [7, 0]},
								"south": {"uv": [0, 0], "uv_size": [2, 0]},
								"west": {"uv": [0, 0], "uv_size": [7, 0]},
								"up": {"uv": [4, 10], "uv_size": [2, 7]},
								"down": {"uv": [6, 17], "uv_size": [2, -7]}
							}
						},
						{
							"origin": [1, 0, -0.8125],
							"size": [2, 0, 6.875],
							"uv": {
								"north": {"uv": [0, 0], "uv_size": [2, 0]},
								"east": {"uv": [0, 0], "uv_size": [7, 0]},
								"south": {"uv": [0, 0], "uv_size": [2, 0]},
								"west": {"uv": [0, 0], "uv_size": [7, 0]},
								"up": {"uv": [8, 10], "uv_size": [2, 7]},
								"down": {"uv": [10, 17], "uv_size": [2, -7]}
							}
						},
						{
							"origin": [0, 1, -0.8125],
							"size": [0, 2, 6.875],
							"uv": {
								"north": {"uv": [0, 0], "uv_size": [0, 2]},
								"east": {"uv": [4, 4], "uv_size": [7, 2]},
								"south": {"uv": [0, 0], "uv_size": [0, 2]},
								"west": {"uv": [4, 6], "uv_size": [7, 2]},
								"up": {"uv": [0, 0], "uv_size": [0, 7]},
								"down": {"uv": [0, 7], "uv_size": [0, -7]}
							}
						},
						{
							"origin": [0, -3, -0.8125],
							"size": [0, 2, 6.875],
							"uv": {
								"north": {"uv": [0, 0], "uv_size": [0, 2]},
								"east": {"uv": [4, 8], "uv_size": [7, 2]},
								"south": {"uv": [0, 0], "uv_size": [0, 2]},
								"west": {"uv": [9, 0], "uv_size": [7, 2]},
								"up": {"uv": [0, 0], "uv_size": [0, 7]},
								"down": {"uv": [0, 7], "uv_size": [0, -7]}
							}
						}
					]
				}
			]
		}
	]
}