{
	"format_version": "1.12.0",
	"minecraft:geometry": [
		{
			"description": {
				"identifier": "geometry.mki_projector",
				"texture_width": 64,
				"texture_height": 64,
				"visible_bounds_width": 10.5,
				"visible_bounds_height": 10.5,
				"visible_bounds_offset": [0, 0.25, 0]
			},
			"bones": [
				{
					"name": "LeftTrack",
					"pivot": [3.75, 1.89831, 0.00216],
					"cubes": [
						{
							"origin": [3, 0, 4.625],
							"size": [1.5, 0.25, 3],
							"pivot": [4.5, 0, 4.625],
							"rotation": [30, 0, 0],
							"uv": {
								"north": {"uv": [49, 14], "uv_size": [1.5, 0.25]},
								"east": {"uv": [42, 20], "uv_size": [3, 0.25]},
								"south": {"uv": [15, 49], "uv_size": [1.5, 0.25]},
								"west": {"uv": [21, 42], "uv_size": [3, 0.25]},
								"up": {"uv": [32, 31], "uv_size": [1.5, 3]},
								"down": {"uv": [33, 9], "uv_size": [1.5, -3]}
							}
						},
						{
							"origin": [3, 0, -7.625],
							"size": [1.5, 0.25, 3],
							"pivot": [4.5, 0, -4.625],
							"rotation": [-30, 0, 0],
							"uv": {
								"north": {"uv": [49, 22], "uv_size": [1.5, 0.25]},
								"east": {"uv": [28, 42], "uv_size": [3, 0.25]},
								"south": {"uv": [23, 49], "uv_size": [1.5, 0.25]},
								"west": {"uv": [42, 28], "uv_size": [3, 0.25]},
								"up": {"uv": [13, 33], "uv_size": [1.5, 3]},
								"down": {"uv": [33, 16], "uv_size": [1.5, -3]}
							}
						},
						{
							"origin": [3, 1.5, 7.22308],
							"size": [1.5, 0.25, 0.75],
							"pivot": [4.5, 1.5, 7.22308],
							"rotation": [55, 0, 0],
							"uv": {
								"north": {"uv": [17, 49], "uv_size": [1.5, 0.25]},
								"east": {"uv": [3, 51], "uv_size": [0.75, 0.25]},
								"south": {"uv": [49, 17], "uv_size": [1.5, 0.25]},
								"west": {"uv": [4, 51], "uv_size": [0.75, 0.25]},
								"up": {"uv": [37, 24], "uv_size": [1.5, 0.75]},
								"down": {"uv": [38, 34.75], "uv_size": [1.5, -0.75]}
							}
						},
						{
							"origin": [3, 1.5, -7.97308],
							"size": [1.5, 0.25, 0.75],
							"pivot": [4.5, 1.5, -7.22308],
							"rotation": [-55, 0, 0],
							"uv": {
								"north": {"uv": [49, 23], "uv_size": [1.5, 0.25]},
								"east": {"uv": [51, 6], "uv_size": [0.75, 0.25]},
								"south": {"uv": [49, 24], "uv_size": [1.5, 0.25]},
								"west": {"uv": [7, 51], "uv_size": [0.75, 0.25]},
								"up": {"uv": [41, 24], "uv_size": [1.5, 0.75]},
								"down": {"uv": [42, 8.75], "uv_size": [1.5, -0.75]}
							}
						},
						{
							"origin": [3, 2.11436, -8.15326],
							"size": [1.5, 0.25, 0.5],
							"pivot": [4.5, 2.11436, -7.65326],
							"rotation": [-90, 0, 0],
							"uv": {
								"north": {"uv": [49, 18], "uv_size": [1.5, 0.25]},
								"east": {"uv": [51, 12], "uv_size": [0.5, 0.25]},
								"south": {"uv": [19, 49], "uv_size": [1.5, 0.25]},
								"west": {"uv": [13, 51], "uv_size": [0.5, 0.25]},
								"up": {"uv": [24, 42], "uv_size": [1.5, 0.5]},
								"down": {"uv": [26, 42.5], "uv_size": [1.5, -0.5]}
							}
						},
						{
							"origin": [3, 2.11436, 7.65326],
							"size": [1.5, 0.25, 0.5],
							"pivot": [4.5, 2.11436, 7.65326],
							"rotation": [90, 0, 0],
							"uv": {
								"north": {"uv": [49, 26], "uv_size": [1.5, 0.25]},
								"east": {"uv": [51, 13], "uv_size": [0.5, 0.25]},
								"south": {"uv": [27, 49], "uv_size": [1.5, 0.25]},
								"west": {"uv": [14, 51], "uv_size": [0.5, 0.25]},
								"up": {"uv": [42, 29], "uv_size": [1.5, 0.5]},
								"down": {"uv": [42, 30.5], "uv_size": [1.5, -0.5]}
							}
						},
						{
							"origin": [3, 2.61436, 7.65326],
							"size": [1.5, 0.25, 0.75],
							"pivot": [4.5, 2.61436, 7.65326],
							"rotation": [132.5, 0, 0],
							"uv": {
								"north": {"uv": [49, 19], "uv_size": [1.5, 0.25]},
								"east": {"uv": [5, 51], "uv_size": [0.75, 0.25]},
								"south": {"uv": [49, 20], "uv_size": [1.5, 0.25]},
								"west": {"uv": [6, 51], "uv_size": [0.75, 0.25]},
								"up": {"uv": [39, 24], "uv_size": [1.5, 0.75]},
								"down": {"uv": [40, 34.75], "uv_size": [1.5, -0.75]}
							}
						},
						{
							"origin": [3, 2.61436, -8.40326],
							"size": [1.5, 0.25, 0.75],
							"pivot": [4.5, 2.61436, -7.65326],
							"rotation": [-132.5, 0, 0],
							"uv": {
								"north": {"uv": [25, 49], "uv_size": [1.5, 0.25]},
								"east": {"uv": [51, 7], "uv_size": [0.75, 0.25]},
								"south": {"uv": [49, 25], "uv_size": [1.5, 0.25]},
								"west": {"uv": [8, 51], "uv_size": [0.75, 0.25]},
								"up": {"uv": [10, 42], "uv_size": [1.5, 0.75]},
								"down": {"uv": [42, 11.75], "uv_size": [1.5, -0.75]}
							}
						},
						{
							"origin": [3, 0, -4.625],
							"size": [1.5, 0.25, 9.25],
							"uv": {
								"north": {"uv": [49, 15], "uv_size": [1.5, 0.25]},
								"east": {"uv": [35, 35], "uv_size": [9.25, 0.25]},
								"south": {"uv": [49, 16], "uv_size": [1.5, 0.25]},
								"west": {"uv": [36, 0], "uv_size": [9.25, 0.25]},
								"up": {"uv": [13, 23], "uv_size": [1.5, 9.25]},
								"down": {"uv": [15, 32.25], "uv_size": [1.5, -9.25]}
							}
						},
						{
							"origin": [3, 2.91732, -7.10343],
							"size": [1.5, 0.25, 14.25],
							"uv": {
								"north": {"uv": [21, 49], "uv_size": [1.5, 0.25]},
								"east": {"uv": [33, 9], "uv_size": [14.25, 0.25]},
								"south": {"uv": [49, 21], "uv_size": [1.5, 0.25]},
								"west": {"uv": [33, 10], "uv_size": [14.25, 0.25]},
								"up": {"uv": [19, 19], "uv_size": [1.5, 14.25]},
								"down": {"uv": [21, 33.25], "uv_size": [1.5, -14.25]}
							}
						}
					]
				},
				{
					"name": "RightTrack",
					"pivot": [-3.75, 1.89831, 0.00216],
					"cubes": [
						{
							"origin": [-4.5, 0, 4.625],
							"size": [1.5, 0.25, 3],
							"pivot": [-4.5, 0, 4.625],
							"rotation": [30, 0, 0],
							"uv": {
								"north": {"uv": [49, 27], "uv_size": [1.5, 0.25]},
								"east": {"uv": [31, 42], "uv_size": [3, 0.25]},
								"south": {"uv": [49, 28], "uv_size": [1.5, 0.25]},
								"west": {"uv": [42, 31], "uv_size": [3, 0.25]},
								"up": {"uv": [15, 33], "uv_size": [1.5, 3]},
								"down": {"uv": [33, 19], "uv_size": [1.5, -3]}
							}
						},
						{
							"origin": [-4.5, 0, -7.625],
							"size": [1.5, 0.25, 3],
							"pivot": [-4.5, 0, -4.625],
							"rotation": [-30, 0, 0],
							"uv": {
								"north": {"uv": [29, 49], "uv_size": [1.5, 0.25]},
								"east": {"uv": [42, 32], "uv_size": [3, 0.25]},
								"south": {"uv": [49, 29], "uv_size": [1.5, 0.25]},
								"west": {"uv": [42, 33], "uv_size": [3, 0.25]},
								"up": {"uv": [17, 33], "uv_size": [1.5, 3]},
								"down": {"uv": [25, 36], "uv_size": [1.5, -3]}
							}
						},
						{
							"origin": [-4.5, 1.5, 7.22308],
							"size": [1.5, 0.25, 0.75],
							"pivot": [-4.5, 1.5, 7.22308],
							"rotation": [55, 0, 0],
							"uv": {
								"north": {"uv": [49, 30], "uv_size": [1.5, 0.25]},
								"east": {"uv": [51, 8], "uv_size": [0.75, 0.25]},
								"south": {"uv": [31, 49], "uv_size": [1.5, 0.25]},
								"west": {"uv": [9, 51], "uv_size": [0.75, 0.25]},
								"up": {"uv": [12, 42], "uv_size": [1.5, 0.75]},
								"down": {"uv": [42, 12.75], "uv_size": [1.5, -0.75]}
							}
						},
						{
							"origin": [-4.5, 1.5, -7.97308],
							"size": [1.5, 0.25, 0.75],
							"pivot": [-4.5, 1.5, -7.22308],
							"rotation": [-55, 0, 0],
							"uv": {
								"north": {"uv": [49, 31], "uv_size": [1.5, 0.25]},
								"east": {"uv": [51, 9], "uv_size": [0.75, 0.25]},
								"south": {"uv": [49, 32], "uv_size": [1.5, 0.25]},
								"west": {"uv": [10, 51], "uv_size": [0.75, 0.25]},
								"up": {"uv": [42, 13], "uv_size": [1.5, 0.75]},
								"down": {"uv": [14, 42.75], "uv_size": [1.5, -0.75]}
							}
						},
						{
							"origin": [-4.5, 2.11436, -8.15326],
							"size": [1.5, 0.25, 0.5],
							"pivot": [-4.5, 2.11436, -7.65326],
							"rotation": [-90, 0, 0],
							"uv": {
								"north": {"uv": [33, 49], "uv_size": [1.5, 0.25]},
								"east": {"uv": [51, 14], "uv_size": [0.5, 0.25]},
								"south": {"uv": [49, 33], "uv_size": [1.5, 0.25]},
								"west": {"uv": [15, 51], "uv_size": [0.5, 0.25]},
								"up": {"uv": [42, 34], "uv_size": [1.5, 0.5]},
								"down": {"uv": [42, 36.5], "uv_size": [1.5, -0.5]}
							}
						},
						{
							"origin": [-4.5, 2.11436, 7.65326],
							"size": [1.5, 0.25, 0.5],
							"pivot": [-4.5, 2.11436, 7.65326],
							"rotation": [90, 0, 0],
							"uv": {
								"north": {"uv": [49, 34], "uv_size": [1.5, 0.25]},
								"east": {"uv": [51, 15], "uv_size": [0.5, 0.25]},
								"south": {"uv": [35, 49], "uv_size": [1.5, 0.25]},
								"west": {"uv": [16, 51], "uv_size": [0.5, 0.25]},
								"up": {"uv": [37, 42], "uv_size": [1.5, 0.5]},
								"down": {"uv": [42, 37.5], "uv_size": [1.5, -0.5]}
							}
						},
						{
							"origin": [-4.5, 2.61436, 7.65326],
							"size": [1.5, 0.25, 0.75],
							"pivot": [-4.5, 2.61436, 7.65326],
							"rotation": [132.5, 0, 0],
							"uv": {
								"north": {"uv": [49, 35], "uv_size": [1.5, 0.25]},
								"east": {"uv": [51, 10], "uv_size": [0.75, 0.25]},
								"south": {"uv": [49, 36], "uv_size": [1.5, 0.25]},
								"west": {"uv": [11, 51], "uv_size": [0.75, 0.25]},
								"up": {"uv": [42, 14], "uv_size": [1.5, 0.75]},
								"down": {"uv": [42, 15.75], "uv_size": [1.5, -0.75]}
							}
						},
						{
							"origin": [-4.5, 2.61436, -8.40326],
							"size": [1.5, 0.25, 0.75],
							"pivot": [-4.5, 2.61436, -7.65326],
							"rotation": [-132.5, 0, 0],
							"uv": {
								"north": {"uv": [37, 49], "uv_size": [1.5, 0.25]},
								"east": {"uv": [51, 11], "uv_size": [0.75, 0.25]},
								"south": {"uv": [49, 37], "uv_size": [1.5, 0.25]},
								"west": {"uv": [12, 51], "uv_size": [0.75, 0.25]},
								"up": {"uv": [16, 42], "uv_size": [1.5, 0.75]},
								"down": {"uv": [42, 16.75], "uv_size": [1.5, -0.75]}
							}
						},
						{
							"origin": [-4.5, 0, -4.625],
							"size": [1.5, 0.25, 9.25],
							"uv": {
								"north": {"uv": [49, 38], "uv_size": [1.5, 0.25]},
								"east": {"uv": [36, 1], "uv_size": [9.25, 0.25]},
								"south": {"uv": [39, 49], "uv_size": [1.5, 0.25]},
								"west": {"uv": [36, 2], "uv_size": [9.25, 0.25]},
								"up": {"uv": [17, 23], "uv_size": [1.5, 9.25]},
								"down": {"uv": [23, 37.25], "uv_size": [1.5, -9.25]}
							}
						},
						{
							"origin": [-4.5, 2.91732, -7.10343],
							"size": [1.5, 0.25, 14.25],
							"uv": {
								"north": {"uv": [49, 39], "uv_size": [1.5, 0.25]},
								"east": {"uv": [33, 25], "uv_size": [14.25, 0.25]},
								"south": {"uv": [49, 40], "uv_size": [1.5, 0.25]},
								"west": {"uv": [33, 26], "uv_size": [14.25, 0.25]},
								"up": {"uv": [7, 22], "uv_size": [1.5, 14.25]},
								"down": {"uv": [9, 36.25], "uv_size": [1.5, -14.25]}
							}
						}
					]
				},
				{
					"name": "Hull",
					"pivot": [0, 0, 0],
					"cubes": [
						{
							"origin": [-3, 0.97376, -6.831],
							"size": [6.125, 1.875, 13.375],
							"uv": {
								"north": {"uv": [26, 17], "uv_size": [6.25, 2]},
								"east": {"uv": [12, 17], "uv_size": [13.5, 2]},
								"south": {"uv": [25, 28], "uv_size": [6.25, 2]},
								"west": {"uv": [19, 9], "uv_size": [13.5, 2]},
								"up": {"uv": [0, 0], "uv_size": [6.25, 13.5]},
								"down": {"uv": [7, 13.5], "uv_size": [6.25, -13.5]}
							}
						},
						{
							"origin": [0.375, 3.125, -5.75],
							"size": [1.5, 1, 2.125],
							"uv": {
								"north": {"uv": [37, 7], "uv_size": [1.5, 1]},
								"east": {"uv": [36, 3], "uv_size": [2.25, 1]},
								"south": {"uv": [37, 8], "uv_size": [1.5, 1]},
								"west": {"uv": [36, 4], "uv_size": [2.25, 1]},
								"up": {"uv": [19, 34], "uv_size": [1.5, 2.25]},
								"down": {"uv": [21, 36.25], "uv_size": [1.5, -2.25]}
							}
						},
						{
							"origin": [0.375, 3.125, -5.75],
							"size": [1.5, 1, 2.125],
							"pivot": [1.875, 4.125, -5.75],
							"rotation": [-30, 0, 0],
							"uv": {
								"north": {"uv": [37, 11], "uv_size": [1.5, 1]},
								"east": {"uv": [36, 5], "uv_size": [2.25, 1]},
								"south": {"uv": [37, 12], "uv_size": [1.5, 1]},
								"west": {"uv": [13, 36], "uv_size": [2.25, 1]},
								"up": {"uv": [34, 28], "uv_size": [1.5, 2.25]},
								"down": {"uv": [31, 36.25], "uv_size": [1.5, -2.25]}
							}
						},
						{
							"origin": [-0.125, 3.125, -5.75],
							"size": [2, 1, 2.625],
							"pivot": [1.875, 4.125, -5.75],
							"rotation": [0, 0, -22.5],
							"uv": {
								"north": {"uv": [31, 16], "uv_size": [2, 1]},
								"east": {"uv": [28, 16], "uv_size": [2.75, 1]},
								"south": {"uv": [35, 36], "uv_size": [2, 1]},
								"west": {"uv": [34, 24], "uv_size": [2.75, 1]},
								"up": {"uv": [12, 14], "uv_size": [2, 2.75]},
								"down": {"uv": [28, 32.75], "uv_size": [2, -2.75]}
							}
						},
						{
							"origin": [0.75, 3.125, -5.75],
							"size": [1.125, 1, 2.625],
							"pivot": [1.875, 4.125, -5.75],
							"rotation": [-30.18908, -6.79382, -19.31542],
							"uv": {
								"north": {"uv": [37, 13], "uv_size": [1.25, 1]},
								"east": {"uv": [35, 16], "uv_size": [2.75, 1]},
								"south": {"uv": [19, 37], "uv_size": [1.25, 1]},
								"west": {"uv": [35, 17], "uv_size": [2.75, 1]},
								"up": {"uv": [27, 33], "uv_size": [1.25, 2.75]},
								"down": {"uv": [29, 35.75], "uv_size": [1.25, -2.75]}
							}
						},
						{
							"origin": [0.375, 3.125, -5.75],
							"size": [0.5, 1, 2.625],
							"pivot": [0.375, 4.125, -5.75],
							"rotation": [-30.18908, 6.79382, 19.31542],
							"uv": {
								"north": {"uv": [46, 42], "uv_size": [0.5, 1]},
								"east": {"uv": [35, 18], "uv_size": [2.75, 1]},
								"south": {"uv": [1, 47], "uv_size": [0.5, 1]},
								"west": {"uv": [35, 34], "uv_size": [2.75, 1]},
								"up": {"uv": [13, 37], "uv_size": [0.5, 2.75]},
								"down": {"uv": [14, 39.75], "uv_size": [0.5, -2.75]}
							}
						},
						{
							"origin": [0.375, 3.125, -5.75],
							"size": [2, 1, 2.625],
							"pivot": [0.375, 4.125, -5.75],
							"rotation": [0, 0, 22.5],
							"uv": {
								"north": {"uv": [6, 37], "uv_size": [2, 1]},
								"east": {"uv": [35, 14], "uv_size": [2.75, 1]},
								"south": {"uv": [37, 6], "uv_size": [2, 1]},
								"west": {"uv": [35, 15], "uv_size": [2.75, 1]},
								"up": {"uv": [30, 30], "uv_size": [2, 2.75]},
								"down": {"uv": [32, 30.75], "uv_size": [2, -2.75]}
							}
						},
						{
							"origin": [-3, 2.75, -3.75],
							"size": [6.125, 1.375, 8.625],
							"uv": {
								"north": {"uv": [29, 4], "uv_size": [6.25, 1.5]},
								"east": {"uv": [19, 15], "uv_size": [8.75, 1.5]},
								"south": {"uv": [30, 19], "uv_size": [6.25, 1.5]},
								"west": {"uv": [26, 11], "uv_size": [8.75, 1.5]},
								"up": {"uv": [0, 14], "uv_size": [6.25, 8.75]},
								"down": {"uv": [14, 8.75], "uv_size": [6.25, -8.75]}
							}
						},
						{
							"origin": [-2.625, 2.875, -6.625],
							"size": [0.375, 0.625, 1.25],
							"uv": {
								"north": {"uv": [50, 50], "uv_size": [0.5, 0.75]},
								"east": {"uv": [42, 17], "uv_size": [1.25, 0.75]},
								"south": {"uv": [0, 51], "uv_size": [0.5, 0.75]},
								"west": {"uv": [42, 18], "uv_size": [1.25, 0.75]},
								"up": {"uv": [43, 46], "uv_size": [0.5, 1.25]},
								"down": {"uv": [46, 45.25], "uv_size": [0.5, -1.25]}
							}
						},
						{
							"origin": [2.25, 2.875, -6.625],
							"size": [0.375, 0.625, 1.25],
							"uv": {
								"north": {"uv": [1, 51], "uv_size": [0.5, 0.75]},
								"east": {"uv": [19, 42], "uv_size": [1.25, 0.75]},
								"south": {"uv": [2, 51], "uv_size": [0.5, 0.75]},
								"west": {"uv": [42, 19], "uv_size": [1.25, 0.75]},
								"up": {"uv": [46, 46], "uv_size": [0.5, 1.25]},
								"down": {"uv": [0, 48.25], "uv_size": [0.5, -1.25]}
							}
						},
						{
							"origin": [-4.5, 3.25, -7.125],
							"size": [1.5, 0.25, 14.25],
							"uv": {
								"north": {"uv": [43, 49], "uv_size": [1.5, 0.25]},
								"east": {"uv": [33, 27], "uv_size": [14.25, 0.25]},
								"south": {"uv": [49, 43], "uv_size": [1.5, 0.25]},
								"west": {"uv": [34, 21], "uv_size": [14.25, 0.25]},
								"up": {"uv": [0, 23], "uv_size": [1.5, 14.25]},
								"down": {"uv": [2, 37.25], "uv_size": [1.5, -14.25]}
							}
						},
						{
							"origin": [3, 3.25, -7.125],
							"size": [1.5, 0.25, 14.25],
							"uv": {
								"north": {"uv": [49, 44], "uv_size": [1.5, 0.25]},
								"east": {"uv": [34, 22], "uv_size": [14.25, 0.25]},
								"south": {"uv": [45, 49], "uv_size": [1.5, 0.25]},
								"west": {"uv": [34, 23], "uv_size": [14.25, 0.25]},
								"up": {"uv": [4, 23], "uv_size": [1.5, 14.25]},
								"down": {"uv": [11, 37.25], "uv_size": [1.5, -14.25]}
							}
						},
						{
							"origin": [3, 3.25, 7.125],
							"size": [1.5, 0.25, 1.375],
							"pivot": [4.5, 3.5, 7.125],
							"rotation": [-27.5, 0, 0],
							"uv": {
								"north": {"uv": [49, 45], "uv_size": [1.5, 0.25]},
								"east": {"uv": [49, 46], "uv_size": [1.5, 0.25]},
								"south": {"uv": [47, 49], "uv_size": [1.5, 0.25]},
								"west": {"uv": [49, 47], "uv_size": [1.5, 0.25]},
								"up": {"uv": [26, 13], "uv_size": [1.5, 1.5]},
								"down": {"uv": [16, 37.5], "uv_size": [1.5, -1.5]}
							}
						},
						{
							"origin": [-4.5, 3.25, 7.125],
							"size": [1.5, 0.25, 1.375],
							"pivot": [-4.5, 3.5, 7.125],
							"rotation": [-27.5, 0, 0],
							"uv": {
								"north": {"uv": [49, 48], "uv_size": [1.5, 0.25]},
								"east": {"uv": [49, 49], "uv_size": [1.5, 0.25]},
								"south": {"uv": [0, 50], "uv_size": [1.5, 0.25]},
								"west": {"uv": [50, 0], "uv_size": [1.5, 0.25]},
								"up": {"uv": [25, 36], "uv_size": [1.5, 1.5]},
								"down": {"uv": [27, 37.5], "uv_size": [1.5, -1.5]}
							}
						},
						{
							"origin": [-4.5, 3.25, -8.5],
							"size": [1.5, 0.25, 1.375],
							"pivot": [-4.5, 3.5, -7.125],
							"rotation": [27.5, 0, 0],
							"uv": {
								"north": {"uv": [50, 1], "uv_size": [1.5, 0.25]},
								"east": {"uv": [2, 50], "uv_size": [1.5, 0.25]},
								"south": {"uv": [50, 2], "uv_size": [1.5, 0.25]},
								"west": {"uv": [50, 3], "uv_size": [1.5, 0.25]},
								"up": {"uv": [36, 28], "uv_size": [1.5, 1.5]},
								"down": {"uv": [29, 37.5], "uv_size": [1.5, -1.5]}
							}
						},
						{
							"origin": [3, 3.25, -8.5],
							"size": [1.5, 0.25, 1.375],
							"pivot": [4.5, 3.5, -7.125],
							"rotation": [27.5, 0, 0],
							"uv": {
								"north": {"uv": [4, 50], "uv_size": [1.5, 0.25]},
								"east": {"uv": [50, 4], "uv_size": [1.5, 0.25]},
								"south": {"uv": [50, 5], "uv_size": [1.5, 0.25]},
								"west": {"uv": [6, 50], "uv_size": [1.5, 0.25]},
								"up": {"uv": [36, 30], "uv_size": [1.5, 1.5]},
								"down": {"uv": [36, 33.5], "uv_size": [1.5, -1.5]}
							}
						},
						{
							"origin": [2.375, 4.125, 2],
							"size": [0.375, 2.375, 1.125],
							"uv": {
								"north": {"uv": [15, 37], "uv_size": [0.5, 2.5]},
								"east": {"uv": [34, 31], "uv_size": [1.25, 2.5]},
								"south": {"uv": [21, 37], "uv_size": [0.5, 2.5]},
								"west": {"uv": [33, 34], "uv_size": [1.25, 2.5]},
								"up": {"uv": [43, 39], "uv_size": [0.5, 1.25]},
								"down": {"uv": [40, 44.25], "uv_size": [0.5, -1.25]}
							}
						},
						{
							"origin": [-2.75, 4.125, 2],
							"size": [0.375, 2.375, 1.125],
							"uv": {
								"north": {"uv": [5, 42], "uv_size": [0.5, 2.5]},
								"east": {"uv": [35, 6], "uv_size": [1.25, 2.5]},
								"south": {"uv": [42, 5], "uv_size": [0.5, 2.5]},
								"west": {"uv": [35, 11], "uv_size": [1.25, 2.5]},
								"up": {"uv": [41, 46], "uv_size": [0.5, 1.25]},
								"down": {"uv": [42, 47.25], "uv_size": [0.5, -1.25]}
							}
						},
						{
							"origin": [2.375, 4, 2.375],
							"size": [0.375, 2.5, 0.75],
							"pivot": [2.75, 6.5, 3.125],
							"rotation": [10, 0, 0],
							"uv": {
								"north": {"uv": [22, 37], "uv_size": [0.5, 2.5]},
								"east": {"uv": [6, 23], "uv_size": [0.75, 2.5]},
								"south": {"uv": [31, 37], "uv_size": [0.5, 2.5]},
								"west": {"uv": [6, 26], "uv_size": [0.75, 2.5]},
								"up": {"uv": [41, 49], "uv_size": [0.5, 0.75]},
								"down": {"uv": [49, 41.75], "uv_size": [0.5, -0.75]}
							}
						},
						{
							"origin": [-2.75, 4, 2.375],
							"size": [0.375, 2.5, 0.75],
							"pivot": [-2.75, 6.5, 3.125],
							"rotation": [10, 0, 0],
							"uv": {
								"north": {"uv": [6, 42], "uv_size": [0.5, 2.5]},
								"east": {"uv": [18, 36], "uv_size": [0.75, 2.5]},
								"south": {"uv": [7, 42], "uv_size": [0.5, 2.5]},
								"west": {"uv": [8, 37], "uv_size": [0.75, 2.5]},
								"up": {"uv": [46, 50], "uv_size": [0.5, 0.75]},
								"down": {"uv": [47, 50.75], "uv_size": [0.5, -0.75]}
							}
						},
						{
							"origin": [2.375, 4, 2],
							"size": [0.375, 2.5, 0.75],
							"pivot": [2.75, 6.5, 2],
							"rotation": [-10, 0, 0],
							"uv": {
								"north": {"uv": [32, 37], "uv_size": [0.5, 2.5]},
								"east": {"uv": [6, 29], "uv_size": [0.75, 2.5]},
								"south": {"uv": [33, 37], "uv_size": [0.5, 2.5]},
								"west": {"uv": [6, 32], "uv_size": [0.75, 2.5]},
								"up": {"uv": [42, 49], "uv_size": [0.5, 0.75]},
								"down": {"uv": [49, 42.75], "uv_size": [0.5, -0.75]}
							}
						},
						{
							"origin": [-2.75, 4, 2],
							"size": [0.375, 2.5, 0.75],
							"pivot": [-2.75, 6.5, 2],
							"rotation": [-10, 0, 0],
							"uv": {
								"north": {"uv": [8, 42], "uv_size": [0.5, 2.5]},
								"east": {"uv": [9, 37], "uv_size": [0.75, 2.5]},
								"south": {"uv": [9, 42], "uv_size": [0.5, 2.5]},
								"west": {"uv": [10, 37], "uv_size": [0.75, 2.5]},
								"up": {"uv": [48, 50], "uv_size": [0.5, 0.75]},
								"down": {"uv": [49, 50.75], "uv_size": [0.5, -0.75]}
							}
						},
						{
							"origin": [-3, 2.125, -7.625],
							"size": [6.125, 2, 3.875],
							"pivot": [1, 4.125, -3.75],
							"rotation": [17.5, 0, 0],
							"uv": {
								"north": {"uv": [29, 0], "uv_size": [6.25, 2]},
								"east": {"uv": [30, 21], "uv_size": [4, 2]},
								"south": {"uv": [29, 2], "uv_size": [6.25, 2]},
								"west": {"uv": [30, 23], "uv_size": [4, 2]},
								"up": {"uv": [19, 11], "uv_size": [6.25, 4]},
								"down": {"uv": [12, 23], "uv_size": [6.25, -4]}
							}
						},
						{
							"origin": [-3, 1.625, 4.875],
							"size": [6.125, 2.5, 2.625],
							"pivot": [1, 4.125, 4.875],
							"rotation": [-17.5, 0, 0],
							"uv": {
								"north": {"uv": [23, 22], "uv_size": [6.25, 2.5]},
								"east": {"uv": [25, 30], "uv_size": [2.75, 2.5]},
								"south": {"uv": [23, 25], "uv_size": [6.25, 2.5]},
								"west": {"uv": [30, 25], "uv_size": [2.75, 2.5]},
								"up": {"uv": [21, 6], "uv_size": [6.25, 2.75]},
								"down": {"uv": [23, 21.75], "uv_size": [6.25, -2.75]}
							}
						}
					]
				},
				{
					"name": "Rocketlauncher",
					"pivot": [0, 5.875, 2.5625],
					"cubes": [
						{
							"origin": [-2.375, 4.5, -1.125],
							"size": [4.75, 2.75, 7.375],
							"uv": {
								"north": {"uv": [28, 6], "uv_size": [4.75, 2.75]},
								"east": {"uv": [21, 0], "uv_size": [7.5, 2.75]},
								"south": {"uv": [28, 13], "uv_size": [4.75, 2.75]},
								"west": {"uv": [21, 3], "uv_size": [7.5, 2.75]},
								"up": {"uv": [7, 14], "uv_size": [4.75, 7.5]},
								"down": {"uv": [14, 16.5], "uv_size": [4.75, -7.5]}
							}
						}
					]
				},
				{
					"name": "Cogs",
					"pivot": [0, 0, 0]
				},
				{
					"name": "octagon",
					"parent": "Cogs",
					"pivot": [0, 2.375, -6.75],
					"cubes": [
						{
							"origin": [3.33, 2.09748, -7.42],
							"size": [1.09, 0.55505, 1.34],
							"pivot": [4.875, 2.375, -6.75],
							"rotation": [-45, 0, 0],
							"uv": {
								"north": {"uv": [2, 47], "uv_size": [1, 0.5]},
								"east": {"uv": [41, 43], "uv_size": [1.25, 0.5]},
								"south": {"uv": [47, 2], "uv_size": [1, 0.5]},
								"west": {"uv": [43, 41], "uv_size": [1.25, 0.5]},
								"up": {"uv": [6, 35], "uv_size": [1, 1.25]},
								"down": {"uv": [37, 20.25], "uv_size": [1, -1.25]}
							}
						},
						{
							"origin": [3.33, 2.09748, -7.42],
							"size": [1.09, 0.55505, 1.34],
							"uv": {
								"north": {"uv": [3, 47], "uv_size": [1, 0.5]},
								"east": {"uv": [43, 42], "uv_size": [1.25, 0.5]},
								"south": {"uv": [47, 3], "uv_size": [1, 0.5]},
								"west": {"uv": [43, 43], "uv_size": [1.25, 0.5]},
								"up": {"uv": [34, 37], "uv_size": [1, 1.25]},
								"down": {"uv": [35, 38.25], "uv_size": [1, -1.25]}
							}
						},
						{
							"origin": [-4.42, 1.705, -7.02752],
							"size": [1.09, 1.34, 0.55505],
							"uv": {
								"north": {"uv": [11, 38], "uv_size": [1, 1.25]},
								"east": {"uv": [10, 44], "uv_size": [0.5, 1.25]},
								"south": {"uv": [12, 38], "uv_size": [1, 1.25]},
								"west": {"uv": [11, 44], "uv_size": [0.5, 1.25]},
								"up": {"uv": [13, 47], "uv_size": [1, 0.5]},
								"down": {"uv": [47, 13.5], "uv_size": [1, -0.5]}
							}
						},
						{
							"origin": [-4.42, 2.09748, -7.42],
							"size": [1.09, 0.55505, 1.34],
							"uv": {
								"north": {"uv": [9, 47], "uv_size": [1, 0.5]},
								"east": {"uv": [44, 5], "uv_size": [1.25, 0.5]},
								"south": {"uv": [10, 47], "uv_size": [1, 0.5]},
								"west": {"uv": [44, 6], "uv_size": [1.25, 0.5]},
								"up": {"uv": [4, 38], "uv_size": [1, 1.25]},
								"down": {"uv": [5, 39.25], "uv_size": [1, -1.25]}
							}
						},
						{
							"origin": [-4.42, 2.09748, -7.42],
							"size": [1.09, 0.55505, 1.34],
							"pivot": [-4.875, 2.375, -6.75],
							"rotation": [-45, 0, 0],
							"uv": {
								"north": {"uv": [47, 7], "uv_size": [1, 0.5]},
								"east": {"uv": [44, 3], "uv_size": [1.25, 0.5]},
								"south": {"uv": [8, 47], "uv_size": [1, 0.5]},
								"west": {"uv": [44, 4], "uv_size": [1.25, 0.5]},
								"up": {"uv": [2, 38], "uv_size": [1, 1.25]},
								"down": {"uv": [3, 39.25], "uv_size": [1, -1.25]}
							}
						},
						{
							"origin": [-4.42, 1.705, -7.02752],
							"size": [1.09, 1.34, 0.55505],
							"pivot": [-4.875, 2.375, -6.75],
							"rotation": [-45, 0, 0],
							"uv": {
								"north": {"uv": [6, 38], "uv_size": [1, 1.25]},
								"east": {"uv": [4, 44], "uv_size": [0.5, 1.25]},
								"south": {"uv": [7, 38], "uv_size": [1, 1.25]},
								"west": {"uv": [44, 7], "uv_size": [0.5, 1.25]},
								"up": {"uv": [11, 47], "uv_size": [1, 0.5]},
								"down": {"uv": [47, 12.5], "uv_size": [1, -0.5]}
							}
						},
						{
							"origin": [3.33, 1.705, -7.02752],
							"size": [1.09, 1.34, 0.55505],
							"pivot": [4.875, 2.375, -6.75],
							"rotation": [-45, 0, 0],
							"uv": {
								"north": {"uv": [36, 37], "uv_size": [1, 1.25]},
								"east": {"uv": [0, 44], "uv_size": [0.5, 1.25]},
								"south": {"uv": [37, 36], "uv_size": [1, 1.25]},
								"west": {"uv": [1, 44], "uv_size": [0.5, 1.25]},
								"up": {"uv": [47, 4], "uv_size": [1, 0.5]},
								"down": {"uv": [47, 5.5], "uv_size": [1, -0.5]}
							}
						},
						{
							"origin": [3.33, 1.705, -7.02752],
							"size": [1.09, 1.34, 0.55505],
							"uv": {
								"north": {"uv": [0, 38], "uv_size": [1, 1.25]},
								"east": {"uv": [2, 44], "uv_size": [0.5, 1.25]},
								"south": {"uv": [1, 38], "uv_size": [1, 1.25]},
								"west": {"uv": [3, 44], "uv_size": [0.5, 1.25]},
								"up": {"uv": [47, 6], "uv_size": [1, 0.5]},
								"down": {"uv": [7, 47.5], "uv_size": [1, -0.5]}
							}
						}
					]
				},
				{
					"name": "octagon2",
					"parent": "Cogs",
					"pivot": [0, 2.375, 6.875],
					"cubes": [
						{
							"origin": [3.33, 2.09748, 6.205],
							"size": [1.09, 0.55505, 1.34],
							"pivot": [4.875, 2.375, 6.875],
							"rotation": [-45, 0, 0],
							"uv": {
								"north": {"uv": [14, 47], "uv_size": [1, 0.5]},
								"east": {"uv": [44, 11], "uv_size": [1.25, 0.5]},
								"south": {"uv": [47, 14], "uv_size": [1, 0.5]},
								"west": {"uv": [12, 44], "uv_size": [1.25, 0.5]},
								"up": {"uv": [38, 14], "uv_size": [1, 1.25]},
								"down": {"uv": [16, 39.25], "uv_size": [1, -1.25]}
							}
						},
						{
							"origin": [3.33, 2.09748, 6.205],
							"size": [1.09, 0.55505, 1.34],
							"uv": {
								"north": {"uv": [15, 47], "uv_size": [1, 0.5]},
								"east": {"uv": [44, 12], "uv_size": [1.25, 0.5]},
								"south": {"uv": [47, 15], "uv_size": [1, 0.5]},
								"west": {"uv": [44, 13], "uv_size": [1.25, 0.5]},
								"up": {"uv": [38, 16], "uv_size": [1, 1.25]},
								"down": {"uv": [17, 39.25], "uv_size": [1, -1.25]}
							}
						},
						{
							"origin": [-4.42, 1.705, 6.59748],
							"size": [1.09, 1.34, 0.55505],
							"uv": {
								"north": {"uv": [38, 18], "uv_size": [1, 1.25]},
								"east": {"uv": [14, 44], "uv_size": [0.5, 1.25]},
								"south": {"uv": [19, 38], "uv_size": [1, 1.25]},
								"west": {"uv": [44, 14], "uv_size": [0.5, 1.25]},
								"up": {"uv": [16, 47], "uv_size": [1, 0.5]},
								"down": {"uv": [17, 47.5], "uv_size": [1, -0.5]}
							}
						},
						{
							"origin": [-4.42, 2.09748, 6.205],
							"size": [1.09, 0.55505, 1.34],
							"uv": {
								"north": {"uv": [18, 47], "uv_size": [1, 0.5]},
								"east": {"uv": [15, 44], "uv_size": [1.25, 0.5]},
								"south": {"uv": [47, 18], "uv_size": [1, 0.5]},
								"west": {"uv": [44, 16], "uv_size": [1.25, 0.5]},
								"up": {"uv": [20, 38], "uv_size": [1, 1.25]},
								"down": {"uv": [23, 39.25], "uv_size": [1, -1.25]}
							}
						},
						{
							"origin": [-4.42, 2.09748, 6.205],
							"size": [1.09, 0.55505, 1.34],
							"pivot": [-4.875, 2.375, 6.875],
							"rotation": [-45, 0, 0],
							"uv": {
								"north": {"uv": [47, 19], "uv_size": [1, 0.5]},
								"east": {"uv": [17, 44], "uv_size": [1.25, 0.5]},
								"south": {"uv": [47, 20], "uv_size": [1, 0.5]},
								"west": {"uv": [44, 17], "uv_size": [1.25, 0.5]},
								"up": {"uv": [24, 38], "uv_size": [1, 1.25]},
								"down": {"uv": [25, 39.25], "uv_size": [1, -1.25]}
							}
						},
						{
							"origin": [-4.42, 1.705, 6.59748],
							"size": [1.09, 1.34, 0.55505],
							"pivot": [-4.875, 2.375, 6.875],
							"rotation": [-45, 0, 0],
							"uv": {
								"north": {"uv": [26, 38], "uv_size": [1, 1.25]},
								"east": {"uv": [44, 18], "uv_size": [0.5, 1.25]},
								"south": {"uv": [27, 38], "uv_size": [1, 1.25]},
								"west": {"uv": [19, 44], "uv_size": [0.5, 1.25]},
								"up": {"uv": [24, 47], "uv_size": [1, 0.5]},
								"down": {"uv": [25, 47.5], "uv_size": [1, -0.5]}
							}
						},
						{
							"origin": [3.33, 1.705, 6.59748],
							"size": [1.09, 1.34, 0.55505],
							"pivot": [4.875, 2.375, 6.875],
							"rotation": [-45, 0, 0],
							"uv": {
								"north": {"uv": [28, 38], "uv_size": [1, 1.25]},
								"east": {"uv": [20, 44], "uv_size": [0.5, 1.25]},
								"south": {"uv": [38, 28], "uv_size": [1, 1.25]},
								"west": {"uv": [21, 44], "uv_size": [0.5, 1.25]},
								"up": {"uv": [26, 47], "uv_size": [1, 0.5]},
								"down": {"uv": [27, 47.5], "uv_size": [1, -0.5]}
							}
						},
						{
							"origin": [3.33, 1.705, 6.59748],
							"size": [1.09, 1.34, 0.55505],
							"uv": {
								"north": {"uv": [29, 38], "uv_size": [1, 1.25]},
								"east": {"uv": [22, 44], "uv_size": [0.5, 1.25]},
								"south": {"uv": [30, 38], "uv_size": [1, 1.25]},
								"west": {"uv": [23, 44], "uv_size": [0.5, 1.25]},
								"up": {"uv": [28, 47], "uv_size": [1, 0.5]},
								"down": {"uv": [47, 28.5], "uv_size": [1, -0.5]}
							}
						}
					]
				},
				{
					"name": "octagon3",
					"parent": "Cogs",
					"pivot": [0, 0.75, 4.375],
					"cubes": [
						{
							"origin": [3.1968, 0.48358, 3.7318],
							"size": [1.0464, 0.53284, 1.2864],
							"pivot": [4.68, 0.75, 4.375],
							"rotation": [-45, 0, 0],
							"uv": {
								"north": {"uv": [29, 47], "uv_size": [1, 0.5]},
								"east": {"uv": [24, 44], "uv_size": [1.25, 0.5]},
								"south": {"uv": [30, 47], "uv_size": [1, 0.5]},
								"west": {"uv": [44, 24], "uv_size": [1.25, 0.5]},
								"up": {"uv": [38, 30], "uv_size": [1, 1.25]},
								"down": {"uv": [38, 33.25], "uv_size": [1, -1.25]}
							}
						},
						{
							"origin": [3.1968, 0.48358, 3.7318],
							"size": [1.0464, 0.53284, 1.2864],
							"uv": {
								"north": {"uv": [31, 47], "uv_size": [1, 0.5]},
								"east": {"uv": [26, 44], "uv_size": [1.25, 0.5]},
								"south": {"uv": [47, 31], "uv_size": [1, 0.5]},
								"west": {"uv": [28, 44], "uv_size": [1.25, 0.5]},
								"up": {"uv": [38, 36], "uv_size": [1, 1.25]},
								"down": {"uv": [37, 39.25], "uv_size": [1, -1.25]}
							}
						},
						{
							"origin": [-4.2432, 0.1068, 4.10858],
							"size": [1.0464, 1.2864, 0.53284],
							"uv": {
								"north": {"uv": [38, 38], "uv_size": [1, 1.25]},
								"east": {"uv": [44, 29], "uv_size": [0.5, 1.25]},
								"south": {"uv": [39, 3], "uv_size": [1, 1.25]},
								"west": {"uv": [30, 44], "uv_size": [0.5, 1.25]},
								"up": {"uv": [47, 32], "uv_size": [1, 0.5]},
								"down": {"uv": [47, 33.5], "uv_size": [1, -0.5]}
							}
						},
						{
							"origin": [-4.2432, 0.48358, 3.7318],
							"size": [1.0464, 0.53284, 1.2864],
							"uv": {
								"north": {"uv": [35, 47], "uv_size": [1, 0.5]},
								"east": {"uv": [31, 44], "uv_size": [1.25, 0.5]},
								"south": {"uv": [36, 47], "uv_size": [1, 0.5]},
								"west": {"uv": [33, 44], "uv_size": [1.25, 0.5]},
								"up": {"uv": [39, 5], "uv_size": [1, 1.25]},
								"down": {"uv": [39, 8.25], "uv_size": [1, -1.25]}
							}
						},
						{
							"origin": [-4.2432, 0.48358, 3.7318],
							"size": [1.0464, 0.53284, 1.2864],
							"pivot": [-4.68, 0.75, 4.375],
							"rotation": [-45, 0, 0],
							"uv": {
								"north": {"uv": [47, 37], "uv_size": [1, 0.5]},
								"east": {"uv": [44, 34], "uv_size": [1.25, 0.5]},
								"south": {"uv": [47, 38], "uv_size": [1, 0.5]},
								"west": {"uv": [35, 44], "uv_size": [1.25, 0.5]},
								"up": {"uv": [39, 11], "uv_size": [1, 1.25]},
								"down": {"uv": [39, 14.25], "uv_size": [1, -1.25]}
							}
						},
						{
							"origin": [-4.2432, 0.1068, 4.10858],
							"size": [1.0464, 1.2864, 0.53284],
							"pivot": [-4.68, 0.75, 4.375],
							"rotation": [-45, 0, 0],
							"uv": {
								"north": {"uv": [39, 15], "uv_size": [1, 1.25]},
								"east": {"uv": [44, 36], "uv_size": [0.5, 1.25]},
								"south": {"uv": [39, 17], "uv_size": [1, 1.25]},
								"west": {"uv": [37, 44], "uv_size": [0.5, 1.25]},
								"up": {"uv": [47, 39], "uv_size": [1, 0.5]},
								"down": {"uv": [40, 47.5], "uv_size": [1, -0.5]}
							}
						},
						{
							"origin": [3.1968, 0.1068, 4.10858],
							"size": [1.0464, 1.2864, 0.53284],
							"pivot": [4.68, 0.75, 4.375],
							"rotation": [-45, 0, 0],
							"uv": {
								"north": {"uv": [18, 39], "uv_size": [1, 1.25]},
								"east": {"uv": [38, 44], "uv_size": [0.5, 1.25]},
								"south": {"uv": [39, 19], "uv_size": [1, 1.25]},
								"west": {"uv": [44, 38], "uv_size": [0.5, 1.25]},
								"up": {"uv": [47, 40], "uv_size": [1, 0.5]},
								"down": {"uv": [47, 41.5], "uv_size": [1, -0.5]}
							}
						},
						{
							"origin": [3.1968, 0.1068, 4.10858],
							"size": [1.0464, 1.2864, 0.53284],
							"uv": {
								"north": {"uv": [39, 28], "uv_size": [1, 1.25]},
								"east": {"uv": [39, 44], "uv_size": [0.5, 1.25]},
								"south": {"uv": [39, 30], "uv_size": [1, 1.25]},
								"west": {"uv": [41, 44], "uv_size": [0.5, 1.25]},
								"up": {"uv": [47, 42], "uv_size": [1, 0.5]},
								"down": {"uv": [47, 43.5], "uv_size": [1, -0.5]}
							}
						}
					]
				},
				{
					"name": "octagon4",
					"parent": "Cogs",
					"pivot": [0, 0.75, -4.375],
					"cubes": [
						{
							"origin": [3.1968, 0.48358, -5.0182],
							"size": [1.0464, 0.53284, 1.2864],
							"pivot": [4.68, 0.75, -4.375],
							"rotation": [45, 0, 0],
							"uv": {
								"north": {"uv": [44, 47], "uv_size": [1, 0.5]},
								"east": {"uv": [44, 40], "uv_size": [1.25, 0.5]},
								"south": {"uv": [47, 44], "uv_size": [1, 0.5]},
								"west": {"uv": [42, 44], "uv_size": [1.25, 0.5]},
								"up": {"uv": [39, 32], "uv_size": [1, 1.25]},
								"down": {"uv": [34, 40.25], "uv_size": [1, -1.25]}
							}
						},
						{
							"origin": [3.1968, 0.48358, -5.0182],
							"size": [1.0464, 0.53284, 1.2864],
							"uv": {
								"north": {"uv": [45, 47], "uv_size": [1, 0.5]},
								"east": {"uv": [44, 44], "uv_size": [1.25, 0.5]},
								"south": {"uv": [47, 45], "uv_size": [1, 0.5]},
								"west": {"uv": [5, 45], "uv_size": [1.25, 0.5]},
								"up": {"uv": [35, 39], "uv_size": [1, 1.25]},
								"down": {"uv": [36, 40.25], "uv_size": [1, -1.25]}
							}
						},
						{
							"origin": [-4.2432, 0.1068, -4.64142],
							"size": [1.0464, 1.2864, 0.53284],
							"uv": {
								"north": {"uv": [39, 36], "uv_size": [1, 1.25]},
								"east": {"uv": [7, 45], "uv_size": [0.5, 1.25]},
								"south": {"uv": [39, 38], "uv_size": [1, 1.25]},
								"west": {"uv": [45, 7], "uv_size": [0.5, 1.25]},
								"up": {"uv": [47, 46], "uv_size": [1, 0.5]},
								"down": {"uv": [47, 47.5], "uv_size": [1, -0.5]}
							}
						},
						{
							"origin": [-4.2432, 0.48358, -5.0182],
							"size": [1.0464, 0.53284, 1.2864],
							"uv": {
								"north": {"uv": [48, 0], "uv_size": [1, 0.5]},
								"east": {"uv": [8, 45], "uv_size": [1.25, 0.5]},
								"south": {"uv": [1, 48], "uv_size": [1, 0.5]},
								"west": {"uv": [12, 45], "uv_size": [1.25, 0.5]},
								"up": {"uv": [0, 40], "uv_size": [1, 1.25]},
								"down": {"uv": [1, 41.25], "uv_size": [1, -1.25]}
							}
						},
						{
							"origin": [-4.2432, 0.48358, -5.0182],
							"size": [1.0464, 0.53284, 1.2864],
							"pivot": [-4.68, 0.75, -4.375],
							"rotation": [45, 0, 0],
							"uv": {
								"north": {"uv": [48, 1], "uv_size": [1, 0.5]},
								"east": {"uv": [45, 14], "uv_size": [1.25, 0.5]},
								"south": {"uv": [2, 48], "uv_size": [1, 0.5]},
								"west": {"uv": [15, 45], "uv_size": [1.25, 0.5]},
								"up": {"uv": [2, 40], "uv_size": [1, 1.25]},
								"down": {"uv": [3, 41.25], "uv_size": [1, -1.25]}
							}
						},
						{
							"origin": [-4.2432, 0.1068, -4.64142],
							"size": [1.0464, 1.2864, 0.53284],
							"pivot": [-4.68, 0.75, -4.375],
							"rotation": [45, 0, 0],
							"uv": {
								"north": {"uv": [40, 3], "uv_size": [1, 1.25]},
								"east": {"uv": [17, 45], "uv_size": [0.5, 1.25]},
								"south": {"uv": [4, 40], "uv_size": [1, 1.25]},
								"west": {"uv": [18, 45], "uv_size": [0.5, 1.25]},
								"up": {"uv": [48, 2], "uv_size": [1, 0.5]},
								"down": {"uv": [3, 48.5], "uv_size": [1, -0.5]}
							}
						},
						{
							"origin": [3.1968, 0.1068, -4.64142],
							"size": [1.0464, 1.2864, 0.53284],
							"pivot": [4.68, 0.75, -4.375],
							"rotation": [45, 0, 0],
							"uv": {
								"north": {"uv": [5, 40], "uv_size": [1, 1.25]},
								"east": {"uv": [45, 18], "uv_size": [0.5, 1.25]},
								"south": {"uv": [40, 5], "uv_size": [1, 1.25]},
								"west": {"uv": [24, 45], "uv_size": [0.5, 1.25]},
								"up": {"uv": [48, 3], "uv_size": [1, 0.5]},
								"down": {"uv": [4, 48.5], "uv_size": [1, -0.5]}
							}
						},
						{
							"origin": [3.1968, 0.1068, -4.64142],
							"size": [1.0464, 1.2864, 0.53284],
							"uv": {
								"north": {"uv": [6, 40], "uv_size": [1, 1.25]},
								"east": {"uv": [25, 45], "uv_size": [0.5, 1.25]},
								"south": {"uv": [7, 40], "uv_size": [1, 1.25]},
								"west": {"uv": [26, 45], "uv_size": [0.5, 1.25]},
								"up": {"uv": [48, 4], "uv_size": [1, 0.5]},
								"down": {"uv": [5, 48.5], "uv_size": [1, -0.5]}
							}
						}
					]
				},
				{
					"name": "octagon5",
					"parent": "Cogs",
					"pivot": [0, 0.75, -2.5],
					"cubes": [
						{
							"origin": [3.1968, 0.48358, -3.1432],
							"size": [1.0464, 0.53284, 1.2864],
							"pivot": [4.68, 0.75, -2.5],
							"rotation": [45, 0, 0],
							"uv": {
								"north": {"uv": [48, 5], "uv_size": [1, 0.5]},
								"east": {"uv": [45, 15], "uv_size": [1.25, 0.5]},
								"south": {"uv": [6, 48], "uv_size": [1, 0.5]},
								"west": {"uv": [45, 20], "uv_size": [1.25, 0.5]},
								"up": {"uv": [40, 7], "uv_size": [1, 1.25]},
								"down": {"uv": [8, 41.25], "uv_size": [1, -1.25]}
							}
						},
						{
							"origin": [3.1968, 0.48358, -3.1432],
							"size": [1.0464, 0.53284, 1.2864],
							"uv": {
								"north": {"uv": [48, 6], "uv_size": [1, 0.5]},
								"east": {"uv": [27, 45], "uv_size": [1.25, 0.5]},
								"south": {"uv": [7, 48], "uv_size": [1, 0.5]},
								"west": {"uv": [45, 28], "uv_size": [1.25, 0.5]},
								"up": {"uv": [9, 40], "uv_size": [1, 1.25]},
								"down": {"uv": [10, 41.25], "uv_size": [1, -1.25]}
							}
						},
						{
							"origin": [-4.2432, 0.1068, -2.76642],
							"size": [1.0464, 1.2864, 0.53284],
							"uv": {
								"north": {"uv": [11, 40], "uv_size": [1, 1.25]},
								"east": {"uv": [29, 45], "uv_size": [0.5, 1.25]},
								"south": {"uv": [40, 11], "uv_size": [1, 1.25]},
								"west": {"uv": [45, 29], "uv_size": [0.5, 1.25]},
								"up": {"uv": [48, 7], "uv_size": [1, 0.5]},
								"down": {"uv": [8, 48.5], "uv_size": [1, -0.5]}
							}
						},
						{
							"origin": [-4.2432, 0.48358, -3.1432],
							"size": [1.0464, 0.53284, 1.2864],
							"uv": {
								"north": {"uv": [48, 8], "uv_size": [1, 0.5]},
								"east": {"uv": [31, 45], "uv_size": [1.25, 0.5]},
								"south": {"uv": [9, 48], "uv_size": [1, 0.5]},
								"west": {"uv": [45, 31], "uv_size": [1.25, 0.5]},
								"up": {"uv": [12, 40], "uv_size": [1, 1.25]},
								"down": {"uv": [13, 41.25], "uv_size": [1, -1.25]}
							}
						},
						{
							"origin": [-4.2432, 0.48358, -3.1432],
							"size": [1.0464, 0.53284, 1.2864],
							"pivot": [-4.68, 0.75, -2.5],
							"rotation": [45, 0, 0],
							"uv": {
								"north": {"uv": [48, 9], "uv_size": [1, 0.5]},
								"east": {"uv": [45, 32], "uv_size": [1.25, 0.5]},
								"south": {"uv": [10, 48], "uv_size": [1, 0.5]},
								"west": {"uv": [33, 45], "uv_size": [1.25, 0.5]},
								"up": {"uv": [40, 13], "uv_size": [1, 1.25]},
								"down": {"uv": [14, 41.25], "uv_size": [1, -1.25]}
							}
						},
						{
							"origin": [-4.2432, 0.1068, -2.76642],
							"size": [1.0464, 1.2864, 0.53284],
							"pivot": [-4.68, 0.75, -2.5],
							"rotation": [45, 0, 0],
							"uv": {
								"north": {"uv": [15, 40], "uv_size": [1, 1.25]},
								"east": {"uv": [35, 45], "uv_size": [0.5, 1.25]},
								"south": {"uv": [40, 15], "uv_size": [1, 1.25]},
								"west": {"uv": [45, 35], "uv_size": [0.5, 1.25]},
								"up": {"uv": [48, 10], "uv_size": [1, 0.5]},
								"down": {"uv": [11, 48.5], "uv_size": [1, -0.5]}
							}
						},
						{
							"origin": [3.1968, 0.1068, -2.76642],
							"size": [1.0464, 1.2864, 0.53284],
							"pivot": [4.68, 0.75, -2.5],
							"rotation": [45, 0, 0],
							"uv": {
								"north": {"uv": [16, 40], "uv_size": [1, 1.25]},
								"east": {"uv": [36, 45], "uv_size": [0.5, 1.25]},
								"south": {"uv": [17, 40], "uv_size": [1, 1.25]},
								"west": {"uv": [45, 37], "uv_size": [0.5, 1.25]},
								"up": {"uv": [48, 11], "uv_size": [1, 0.5]},
								"down": {"uv": [12, 48.5], "uv_size": [1, -0.5]}
							}
						},
						{
							"origin": [3.1968, 0.1068, -2.76642],
							"size": [1.0464, 1.2864, 0.53284],
							"uv": {
								"north": {"uv": [40, 17], "uv_size": [1, 1.25]},
								"east": {"uv": [40, 45], "uv_size": [0.5, 1.25]},
								"south": {"uv": [19, 40], "uv_size": [1, 1.25]},
								"west": {"uv": [45, 41], "uv_size": [0.5, 1.25]},
								"up": {"uv": [48, 12], "uv_size": [1, 0.5]},
								"down": {"uv": [13, 48.5], "uv_size": [1, -0.5]}
							}
						}
					]
				},
				{
					"name": "octagon6",
					"parent": "Cogs",
					"pivot": [0, 0.75, 2.5],
					"cubes": [
						{
							"origin": [3.1968, 0.48358, 1.8568],
							"size": [1.0464, 0.53284, 1.2864],
							"pivot": [4.68, 0.75, 2.5],
							"rotation": [-45, 0, 0],
							"uv": {
								"north": {"uv": [48, 13], "uv_size": [1, 0.5]},
								"east": {"uv": [45, 33], "uv_size": [1.25, 0.5]},
								"south": {"uv": [14, 48], "uv_size": [1, 0.5]},
								"west": {"uv": [45, 39], "uv_size": [1.25, 0.5]},
								"up": {"uv": [40, 19], "uv_size": [1, 1.25]},
								"down": {"uv": [20, 41.25], "uv_size": [1, -1.25]}
							}
						},
						{
							"origin": [3.1968, 0.48358, 1.8568],
							"size": [1.0464, 0.53284, 1.2864],
							"uv": {
								"north": {"uv": [48, 14], "uv_size": [1, 0.5]},
								"east": {"uv": [42, 45], "uv_size": [1.25, 0.5]},
								"south": {"uv": [15, 48], "uv_size": [1, 0.5]},
								"west": {"uv": [45, 43], "uv_size": [1.25, 0.5]},
								"up": {"uv": [21, 40], "uv_size": [1, 1.25]},
								"down": {"uv": [22, 41.25], "uv_size": [1, -1.25]}
							}
						},
						{
							"origin": [-4.2432, 0.1068, 2.23358],
							"size": [1.0464, 1.2864, 0.53284],
							"uv": {
								"north": {"uv": [23, 40], "uv_size": [1, 1.25]},
								"east": {"uv": [44, 45], "uv_size": [0.5, 1.25]},
								"south": {"uv": [24, 40], "uv_size": [1, 1.25]},
								"west": {"uv": [45, 45], "uv_size": [0.5, 1.25]},
								"up": {"uv": [48, 15], "uv_size": [1, 0.5]},
								"down": {"uv": [16, 48.5], "uv_size": [1, -0.5]}
							}
						},
						{
							"origin": [-4.2432, 0.48358, 1.8568],
							"size": [1.0464, 0.53284, 1.2864],
							"uv": {
								"north": {"uv": [48, 16], "uv_size": [1, 0.5]},
								"east": {"uv": [0, 46], "uv_size": [1.25, 0.5]},
								"south": {"uv": [17, 48], "uv_size": [1, 0.5]},
								"west": {"uv": [46, 0], "uv_size": [1.25, 0.5]},
								"up": {"uv": [25, 40], "uv_size": [1, 1.25]},
								"down": {"uv": [26, 41.25], "uv_size": [1, -1.25]}
							}
						},
						{
							"origin": [-4.2432, 0.48358, 1.8568],
							"size": [1.0464, 0.53284, 1.2864],
							"pivot": [-4.68, 0.75, 2.5],
							"rotation": [-45, 0, 0],
							"uv": {
								"north": {"uv": [48, 17], "uv_size": [1, 0.5]},
								"east": {"uv": [46, 1], "uv_size": [1.25, 0.5]},
								"south": {"uv": [18, 48], "uv_size": [1, 0.5]},
								"west": {"uv": [2, 46], "uv_size": [1.25, 0.5]},
								"up": {"uv": [27, 40], "uv_size": [1, 1.25]},
								"down": {"uv": [28, 41.25], "uv_size": [1, -1.25]}
							}
						},
						{
							"origin": [-4.2432, 0.1068, 2.23358],
							"size": [1.0464, 1.2864, 0.53284],
							"pivot": [-4.68, 0.75, 2.5],
							"rotation": [-45, 0, 0],
							"uv": {
								"north": {"uv": [40, 28], "uv_size": [1, 1.25]},
								"east": {"uv": [46, 2], "uv_size": [0.5, 1.25]},
								"south": {"uv": [29, 40], "uv_size": [1, 1.25]},
								"west": {"uv": [4, 46], "uv_size": [0.5, 1.25]},
								"up": {"uv": [48, 18], "uv_size": [1, 0.5]},
								"down": {"uv": [19, 48.5], "uv_size": [1, -0.5]}
							}
						},
						{
							"origin": [3.1968, 0.1068, 2.23358],
							"size": [1.0464, 1.2864, 0.53284],
							"pivot": [4.68, 0.75, 2.5],
							"rotation": [-45, 0, 0],
							"uv": {
								"north": {"uv": [30, 40], "uv_size": [1, 1.25]},
								"east": {"uv": [46, 4], "uv_size": [0.5, 1.25]},
								"south": {"uv": [40, 30], "uv_size": [1, 1.25]},
								"west": {"uv": [5, 46], "uv_size": [0.5, 1.25]},
								"up": {"uv": [48, 19], "uv_size": [1, 0.5]},
								"down": {"uv": [20, 48.5], "uv_size": [1, -0.5]}
							}
						},
						{
							"origin": [3.1968, 0.1068, 2.23358],
							"size": [1.0464, 1.2864, 0.53284],
							"uv": {
								"north": {"uv": [31, 40], "uv_size": [1, 1.25]},
								"east": {"uv": [6, 46], "uv_size": [0.5, 1.25]},
								"south": {"uv": [32, 40], "uv_size": [1, 1.25]},
								"west": {"uv": [46, 6], "uv_size": [0.5, 1.25]},
								"up": {"uv": [48, 20], "uv_size": [1, 0.5]},
								"down": {"uv": [21, 48.5], "uv_size": [1, -0.5]}
							}
						}
					]
				},
				{
					"name": "octagon8",
					"parent": "Cogs",
					"pivot": [0, 0.75, 1],
					"cubes": [
						{
							"origin": [3.1968, 0.48358, 0.3568],
							"size": [1.0464, 0.53284, 1.2864],
							"pivot": [4.68, 0.75, 1],
							"rotation": [-45, 0, 0],
							"uv": {
								"north": {"uv": [31, 48], "uv_size": [1, 0.5]},
								"east": {"uv": [46, 24], "uv_size": [1.25, 0.5]},
								"south": {"uv": [48, 31], "uv_size": [1, 0.5]},
								"west": {"uv": [27, 46], "uv_size": [1.25, 0.5]},
								"up": {"uv": [41, 19], "uv_size": [1, 1.25]},
								"down": {"uv": [41, 29.25], "uv_size": [1, -1.25]}
							}
						},
						{
							"origin": [3.1968, 0.48358, 0.3568],
							"size": [1.0464, 0.53284, 1.2864],
							"uv": {
								"north": {"uv": [32, 48], "uv_size": [1, 0.5]},
								"east": {"uv": [46, 29], "uv_size": [1.25, 0.5]},
								"south": {"uv": [48, 32], "uv_size": [1, 0.5]},
								"west": {"uv": [30, 46], "uv_size": [1.25, 0.5]},
								"up": {"uv": [41, 30], "uv_size": [1, 1.25]},
								"down": {"uv": [41, 33.25], "uv_size": [1, -1.25]}
							}
						},
						{
							"origin": [-4.2432, 0.1068, 0.73358],
							"size": [1.0464, 1.2864, 0.53284],
							"uv": {
								"north": {"uv": [34, 41], "uv_size": [1, 1.25]},
								"east": {"uv": [32, 46], "uv_size": [0.5, 1.25]},
								"south": {"uv": [35, 41], "uv_size": [1, 1.25]},
								"west": {"uv": [33, 46], "uv_size": [0.5, 1.25]},
								"up": {"uv": [33, 48], "uv_size": [1, 0.5]},
								"down": {"uv": [48, 33.5], "uv_size": [1, -0.5]}
							}
						},
						{
							"origin": [-4.2432, 0.48358, 0.3568],
							"size": [1.0464, 0.53284, 1.2864],
							"uv": {
								"north": {"uv": [34, 48], "uv_size": [1, 0.5]},
								"east": {"uv": [46, 30], "uv_size": [1.25, 0.5]},
								"south": {"uv": [48, 34], "uv_size": [1, 0.5]},
								"west": {"uv": [46, 34], "uv_size": [1.25, 0.5]},
								"up": {"uv": [36, 41], "uv_size": [1, 1.25]},
								"down": {"uv": [41, 37.25], "uv_size": [1, -1.25]}
							}
						},
						{
							"origin": [-4.2432, 0.48358, 0.3568],
							"size": [1.0464, 0.53284, 1.2864],
							"pivot": [-4.68, 0.75, 1],
							"rotation": [-45, 0, 0],
							"uv": {
								"north": {"uv": [35, 48], "uv_size": [1, 0.5]},
								"east": {"uv": [46, 35], "uv_size": [1.25, 0.5]},
								"south": {"uv": [48, 35], "uv_size": [1, 0.5]},
								"west": {"uv": [46, 36], "uv_size": [1.25, 0.5]},
								"up": {"uv": [41, 38], "uv_size": [1, 1.25]},
								"down": {"uv": [41, 41.25], "uv_size": [1, -1.25]}
							}
						},
						{
							"origin": [-4.2432, 0.1068, 0.73358],
							"size": [1.0464, 1.2864, 0.53284],
							"pivot": [-4.68, 0.75, 1],
							"rotation": [-45, 0, 0],
							"uv": {
								"north": {"uv": [0, 42], "uv_size": [1, 1.25]},
								"east": {"uv": [34, 46], "uv_size": [0.5, 1.25]},
								"south": {"uv": [1, 42], "uv_size": [1, 1.25]},
								"west": {"uv": [37, 46], "uv_size": [0.5, 1.25]},
								"up": {"uv": [36, 48], "uv_size": [1, 0.5]},
								"down": {"uv": [48, 36.5], "uv_size": [1, -0.5]}
							}
						},
						{
							"origin": [3.1968, 0.1068, 0.73358],
							"size": [1.0464, 1.2864, 0.53284],
							"pivot": [4.68, 0.75, 1],
							"rotation": [-45, 0, 0],
							"uv": {
								"north": {"uv": [2, 42], "uv_size": [1, 1.25]},
								"east": {"uv": [46, 37], "uv_size": [0.5, 1.25]},
								"south": {"uv": [3, 42], "uv_size": [1, 1.25]},
								"west": {"uv": [38, 46], "uv_size": [0.5, 1.25]},
								"up": {"uv": [37, 48], "uv_size": [1, 0.5]},
								"down": {"uv": [48, 37.5], "uv_size": [1, -0.5]}
							}
						},
						{
							"origin": [3.1968, 0.1068, 0.73358],
							"size": [1.0464, 1.2864, 0.53284],
							"uv": {
								"north": {"uv": [42, 3], "uv_size": [1, 1.25]},
								"east": {"uv": [39, 46], "uv_size": [0.5, 1.25]},
								"south": {"uv": [4, 42], "uv_size": [1, 1.25]},
								"west": {"uv": [46, 40], "uv_size": [0.5, 1.25]},
								"up": {"uv": [38, 48], "uv_size": [1, 0.5]},
								"down": {"uv": [48, 38.5], "uv_size": [1, -0.5]}
							}
						}
					]
				},
				{
					"name": "octagon9",
					"parent": "Cogs",
					"pivot": [0.875, 2.375, -3.375],
					"cubes": [
						{
							"origin": [3.3685, 2.16719, -3.8767],
							"size": [0.81619, 0.41562, 1.00339],
							"pivot": [4.5254, 2.375, -3.375],
							"rotation": [-45, 0, 0],
							"uv": {
								"north": {"uv": [50, 6], "uv_size": [0.75, 0.5]},
								"east": {"uv": [39, 48], "uv_size": [1, 0.5]},
								"south": {"uv": [50, 7], "uv_size": [0.75, 0.5]},
								"west": {"uv": [48, 39], "uv_size": [1, 0.5]},
								"up": {"uv": [11, 22], "uv_size": [0.75, 1]},
								"down": {"uv": [31, 34], "uv_size": [0.75, -1]}
							}
						},
						{
							"origin": [3.3685, 2.16719, -3.8767],
							"size": [0.81619, 0.41562, 1.00339],
							"uv": {
								"north": {"uv": [8, 50], "uv_size": [0.75, 0.5]},
								"east": {"uv": [40, 48], "uv_size": [1, 0.5]},
								"south": {"uv": [50, 8], "uv_size": [0.75, 0.5]},
								"west": {"uv": [48, 40], "uv_size": [1, 0.5]},
								"up": {"uv": [38, 20], "uv_size": [0.75, 1]},
								"down": {"uv": [42, 39], "uv_size": [0.75, -1]}
							}
						},
						{
							"origin": [-4.1847, 1.8733, -3.58281],
							"size": [0.81619, 1.00339, 0.41562],
							"uv": {
								"north": {"uv": [39, 42], "uv_size": [0.75, 1]},
								"east": {"uv": [41, 48], "uv_size": [0.5, 1]},
								"south": {"uv": [42, 39], "uv_size": [0.75, 1]},
								"west": {"uv": [48, 41], "uv_size": [0.5, 1]},
								"up": {"uv": [9, 50], "uv_size": [0.75, 0.5]},
								"down": {"uv": [50, 9.5], "uv_size": [0.75, -0.5]}
							}
						},
						{
							"origin": [-4.1847, 2.16719, -3.8767],
							"size": [0.81619, 0.41562, 1.00339],
							"uv": {
								"north": {"uv": [10, 50], "uv_size": [0.75, 0.5]},
								"east": {"uv": [42, 48], "uv_size": [1, 0.5]},
								"south": {"uv": [50, 10], "uv_size": [0.75, 0.5]},
								"west": {"uv": [48, 42], "uv_size": [1, 0.5]},
								"up": {"uv": [40, 42], "uv_size": [0.75, 1]},
								"down": {"uv": [42, 41], "uv_size": [0.75, -1]}
							}
						},
						{
							"origin": [-4.1847, 2.16719, -3.8767],
							"size": [0.81619, 0.41562, 1.00339],
							"pivot": [-4.5254, 2.375, -3.375],
							"rotation": [-45, 0, 0],
							"uv": {
								"north": {"uv": [11, 50], "uv_size": [0.75, 0.5]},
								"east": {"uv": [43, 48], "uv_size": [1, 0.5]},
								"south": {"uv": [50, 11], "uv_size": [0.75, 0.5]},
								"west": {"uv": [48, 43], "uv_size": [1, 0.5]},
								"up": {"uv": [41, 42], "uv_size": [0.75, 1]},
								"down": {"uv": [42, 42], "uv_size": [0.75, -1]}
							}
						},
						{
							"origin": [-4.1847, 1.8733, -3.58281],
							"size": [0.81619, 1.00339, 0.41562],
							"pivot": [-4.5254, 2.375, -3.375],
							"rotation": [-45, 0, 0],
							"uv": {
								"north": {"uv": [42, 42], "uv_size": [0.75, 1]},
								"east": {"uv": [44, 48], "uv_size": [0.5, 1]},
								"south": {"uv": [43, 3], "uv_size": [0.75, 1]},
								"west": {"uv": [48, 44], "uv_size": [0.5, 1]},
								"up": {"uv": [12, 50], "uv_size": [0.75, 0.5]},
								"down": {"uv": [50, 12.5], "uv_size": [0.75, -0.5]}
							}
						},
						{
							"origin": [3.3685, 1.8733, -3.58281],
							"size": [0.81619, 1.00339, 0.41562],
							"pivot": [4.5254, 2.375, -3.375],
							"rotation": [-45, 0, 0],
							"uv": {
								"north": {"uv": [43, 4], "uv_size": [0.75, 1]},
								"east": {"uv": [45, 48], "uv_size": [0.5, 1]},
								"south": {"uv": [43, 5], "uv_size": [0.75, 1]},
								"west": {"uv": [48, 45], "uv_size": [0.5, 1]},
								"up": {"uv": [13, 50], "uv_size": [0.75, 0.5]},
								"down": {"uv": [50, 13.5], "uv_size": [0.75, -0.5]}
							}
						},
						{
							"origin": [3.3685, 1.8733, -3.58281],
							"size": [0.81619, 1.00339, 0.41562],
							"uv": {
								"north": {"uv": [43, 6], "uv_size": [0.75, 1]},
								"east": {"uv": [46, 48], "uv_size": [0.5, 1]},
								"south": {"uv": [43, 7], "uv_size": [0.75, 1]},
								"west": {"uv": [48, 46], "uv_size": [0.5, 1]},
								"up": {"uv": [14, 50], "uv_size": [0.75, 0.5]},
								"down": {"uv": [15, 50.5], "uv_size": [0.75, -0.5]}
							}
						}
					]
				},
				{
					"name": "octagon11",
					"parent": "Cogs",
					"pivot": [0.875, 2.375, 0],
					"cubes": [
						{
							"origin": [3.3685, 2.16719, -0.5017],
							"size": [0.81619, 0.41562, 1.00339],
							"pivot": [4.5254, 2.375, 0],
							"rotation": [-45, 0, 0],
							"uv": {
								"north": {"uv": [32, 50], "uv_size": [0.75, 0.5]},
								"east": {"uv": [49, 6], "uv_size": [1, 0.5]},
								"south": {"uv": [33, 50], "uv_size": [0.75, 0.5]},
								"west": {"uv": [7, 49], "uv_size": [1, 0.5]},
								"up": {"uv": [25, 43], "uv_size": [0.75, 1]},
								"down": {"uv": [26, 44], "uv_size": [0.75, -1]}
							}
						},
						{
							"origin": [3.3685, 2.16719, -0.5017],
							"size": [0.81619, 0.41562, 1.00339],
							"uv": {
								"north": {"uv": [34, 50], "uv_size": [0.75, 0.5]},
								"east": {"uv": [49, 7], "uv_size": [1, 0.5]},
								"south": {"uv": [35, 50], "uv_size": [0.75, 0.5]},
								"west": {"uv": [8, 49], "uv_size": [1, 0.5]},
								"up": {"uv": [27, 43], "uv_size": [0.75, 1]},
								"down": {"uv": [28, 44], "uv_size": [0.75, -1]}
							}
						},
						{
							"origin": [-4.1847, 1.8733, -0.20781],
							"size": [0.81619, 1.00339, 0.41562],
							"uv": {
								"north": {"uv": [29, 43], "uv_size": [0.75, 1]},
								"east": {"uv": [49, 8], "uv_size": [0.5, 1]},
								"south": {"uv": [30, 43], "uv_size": [0.75, 1]},
								"west": {"uv": [9, 49], "uv_size": [0.5, 1]},
								"up": {"uv": [36, 50], "uv_size": [0.75, 0.5]},
								"down": {"uv": [37, 50.5], "uv_size": [0.75, -0.5]}
							}
						},
						{
							"origin": [-4.1847, 2.16719, -0.5017],
							"size": [0.81619, 0.41562, 1.00339],
							"uv": {
								"north": {"uv": [38, 50], "uv_size": [0.75, 0.5]},
								"east": {"uv": [49, 9], "uv_size": [1, 0.5]},
								"south": {"uv": [39, 50], "uv_size": [0.75, 0.5]},
								"west": {"uv": [10, 49], "uv_size": [1, 0.5]},
								"up": {"uv": [31, 43], "uv_size": [0.75, 1]},
								"down": {"uv": [32, 44], "uv_size": [0.75, -1]}
							}
						},
						{
							"origin": [-4.1847, 2.16719, -0.5017],
							"size": [0.81619, 0.41562, 1.00339],
							"pivot": [-4.5254, 2.375, 0],
							"rotation": [-45, 0, 0],
							"uv": {
								"north": {"uv": [40, 50], "uv_size": [0.75, 0.5]},
								"east": {"uv": [49, 10], "uv_size": [1, 0.5]},
								"south": {"uv": [41, 50], "uv_size": [0.75, 0.5]},
								"west": {"uv": [11, 49], "uv_size": [1, 0.5]},
								"up": {"uv": [33, 43], "uv_size": [0.75, 1]},
								"down": {"uv": [34, 44], "uv_size": [0.75, -1]}
							}
						},
						{
							"origin": [-4.1847, 1.8733, -0.20781],
							"size": [0.81619, 1.00339, 0.41562],
							"pivot": [-4.5254, 2.375, 0],
							"rotation": [-45, 0, 0],
							"uv": {
								"north": {"uv": [35, 43], "uv_size": [0.75, 1]},
								"east": {"uv": [49, 11], "uv_size": [0.5, 1]},
								"south": {"uv": [36, 43], "uv_size": [0.75, 1]},
								"west": {"uv": [12, 49], "uv_size": [0.5, 1]},
								"up": {"uv": [50, 41], "uv_size": [0.75, 0.5]},
								"down": {"uv": [42, 50.5], "uv_size": [0.75, -0.5]}
							}
						},
						{
							"origin": [3.3685, 1.8733, -0.20781],
							"size": [0.81619, 1.00339, 0.41562],
							"pivot": [4.5254, 2.375, 0],
							"rotation": [-45, 0, 0],
							"uv": {
								"north": {"uv": [37, 43], "uv_size": [0.75, 1]},
								"east": {"uv": [49, 12], "uv_size": [0.5, 1]},
								"south": {"uv": [38, 43], "uv_size": [0.75, 1]},
								"west": {"uv": [13, 49], "uv_size": [0.5, 1]},
								"up": {"uv": [50, 42], "uv_size": [0.75, 0.5]},
								"down": {"uv": [43, 50.5], "uv_size": [0.75, -0.5]}
							}
						},
						{
							"origin": [3.3685, 1.8733, -0.20781],
							"size": [0.81619, 1.00339, 0.41562],
							"uv": {
								"north": {"uv": [43, 38], "uv_size": [0.75, 1]},
								"east": {"uv": [49, 13], "uv_size": [0.5, 1]},
								"south": {"uv": [39, 43], "uv_size": [0.75, 1]},
								"west": {"uv": [14, 49], "uv_size": [0.5, 1]},
								"up": {"uv": [44, 50], "uv_size": [0.75, 0.5]},
								"down": {"uv": [45, 50.5], "uv_size": [0.75, -0.5]}
							}
						}
					]
				},
				{
					"name": "octagon10",
					"parent": "Cogs",
					"pivot": [0.875, 2.375, 3.5],
					"cubes": [
						{
							"origin": [3.3685, 2.16719, 2.9983],
							"size": [0.81619, 0.41562, 1.00339],
							"pivot": [4.5254, 2.375, 3.5],
							"rotation": [-45, 0, 0],
							"uv": {
								"north": {"uv": [16, 50], "uv_size": [0.75, 0.5]},
								"east": {"uv": [47, 48], "uv_size": [1, 0.5]},
								"south": {"uv": [17, 50], "uv_size": [0.75, 0.5]},
								"west": {"uv": [48, 47], "uv_size": [1, 0.5]},
								"up": {"uv": [10, 43], "uv_size": [0.75, 1]},
								"down": {"uv": [11, 44], "uv_size": [0.75, -1]}
							}
						},
						{
							"origin": [3.3685, 2.16719, 2.9983],
							"size": [0.81619, 0.41562, 1.00339],
							"uv": {
								"north": {"uv": [18, 50], "uv_size": [0.75, 0.5]},
								"east": {"uv": [48, 48], "uv_size": [1, 0.5]},
								"south": {"uv": [19, 50], "uv_size": [0.75, 0.5]},
								"west": {"uv": [0, 49], "uv_size": [1, 0.5]},
								"up": {"uv": [12, 43], "uv_size": [0.75, 1]},
								"down": {"uv": [13, 44], "uv_size": [0.75, -1]}
							}
						},
						{
							"origin": [-4.1847, 1.8733, 3.29219],
							"size": [0.81619, 1.00339, 0.41562],
							"uv": {
								"north": {"uv": [14, 43], "uv_size": [0.75, 1]},
								"east": {"uv": [49, 0], "uv_size": [0.5, 1]},
								"south": {"uv": [15, 43], "uv_size": [0.75, 1]},
								"west": {"uv": [1, 49], "uv_size": [0.5, 1]},
								"up": {"uv": [20, 50], "uv_size": [0.75, 0.5]},
								"down": {"uv": [21, 50.5], "uv_size": [0.75, -0.5]}
							}
						},
						{
							"origin": [-4.1847, 2.16719, 2.9983],
							"size": [0.81619, 0.41562, 1.00339],
							"uv": {
								"north": {"uv": [22, 50], "uv_size": [0.75, 0.5]},
								"east": {"uv": [49, 1], "uv_size": [1, 0.5]},
								"south": {"uv": [23, 50], "uv_size": [0.75, 0.5]},
								"west": {"uv": [2, 49], "uv_size": [1, 0.5]},
								"up": {"uv": [16, 43], "uv_size": [0.75, 1]},
								"down": {"uv": [17, 44], "uv_size": [0.75, -1]}
							}
						},
						{
							"origin": [-4.1847, 2.16719, 2.9983],
							"size": [0.81619, 0.41562, 1.00339],
							"pivot": [-4.5254, 2.375, 3.5],
							"rotation": [-45, 0, 0],
							"uv": {
								"north": {"uv": [24, 50], "uv_size": [0.75, 0.5]},
								"east": {"uv": [49, 2], "uv_size": [1, 0.5]},
								"south": {"uv": [25, 50], "uv_size": [0.75, 0.5]},
								"west": {"uv": [3, 49], "uv_size": [1, 0.5]},
								"up": {"uv": [18, 43], "uv_size": [0.75, 1]},
								"down": {"uv": [19, 44], "uv_size": [0.75, -1]}
							}
						},
						{
							"origin": [-4.1847, 1.8733, 3.29219],
							"size": [0.81619, 1.00339, 0.41562],
							"pivot": [-4.5254, 2.375, 3.5],
							"rotation": [-45, 0, 0],
							"uv": {
								"north": {"uv": [20, 43], "uv_size": [0.75, 1]},
								"east": {"uv": [49, 3], "uv_size": [0.5, 1]},
								"south": {"uv": [21, 43], "uv_size": [0.75, 1]},
								"west": {"uv": [4, 49], "uv_size": [0.5, 1]},
								"up": {"uv": [26, 50], "uv_size": [0.75, 0.5]},
								"down": {"uv": [27, 50.5], "uv_size": [0.75, -0.5]}
							}
						},
						{
							"origin": [3.3685, 1.8733, 3.29219],
							"size": [0.81619, 1.00339, 0.41562],
							"pivot": [4.5254, 2.375, 3.5],
							"rotation": [-45, 0, 0],
							"uv": {
								"north": {"uv": [22, 43], "uv_size": [0.75, 1]},
								"east": {"uv": [49, 4], "uv_size": [0.5, 1]},
								"south": {"uv": [23, 43], "uv_size": [0.75, 1]},
								"west": {"uv": [5, 49], "uv_size": [0.5, 1]},
								"up": {"uv": [28, 50], "uv_size": [0.75, 0.5]},
								"down": {"uv": [29, 50.5], "uv_size": [0.75, -0.5]}
							}
						},
						{
							"origin": [3.3685, 1.8733, 3.29219],
							"size": [0.81619, 1.00339, 0.41562],
							"uv": {
								"north": {"uv": [24, 43], "uv_size": [0.75, 1]},
								"east": {"uv": [49, 5], "uv_size": [0.5, 1]},
								"south": {"uv": [43, 24], "uv_size": [0.75, 1]},
								"west": {"uv": [6, 49], "uv_size": [0.5, 1]},
								"up": {"uv": [30, 50], "uv_size": [0.75, 0.5]},
								"down": {"uv": [31, 50.5], "uv_size": [0.75, -0.5]}
							}
						}
					]
				},
				{
					"name": "octagon7",
					"parent": "Cogs",
					"pivot": [0, 0.75, -1],
					"cubes": [
						{
							"origin": [3.1968, 0.48358, -1.6432],
							"size": [1.0464, 0.53284, 1.2864],
							"pivot": [4.68, 0.75, -1],
							"rotation": [45, 0, 0],
							"uv": {
								"north": {"uv": [22, 48], "uv_size": [1, 0.5]},
								"east": {"uv": [8, 46], "uv_size": [1.25, 0.5]},
								"south": {"uv": [23, 48], "uv_size": [1, 0.5]},
								"west": {"uv": [46, 8], "uv_size": [1.25, 0.5]},
								"up": {"uv": [40, 32], "uv_size": [1, 1.25]},
								"down": {"uv": [33, 41.25], "uv_size": [1, -1.25]}
							}
						},
						{
							"origin": [3.1968, 0.48358, -1.6432],
							"size": [1.0464, 0.53284, 1.2864],
							"uv": {
								"north": {"uv": [24, 48], "uv_size": [1, 0.5]},
								"east": {"uv": [10, 46], "uv_size": [1.25, 0.5]},
								"south": {"uv": [48, 24], "uv_size": [1, 0.5]},
								"west": {"uv": [46, 11], "uv_size": [1.25, 0.5]},
								"up": {"uv": [40, 36], "uv_size": [1, 1.25]},
								"down": {"uv": [37, 41.25], "uv_size": [1, -1.25]}
							}
						},
						{
							"origin": [-4.2432, 0.1068, -1.26642],
							"size": [1.0464, 1.2864, 0.53284],
							"uv": {
								"north": {"uv": [38, 40], "uv_size": [1, 1.25]},
								"east": {"uv": [12, 46], "uv_size": [0.5, 1.25]},
								"south": {"uv": [40, 38], "uv_size": [1, 1.25]},
								"west": {"uv": [46, 12], "uv_size": [0.5, 1.25]},
								"up": {"uv": [25, 48], "uv_size": [1, 0.5]},
								"down": {"uv": [48, 25.5], "uv_size": [1, -0.5]}
							}
						},
						{
							"origin": [-4.2432, 0.48358, -1.6432],
							"size": [1.0464, 0.53284, 1.2864],
							"uv": {
								"north": {"uv": [26, 48], "uv_size": [1, 0.5]},
								"east": {"uv": [13, 46], "uv_size": [1.25, 0.5]},
								"south": {"uv": [48, 26], "uv_size": [1, 0.5]},
								"west": {"uv": [15, 46], "uv_size": [1.25, 0.5]},
								"up": {"uv": [39, 40], "uv_size": [1, 1.25]},
								"down": {"uv": [40, 41.25], "uv_size": [1, -1.25]}
							}
						},
						{
							"origin": [-4.2432, 0.48358, -1.6432],
							"size": [1.0464, 0.53284, 1.2864],
							"pivot": [-4.68, 0.75, -1],
							"rotation": [45, 0, 0],
							"uv": {
								"north": {"uv": [27, 48], "uv_size": [1, 0.5]},
								"east": {"uv": [46, 16], "uv_size": [1.25, 0.5]},
								"south": {"uv": [48, 27], "uv_size": [1, 0.5]},
								"west": {"uv": [46, 17], "uv_size": [1.25, 0.5]},
								"up": {"uv": [41, 3], "uv_size": [1, 1.25]},
								"down": {"uv": [41, 6.25], "uv_size": [1, -1.25]}
							}
						},
						{
							"origin": [-4.2432, 0.1068, -1.26642],
							"size": [1.0464, 1.2864, 0.53284],
							"pivot": [-4.68, 0.75, -1],
							"rotation": [45, 0, 0],
							"uv": {
								"north": {"uv": [41, 7], "uv_size": [1, 1.25]},
								"east": {"uv": [46, 18], "uv_size": [0.5, 1.25]},
								"south": {"uv": [41, 11], "uv_size": [1, 1.25]},
								"west": {"uv": [19, 46], "uv_size": [0.5, 1.25]},
								"up": {"uv": [28, 48], "uv_size": [1, 0.5]},
								"down": {"uv": [48, 28.5], "uv_size": [1, -0.5]}
							}
						},
						{
							"origin": [3.1968, 0.1068, -1.26642],
							"size": [1.0464, 1.2864, 0.53284],
							"pivot": [4.68, 0.75, -1],
							"rotation": [45, 0, 0],
							"uv": {
								"north": {"uv": [41, 13], "uv_size": [1, 1.25]},
								"east": {"uv": [20, 46], "uv_size": [0.5, 1.25]},
								"south": {"uv": [41, 15], "uv_size": [1, 1.25]},
								"west": {"uv": [21, 46], "uv_size": [0.5, 1.25]},
								"up": {"uv": [29, 48], "uv_size": [1, 0.5]},
								"down": {"uv": [48, 29.5], "uv_size": [1, -0.5]}
							}
						},
						{
							"origin": [3.1968, 0.1068, -1.26642],
							"size": [1.0464, 1.2864, 0.53284],
							"uv": {
								"north": {"uv": [41, 17], "uv_size": [1, 1.25]},
								"east": {"uv": [22, 46], "uv_size": [0.5, 1.25]},
								"south": {"uv": [18, 41], "uv_size": [1, 1.25]},
								"west": {"uv": [23, 46], "uv_size": [0.5, 1.25]},
								"up": {"uv": [30, 48], "uv_size": [1, 0.5]},
								"down": {"uv": [48, 30.5], "uv_size": [1, -0.5]}
							}
						}
					]
				}
			]
		}
	]
}
