{
	"format_version": "1.12.0",
	"minecraft:geometry": [
		{
			"description": {
				"identifier": "geometry.mt_alligator",
				"texture_width": 128,
				"texture_height": 128,
				"visible_bounds_width": 10.5,
				"visible_bounds_height": 10.5,
				"visible_bounds_offset": [0, 0.25, 0]
			},
			"bones": [
				{
					"name": "LeftTrack",
					"pivot": [3.50184, 1.3469, -0.06881],
					"cubes": [
						{
							"origin": [2.75, 0, -4.75],
							"size": [1, 0.25, 9.5],
							"uv": {
								"north": {"uv": [49, 68], "uv_size": [1, 0.25]},
								"east": {"uv": [46, 20], "uv_size": [9.5, 0.25]},
								"south": {"uv": [53, 68], "uv_size": [1, 0.25]},
								"west": {"uv": [47, 41], "uv_size": [9.5, 0.25]},
								"up": {"uv": [20, 28], "uv_size": [1, 9.5]},
								"down": {"uv": [22, 37.5], "uv_size": [1, -9.5]}
							}
						},
						{
							"origin": [2.75, 0, 4.75],
							"size": [1, 0.25, 1.75],
							"pivot": [4.25, 0, 4.75],
							"rotation": [37.5, 0, 0],
							"uv": {
								"north": {"uv": [68, 53], "uv_size": [1, 0.25]},
								"east": {"uv": [67, 51], "uv_size": [1.75, 0.25]},
								"south": {"uv": [55, 68], "uv_size": [1, 0.25]},
								"west": {"uv": [67, 55], "uv_size": [1.75, 0.25]},
								"up": {"uv": [8, 49], "uv_size": [1, 1.75]},
								"down": {"uv": [49, 13.75], "uv_size": [1, -1.75]}
							}
						},
						{
							"origin": [2.75, 1.3347, -7.13884],
							"size": [1, 0.25, 0.5],
							"pivot": [4.25, 1.3347, -6.63884],
							"rotation": [-90, 0, 0],
							"uv": {
								"north": {"uv": [69, 2], "uv_size": [1, 0.25]},
								"east": {"uv": [20, 74], "uv_size": [0.5, 0.25]},
								"south": {"uv": [4, 69], "uv_size": [1, 0.25]},
								"west": {"uv": [74, 20], "uv_size": [0.5, 0.25]},
								"up": {"uv": [43, 66], "uv_size": [1, 0.5]},
								"down": {"uv": [45, 66.5], "uv_size": [1, -0.5]}
							}
						},
						{
							"origin": [2.75614, 1.48664, 6.40756],
							"size": [1, 0.25, 0.5],
							"pivot": [4.25614, 1.48664, 6.40756],
							"rotation": [90, 0, 0],
							"uv": {
								"north": {"uv": [59, 68], "uv_size": [1, 0.25]},
								"east": {"uv": [74, 14], "uv_size": [0.5, 0.25]},
								"south": {"uv": [61, 68], "uv_size": [1, 0.25]},
								"west": {"uv": [16, 74], "uv_size": [0.5, 0.25]},
								"up": {"uv": [34, 66], "uv_size": [1, 0.5]},
								"down": {"uv": [39, 66.5], "uv_size": [1, -0.5]}
							}
						},
						{
							"origin": [2.75, 0.80806, -6.92727],
							"size": [1, 0.25, 0.625],
							"pivot": [4.25, 0.80806, -6.30227],
							"rotation": [-57.41744, 0, 0],
							"uv": {
								"north": {"uv": [69, 8], "uv_size": [1, 0.25]},
								"east": {"uv": [73, 68], "uv_size": [0.75, 0.25]},
								"south": {"uv": [69, 10], "uv_size": [1, 0.25]},
								"west": {"uv": [69, 73], "uv_size": [0.75, 0.25]},
								"up": {"uv": [24, 54], "uv_size": [1, 0.75]},
								"down": {"uv": [54, 26.75], "uv_size": [1, -0.75]}
							}
						},
						{
							"origin": [2.75, 1.06533, 6.13837],
							"size": [1, 0.25, 0.5],
							"pivot": [4.25, 1.06533, 6.13837],
							"rotation": [57.41744, 0, 0],
							"uv": {
								"north": {"uv": [57, 68], "uv_size": [1, 0.25]},
								"east": {"uv": [74, 12], "uv_size": [0.5, 0.25]},
								"south": {"uv": [68, 57], "uv_size": [1, 0.25]},
								"west": {"uv": [14, 74], "uv_size": [0.5, 0.25]},
								"up": {"uv": [29, 66], "uv_size": [1, 0.5]},
								"down": {"uv": [66, 33.5], "uv_size": [1, -0.5]}
							}
						},
						{
							"origin": [2.75, 0, -6.5],
							"size": [1, 0.25, 1.75],
							"pivot": [4.25, 0, -4.75],
							"rotation": [-27.5, 0, 0],
							"uv": {
								"north": {"uv": [19, 69], "uv_size": [1, 0.25]},
								"east": {"uv": [67, 59], "uv_size": [1.75, 0.25]},
								"south": {"uv": [24, 69], "uv_size": [1, 0.25]},
								"west": {"uv": [67, 61], "uv_size": [1.75, 0.25]},
								"up": {"uv": [49, 17], "uv_size": [1, 1.75]},
								"down": {"uv": [18, 50.75], "uv_size": [1, -1.75]}
							}
						},
						{
							"origin": [2.75, 1.8347, -7.38884],
							"size": [1, 0.25, 0.75],
							"pivot": [4.25, 1.8347, -6.63884],
							"rotation": [-132.5, 0, 0],
							"uv": {
								"north": {"uv": [69, 0], "uv_size": [1, 0.25]},
								"east": {"uv": [73, 66], "uv_size": [0.75, 0.25]},
								"south": {"uv": [2, 69], "uv_size": [1, 0.25]},
								"west": {"uv": [67, 73], "uv_size": [0.75, 0.25]},
								"up": {"uv": [54, 9], "uv_size": [1, 0.75]},
								"down": {"uv": [54, 14.75], "uv_size": [1, -0.75]}
							}
						},
						{
							"origin": [2.75614, 1.98664, 6.40756],
							"size": [1, 0.25, 0.5],
							"pivot": [4.25614, 1.98664, 6.40756],
							"rotation": [127.5, 0, 0],
							"uv": {
								"north": {"uv": [63, 68], "uv_size": [1, 0.25]},
								"east": {"uv": [74, 16], "uv_size": [0.5, 0.25]},
								"south": {"uv": [68, 63], "uv_size": [1, 0.25]},
								"west": {"uv": [74, 18], "uv_size": [0.5, 0.25]},
								"up": {"uv": [66, 40], "uv_size": [1, 0.5]},
								"down": {"uv": [41, 66.5], "uv_size": [1, -0.5]}
							}
						},
						{
							"origin": [2.75614, 2.13331, -6.14682],
							"size": [1, 0.25, 12.25],
							"uv": {
								"north": {"uv": [68, 65], "uv_size": [1, 0.25]},
								"east": {"uv": [40, 26], "uv_size": [12.25, 0.25]},
								"south": {"uv": [0, 69], "uv_size": [1, 0.25]},
								"west": {"uv": [40, 34], "uv_size": [12.25, 0.25]},
								"up": {"uv": [21, 14], "uv_size": [1, 12.25]},
								"down": {"uv": [7, 34.25], "uv_size": [1, -12.25]}
							}
						}
					]
				},
				{
					"name": "RightTrack",
					"pivot": [-3.50184, 1.3469, -0.06881],
					"cubes": [
						{
							"origin": [-3.75, 0, -4.75],
							"size": [1, 0.25, 9.5],
							"uv": {
								"north": {"uv": [69, 28], "uv_size": [1, 0.25]},
								"east": {"uv": [47, 43], "uv_size": [9.5, 0.25]},
								"south": {"uv": [30, 69], "uv_size": [1, 0.25]},
								"west": {"uv": [47, 45], "uv_size": [9.5, 0.25]},
								"up": {"uv": [24, 28], "uv_size": [1, 9.5]},
								"down": {"uv": [26, 37.5], "uv_size": [1, -9.5]}
							}
						},
						{
							"origin": [-3.75, 0, 4.75],
							"size": [1, 0.25, 1.75],
							"pivot": [-4.25, 0, 4.75],
							"rotation": [37.5, 0, 0],
							"uv": {
								"north": {"uv": [69, 30], "uv_size": [1, 0.25]},
								"east": {"uv": [66, 67], "uv_size": [1.75, 0.25]},
								"south": {"uv": [69, 34], "uv_size": [1, 0.25]},
								"west": {"uv": [68, 4], "uv_size": [1.75, 0.25]},
								"up": {"uv": [26, 49], "uv_size": [1, 1.75]},
								"down": {"uv": [49, 32.75], "uv_size": [1, -1.75]}
							}
						},
						{
							"origin": [-3.75, 1.3347, -7.13884],
							"size": [1, 0.25, 0.5],
							"pivot": [-4.25, 1.3347, -6.63884],
							"rotation": [-90, 0, 0],
							"uv": {
								"north": {"uv": [35, 69], "uv_size": [1, 0.25]},
								"east": {"uv": [74, 22], "uv_size": [0.5, 0.25]},
								"south": {"uv": [69, 36], "uv_size": [1, 0.25]},
								"west": {"uv": [24, 74], "uv_size": [0.5, 0.25]},
								"up": {"uv": [66, 47], "uv_size": [1, 0.5]},
								"down": {"uv": [54, 66.5], "uv_size": [1, -0.5]}
							}
						},
						{
							"origin": [-3.75614, 1.48664, 6.40756],
							"size": [1, 0.25, 0.5],
							"pivot": [-4.25614, 1.48664, 6.40756],
							"rotation": [90, 0, 0],
							"uv": {
								"north": {"uv": [69, 41], "uv_size": [1, 0.25]},
								"east": {"uv": [74, 24], "uv_size": [0.5, 0.25]},
								"south": {"uv": [69, 43], "uv_size": [1, 0.25]},
								"west": {"uv": [26, 74], "uv_size": [0.5, 0.25]},
								"up": {"uv": [56, 66], "uv_size": [1, 0.5]},
								"down": {"uv": [66, 57.5], "uv_size": [1, -0.5]}
							}
						},
						{
							"origin": [-3.75, 0.80806, -6.92727],
							"size": [1, 0.25, 0.625],
							"pivot": [-4.25, 0.80806, -6.30227],
							"rotation": [-57.41744, 0, 0],
							"uv": {
								"north": {"uv": [69, 48], "uv_size": [1, 0.25]},
								"east": {"uv": [73, 70], "uv_size": [0.75, 0.25]},
								"south": {"uv": [51, 69], "uv_size": [1, 0.25]},
								"west": {"uv": [73, 72], "uv_size": [0.75, 0.25]},
								"up": {"uv": [54, 31], "uv_size": [1, 0.75]},
								"down": {"uv": [54, 33.75], "uv_size": [1, -0.75]}
							}
						},
						{
							"origin": [-3.75, 1.06533, 6.13837],
							"size": [1, 0.25, 0.5],
							"pivot": [-4.25, 1.06533, 6.13837],
							"rotation": [57.41744, 0, 0],
							"uv": {
								"north": {"uv": [65, 69], "uv_size": [1, 0.25]},
								"east": {"uv": [74, 26], "uv_size": [0.5, 0.25]},
								"south": {"uv": [67, 69], "uv_size": [1, 0.25]},
								"west": {"uv": [31, 74], "uv_size": [0.5, 0.25]},
								"up": {"uv": [58, 66], "uv_size": [1, 0.5]},
								"down": {"uv": [60, 66.5], "uv_size": [1, -0.5]}
							}
						},
						{
							"origin": [-3.75, 0, -6.5],
							"size": [1, 0.25, 1.75],
							"pivot": [-4.25, 0, -4.75],
							"rotation": [-27.5, 0, 0],
							"uv": {
								"north": {"uv": [69, 67], "uv_size": [1, 0.25]},
								"east": {"uv": [6, 68], "uv_size": [1.75, 0.25]},
								"south": {"uv": [69, 69], "uv_size": [1, 0.25]},
								"west": {"uv": [68, 6], "uv_size": [1.75, 0.25]},
								"up": {"uv": [49, 36], "uv_size": [1, 1.75]},
								"down": {"uv": [46, 50.75], "uv_size": [1, -1.75]}
							}
						},
						{
							"origin": [-3.75, 1.8347, -7.38884],
							"size": [1, 0.25, 0.75],
							"pivot": [-4.25, 1.8347, -6.63884],
							"rotation": [-132.5, 0, 0],
							"uv": {
								"north": {"uv": [6, 70], "uv_size": [1, 0.25]},
								"east": {"uv": [6, 74], "uv_size": [0.75, 0.25]},
								"south": {"uv": [8, 70], "uv_size": [1, 0.25]},
								"west": {"uv": [8, 74], "uv_size": [0.75, 0.25]},
								"up": {"uv": [40, 54], "uv_size": [1, 0.75]},
								"down": {"uv": [42, 54.75], "uv_size": [1, -0.75]}
							}
						},
						{
							"origin": [-3.75614, 1.98664, 6.40756],
							"size": [1, 0.25, 0.5],
							"pivot": [-4.25614, 1.98664, 6.40756],
							"rotation": [127.5, 0, 0],
							"uv": {
								"north": {"uv": [10, 70], "uv_size": [1, 0.25]},
								"east": {"uv": [74, 32], "uv_size": [0.5, 0.25]},
								"south": {"uv": [12, 70], "uv_size": [1, 0.25]},
								"west": {"uv": [36, 74], "uv_size": [0.5, 0.25]},
								"up": {"uv": [62, 66], "uv_size": [1, 0.5]},
								"down": {"uv": [66, 63.5], "uv_size": [1, -0.5]}
							}
						},
						{
							"origin": [-3.75614, 2.13331, -6.14682],
							"size": [1, 0.25, 12.25],
							"uv": {
								"north": {"uv": [70, 12], "uv_size": [1, 0.25]},
								"east": {"uv": [41, 22], "uv_size": [12.25, 0.25]},
								"south": {"uv": [14, 70], "uv_size": [1, 0.25]},
								"west": {"uv": [41, 24], "uv_size": [12.25, 0.25]},
								"up": {"uv": [9, 22], "uv_size": [1, 12.25]},
								"down": {"uv": [11, 34.25], "uv_size": [1, -12.25]}
							}
						}
					]
				},
				{
					"name": "Hull",
					"pivot": [0, 0, 0],
					"cubes": [
						{
							"origin": [-2.75, 0.875, -2.875],
							"size": [5.5, 2.75, 8.75],
							"uv": {
								"north": {"uv": [14, 18], "uv_size": [5.5, 2.75]},
								"east": {"uv": [0, 10], "uv_size": [8.75, 2.75]},
								"south": {"uv": [0, 19], "uv_size": [5.5, 2.75]},
								"west": {"uv": [10, 10], "uv_size": [8.75, 2.75]},
								"up": {"uv": [0, 0], "uv_size": [5.5, 8.75]},
								"down": {"uv": [7, 8.75], "uv_size": [5.5, -8.75]}
							}
						},
						{
							"origin": [1.75, 2.5, -6.25],
							"size": [0.875, 0.375, 0.25],
							"uv": {
								"north": {"uv": [67, 42], "uv_size": [1, 0.5]},
								"east": {"uv": [56, 74], "uv_size": [0.25, 0.5]},
								"south": {"uv": [67, 44], "uv_size": [1, 0.5]},
								"west": {"uv": [74, 56], "uv_size": [0.25, 0.5]},
								"up": {"uv": [70, 60], "uv_size": [1, 0.25]},
								"down": {"uv": [61, 70.25], "uv_size": [1, -0.25]}
							}
						},
						{
							"origin": [-2.625, 2.5, -6.25],
							"size": [0.875, 0.375, 0.25],
							"uv": {
								"north": {"uv": [67, 49], "uv_size": [1, 0.5]},
								"east": {"uv": [58, 74], "uv_size": [0.25, 0.5]},
								"south": {"uv": [51, 67], "uv_size": [1, 0.5]},
								"west": {"uv": [74, 58], "uv_size": [0.25, 0.5]},
								"up": {"uv": [70, 62], "uv_size": [1, 0.25]},
								"down": {"uv": [63, 70.25], "uv_size": [1, -0.25]}
							}
						},
						{
							"origin": [0.875, 2.485, -4],
							"size": [1.25, 1.125, 2],
							"pivot": [1.5, 1.9225, -3],
							"rotation": [-12.5, 0, 0],
							"uv": {
								"north": {"uv": [13, 50], "uv_size": [1.25, 1.25]},
								"east": {"uv": [46, 38], "uv_size": [2, 1.25]},
								"south": {"uv": [50, 28], "uv_size": [1.25, 1.25]},
								"west": {"uv": [0, 47], "uv_size": [2, 1.25]},
								"up": {"uv": [47, 0], "uv_size": [1.25, 2]},
								"down": {"uv": [47, 5], "uv_size": [1.25, -2]}
							}
						},
						{
							"origin": [0.875, 2.66144, -3.61105],
							"size": [1.25, 1.125, 2],
							"pivot": [2.125, 3.78644, -3.61105],
							"rotation": [-5, 0, 0],
							"uv": {
								"north": {"uv": [32, 50], "uv_size": [1.25, 1.25]},
								"east": {"uv": [47, 6], "uv_size": [2, 1.25]},
								"south": {"uv": [35, 50], "uv_size": [1.25, 1.25]},
								"west": {"uv": [10, 47], "uv_size": [2, 1.25]},
								"up": {"uv": [13, 47], "uv_size": [1.25, 2]},
								"down": {"uv": [47, 30], "uv_size": [1.25, -2]}
							}
						},
						{
							"origin": [-3.75, 2.5, -2.875],
							"size": [1, 1.125, 8.75],
							"uv": {
								"north": {"uv": [24, 51], "uv_size": [1, 1.25]},
								"east": {"uv": [25, 8], "uv_size": [8.75, 1.25]},
								"south": {"uv": [51, 36], "uv_size": [1, 1.25]},
								"west": {"uv": [25, 11], "uv_size": [8.75, 1.25]},
								"up": {"uv": [5, 29], "uv_size": [1, 8.75]},
								"down": {"uv": [13, 39.75], "uv_size": [1, -8.75]}
							}
						},
						{
							"origin": [-3.75, 2.5, -5.625],
							"size": [1, 0.25, 2.75],
							"uv": {
								"north": {"uv": [70, 20], "uv_size": [1, 0.25]},
								"east": {"uv": [56, 13], "uv_size": [2.75, 0.25]},
								"south": {"uv": [21, 70], "uv_size": [1, 0.25]},
								"west": {"uv": [14, 56], "uv_size": [2.75, 0.25]},
								"up": {"uv": [29, 43], "uv_size": [1, 2.75]},
								"down": {"uv": [34, 46.75], "uv_size": [1, -2.75]}
							}
						},
						{
							"origin": [2.75, 2.5, -5.625],
							"size": [1, 0.25, 2.75],
							"uv": {
								"north": {"uv": [70, 32], "uv_size": [1, 0.25]},
								"east": {"uv": [20, 56], "uv_size": [2.75, 0.25]},
								"south": {"uv": [37, 70], "uv_size": [1, 0.25]},
								"west": {"uv": [56, 25], "uv_size": [2.75, 0.25]},
								"up": {"uv": [36, 44], "uv_size": [1, 2.75]},
								"down": {"uv": [44, 40.75], "uv_size": [1, -2.75]}
							}
						},
						{
							"origin": [-3.75, 2.75, -4.75],
							"size": [1, 0.25, 1.875],
							"uv": {
								"north": {"uv": [70, 22], "uv_size": [1, 0.25]},
								"east": {"uv": [67, 12], "uv_size": [2, 0.25]},
								"south": {"uv": [70, 24], "uv_size": [1, 0.25]},
								"west": {"uv": [67, 14], "uv_size": [2, 0.25]},
								"up": {"uv": [40, 48], "uv_size": [1, 2]},
								"down": {"uv": [42, 50], "uv_size": [1, -2]}
							}
						},
						{
							"origin": [2.75, 2.75, -4.75],
							"size": [1, 0.25, 1.875],
							"uv": {
								"north": {"uv": [70, 38], "uv_size": [1, 0.25]},
								"east": {"uv": [67, 24], "uv_size": [2, 0.25]},
								"south": {"uv": [39, 70], "uv_size": [1, 0.25]},
								"west": {"uv": [67, 26], "uv_size": [2, 0.25]},
								"up": {"uv": [44, 48], "uv_size": [1, 2]},
								"down": {"uv": [3, 51], "uv_size": [1, -2]}
							}
						},
						{
							"origin": [-3.75, 3, -4],
							"size": [1, 0.25, 1.125],
							"uv": {
								"north": {"uv": [26, 70], "uv_size": [1, 0.25]},
								"east": {"uv": [40, 68], "uv_size": [1.25, 0.25]},
								"south": {"uv": [70, 26], "uv_size": [1, 0.25]},
								"west": {"uv": [43, 68], "uv_size": [1.25, 0.25]},
								"up": {"uv": [44, 51], "uv_size": [1, 1.25]},
								"down": {"uv": [48, 52.25], "uv_size": [1, -1.25]}
							}
						},
						{
							"origin": [2.75, 3, -4],
							"size": [1, 0.25, 1.125],
							"uv": {
								"north": {"uv": [41, 70], "uv_size": [1, 0.25]},
								"east": {"uv": [46, 68], "uv_size": [1.25, 0.25]},
								"south": {"uv": [43, 70], "uv_size": [1, 0.25]},
								"west": {"uv": [68, 46], "uv_size": [1.25, 0.25]},
								"up": {"uv": [50, 51], "uv_size": [1, 1.25]},
								"down": {"uv": [52, 1.25], "uv_size": [1, -1.25]}
							}
						},
						{
							"origin": [-3.75, 3.25, -3.25],
							"size": [1, 0.25, 0.375],
							"uv": {
								"north": {"uv": [28, 70], "uv_size": [1, 0.25]},
								"east": {"uv": [38, 74], "uv_size": [0.5, 0.25]},
								"south": {"uv": [32, 70], "uv_size": [1, 0.25]},
								"west": {"uv": [74, 38], "uv_size": [0.5, 0.25]},
								"up": {"uv": [20, 67], "uv_size": [1, 0.5]},
								"down": {"uv": [24, 67.5], "uv_size": [1, -0.5]}
							}
						},
						{
							"origin": [2.75, 3.25, -3.25],
							"size": [1, 0.25, 0.375],
							"uv": {
								"north": {"uv": [45, 70], "uv_size": [1, 0.25]},
								"east": {"uv": [40, 74], "uv_size": [0.5, 0.25]},
								"south": {"uv": [47, 70], "uv_size": [1, 0.25]},
								"west": {"uv": [42, 74], "uv_size": [0.5, 0.25]},
								"up": {"uv": [67, 28], "uv_size": [1, 0.5]},
								"down": {"uv": [67, 30.5], "uv_size": [1, -0.5]}
							}
						},
						{
							"origin": [2.75, 2.5, -2.875],
							"size": [1, 1.125, 8.75],
							"uv": {
								"north": {"uv": [40, 51], "uv_size": [1, 1.25]},
								"east": {"uv": [23, 25], "uv_size": [8.75, 1.25]},
								"south": {"uv": [42, 51], "uv_size": [1, 1.25]},
								"west": {"uv": [26, 0], "uv_size": [8.75, 1.25]},
								"up": {"uv": [15, 31], "uv_size": [1, 8.75]},
								"down": {"uv": [17, 39.75], "uv_size": [1, -8.75]}
							}
						},
						{
							"origin": [-3.75, 2.5, 5.875],
							"size": [7.5, 1.375, 1.125],
							"uv": {
								"north": {"uv": [21, 5], "uv_size": [7.5, 1.5]},
								"east": {"uv": [5, 49], "uv_size": [1.25, 1.5]},
								"south": {"uv": [23, 14], "uv_size": [7.5, 1.5]},
								"west": {"uv": [49, 9], "uv_size": [1.25, 1.5]},
								"up": {"uv": [28, 20], "uv_size": [7.5, 1.25]},
								"down": {"uv": [28, 29.25], "uv_size": [7.5, -1.25]}
							}
						},
						{
							"origin": [-3.55, 3.125, 7],
							"size": [0.425, 0.425, 0.125],
							"uv": {
								"north": {"uv": [49, 70], "uv_size": [0.5, 0.5]},
								"east": {"uv": [44, 74], "uv_size": [0.25, 0.5]},
								"south": {"uv": [70, 50], "uv_size": [0.5, 0.5]},
								"west": {"uv": [46, 74], "uv_size": [0.25, 0.5]},
								"up": {"uv": [48, 74], "uv_size": [0.5, 0.25]},
								"down": {"uv": [74, 50.25], "uv_size": [0.5, -0.25]}
							}
						},
						{
							"origin": [3.125, 3.125, 7],
							"size": [0.425, 0.425, 0.125],
							"uv": {
								"north": {"uv": [70, 52], "uv_size": [0.5, 0.5]},
								"east": {"uv": [52, 74], "uv_size": [0.25, 0.5]},
								"south": {"uv": [53, 70], "uv_size": [0.5, 0.5]},
								"west": {"uv": [74, 52], "uv_size": [0.25, 0.5]},
								"up": {"uv": [54, 74], "uv_size": [0.5, 0.25]},
								"down": {"uv": [74, 54.25], "uv_size": [0.5, -0.25]}
							}
						},
						{
							"origin": [-2.75, 2.875, 2.875],
							"size": [5.5, 1, 3],
							"pivot": [-2.75, 3.875, 5.875],
							"rotation": [5, 0, 0],
							"uv": {
								"north": {"uv": [35, 3], "uv_size": [5.5, 1]},
								"east": {"uv": [26, 3], "uv_size": [3, 1]},
								"south": {"uv": [35, 5], "uv_size": [5.5, 1]},
								"west": {"uv": [42, 2], "uv_size": [3, 1]},
								"up": {"uv": [14, 14], "uv_size": [5.5, 3]},
								"down": {"uv": [7, 21], "uv_size": [5.5, -3]}
							}
						},
						{
							"origin": [-3.75, 3.375, 2.875],
							"size": [1, 0.5, 3],
							"pivot": [-4.375, 3.875, 5.875],
							"rotation": [5, 0, 0],
							"uv": {
								"north": {"uv": [64, 66], "uv_size": [1, 0.5]},
								"east": {"uv": [50, 7], "uv_size": [3, 0.5]},
								"south": {"uv": [66, 65], "uv_size": [1, 0.5]},
								"west": {"uv": [51, 12], "uv_size": [3, 0.5]},
								"up": {"uv": [4, 42], "uv_size": [1, 3]},
								"down": {"uv": [42, 7], "uv_size": [1, -3]}
							}
						},
						{
							"origin": [2.75, 3.375, 2.875],
							"size": [1, 0.5, 3],
							"pivot": [4.375, 3.875, 5.875],
							"rotation": [5, 0, 0],
							"uv": {
								"north": {"uv": [2, 67], "uv_size": [1, 0.5]},
								"east": {"uv": [51, 17], "uv_size": [3, 0.5]},
								"south": {"uv": [67, 2], "uv_size": [1, 0.5]},
								"west": {"uv": [20, 51], "uv_size": [3, 0.5]},
								"up": {"uv": [6, 42], "uv_size": [1, 3]},
								"down": {"uv": [8, 45], "uv_size": [1, -3]}
							}
						},
						{
							"origin": [-2.75, 1.875, -6.625],
							"size": [5.5, 1.75, 3.75],
							"pivot": [-2.75, 3.625, -2.875],
							"rotation": [17.5, 0, 0],
							"uv": {
								"north": {"uv": [13, 25], "uv_size": [5.5, 1.75]},
								"east": {"uv": [33, 31], "uv_size": [3.75, 1.75]},
								"south": {"uv": [0, 26], "uv_size": [5.5, 1.75]},
								"west": {"uv": [28, 34], "uv_size": [3.75, 1.75]},
								"up": {"uv": [0, 14], "uv_size": [5.5, 3.75]},
								"down": {"uv": [14, 3.75], "uv_size": [5.5, -3.75]}
							}
						},
						{
							"origin": [-3.75, 3.375, -5.75],
							"size": [1, 0.25, 2.875],
							"pivot": [-4.25, 3.625, -2.875],
							"rotation": [17.5, 0, 0],
							"uv": {
								"north": {"uv": [70, 14], "uv_size": [1, 0.25]},
								"east": {"uv": [54, 47], "uv_size": [3, 0.25]},
								"south": {"uv": [16, 70], "uv_size": [1, 0.25]},
								"west": {"uv": [48, 54], "uv_size": [3, 0.25]},
								"up": {"uv": [42, 8], "uv_size": [1, 3]},
								"down": {"uv": [10, 45], "uv_size": [1, -3]}
							}
						},
						{
							"origin": [2.75, 3.375, -5.75],
							"size": [1, 0.25, 2.875],
							"pivot": [4.25, 3.625, -2.875],
							"rotation": [17.5, 0, 0],
							"uv": {
								"north": {"uv": [70, 16], "uv_size": [1, 0.25]},
								"east": {"uv": [54, 49], "uv_size": [3, 0.25]},
								"south": {"uv": [70, 18], "uv_size": [1, 0.25]},
								"west": {"uv": [54, 51], "uv_size": [3, 0.25]},
								"up": {"uv": [19, 42], "uv_size": [1, 3]},
								"down": {"uv": [21, 45], "uv_size": [1, -3]}
							}
						},
						{
							"origin": [-2.75, 1.40023, 6.7153],
							"size": [5.5, 1.875, 0.875],
							"pivot": [-2.75, 3.90023, 5.9653],
							"rotation": [-32.5, 0, 0],
							"uv": {
								"north": {"uv": [13, 22], "uv_size": [5.5, 2]},
								"east": {"uv": [16, 47], "uv_size": [1, 2]},
								"south": {"uv": [0, 23], "uv_size": [5.5, 2]},
								"west": {"uv": [24, 48], "uv_size": [1, 2]},
								"up": {"uv": [33, 26], "uv_size": [5.5, 1]},
								"down": {"uv": [33, 35], "uv_size": [5.5, -1]}
							}
						},
						{
							"origin": [-2.75, 0.875, -5.875],
							"size": [5.5, 1.75, 3],
							"uv": {
								"north": {"uv": [13, 28], "uv_size": [5.5, 1.75]},
								"east": {"uv": [35, 7], "uv_size": [3, 1.75]},
								"south": {"uv": [28, 17], "uv_size": [5.5, 1.75]},
								"west": {"uv": [35, 10], "uv_size": [3, 1.75]},
								"up": {"uv": [14, 5], "uv_size": [5.5, 3]},
								"down": {"uv": [7, 17], "uv_size": [5.5, -3]}
							}
						}
					]
				},
				{
					"name": "bone3",
					"parent": "Hull",
					"pivot": [-3.6875, 3, 1],
					"cubes": [
						{
							"origin": [-3.75423, 2.79982, 0.71085],
							"size": [0.13345, 0.71176, 0.71176],
							"uv": {
								"north": {"uv": [128, 0], "uv_size": [-2, 2]},
								"east": {"uv": [128, 2], "uv_size": [-2, 2]},
								"south": {"uv": [128, 0], "uv_size": [-2, 2]},
								"west": {"uv": [128, 0], "uv_size": [-2, 2]},
								"up": {"uv": [126, 2], "uv_size": [2, -2]},
								"down": {"uv": [126, 2], "uv_size": [2, -2]}
							}
						},
						{
							"origin": [-3.75423, 2.48842, 0.57739],
							"size": [0.13345, 0.71176, 0.71176],
							"pivot": [-3.6875, 2.8443, 0.93327],
							"rotation": [180, 0, 0],
							"uv": {
								"north": {"uv": [128, 0], "uv_size": [-2, 2]},
								"east": {"uv": [128, 2], "uv_size": [-2, 2]},
								"south": {"uv": [128, 0], "uv_size": [-2, 2]},
								"west": {"uv": [128, 0], "uv_size": [-2, 2]},
								"up": {"uv": [126, 2], "uv_size": [2, -2]},
								"down": {"uv": [126, 2], "uv_size": [2, -2]}
							}
						}
					]
				},
				{
					"name": "bone4",
					"parent": "Hull",
					"pivot": [3.6875, 3, 1],
					"cubes": [
						{
							"origin": [3.62077, 2.79982, 0.71085],
							"size": [0.13345, 0.71176, 0.71176],
							"uv": {
								"north": {"uv": [126, 0], "uv_size": [2, 2]},
								"east": {"uv": [126, 0], "uv_size": [2, 2]},
								"south": {"uv": [126, 0], "uv_size": [2, 2]},
								"west": {"uv": [126, 2], "uv_size": [2, 2]},
								"up": {"uv": [128, 2], "uv_size": [-2, -2]},
								"down": {"uv": [128, 2], "uv_size": [-2, -2]}
							}
						},
						{
							"origin": [3.62077, 2.48842, 0.57739],
							"size": [0.13345, 0.71176, 0.71176],
							"pivot": [3.6875, 2.8443, 0.93327],
							"rotation": [180, 0, 0],
							"uv": {
								"north": {"uv": [126, 0], "uv_size": [2, 2]},
								"east": {"uv": [126, 0], "uv_size": [2, 2]},
								"south": {"uv": [126, 0], "uv_size": [2, 2]},
								"west": {"uv": [126, 2], "uv_size": [2, 2]},
								"up": {"uv": [128, 2], "uv_size": [-2, -2]},
								"down": {"uv": [128, 2], "uv_size": [-2, -2]}
							}
						}
					]
				},
				{
					"name": "bone5",
					"parent": "Hull",
					"pivot": [-0.0625, 2.625, -5.875],
					"rotation": [-90, 17.5, -90],
					"cubes": [
						{
							"origin": [-0.12923, 2.42482, -6.16415],
							"size": [0.13345, 0.71176, 0.71176],
							"uv": {
								"north": {"uv": [126, 0], "uv_size": [2, 2]},
								"east": {"uv": [126, 0], "uv_size": [2, 2]},
								"south": {"uv": [126, 0], "uv_size": [2, 2]},
								"west": {"uv": [126, 2], "uv_size": [2, 2]},
								"up": {"uv": [128, 2], "uv_size": [-2, -2]},
								"down": {"uv": [128, 2], "uv_size": [-2, -2]}
							}
						},
						{
							"origin": [-0.12923, 2.11342, -6.29761],
							"size": [0.13345, 0.71176, 0.71176],
							"pivot": [-0.0625, 2.4693, -5.94173],
							"rotation": [180, 0, 0],
							"uv": {
								"north": {"uv": [126, 0], "uv_size": [2, 2]},
								"east": {"uv": [126, 0], "uv_size": [2, 2]},
								"south": {"uv": [126, 0], "uv_size": [2, 2]},
								"west": {"uv": [126, 2], "uv_size": [2, 2]},
								"up": {"uv": [128, 2], "uv_size": [-2, -2]},
								"down": {"uv": [128, 2], "uv_size": [-2, -2]}
							}
						}
					]
				},
				{
					"name": "Turret",
					"pivot": [0.012, 4.4345, 1.625],
					"cubes": [
						{
							"origin": [-0.875, 3.5, -1.125],
							"size": [1.75, 1.625, 2.125],
							"uv": {
								"north": {"uv": [16, 41], "uv_size": [1.75, 1.75]},
								"east": {"uv": [28, 37], "uv_size": [2.25, 1.75]},
								"south": {"uv": [41, 28], "uv_size": [1.75, 1.75]},
								"west": {"uv": [37, 28], "uv_size": [2.25, 1.75]},
								"up": {"uv": [38, 22], "uv_size": [1.75, 2.25]},
								"down": {"uv": [32, 40.25], "uv_size": [1.75, -2.25]}
							}
						},
						{
							"origin": [-0.875, 3.5, -1.125],
							"size": [1.75, 1.625, 1.875],
							"pivot": [0.875, 5.125, -1.125],
							"rotation": [12.66987, 0.79965, 0.40969],
							"uv": {
								"north": {"uv": [41, 31], "uv_size": [1.75, 1.75]},
								"east": {"uv": [19, 39], "uv_size": [2, 1.75]},
								"south": {"uv": [35, 41], "uv_size": [1.75, 1.75]},
								"west": {"uv": [22, 39], "uv_size": [2, 1.75]},
								"up": {"uv": [25, 39], "uv_size": [1.75, 2]},
								"down": {"uv": [38, 41], "uv_size": [1.75, -2]}
							}
						},
						{
							"origin": [-2, 3.5, 0.75],
							"size": [4, 2, 3.375],
							"uv": {
								"north": {"uv": [28, 31], "uv_size": [4, 2]},
								"east": {"uv": [0, 33], "uv_size": [3.5, 2]},
								"south": {"uv": [32, 14], "uv_size": [4, 2]},
								"west": {"uv": [33, 23], "uv_size": [3.5, 2]},
								"up": {"uv": [20, 9], "uv_size": [4, 3.5]},
								"down": {"uv": [21, 3.5], "uv_size": [4, -3.5]}
							}
						},
						{
							"origin": [0.375, 3.625, 1.375],
							"size": [1.625, 2, 1.625],
							"uv": {
								"north": {"uv": [40, 13], "uv_size": [1.75, 2]},
								"east": {"uv": [40, 19], "uv_size": [1.75, 2]},
								"south": {"uv": [28, 40], "uv_size": [1.75, 2]},
								"west": {"uv": [13, 41], "uv_size": [1.75, 2]},
								"up": {"uv": [41, 36], "uv_size": [1.75, 1.75]},
								"down": {"uv": [41, 40.75], "uv_size": [1.75, -1.75]}
							}
						},
						{
							"origin": [-1.95, 3.62, 1.75],
							"size": [1.2, 2, 1.2],
							"uv": {
								"north": {"uv": [46, 12], "uv_size": [1.25, 2]},
								"east": {"uv": [46, 17], "uv_size": [1.25, 2]},
								"south": {"uv": [18, 46], "uv_size": [1.25, 2]},
								"west": {"uv": [26, 46], "uv_size": [1.25, 2]},
								"up": {"uv": [50, 4], "uv_size": [1.25, 1.25]},
								"down": {"uv": [10, 51.25], "uv_size": [1.25, -1.25]}
							}
						},
						{
							"origin": [-2, 4.61603, 4.07356],
							"size": [4, 0.875, 2.125],
							"uv": {
								"north": {"uv": [28, 23], "uv_size": [4, 1]},
								"east": {"uv": [47, 47], "uv_size": [2.25, 1]},
								"south": {"uv": [33, 36], "uv_size": [4, 1]},
								"west": {"uv": [48, 15], "uv_size": [2.25, 1]},
								"up": {"uv": [0, 29], "uv_size": [4, 2.25]},
								"down": {"uv": [30, 5.25], "uv_size": [4, -2.25]}
							}
						},
						{
							"origin": [-2, 4.36603, 4.07356],
							"size": [4, 0.25, 0.625],
							"uv": {
								"north": {"uv": [53, 36], "uv_size": [4, 0.25]},
								"east": {"uv": [10, 74], "uv_size": [0.75, 0.25]},
								"south": {"uv": [53, 38], "uv_size": [4, 0.25]},
								"west": {"uv": [12, 74], "uv_size": [0.75, 0.25]},
								"up": {"uv": [44, 31], "uv_size": [4, 0.75]},
								"down": {"uv": [44, 36.75], "uv_size": [4, -0.75]}
							}
						},
						{
							"origin": [-2, 4.61603, 3.44856],
							"size": [4, 0.625, 2.75],
							"pivot": [-2, 4.61603, 6.19856],
							"rotation": [25, 0, 0],
							"uv": {
								"north": {"uv": [43, 15], "uv_size": [4, 0.75]},
								"east": {"uv": [32, 48], "uv_size": [2.75, 0.75]},
								"south": {"uv": [44, 10], "uv_size": [4, 0.75]},
								"west": {"uv": [36, 48], "uv_size": [2.75, 0.75]},
								"up": {"uv": [23, 17], "uv_size": [4, 2.75]},
								"down": {"uv": [23, 23.75], "uv_size": [4, -2.75]}
							}
						},
						{
							"origin": [2, 3.5, 0.75],
							"size": [0.5, 2, 1.5],
							"uv": {
								"north": {"uv": [20, 53], "uv_size": [0.5, 2]},
								"east": {"uv": [44, 7], "uv_size": [1.5, 2]},
								"south": {"uv": [22, 53], "uv_size": [0.5, 2]},
								"west": {"uv": [12, 44], "uv_size": [1.5, 2]},
								"up": {"uv": [44, 54], "uv_size": [0.5, 1.5]},
								"down": {"uv": [54, 54.5], "uv_size": [0.5, -1.5]}
							}
						},
						{
							"origin": [-2.5, 3.5, 0.75],
							"size": [0.5, 2, 1.5],
							"uv": {
								"north": {"uv": [28, 53], "uv_size": [0.5, 2]},
								"east": {"uv": [15, 44], "uv_size": [1.5, 2]},
								"south": {"uv": [53, 28], "uv_size": [0.5, 2]},
								"west": {"uv": [44, 28], "uv_size": [1.5, 2]},
								"up": {"uv": [2, 55], "uv_size": [0.5, 1.5]},
								"down": {"uv": [55, 4.5], "uv_size": [0.5, -1.5]}
							}
						},
						{
							"origin": [2, 3.5, 2.25],
							"size": [0.5, 2, 1.875],
							"pivot": [2.5, 5.5, 2.25],
							"rotation": [0, -15, 0],
							"uv": {
								"north": {"uv": [30, 53], "uv_size": [0.5, 2]},
								"east": {"uv": [7, 36], "uv_size": [2, 2]},
								"south": {"uv": [32, 53], "uv_size": [0.5, 2]},
								"west": {"uv": [10, 36], "uv_size": [2, 2]},
								"up": {"uv": [34, 53], "uv_size": [0.5, 2]},
								"down": {"uv": [36, 55], "uv_size": [0.5, -2]}
							}
						},
						{
							"origin": [-2.5, 3.5, 2.25],
							"size": [0.5, 2, 1.875],
							"pivot": [-2.5, 5.5, 2.25],
							"rotation": [0, 15, 0],
							"uv": {
								"north": {"uv": [52, 53], "uv_size": [0.5, 2]},
								"east": {"uv": [37, 13], "uv_size": [2, 2]},
								"south": {"uv": [0, 54], "uv_size": [0.5, 2]},
								"west": {"uv": [37, 19], "uv_size": [2, 2]},
								"up": {"uv": [54, 0], "uv_size": [0.5, 2]},
								"down": {"uv": [54, 8], "uv_size": [0.5, -2]}
							}
						},
						{
							"origin": [-2.5, 3.5, -0.75],
							"size": [1.625, 2, 1.5],
							"pivot": [-2.5, 5.5, 0.75],
							"rotation": [20, 0, 0],
							"uv": {
								"north": {"uv": [38, 31], "uv_size": [1.75, 2]},
								"east": {"uv": [23, 42], "uv_size": [1.5, 2]},
								"south": {"uv": [35, 38], "uv_size": [1.75, 2]},
								"west": {"uv": [31, 42], "uv_size": [1.5, 2]},
								"up": {"uv": [44, 42], "uv_size": [1.75, 1.5]},
								"down": {"uv": [23, 46.5], "uv_size": [1.75, -1.5]}
							}
						},
						{
							"origin": [0.855, 3.5, -0.75],
							"size": [1.625, 2, 1.5],
							"pivot": [2.5, 5.5, 0.75],
							"rotation": [20, 0, 0],
							"uv": {
								"north": {"uv": [10, 39], "uv_size": [1.75, 2]},
								"east": {"uv": [26, 43], "uv_size": [1.5, 2]},
								"south": {"uv": [39, 10], "uv_size": [1.75, 2]},
								"west": {"uv": [44, 4], "uv_size": [1.5, 2]},
								"up": {"uv": [4, 46], "uv_size": [1.75, 1.5]},
								"down": {"uv": [7, 47.5], "uv_size": [1.75, -1.5]}
							}
						},
						{
							"origin": [-2.5, 2.98697, -2.15954],
							"size": [1.625, 2, 1.5],
							"pivot": [-2.5, 4.98697, -0.65954],
							"rotation": [70, 0, 0],
							"uv": {
								"north": {"uv": [38, 36], "uv_size": [1.75, 2]},
								"east": {"uv": [38, 42], "uv_size": [1.5, 2]},
								"south": {"uv": [4, 39], "uv_size": [1.75, 2]},
								"west": {"uv": [41, 42], "uv_size": [1.5, 2]},
								"up": {"uv": [31, 45], "uv_size": [1.75, 1.5]},
								"down": {"uv": [38, 46.5], "uv_size": [1.75, -1.5]}
							}
						},
						{
							"origin": [0.855, 2.98697, -2.15954],
							"size": [1.625, 2, 1.5],
							"pivot": [2.5, 4.98697, -0.65954],
							"rotation": [70, 0, 0],
							"uv": {
								"north": {"uv": [7, 39], "uv_size": [1.75, 2]},
								"east": {"uv": [43, 12], "uv_size": [1.5, 2]},
								"south": {"uv": [39, 7], "uv_size": [1.75, 2]},
								"west": {"uv": [43, 19], "uv_size": [1.5, 2]},
								"up": {"uv": [41, 45], "uv_size": [1.75, 1.5]},
								"down": {"uv": [44, 46.5], "uv_size": [1.75, -1.5]}
							}
						}
					]
				},
				{
					"name": "bone",
					"parent": "Turret",
					"pivot": [2.4375, 4.5, 0.625],
					"cubes": [
						{
							"origin": [2.32988, 4.17713, 0.15863],
							"size": [0.21525, 1.148, 1.148],
							"uv": {
								"north": {"uv": [126, 0], "uv_size": [2, 2]},
								"east": {"uv": [126, 0], "uv_size": [2, 2]},
								"south": {"uv": [126, 0], "uv_size": [2, 2]},
								"west": {"uv": [126, 2], "uv_size": [2, 2]},
								"up": {"uv": [128, 2], "uv_size": [-2, -2]},
								"down": {"uv": [128, 2], "uv_size": [-2, -2]}
							}
						},
						{
							"origin": [2.32988, 3.67488, -0.05662],
							"size": [0.21525, 1.148, 1.148],
							"pivot": [2.4375, 4.24888, 0.51738],
							"rotation": [180, 0, 0],
							"uv": {
								"north": {"uv": [126, 0], "uv_size": [2, 2]},
								"east": {"uv": [126, 0], "uv_size": [2, 2]},
								"south": {"uv": [126, 0], "uv_size": [2, 2]},
								"west": {"uv": [126, 2], "uv_size": [2, 2]},
								"up": {"uv": [128, 2], "uv_size": [-2, -2]},
								"down": {"uv": [128, 2], "uv_size": [-2, -2]}
							}
						}
					]
				},
				{
					"name": "bone2",
					"parent": "Turret",
					"pivot": [-2.4375, 4.5, 0.625],
					"cubes": [
						{
							"origin": [-2.54512, 4.17713, 0.15863],
							"size": [0.21525, 1.148, 1.148],
							"uv": {
								"north": {"uv": [128, 0], "uv_size": [-2, 2]},
								"east": {"uv": [128, 2], "uv_size": [-2, 2]},
								"south": {"uv": [128, 0], "uv_size": [-2, 2]},
								"west": {"uv": [128, 0], "uv_size": [-2, 2]},
								"up": {"uv": [126, 2], "uv_size": [2, -2]},
								"down": {"uv": [126, 2], "uv_size": [2, -2]}
							}
						},
						{
							"origin": [-2.54512, 3.67488, -0.05662],
							"size": [0.21525, 1.148, 1.148],
							"pivot": [-2.4375, 4.24888, 0.51738],
							"rotation": [180, 0, 0],
							"uv": {
								"north": {"uv": [128, 0], "uv_size": [-2, 2]},
								"east": {"uv": [128, 2], "uv_size": [-2, 2]},
								"south": {"uv": [128, 0], "uv_size": [-2, 2]},
								"west": {"uv": [128, 0], "uv_size": [-2, 2]},
								"up": {"uv": [126, 2], "uv_size": [2, -2]},
								"down": {"uv": [126, 2], "uv_size": [2, -2]}
							}
						}
					]
				},
				{
					"name": "Gun",
					"parent": "Turret",
					"pivot": [0, 4.25, -0.9375],
					"cubes": [
						{
							"origin": [-0.75, 3.5, -1.25],
							"size": [1.5, 1.5, 1],
							"uv": {
								"north": {"uv": [21, 48], "uv_size": [1.5, 1.5]},
								"east": {"uv": [16, 50], "uv_size": [1, 1.5]},
								"south": {"uv": [29, 48], "uv_size": [1.5, 1.5]},
								"west": {"uv": [38, 50], "uv_size": [1, 1.5]},
								"up": {"uv": [28, 51], "uv_size": [1.5, 1]},
								"down": {"uv": [51, 32], "uv_size": [1.5, -1]}
							}
						},
						{
							"origin": [-0.25, 4, -10.75],
							"size": [0.5, 0.5, 9.5],
							"pivot": [0, 4.25, -1.75],
							"rotation": [0, 0, 45],
							"uv": {
								"north": {"uv": [70, 54], "uv_size": [0.5, 0.5]},
								"east": {"uv": [35, 17], "uv_size": [9.5, 0.5]},
								"south": {"uv": [55, 70], "uv_size": [0.5, 0.5]},
								"west": {"uv": [36, 0], "uv_size": [9.5, 0.5]},
								"up": {"uv": [0, 36], "uv_size": [0.5, 9.5]},
								"down": {"uv": [2, 45.5], "uv_size": [0.5, -9.5]}
							}
						},
						{
							"origin": [-0.5, 4, -2.25],
							"size": [0.125, 0.125, 1],
							"pivot": [-0.25, 4.25, -1.75],
							"rotation": [0, 0, 45],
							"uv": {
								"north": {"uv": [60, 74], "uv_size": [0.25, 0.25]},
								"east": {"uv": [70, 56], "uv_size": [1, 0.25]},
								"south": {"uv": [74, 60], "uv_size": [0.25, 0.25]},
								"west": {"uv": [57, 70], "uv_size": [1, 0.25]},
								"up": {"uv": [70, 58], "uv_size": [0.25, 1]},
								"down": {"uv": [59, 71], "uv_size": [0.25, -1]}
							}
						},
						{
							"origin": [-0.5, 3.75, -1.75],
							"size": [1, 1, 0.5],
							"pivot": [0, 4.25, -1.75],
							"rotation": [0, 0, 45],
							"uv": {
								"north": {"uv": [21, 46], "uv_size": [1, 1]},
								"east": {"uv": [31, 67], "uv_size": [0.5, 1]},
								"south": {"uv": [38, 53], "uv_size": [1, 1]},
								"west": {"uv": [67, 35], "uv_size": [0.5, 1]},
								"up": {"uv": [36, 67], "uv_size": [1, 0.5]},
								"down": {"uv": [67, 37.5], "uv_size": [1, -0.5]}
							}
						},
						{
							"origin": [-0.375, 3.875, -7.125],
							"size": [0.75, 0.75, 2.25],
							"pivot": [0, 4.25, -5.375],
							"rotation": [0, 0, 45],
							"uv": {
								"north": {"uv": [66, 22], "uv_size": [0.75, 0.75]},
								"east": {"uv": [49, 39], "uv_size": [2.25, 0.75]},
								"south": {"uv": [27, 66], "uv_size": [0.75, 0.75]},
								"west": {"uv": [48, 49], "uv_size": [2.25, 0.75]},
								"up": {"uv": [0, 50], "uv_size": [0.75, 2.25]},
								"down": {"uv": [50, 2.25], "uv_size": [0.75, -2.25]}
							}
						}
					]
				},
				{
					"name": "Cogs",
					"pivot": [0, 0, 0]
				},
				{
					"name": "octagon4",
					"parent": "Cogs",
					"pivot": [0, 0.75, 2.125],
					"cubes": [
						{
							"origin": [3.074, 0.49484, 1.509],
							"size": [0.572, 0.51031, 1.232],
							"pivot": [3.69, 0.75, 2.125],
							"rotation": [45, 0, 0],
							"uv": {
								"north": {"uv": [10, 72], "uv_size": [0.5, 0.5]},
								"east": {"uv": [6, 60], "uv_size": [1.25, 0.5]},
								"south": {"uv": [12, 72], "uv_size": [0.5, 0.5]},
								"west": {"uv": [60, 9], "uv_size": [1.25, 0.5]},
								"up": {"uv": [60, 11], "uv_size": [0.5, 1.25]},
								"down": {"uv": [14, 61.25], "uv_size": [0.5, -1.25]}
							}
						},
						{
							"origin": [3.074, 0.49484, 1.509],
							"size": [0.572, 0.51031, 1.232],
							"uv": {
								"north": {"uv": [72, 12], "uv_size": [0.5, 0.5]},
								"east": {"uv": [60, 14], "uv_size": [1.25, 0.5]},
								"south": {"uv": [14, 72], "uv_size": [0.5, 0.5]},
								"west": {"uv": [60, 16], "uv_size": [1.25, 0.5]},
								"up": {"uv": [19, 60], "uv_size": [0.5, 1.25]},
								"down": {"uv": [60, 24.25], "uv_size": [0.5, -1.25]}
							}
						},
						{
							"origin": [3.074, 0.134, 1.86984],
							"size": [0.572, 1.232, 0.51031],
							"pivot": [3.69, 0.75, 2.125],
							"rotation": [45, 0, 0],
							"uv": {
								"north": {"uv": [28, 60], "uv_size": [0.5, 1.25]},
								"east": {"uv": [35, 60], "uv_size": [0.5, 1.25]},
								"south": {"uv": [60, 36], "uv_size": [0.5, 1.25]},
								"west": {"uv": [60, 39], "uv_size": [0.5, 1.25]},
								"up": {"uv": [72, 14], "uv_size": [0.5, 0.5]},
								"down": {"uv": [16, 72.5], "uv_size": [0.5, -0.5]}
							}
						},
						{
							"origin": [3.074, 0.134, 1.86984],
							"size": [0.572, 1.232, 0.51031],
							"uv": {
								"north": {"uv": [60, 42], "uv_size": [0.5, 1.25]},
								"east": {"uv": [43, 60], "uv_size": [0.5, 1.25]},
								"south": {"uv": [60, 45], "uv_size": [0.5, 1.25]},
								"west": {"uv": [60, 48], "uv_size": [0.5, 1.25]},
								"up": {"uv": [72, 16], "uv_size": [0.5, 0.5]},
								"down": {"uv": [72, 18.5], "uv_size": [0.5, -0.5]}
							}
						},
						{
							"origin": [-3.646, 0.134, 1.86984],
							"size": [0.572, 1.232, 0.51031],
							"pivot": [-3.69, 0.75, 2.125],
							"rotation": [45, 0, 0],
							"uv": {
								"north": {"uv": [60, 51], "uv_size": [0.5, 1.25]},
								"east": {"uv": [60, 54], "uv_size": [0.5, 1.25]},
								"south": {"uv": [60, 57], "uv_size": [0.5, 1.25]},
								"west": {"uv": [58, 60], "uv_size": [0.5, 1.25]},
								"up": {"uv": [20, 72], "uv_size": [0.5, 0.5]},
								"down": {"uv": [72, 20.5], "uv_size": [0.5, -0.5]}
							}
						},
						{
							"origin": [-3.646, 0.134, 1.86984],
							"size": [0.572, 1.232, 0.51031],
							"uv": {
								"north": {"uv": [60, 60], "uv_size": [0.5, 1.25]},
								"east": {"uv": [61, 0], "uv_size": [0.5, 1.25]},
								"south": {"uv": [2, 61], "uv_size": [0.5, 1.25]},
								"west": {"uv": [61, 3], "uv_size": [0.5, 1.25]},
								"up": {"uv": [72, 22], "uv_size": [0.5, 0.5]},
								"down": {"uv": [72, 24.5], "uv_size": [0.5, -0.5]}
							}
						},
						{
							"origin": [-3.646, 0.49484, 1.509],
							"size": [0.572, 0.51031, 1.232],
							"uv": {
								"north": {"uv": [25, 72], "uv_size": [0.5, 0.5]},
								"east": {"uv": [61, 6], "uv_size": [1.25, 0.5]},
								"south": {"uv": [72, 26], "uv_size": [0.5, 0.5]},
								"west": {"uv": [16, 61], "uv_size": [1.25, 0.5]},
								"up": {"uv": [61, 18], "uv_size": [0.5, 1.25]},
								"down": {"uv": [21, 62.25], "uv_size": [0.5, -1.25]}
							}
						},
						{
							"origin": [-3.646, 0.49484, 1.509],
							"size": [0.572, 0.51031, 1.232],
							"pivot": [-3.69, 0.75, 2.125],
							"rotation": [45, 0, 0],
							"uv": {
								"north": {"uv": [27, 72], "uv_size": [0.5, 0.5]},
								"east": {"uv": [61, 21], "uv_size": [1.25, 0.5]},
								"south": {"uv": [32, 72], "uv_size": [0.5, 0.5]},
								"west": {"uv": [61, 26], "uv_size": [1.25, 0.5]},
								"up": {"uv": [26, 61], "uv_size": [0.5, 1.25]},
								"down": {"uv": [61, 29.25], "uv_size": [0.5, -1.25]}
							}
						}
					]
				},
				{
					"name": "octagon",
					"parent": "Cogs",
					"pivot": [0, 1.5, -5.75],
					"cubes": [
						{
							"origin": [2.925, 1.21005, -6.45],
							"size": [0.65, 0.5799, 1.4],
							"pivot": [3.625, 1.5, -5.75],
							"rotation": [-45, 0, 0],
							"uv": {
								"north": {"uv": [9, 68], "uv_size": [0.75, 0.5]},
								"east": {"uv": [4, 55], "uv_size": [1.5, 0.5]},
								"south": {"uv": [11, 68], "uv_size": [0.75, 0.5]},
								"west": {"uv": [7, 55], "uv_size": [1.5, 0.5]},
								"up": {"uv": [2, 52], "uv_size": [0.75, 1.5]},
								"down": {"uv": [4, 53.5], "uv_size": [0.75, -1.5]}
							}
						},
						{
							"origin": [2.925, 1.21005, -6.45],
							"size": [0.65, 0.5799, 1.4],
							"uv": {
								"north": {"uv": [13, 68], "uv_size": [0.75, 0.5]},
								"east": {"uv": [55, 11], "uv_size": [1.5, 0.5]},
								"south": {"uv": [15, 68], "uv_size": [0.75, 0.5]},
								"west": {"uv": [55, 16], "uv_size": [1.5, 0.5]},
								"up": {"uv": [6, 52], "uv_size": [0.75, 1.5]},
								"down": {"uv": [8, 53.5], "uv_size": [0.75, -1.5]}
							}
						},
						{
							"origin": [2.925, 0.8, -6.03995],
							"size": [0.65, 1.4, 0.5799],
							"pivot": [3.625, 1.5, -5.75],
							"rotation": [-45, 0, 0],
							"uv": {
								"north": {"uv": [52, 9], "uv_size": [0.75, 1.5]},
								"east": {"uv": [18, 55], "uv_size": [0.5, 1.5]},
								"south": {"uv": [52, 14], "uv_size": [0.75, 1.5]},
								"west": {"uv": [55, 22], "uv_size": [0.5, 1.5]},
								"up": {"uv": [68, 16], "uv_size": [0.75, 0.5]},
								"down": {"uv": [17, 68.5], "uv_size": [0.75, -0.5]}
							}
						},
						{
							"origin": [2.925, 0.8, -6.03995],
							"size": [0.65, 1.4, 0.5799],
							"uv": {
								"north": {"uv": [18, 52], "uv_size": [0.75, 1.5]},
								"east": {"uv": [26, 55], "uv_size": [0.5, 1.5]},
								"south": {"uv": [26, 52], "uv_size": [0.75, 1.5]},
								"west": {"uv": [55, 28], "uv_size": [0.5, 1.5]},
								"up": {"uv": [68, 18], "uv_size": [0.75, 0.5]},
								"down": {"uv": [68, 20.5], "uv_size": [0.75, -0.5]}
							}
						},
						{
							"origin": [-3.575, 0.8, -6.03995],
							"size": [0.65, 1.4, 0.5799],
							"pivot": [-3.625, 1.5, -5.75],
							"rotation": [-45, 0, 0],
							"uv": {
								"north": {"uv": [10, 53], "uv_size": [0.75, 1.5]},
								"east": {"uv": [38, 55], "uv_size": [0.5, 1.5]},
								"south": {"uv": [12, 53], "uv_size": [0.75, 1.5]},
								"west": {"uv": [46, 55], "uv_size": [0.5, 1.5]},
								"up": {"uv": [68, 32], "uv_size": [0.75, 0.5]},
								"down": {"uv": [33, 68.5], "uv_size": [0.75, -0.5]}
							}
						},
						{
							"origin": [-3.575, 0.8, -6.03995],
							"size": [0.65, 1.4, 0.5799],
							"uv": {
								"north": {"uv": [14, 53], "uv_size": [0.75, 1.5]},
								"east": {"uv": [10, 56], "uv_size": [0.5, 1.5]},
								"south": {"uv": [16, 53], "uv_size": [0.75, 1.5]},
								"west": {"uv": [12, 56], "uv_size": [0.5, 1.5]},
								"up": {"uv": [38, 68], "uv_size": [0.75, 0.5]},
								"down": {"uv": [68, 39.5], "uv_size": [0.75, -0.5]}
							}
						},
						{
							"origin": [-3.575, 1.21005, -6.45],
							"size": [0.65, 0.5799, 1.4],
							"uv": {
								"north": {"uv": [26, 68], "uv_size": [0.75, 0.5]},
								"east": {"uv": [56, 6], "uv_size": [1.5, 0.5]},
								"south": {"uv": [28, 68], "uv_size": [0.75, 0.5]},
								"west": {"uv": [56, 8], "uv_size": [1.5, 0.5]},
								"up": {"uv": [52, 50], "uv_size": [0.75, 1.5]},
								"down": {"uv": [53, 4.5], "uv_size": [0.75, -1.5]}
							}
						},
						{
							"origin": [-3.575, 1.21005, -6.45],
							"size": [0.65, 0.5799, 1.4],
							"pivot": [-3.625, 1.5, -5.75],
							"rotation": [-45, 0, 0],
							"uv": {
								"north": {"uv": [22, 68], "uv_size": [0.75, 0.5]},
								"east": {"uv": [55, 18], "uv_size": [1.5, 0.5]},
								"south": {"uv": [68, 22], "uv_size": [0.75, 0.5]},
								"west": {"uv": [56, 0], "uv_size": [1.5, 0.5]},
								"up": {"uv": [46, 52], "uv_size": [0.75, 1.5]},
								"down": {"uv": [52, 48.5], "uv_size": [0.75, -1.5]}
							}
						}
					]
				},
				{
					"name": "octagon3",
					"parent": "Cogs",
					"pivot": [0, 0.75, 4.125],
					"cubes": [
						{
							"origin": [3.074, 0.49484, 3.509],
							"size": [0.572, 0.51031, 1.232],
							"pivot": [3.69, 0.75, 4.125],
							"rotation": [45, 0, 0],
							"uv": {
								"north": {"uv": [71, 34], "uv_size": [0.5, 0.5]},
								"east": {"uv": [28, 58], "uv_size": [1.25, 0.5]},
								"south": {"uv": [71, 36], "uv_size": [0.5, 0.5]},
								"west": {"uv": [58, 30], "uv_size": [1.25, 0.5]},
								"up": {"uv": [31, 58], "uv_size": [0.5, 1.25]},
								"down": {"uv": [33, 59.25], "uv_size": [0.5, -1.25]}
							}
						},
						{
							"origin": [3.074, 0.49484, 3.509],
							"size": [0.572, 0.51031, 1.232],
							"uv": {
								"north": {"uv": [71, 40], "uv_size": [0.5, 0.5]},
								"east": {"uv": [58, 32], "uv_size": [1.25, 0.5]},
								"south": {"uv": [71, 42], "uv_size": [0.5, 0.5]},
								"west": {"uv": [35, 58], "uv_size": [1.25, 0.5]},
								"up": {"uv": [58, 36], "uv_size": [0.5, 1.25]},
								"down": {"uv": [38, 59.25], "uv_size": [0.5, -1.25]}
							}
						},
						{
							"origin": [3.074, 0.134, 3.86984],
							"size": [0.572, 1.232, 0.51031],
							"pivot": [3.69, 0.75, 4.125],
							"rotation": [45, 0, 0],
							"uv": {
								"north": {"uv": [58, 39], "uv_size": [0.5, 1.25]},
								"east": {"uv": [58, 42], "uv_size": [0.5, 1.25]},
								"south": {"uv": [58, 45], "uv_size": [0.5, 1.25]},
								"west": {"uv": [46, 58], "uv_size": [0.5, 1.25]},
								"up": {"uv": [71, 44], "uv_size": [0.5, 0.5]},
								"down": {"uv": [71, 46.5], "uv_size": [0.5, -0.5]}
							}
						},
						{
							"origin": [3.074, 0.134, 3.86984],
							"size": [0.572, 1.232, 0.51031],
							"uv": {
								"north": {"uv": [58, 48], "uv_size": [0.5, 1.25]},
								"east": {"uv": [58, 51], "uv_size": [0.5, 1.25]},
								"south": {"uv": [58, 54], "uv_size": [0.5, 1.25]},
								"west": {"uv": [58, 57], "uv_size": [0.5, 1.25]},
								"up": {"uv": [71, 48], "uv_size": [0.5, 0.5]},
								"down": {"uv": [51, 71.5], "uv_size": [0.5, -0.5]}
							}
						},
						{
							"origin": [-3.646, 0.134, 3.86984],
							"size": [0.572, 1.232, 0.51031],
							"pivot": [-3.69, 0.75, 4.125],
							"rotation": [45, 0, 0],
							"uv": {
								"north": {"uv": [59, 0], "uv_size": [0.5, 1.25]},
								"east": {"uv": [59, 3], "uv_size": [0.5, 1.25]},
								"south": {"uv": [59, 6], "uv_size": [0.5, 1.25]},
								"west": {"uv": [10, 59], "uv_size": [0.5, 1.25]},
								"up": {"uv": [65, 71], "uv_size": [0.5, 0.5]},
								"down": {"uv": [71, 66.5], "uv_size": [0.5, -0.5]}
							}
						},
						{
							"origin": [-3.646, 0.134, 3.86984],
							"size": [0.572, 1.232, 0.51031],
							"uv": {
								"north": {"uv": [12, 59], "uv_size": [0.5, 1.25]},
								"east": {"uv": [59, 20], "uv_size": [0.5, 1.25]},
								"south": {"uv": [24, 59], "uv_size": [0.5, 1.25]},
								"west": {"uv": [59, 27], "uv_size": [0.5, 1.25]},
								"up": {"uv": [67, 71], "uv_size": [0.5, 0.5]},
								"down": {"uv": [71, 68.5], "uv_size": [0.5, -0.5]}
							}
						},
						{
							"origin": [-3.646, 0.49484, 3.509],
							"size": [0.572, 0.51031, 1.232],
							"uv": {
								"north": {"uv": [69, 71], "uv_size": [0.5, 0.5]},
								"east": {"uv": [59, 34], "uv_size": [1.25, 0.5]},
								"south": {"uv": [71, 70], "uv_size": [0.5, 0.5]},
								"west": {"uv": [40, 59], "uv_size": [1.25, 0.5]},
								"up": {"uv": [48, 59], "uv_size": [0.5, 1.25]},
								"down": {"uv": [50, 60.25], "uv_size": [0.5, -1.25]}
							}
						},
						{
							"origin": [-3.646, 0.49484, 3.509],
							"size": [0.572, 0.51031, 1.232],
							"pivot": [-3.69, 0.75, 4.125],
							"rotation": [45, 0, 0],
							"uv": {
								"north": {"uv": [6, 72], "uv_size": [0.5, 0.5]},
								"east": {"uv": [52, 59], "uv_size": [1.25, 0.5]},
								"south": {"uv": [8, 72], "uv_size": [0.5, 0.5]},
								"west": {"uv": [55, 59], "uv_size": [1.25, 0.5]},
								"up": {"uv": [0, 60], "uv_size": [0.5, 1.25]},
								"down": {"uv": [4, 61.25], "uv_size": [0.5, -1.25]}
							}
						}
					]
				},
				{
					"name": "octagon6",
					"parent": "Cogs",
					"pivot": [0, 0.75, -1.875],
					"cubes": [
						{
							"origin": [3.074, 0.49484, -2.491],
							"size": [0.572, 0.51031, 1.232],
							"pivot": [3.69, 0.75, -1.875],
							"rotation": [45, 0, 0],
							"uv": {
								"north": {"uv": [72, 58], "uv_size": [0.5, 0.5]},
								"east": {"uv": [63, 8], "uv_size": [1.25, 0.5]},
								"south": {"uv": [59, 72], "uv_size": [0.5, 0.5]},
								"west": {"uv": [14, 63], "uv_size": [1.25, 0.5]},
								"up": {"uv": [4, 63], "uv_size": [0.5, 1.25]},
								"down": {"uv": [63, 15.25], "uv_size": [0.5, -1.25]}
							}
						},
						{
							"origin": [3.074, 0.49484, -2.491],
							"size": [0.572, 0.51031, 1.232],
							"uv": {
								"north": {"uv": [72, 60], "uv_size": [0.5, 0.5]},
								"east": {"uv": [17, 63], "uv_size": [1.25, 0.5]},
								"south": {"uv": [61, 72], "uv_size": [0.5, 0.5]},
								"west": {"uv": [63, 17], "uv_size": [1.25, 0.5]},
								"up": {"uv": [28, 63], "uv_size": [0.5, 1.25]},
								"down": {"uv": [63, 29.25], "uv_size": [0.5, -1.25]}
							}
						},
						{
							"origin": [3.074, 0.134, -2.13016],
							"size": [0.572, 1.232, 0.51031],
							"pivot": [3.69, 0.75, -1.875],
							"rotation": [45, 0, 0],
							"uv": {
								"north": {"uv": [30, 63], "uv_size": [0.5, 1.25]},
								"east": {"uv": [35, 63], "uv_size": [0.5, 1.25]},
								"south": {"uv": [39, 63], "uv_size": [0.5, 1.25]},
								"west": {"uv": [41, 63], "uv_size": [0.5, 1.25]},
								"up": {"uv": [72, 62], "uv_size": [0.5, 0.5]},
								"down": {"uv": [63, 72.5], "uv_size": [0.5, -0.5]}
							}
						},
						{
							"origin": [3.074, 0.134, -2.13016],
							"size": [0.572, 1.232, 0.51031],
							"uv": {
								"north": {"uv": [43, 63], "uv_size": [0.5, 1.25]},
								"east": {"uv": [45, 63], "uv_size": [0.5, 1.25]},
								"south": {"uv": [58, 63], "uv_size": [0.5, 1.25]},
								"west": {"uv": [60, 63], "uv_size": [0.5, 1.25]},
								"up": {"uv": [72, 64], "uv_size": [0.5, 0.5]},
								"down": {"uv": [71, 72.5], "uv_size": [0.5, -0.5]}
							}
						},
						{
							"origin": [-3.646, 0.134, -2.13016],
							"size": [0.572, 1.232, 0.51031],
							"pivot": [-3.69, 0.75, -1.875],
							"rotation": [45, 0, 0],
							"uv": {
								"north": {"uv": [62, 63], "uv_size": [0.5, 1.25]},
								"east": {"uv": [2, 64], "uv_size": [0.5, 1.25]},
								"south": {"uv": [64, 5], "uv_size": [0.5, 1.25]},
								"west": {"uv": [64, 10], "uv_size": [0.5, 1.25]},
								"up": {"uv": [0, 73], "uv_size": [0.5, 0.5]},
								"down": {"uv": [73, 0.5], "uv_size": [0.5, -0.5]}
							}
						},
						{
							"origin": [-3.646, 0.134, -2.13016],
							"size": [0.572, 1.232, 0.51031],
							"uv": {
								"north": {"uv": [64, 19], "uv_size": [0.5, 1.25]},
								"east": {"uv": [20, 64], "uv_size": [0.5, 1.25]},
								"south": {"uv": [64, 22], "uv_size": [0.5, 1.25]},
								"west": {"uv": [25, 64], "uv_size": [0.5, 1.25]},
								"up": {"uv": [2, 73], "uv_size": [0.5, 0.5]},
								"down": {"uv": [73, 2.5], "uv_size": [0.5, -0.5]}
							}
						},
						{
							"origin": [-3.646, 0.49484, -2.491],
							"size": [0.572, 0.51031, 1.232],
							"uv": {
								"north": {"uv": [4, 73], "uv_size": [0.5, 0.5]},
								"east": {"uv": [64, 25], "uv_size": [1.25, 0.5]},
								"south": {"uv": [73, 4], "uv_size": [0.5, 0.5]},
								"west": {"uv": [64, 31], "uv_size": [1.25, 0.5]},
								"up": {"uv": [32, 64], "uv_size": [0.5, 1.25]},
								"down": {"uv": [64, 34.25], "uv_size": [0.5, -1.25]}
							}
						},
						{
							"origin": [-3.646, 0.49484, -2.491],
							"size": [0.572, 0.51031, 1.232],
							"pivot": [-3.69, 0.75, -1.875],
							"rotation": [45, 0, 0],
							"uv": {
								"north": {"uv": [73, 6], "uv_size": [0.5, 0.5]},
								"east": {"uv": [64, 36], "uv_size": [1.25, 0.5]},
								"south": {"uv": [73, 8], "uv_size": [0.5, 0.5]},
								"west": {"uv": [64, 38], "uv_size": [1.25, 0.5]},
								"up": {"uv": [37, 64], "uv_size": [0.5, 1.25]},
								"down": {"uv": [64, 41.25], "uv_size": [0.5, -1.25]}
							}
						}
					]
				},
				{
					"name": "octagon5",
					"parent": "Cogs",
					"pivot": [0, 0.75, 0.125],
					"cubes": [
						{
							"origin": [3.074, 0.49484, -0.491],
							"size": [0.572, 0.51031, 1.232],
							"pivot": [3.69, 0.75, 0.125],
							"rotation": [45, 0, 0],
							"uv": {
								"north": {"uv": [72, 32], "uv_size": [0.5, 0.5]},
								"east": {"uv": [30, 61], "uv_size": [1.25, 0.5]},
								"south": {"uv": [36, 72], "uv_size": [0.5, 0.5]},
								"west": {"uv": [61, 31], "uv_size": [1.25, 0.5]},
								"up": {"uv": [33, 61], "uv_size": [0.5, 1.25]},
								"down": {"uv": [37, 62.25], "uv_size": [0.5, -1.25]}
							}
						},
						{
							"origin": [3.074, 0.49484, -0.491],
							"size": [0.572, 0.51031, 1.232],
							"uv": {
								"north": {"uv": [38, 72], "uv_size": [0.5, 0.5]},
								"east": {"uv": [39, 61], "uv_size": [1.25, 0.5]},
								"south": {"uv": [72, 38], "uv_size": [0.5, 0.5]},
								"west": {"uv": [45, 61], "uv_size": [1.25, 0.5]},
								"up": {"uv": [52, 61], "uv_size": [0.5, 1.25]},
								"down": {"uv": [54, 62.25], "uv_size": [0.5, -1.25]}
							}
						},
						{
							"origin": [3.074, 0.134, -0.13016],
							"size": [0.572, 1.232, 0.51031],
							"pivot": [3.69, 0.75, 0.125],
							"rotation": [45, 0, 0],
							"uv": {
								"north": {"uv": [56, 61], "uv_size": [0.5, 1.25]},
								"east": {"uv": [6, 62], "uv_size": [0.5, 1.25]},
								"south": {"uv": [8, 62], "uv_size": [0.5, 1.25]},
								"west": {"uv": [10, 62], "uv_size": [0.5, 1.25]},
								"up": {"uv": [40, 72], "uv_size": [0.5, 0.5]},
								"down": {"uv": [42, 72.5], "uv_size": [0.5, -0.5]}
							}
						},
						{
							"origin": [3.074, 0.134, -0.13016],
							"size": [0.572, 1.232, 0.51031],
							"uv": {
								"north": {"uv": [62, 11], "uv_size": [0.5, 1.25]},
								"east": {"uv": [12, 62], "uv_size": [0.5, 1.25]},
								"south": {"uv": [23, 62], "uv_size": [0.5, 1.25]},
								"west": {"uv": [62, 23], "uv_size": [0.5, 1.25]},
								"up": {"uv": [44, 72], "uv_size": [0.5, 0.5]},
								"down": {"uv": [46, 72.5], "uv_size": [0.5, -0.5]}
							}
						},
						{
							"origin": [-3.646, 0.134, -0.13016],
							"size": [0.572, 1.232, 0.51031],
							"pivot": [-3.69, 0.75, 0.125],
							"rotation": [45, 0, 0],
							"uv": {
								"north": {"uv": [62, 33], "uv_size": [0.5, 1.25]},
								"east": {"uv": [62, 36], "uv_size": [0.5, 1.25]},
								"south": {"uv": [62, 39], "uv_size": [0.5, 1.25]},
								"west": {"uv": [62, 42], "uv_size": [0.5, 1.25]},
								"up": {"uv": [48, 72], "uv_size": [0.5, 0.5]},
								"down": {"uv": [72, 50.5], "uv_size": [0.5, -0.5]}
							}
						},
						{
							"origin": [-3.646, 0.134, -0.13016],
							"size": [0.572, 1.232, 0.51031],
							"uv": {
								"north": {"uv": [62, 45], "uv_size": [0.5, 1.25]},
								"east": {"uv": [48, 62], "uv_size": [0.5, 1.25]},
								"south": {"uv": [62, 48], "uv_size": [0.5, 1.25]},
								"west": {"uv": [50, 62], "uv_size": [0.5, 1.25]},
								"up": {"uv": [72, 52], "uv_size": [0.5, 0.5]},
								"down": {"uv": [53, 72.5], "uv_size": [0.5, -0.5]}
							}
						},
						{
							"origin": [-3.646, 0.49484, -0.491],
							"size": [0.572, 0.51031, 1.232],
							"uv": {
								"north": {"uv": [72, 54], "uv_size": [0.5, 0.5]},
								"east": {"uv": [62, 51], "uv_size": [1.25, 0.5]},
								"south": {"uv": [55, 72], "uv_size": [0.5, 0.5]},
								"west": {"uv": [62, 53], "uv_size": [1.25, 0.5]},
								"up": {"uv": [62, 55], "uv_size": [0.5, 1.25]},
								"down": {"uv": [62, 59.25], "uv_size": [0.5, -1.25]}
							}
						},
						{
							"origin": [-3.646, 0.49484, -0.491],
							"size": [0.572, 0.51031, 1.232],
							"pivot": [-3.69, 0.75, 0.125],
							"rotation": [45, 0, 0],
							"uv": {
								"north": {"uv": [72, 56], "uv_size": [0.5, 0.5]},
								"east": {"uv": [62, 61], "uv_size": [1.25, 0.5]},
								"south": {"uv": [57, 72], "uv_size": [0.5, 0.5]},
								"west": {"uv": [63, 0], "uv_size": [1.25, 0.5]},
								"up": {"uv": [0, 63], "uv_size": [0.5, 1.25]},
								"down": {"uv": [63, 3.25], "uv_size": [0.5, -1.25]}
							}
						}
					]
				},
				{
					"name": "octagon7",
					"parent": "Cogs",
					"pivot": [0, 0.75, -4],
					"cubes": [
						{
							"origin": [3.074, 0.49484, -4.616],
							"size": [0.572, 0.51031, 1.232],
							"pivot": [3.69, 0.75, -4],
							"rotation": [45, 0, 0],
							"uv": {
								"north": {"uv": [73, 10], "uv_size": [0.5, 0.5]},
								"east": {"uv": [64, 43], "uv_size": [1.25, 0.5]},
								"south": {"uv": [18, 73], "uv_size": [0.5, 0.5]},
								"west": {"uv": [64, 45], "uv_size": [1.25, 0.5]},
								"up": {"uv": [64, 47], "uv_size": [0.5, 1.25]},
								"down": {"uv": [52, 65.25], "uv_size": [0.5, -1.25]}
							}
						},
						{
							"origin": [3.074, 0.49484, -4.616],
							"size": [0.572, 0.51031, 1.232],
							"uv": {
								"north": {"uv": [22, 73], "uv_size": [0.5, 0.5]},
								"east": {"uv": [54, 64], "uv_size": [1.25, 0.5]},
								"south": {"uv": [73, 28], "uv_size": [0.5, 0.5]},
								"west": {"uv": [64, 55], "uv_size": [1.25, 0.5]},
								"up": {"uv": [64, 57], "uv_size": [0.5, 1.25]},
								"down": {"uv": [64, 64.25], "uv_size": [0.5, -1.25]}
							}
						},
						{
							"origin": [3.074, 0.134, -4.25516],
							"size": [0.572, 1.232, 0.51031],
							"pivot": [3.69, 0.75, -4],
							"rotation": [45, 0, 0],
							"uv": {
								"north": {"uv": [65, 2], "uv_size": [0.5, 1.25]},
								"east": {"uv": [6, 65], "uv_size": [0.5, 1.25]},
								"south": {"uv": [8, 65], "uv_size": [0.5, 1.25]},
								"west": {"uv": [10, 65], "uv_size": [0.5, 1.25]},
								"up": {"uv": [29, 73], "uv_size": [0.5, 0.5]},
								"down": {"uv": [73, 30.5], "uv_size": [0.5, -0.5]}
							}
						},
						{
							"origin": [3.074, 0.134, -4.25516],
							"size": [0.572, 1.232, 0.51031],
							"uv": {
								"north": {"uv": [12, 65], "uv_size": [0.5, 1.25]},
								"east": {"uv": [65, 13], "uv_size": [0.5, 1.25]},
								"south": {"uv": [14, 65], "uv_size": [0.5, 1.25]},
								"west": {"uv": [16, 65], "uv_size": [0.5, 1.25]},
								"up": {"uv": [34, 73], "uv_size": [0.5, 0.5]},
								"down": {"uv": [73, 34.5], "uv_size": [0.5, -0.5]}
							}
						},
						{
							"origin": [-3.646, 0.134, -4.25516],
							"size": [0.572, 1.232, 0.51031],
							"pivot": [-3.69, 0.75, -4],
							"rotation": [45, 0, 0],
							"uv": {
								"north": {"uv": [18, 65], "uv_size": [0.5, 1.25]},
								"east": {"uv": [22, 65], "uv_size": [0.5, 1.25]},
								"south": {"uv": [65, 27], "uv_size": [0.5, 1.25]},
								"west": {"uv": [47, 65], "uv_size": [0.5, 1.25]},
								"up": {"uv": [73, 36], "uv_size": [0.5, 0.5]},
								"down": {"uv": [73, 40.5], "uv_size": [0.5, -0.5]}
							}
						},
						{
							"origin": [-3.646, 0.134, -4.25516],
							"size": [0.572, 1.232, 0.51031],
							"uv": {
								"north": {"uv": [49, 65], "uv_size": [0.5, 1.25]},
								"east": {"uv": [65, 50], "uv_size": [0.5, 1.25]},
								"south": {"uv": [65, 60], "uv_size": [0.5, 1.25]},
								"west": {"uv": [0, 66], "uv_size": [0.5, 1.25]},
								"up": {"uv": [73, 42], "uv_size": [0.5, 0.5]},
								"down": {"uv": [73, 44.5], "uv_size": [0.5, -0.5]}
							}
						},
						{
							"origin": [-3.646, 0.49484, -4.616],
							"size": [0.572, 0.51031, 1.232],
							"uv": {
								"north": {"uv": [73, 46], "uv_size": [0.5, 0.5]},
								"east": {"uv": [65, 53], "uv_size": [1.25, 0.5]},
								"south": {"uv": [73, 48], "uv_size": [0.5, 0.5]},
								"west": {"uv": [66, 0], "uv_size": [1.25, 0.5]},
								"up": {"uv": [4, 66], "uv_size": [0.5, 1.25]},
								"down": {"uv": [66, 6.25], "uv_size": [0.5, -1.25]}
							}
						},
						{
							"origin": [-3.646, 0.49484, -4.616],
							"size": [0.572, 0.51031, 1.232],
							"pivot": [-3.69, 0.75, -4],
							"rotation": [45, 0, 0],
							"uv": {
								"north": {"uv": [50, 73], "uv_size": [0.5, 0.5]},
								"east": {"uv": [66, 8], "uv_size": [1.25, 0.5]},
								"south": {"uv": [65, 73], "uv_size": [0.5, 0.5]},
								"west": {"uv": [66, 10], "uv_size": [1.25, 0.5]},
								"up": {"uv": [66, 16], "uv_size": [0.5, 1.25]},
								"down": {"uv": [66, 20.25], "uv_size": [0.5, -1.25]}
							}
						}
					]
				},
				{
					"name": "octagon2",
					"parent": "Cogs",
					"pivot": [0, 1.625, 5.625],
					"cubes": [
						{
							"origin": [3.074, 1.36984, 5.009],
							"size": [0.572, 0.51031, 1.232],
							"pivot": [3.69, 1.625, 5.625],
							"rotation": [45, 0, 0],
							"uv": {
								"north": {"uv": [70, 64], "uv_size": [0.5, 0.5]},
								"east": {"uv": [28, 56], "uv_size": [1.25, 0.5]},
								"south": {"uv": [0, 71], "uv_size": [0.5, 0.5]},
								"west": {"uv": [31, 56], "uv_size": [1.25, 0.5]},
								"up": {"uv": [24, 56], "uv_size": [0.5, 1.25]},
								"down": {"uv": [56, 32.25], "uv_size": [0.5, -1.25]}
							}
						},
						{
							"origin": [3.074, 1.36984, 5.009],
							"size": [0.572, 0.51031, 1.232],
							"uv": {
								"north": {"uv": [71, 0], "uv_size": [0.5, 0.5]},
								"east": {"uv": [34, 56], "uv_size": [1.25, 0.5]},
								"south": {"uv": [2, 71], "uv_size": [0.5, 0.5]},
								"west": {"uv": [56, 34], "uv_size": [1.25, 0.5]},
								"up": {"uv": [40, 56], "uv_size": [0.5, 1.25]},
								"down": {"uv": [42, 57.25], "uv_size": [0.5, -1.25]}
							}
						},
						{
							"origin": [3.074, 1.009, 5.36984],
							"size": [0.572, 1.232, 0.51031],
							"pivot": [3.69, 1.625, 5.625],
							"rotation": [45, 0, 0],
							"uv": {
								"north": {"uv": [48, 56], "uv_size": [0.5, 1.25]},
								"east": {"uv": [50, 56], "uv_size": [0.5, 1.25]},
								"south": {"uv": [52, 56], "uv_size": [0.5, 1.25]},
								"west": {"uv": [56, 53], "uv_size": [0.5, 1.25]},
								"up": {"uv": [71, 2], "uv_size": [0.5, 0.5]},
								"down": {"uv": [4, 71.5], "uv_size": [0.5, -0.5]}
							}
						},
						{
							"origin": [3.074, 1.009, 5.36984],
							"size": [0.572, 1.232, 0.51031],
							"uv": {
								"north": {"uv": [54, 56], "uv_size": [0.5, 1.25]},
								"east": {"uv": [56, 56], "uv_size": [0.5, 1.25]},
								"south": {"uv": [0, 57], "uv_size": [0.5, 1.25]},
								"west": {"uv": [57, 2], "uv_size": [0.5, 1.25]},
								"up": {"uv": [71, 4], "uv_size": [0.5, 0.5]},
								"down": {"uv": [71, 6.5], "uv_size": [0.5, -0.5]}
							}
						},
						{
							"origin": [-3.646, 1.009, 5.36984],
							"size": [0.572, 1.232, 0.51031],
							"pivot": [-3.69, 1.625, 5.625],
							"rotation": [45, 0, 0],
							"uv": {
								"north": {"uv": [4, 57], "uv_size": [0.5, 1.25]},
								"east": {"uv": [6, 57], "uv_size": [0.5, 1.25]},
								"south": {"uv": [8, 57], "uv_size": [0.5, 1.25]},
								"west": {"uv": [57, 20], "uv_size": [0.5, 1.25]},
								"up": {"uv": [71, 8], "uv_size": [0.5, 0.5]},
								"down": {"uv": [71, 10.5], "uv_size": [0.5, -0.5]}
							}
						},
						{
							"origin": [-3.646, 1.009, 5.36984],
							"size": [0.572, 1.232, 0.51031],
							"uv": {
								"north": {"uv": [57, 27], "uv_size": [0.5, 1.25]},
								"east": {"uv": [44, 57], "uv_size": [0.5, 1.25]},
								"south": {"uv": [2, 58], "uv_size": [0.5, 1.25]},
								"west": {"uv": [58, 10], "uv_size": [0.5, 1.25]},
								"up": {"uv": [18, 71], "uv_size": [0.5, 0.5]},
								"down": {"uv": [23, 71.5], "uv_size": [0.5, -0.5]}
							}
						},
						{
							"origin": [-3.646, 1.36984, 5.009],
							"size": [0.572, 0.51031, 1.232],
							"uv": {
								"north": {"uv": [71, 28], "uv_size": [0.5, 0.5]},
								"east": {"uv": [57, 23], "uv_size": [1.25, 0.5]},
								"south": {"uv": [30, 71], "uv_size": [0.5, 0.5]},
								"west": {"uv": [14, 58], "uv_size": [1.25, 0.5]},
								"up": {"uv": [58, 15], "uv_size": [0.5, 1.25]},
								"down": {"uv": [17, 59.25], "uv_size": [0.5, -1.25]}
							}
						},
						{
							"origin": [-3.646, 1.36984, 5.009],
							"size": [0.572, 0.51031, 1.232],
							"pivot": [-3.69, 1.625, 5.625],
							"rotation": [45, 0, 0],
							"uv": {
								"north": {"uv": [71, 30], "uv_size": [0.5, 0.5]},
								"east": {"uv": [58, 18], "uv_size": [1.25, 0.5]},
								"south": {"uv": [34, 71], "uv_size": [0.5, 0.5]},
								"west": {"uv": [19, 58], "uv_size": [1.25, 0.5]},
								"up": {"uv": [22, 58], "uv_size": [0.5, 1.25]},
								"down": {"uv": [26, 59.25], "uv_size": [0.5, -1.25]}
							}
						}
					]
				}
			]
		}
	]
}
