{
	"format_version": "1.12.0",
	"minecraft:geometry": [
		{
			"description": {
				"identifier": "geometry.t1_turret",
				"texture_width": 64,
				"texture_height": 64,
				"visible_bounds_width": 10.5,
				"visible_bounds_height": 10.5,
				"visible_bounds_offset": [0, 0.25, 0]
			},
			"bones": [
				{
					"name": "bb_main",
					"pivot": [0, 0, 0],
					"cubes": [
						{
							"origin": [-4, 0.5, -5],
							"size": [8, 0.5, 1],
							"pivot": [4, 1, -4],
							"rotation": [42.5, 0, 0],
							"uv": {
								"north": {"uv": [29, 24], "uv_size": [8, 0.5]},
								"east": {"uv": [7, 23], "uv_size": [1, 0.5]},
								"south": {"uv": [29, 25], "uv_size": [8, 0.5]},
								"west": {"uv": [7, 24], "uv_size": [1, 0.5]},
								"up": {"uv": [0, 25], "uv_size": [8, 1]},
								"down": {"uv": [10, 26], "uv_size": [8, -1]}
							}
						},
						{
							"origin": [-4, 0.5, 4],
							"size": [8, 0.5, 1],
							"pivot": [4, 1, 4],
							"rotation": [-42.5, 0, 0],
							"uv": {
								"north": {"uv": [29, 26], "uv_size": [8, 0.5]},
								"east": {"uv": [36, 8], "uv_size": [1, 0.5]},
								"south": {"uv": [29, 27], "uv_size": [8, 0.5]},
								"west": {"uv": [13, 36], "uv_size": [1, 0.5]},
								"up": {"uv": [25, 16], "uv_size": [8, 1]},
								"down": {"uv": [25, 18], "uv_size": [8, -1]}
							}
						},
						{
							"origin": [-4, 0, -4],
							"size": [8, 1, 8],
							"uv": {
								"north": {"uv": [10, 24], "uv_size": [8, 1]},
								"east": {"uv": [18, 24], "uv_size": [8, 1]},
								"south": {"uv": [24, 22], "uv_size": [8, 1]},
								"west": {"uv": [24, 23], "uv_size": [8, 1]},
								"up": {"uv": [0, 0], "uv_size": [8, 8]},
								"down": {"uv": [0, 16], "uv_size": [8, -8]}
							}
						},
						{
							"origin": [3.63406, 0.05899, -4],
							"size": [1, 0.5, 8],
							"pivot": [4.38406, 0.30899, 0],
							"rotation": [0, 0, 42.5],
							"uv": {
								"north": {"uv": [14, 36], "uv_size": [1, 0.5]},
								"east": {"uv": [29, 28], "uv_size": [8, 0.5]},
								"south": {"uv": [15, 36], "uv_size": [1, 0.5]},
								"west": {"uv": [29, 29], "uv_size": [8, 0.5]},
								"up": {"uv": [18, 25], "uv_size": [1, 8]},
								"down": {"uv": [19, 33], "uv_size": [1, -8]}
							}
						},
						{
							"origin": [-4.63406, 0.05899, -4],
							"size": [1, 0.5, 8],
							"pivot": [-4.38406, 0.30899, 0],
							"rotation": [0, 0, -42.5],
							"uv": {
								"north": {"uv": [28, 36], "uv_size": [1, 0.5]},
								"east": {"uv": [30, 0], "uv_size": [8, 0.5]},
								"south": {"uv": [29, 36], "uv_size": [1, 0.5]},
								"west": {"uv": [30, 1], "uv_size": [8, 0.5]},
								"up": {"uv": [20, 25], "uv_size": [1, 8]},
								"down": {"uv": [21, 33], "uv_size": [1, -8]}
							}
						},
						{
							"origin": [-4, -0.02559, -4.73728],
							"size": [8, 0.35, 1],
							"uv": {
								"north": {"uv": [33, 10], "uv_size": [8, 0.25]},
								"east": {"uv": [39, 34], "uv_size": [1, 0.25]},
								"south": {"uv": [11, 33], "uv_size": [8, 0.25]},
								"west": {"uv": [35, 39], "uv_size": [1, 0.25]},
								"up": {"uv": [25, 14], "uv_size": [8, 1]},
								"down": {"uv": [25, 16], "uv_size": [8, -1]}
							}
						},
						{
							"origin": [3.73728, -0.02559, -4],
							"size": [1, 0.35, 8],
							"uv": {
								"north": {"uv": [39, 36], "uv_size": [1, 0.25]},
								"east": {"uv": [33, 13], "uv_size": [8, 0.25]},
								"south": {"uv": [37, 39], "uv_size": [1, 0.25]},
								"west": {"uv": [33, 14], "uv_size": [8, 0.25]},
								"up": {"uv": [22, 25], "uv_size": [1, 8]},
								"down": {"uv": [23, 33], "uv_size": [1, -8]}
							}
						},
						{
							"origin": [-4.73728, -0.02559, -4],
							"size": [1, 0.35, 8],
							"uv": {
								"north": {"uv": [39, 37], "uv_size": [1, 0.25]},
								"east": {"uv": [33, 15], "uv_size": [8, 0.25]},
								"south": {"uv": [38, 39], "uv_size": [1, 0.25]},
								"west": {"uv": [33, 16], "uv_size": [8, 0.25]},
								"up": {"uv": [24, 25], "uv_size": [1, 8]},
								"down": {"uv": [25, 33], "uv_size": [1, -8]}
							}
						},
						{
							"origin": [-4, -0.02559, 3.73728],
							"size": [8, 0.35, 1],
							"uv": {
								"north": {"uv": [33, 11], "uv_size": [8, 0.25]},
								"east": {"uv": [39, 35], "uv_size": [1, 0.25]},
								"south": {"uv": [33, 12], "uv_size": [8, 0.25]},
								"west": {"uv": [36, 39], "uv_size": [1, 0.25]},
								"up": {"uv": [25, 18], "uv_size": [8, 1]},
								"down": {"uv": [25, 20], "uv_size": [8, -1]}
							}
						}
					]
				},
				{
					"name": "Turret",
					"pivot": [0, 0.95865, -0.27618],
					"cubes": [
						{
							"origin": [-2.5, 1, -2.5],
							"size": [5, 0.5, 5],
							"uv": {
								"north": {"uv": [32, 30], "uv_size": [4, 0.5]},
								"east": {"uv": [32, 31], "uv_size": [4, 0.5]},
								"south": {"uv": [0, 33], "uv_size": [4, 0.5]},
								"west": {"uv": [4, 33], "uv_size": [4, 0.5]},
								"up": {"uv": [14, 15], "uv_size": [4, 4]},
								"down": {"uv": [0, 20], "uv_size": [4, -4]}
							}
						},
						{
							"origin": [-3, 1.5, -3.5],
							"size": [6, 0.5, 7],
							"uv": {
								"north": {"uv": [10, 23], "uv_size": [6, 0.5]},
								"east": {"uv": [30, 2], "uv_size": [7, 0.5]},
								"south": {"uv": [30, 8], "uv_size": [6, 0.5]},
								"west": {"uv": [30, 3], "uv_size": [7, 0.5]},
								"up": {"uv": [8, 0], "uv_size": [6, 7]},
								"down": {"uv": [8, 14], "uv_size": [6, -7]}
							}
						},
						{
							"origin": [1, 2, -3.5],
							"size": [2, 1.5, 7],
							"uv": {
								"north": {"uv": [30, 9], "uv_size": [2, 1.5]},
								"east": {"uv": [20, 6], "uv_size": [7, 1.5]},
								"south": {"uv": [30, 11], "uv_size": [2, 1.5]},
								"west": {"uv": [20, 8], "uv_size": [7, 1.5]},
								"up": {"uv": [4, 16], "uv_size": [2, 7]},
								"down": {"uv": [6, 23], "uv_size": [2, -7]}
							}
						},
						{
							"origin": [1, 3.5, -3.5],
							"size": [2, 2.8, 1.5],
							"pivot": [3, 3.5, -3.5],
							"rotation": [-45, 0, 0],
							"uv": {
								"north": {"uv": [2, 20], "uv_size": [2, 2.75]},
								"east": {"uv": [6, 29], "uv_size": [1.5, 2.75]},
								"south": {"uv": [4, 26], "uv_size": [2, 2.75]},
								"west": {"uv": [8, 29], "uv_size": [1.5, 2.75]},
								"up": {"uv": [0, 31], "uv_size": [2, 1.5]},
								"down": {"uv": [2, 32.5], "uv_size": [2, -1.5]}
							}
						},
						{
							"origin": [1.125, 3.625, -3.625],
							"size": [1.75, 2.55, 0.125],
							"pivot": [3, 3.5, -3.5],
							"rotation": [-45, 0, 0],
							"uv": {
								"north": {"uv": [16, 26], "uv_size": [1.75, 2.5]},
								"east": {"uv": [35, 34], "uv_size": [0.25, 2.5]},
								"south": {"uv": [0, 28], "uv_size": [1.75, 2.5]},
								"west": {"uv": [10, 36], "uv_size": [0.25, 2.5]},
								"up": {"uv": [37, 31], "uv_size": [1.75, 0.25]},
								"down": {"uv": [38, 0.25], "uv_size": [1.75, -0.25]}
							}
						},
						{
							"origin": [-2.875, 3.625, -3.625],
							"size": [1.75, 2.55, 0.125],
							"pivot": [3, 3.5, -3.5],
							"rotation": [-45, 0, 0],
							"uv": {
								"north": {"uv": [2, 28], "uv_size": [1.75, 2.5]},
								"east": {"uv": [11, 36], "uv_size": [0.25, 2.5]},
								"south": {"uv": [4, 29], "uv_size": [1.75, 2.5]},
								"west": {"uv": [12, 36], "uv_size": [0.25, 2.5]},
								"up": {"uv": [38, 1], "uv_size": [1.75, 0.25]},
								"down": {"uv": [38, 2.25], "uv_size": [1.75, -0.25]}
							}
						},
						{
							"origin": [-3, 3.5, -3.5],
							"size": [2, 2.8, 1.5],
							"pivot": [-3, 3.5, -3.5],
							"rotation": [-45, 0, 0],
							"uv": {
								"north": {"uv": [6, 26], "uv_size": [2, 2.75]},
								"east": {"uv": [10, 29], "uv_size": [1.5, 2.75]},
								"south": {"uv": [8, 26], "uv_size": [2, 2.75]},
								"west": {"uv": [12, 29], "uv_size": [1.5, 2.75]},
								"up": {"uv": [14, 31], "uv_size": [2, 1.5]},
								"down": {"uv": [16, 32.5], "uv_size": [2, -1.5]}
							}
						},
						{
							"origin": [-1, 2, -1.5],
							"size": [2, 1.5, 5],
							"uv": {
								"north": {"uv": [28, 30], "uv_size": [2, 1.5]},
								"east": {"uv": [2, 23], "uv_size": [5, 1.5]},
								"south": {"uv": [30, 30], "uv_size": [2, 1.5]},
								"west": {"uv": [25, 20], "uv_size": [5, 1.5]},
								"up": {"uv": [16, 19], "uv_size": [2, 5]},
								"down": {"uv": [0, 25], "uv_size": [2, -5]}
							}
						},
						{
							"origin": [-3, 2, -3.5],
							"size": [2, 1.5, 7],
							"uv": {
								"north": {"uv": [30, 20], "uv_size": [2, 1.5]},
								"east": {"uv": [20, 10], "uv_size": [7, 1.5]},
								"south": {"uv": [26, 30], "uv_size": [2, 1.5]},
								"west": {"uv": [20, 12], "uv_size": [7, 1.5]},
								"up": {"uv": [18, 15], "uv_size": [2, 7]},
								"down": {"uv": [8, 26], "uv_size": [2, -7]}
							}
						},
						{
							"origin": [-3, 3.5, -1.5],
							"size": [6, 2, 5],
							"uv": {
								"north": {"uv": [10, 19], "uv_size": [6, 2]},
								"east": {"uv": [20, 14], "uv_size": [5, 2]},
								"south": {"uv": [20, 0], "uv_size": [6, 2]},
								"west": {"uv": [20, 16], "uv_size": [5, 2]},
								"up": {"uv": [14, 0], "uv_size": [6, 5]},
								"down": {"uv": [14, 10], "uv_size": [6, -5]}
							}
						},
						{
							"origin": [-2.875, 5.5, -1.375],
							"size": [5.75, 0.125, 4.75],
							"uv": {
								"north": {"uv": [35, 9], "uv_size": [5.75, 0.25]},
								"east": {"uv": [35, 20], "uv_size": [4.75, 0.25]},
								"south": {"uv": [10, 35], "uv_size": [5.75, 0.25]},
								"west": {"uv": [28, 35], "uv_size": [4.75, 0.25]},
								"up": {"uv": [8, 14], "uv_size": [5.75, 4.75]},
								"down": {"uv": [14, 14.75], "uv_size": [5.75, -4.75]}
							}
						},
						{
							"origin": [3, 5.25, 3.25],
							"size": [0.125, 0.125, 0.125],
							"uv": {
								"north": {"uv": [41, 11], "uv_size": [0.25, 0.25]},
								"east": {"uv": [12, 41], "uv_size": [0.25, 0.25]},
								"south": {"uv": [41, 12], "uv_size": [0.25, 0.25]},
								"west": {"uv": [13, 41], "uv_size": [0.25, 0.25]},
								"up": {"uv": [41, 13], "uv_size": [0.25, 0.25]},
								"down": {"uv": [14, 41.25], "uv_size": [0.25, -0.25]}
							}
						},
						{
							"origin": [3, 4, 3.25],
							"size": [0.125, 0.125, 0.125],
							"uv": {
								"north": {"uv": [41, 14], "uv_size": [0.25, 0.25]},
								"east": {"uv": [15, 41], "uv_size": [0.25, 0.25]},
								"south": {"uv": [41, 15], "uv_size": [0.25, 0.25]},
								"west": {"uv": [16, 41], "uv_size": [0.25, 0.25]},
								"up": {"uv": [41, 16], "uv_size": [0.25, 0.25]},
								"down": {"uv": [17, 41.25], "uv_size": [0.25, -0.25]}
							}
						},
						{
							"origin": [3, 4, 2],
							"size": [0.125, 0.125, 0.125],
							"uv": {
								"north": {"uv": [41, 17], "uv_size": [0.25, 0.25]},
								"east": {"uv": [18, 41], "uv_size": [0.25, 0.25]},
								"south": {"uv": [41, 18], "uv_size": [0.25, 0.25]},
								"west": {"uv": [19, 41], "uv_size": [0.25, 0.25]},
								"up": {"uv": [41, 19], "uv_size": [0.25, 0.25]},
								"down": {"uv": [20, 41.25], "uv_size": [0.25, -0.25]}
							}
						},
						{
							"origin": [3, 2.75, 2],
							"size": [0.125, 0.125, 0.125],
							"uv": {
								"north": {"uv": [41, 23], "uv_size": [0.25, 0.25]},
								"east": {"uv": [24, 41], "uv_size": [0.25, 0.25]},
								"south": {"uv": [41, 24], "uv_size": [0.25, 0.25]},
								"west": {"uv": [25, 41], "uv_size": [0.25, 0.25]},
								"up": {"uv": [41, 25], "uv_size": [0.25, 0.25]},
								"down": {"uv": [26, 41.25], "uv_size": [0.25, -0.25]}
							}
						},
						{
							"origin": [3, 2.75, 3.25],
							"size": [0.125, 0.125, 0.125],
							"uv": {
								"north": {"uv": [41, 26], "uv_size": [0.25, 0.25]},
								"east": {"uv": [27, 41], "uv_size": [0.25, 0.25]},
								"south": {"uv": [41, 27], "uv_size": [0.25, 0.25]},
								"west": {"uv": [28, 41], "uv_size": [0.25, 0.25]},
								"up": {"uv": [41, 28], "uv_size": [0.25, 0.25]},
								"down": {"uv": [29, 41.25], "uv_size": [0.25, -0.25]}
							}
						},
						{
							"origin": [3, 1.625, 3.25],
							"size": [0.125, 0.125, 0.125],
							"uv": {
								"north": {"uv": [41, 29], "uv_size": [0.25, 0.25]},
								"east": {"uv": [30, 41], "uv_size": [0.25, 0.25]},
								"south": {"uv": [41, 30], "uv_size": [0.25, 0.25]},
								"west": {"uv": [31, 41], "uv_size": [0.25, 0.25]},
								"up": {"uv": [41, 31], "uv_size": [0.25, 0.25]},
								"down": {"uv": [32, 41.25], "uv_size": [0.25, -0.25]}
							}
						},
						{
							"origin": [3, 1.625, 2],
							"size": [0.125, 0.125, 0.125],
							"uv": {
								"north": {"uv": [41, 32], "uv_size": [0.25, 0.25]},
								"east": {"uv": [33, 41], "uv_size": [0.25, 0.25]},
								"south": {"uv": [41, 33], "uv_size": [0.25, 0.25]},
								"west": {"uv": [34, 41], "uv_size": [0.25, 0.25]},
								"up": {"uv": [41, 34], "uv_size": [0.25, 0.25]},
								"down": {"uv": [35, 41.25], "uv_size": [0.25, -0.25]}
							}
						},
						{
							"origin": [3.125, 1.625, 2],
							"size": [0.125, 0.125, 1.375],
							"uv": {
								"north": {"uv": [41, 35], "uv_size": [0.25, 0.25]},
								"east": {"uv": [29, 38], "uv_size": [1.5, 0.25]},
								"south": {"uv": [36, 41], "uv_size": [0.25, 0.25]},
								"west": {"uv": [38, 30], "uv_size": [1.5, 0.25]},
								"up": {"uv": [38, 34], "uv_size": [0.25, 1.5]},
								"down": {"uv": [38, 37.5], "uv_size": [0.25, -1.5]}
							}
						},
						{
							"origin": [3.125, 2.75, 2],
							"size": [0.125, 0.125, 1.375],
							"uv": {
								"north": {"uv": [41, 36], "uv_size": [0.25, 0.25]},
								"east": {"uv": [37, 38], "uv_size": [1.5, 0.25]},
								"south": {"uv": [37, 41], "uv_size": [0.25, 0.25]},
								"west": {"uv": [10, 39], "uv_size": [1.5, 0.25]},
								"up": {"uv": [12, 39], "uv_size": [0.25, 1.5]},
								"down": {"uv": [39, 25.5], "uv_size": [0.25, -1.5]}
							}
						},
						{
							"origin": [3.125, 5.25, 2],
							"size": [0.125, 0.125, 1.375],
							"uv": {
								"north": {"uv": [41, 37], "uv_size": [0.25, 0.25]},
								"east": {"uv": [39, 28], "uv_size": [1.5, 0.25]},
								"south": {"uv": [38, 41], "uv_size": [0.25, 0.25]},
								"west": {"uv": [29, 39], "uv_size": [1.5, 0.25]},
								"up": {"uv": [31, 39], "uv_size": [0.25, 1.5]},
								"down": {"uv": [32, 40.5], "uv_size": [0.25, -1.5]}
							}
						},
						{
							"origin": [3.125, 4, 2],
							"size": [0.125, 0.125, 1.375],
							"uv": {
								"north": {"uv": [41, 38], "uv_size": [0.25, 0.25]},
								"east": {"uv": [39, 29], "uv_size": [1.5, 0.25]},
								"south": {"uv": [39, 41], "uv_size": [0.25, 0.25]},
								"west": {"uv": [39, 31], "uv_size": [1.5, 0.25]},
								"up": {"uv": [33, 39], "uv_size": [0.25, 1.5]},
								"down": {"uv": [34, 40.5], "uv_size": [0.25, -1.5]}
							}
						},
						{
							"origin": [3, 5.25, 2],
							"size": [0.125, 0.125, 0.125],
							"uv": {
								"north": {"uv": [41, 20], "uv_size": [0.25, 0.25]},
								"east": {"uv": [21, 41], "uv_size": [0.25, 0.25]},
								"south": {"uv": [41, 21], "uv_size": [0.25, 0.25]},
								"west": {"uv": [22, 41], "uv_size": [0.25, 0.25]},
								"up": {"uv": [41, 22], "uv_size": [0.25, 0.25]},
								"down": {"uv": [23, 41.25], "uv_size": [0.25, -0.25]}
							}
						},
						{
							"origin": [3, 1.625, -3.375],
							"size": [0.125, 1.75, 5.25],
							"uv": {
								"north": {"uv": [36, 37], "uv_size": [0.25, 1.75]},
								"east": {"uv": [10, 21], "uv_size": [5.25, 1.75]},
								"south": {"uv": [37, 36], "uv_size": [0.25, 1.75]},
								"west": {"uv": [18, 22], "uv_size": [5.25, 1.75]},
								"up": {"uv": [7, 35], "uv_size": [0.25, 5.25]},
								"down": {"uv": [16, 40.25], "uv_size": [0.25, -5.25]}
							}
						},
						{
							"origin": [-3.125, 1.625, -3.375],
							"size": [0.125, 1.75, 6.75],
							"uv": {
								"north": {"uv": [28, 38], "uv_size": [0.25, 1.75]},
								"east": {"uv": [20, 2], "uv_size": [6.75, 1.75]},
								"south": {"uv": [38, 28], "uv_size": [0.25, 1.75]},
								"west": {"uv": [20, 4], "uv_size": [6.75, 1.75]},
								"up": {"uv": [8, 33], "uv_size": [0.25, 6.75]},
								"down": {"uv": [9, 39.75], "uv_size": [0.25, -6.75]}
							}
						},
						{
							"origin": [1.125, 1.625, -3.625],
							"size": [1.75, 1.75, 0.125],
							"uv": {
								"north": {"uv": [14, 29], "uv_size": [1.75, 1.75]},
								"east": {"uv": [13, 38], "uv_size": [0.25, 1.75]},
								"south": {"uv": [16, 29], "uv_size": [1.75, 1.75]},
								"west": {"uv": [14, 38], "uv_size": [0.25, 1.75]},
								"up": {"uv": [38, 3], "uv_size": [1.75, 0.25]},
								"down": {"uv": [38, 8.25], "uv_size": [1.75, -0.25]}
							}
						},
						{
							"origin": [-2.875, 1.625, -3.625],
							"size": [1.75, 1.75, 0.125],
							"uv": {
								"north": {"uv": [30, 4], "uv_size": [1.75, 1.75]},
								"east": {"uv": [15, 38], "uv_size": [0.25, 1.75]},
								"south": {"uv": [30, 6], "uv_size": [1.75, 1.75]},
								"west": {"uv": [38, 24], "uv_size": [0.25, 1.75]},
								"up": {"uv": [38, 26], "uv_size": [1.75, 0.25]},
								"down": {"uv": [38, 27.25], "uv_size": [1.75, -0.25]}
							}
						},
						{
							"origin": [3, 3.5, -1.375],
							"size": [0.125, 1.875, 3.25],
							"uv": {
								"north": {"uv": [31, 37], "uv_size": [0.25, 2]},
								"east": {"uv": [0, 26], "uv_size": [3.25, 2]},
								"south": {"uv": [32, 37], "uv_size": [0.25, 2]},
								"west": {"uv": [26, 0], "uv_size": [3.25, 2]},
								"up": {"uv": [33, 35], "uv_size": [0.25, 3.25]},
								"down": {"uv": [34, 38.25], "uv_size": [0.25, -3.25]}
							}
						},
						{
							"origin": [-3.125, 3.5, -1.375],
							"size": [0.125, 1.875, 4.75],
							"uv": {
								"north": {"uv": [37, 34], "uv_size": [0.25, 2]},
								"east": {"uv": [20, 18], "uv_size": [4.75, 2]},
								"south": {"uv": [35, 37], "uv_size": [0.25, 2]},
								"west": {"uv": [20, 20], "uv_size": [4.75, 2]},
								"up": {"uv": [17, 35], "uv_size": [0.25, 4.75]},
								"down": {"uv": [26, 39.75], "uv_size": [0.25, -4.75]}
							}
						},
						{
							"origin": [-0.5, 4.20865, -1.77618],
							"size": [1, 1, 0.5],
							"uv": {
								"north": {"uv": [63.25, 0], "uv_size": [0.75, 0.75]},
								"east": {"uv": [63.25, 0], "uv_size": [0.75, 0.75]},
								"south": {"uv": [63.25, 0], "uv_size": [0.75, 0.75]},
								"west": {"uv": [63.25, 0], "uv_size": [0.75, 0.75]},
								"up": {"uv": [64, 0.75], "uv_size": [-0.75, -0.75]},
								"down": {"uv": [64, 0.75], "uv_size": [-0.75, -0.75]}
							}
						},
						{
							"origin": [-0.375, 4.33365, -2.02618],
							"size": [0.75, 0.75, 0.5],
							"uv": {
								"north": {"uv": [62.75, 63.25], "uv_size": [0.75, 0.75]},
								"east": {"uv": [63.5, 63.5], "uv_size": [0.5, 0.5]},
								"south": {"uv": [63.5, 63.5], "uv_size": [0.5, 0.5]},
								"west": {"uv": [63.5, 63.5], "uv_size": [0.5, 0.5]},
								"up": {"uv": [64, 64], "uv_size": [-0.5, -0.5]},
								"down": {"uv": [64, 64], "uv_size": [-0.5, -0.5]}
							}
						}
					]
				},
				{
					"name": "Gun",
					"parent": "Turret",
					"pivot": [-0.125, 3, -1.5],
					"cubes": [
						{
							"origin": [-1.26, 2.5278, -2.64],
							"size": [2.27, 0.94441, 2.28],
							"pivot": [0, 3, -1.5],
							"rotation": [-45, 0, 0],
							"uv": {
								"north": {"uv": [30, 13], "uv_size": [2.25, 1]},
								"east": {"uv": [4, 32], "uv_size": [2.25, 1]},
								"south": {"uv": [32, 4], "uv_size": [2.25, 1]},
								"west": {"uv": [32, 5], "uv_size": [2.25, 1]},
								"up": {"uv": [10, 26], "uv_size": [2.25, 2.25]},
								"down": {"uv": [13, 28.25], "uv_size": [2.25, -2.25]}
							}
						},
						{
							"origin": [-1.26, 2.5278, -2.64],
							"size": [2.27, 0.94441, 2.28],
							"uv": {
								"north": {"uv": [32, 6], "uv_size": [2.25, 1]},
								"east": {"uv": [7, 32], "uv_size": [2.25, 1]},
								"south": {"uv": [32, 7], "uv_size": [2.25, 1]},
								"west": {"uv": [32, 9], "uv_size": [2.25, 1]},
								"up": {"uv": [26, 24], "uv_size": [2.25, 2.25]},
								"down": {"uv": [27, 4.25], "uv_size": [2.25, -2.25]}
							}
						},
						{
							"origin": [-1.26, 1.86, -1.9722],
							"size": [2.27, 2.28, 0.94441],
							"pivot": [0, 3, -1.5],
							"rotation": [-45, 0, 0],
							"uv": {
								"north": {"uv": [27, 5], "uv_size": [2.25, 2.25]},
								"east": {"uv": [10, 32], "uv_size": [1, 2.25]},
								"south": {"uv": [27, 8], "uv_size": [2.25, 2.25]},
								"west": {"uv": [32, 10], "uv_size": [1, 2.25]},
								"up": {"uv": [11, 32], "uv_size": [2.25, 1]},
								"down": {"uv": [32, 21], "uv_size": [2.25, -1]}
							}
						},
						{
							"origin": [-1.26, 1.86, -1.9722],
							"size": [2.27, 2.28, 0.94441],
							"uv": {
								"north": {"uv": [27, 11], "uv_size": [2.25, 2.25]},
								"east": {"uv": [32, 21], "uv_size": [1, 2.25]},
								"south": {"uv": [26, 27], "uv_size": [2.25, 2.25]},
								"west": {"uv": [26, 32], "uv_size": [1, 2.25]},
								"up": {"uv": [27, 32], "uv_size": [2.25, 1]},
								"down": {"uv": [30, 33], "uv_size": [2.25, -1]}
							}
						}
					]
				},
				{
					"name": "Barrels",
					"parent": "Gun",
					"pivot": [-0.00027, 3.00043, -6.15625],
					"cubes": [
						{
							"origin": [-0.12088, 3.09, -8.675],
							"size": [0.18, 0.18, 6.475],
							"pivot": [0.09, 2.91, -4],
							"rotation": [0, 0, 45],
							"uv": {
								"north": {"uv": [39, 40], "uv_size": [0.25, 0.25]},
								"east": {"uv": [33, 17], "uv_size": [6.5, 0.25]},
								"south": {"uv": [40, 39], "uv_size": [0.25, 0.25]},
								"west": {"uv": [33, 18], "uv_size": [6.5, 0.25]},
								"up": {"uv": [19, 33], "uv_size": [0.25, 6.5]},
								"down": {"uv": [20, 39.5], "uv_size": [0.25, -6.5]}
							}
						},
						{
							"origin": [-0.17243, 2.41587, -5.675],
							"size": [0.4, 0.97, 0.225],
							"pivot": [0.13345, 2.98587, -4],
							"rotation": [0, 0, 45],
							"uv": {
								"north": {"uv": [30, 36], "uv_size": [0.5, 1]},
								"east": {"uv": [39, 38], "uv_size": [0.25, 1]},
								"south": {"uv": [36, 30], "uv_size": [0.5, 1]},
								"west": {"uv": [39, 39], "uv_size": [0.25, 1]},
								"up": {"uv": [40, 22], "uv_size": [0.5, 0.25]},
								"down": {"uv": [23, 40.25], "uv_size": [0.5, -0.25]}
							}
						},
						{
							"origin": [-0.17243, 2.41587, -2.675],
							"size": [0.4, 0.97, 0.225],
							"pivot": [0.13345, 2.98587, -4],
							"rotation": [0, 0, 45],
							"uv": {
								"north": {"uv": [30, 37], "uv_size": [0.5, 1]},
								"east": {"uv": [40, 21], "uv_size": [0.25, 1]},
								"south": {"uv": [37, 30], "uv_size": [0.5, 1]},
								"west": {"uv": [22, 40], "uv_size": [0.25, 1]},
								"up": {"uv": [38, 40], "uv_size": [0.5, 0.25]},
								"down": {"uv": [40, 38.25], "uv_size": [0.5, -0.25]}
							}
						},
						{
							"origin": [-0.17243, 2.41587, -8.3],
							"size": [0.4, 0.97, 0.225],
							"pivot": [0.13345, 2.98587, -4],
							"rotation": [0, 0, 45],
							"uv": {
								"north": {"uv": [37, 24], "uv_size": [0.5, 1]},
								"east": {"uv": [17, 40], "uv_size": [0.25, 1]},
								"south": {"uv": [37, 25], "uv_size": [0.5, 1]},
								"west": {"uv": [40, 17], "uv_size": [0.25, 1]},
								"up": {"uv": [40, 32], "uv_size": [0.5, 0.25]},
								"down": {"uv": [40, 34.25], "uv_size": [0.5, -0.25]}
							}
						},
						{
							"origin": [-0.13039, 2.43126, -5.675],
							"size": [0.4, 0.97, 0.225],
							"pivot": [-0.06627, 2.87626, -4],
							"rotation": [0, 0, -45],
							"uv": {
								"north": {"uv": [31, 36], "uv_size": [0.5, 1]},
								"east": {"uv": [40, 0], "uv_size": [0.25, 1]},
								"south": {"uv": [36, 31], "uv_size": [0.5, 1]},
								"west": {"uv": [40, 1], "uv_size": [0.25, 1]},
								"up": {"uv": [40, 23], "uv_size": [0.5, 0.25]},
								"down": {"uv": [24, 40.25], "uv_size": [0.5, -0.25]}
							}
						},
						{
							"origin": [-0.13039, 2.43126, -2.675],
							"size": [0.4, 0.97, 0.225],
							"pivot": [-0.06627, 2.87626, -4],
							"rotation": [0, 0, -45],
							"uv": {
								"north": {"uv": [28, 37], "uv_size": [0.5, 1]},
								"east": {"uv": [40, 19], "uv_size": [0.25, 1]},
								"south": {"uv": [37, 28], "uv_size": [0.5, 1]},
								"west": {"uv": [20, 40], "uv_size": [0.25, 1]},
								"up": {"uv": [36, 40], "uv_size": [0.5, 0.25]},
								"down": {"uv": [40, 36.25], "uv_size": [0.5, -0.25]}
							}
						},
						{
							"origin": [-0.13039, 2.43126, -8.3],
							"size": [0.4, 0.97, 0.225],
							"pivot": [-0.06627, 2.87626, -4],
							"rotation": [0, 0, -45],
							"uv": {
								"north": {"uv": [37, 2], "uv_size": [0.5, 1]},
								"east": {"uv": [9, 40], "uv_size": [0.25, 1]},
								"south": {"uv": [37, 3], "uv_size": [0.5, 1]},
								"west": {"uv": [10, 40], "uv_size": [0.25, 1]},
								"up": {"uv": [40, 26], "uv_size": [0.5, 0.25]},
								"down": {"uv": [40, 27.25], "uv_size": [0.5, -0.25]}
							}
						},
						{
							"origin": [-0.05912, 3.09, -8.675],
							"size": [0.18, 0.18, 6.475],
							"pivot": [-0.09, 2.91, -4],
							"rotation": [0, 0, -45],
							"uv": {
								"north": {"uv": [7, 41], "uv_size": [0.25, 0.25]},
								"east": {"uv": [1, 34], "uv_size": [6.5, 0.25]},
								"south": {"uv": [8, 41], "uv_size": [0.25, 0.25]},
								"west": {"uv": [11, 34], "uv_size": [6.5, 0.25]},
								"up": {"uv": [18, 34], "uv_size": [0.25, 6.5]},
								"down": {"uv": [27, 40.5], "uv_size": [0.25, -6.5]}
							}
						},
						{
							"origin": [-0.05912, 2.73, -8.675],
							"size": [0.18, 0.18, 6.475],
							"pivot": [-0.09, 3.09, -4],
							"rotation": [0, 0, 45],
							"uv": {
								"north": {"uv": [41, 8], "uv_size": [0.25, 0.25]},
								"east": {"uv": [28, 34], "uv_size": [6.5, 0.25]},
								"south": {"uv": [9, 41], "uv_size": [0.25, 0.25]},
								"west": {"uv": [34, 33], "uv_size": [6.5, 0.25]},
								"up": {"uv": [1, 35], "uv_size": [0.25, 6.5]},
								"down": {"uv": [2, 41.5], "uv_size": [0.25, -6.5]}
							}
						},
						{
							"origin": [-0.12088, 2.73, -8.675],
							"size": [0.18, 0.18, 6.475],
							"pivot": [0.09, 3.09, -4],
							"rotation": [0, 0, -45],
							"uv": {
								"north": {"uv": [41, 9], "uv_size": [0.25, 0.25]},
								"east": {"uv": [35, 4], "uv_size": [6.5, 0.25]},
								"south": {"uv": [10, 41], "uv_size": [0.25, 0.25]},
								"west": {"uv": [35, 5], "uv_size": [6.5, 0.25]},
								"up": {"uv": [3, 35], "uv_size": [0.25, 6.5]},
								"down": {"uv": [4, 41.5], "uv_size": [0.25, -6.5]}
							}
						},
						{
							"origin": [-0.09, 3.18, -8.675],
							"size": [0.18, 0.18, 6.475],
							"uv": {
								"north": {"uv": [40, 40], "uv_size": [0.25, 0.25]},
								"east": {"uv": [33, 19], "uv_size": [6.5, 0.25]},
								"south": {"uv": [0, 41], "uv_size": [0.25, 0.25]},
								"west": {"uv": [33, 21], "uv_size": [6.5, 0.25]},
								"up": {"uv": [21, 33], "uv_size": [0.25, 6.5]},
								"down": {"uv": [22, 39.5], "uv_size": [0.25, -6.5]}
							}
						},
						{
							"origin": [-0.2, 2.515, -5.675],
							"size": [0.4, 0.97, 0.225],
							"uv": {
								"north": {"uv": [32, 36], "uv_size": [0.5, 1]},
								"east": {"uv": [40, 2], "uv_size": [0.25, 1]},
								"south": {"uv": [36, 34], "uv_size": [0.5, 1]},
								"west": {"uv": [40, 3], "uv_size": [0.25, 1]},
								"up": {"uv": [40, 24], "uv_size": [0.5, 0.25]},
								"down": {"uv": [25, 40.25], "uv_size": [0.5, -0.25]}
							}
						},
						{
							"origin": [-0.2, 2.515, -2.675],
							"size": [0.4, 0.97, 0.225],
							"uv": {
								"north": {"uv": [37, 26], "uv_size": [0.5, 1]},
								"east": {"uv": [40, 18], "uv_size": [0.25, 1]},
								"south": {"uv": [37, 27], "uv_size": [0.5, 1]},
								"west": {"uv": [19, 40], "uv_size": [0.25, 1]},
								"up": {"uv": [35, 40], "uv_size": [0.5, 0.25]},
								"down": {"uv": [40, 35.25], "uv_size": [0.5, -0.25]}
							}
						},
						{
							"origin": [-0.2, 2.515, -8.3],
							"size": [0.4, 0.97, 0.225],
							"uv": {
								"north": {"uv": [14, 37], "uv_size": [0.5, 1]},
								"east": {"uv": [14, 40], "uv_size": [0.25, 1]},
								"south": {"uv": [15, 37], "uv_size": [0.5, 1]},
								"west": {"uv": [15, 40], "uv_size": [0.25, 1]},
								"up": {"uv": [30, 40], "uv_size": [0.5, 0.25]},
								"down": {"uv": [40, 30.25], "uv_size": [0.5, -0.25]}
							}
						},
						{
							"origin": [-0.09, 2.64, -8.675],
							"size": [0.18, 0.18, 6.475],
							"uv": {
								"north": {"uv": [41, 10], "uv_size": [0.25, 0.25]},
								"east": {"uv": [35, 6], "uv_size": [6.5, 0.25]},
								"south": {"uv": [11, 41], "uv_size": [0.25, 0.25]},
								"west": {"uv": [35, 7], "uv_size": [6.5, 0.25]},
								"up": {"uv": [5, 35], "uv_size": [0.25, 6.5]},
								"down": {"uv": [6, 41.5], "uv_size": [0.25, -6.5]}
							}
						},
						{
							"origin": [0.18, 2.91, -8.675],
							"size": [0.18, 0.18, 6.475],
							"uv": {
								"north": {"uv": [41, 0], "uv_size": [0.25, 0.25]},
								"east": {"uv": [33, 22], "uv_size": [6.5, 0.25]},
								"south": {"uv": [41, 1], "uv_size": [0.25, 0.25]},
								"west": {"uv": [33, 23], "uv_size": [6.5, 0.25]},
								"up": {"uv": [23, 33], "uv_size": [0.25, 6.5]},
								"down": {"uv": [24, 39.5], "uv_size": [0.25, -6.5]}
							}
						},
						{
							"origin": [-0.36, 2.91, -8.675],
							"size": [0.18, 0.18, 6.475],
							"uv": {
								"north": {"uv": [41, 2], "uv_size": [0.25, 0.25]},
								"east": {"uv": [27, 33], "uv_size": [6.5, 0.25]},
								"south": {"uv": [41, 3], "uv_size": [0.25, 0.25]},
								"west": {"uv": [33, 32], "uv_size": [6.5, 0.25]},
								"up": {"uv": [25, 33], "uv_size": [0.25, 6.5]},
								"down": {"uv": [0, 40.5], "uv_size": [0.25, -6.5]}
							}
						},
						{
							"origin": [-0.48716, 2.80216, -5.675],
							"size": [0.97, 0.4, 0.225],
							"uv": {
								"north": {"uv": [36, 35], "uv_size": [1, 0.5]},
								"east": {"uv": [40, 25], "uv_size": [0.25, 0.5]},
								"south": {"uv": [36, 36], "uv_size": [1, 0.5]},
								"west": {"uv": [26, 40], "uv_size": [0.25, 0.5]},
								"up": {"uv": [8, 40], "uv_size": [1, 0.25]},
								"down": {"uv": [40, 8.25], "uv_size": [1, -0.25]}
							}
						},
						{
							"origin": [-0.48716, 2.80216, -2.675],
							"size": [0.97, 0.4, 0.225],
							"uv": {
								"north": {"uv": [29, 37], "uv_size": [1, 0.5]},
								"east": {"uv": [37, 40], "uv_size": [0.25, 0.5]},
								"south": {"uv": [37, 29], "uv_size": [1, 0.5]},
								"west": {"uv": [40, 37], "uv_size": [0.25, 0.5]},
								"up": {"uv": [40, 20], "uv_size": [1, 0.25]},
								"down": {"uv": [21, 40.25], "uv_size": [1, -0.25]}
							}
						},
						{
							"origin": [-0.48716, 2.80216, -8.3],
							"size": [0.97, 0.4, 0.225],
							"uv": {
								"north": {"uv": [37, 8], "uv_size": [1, 0.5]},
								"east": {"uv": [28, 40], "uv_size": [0.25, 0.5]},
								"south": {"uv": [13, 37], "uv_size": [1, 0.5]},
								"west": {"uv": [29, 40], "uv_size": [0.25, 0.5]},
								"up": {"uv": [11, 40], "uv_size": [1, 0.25]},
								"down": {"uv": [13, 40.25], "uv_size": [1, -0.25]}
							}
						}
					]
				}
			]
		}
	]
}
