{

	"resource_pack_name": "sh8",
	"texture_name": "atlas.items",

	"texture_data": {

		"us_uniform": {

			"textures": "textures/items/custom/us_uniform"

		},

		"wheel": {

			"textures": "textures/items/custom/wheel"

		},

		"m3_37mm": {

			"textures": "textures/items/custom/m3_37mm"

		},

		"kv_1": {

			"textures": "textures/items/custom/kv_1"

		},

		"us_uniform_medic": {

			"textures": "textures/items/custom/us_uniform_medic"

		},

		"us_uniform_sniper": {

			"textures": "textures/items/custom/us_uniform_sniper"

		},

		"us_uniform_mg": {

			"textures": "textures/items/custom/us_uniform_mg"

		},

		"german_uniform": {

			"textures": "textures/items/custom/german_uniform"

		},

		"german_sanitaitar": {

			"textures": "textures/items/custom/german_sanitaitar"

		},

		"british_uniform": {

			"textures": "textures/items/custom/british_uniform"

		},

		"italian_uniform": {

			"textures": "textures/items/custom/italian_uniform"

		},

		"japanese_uniform": {

			"textures": "textures/items/custom/japanese_uniform"

		},

		"soviet_uniform": {

			"textures": "textures/items/custom/soviet_uniform"

		},

		"browning_ammo": {

			"textures": "textures/items/custom/browning_ammo"

		},

		"mg42_ammo": {

			"textures": "textures/items/custom/mg42_ammo"

		},

		"engine": {

			"textures": "textures/items/custom/engine"

		},

		"plane_cockpit": {

			"textures": "textures/items/custom/plane_cockpit"

		},

		"aa_barrel": {

			"textures": "textures/items/custom/aa_barrel"

		},

		"car_chassy": {

			"textures": "textures/items/custom/car_chassy"

		},

		"caterpillar_track": {

			"textures": "textures/items/custom/caterpillar_track"

		},

		"tank_barrel": {

			"textures": "textures/items/custom/tank_barrel"

		},

		"tank_body": {

			"textures": "textures/items/custom/tank_body"

		},

		"tank_turret": {

			"textures": "textures/items/custom/tank_turret"

		},

		"tracks": {

			"textures": "textures/items/custom/tracks"

		},

		"piston": {

			"textures": "textures/items/custom/piston"

		},

		"browning_mg": {

			"textures": "textures/items/eggs/browning_mg"

		},

		"mg42": {

			"textures": "textures/items/eggs/mg42"

		},

		"ap_round": {

			"textures": "textures/items/custom/ap_round"

		},

		"pershing": {

			"textures": "textures/items/custom/m26_pershing"

		},

		"fire": {

			"textures": "textures/items/custom/sherman_firefly"

		},

		"sherman": {

			"textures": "textures/items/custom/m4_sherman"

		},

		"pak": {

			"textures": "textures/items/custom/pak_36"

		},

		"pounder": {

			"textures": "textures/items/custom/qf_6_pounder"

		},

		"flak": {

			"textures": "textures/items/custom/flak_88"

		},

		"flak2": {

			"textures": "textures/items/custom/flak_38"

		},

		"panzer": {

			"textures": "textures/items/custom/panzer"

		},

		"panzer_iv": {

			"textures": "textures/items/custom/panzer_iv"

		},

		"panzer_g": {

			"textures": "textures/items/custom/panzer_iv_g"

		},

		"panzer_v": {

			"textures": "textures/items/custom/panzer_v"

		},

		"char": {

			"textures": "textures/items/custom/char_b1"

		},

		"tiger": {

			"textures": "textures/items/custom/tiger_ii"

		},

		"jeep": {

			"textures": "textures/items/custom/willy_jeep"

		},

		"kubel": {

			"textures": "textures/items/custom/kubelwagen"

		},

		"gmc": {

			"textures": "textures/items/custom/gmc_truck"

		},

		"avre": {

			"textures": "textures/items/custom/churchill_avre"

		},

		"carrier": {

			"textures": "textures/items/custom/churchill_carrier"

		},

		"churchill": {

			"textures": "textures/items/custom/mkiii_churchill"

		},

		"blitz": {

			"textures": "textures/items/custom/opel_blitz"

		},

		"gaz": {

			"textures": "textures/items/custom/gaz_aaa"

		},

		"t-34_76": {

			"textures": "textures/items/custom/t-34_76"

		},

		"t-34_85": {

			"textures": "textures/items/custom/t-34_85"

		},

		"flak3": {

			"textures": "textures/items/custom/bofors_qf"

		},

		"bmw": {

			"textures": "textures/items/custom/bmw_r75"

		},

		"m3": {

			"textures": "textures/items/custom/m3_halftrack"

		},

		"251": {

			"textures": "textures/items/custom/sdfkz_251"

		},

		"seat": {

			"textures": "textures/items/custom/seat"

		},

		"tiger_i": {

			"textures": "textures/items/custom/tiger_i"

		},

		"us": {

			"textures": "textures/items/custom/us_flag"

		},

		"ussr": {

			"textures": "textures/items/custom/ussr_flag"

		},

		"german": {

			"textures": "textures/items/custom/german_flag"

		},

		"maus": {

			"textures": "textures/items/custom/maus"

		},

		"lee": {

			"textures": "textures/items/custom/m3_lee"

		},

		"su": {

			"textures": "textures/items/custom/su_100"

		},

		"h": {

			"textures": "textures/items/custom/hummel"

		},

		"aa": {

			"textures": "textures/items/custom/aa_magazine"

		},

		"torch": {

			"textures": "textures/items/custom/blow_torch"

		},

		"75mm": {

			"textures": "textures/items/custom/75mm_standard"

		},

		"75mm_ap": {

			"textures": "textures/items/custom/75mm_ap"

		},

		"76mm": {

			"textures": "textures/items/custom/76mm"

		},

		"88mm": {

			"textures": "textures/items/custom/88mm"

		},

		"100mm": {

			"textures": "textures/items/custom/100mm"

		},

		"20mm": {

			"textures": "textures/items/custom/20mm"

		},

		"37mm": {

			"textures": "textures/items/custom/37mm_ap"

		},

		"zis": {

			"textures": "textures/items/custom/zis_2"

		},

		"garand": {

			"textures": "textures/items/custom/garand"

		},

   "zero": {

     "textures": "textures/items/custom/a6m_zero"
   },

		"garand_ammo": {

			"textures": "textures/items/custom/garand_ammo"

		}, 
   
   "small_bomb": {
     
     "textures": "textures/items/custom/small_bomb"
   
   },

   "ka_mi": {

     "textures": "textures/items/custom/type2_ka_mi"
 
   },
    
   "stuka": {
     
      "textures": "textures/items/custom/ju87_stuka"

   },

   "spitfire": {

       "textures": "textures/items/custom/supermarine_spitfire"

    },

    "bf_109": {
 
        "textures": "textures/items/custom/bf_109"

     },

     "90mm": { 
     
        "textures": "textures/items/custom/90mm"

     },

     "85mm": {

        "textures": "textures/items/custom/85mm"

     },

     "mortar": {
  
        "textures": "textures/items/custom/mortar"

     },

     "mustang": {

        "textures": "textures/items/custom/p51_mustang"

     },

     "maxim": {
    
        "textures": "textures/items/custom/maxim_mg"
 
     },

     "ft": {

        "textures": "textures/items/custom/renault_ft"

     },

     "chi": {

        "textures": "textures/items/custom/type4_chi_to"

     },

      "poland":  {

         "textures": "textures/items/custom/polish_7tp"

     },

     "yak": {

         "textures": "textures/items/custom/yak_9t"

     },

     "kar98k": {
   
         "textures": "textures/items/custom/kar98k"

     }

	}

}
