{
	"resource_pack_name": "crate",
	"padding": 8,
	"num_mip_levels": 4,
	"texture_data": {
		"crate": {
			"textures": "textures/blocks/crate"
		},
		"bunker_concrete": {
		    "textures": "textures/blocks/bunker_concrete"
		},
		"bunker_bricks": {
		    "textures": "textures/blocks/bunker_bricks"
		},
		"sandbag": {
			"textures": "textures/blocks/sandbag"
		},
		"barbed_wire": {
			"textures": "textures/blocks/barbed_wire"
		},
		"czech_hedgehog": {
			"textures": "textures/blocks/czech_hedgehog"
		},
		"radio_box": {
			"textures": "textures/blocks/radio_box"
		},
		"texture_name": "atlas.terrain"
	}
}