{
	"format_version": "1.10.0",
	"minecraft:client_entity": {
		"description": {
			"identifier": "sh8:bofors_qf",
			"materials": {
				"default": "skeleton"
			},
			"textures": {
				"default": "textures/entity/bofors_qf"
			},
			"geometry": {
				"default": "geometry.bofors_qf"
			},
			"scripts": {
				"animate": [
					"rotate", {
						"tow": "query.is_leashed"
					},
					{
						"walk": "query.is_moving"
					}
				]
			},
			"animations": {
				"rotate": "animation.bofors_qf.rotate",
				"tow": "animation.bofors_qf.tow",
				"walk": "animation.bofors_qf.walk"
			},
			"render_controllers": [
				"controller.render.default"
			],
			"enable_attachables": true,
			"spawn_egg": {
				"texture": "flak3",
				"texture_index": 0
			}
		}
	}
}
