{
	"format_version": "1.10.0",
	"minecraft:client_entity": {
		"description": {
			"identifier": "sh8:bombertype_99",
			"materials": {
				"default": "skeleton"
			},
			"textures": {
				"default": "textures/entity/bombertype_99"
			},
			"geometry": {
				"default": "geometry.bombertype_99"
			},
     "scripts": {
				"animate": [
					{
						"walk": "query.is_moving"
					},
					{
						"fly": "!query.is_on_ground"
					}
				]
			},
			"animations": {
				"fly": "animation.bombertype_99.fly",
				"walk": "animation.bombertype_99.walk"
			},
			"render_controllers": [
				"controller.render.default"
			],
			"enable_attachables": true,
			"spawn_egg": {
				"texture": "zero",
				"texture_index": 0
			}
		}
	}
}
