{
	"format_version": "1.8.0",
	"minecraft:client_entity": {
		"description": {
			"identifier": "sh8:browning_machine_gun",
			"materials": {
				"default": "skeleton"
			},
			"textures": {
				"default": "textures/entity/browning_machine_gun"
			},
			"geometry": {
				"default": "geometry.browning_machine_gun"
			},
			"render_controllers": [
				"controller.render.default"
			],
			"enable_attachables": true,
			"spawn_egg": {
				"texture": "browning_mg",
				"texture_index": 0

			}
		}
	}
}