{
	"format_version": "1.10.0",
	"minecraft:client_entity": {
		"description": {
			"identifier": "sh8:churchill_avre",
			"materials": {
				"default": "skeleton"
			},
			"textures": {
				"default": "textures/entity/churchill"
			},
			"geometry": {
				"default": "geometry.churchill_avre"
			},
     "scripts": {
				"animate": [
					"rotate",
					{
						"firing": "query.mark_variant == 2"
					},
       {
         "walk": "query.is_moving"
       }
				]
			},
			"animations": {
				"rotate": "animation.churchill_avre.rotate",
				"firing": "animation.churchill_avre.shoot",
				"walk": "animation.churchill_avre.walk,"
			},
			"render_controllers": [
				"controller.render.default"
			],
			"enable_attachables": true,
			"spawn_egg": {
				"texture": "avre",
				"texture_index": 0
			}
		}
	}
}
