{
	"format_version": "1.10.0",
	"minecraft:client_entity": {
		"description": {
			"identifier": "sh8:m26_pershing",
			"materials": {
				"default": "skeleton"
			},
			"textures": {
				"default": "textures/entity/m26_pershing"
			},
			"geometry": {
				"default": "geometry.m26_pershing"
			},
			"scripts":{
				"animate":[
					"rotate"
				]
			},
			"animations":{
				"rotate": "animation.m26.rotate"
			},
			"render_controllers": [
				"controller.render.default"
			],
			"spawn_egg": {
				"texture": "pershing",
				"texture_index": 0
			}
		}
	}
}
