{
	"format_version": "1.10.0",
	"minecraft:client_entity": {
		"description": {
			"identifier": "sh8:m4a3e2_sherman",
			"materials": {
				"default": "skeleton"
			},
			"textures": {
				"default": "textures/entity/m4a3e8_sherman"
			},
			"geometry": {
				"default": "geometry.m4a3e2_sherman"
			},
			"animations": {
				"rotate": "animation.m4_sherman.rotate",
				"walking": "animation.m4_sherman.walk",
				"shoot": "animation.m4_sherman.shoot"
			},
			"scripts": {
				"animate": [  
                   {"walking": "query.is_moving"},
					{"shoot": "query.mark_variant == 2"}, 
                    {"jump": "query.is_jumping"},
					"rotate"
				]
			},
			"render_controllers": [
				"controller.render.default"
			],
			"enable_attachables": true,
			"spawn_egg": {
				"texture": "sherman",
				"texture_index": 0
			}
		}
	}
}
