{
	"format_version": "1.10.0",
	"minecraft:client_entity": {
		"description": {
			"identifier": "sh8:maus",
			"materials": {
				"default": "skeleton"
			},
			"textures": {
				"default": "textures/entity/maus"
			},
			"geometry": {
				"default": "geometry.maus"
			},
			"scripts":{
				"animate":[
					"rotate"
				]
			},
			"animations":{
				"rotate": "animation.maus.rotate"
			},
			"render_controllers": [
				"controller.render.default"
			],
			"spawn_egg": {
				"texture": "maus",
				"texture_index": 0
			}
		}
	}
}