{

	"format_version": "1.10.0",
	"minecraft:client_entity": {

		"description": {

			"identifier": "sh8:mg_42",

			"materials": {

				"default": "skeleton"

			},

			"textures": {

				"default": "textures/entity/mg_42"

			},

			"geometry": {

				"default": "geometry.mg_42"

			},

			"scripts": {

				"animate": [

					"rotate"

				]

			},

			"animations": {

				"rotate": "animation.mg_42.rotate"

			},

			"render_controllers": [

				"controller.render.default"

			],

			"enable_attachables": true,

			"spawn_egg": {

				"texture": "mg42",

				"texture_index": 0

			}

		}

	}

}
