{

	"format_version": "1.10.0",
	"minecraft:client_entity": {

		"description": {

			"identifier": "sh8:panzer_iv_g",

			"materials": {

				"default": "skeleton"

			},

			"textures": {

				"default": "textures/entity/panzer_iv"

			},

			"geometry": {

				"default": "geometry.panzer_iv_g"

			},

			"scripts": {

				"animate": [

					"rotate"

				]

			},

			"animations": {

				"rotate": "animation.panzer.rotate"

			},

			"render_controllers": [

				"controller.render.default"

			],

			"spawn_egg": {

				"texture": "panzer_g",

				"texture_index": 0

			}

		}

	}

}
