{
	"format_version": "1.10.0",
	"minecraft:client_entity": {
		"description": {
			"identifier": "sh8:panzer_v",
			"materials": {
				"default": "skeleton"
			},
			"textures": {
				"default": "textures/entity/panzer_v"
			},
			"geometry": {
				"default": "geometry.panzer_v"
			},
			"scripts": {
				"animate": [
					"rotate"
				]
			},
			"animations": {
				"rotate": "animation.panzer_v.rotate"
			},
			"render_controllers": [
				"controller.render.default"
			],
			"enable_attachables": true,
			"spawn_egg": {
				"texture": "panzer_v",
				"texture_index": 0
			}
		}
	}
}
