{
	"format_version": "1.10.0",
	"minecraft:client_entity": {
		"description": {
			"identifier": "sh8:round_37mm",
			"materials": {
				"default": "skeleton"
			},
			"textures": {
				"default": "textures/entity/bullet"
			},
			"geometry": {
				"default": "geometry.bullet"
			},
     "scripts": {
			  "animate": [
				 {	"move": "query.is_alive" }
				]
			},
			"animations": {
				"move": "controller.animation.bullet"
			},
    "particle_effects": {
 	    "smoke_trail": "sh8:smoke_trail"
    },
			"render_controllers": [
				"controller.render.default"
			]
		}
	}
}
