{
	"format_version": "1.10.0",
	"minecraft:client_entity": {
		"description": {
			"identifier": "sh8:su-100",
			"materials": {
				"default": "skeleton"
			},
			"textures": {
				"default": "textures/entity/su-100"
			},
			"geometry": {
				"default": "geometry.su_100"
			},
			"scripts": {
				"animate": [
					"rotate"
				]
			},
			"animations": {
				"rotate": "animation.su-100.aim"
			},
			"render_controllers": [
				"controller.render.default"
			],
			"enable_attachables": true,
			"spawn_egg": {
				"texture": "su",
				"texture_index": 0
			}
		}
	}
}