{
	"format_version": "1.10.0",
	"minecraft:client_entity": {
		"description": {
			"identifier": "sh8:su_122",
			"materials": {
				"default": "skeleton"
			},
			"textures": {
				"default": "textures/entity/su_122"
			},
			"geometry": {
				"default": "geometry.su_122"
			},
			"scripts": {
				"animate": [
					"rotate",
					{
						"firing": "query.mark_variant == 2"
					},
       {
         "walk": "query.is_moving"
       }
				]
			},
			"animations": {
				"rotate": "animation.su_122.rotate",
				"firing": "animation.su_122.shoot",
				"walk": "animation.su_122.walk,"
			},
			"render_controllers": [
				"controller.render.default"
			],
			"enable_attachables": true,
			"spawn_egg": {
				"texture": "su",
				"texture_index": 0
			}
		}
	}
}
