{
	"format_version": "1.10.0",
	"minecraft:client_entity": {
		"description": {
			"identifier": "sh8:t-34_76",
			"materials": {
				"default": "skeleton"
			},
			"textures": {
				"default": "textures/entity/t_3476"
			},
			"geometry": {
				"default": "geometry.t-34_76"
			},
			"scripts": {
				"animate": [
					"rotate",
					{
						"death": "!q.is_alive"
					},
					{
						"firing": "query.mark_variant == 2"
					},
					{
						"walk": "query.is_moving"
					}
				]
			},
			"animations": {
				"rotate": "animation.t-34.rotate",
				"firing": "animation.t-34.fire",
				"death": "animation.t-34.death",
				"walk": "animation.t-34.walk"
			},
			"render_controllers": [
				"controller.render.default"
			],
			"enable_attachables": true,
			"spawn_egg": {
				"texture": "t-34_76",
				"texture_index": 0
			}
		}
	}
}
