{
	"format_version": "1.10.0",
	"minecraft:client_entity": {
		"description": {
			"identifier": "sh8:tiger_ii",
			"materials": {
				"default": "skeleton"
			},
			"textures": {
				"default": "textures/entity/tiger_ii"
			},
			"geometry": {
				"default": "geometry.tiger_ii"
			},
			"scripts": {
				"animate": [
					"rotate"
				]
			},
			"animations": {
				"rotate": "animation.tiger.rotate"
			},
			"render_controllers": [
				"controller.render.default"
			],
			"enable_attachables": true,
			"spawn_egg": {
				"texture": "tiger",
				"texture_index": 0
			}
		}
	}
}