{
	"format_version": "1.10.0",
	"minecraft:client_entity": {
		"description": {
			"identifier": "sh8:type3_chi_nu",
			"materials": {
				"default": "skeleton"
			},
			"textures": {
				"default": "textures/entity/type3_chi_nu"
			},
			"geometry": {
				"default": "geometry.type3_chi_nu"
			},
			"scripts": {
				"animate": [
					"rotate",
					{
						"firing": "query.mark_variant == 2"
					},
       {
         "walk": "query.is_moving"
       }
				]
			},
			"animations": {
				"rotate": "animation.type3_chi_nu.rotate",
				"firing": "animation.type3_chi_nu.shoot",
				"walk": "animation.type3_chi_nu.walk,"
			},
			"render_controllers": [
				"controller.render.default"
			],
			"enable_attachables": true,
			"spawn_egg": {
				"texture": "chi",
				"texture_index": 0
			}
		}
	}
}
