{

	"format_version": "1.16.100",
	"minecraft:item": {
		"description": {
			"identifier": "nwa:austrian_m1798",
			"category": "equipment"
		},
		"components": {
			"minecraft:icon": {
				"texture": "m1798"
			},
			"minecraft:shooter": {
				"ammunition": [
       {
        "item": "nwa:reload_pack",
        "use_offhand": false,
        "search_inventory": true,
        "use_in_creative": true
       }
      ],
				"charge_on_draw": false,
				"max_draw_duration": 3,
				"scale_power_by_draw_duration": false
			},
			"minecraft:use_duration": 3.0,
			"minecraft:can_destroy_in_creative": true,
			"minecraft:display_name": {
				"value": "Austrian M1798 Rifle"
			},
			"minecraft:max_stack_size": 1
		},
		"events": {}
	}
}
