{
	"format_version": "1.16.100",
	"minecraft:item": {
		"description": {
			"identifier": "nwa:baker",
			"category": "equipment"
		},
		"components": {
			"minecraft:icon": {
				"texture": "bess"
			},
			"minecraft:food": {
				"on_consume": {
					"event": "nwa:shoot_event",
					"target": "self"
				},
				"can_always_eat": true,
				"saturation_modifier": "normal"
			},
			"minecraft:use_duration": 0.1,
			"minecraft:can_destroy_in_creative": true,
			"minecraft:display_name": {
				"value": "Baker Pattern Model 1800"
			},
			"minecraft:on_use": {
				"on_use": {
					"event": "nwa:transform_event",
					"target": "self"
				}
			},
			"minecraft:cooldown": {
				"category": "ender_pearl",
				"duration": 3
			},
			"minecraft:max_stack_size": 1
		},
		"events": {
			"nwa:shoot_event": {
				"shoot": {
					"projectile": "nwa:musket_ball",
					"launch_power": 5,
					"angle_offset": 20
				}
			},
			"nwa:transform_event": {
     "sequence": [
      {
        "shoot": {
					  "projectile": "nwa:musket_ball",
					  "launch_power": 5,
					  "angle_offset": 20
				  }
      },
      {
				"run_command": {
					"command": ["execute @s ~ ~ ~ replaceitem entity @s slot.weapon.mainhand 0 nwa:baker_empty", "playsound shoot.musket @a ~ ~ ~"],
					"target": "self"
				}
     }
     ]
			}
		}
	}
}
