{
	"format_version": "1.16.100",
	"minecraft:item": {
		"description": {
			"identifier": "nwa:reload_pack",
			"category": "equipment"
		},
		"components": {
			"minecraft:icon": {
				"texture": "reload_pack"
			},
			"minecraft:display_name": {
				"value": "Reload Pack"
			},
     "minecraft:projectile":{
      "minimum_critical_power": 1.25,
      "projectile_entity": "nwa:musket_ball"
     },
     "tag:nwa:reload_pack": {},
	   "minecraft:allow_off_hand": true,
			"minecraft:max_stack_size": 4
		},
		"events": {}
	}
}
