{
	"format_version": "1.12",
	"minecraft:recipe_shaped": {
		"description": {
			"identifier": "sh8:panzer_iv"
		},
		"tags": ["crafting_table"],
		"groups": [],
		"pattern": [
			" A ",
			"EPS",
			"###"
		],
		"key": {
			"P": {
				"item": "sh8:tank_body"
			},
			"#": {
				"item": "sh8:tracks"
			},
			"A": {
			  "item": "sh8:tank_turret"
			},
			"E": {
			  "item": "sh8:engine"
			},
			"S": {
			   "item": "sh8:german_flag"
			}
		},
		"result": {
			"item": "sh8:panzer_iv_spawn_egg",
			"data": 0,
			"count": 1
		}
	}
}
