{
	"format_version": "1.12",
	"minecraft:recipe_shaped": {
		"description": {
			"identifier": "sh8:bmw_r75",
			"tags": ["crafting_table"],
			"groups": [],
			"pattern": [
				"   ",
				" AS",
				"#E#"
			],
			"key": {
				"#": {
					"item": "sh8:wheel"
				},
				"A": {
					"item": "sh8:seat"
				},
				"E": {
					"item": "sh8:engine"
				},
				"S": {
					"item": "sh8:german_flag"
				}
			},
			"result": {
				"item": "sh8:bmw_r75_spawn_egg",
				"data": 0,
				"count": 1
			}
		}
	}
}
