{
	"format_version": "1.12",
	"minecraft:recipe_shaped": {
		"description": {
			"identifier": "sh8:us_flag"
		},
		"tags": ["crafting_table"],
		"groups": ["sticks"],
		"pattern": [
			"USS",
			"AAA",
			"SSS"
		],
		"key": {
			"U": {
      "item": "minecraft:wool",
      "data": 11,
      "count": 1
    },
			"S": {
      "item": "minecraft:wool",
      "data": 14,
      "count": 1
    },
    "A": {
      "item": "minecraft:wool"
      "data": 0,
      "count": 1
    }
		},
		"result": {
			"item": "sh8:us_flag",
			"data": 0,
			"count": 1
		}
	}
}
