{
	"format_version": "1.12",
	"minecraft:recipe_shaped": {
		"description": {
			"identifier": "sh8:willy_jeep"
		},
		"tags": ["crafting_table"],
		"groups": [],
		"pattern": [
			" A ",
			"EPS",
			"# #"
		],
		"key": {
			"P": {
				"item": "sh8:car_chassy"
			},
			"#": {
				"item": "sh8:wheel"
			},
			"A": {
			  "item": "sh8:browning_machine_gun_spawn_egg"
			},
			"E": {
			  "item": "sh8:engine"
			},
			"S": {
			   "item": "sh8:us_flag"
			}
		},
		"result": {
			"item": "sh8:willy_jeep_spawn_egg",
			"data": 0,
			"count": 1
		}
	}
}
