{
	"format_version": "1.12.0",
	"minecraft:geometry": [
		{
			"description": {
				"identifier": "geometry.barbed_wire1",
				"texture_width": 64,
				"texture_height": 64,
				"visible_bounds_width": 3,
				"visible_bounds_height": 3,
				"visible_bounds_offset": [0, 0.5, 0]
			},
			"bones": [
				{
					"name": "bb_main",
					"pivot": [0, 0, 0],
					"cubes": [
						{
							"origin": [-1.49278, -1.25998, -7.13714],
							"size": [0, 15, 13],
							"pivot": [0, 0, 0],
							"rotation": [0, 10, 12.5],
							"uv": {
								"north": {"uv": [13, 32], "uv_size": [0, 15]},
								"east": {"uv": [0, 32], "uv_size": [13, 15]},
								"south": {"uv": [26, 32], "uv_size": [0, 15]},
								"west": {"uv": [13, 32], "uv_size": [13, 15]},
								"up": {"uv": [13, 19], "uv_size": [0, 13]},
								"down": {"uv": [13, 32], "uv_size": [0, -13]}
							}
						},
						{
							"origin": [-5.49278, -1.75998, -7.13714],
							"size": [0, 15, 13],
							"pivot": [0, 0, 0],
							"rotation": [0, 10, 12.5],
							"uv": {
								"north": {"uv": [13, 32], "uv_size": [0, 15]},
								"east": {"uv": [0, 32], "uv_size": [13, 15]},
								"south": {"uv": [26, 32], "uv_size": [0, 15]},
								"west": {"uv": [13, 32], "uv_size": [13, 14]},
								"up": {"uv": [13, 19], "uv_size": [0, 13]},
								"down": {"uv": [13, 32], "uv_size": [0, -13]}
							}
						},
						{
							"origin": [5.31913, -1.75998, -4.87805],
							"size": [0, 15, 13],
							"pivot": [0, 0, 0],
							"rotation": [0, 10, -12.5],
							"uv": {
								"north": {"uv": [13, 32], "uv_size": [0, 15]},
								"east": {"uv": [26, 32], "uv_size": [-13, 14]},
								"south": {"uv": [26, 32], "uv_size": [0, 15]},
								"west": {"uv": [13, 32], "uv_size": [-13, 15]},
								"up": {"uv": [13, 19], "uv_size": [0, 13]},
								"down": {"uv": [13, 32], "uv_size": [0, -13]}
							}
						},
						{
							"origin": [6.81913, -1.75998, -4.87805],
							"size": [0, 15, 13],
							"pivot": [0, 0, 0],
							"rotation": [0, 10, -12.5],
							"uv": {
								"north": {"uv": [13, 32], "uv_size": [0, 15]},
								"east": {"uv": [26, 32], "uv_size": [-13, 14]},
								"south": {"uv": [26, 32], "uv_size": [0, 15]},
								"west": {"uv": [13, 32], "uv_size": [-13, 15]},
								"up": {"uv": [13, 19], "uv_size": [0, 13]},
								"down": {"uv": [13, 32], "uv_size": [0, -13]}
							}
						},
						{
							"origin": [-6.81913, -1.75998, -4.87805],
							"size": [0, 15, 13],
							"pivot": [0, 0, 0],
							"rotation": [0, -10, 12.5],
							"uv": {
								"north": {"uv": [13, 32], "uv_size": [0, 15]},
								"east": {"uv": [0, 32], "uv_size": [13, 15]},
								"south": {"uv": [26, 32], "uv_size": [0, 15]},
								"west": {"uv": [13, 32], "uv_size": [13, 14]},
								"up": {"uv": [13, 19], "uv_size": [0, 13]},
								"down": {"uv": [13, 32], "uv_size": [0, -13]}
							}
						},
						{
							"origin": [-2.18087, 0.24002, -4.87805],
							"size": [0, 15, 13],
							"pivot": [0, 0, 0],
							"rotation": [0, 10, -12.5],
							"uv": {
								"north": {"uv": [13, 32], "uv_size": [0, 15]},
								"east": {"uv": [26, 32], "uv_size": [-13, 14]},
								"south": {"uv": [26, 32], "uv_size": [0, 15]},
								"west": {"uv": [13, 32], "uv_size": [-13, 15]},
								"up": {"uv": [13, 19], "uv_size": [0, 13]},
								"down": {"uv": [13, 32], "uv_size": [0, -13]}
							}
						},
						{
							"origin": [2.18087, 0.24002, -4.87805],
							"size": [0, 15, 13],
							"pivot": [0, 0, 0],
							"rotation": [0, -10, 12.5],
							"uv": {
								"north": {"uv": [13, 32], "uv_size": [0, 15]},
								"east": {"uv": [0, 32], "uv_size": [13, 15]},
								"south": {"uv": [26, 32], "uv_size": [0, 15]},
								"west": {"uv": [13, 32], "uv_size": [13, 14]},
								"up": {"uv": [13, 19], "uv_size": [0, 13]},
								"down": {"uv": [13, 32], "uv_size": [0, -13]}
							}
						},
						{
							"origin": [6.18087, 0.74002, -4.87805],
							"size": [0, 15, 13],
							"pivot": [0, 0, 0],
							"rotation": [0, -10, 12.5],
							"uv": {
								"north": {"uv": [13, 32], "uv_size": [0, 15]},
								"east": {"uv": [0, 32], "uv_size": [13, 15]},
								"south": {"uv": [26, 32], "uv_size": [0, 15]},
								"west": {"uv": [13, 32], "uv_size": [13, 14]},
								"up": {"uv": [13, 19], "uv_size": [0, 13]},
								"down": {"uv": [13, 32], "uv_size": [0, -13]}
							}
						},
						{
							"origin": [-6.18087, 0.74002, -4.87805],
							"size": [0, 15, 13],
							"pivot": [0, 0, 0],
							"rotation": [0, 10, -12.5],
							"uv": {
								"north": {"uv": [13, 32], "uv_size": [0, 15]},
								"east": {"uv": [26, 32], "uv_size": [-13, 14]},
								"south": {"uv": [26, 32], "uv_size": [0, 15]},
								"west": {"uv": [13, 32], "uv_size": [-13, 15]},
								"up": {"uv": [13, 19], "uv_size": [0, 13]},
								"down": {"uv": [13, 32], "uv_size": [0, -13]}
							}
						},
						{
							"origin": [-1.81913, -0.75998, -4.87805],
							"size": [0, 15, 13],
							"pivot": [0, 0, 0],
							"rotation": [0, -10, 12.5],
							"uv": {
								"north": {"uv": [13, 32], "uv_size": [0, 15]},
								"east": {"uv": [0, 32], "uv_size": [13, 15]},
								"south": {"uv": [26, 32], "uv_size": [0, 15]},
								"west": {"uv": [13, 32], "uv_size": [13, 14]},
								"up": {"uv": [13, 19], "uv_size": [0, 13]},
								"down": {"uv": [13, 32], "uv_size": [0, -13]}
							}
						}
					]
				}
			]
		}
	]
}