{
	"format_version": "1.12.0",
	"minecraft:geometry": [
		{
			"description": {
				"identifier": "geometry.barbed_wire",
				"texture_width": 64,
				"texture_height": 64,
				"visible_bounds_width": 3,
				"visible_bounds_height": 2.5,
				"visible_bounds_offset": [0, 0.75, 0]
			},
			"bones": [
				{
					"name": "bb_main",
					"pivot": [0, 0, 0],
					"cubes": [
						{
							"origin": [-1.49278, -1.25998, -7.13714],
							"size": [0, 15, 13],
							"pivot": [0, 0, 0],
							"rotation": [0, 10, 12.5],
							"uv": {
								"north": {"uv": [13, 32], "uv_size": [0, 15]},
								"east": {"uv": [0, 32], "uv_size": [13, 15]},
								"south": {"uv": [26, 32], "uv_size": [0, 15]},
								"west": {"uv": [13, 32], "uv_size": [13, 15]},
								"up": {"uv": [13, 19], "uv_size": [0, 13]},
								"down": {"uv": [13, 32], "uv_size": [0, -13]}
							}
						},
						{
							"origin": [-5.49278, -1.75998, -7.13714],
							"size": [0, 15, 13],
							"pivot": [0, 0, 0],
							"rotation": [0, 10, 12.5],
							"uv": {
								"north": {"uv": [13, 32], "uv_size": [0, 15]},
								"east": {"uv": [0, 32], "uv_size": [13, 15]},
								"south": {"uv": [26, 32], "uv_size": [0, 15]},
								"west": {"uv": [13, 32], "uv_size": [13, 14]},
								"up": {"uv": [13, 19], "uv_size": [0, 13]},
								"down": {"uv": [13, 32], "uv_size": [0, -13]}
							}
						},
						{
							"origin": [5.31913, -1.75998, -4.87805],
							"size": [0, 15, 13],
							"pivot": [0, 0, 0],
							"rotation": [0, 10, -12.5],
							"uv": {
								"north": {"uv": [13, 32], "uv_size": [0, 15]},
								"east": {"uv": [26, 32], "uv_size": [-13, 14]},
								"south": {"uv": [26, 32], "uv_size": [0, 15]},
								"west": {"uv": [13, 32], "uv_size": [-13, 15]},
								"up": {"uv": [13, 19], "uv_size": [0, 13]},
								"down": {"uv": [13, 32], "uv_size": [0, -13]}
							}
						},
						{
							"origin": [6.81913, -1.75998, -4.87805],
							"size": [0, 15, 13],
							"pivot": [0, 0, 0],
							"rotation": [0, 10, -12.5],
							"uv": {
								"north": {"uv": [13, 32], "uv_size": [0, 15]},
								"east": {"uv": [26, 32], "uv_size": [-13, 14]},
								"south": {"uv": [26, 32], "uv_size": [0, 15]},
								"west": {"uv": [13, 32], "uv_size": [-13, 15]},
								"up": {"uv": [13, 19], "uv_size": [0, 13]},
								"down": {"uv": [13, 32], "uv_size": [0, -13]}
							}
						},
						{
							"origin": [-2.18087, 0.24002, -4.87805],
							"size": [0, 15, 13],
							"pivot": [0, 0, 0],
							"rotation": [0, 10, -12.5],
							"uv": {
								"north": {"uv": [13, 32], "uv_size": [0, 15]},
								"east": {"uv": [26, 32], "uv_size": [-13, 14]},
								"south": {"uv": [26, 32], "uv_size": [0, 15]},
								"west": {"uv": [13, 32], "uv_size": [-13, 15]},
								"up": {"uv": [13, 19], "uv_size": [0, 13]},
								"down": {"uv": [13, 32], "uv_size": [0, -13]}
							}
						},
						{
							"origin": [2.18087, 0.24002, -4.87805],
							"size": [0, 15, 13],
							"pivot": [0, 0, 0],
							"rotation": [0, -10, 12.5],
							"uv": {
								"north": {"uv": [13, 32], "uv_size": [0, 15]},
								"east": {"uv": [0, 32], "uv_size": [13, 15]},
								"south": {"uv": [26, 32], "uv_size": [0, 15]},
								"west": {"uv": [13, 32], "uv_size": [13, 14]},
								"up": {"uv": [13, 19], "uv_size": [0, 13]},
								"down": {"uv": [13, 32], "uv_size": [0, -13]}
							}
						},
						{
							"origin": [6.18087, 0.74002, -4.87805],
							"size": [0, 15, 13],
							"pivot": [0, 0, 0],
							"rotation": [0, -10, 12.5],
							"uv": {
								"north": {"uv": [13, 32], "uv_size": [0, 15]},
								"east": {"uv": [0, 32], "uv_size": [13, 15]},
								"south": {"uv": [26, 32], "uv_size": [0, 15]},
								"west": {"uv": [13, 32], "uv_size": [13, 14]},
								"up": {"uv": [13, 19], "uv_size": [0, 13]},
								"down": {"uv": [13, 32], "uv_size": [0, -13]}
							}
						},
						{
							"origin": [-1.81913, -0.75998, -4.87805],
							"size": [0, 15, 13],
							"pivot": [0, 0, 0],
							"rotation": [0, -10, 12.5],
							"uv": {
								"north": {"uv": [13, 32], "uv_size": [0, 15]},
								"east": {"uv": [0, 32], "uv_size": [13, 15]},
								"south": {"uv": [26, 32], "uv_size": [0, 15]},
								"west": {"uv": [13, 32], "uv_size": [13, 14]},
								"up": {"uv": [13, 19], "uv_size": [0, 13]},
								"down": {"uv": [13, 32], "uv_size": [0, -13]}
							}
						}
					]
				},
				{
					"name": "bone",
					"pivot": [6.32731, 5.61058, 1.57215],
					"rotation": [0, -2.5, 50]
				},
				{
					"name": "bone2",
					"pivot": [-7.11813, 3.25216, 0.23407],
					"rotation": [0, 0, 90],
					"cubes": [
						{
							"origin": [-8.8522, 2.50216, -14.43606],
							"size": [3, 1, 15],
							"pivot": [0, 0, 0],
							"rotation": [0, 45, 0],
							"uv": {
								"north": {"uv": [15, 31], "uv_size": [3, 1]},
								"east": {"uv": [0, 31], "uv_size": [15, 1]},
								"south": {"uv": [33, 31], "uv_size": [3, 1]},
								"west": {"uv": [18, 31], "uv_size": [15, 1]},
								"up": {"uv": [15, 16], "uv_size": [3, 15]},
								"down": {"uv": [18, 31], "uv_size": [3, -15]}
							}
						},
						{
							"origin": [-8.8522, 3.50216, -8.43606],
							"size": [3, 15, 3],
							"pivot": [0, 0, 0],
							"rotation": [0, 45, 0],
							"uv": {
								"north": {"uv": [16, 49], "uv_size": [3, 15]},
								"east": {"uv": [13, 49], "uv_size": [3, 15]},
								"south": {"uv": [22, 49], "uv_size": [3, 15]},
								"west": {"uv": [19, 49], "uv_size": [3, 15]},
								"up": {"uv": [16, 46], "uv_size": [3, 3]},
								"down": {"uv": [19, 49], "uv_size": [3, -3]}
							}
						},
						{
							"origin": [-8.38406, 2.50216, -0.0958],
							"size": [3, 1, 15],
							"pivot": [0, 0, 0],
							"rotation": [0, -45, 0],
							"uv": {
								"north": {"uv": [15, 15], "uv_size": [3, 1]},
								"east": {"uv": [0, 15], "uv_size": [15, 1]},
								"south": {"uv": [33, 15], "uv_size": [3, 1]},
								"west": {"uv": [18, 15], "uv_size": [15, 1]},
								"up": {"uv": [15, 0], "uv_size": [3, 15]},
								"down": {"uv": [18, 15], "uv_size": [3, -15]}
							}
						}
					]
				}
			]
		}
	]
}