{
	"format_version": "1.12.0",
	"minecraft:geometry": [
		{
			"description": {
				"identifier": "geometry.czech_hedgehog",
				"texture_width": 64,
				"texture_height": 64,
				"visible_bounds_width": 3,
				"visible_bounds_height": 2.5,
				"visible_bounds_offset": [0, 0.75, 0]
			},
			"bones": [
				{
					"name": "base",
					"pivot": [0, 0, 0]
				},
				{
					"name": "bars4",
					"parent": "base",
					"pivot": [1, 8.75, -1.5],
					"rotation": [62.5, -17, -39.36612],
					"cubes": [
						{"origin": [-12, 7, -2.5], "size": [26, 2, 1], "uv": [0, 18]},
						{"origin": [-12, 9, -2.5], "size": [26, 1, 3], "uv": [0, 8]}
					]
				},
				{
					"name": "bars3",
					"parent": "base",
					"pivot": [1, 8.75, -2],
					"rotation": [-21.40905, 26.35783, 38.69954],
					"cubes": [
						{"origin": [-12, 7, -3], "size": [26, 2, 1], "uv": [0, 15]},
						{"origin": [-12, 9, -3], "size": [26, 1, 3], "uv": [0, 4]}
					]
				},
				{
					"name": "bars2",
					"parent": "base",
					"pivot": [0, 8.75, -1.5],
					"rotation": [-45, 52.5, -90],
					"cubes": [
						{"origin": [-13, 7, -2.5], "size": [26, 2, 1], "uv": [0, 12]},
						{"origin": [-13, 9, -2.5], "size": [26, 1, 3], "uv": [0, 0]}
					]
				}
			]
		}
	]
}