{
	"format_version": "1.12.0",
	"minecraft:geometry": [
		{
			"description": {
				"identifier": "geometry.radio_box",
				"texture_width": 64,
				"texture_height": 64,
				"visible_bounds_width": 3,
				"visible_bounds_height": 2.5,
				"visible_bounds_offset": [0, 0.75, 0]
			},
			"bones": [
				{
					"name": "bb_main",
					"pivot": [0, 0, 0],
					"cubes": [
						{
							"origin": [-8, 0.5, -5],
							"size": [16, 7, 10],
							"uv": {
								"north": {"uv": [44, 44], "uv_size": [18, 16]},
								"east": {"uv": [0, 10], "uv_size": [10, 7]},
								"south": {"uv": [36, 10], "uv_size": [16, 7]},
								"west": {"uv": [26, 10], "uv_size": [10, 7]},
								"up": {"uv": [10, 0], "uv_size": [16, 10]},
								"down": {"uv": [26, 10], "uv_size": [16, -10]}
							}
						},
						{
							"origin": [-8, 0.5, -5.5],
							"size": [16, -0.5, 10.5],
							"uv": {
								"north": {"uv": [10, 36], "uv_size": [16, -1]},
								"east": {"uv": [0, 36], "uv_size": [10, -1]},
								"south": {"uv": [36, 36], "uv_size": [16, -1]},
								"west": {"uv": [26, 36], "uv_size": [10, -1]},
								"up": {"uv": [10, 26], "uv_size": [16, 10]},
								"down": {"uv": [26, 36], "uv_size": [16, -10]}
							}
						},
						{
							"origin": [-8, 8, -5.5],
							"size": [16, -0.5, 10.5],
							"uv": {
								"north": {"uv": [10, 27], "uv_size": [16, -1]},
								"east": {"uv": [0, 27], "uv_size": [10, -1]},
								"south": {"uv": [36, 27], "uv_size": [16, -1]},
								"west": {"uv": [26, 27], "uv_size": [10, -1]},
								"up": {"uv": [10, 17], "uv_size": [16, 10]},
								"down": {"uv": [26, 27], "uv_size": [16, -10]}
							}
						},
						{
							"origin": [8, 0.5, -5.5],
							"size": [0.5, 7, 10.5],
							"uv": {
								"north": {"uv": [30, 35], "uv_size": [0, 7]},
								"east": {"uv": [20, 35], "uv_size": [10, 7]},
								"south": {"uv": [39, 35], "uv_size": [1, 7]},
								"west": {"uv": [30, 35], "uv_size": [10, 7]},
								"up": {"uv": [31, 25], "uv_size": [-1, 10]},
								"down": {"uv": [30, 35], "uv_size": [0, -10]}
							}
						},
						{
							"origin": [-8.5, 0.5, -5.5],
							"size": [0.5, 7, 10.5],
							"uv": {
								"north": {"uv": [10, 35], "uv_size": [0, 7]},
								"east": {"uv": [0, 35], "uv_size": [10, 7]},
								"south": {"uv": [20, 35], "uv_size": [0, 7]},
								"west": {"uv": [10, 35], "uv_size": [10, 7]},
								"up": {"uv": [11, 26], "uv_size": [-1, 10]},
								"down": {"uv": [11, 36], "uv_size": [-1, -10]}
							}
						},
						{
							"origin": [2.7, 2.7, -5.5],
							"size": [0.8, 2.6, 0.5],
							"uv": {
								"north": {"uv": [0, 0], "uv_size": [0.8, 2.6]},
								"east": {"uv": [0, 0], "uv_size": [0.5, 2.6]},
								"south": {"uv": [0, 0], "uv_size": [0.8, 2.6]},
								"west": {"uv": [0, 0], "uv_size": [0.5, 2.6]},
								"up": {"uv": [0.8, 0.5], "uv_size": [-0.8, -0.5]},
								"down": {"uv": [0.8, 0.5], "uv_size": [-0.8, -0.5]}
							}
						},
						{
							"origin": [6.3, 2.7, -5.5],
							"size": [0.8, 2.6, 0.5],
							"uv": {
								"north": {"uv": [0, 0], "uv_size": [0.8, 2.6]},
								"east": {"uv": [0, 0], "uv_size": [0.5, 2.6]},
								"south": {"uv": [0, 0], "uv_size": [0.8, 2.6]},
								"west": {"uv": [0, 0], "uv_size": [0.5, 2.6]},
								"up": {"uv": [0.8, 0.5], "uv_size": [-0.8, -0.5]},
								"down": {"uv": [0.8, 0.5], "uv_size": [-0.8, -0.5]}
							}
						},
						{
							"origin": [3.6, 5.3, -5.5],
							"size": [2.6, 0.9, 0.5],
							"uv": {
								"north": {"uv": [0, 0], "uv_size": [2.6, 0.9]},
								"east": {"uv": [0, 0], "uv_size": [0.5, 0.9]},
								"south": {"uv": [0, 0], "uv_size": [2.6, 0.9]},
								"west": {"uv": [0, 0], "uv_size": [0.5, 0.9]},
								"up": {"uv": [2.6, 0.5], "uv_size": [-2.6, -0.5]},
								"down": {"uv": [2.6, 0.5], "uv_size": [-2.6, -0.5]}
							}
						},
						{
							"origin": [3.6, 1.8, -5.5],
							"size": [2.6, 0.9, 0.5],
							"uv": {
								"north": {"uv": [0, 0], "uv_size": [2.6, 0.9]},
								"east": {"uv": [0, 0], "uv_size": [0.5, 0.9]},
								"south": {"uv": [0, 0], "uv_size": [2.6, 0.9]},
								"west": {"uv": [0, 0], "uv_size": [0.5, 0.9]},
								"up": {"uv": [2.6, 0.5], "uv_size": [-2.6, -0.5]},
								"down": {"uv": [2.6, 0.5], "uv_size": [-2.6, -0.5]}
							}
						}
					]
				}
			]
		}
	]
}