{
	"format_version": "1.12.0",
	"minecraft:geometry": [
		{
			"description": {
				"identifier": "geometry.sandbag",
				"texture_width": 128,
				"texture_height": 128,
				"visible_bounds_width": 3,
				"visible_bounds_height": 2.5,
				"visible_bounds_offset": [0, 0.75, 0]
			},
			"bones": [
				{
					"name": "bb_main2",
					"pivot": [0, 0, 0],
					"cubes": [
						{
							"origin": [-6.19706, 0, -5.5],
							"size": [12.5, 7.5, 10.5],
							"uv": {
								"north": {"uv": [10, 27], "uv_size": [10, 7]},
								"east": {"uv": [0, 27], "uv_size": [10, 7]},
								"south": {"uv": [32, 27], "uv_size": [12, 7]},
								"west": {"uv": [22, 27], "uv_size": [10, 7]},
								"up": {"uv": [10, 17], "uv_size": [12, 10]},
								"down": {"uv": [22, 27], "uv_size": [12, -10]}
							}
						},
						{
							"origin": [-6.19706, 7.5, -5.5],
							"size": [12.5, 7.5, 10.5],
							"uv": {
								"north": {"uv": [10, 10], "uv_size": [11, 7]},
								"east": {"uv": [0, 10], "uv_size": [10, 7]},
								"south": {"uv": [32, 10], "uv_size": [9, 7]},
								"west": {"uv": [22, 10], "uv_size": [10, 7]},
								"up": {"uv": [10, 0], "uv_size": [12, 10]},
								"down": {"uv": [22, 10], "uv_size": [12, -10]}
							}
						},
						{
							"origin": [-8, 9.30294, -5.5],
							"size": [2, 4, 10.5],
							"uv": {
								"north": {"uv": [48, 64], "uv_size": [2, 4]},
								"east": {"uv": [38, 64], "uv_size": [10, 4]},
								"south": {"uv": [60, 64], "uv_size": [2, 4]},
								"west": {"uv": [50, 64], "uv_size": [10, 4]},
								"up": {"uv": [48, 54], "uv_size": [2, 10]},
								"down": {"uv": [50, 64], "uv_size": [2, -10]}
							}
						},
						{
							"origin": [-8, 1.80294, -5.5],
							"size": [2, 4, 10.5],
							"uv": {
								"north": {"uv": [62, 54], "uv_size": [2, 4]},
								"east": {"uv": [52, 54], "uv_size": [10, 4]},
								"south": {"uv": [74, 54], "uv_size": [2, 4]},
								"west": {"uv": [64, 54], "uv_size": [10, 4]},
								"up": {"uv": [62, 44], "uv_size": [2, 10]},
								"down": {"uv": [64, 54], "uv_size": [2, -10]}
							}
						},
						{
							"origin": [6, 1.80294, -5.5],
							"size": [2, 4, 10.5],
							"uv": {
								"north": {"uv": [62, 40], "uv_size": [2, 4]},
								"east": {"uv": [52, 40], "uv_size": [10, 4]},
								"south": {"uv": [74, 40], "uv_size": [2, 4]},
								"west": {"uv": [64, 40], "uv_size": [10, 4]},
								"up": {"uv": [62, 30], "uv_size": [2, 10]},
								"down": {"uv": [64, 40], "uv_size": [2, -10]}
							}
						},
						{
							"origin": [5.5, 9.30294, -5.5],
							"size": [2.5, 4, 10.5],
							"uv": {
								"north": {"uv": [24, 64], "uv_size": [2, 4]},
								"east": {"uv": [14, 64], "uv_size": [10, 4]},
								"south": {"uv": [36, 64], "uv_size": [2, 4]},
								"west": {"uv": [26, 64], "uv_size": [10, 4]},
								"up": {"uv": [24, 54], "uv_size": [2, 10]},
								"down": {"uv": [26, 64], "uv_size": [2, -10]}
							}
						},
						{
							"origin": [3.74975, 9.56346, -5.5],
							"size": [2.4, 5.5, 10.5],
							"pivot": [0, 0, 0],
							"rotation": [0, 0, -45],
							"uv": {
								"north": {"uv": [10, 59], "uv_size": [2, 5]},
								"east": {"uv": [0, 59], "uv_size": [10, 5]},
								"south": {"uv": [22, 59], "uv_size": [2, 5]},
								"west": {"uv": [12, 59], "uv_size": [10, 5]},
								"up": {"uv": [10, 49], "uv_size": [2, 10]},
								"down": {"uv": [12, 59], "uv_size": [2, -10]}
							}
						},
						{
							"origin": [-1.55356, 4.26015, -5.5],
							"size": [2.4, 5.5, 10.5],
							"pivot": [0, 0, 0],
							"rotation": [0, 0, -45],
							"uv": {
								"north": {"uv": [10, 44], "uv_size": [2, 5]},
								"east": {"uv": [0, 44], "uv_size": [10, 5]},
								"south": {"uv": [22, 44], "uv_size": [2, 5]},
								"west": {"uv": [12, 44], "uv_size": [10, 5]},
								"up": {"uv": [10, 34], "uv_size": [2, 10]},
								"down": {"uv": [12, 44], "uv_size": [2, -10]}
							}
						},
						{
							"origin": [-0.84644, 4.26015, -5.5],
							"size": [2.4, 5.5, 10.5],
							"pivot": [0, 0, 0],
							"rotation": [0, 0, 45],
							"uv": {
								"north": {"uv": [42, 34], "uv_size": [2, 5]},
								"east": {"uv": [32, 34], "uv_size": [10, 5]},
								"south": {"uv": [54, 34], "uv_size": [2, 5]},
								"west": {"uv": [44, 34], "uv_size": [10, 5]},
								"up": {"uv": [42, 24], "uv_size": [2, 10]},
								"down": {"uv": [44, 34], "uv_size": [2, -10]}
							}
						},
						{
							"origin": [-6.14974, 9.56345, -5.5],
							"size": [2.4, 5.5, 10.5],
							"pivot": [0, 0, 0],
							"rotation": [0, 0, 45],
							"uv": {
								"north": {"uv": [56, 10], "uv_size": [2, 5]},
								"east": {"uv": [46, 10], "uv_size": [10, 5]},
								"south": {"uv": [68, 10], "uv_size": [2, 5]},
								"west": {"uv": [58, 10], "uv_size": [10, 5]},
								"up": {"uv": [56, 0], "uv_size": [2, 10]},
								"down": {"uv": [58, 10], "uv_size": [2, -10]}
							}
						},
						{
							"origin": [-12.23502, 0.92131, -5.5],
							"size": [2.4, 5.5, 10.5],
							"pivot": [0, 0, 0],
							"rotation": [0, 0, 45],
							"uv": {
								"north": {"uv": [56, 25], "uv_size": [2, 5]},
								"east": {"uv": [46, 25], "uv_size": [10, 5]},
								"south": {"uv": [68, 25], "uv_size": [2, 5]},
								"west": {"uv": [58, 25], "uv_size": [10, 5]},
								"up": {"uv": [56, 15], "uv_size": [2, 10]},
								"down": {"uv": [58, 25], "uv_size": [2, -10]}
							}
						},
						{
							"origin": [-6.93172, -4.38199, -5.5],
							"size": [2.4, 5.5, 10.5],
							"pivot": [0, 0, 0],
							"rotation": [0, 0, 45],
							"uv": {
								"north": {"uv": [24, 49], "uv_size": [2, 5]},
								"east": {"uv": [14, 49], "uv_size": [10, 5]},
								"south": {"uv": [36, 49], "uv_size": [2, 5]},
								"west": {"uv": [26, 49], "uv_size": [10, 5]},
								"up": {"uv": [24, 39], "uv_size": [2, 10]},
								"down": {"uv": [26, 49], "uv_size": [2, -10]}
							}
						},
						{
							"origin": [4.53172, -4.38199, -5.5],
							"size": [2.4, 5.5, 10.5],
							"pivot": [0, 0, 0],
							"rotation": [0, 0, -45],
							"uv": {
								"north": {"uv": [42, 17], "uv_size": [2, 5]},
								"east": {"uv": [32, 17], "uv_size": [10, 5]},
								"south": {"uv": [54, 17], "uv_size": [2, 5]},
								"west": {"uv": [44, 17], "uv_size": [10, 5]},
								"up": {"uv": [42, 7], "uv_size": [2, 10]},
								"down": {"uv": [44, 17], "uv_size": [2, -10]}
							}
						},
						{
							"origin": [9.83502, 0.92131, -5.5],
							"size": [2.4, 5.5, 10.5],
							"pivot": [0, 0, 0],
							"rotation": [0, 0, -45],
							"uv": {
								"north": {"uv": [48, 49], "uv_size": [2, 5]},
								"east": {"uv": [38, 49], "uv_size": [10, 5]},
								"south": {"uv": [60, 49], "uv_size": [2, 5]},
								"west": {"uv": [50, 49], "uv_size": [10, 5]},
								"up": {"uv": [48, 39], "uv_size": [2, 10]},
								"down": {"uv": [50, 49], "uv_size": [2, -10]}
							}
						}
					]
				},
				{
					"name": "bb_main",
					"pivot": [0, 0, 0]
				}
			]
		}
	]
}