{
	"format_version": "1.16.100",
	"minecraft:block": {
		"description": {
			"identifier": "sh8:barbed_wire",
			"properties": {
				"wire:rotation": [
					0,
					1,
					2,
					3
				]
			}
		},
		"components": {
			"minecraft:block_light_absorption": 0,
			"minecraft:block_light_emission": 0.0,
			"minecraft:destroy_time": 5,
			"minecraft:explosion_resistance": 3,
			"minecraft:flammable": {
				"burn_odds": 0,
				"flame_odds": 0
			},
			"minecraft:friction": 0.1,
			"minecraft:geometry": "geometry.barbed_wire",
			"minecraft:map_color": "#FFFFFF",
			"minecraft:material_instances": {
				"*": {
					"face_dimming": false,
					"render_method": "alpha_test",
					"texture": "barbed_wire"
				}
			},
			"minecraft:on_player_placing": {
				"event": "rotate_event"
			},
			"minecraft:ticking": {
				"looping": true,
				"on_tick": {
					"event": "damage"
				},
				"range": [
					1,
					1.5
				]
			}
		},
		"permutations": [
			{
				"condition": "q.block_property('wire:rotation') == 0",
				"components": {
					"minecraft:rotation": [
						0,
						180,
						0
					]
				}
			},
			{
				"condition": "q.block_property('wire:rotation') == 1",
				"components": {
					"minecraft:rotation": [
						0,
						0,
						0
					]
				}
			},
			{
				"condition": "q.block_property('wire:rotation') == 2",
				"components": {
					"minecraft:rotation": [
						0,
						-90,
						0
					]
				}
			},
			{
				"condition": "q.block_property('wire:rotation') == 3",
				"components": {
					"minecraft:rotation": [
						0,
						90,
						0
					]
				}
			}
		],
		"events": {
			"damage": {
				"run_command": {
					"command": [
						"effect @e[r=1.2] instant_damage 1 1 true"
					]
				}
			},
			"rotate_event": {
				"set_block_property": {
					"wire:rotation": "q.cardinal_facing_2d - 2.0"
				}
			}
		}
	}
}