{
	"format_version": "1.10.0",
	"minecraft:block": {
		"description": {
			"identifier": "sh8:bunker_concrete",
			"is_experimental": false,
			"register_to_creative_menu": true
		},
		"components": {
			"minecraft:destroy_time": 3,
			"minecraft:explosion_resistance": 6,
			"minecraft:friction": 0.6,
			"minecraft:flammable": {
				"flame_odds": 0,
				"burn_odds": 0
			},
			"minecraft:map_color": "#FFFFFF",
			"minecraft:block_light_absorption": 1,
			"minecraft:block_light_emission": 0.25
		}
	}
}
