{
	"format_version": "1.16.100",
	"minecraft:block": {
		"description": {
			"identifier": "sh8:crate",
			"properties": {
				"crate:rotation": [
					0,
					1,
					2,
					3
				]
			}
		},
		"components": {
			"minecraft:block_light_absorption": 0,
			"minecraft:block_light_emission": 0.0,
			"minecraft:destroy_time": 5,
			"minecraft:explosion_resistance": 3,
			"minecraft:flammable": {
				"burn_odds": 0,
				"flame_odds": 0
			},
			"minecraft:friction": 0.1,
			"minecraft:geometry": "geometry.crate",
			"minecraft:map_color": "#FFFFFF",
			"minecraft:material_instances": {
				"*": {
					"face_dimming": false,
					"render_method": "alpha_test",
					"texture": "crate"
				}
			},
			"minecraft:on_player_placing": {
				"event": "rotate_event"
			}
		}
	},
	"permutations": [{
			"condition": "q.block_property('crate:rotation') == 0",
			"components": {
				"minecraft:rotation": [
					0,
					180,
					0
				]
			}
		},
		{
			"condition": "q.block_property('crate:rotation') == 1",
			"components": {
				"minecraft:rotation": [
					0,
					0,
					0
				]
			}
		},
		{
			"condition": "q.block_property('crate:rotation') == 2",
			"components": {
				"minecraft:rotation": [
					0,
					-90,
					0
				]
			}
		},
		{
			"condition": "q.block_property('crate:rotation') == 3",
			"components": {
				"minecraft:rotation": [
					0,
					90,
					0
				]
			}
		}
	],
	"events": {
		"rotate_event": {
			"set_block_property": {
				"crate:rotation": "q.cardinal_facing_2d - 2.0"
			}
		}
	}
}