{
  "format_version": "1.16.100",
  "minecraft:block": {
    "components": {
      "minecraft:block_light_absorption": 0,
      "minecraft:block_light_emission": 0.25,
      "minecraft:destroy_time": 5,
      "minecraft:explosion_resistance": 3,
      "minecraft:flammable": {
        "burn_odds": 0,
        "flame_odds": 0
      },
      "minecraft:friction": 0.1,
      "minecraft:geometry": "geometry.czech_hedgehog",
      "minecraft:map_color": "#FFFFFF",
      "minecraft:material_instances": {
        "*": {
          "face_dimming": true,
          "render_method": "opaque",
          "texture": "czech_hedgehog"
        }
      },
      "minecraft:ticking": {
        "looping": true,
        "on_tick": {
          "event": "damage"
        },
        "range": [
          1,
          1
        ]
      }
    },
    "description": {
      "identifier": "sh8:czech_hedgehog"
    },
    "events": {
      "damage": {
        "run_command": {
          "command": [
            "effect @e[r\u003d1.2] instant_damage 1 1 true"
          ]
        }
      }
    }
  }
}