{
	"format_version": "1.12.0",
	"minecraft:geometry": [
		{
			"description": {
				"identifier": "geometry.austrian_uniform",
				"texture_width": 128,
				"texture_height": 128,
				"visible_bounds_width": 3,
				"visible_bounds_height": 5,
				"visible_bounds_offset": [0, 1.5, 0]
			},
			"bones": [
				{
					"name": "Head",
					"pivot": [0, 24, 0]
				},
				{
					"name": "Helmet",
					"parent": "Head",
					"pivot": [0, 23.5, 0.5],
					"rotation": [-5, 0, 0],
					"cubes": [
						{
							"origin": [-4.85295, 28.83519, -4.375],
							"size": [5.125, 9.25, 8.875],
							"pivot": [0.02205, 33.46019, 0],
							"rotation": [0, 0, -90],
							"uv": {
								"north": {"uv": [42, 0], "uv_size": [5, 9]},
								"east": {"uv": [16, 0], "uv_size": [9, 9]},
								"south": {"uv": [43, 9], "uv_size": [5, 9]},
								"west": {"uv": [20, 9], "uv_size": [9, 9]},
								"up": {"uv": [43, 18], "uv_size": [5, 9]},
								"down": {"uv": [44, 36], "uv_size": [5, -9]}
							}
						},
						{
							"origin": [-4.85576, 28.58519, -4.56432],
							"size": [0.875, 9.75, 9.375],
							"pivot": [0.02205, 33.46019, 0],
							"rotation": [0, 0, -90],
							"uv": {
								"north": {"uv": [11, 66], "uv_size": [1, 9.5]},
								"east": {"uv": [0, 12], "uv_size": [9.5, 9.5]},
								"south": {"uv": [49, 66], "uv_size": [1, 9.5]},
								"west": {"uv": [10, 12], "uv_size": [9.5, 9.5]},
								"up": {"uv": [50, 66], "uv_size": [1, 9.5]},
								"down": {"uv": [51, 75.5], "uv_size": [1, -9.5]}
							}
						},
						{
							"origin": [-3.85957, 28.464, -1.56432],
							"size": [1.25, 9.75, 3.625],
							"pivot": [0.02205, 33.339, 0.08716],
							"rotation": [0, 0, -90],
							"uv": {
								"north": {"uv": [14, 67], "uv_size": [1, 9.5]},
								"east": {"uv": [48, 48], "uv_size": [3.5, 9.5]},
								"south": {"uv": [15, 67], "uv_size": [1, 9.5]},
								"west": {"uv": [14, 49], "uv_size": [3.5, 9.5]},
								"up": {"uv": [71, 0], "uv_size": [1, 3.5]},
								"down": {"uv": [71, 23.5], "uv_size": [1, -3.5]}
							}
						},
						{
							"origin": [-2.4898, 28.46923, -1.31432],
							"size": [5.125, 9.5, 3.125],
							"pivot": [0.02205, 33.21923, 0.20699],
							"rotation": [0, 0, -90],
							"uv": {
								"north": {"uv": [39, 30], "uv_size": [5, 9.5]},
								"east": {"uv": [41, 50], "uv_size": [3, 9.5]},
								"south": {"uv": [39, 40], "uv_size": [5, 9.5]},
								"west": {"uv": [52, 10], "uv_size": [3, 9.5]},
								"up": {"uv": [64, 4], "uv_size": [5, 3]},
								"down": {"uv": [64, 41], "uv_size": [5, -3]}
							}
						},
						{
							"origin": [-2.4898, 28.34423, -1.56432],
							"size": [5.25, 9.75, 0.5],
							"pivot": [0.02205, 33.21923, 0.20699],
							"rotation": [0, 0, -90],
							"uv": {
								"north": {"uv": [38, 10], "uv_size": [5, 9.5]},
								"east": {"uv": [1, 70], "uv_size": [0.5, 9.5]},
								"south": {"uv": [38, 20], "uv_size": [5, 9.5]},
								"west": {"uv": [2, 70], "uv_size": [0.5, 9.5]},
								"up": {"uv": [72, 60], "uv_size": [5, 0.5]},
								"down": {"uv": [72, 61.5], "uv_size": [5, -0.5]}
							}
						},
						{
							"origin": [-2.21744, 28.07187, 1.56068],
							"size": [5.25, 9.75, 0.5],
							"pivot": [0.02205, 32.94687, 0.46889],
							"rotation": [0, 0, -90],
							"uv": {
								"north": {"uv": [16, 39], "uv_size": [5, 9.5]},
								"east": {"uv": [3, 70], "uv_size": [0.5, 9.5]},
								"south": {"uv": [21, 39], "uv_size": [5, 9.5]},
								"west": {"uv": [4, 70], "uv_size": [0.5, 9.5]},
								"up": {"uv": [72, 65], "uv_size": [5, 0.5]},
								"down": {"uv": [72, 66.5], "uv_size": [5, -0.5]}
							}
						},
						{
							"origin": [-4.23409, 28.83519, -4.64058],
							"size": [1.375, 9.25, 0.25],
							"pivot": [0.02205, 33.46019, 0],
							"rotation": [0, 0, -90],
							"uv": {
								"north": {"uv": [60, 64], "uv_size": [1.5, 9]},
								"east": {"uv": [7, 70], "uv_size": [0.5, 9]},
								"south": {"uv": [62, 64], "uv_size": [1.5, 9]},
								"west": {"uv": [8, 70], "uv_size": [0.5, 9]},
								"up": {"uv": [73, 34], "uv_size": [1.5, 0.5]},
								"down": {"uv": [73, 35.5], "uv_size": [1.5, -0.5]}
							}
						},
						{
							"origin": [0.39705, 34.09889, -4.56116],
							"size": [1.75, 0.5, 0.25],
							"pivot": [0.39705, 33.97389, -4.56116],
							"rotation": [0, -47.5, -90],
							"uv": {
								"north": {"uv": [73, 40], "uv_size": [1.5, 0.5]},
								"east": {"uv": [74, 4], "uv_size": [0.5, 0.5]},
								"south": {"uv": [73, 42], "uv_size": [1.5, 0.5]},
								"west": {"uv": [9, 74], "uv_size": [0.5, 0.5]},
								"up": {"uv": [43, 73], "uv_size": [1.5, 0.5]},
								"down": {"uv": [73, 43.5], "uv_size": [1.5, -0.5]}
							}
						},
						{
							"origin": [-0.83925, 33.21019, -4.56116],
							"size": [1.375, 0.5, 0.25],
							"pivot": [0.02205, 33.46019, 0],
							"rotation": [0, 0, -90],
							"uv": {
								"north": {"uv": [73, 48], "uv_size": [1.5, 0.5]},
								"east": {"uv": [10, 74], "uv_size": [0.5, 0.5]},
								"south": {"uv": [73, 49], "uv_size": [1.5, 0.5]},
								"west": {"uv": [74, 11], "uv_size": [0.5, 0.5]},
								"up": {"uv": [73, 50], "uv_size": [1.5, 0.5]},
								"down": {"uv": [73, 51.5], "uv_size": [1.5, -0.5]}
							}
						},
						{
							"origin": [0.97696, 30.81142, -4.597],
							"size": [1.625, 2.625, 0.25],
							"pivot": [3.02205, 31.07905, -4.64058],
							"rotation": [0, 0, -57.5],
							"uv": {
								"north": {"uv": [70, 28], "uv_size": [1.5, 2.5]},
								"east": {"uv": [28, 73], "uv_size": [0.5, 2.5]},
								"south": {"uv": [34, 70], "uv_size": [1.5, 2.5]},
								"west": {"uv": [73, 28], "uv_size": [0.5, 2.5]},
								"up": {"uv": [73, 36], "uv_size": [1.5, 0.5]},
								"down": {"uv": [73, 37.5], "uv_size": [1.5, -0.5]}
							}
						},
						{
							"origin": [-2.66912, 30.706, -4.597],
							"size": [1.625, 3.5, 0.25],
							"pivot": [-3.02205, 31.07905, -4.64058],
							"rotation": [0, 0, 57.5],
							"uv": {
								"north": {"uv": [25, 69], "uv_size": [1.5, 3.5]},
								"east": {"uv": [13, 73], "uv_size": [0.5, 3.5]},
								"south": {"uv": [27, 69], "uv_size": [1.5, 3.5]},
								"west": {"uv": [73, 16], "uv_size": [0.5, 3.5]},
								"up": {"uv": [73, 38], "uv_size": [1.5, 0.5]},
								"down": {"uv": [73, 39.5], "uv_size": [1.5, -0.5]}
							}
						},
						{
							"origin": [-1.54294, 30.48677, -4.58611],
							"size": [0.625, 3.125, 0.25],
							"pivot": [-1.77205, 31.07905, -4.64058],
							"rotation": [0, 0, 32.5],
							"uv": {
								"north": {"uv": [73, 20], "uv_size": [0.5, 3]},
								"east": {"uv": [21, 73], "uv_size": [0.5, 3]},
								"south": {"uv": [22, 73], "uv_size": [0.5, 3]},
								"west": {"uv": [23, 73], "uv_size": [0.5, 3]},
								"up": {"uv": [66, 73], "uv_size": [0.5, 0.5]},
								"down": {"uv": [67, 73.5], "uv_size": [0.5, -0.5]}
							}
						},
						{
							"origin": [0.83574, 30.53984, -4.58611],
							"size": [0.625, 3, 0.25],
							"pivot": [1.77205, 31.07905, -4.64058],
							"rotation": [0, 0, -30],
							"uv": {
								"north": {"uv": [24, 73], "uv_size": [0.5, 3]},
								"east": {"uv": [25, 73], "uv_size": [0.5, 3]},
								"south": {"uv": [26, 73], "uv_size": [0.5, 3]},
								"west": {"uv": [27, 73], "uv_size": [0.5, 3]},
								"up": {"uv": [72, 73], "uv_size": [0.5, 0.5]},
								"down": {"uv": [73, 73.5], "uv_size": [0.5, -0.5]}
							}
						},
						{
							"origin": [4.89705, 28.58238, 3.18568],
							"size": [0.875, 0.625, 3.875],
							"pivot": [4.89705, 28.58238, 3.18568],
							"rotation": [15.22071, -19.91359, -90.68799],
							"uv": {
								"north": {"uv": [73, 54], "uv_size": [1, 0.5]},
								"east": {"uv": [72, 71], "uv_size": [4, 0.5]},
								"south": {"uv": [73, 55], "uv_size": [1, 0.5]},
								"west": {"uv": [72, 72], "uv_size": [4, 0.5]},
								"up": {"uv": [30, 70], "uv_size": [1, 4]},
								"down": {"uv": [31, 74], "uv_size": [1, -4]}
							}
						},
						{
							"origin": [-5.77205, 28.58238, 3.18568],
							"size": [0.875, 0.625, 3.875],
							"pivot": [-4.89705, 28.58238, 3.18568],
							"rotation": [15.22071, 19.91359, 90.68799],
							"uv": {
								"north": {"uv": [73, 56], "uv_size": [1, 0.5]},
								"east": {"uv": [73, 0], "uv_size": [4, 0.5]},
								"south": {"uv": [57, 73], "uv_size": [1, 0.5]},
								"west": {"uv": [73, 1], "uv_size": [4, 0.5]},
								"up": {"uv": [32, 70], "uv_size": [1, 4]},
								"down": {"uv": [33, 74], "uv_size": [1, -4]}
							}
						},
						{
							"origin": [1.63944, 27.25073, -2.28293],
							"size": [2.25, 9.25, 4.75],
							"pivot": [0.02205, 31.87573, -1.85862],
							"rotation": [0, 0, -90],
							"uv": {
								"north": {"uv": [57, 52], "uv_size": [2.5, 9.5]},
								"east": {"uv": [34, 36], "uv_size": [5, 9.5]},
								"south": {"uv": [18, 58], "uv_size": [2.5, 9.5]},
								"west": {"uv": [37, 0], "uv_size": [5, 9.5]},
								"up": {"uv": [64, 41], "uv_size": [2.5, 5]},
								"down": {"uv": [64, 69], "uv_size": [2.5, -5]}
							}
						},
						{
							"origin": [2.99446, 25.14238, -3.85919],
							"size": [2.25, 1.5, 7.375],
							"pivot": [-3.85295, 29.76738, -1.47731],
							"rotation": [0, 0, -90],
							"uv": {
								"north": {"uv": [70, 32], "uv_size": [2.5, 1.5]},
								"east": {"uv": [65, 14], "uv_size": [7.5, 1.5]},
								"south": {"uv": [70, 36], "uv_size": [2.5, 1.5]},
								"west": {"uv": [65, 48], "uv_size": [7.5, 1.5]},
								"up": {"uv": [38, 60], "uv_size": [2.5, 7.5]},
								"down": {"uv": [41, 67.5], "uv_size": [2.5, -7.5]}
							}
						},
						{
							"origin": [-2.99507, 25.51738, -3.36951],
							"size": [6.125, 0.75, 8.25],
							"pivot": [-3.85295, 29.76738, -1.47731],
							"rotation": [0, 0, -90],
							"uv": {
								"north": {"uv": [68, 11], "uv_size": [6, 1]},
								"east": {"uv": [67, 45], "uv_size": [8.5, 1]},
								"south": {"uv": [69, 5], "uv_size": [6, 1]},
								"west": {"uv": [67, 64], "uv_size": [8.5, 1]},
								"up": {"uv": [20, 18], "uv_size": [6, 8.5]},
								"down": {"uv": [0, 30.5], "uv_size": [6, -8.5]}
							}
						},
						{
							"origin": [-5.70417, 36.005, 4.29775],
							"size": [4.875, 1.5, 2.125],
							"pivot": [0.02205, 36.755, -6.12196],
							"rotation": [0, 0, -90],
							"uv": {
								"north": {"uv": [68, 9], "uv_size": [5, 1.5]},
								"east": {"uv": [71, 42], "uv_size": [2, 1.5]},
								"south": {"uv": [68, 34], "uv_size": [5, 1.5]},
								"west": {"uv": [43, 71], "uv_size": [2, 1.5]},
								"up": {"uv": [65, 62], "uv_size": [5, 2]},
								"down": {"uv": [24, 69], "uv_size": [5, -2]}
							}
						},
						{
							"origin": [4.64705, 33.71019, -4.375],
							"size": [2.875, 9.25, 3.625],
							"pivot": [4.64705, 33.71019, -4.375],
							"rotation": [0, -45, -90],
							"uv": {
								"north": {"uv": [0, 50], "uv_size": [3, 9.5]},
								"east": {"uv": [34, 46], "uv_size": [3.5, 9.5]},
								"south": {"uv": [3, 50], "uv_size": [3, 9.5]},
								"west": {"uv": [48, 10], "uv_size": [3.5, 9.5]},
								"up": {"uv": [21, 65], "uv_size": [3, 3.5]},
								"down": {"uv": [65, 61.5], "uv_size": [3, -3.5]}
							}
						},
						{
							"origin": [4.64705, 33.71019, 0.875],
							"size": [2.875, 9.25, 3.625],
							"pivot": [4.64705, 33.71019, 4.5],
							"rotation": [0, 45, -90],
							"uv": {
								"north": {"uv": [6, 50], "uv_size": [3, 9.5]},
								"east": {"uv": [30, 48], "uv_size": [3.5, 9.5]},
								"south": {"uv": [38, 50], "uv_size": [3, 9.5]},
								"west": {"uv": [44, 48], "uv_size": [3.5, 9.5]},
								"up": {"uv": [66, 0], "uv_size": [3, 3.5]},
								"down": {"uv": [8, 69.5], "uv_size": [3, -3.5]}
							}
						},
						{
							"origin": [2.77603, 38.9831, 3.25137],
							"size": [4.125, 1.55, 2.75],
							"pivot": [4.02202, 35.74312, 4.46568],
							"rotation": [0, 45, -90],
							"uv": {
								"north": {"uv": [68, 58], "uv_size": [4, 1.5]},
								"east": {"uv": [61, 4], "uv_size": [3, 1.5]},
								"south": {"uv": [68, 60], "uv_size": [4, 1.5]},
								"west": {"uv": [26, 61], "uv_size": [3, 1.5]},
								"up": {"uv": [16, 9], "uv_size": [4, 3]},
								"down": {"uv": [0, 46], "uv_size": [4, -3]}
							}
						},
						{
							"origin": [-1.5578, 33.288, 3.73822],
							"size": [3.25, 1.55, 3],
							"pivot": [3.89705, 30.1747, 0.32544],
							"rotation": [0, 45, -90],
							"uv": {
								"north": {"uv": [69, 38], "uv_size": [3.5, 1.5]},
								"east": {"uv": [70, 16], "uv_size": [3, 1.5]},
								"south": {"uv": [43, 69], "uv_size": [3.5, 1.5]},
								"west": {"uv": [70, 18], "uv_size": [3, 1.5]},
								"up": {"uv": [66, 16], "uv_size": [3.5, 3]},
								"down": {"uv": [66, 22], "uv_size": [3.5, -3]}
							}
						},
						{
							"origin": [3.69553, 30.91312, -0.3583],
							"size": [1.75, 1.75, 10.625],
							"pivot": [4.625, 31.1655, 0.3292],
							"rotation": [0, -90, 0],
							"uv": {
								"north": {"uv": [24, 65], "uv_size": [1.5, 2]},
								"east": {"uv": [57, 34], "uv_size": [10.5, 2]},
								"south": {"uv": [71, 24], "uv_size": [1.5, 2]},
								"west": {"uv": [59, 36], "uv_size": [10.5, 2]},
								"up": {"uv": [12, 62], "uv_size": [1.5, 10.5]},
								"down": {"uv": [57, 72.5], "uv_size": [1.5, -10.5]}
							}
						},
						{
							"origin": [5.56339, 31.28812, -0.10117],
							"size": [3.5, 1, 9.875],
							"pivot": [4.625, 31.00209, 0.21133],
							"rotation": [0, -90, 0],
							"uv": {
								"north": {"uv": [70, 62], "uv_size": [3.5, 1]},
								"east": {"uv": [66, 31], "uv_size": [10, 1]},
								"south": {"uv": [70, 63], "uv_size": [3.5, 1]},
								"west": {"uv": [67, 41], "uv_size": [10, 1]},
								"up": {"uv": [26, 42], "uv_size": [3.5, 10]},
								"down": {"uv": [10, 56], "uv_size": [3.5, -10]}
							}
						},
						{
							"origin": [-0.45862, 25.38377, -6.81252],
							"size": [0.75, 7.375, 2.5],
							"pivot": [0.15786, 28.88377, -5.49781],
							"rotation": [0, 20, -90],
							"uv": {
								"north": {"uv": [16, 67], "uv_size": [1, 7.5]},
								"east": {"uv": [49, 58], "uv_size": [2.5, 7.5]},
								"south": {"uv": [37, 67], "uv_size": [1, 7.5]},
								"west": {"uv": [14, 59], "uv_size": [2.5, 7.5]},
								"up": {"uv": [71, 65], "uv_size": [1, 2.5]},
								"down": {"uv": [71, 70.5], "uv_size": [1, -2.5]}
							}
						},
						{
							"origin": [-0.7015, 24.32933, 4.09737],
							"size": [0.75, 7.125, 3.75],
							"pivot": [-0.12171, 28.01683, 6.70397],
							"rotation": [0, -30, -90],
							"uv": {
								"north": {"uv": [36, 70], "uv_size": [0.5, 7]},
								"east": {"uv": [25, 0], "uv_size": [3.5, 7]},
								"south": {"uv": [70, 69], "uv_size": [0.5, 7]},
								"west": {"uv": [34, 56], "uv_size": [3.5, 7]},
								"up": {"uv": [12, 73], "uv_size": [0.5, 3.5]},
								"down": {"uv": [73, 15.5], "uv_size": [0.5, -3.5]}
							}
						},
						{
							"origin": [2.86818, 28.5569, -6.78315],
							"size": [0.75, 1.125, 2.75],
							"pivot": [3.61818, 28.5569, -6.78315],
							"rotation": [-30.19837, 20.34595, -93.23448],
							"uv": {
								"north": {"uv": [29, 17], "uv_size": [1, 1]},
								"east": {"uv": [71, 4], "uv_size": [3, 1]},
								"south": {"uv": [37, 10], "uv_size": [1, 1]},
								"west": {"uv": [71, 26], "uv_size": [3, 1]},
								"up": {"uv": [43, 27], "uv_size": [1, 3]},
								"down": {"uv": [48, 27], "uv_size": [1, -3]}
							}
						},
						{
							"origin": [-3.67746, 28.5569, -6.78315],
							"size": [0.75, 1.125, 2.75],
							"pivot": [-3.67746, 28.5569, -6.78315],
							"rotation": [-30.19837, -20.34595, 93.23448],
							"uv": {
								"north": {"uv": [27, 52], "uv_size": [1, 1]},
								"east": {"uv": [71, 27], "uv_size": [3, 1]},
								"south": {"uv": [9, 55], "uv_size": [1, 1]},
								"west": {"uv": [71, 44], "uv_size": [3, 1]},
								"up": {"uv": [45, 71], "uv_size": [1, 3]},
								"down": {"uv": [46, 74], "uv_size": [1, -3]}
							}
						},
						{
							"origin": [4.14705, 29.45738, 4.81068],
							"size": [0.75, 1.125, 3.75],
							"pivot": [4.89705, 29.45738, 4.81068],
							"rotation": [23.89575, -30.02058, -96.00448],
							"uv": {
								"north": {"uv": [37, 11], "uv_size": [1, 1]},
								"east": {"uv": [54, 47], "uv_size": [4, 1]},
								"south": {"uv": [38, 35], "uv_size": [1, 1]},
								"west": {"uv": [56, 9], "uv_size": [4, 1]},
								"up": {"uv": [10, 70], "uv_size": [1, 4]},
								"down": {"uv": [70, 24], "uv_size": [1, -4]}
							}
						},
						{
							"origin": [-4.89705, 29.45738, 4.81068],
							"size": [0.75, 1.125, 3.75],
							"pivot": [-4.89705, 29.45738, 4.81068],
							"rotation": [23.89575, 30.02058, 96.00448],
							"uv": {
								"north": {"uv": [42, 9], "uv_size": [1, 1]},
								"east": {"uv": [69, 6], "uv_size": [4, 1]},
								"south": {"uv": [26, 52], "uv_size": [1, 1]},
								"west": {"uv": [69, 40], "uv_size": [4, 1]},
								"up": {"uv": [70, 24], "uv_size": [1, 4]},
								"down": {"uv": [29, 74], "uv_size": [1, -4]}
							}
						},
						{
							"origin": [2.91306, 28.55388, -10.669],
							"size": [0.75, 2.375, 3.875],
							"pivot": [3.66306, 28.55388, -6.794],
							"rotation": [-68.84419, 21.23262, -89.57407],
							"uv": {
								"north": {"uv": [71, 71], "uv_size": [1, 2.5]},
								"east": {"uv": [66, 22], "uv_size": [4, 2.5]},
								"south": {"uv": [72, 0], "uv_size": [1, 2.5]},
								"west": {"uv": [66, 25], "uv_size": [4, 2.5]},
								"up": {"uv": [38, 46], "uv_size": [1, 4]},
								"down": {"uv": [47, 9], "uv_size": [1, -4]}
							}
						},
						{
							"origin": [-3.72234, 28.55388, -10.794],
							"size": [0.75, 2.375, 4],
							"pivot": [-3.72234, 28.55388, -6.794],
							"rotation": [-68.84419, -21.23262, 89.57407],
							"uv": {
								"north": {"uv": [72, 20], "uv_size": [1, 2.5]},
								"east": {"uv": [66, 28], "uv_size": [4, 2.5]},
								"south": {"uv": [72, 28], "uv_size": [1, 2.5]},
								"west": {"uv": [0, 67], "uv_size": [4, 2.5]},
								"up": {"uv": [55, 16], "uv_size": [1, 4]},
								"down": {"uv": [9, 74], "uv_size": [1, -4]}
							}
						}
					]
				},
				{
					"name": "Body",
					"pivot": [0, 24, 0],
					"cubes": [
						{
							"origin": [-4, 9.26941, 2.22],
							"size": [8, 2.25, 0],
							"inflate": 0.25,
							"pivot": [-4.25, 9.01941, 2.46802],
							"rotation": [5, 0, 0],
							"uv": {
								"north": {"uv": [0, 60], "uv_size": [8, 2.5]},
								"east": {"uv": [0, 11.75], "uv_size": [4.5, -0.625]},
								"south": {"uv": [60, 9], "uv_size": [8, 2.5]},
								"west": {"uv": [0, 11.125], "uv_size": [4.75, 0.75]},
								"up": {"uv": [0, 0], "uv_size": [8, 0]},
								"down": {"uv": [0, 0], "uv_size": [8, 0]}
							}
						},
						{
							"origin": [-4, 9.26941, 2.218],
							"size": [3.625, 2.25, 0],
							"inflate": 0.25,
							"pivot": [-4.25, 9.01941, 2.46802],
							"rotation": [4.92442, -0.86717, 9.96271],
							"uv": {
								"north": {"uv": [33, 67], "uv_size": [3.5, 2.5]},
								"east": {"uv": [0, 0], "uv_size": [0, 2.5]},
								"south": {"uv": [67, 42], "uv_size": [3.5, 2.5]},
								"west": {"uv": [0, 11.125], "uv_size": [4, 0.625]},
								"up": {"uv": [0, 0], "uv_size": [3.5, 0]},
								"down": {"uv": [0, 11.75], "uv_size": [4.25, -0.625]}
							}
						},
						{
							"origin": [0.25, 9.26941, 2.21802],
							"size": [3.75, 2.25, 0],
							"inflate": 0.25,
							"pivot": [4.25, 9.01941, 2.46802],
							"rotation": [4.92442, 0.86717, -9.96271],
							"uv": {
								"north": {"uv": [4, 67], "uv_size": [4, 2.5]},
								"east": {"uv": [0, 11.125], "uv_size": [2.25, 0.625]},
								"south": {"uv": [29, 67], "uv_size": [4, 2.5]},
								"west": {"uv": [0, 0], "uv_size": [0, 2.5]},
								"up": {"uv": [0, 0], "uv_size": [4, 0]},
								"down": {"uv": [0, 11.75], "uv_size": [4, -0.5]}
							}
						},
						{
							"origin": [-4, 12, -1.97656],
							"size": [8, 12, 4],
							"inflate": 0.25,
							"uv": {
								"north": {"uv": [0, 0], "uv_size": [8, 12]},
								"east": {"uv": [6, 22], "uv_size": [4, 12]},
								"south": {"uv": [8, 0], "uv_size": [8, 12]},
								"west": {"uv": [10, 22], "uv_size": [4, 12]},
								"up": {"uv": [48, 20], "uv_size": [8, 4]},
								"down": {"uv": [18, 53], "uv_size": [8, -4]}
							}
						}
					]
				},
				{
					"name": "Vest",
					"parent": "Body",
					"pivot": [-0.5, 24.5, -4.97656],
					"cubes": [
						{
							"origin": [-0.46657, 10.63787, 2.02344],
							"size": [1.15234, 14.75, 0.375],
							"pivot": [0.1096, 18.01287, 2.27344],
							"rotation": [0, 0, 32.5],
							"uv": {
								"north": {"uv": [17, 59], "uv_size": [1, 15]},
								"east": {"uv": [18, 68], "uv_size": [0.5, 15]},
								"south": {"uv": [59, 62], "uv_size": [1, 15]},
								"west": {"uv": [19, 68], "uv_size": [0.5, 15]},
								"up": {"uv": [56, 22], "uv_size": [1, 0.5]},
								"down": {"uv": [56, 23.5], "uv_size": [1, -0.5]}
							}
						},
						{
							"origin": [-0.68577, 10.63787, 2.02344],
							"size": [1.15234, 14.75, 0.375],
							"pivot": [-0.1096, 18.01287, 2.27344],
							"rotation": [0, 0, -32.5],
							"uv": {
								"north": {"uv": [48, 63], "uv_size": [1, 15]},
								"east": {"uv": [20, 68], "uv_size": [0.5, 15]},
								"south": {"uv": [52, 63], "uv_size": [1, 15]},
								"west": {"uv": [38, 68], "uv_size": [0.5, 15]},
								"up": {"uv": [58, 47], "uv_size": [1, 0.5]},
								"down": {"uv": [8, 60.5], "uv_size": [1, -0.5]}
							}
						},
						{
							"origin": [-5.18577, 21.13787, 2.52344],
							"size": [10.15234, 4, 4],
							"uv": {
								"north": {"uv": [44, 36], "uv_size": [10, 4]},
								"east": {"uv": [8, 62], "uv_size": [4, 4]},
								"south": {"uv": [44, 40], "uv_size": [10, 4]},
								"west": {"uv": [62, 20], "uv_size": [4, 4]},
								"up": {"uv": [44, 44], "uv_size": [10, 4]},
								"down": {"uv": [0, 50], "uv_size": [10, -4]}
							}
						},
						{
							"origin": [-4.18577, 16.13787, 2.39844],
							"size": [8.15234, 4.25, 1.25],
							"uv": {
								"north": {"uv": [47, 0], "uv_size": [8, 4.5]},
								"east": {"uv": [18, 22], "uv_size": [1.5, 4.5]},
								"south": {"uv": [48, 5], "uv_size": [8, 4.5]},
								"west": {"uv": [16, 34], "uv_size": [1.5, 4.5]},
								"up": {"uv": [62, 32], "uv_size": [8, 1.5]},
								"down": {"uv": [64, 8.5], "uv_size": [8, -1.5]}
							}
						},
						{
							"origin": [-3.93577, 13.13787, 2.39844],
							"size": [7.65234, 3, 1.25],
							"uv": {
								"north": {"uv": [56, 6], "uv_size": [7.5, 3]},
								"east": {"uv": [4, 31], "uv_size": [1.5, 3]},
								"south": {"uv": [21, 58], "uv_size": [7.5, 3]},
								"west": {"uv": [14, 46], "uv_size": [1.5, 3]},
								"up": {"uv": [65, 54], "uv_size": [7.5, 1.5]},
								"down": {"uv": [65, 57.5], "uv_size": [7.5, -1.5]}
							}
						},
						{
							"origin": [-3.93577, 13.13787, 2.39844],
							"size": [7.65234, 3.25, 1.25],
							"pivot": [3.71657, 13.13787, 3.64844],
							"rotation": [-12.5, 0, 0],
							"uv": {
								"north": {"uv": [49, 32], "uv_size": [7.5, 3.5]},
								"east": {"uv": [64, 69], "uv_size": [1.5, 3.5]},
								"south": {"uv": [52, 48], "uv_size": [7.5, 3.5]},
								"west": {"uv": [66, 69], "uv_size": [1.5, 3.5]},
								"up": {"uv": [65, 50], "uv_size": [7.5, 1.5]},
								"down": {"uv": [65, 53.5], "uv_size": [7.5, -1.5]}
							}
						},
						{
							"origin": [-4.18577, 16.23713, 2.39844],
							"size": [8.15234, 4.125, 1.25],
							"pivot": [3.71657, 20.36213, 3.64844],
							"rotation": [12.5, 0, 0],
							"uv": {
								"north": {"uv": [49, 24], "uv_size": [8, 4]},
								"east": {"uv": [21, 69], "uv_size": [1.5, 4]},
								"south": {"uv": [49, 28], "uv_size": [8, 4]},
								"west": {"uv": [23, 69], "uv_size": [1.5, 4]},
								"up": {"uv": [64, 46], "uv_size": [8, 1.5]},
								"down": {"uv": [65, 13.5], "uv_size": [8, -1.5]}
							}
						},
						{
							"origin": [-0.68577, 10.63787, -2.52344],
							"size": [1.15234, 14.75, 0.25],
							"pivot": [-0.1096, 18.01287, -2.52344],
							"rotation": [0, 0, -32.5],
							"uv": {
								"north": {"uv": [53, 63], "uv_size": [1, 15]},
								"east": {"uv": [39, 68], "uv_size": [0.5, 15]},
								"south": {"uv": [54, 63], "uv_size": [1, 15]},
								"west": {"uv": [40, 68], "uv_size": [0.5, 15]},
								"up": {"uv": [8, 61], "uv_size": [1, 0.5]},
								"down": {"uv": [61, 20.5], "uv_size": [1, -0.5]}
							}
						},
						{
							"origin": [-0.46657, 10.63787, -2.52344],
							"size": [1.15234, 14.75, 0.25],
							"pivot": [0.1096, 18.01287, -2.52344],
							"rotation": [0, 0, 32.5],
							"uv": {
								"north": {"uv": [55, 63], "uv_size": [1, 15]},
								"east": {"uv": [41, 68], "uv_size": [0.5, 15]},
								"south": {"uv": [56, 63], "uv_size": [1, 15]},
								"west": {"uv": [42, 68], "uv_size": [0.5, 15]},
								"up": {"uv": [61, 21], "uv_size": [1, 0.5]},
								"down": {"uv": [43, 68.5], "uv_size": [1, -0.5]}
							}
						},
						{
							"origin": [-0.46657, 24.88787, -2.27344],
							"size": [1.15234, 0.5, 4.5],
							"pivot": [0.1096, 18.01287, -2.02344],
							"rotation": [0, 0, 32.5],
							"uv": {
								"north": {"uv": [73, 52], "uv_size": [1, 0.5]},
								"east": {"uv": [72, 67], "uv_size": [4.5, 0.5]},
								"south": {"uv": [73, 53], "uv_size": [1, 0.5]},
								"west": {"uv": [72, 68], "uv_size": [4.5, 0.5]},
								"up": {"uv": [5, 70], "uv_size": [1, 4.5]},
								"down": {"uv": [6, 74.5], "uv_size": [1, -4.5]}
							}
						},
						{
							"origin": [3.58625, 23.91746, -2.52344],
							"size": [0.95, 0.625, 4.875],
							"uv": {
								"north": {"uv": [73, 57], "uv_size": [1, 0.5]},
								"east": {"uv": [72, 3], "uv_size": [5, 0.5]},
								"south": {"uv": [58, 73], "uv_size": [1, 0.5]},
								"west": {"uv": [72, 7], "uv_size": [5, 0.5]},
								"up": {"uv": [29, 12], "uv_size": [1, 5]},
								"down": {"uv": [38, 35], "uv_size": [1, -5]}
							}
						},
						{
							"origin": [-4.53625, 23.91746, -2.52344],
							"size": [0.95, 0.625, 4.875],
							"uv": {
								"north": {"uv": [60, 73], "uv_size": [1, 0.5]},
								"east": {"uv": [72, 8], "uv_size": [5, 0.5]},
								"south": {"uv": [61, 73], "uv_size": [1, 0.5]},
								"west": {"uv": [72, 23], "uv_size": [5, 0.5]},
								"up": {"uv": [9, 50], "uv_size": [1, 5]},
								"down": {"uv": [55, 5], "uv_size": [1, -5]}
							}
						},
						{
							"origin": [-4.31705, 11.48328, -2.52344],
							"size": [0.95, 0.625, 4.875],
							"uv": {
								"north": {"uv": [62, 73], "uv_size": [1, 0.5]},
								"east": {"uv": [72, 46], "uv_size": [5, 0.5]},
								"south": {"uv": [63, 73], "uv_size": [1, 0.5]},
								"west": {"uv": [72, 47], "uv_size": [5, 0.5]},
								"up": {"uv": [47, 69], "uv_size": [1, 5]},
								"down": {"uv": [68, 74], "uv_size": [1, -5]}
							}
						},
						{
							"origin": [3.36705, 11.48328, -2.52344],
							"size": [0.95, 0.625, 4.875],
							"uv": {
								"north": {"uv": [64, 73], "uv_size": [1, 0.5]},
								"east": {"uv": [72, 58], "uv_size": [5, 0.5]},
								"south": {"uv": [65, 73], "uv_size": [1, 0.5]},
								"west": {"uv": [72, 59], "uv_size": [5, 0.5]},
								"up": {"uv": [69, 69], "uv_size": [1, 5]},
								"down": {"uv": [0, 75], "uv_size": [1, -5]}
							}
						},
						{
							"origin": [-0.93577, 24.88787, -2.27344],
							"size": [1.40234, 0.5, 4.5],
							"pivot": [-0.1096, 18.01287, -2.02344],
							"rotation": [0, 0, -32.5],
							"uv": {
								"north": {"uv": [73, 33], "uv_size": [1.5, 0.5]},
								"east": {"uv": [72, 69], "uv_size": [4.5, 0.5]},
								"south": {"uv": [34, 73], "uv_size": [1.5, 0.5]},
								"west": {"uv": [72, 70], "uv_size": [4.5, 0.5]},
								"up": {"uv": [28, 52], "uv_size": [1.5, 4.5]},
								"down": {"uv": [69, 4.5], "uv_size": [1.5, -4.5]}
							}
						}
					]
				},
				{
					"name": "RightArm",
					"pivot": [-5.5, 22, 0],
					"cubes": [
						{
							"origin": [-8.8, 11.75, -2.5],
							"size": [4.95, 3.5, 4.8],
							"uv": {
								"north": {"uv": [60, 12], "uv_size": [5, 3.5]},
								"east": {"uv": [60, 48], "uv_size": [5, 3.5]},
								"south": {"uv": [60, 52], "uv_size": [5, 3.5]},
								"west": {"uv": [60, 56], "uv_size": [5, 3.5]},
								"up": {"uv": [52, 52], "uv_size": [5, 5]},
								"down": {"uv": [18, 58], "uv_size": [5, -5]}
							}
						},
						{
							"origin": [-8.175, 24.25, -1.125],
							"size": [3.95, 0.25, 2.05],
							"uv": {
								"north": {"uv": [73, 9], "uv_size": [4, 0.5]},
								"east": {"uv": [73, 25], "uv_size": [2, 0.5]},
								"south": {"uv": [73, 10], "uv_size": [4, 0.5]},
								"west": {"uv": [73, 32], "uv_size": [2, 0.5]},
								"up": {"uv": [67, 65], "uv_size": [4, 2]},
								"down": {"uv": [67, 69], "uv_size": [4, -2]}
							}
						},
						{
							"origin": [-8.38281, 12, -2.07812],
							"size": [4, 12, 4],
							"inflate": 0.25,
							"uv": {
								"north": {"uv": [14, 22], "uv_size": [4, 12]},
								"east": {"uv": [26, 18], "uv_size": [4, 12]},
								"south": {"uv": [18, 27], "uv_size": [4, 12]},
								"west": {"uv": [22, 27], "uv_size": [4, 12]},
								"up": {"uv": [62, 24], "uv_size": [4, 4]},
								"down": {"uv": [62, 32], "uv_size": [4, -4]}
							}
						}
					]
				},
				{
					"name": "LeftArm",
					"pivot": [5.5, 22, 0],
					"cubes": [
						{
							"origin": [4.46484, 12, -2.07031],
							"size": [4, 12, 4],
							"inflate": 0.25,
							"uv": {
								"north": {"uv": [29, 0], "uv_size": [4, 12]},
								"east": {"uv": [30, 12], "uv_size": [4, 12]},
								"south": {"uv": [30, 24], "uv_size": [4, 12]},
								"west": {"uv": [26, 30], "uv_size": [4, 12]},
								"up": {"uv": [0, 63], "uv_size": [4, 4]},
								"down": {"uv": [4, 67], "uv_size": [4, -4]}
							}
						},
						{
							"origin": [3.95, 11.75, -2.5],
							"size": [4.95, 3.5, 4.8],
							"uv": {
								"north": {"uv": [60, 60], "uv_size": [5, 3.5]},
								"east": {"uv": [61, 0], "uv_size": [5, 3.5]},
								"south": {"uv": [61, 16], "uv_size": [5, 3.5]},
								"west": {"uv": [21, 61], "uv_size": [5, 3.5]},
								"up": {"uv": [23, 53], "uv_size": [5, 5]},
								"down": {"uv": [54, 41], "uv_size": [5, -5]}
							}
						},
						{
							"origin": [4.2, 24.25, -1.125],
							"size": [4.075, 0.25, 2.05],
							"uv": {
								"north": {"uv": [73, 2], "uv_size": [4, 0.5]},
								"east": {"uv": [28, 57], "uv_size": [2, 0.5]},
								"south": {"uv": [73, 6], "uv_size": [4, 0.5]},
								"west": {"uv": [73, 24], "uv_size": [2, 0.5]},
								"up": {"uv": [25, 7], "uv_size": [4, 2]},
								"down": {"uv": [44, 69], "uv_size": [4, -2]}
							}
						}
					]
				},
				{
					"name": "RightLeg",
					"pivot": [-1.9, 12, 0],
					"cubes": [
						{
							"origin": [-3.92344, 0, -2.02734],
							"size": [4, 12, 4],
							"inflate": 0.25,
							"uv": {
								"north": {"uv": [0, 31], "uv_size": [4, 12]},
								"east": {"uv": [33, 0], "uv_size": [4, 12]},
								"south": {"uv": [4, 34], "uv_size": [4, 12]},
								"west": {"uv": [8, 34], "uv_size": [4, 12]},
								"up": {"uv": [26, 63], "uv_size": [4, 4]},
								"down": {"uv": [30, 67], "uv_size": [4, -4]}
							}
						},
						{
							"origin": [-4.17344, 0, -2.27734],
							"size": [4.5, 5.25, 4.5],
							"inflate": 0.25,
							"uv": {
								"north": {"uv": [54, 41], "uv_size": [4.5, 5.5]},
								"east": {"uv": [55, 10], "uv_size": [4.5, 5.5]},
								"south": {"uv": [56, 0], "uv_size": [4.5, 5.5]},
								"west": {"uv": [9, 56], "uv_size": [4.5, 5.5]},
								"up": {"uv": [29, 58], "uv_size": [4.5, 4.5]},
								"down": {"uv": [44, 62.5], "uv_size": [4.5, -4.5]}
							}
						}
					]
				},
				{
					"name": "LeftLeg",
					"pivot": [1.9, 12, 0],
					"cubes": [
						{
							"origin": [-0.03359, 0, -2.03516],
							"size": [4, 12, 4],
							"inflate": 0.25,
							"uv": {
								"north": {"uv": [12, 34], "uv_size": [4, 12]},
								"east": {"uv": [34, 12], "uv_size": [4, 12]},
								"south": {"uv": [34, 24], "uv_size": [4, 12]},
								"west": {"uv": [30, 36], "uv_size": [4, 12]},
								"up": {"uv": [34, 63], "uv_size": [4, 4]},
								"down": {"uv": [44, 67], "uv_size": [4, -4]}
							}
						},
						{
							"origin": [-0.28359, 0, -2.28516],
							"size": [4.5, 5.25, 4.5],
							"inflate": 0.25,
							"uv": {
								"north": {"uv": [56, 16], "uv_size": [4.5, 5.5]},
								"east": {"uv": [57, 22], "uv_size": [4.5, 5.5]},
								"south": {"uv": [57, 28], "uv_size": [4.5, 5.5]},
								"west": {"uv": [52, 57], "uv_size": [4.5, 5.5]},
								"up": {"uv": [59, 38], "uv_size": [4.5, 4.5]},
								"down": {"uv": [59, 47.5], "uv_size": [4.5, -4.5]}
							}
						}
					]
				}
			]
		}
	]
}
