{
	"format_version": "1.12.0",
	"minecraft:geometry": [
		{
			"description": {
				"identifier": "geometry.austriancalvary_uniform",
				"texture_width": 128,
				"texture_height": 128,
				"visible_bounds_width": 3,
				"visible_bounds_height": 5,
				"visible_bounds_offset": [0, 1.5, 0]
			},
			"bones": [
				{
					"name": "Head",
					"pivot": [0, 24, 0]
				},
				{
					"name": "Helmet",
					"parent": "Head",
					"pivot": [0, 23.5, 0.5],
					"rotation": [-5, 0, 0],
					"cubes": [
						{
							"origin": [-4.85295, 28.83519, -4.375],
							"size": [5.125, 9.25, 8.875],
							"pivot": [0.02205, 33.46019, 0],
							"rotation": [0, 0, -90],
							"uv": {
								"north": {"uv": [43, 30], "uv_size": [5, 9]},
								"east": {"uv": [16, 0], "uv_size": [9, 9]},
								"south": {"uv": [43, 39], "uv_size": [5, 9]},
								"west": {"uv": [20, 9], "uv_size": [9, 9]},
								"up": {"uv": [46, 0], "uv_size": [5, 9]},
								"down": {"uv": [48, 18], "uv_size": [5, -9]}
							}
						},
						{
							"origin": [-4.85576, 28.58519, -4.56432],
							"size": [0.875, 9.75, 9.375],
							"pivot": [0.02205, 33.46019, 0],
							"rotation": [0, 0, -90],
							"uv": {
								"north": {"uv": [26, 71], "uv_size": [1, 9.5]},
								"east": {"uv": [0, 12], "uv_size": [9.5, 9.5]},
								"south": {"uv": [31, 71], "uv_size": [1, 9.5]},
								"west": {"uv": [10, 12], "uv_size": [9.5, 9.5]},
								"up": {"uv": [43, 71], "uv_size": [1, 9.5]},
								"down": {"uv": [18, 81.5], "uv_size": [1, -9.5]}
							}
						},
						{
							"origin": [-3.85957, 28.464, -1.56432],
							"size": [1.25, 9.75, 3.625],
							"pivot": [0.02205, 33.339, 0.08716],
							"rotation": [0, 0, -90],
							"uv": {
								"north": {"uv": [19, 72], "uv_size": [1, 9.5]},
								"east": {"uv": [41, 48], "uv_size": [3.5, 9.5]},
								"south": {"uv": [57, 72], "uv_size": [1, 9.5]},
								"west": {"uv": [45, 48], "uv_size": [3.5, 9.5]},
								"up": {"uv": [40, 80], "uv_size": [1, 3.5]},
								"down": {"uv": [41, 83.5], "uv_size": [1, -3.5]}
							}
						},
						{
							"origin": [-2.4898, 28.46923, -1.31432],
							"size": [5.125, 9.5, 3.125],
							"pivot": [0.02205, 33.21923, 0.20699],
							"rotation": [0, 0, -90],
							"uv": {
								"north": {"uv": [43, 10], "uv_size": [5, 9.5]},
								"east": {"uv": [0, 53], "uv_size": [3, 9.5]},
								"south": {"uv": [43, 20], "uv_size": [5, 9.5]},
								"west": {"uv": [3, 54], "uv_size": [3, 9.5]},
								"up": {"uv": [66, 0], "uv_size": [5, 3]},
								"down": {"uv": [66, 51], "uv_size": [5, -3]}
							}
						},
						{
							"origin": [-2.4898, 28.34423, -1.56432],
							"size": [5.25, 9.75, 0.5],
							"pivot": [0.02205, 33.21923, 0.20699],
							"rotation": [0, 0, -90],
							"uv": {
								"north": {"uv": [41, 0], "uv_size": [5, 9.5]},
								"east": {"uv": [14, 77], "uv_size": [0.5, 9.5]},
								"south": {"uv": [22, 42], "uv_size": [5, 9.5]},
								"west": {"uv": [70, 78], "uv_size": [0.5, 9.5]},
								"up": {"uv": [80, 4], "uv_size": [5, 0.5]},
								"down": {"uv": [80, 20.5], "uv_size": [5, -0.5]}
							}
						},
						{
							"origin": [-2.21744, 28.07187, 1.56068],
							"size": [5.25, 9.75, 0.5],
							"pivot": [0.02205, 32.94687, 0.46889],
							"rotation": [0, 0, -90],
							"uv": {
								"north": {"uv": [27, 42], "uv_size": [5, 9.5]},
								"east": {"uv": [71, 78], "uv_size": [0.5, 9.5]},
								"south": {"uv": [32, 42], "uv_size": [5, 9.5]},
								"west": {"uv": [72, 78], "uv_size": [0.5, 9.5]},
								"up": {"uv": [80, 51], "uv_size": [5, 0.5]},
								"down": {"uv": [80, 52.5], "uv_size": [5, -0.5]}
							}
						},
						{
							"origin": [-4.23409, 28.83519, -4.64058],
							"size": [1.375, 9.25, 0.25],
							"pivot": [0.02205, 33.46019, 0],
							"rotation": [0, 0, -90],
							"uv": {
								"north": {"uv": [4, 31], "uv_size": [1.5, 9]},
								"east": {"uv": [73, 78], "uv_size": [0.5, 9]},
								"south": {"uv": [27, 67], "uv_size": [1.5, 9]},
								"west": {"uv": [74, 78], "uv_size": [0.5, 9]},
								"up": {"uv": [75, 38], "uv_size": [1.5, 0.5]},
								"down": {"uv": [81, 56.5], "uv_size": [1.5, -0.5]}
							}
						},
						{
							"origin": [0.39705, 34.09889, -4.56116],
							"size": [1.75, 0.5, 0.25],
							"pivot": [0.39705, 33.97389, -4.56116],
							"rotation": [0, -47.5, -90],
							"uv": {
								"north": {"uv": [60, 81], "uv_size": [1.5, 0.5]},
								"east": {"uv": [34, 75], "uv_size": [0.5, 0.5]},
								"south": {"uv": [81, 60], "uv_size": [1.5, 0.5]},
								"west": {"uv": [34, 76], "uv_size": [0.5, 0.5]},
								"up": {"uv": [81, 61], "uv_size": [1.5, 0.5]},
								"down": {"uv": [81, 62.5], "uv_size": [1.5, -0.5]}
							}
						},
						{
							"origin": [-0.83925, 33.21019, -4.56116],
							"size": [1.375, 0.5, 0.25],
							"pivot": [0.02205, 33.46019, 0],
							"rotation": [0, 0, -90],
							"uv": {
								"north": {"uv": [66, 81], "uv_size": [1.5, 0.5]},
								"east": {"uv": [77, 22], "uv_size": [0.5, 0.5]},
								"south": {"uv": [68, 81], "uv_size": [1.5, 0.5]},
								"west": {"uv": [38, 77], "uv_size": [0.5, 0.5]},
								"up": {"uv": [81, 79], "uv_size": [1.5, 0.5]},
								"down": {"uv": [81, 80.5], "uv_size": [1.5, -0.5]}
							}
						},
						{
							"origin": [0.97696, 30.81142, -4.597],
							"size": [1.625, 2.625, 0.25],
							"pivot": [3.02205, 31.07905, -4.64058],
							"rotation": [0, 0, -57.5],
							"uv": {
								"north": {"uv": [75, 79], "uv_size": [1.5, 2.5]},
								"east": {"uv": [53, 81], "uv_size": [0.5, 2.5]},
								"south": {"uv": [77, 79], "uv_size": [1.5, 2.5]},
								"west": {"uv": [81, 53], "uv_size": [0.5, 2.5]},
								"up": {"uv": [81, 57], "uv_size": [1.5, 0.5]},
								"down": {"uv": [58, 81.5], "uv_size": [1.5, -0.5]}
							}
						},
						{
							"origin": [-2.66912, 30.706, -4.597],
							"size": [1.625, 3.5, 0.25],
							"pivot": [-3.02205, 31.07905, -4.64058],
							"rotation": [0, 0, 57.5],
							"uv": {
								"north": {"uv": [62, 78], "uv_size": [1.5, 3.5]},
								"east": {"uv": [22, 81], "uv_size": [0.5, 3.5]},
								"south": {"uv": [64, 78], "uv_size": [1.5, 3.5]},
								"west": {"uv": [23, 81], "uv_size": [0.5, 3.5]},
								"up": {"uv": [81, 58], "uv_size": [1.5, 0.5]},
								"down": {"uv": [81, 59.5], "uv_size": [1.5, -0.5]}
							}
						},
						{
							"origin": [-1.54294, 30.48677, -4.58611],
							"size": [0.625, 3.125, 0.25],
							"pivot": [-1.77205, 31.07905, -4.64058],
							"rotation": [0, 0, 32.5],
							"uv": {
								"north": {"uv": [30, 81], "uv_size": [0.5, 3]},
								"east": {"uv": [31, 81], "uv_size": [0.5, 3]},
								"south": {"uv": [34, 81], "uv_size": [0.5, 3]},
								"west": {"uv": [35, 81], "uv_size": [0.5, 3]},
								"up": {"uv": [35, 70], "uv_size": [0.5, 0.5]},
								"down": {"uv": [58, 72.5], "uv_size": [0.5, -0.5]}
							}
						},
						{
							"origin": [0.83574, 30.53984, -4.58611],
							"size": [0.625, 3, 0.25],
							"pivot": [1.77205, 31.07905, -4.64058],
							"rotation": [0, 0, -30],
							"uv": {
								"north": {"uv": [36, 81], "uv_size": [0.5, 3]},
								"east": {"uv": [37, 81], "uv_size": [0.5, 3]},
								"south": {"uv": [43, 81], "uv_size": [0.5, 3]},
								"west": {"uv": [48, 81], "uv_size": [0.5, 3]},
								"up": {"uv": [58, 73], "uv_size": [0.5, 0.5]},
								"down": {"uv": [39, 74.5], "uv_size": [0.5, -0.5]}
							}
						},
						{
							"origin": [4.89705, 28.58238, 3.18568],
							"size": [0.875, 0.625, 3.875],
							"pivot": [4.89705, 28.58238, 3.18568],
							"rotation": [15.22071, -19.91359, -90.68799],
							"uv": {
								"north": {"uv": [54, 62], "uv_size": [1, 0.5]},
								"east": {"uv": [66, 80], "uv_size": [4, 0.5]},
								"south": {"uv": [54, 63], "uv_size": [1, 0.5]},
								"west": {"uv": [80, 67], "uv_size": [4, 0.5]},
								"up": {"uv": [79, 55], "uv_size": [1, 4]},
								"down": {"uv": [79, 63], "uv_size": [1, -4]}
							}
						},
						{
							"origin": [-5.77205, 28.58238, 3.18568],
							"size": [0.875, 0.625, 3.875],
							"pivot": [-4.89705, 28.58238, 3.18568],
							"rotation": [15.22071, 19.91359, 90.68799],
							"uv": {
								"north": {"uv": [32, 69], "uv_size": [1, 0.5]},
								"east": {"uv": [80, 68], "uv_size": [4, 0.5]},
								"south": {"uv": [70, 6], "uv_size": [1, 0.5]},
								"west": {"uv": [80, 69], "uv_size": [4, 0.5]},
								"up": {"uv": [79, 63], "uv_size": [1, 4]},
								"down": {"uv": [79, 71], "uv_size": [1, -4]}
							}
						},
						{
							"origin": [1.63944, 27.25073, -2.28293],
							"size": [2.25, 9.25, 4.75],
							"pivot": [0.02205, 31.87573, -1.85862],
							"rotation": [0, 0, -90],
							"uv": {
								"north": {"uv": [21, 57], "uv_size": [2.5, 9.5]},
								"east": {"uv": [4, 40], "uv_size": [5, 9.5]},
								"south": {"uv": [46, 58], "uv_size": [2.5, 9.5]},
								"west": {"uv": [9, 40], "uv_size": [5, 9.5]},
								"up": {"uv": [34, 0], "uv_size": [2.5, 5]},
								"down": {"uv": [46, 73], "uv_size": [2.5, -5]}
							}
						},
						{
							"origin": [2.99446, 25.14238, -3.85919],
							"size": [2.25, 1.5, 7.375],
							"pivot": [-3.85295, 29.76738, -1.47731],
							"rotation": [0, 0, -90],
							"uv": {
								"north": {"uv": [79, 71], "uv_size": [2.5, 1.5]},
								"east": {"uv": [70, 44], "uv_size": [7.5, 1.5]},
								"south": {"uv": [79, 76], "uv_size": [2.5, 1.5]},
								"west": {"uv": [70, 46], "uv_size": [7.5, 1.5]},
								"up": {"uv": [29, 63], "uv_size": [2.5, 7.5]},
								"down": {"uv": [36, 70.5], "uv_size": [2.5, -7.5]}
							}
						},
						{
							"origin": [-2.99507, 25.51738, -3.36951],
							"size": [6.125, 0.75, 8.25],
							"pivot": [-3.85295, 29.76738, -1.47731],
							"rotation": [0, 0, -90],
							"uv": {
								"north": {"uv": [75, 53], "uv_size": [6, 1]},
								"east": {"uv": [73, 43], "uv_size": [8.5, 1]},
								"south": {"uv": [76, 2], "uv_size": [6, 1]},
								"west": {"uv": [74, 73], "uv_size": [8.5, 1]},
								"up": {"uv": [20, 18], "uv_size": [6, 8.5]},
								"down": {"uv": [0, 30.5], "uv_size": [6, -8.5]}
							}
						},
						{
							"origin": [-5.70417, 36.005, 4.29775],
							"size": [4.875, 1.5, 2.125],
							"pivot": [0.02205, 36.755, -6.12196],
							"rotation": [0, 0, -90],
							"uv": {
								"north": {"uv": [74, 76], "uv_size": [5, 1.5]},
								"east": {"uv": [80, 31], "uv_size": [2, 1.5]},
								"south": {"uv": [0, 77], "uv_size": [5, 1.5]},
								"west": {"uv": [80, 36], "uv_size": [2, 1.5]},
								"up": {"uv": [72, 34], "uv_size": [5, 2]},
								"down": {"uv": [73, 25], "uv_size": [5, -2]}
							}
						},
						{
							"origin": [4.64705, 33.71019, -4.375],
							"size": [2.875, 9.25, 3.625],
							"pivot": [4.64705, 33.71019, -4.375],
							"rotation": [0, -45, -90],
							"uv": {
								"north": {"uv": [33, 52], "uv_size": [3, 9.5]},
								"east": {"uv": [48, 18], "uv_size": [3.5, 9.5]},
								"south": {"uv": [52, 36], "uv_size": [3, 9.5]},
								"west": {"uv": [48, 28], "uv_size": [3.5, 9.5]},
								"up": {"uv": [40, 71], "uv_size": [3, 3.5]},
								"down": {"uv": [15, 75.5], "uv_size": [3, -3.5]}
							}
						},
						{
							"origin": [4.64705, 33.71019, 0.875],
							"size": [2.875, 9.25, 3.625],
							"pivot": [4.64705, 33.71019, 4.5],
							"rotation": [0, 45, -90],
							"uv": {
								"north": {"uv": [49, 52], "uv_size": [3, 9.5]},
								"east": {"uv": [37, 48], "uv_size": [3.5, 9.5]},
								"south": {"uv": [52, 52], "uv_size": [3, 9.5]},
								"west": {"uv": [48, 38], "uv_size": [3.5, 9.5]},
								"up": {"uv": [54, 72], "uv_size": [3, 3.5]},
								"down": {"uv": [3, 76.5], "uv_size": [3, -3.5]}
							}
						},
						{
							"origin": [2.77603, 38.9831, 3.25137],
							"size": [4.125, 1.55, 2.75],
							"pivot": [4.02202, 35.74312, 4.46568],
							"rotation": [0, 45, -90],
							"uv": {
								"north": {"uv": [44, 78], "uv_size": [4, 1.5]},
								"east": {"uv": [52, 46], "uv_size": [3, 1.5]},
								"south": {"uv": [78, 44], "uv_size": [4, 1.5]},
								"west": {"uv": [57, 3], "uv_size": [3, 1.5]},
								"up": {"uv": [16, 9], "uv_size": [4, 3]},
								"down": {"uv": [25, 9], "uv_size": [4, -3]}
							}
						},
						{
							"origin": [-1.5578, 33.288, 3.73822],
							"size": [3.25, 1.55, 3],
							"pivot": [3.89705, 30.1747, 0.32544],
							"rotation": [0, 45, -90],
							"uv": {
								"north": {"uv": [78, 46], "uv_size": [3.5, 1.5]},
								"east": {"uv": [3, 64], "uv_size": [3, 1.5]},
								"south": {"uv": [66, 78], "uv_size": [3.5, 1.5]},
								"west": {"uv": [10, 73], "uv_size": [3, 1.5]},
								"up": {"uv": [6, 73], "uv_size": [3.5, 3]},
								"down": {"uv": [73, 17], "uv_size": [3.5, -3]}
							}
						},
						{
							"origin": [3.69553, 30.91312, -0.3583],
							"size": [1.75, 1.75, 10.625],
							"pivot": [4.625, 31.1655, 0.3292],
							"rotation": [0, -90, 0],
							"uv": {
								"north": {"uv": [41, 10], "uv_size": [1.5, 2]},
								"east": {"uv": [58, 12], "uv_size": [10.5, 2]},
								"south": {"uv": [65, 7], "uv_size": [1.5, 2]},
								"west": {"uv": [61, 34], "uv_size": [10.5, 2]},
								"up": {"uv": [44, 63], "uv_size": [1.5, 10.5]},
								"down": {"uv": [20, 77.5], "uv_size": [1.5, -10.5]}
							}
						},
						{
							"origin": [5.56339, 31.28812, -0.10117],
							"size": [3.5, 1, 9.875],
							"pivot": [4.625, 31.00209, 0.21133],
							"rotation": [0, -90, 0],
							"uv": {
								"north": {"uv": [79, 21], "uv_size": [3.5, 1]},
								"east": {"uv": [70, 54], "uv_size": [10, 1]},
								"south": {"uv": [80, 3], "uv_size": [3.5, 1]},
								"west": {"uv": [73, 42], "uv_size": [10, 1]},
								"up": {"uv": [0, 43], "uv_size": [3.5, 10]},
								"down": {"uv": [14, 56], "uv_size": [3.5, -10]}
							}
						},
						{
							"origin": [-0.45862, 25.38377, -6.81252],
							"size": [0.75, 7.375, 2.5],
							"pivot": [0.15786, 28.88377, -5.49781],
							"rotation": [0, 20, -90],
							"uv": {
								"north": {"uv": [32, 75], "uv_size": [1, 7.5]},
								"east": {"uv": [33, 62], "uv_size": [2.5, 7.5]},
								"south": {"uv": [33, 75], "uv_size": [1, 7.5]},
								"west": {"uv": [0, 63], "uv_size": [2.5, 7.5]},
								"up": {"uv": [47, 80], "uv_size": [1, 2.5]},
								"down": {"uv": [54, 82.5], "uv_size": [1, -2.5]}
							}
						},
						{
							"origin": [-0.7015, 24.32933, 4.09737],
							"size": [0.75, 7.125, 3.75],
							"pivot": [-0.12171, 28.01683, 6.70397],
							"rotation": [0, -30, -90],
							"uv": {
								"north": {"uv": [38, 80], "uv_size": [0.5, 7]},
								"east": {"uv": [29, 56], "uv_size": [3.5, 7]},
								"south": {"uv": [39, 80], "uv_size": [0.5, 7]},
								"west": {"uv": [11, 62], "uv_size": [3.5, 7]},
								"up": {"uv": [20, 81], "uv_size": [0.5, 3.5]},
								"down": {"uv": [21, 84.5], "uv_size": [0.5, -3.5]}
							}
						},
						{
							"origin": [2.86818, 28.5569, -6.78315],
							"size": [0.75, 1.125, 2.75],
							"pivot": [3.61818, 28.5569, -6.78315],
							"rotation": [-30.19837, 20.34595, -93.23448],
							"uv": {
								"north": {"uv": [46, 9], "uv_size": [1, 1]},
								"east": {"uv": [34, 5], "uv_size": [3, 1]},
								"south": {"uv": [47, 9], "uv_size": [1, 1]},
								"west": {"uv": [57, 51], "uv_size": [3, 1]},
								"up": {"uv": [25, 27], "uv_size": [1, 3]},
								"down": {"uv": [22, 42], "uv_size": [1, -3]}
							}
						},
						{
							"origin": [-3.67746, 28.5569, -6.78315],
							"size": [0.75, 1.125, 2.75],
							"pivot": [-3.67746, 28.5569, -6.78315],
							"rotation": [-30.19837, -20.34595, 93.23448],
							"uv": {
								"north": {"uv": [17, 56], "uv_size": [1, 1]},
								"east": {"uv": [68, 18], "uv_size": [3, 1]},
								"south": {"uv": [15, 62], "uv_size": [1, 1]},
								"west": {"uv": [46, 73], "uv_size": [3, 1]},
								"up": {"uv": [59, 64], "uv_size": [1, 3]},
								"down": {"uv": [65, 28], "uv_size": [1, -3]}
							}
						},
						{
							"origin": [4.14705, 29.45738, 4.81068],
							"size": [0.75, 1.125, 3.75],
							"pivot": [4.89705, 29.45738, 4.81068],
							"rotation": [23.89575, -30.02058, -96.00448],
							"uv": {
								"north": {"uv": [3, 53], "uv_size": [1, 1]},
								"east": {"uv": [18, 51], "uv_size": [4, 1]},
								"south": {"uv": [11, 54], "uv_size": [1, 1]},
								"west": {"uv": [58, 14], "uv_size": [4, 1]},
								"up": {"uv": [2, 79], "uv_size": [1, 4]},
								"down": {"uv": [3, 83], "uv_size": [1, -4]}
							}
						},
						{
							"origin": [-4.89705, 29.45738, 4.81068],
							"size": [0.75, 1.125, 3.75],
							"pivot": [-4.89705, 29.45738, 4.81068],
							"rotation": [23.89575, 30.02058, 96.00448],
							"uv": {
								"north": {"uv": [11, 55], "uv_size": [1, 1]},
								"east": {"uv": [66, 33], "uv_size": [4, 1]},
								"south": {"uv": [16, 56], "uv_size": [1, 1]},
								"west": {"uv": [6, 79], "uv_size": [4, 1]},
								"up": {"uv": [4, 79], "uv_size": [1, 4]},
								"down": {"uv": [79, 21], "uv_size": [1, -4]}
							}
						},
						{
							"origin": [2.91306, 28.55388, -10.669],
							"size": [0.75, 2.375, 3.875],
							"pivot": [3.66306, 28.55388, -6.794],
							"rotation": [-68.84419, 21.23262, -89.57407],
							"uv": {
								"north": {"uv": [80, 54], "uv_size": [1, 2.5]},
								"east": {"uv": [73, 17], "uv_size": [4, 2.5]},
								"south": {"uv": [55, 80], "uv_size": [1, 2.5]},
								"west": {"uv": [73, 20], "uv_size": [4, 2.5]},
								"up": {"uv": [62, 14], "uv_size": [1, 4]},
								"down": {"uv": [20, 67], "uv_size": [1, -4]}
							}
						},
						{
							"origin": [-3.72234, 28.55388, -10.794],
							"size": [0.75, 2.375, 4],
							"pivot": [-3.72234, 28.55388, -6.794],
							"rotation": [-68.84419, -21.23262, 89.57407],
							"uv": {
								"north": {"uv": [80, 57], "uv_size": [1, 2.5]},
								"east": {"uv": [73, 39], "uv_size": [4, 2.5]},
								"south": {"uv": [80, 60], "uv_size": [1, 2.5]},
								"west": {"uv": [74, 6], "uv_size": [4, 2.5]},
								"up": {"uv": [0, 79], "uv_size": [1, 4]},
								"down": {"uv": [1, 83], "uv_size": [1, -4]}
							}
						}
					]
				},
				{
					"name": "Body",
					"pivot": [0, 24, 0],
					"cubes": [
						{
							"origin": [-4, 9.26941, 2.22],
							"size": [8, 2.25, 0],
							"inflate": 0.25,
							"pivot": [-4.25, 9.01941, 2.46802],
							"rotation": [5, 0, 0],
							"uv": {
								"north": {"uv": [63, 19], "uv_size": [8, 2.5]},
								"east": {"uv": [0, 0], "uv_size": [0, 2.5]},
								"south": {"uv": [63, 22], "uv_size": [8, 2.5]},
								"west": {"uv": [0, 0], "uv_size": [0, 2.5]},
								"up": {"uv": [0, 0], "uv_size": [8, 0]},
								"down": {"uv": [0, 0], "uv_size": [8, 0]}
							}
						},
						{
							"origin": [-4, 9.26941, 2.218],
							"size": [3.625, 2.25, 0],
							"inflate": 0.25,
							"pivot": [-4.25, 9.01941, 2.46802],
							"rotation": [4.92442, -0.86717, 9.96271],
							"uv": {
								"north": {"uv": [39, 75], "uv_size": [3.5, 2.5]},
								"east": {"uv": [0, 0], "uv_size": [0, 2.5]},
								"south": {"uv": [6, 76], "uv_size": [3.5, 2.5]},
								"west": {"uv": [0, 0], "uv_size": [0, 2.5]},
								"up": {"uv": [0, 0], "uv_size": [3.5, 0]},
								"down": {"uv": [0, 0], "uv_size": [3.5, 0]}
							}
						},
						{
							"origin": [0.25, 9.26941, 2.21802],
							"size": [3.75, 2.25, 0],
							"inflate": 0.25,
							"pivot": [4.25, 9.01941, 2.46802],
							"rotation": [4.92442, 0.86717, -9.96271],
							"uv": {
								"north": {"uv": [74, 9], "uv_size": [4, 2.5]},
								"east": {"uv": [0, 0], "uv_size": [0, 2.5]},
								"south": {"uv": [35, 74], "uv_size": [4, 2.5]},
								"west": {"uv": [0, 0], "uv_size": [0, 2.5]},
								"up": {"uv": [0, 0], "uv_size": [4, 0]},
								"down": {"uv": [0, 2.375], "uv_size": [4.125, -2.375]}
							}
						},
						{
							"origin": [-4, 12, -1.97656],
							"size": [8, 12, 4],
							"inflate": 0.25,
							"uv": {
								"north": {"uv": [0, 0], "uv_size": [8, 12]},
								"east": {"uv": [15, 22], "uv_size": [4, 12]},
								"south": {"uv": [8, 0], "uv_size": [8, 12]},
								"west": {"uv": [19, 27], "uv_size": [4, 12]},
								"up": {"uv": [49, 48], "uv_size": [8, 4]},
								"down": {"uv": [4, 54], "uv_size": [8, -4]}
							}
						}
					]
				},
				{
					"name": "Chestplate",
					"parent": "Body",
					"pivot": [-0.125, 16.89441, -2.40698],
					"cubes": [
						{
							"origin": [-4.05343, 11.23328, -2.98901],
							"size": [4.5, 2.625, 1.5],
							"pivot": [-1.80343, 11.85828, -1.98901],
							"rotation": [-12.5, 17.5, 0],
							"uv": {
								"north": {"uv": [70, 51], "uv_size": [4.5, 2.5]},
								"east": {"uv": [79, 79], "uv_size": [1.5, 2.5]},
								"south": {"uv": [71, 0], "uv_size": [4.5, 2.5]},
								"west": {"uv": [6, 80], "uv_size": [1.5, 2.5]},
								"up": {"uv": [77, 33], "uv_size": [4.5, 1.5]},
								"down": {"uv": [77, 39.5], "uv_size": [4.5, -1.5]}
							}
						},
						{
							"origin": [-0.44657, 11.23328, 1.48901],
							"size": [4.5, 2.625, 1.5],
							"pivot": [1.80343, 11.85828, 1.98901],
							"rotation": [12.5, 17.5, 0],
							"uv": {
								"north": {"uv": [49, 71], "uv_size": [4.5, 2.5]},
								"east": {"uv": [80, 17], "uv_size": [1.5, 2.5]},
								"south": {"uv": [59, 71], "uv_size": [4.5, 2.5]},
								"west": {"uv": [80, 25], "uv_size": [1.5, 2.5]},
								"up": {"uv": [78, 7], "uv_size": [4.5, 1.5]},
								"down": {"uv": [78, 10.5], "uv_size": [4.5, -1.5]}
							}
						},
						{
							"origin": [-4.05343, 11.23328, 1.48901],
							"size": [4.5, 2.625, 1.5],
							"pivot": [-1.80343, 11.85828, 1.98901],
							"rotation": [12.5, -17.5, 0],
							"uv": {
								"north": {"uv": [64, 71], "uv_size": [4.5, 2.5]},
								"east": {"uv": [27, 80], "uv_size": [1.5, 2.5]},
								"south": {"uv": [69, 71], "uv_size": [4.5, 2.5]},
								"west": {"uv": [80, 28], "uv_size": [1.5, 2.5]},
								"up": {"uv": [78, 22], "uv_size": [4.5, 1.5]},
								"down": {"uv": [38, 79.5], "uv_size": [4.5, -1.5]}
							}
						},
						{
							"origin": [-0.44657, 11.23328, -2.98901],
							"size": [4.5, 2.625, 1.5],
							"pivot": [1.80343, 11.85828, -1.98901],
							"rotation": [-12.5, -17.5, 0],
							"uv": {
								"north": {"uv": [35, 71], "uv_size": [4.5, 2.5]},
								"east": {"uv": [8, 80], "uv_size": [1.5, 2.5]},
								"south": {"uv": [71, 48], "uv_size": [4.5, 2.5]},
								"west": {"uv": [15, 80], "uv_size": [1.5, 2.5]},
								"up": {"uv": [77, 40], "uv_size": [4.5, 1.5]},
								"down": {"uv": [78, 6.5], "uv_size": [4.5, -1.5]}
							}
						},
						{
							"origin": [3.5, 19.125, -2.85156],
							"size": [0.875, 5.25, 5.75],
							"pivot": [4.125, 22.5, -1.78906],
							"rotation": [0, 0, 0],
							"uv": {
								"north": {"uv": [19, 22], "uv_size": [1, 5]},
								"east": {"uv": [51, 0], "uv_size": [6, 5]},
								"south": {"uv": [18, 34], "uv_size": [1, 5]},
								"west": {"uv": [18, 52], "uv_size": [6, 5]},
								"up": {"uv": [14, 28], "uv_size": [1, 6]},
								"down": {"uv": [36, 58], "uv_size": [1, -6]}
							}
						},
						{
							"origin": [-4.375, 19.125, -2.85156],
							"size": [0.875, 5.25, 5.75],
							"pivot": [-4.125, 22.5, -1.78906],
							"rotation": [0, 0, 0],
							"uv": {
								"north": {"uv": [56, 76], "uv_size": [1, 5]},
								"east": {"uv": [52, 18], "uv_size": [6, 5]},
								"south": {"uv": [5, 77], "uv_size": [1, 5]},
								"west": {"uv": [52, 23], "uv_size": [6, 5]},
								"up": {"uv": [32, 63], "uv_size": [1, 6]},
								"down": {"uv": [17, 82], "uv_size": [1, -6]}
							}
						},
						{
							"origin": [-3.5, 24.125, -2.47656],
							"size": [2.25, 0.25, 4.875],
							"pivot": [-3.25, 22.5, -1.78906],
							"rotation": [0, 0, 0],
							"uv": {
								"north": {"uv": [75, 5], "uv_size": [2.5, 0.5]},
								"east": {"uv": [80, 63], "uv_size": [5, 0.5]},
								"south": {"uv": [0, 76], "uv_size": [2.5, 0.5]},
								"west": {"uv": [80, 64], "uv_size": [5, 0.5]},
								"up": {"uv": [32, 70], "uv_size": [2.5, 5]},
								"down": {"uv": [70, 44], "uv_size": [2.5, -5]}
							}
						},
						{
							"origin": [1.25, 24.125, -2.60156],
							"size": [2.25, 0.25, 5],
							"pivot": [3.25, 22.5, -1.78906],
							"rotation": [0, 0, 0],
							"uv": {
								"north": {"uv": [81, 48], "uv_size": [2.5, 0.5]},
								"east": {"uv": [80, 65], "uv_size": [5, 0.5]},
								"south": {"uv": [81, 49], "uv_size": [2.5, 0.5]},
								"west": {"uv": [80, 66], "uv_size": [5, 0.5]},
								"up": {"uv": [0, 71], "uv_size": [2.5, 5]},
								"down": {"uv": [71, 11], "uv_size": [2.5, -5]}
							}
						}
					]
				},
				{
					"name": "bone2",
					"parent": "Chestplate",
					"pivot": [0, 14.86973, -2.2112],
					"rotation": [5, 0, 0],
					"cubes": [
						{
							"origin": [-4.25, 11.77027, -2.50355],
							"size": [8.5, 6.125, 0.625],
							"uv": {
								"north": {"uv": [6, 22], "uv_size": [8.5, 6]},
								"east": {"uv": [42, 80], "uv_size": [0.5, 6]},
								"south": {"uv": [25, 0], "uv_size": [8.5, 6]},
								"west": {"uv": [44, 80], "uv_size": [0.5, 6]},
								"up": {"uv": [78, 11], "uv_size": [8.5, 0.5]},
								"down": {"uv": [78, 24.5], "uv_size": [8.5, -0.5]}
							}
						},
						{
							"origin": [-0.25, 11.76321, -2.4984],
							"size": [4.5, 6.25, 2],
							"pivot": [4.25, 17.26321, -2.4984],
							"rotation": [0, -17.5, 0],
							"uv": {
								"north": {"uv": [53, 9], "uv_size": [4.5, 6]},
								"east": {"uv": [37, 12], "uv_size": [2, 6]},
								"south": {"uv": [6, 54], "uv_size": [4.5, 6]},
								"west": {"uv": [37, 42], "uv_size": [2, 6]},
								"up": {"uv": [74, 12], "uv_size": [4.5, 2]},
								"down": {"uv": [44, 76], "uv_size": [4.5, -2]}
							}
						},
						{
							"origin": [-4.25, 11.76321, -2.4984],
							"size": [4.5, 6.25, 2],
							"pivot": [-4.25, 11.76321, -2.4984],
							"rotation": [0, 17.5, 0],
							"uv": {
								"north": {"uv": [55, 36], "uv_size": [4.5, 6]},
								"east": {"uv": [12, 50], "uv_size": [2, 6]},
								"south": {"uv": [55, 42], "uv_size": [4.5, 6]},
								"west": {"uv": [13, 69], "uv_size": [2, 6]},
								"up": {"uv": [49, 74], "uv_size": [4.5, 2]},
								"down": {"uv": [74, 57], "uv_size": [4.5, -2]}
							}
						}
					]
				},
				{
					"name": "bone6",
					"parent": "Chestplate",
					"pivot": [0, 14.86973, 2.2112],
					"rotation": [-5, 0, 0],
					"cubes": [
						{
							"origin": [-4.25, 11.77027, 1.87855],
							"size": [8.5, 6.125, 0.625],
							"uv": {
								"north": {"uv": [26, 18], "uv_size": [8.5, 6]},
								"east": {"uv": [45, 80], "uv_size": [0.5, 6]},
								"south": {"uv": [26, 24], "uv_size": [8.5, 6]},
								"west": {"uv": [46, 80], "uv_size": [0.5, 6]},
								"up": {"uv": [78, 75], "uv_size": [8.5, 0.5]},
								"down": {"uv": [79, 12.5], "uv_size": [8.5, -0.5]}
							}
						},
						{
							"origin": [-0.25, 11.76321, 0.4984],
							"size": [4.5, 6.25, 2],
							"pivot": [4.25, 17.26321, 2.4984],
							"rotation": [0, 17.5, 0],
							"uv": {
								"north": {"uv": [55, 52], "uv_size": [4.5, 6]},
								"east": {"uv": [71, 18], "uv_size": [2, 6]},
								"south": {"uv": [11, 56], "uv_size": [4.5, 6]},
								"west": {"uv": [22, 71], "uv_size": [2, 6]},
								"up": {"uv": [75, 3], "uv_size": [4.5, 2]},
								"down": {"uv": [10, 77], "uv_size": [4.5, -2]}
							}
						},
						{
							"origin": [-4.25, 11.76321, 0.4984],
							"size": [4.5, 6.25, 2],
							"pivot": [-4.25, 11.76321, 2.4984],
							"rotation": [0, -17.5, 0],
							"uv": {
								"north": {"uv": [24, 56], "uv_size": [4.5, 6]},
								"east": {"uv": [24, 71], "uv_size": [2, 6]},
								"south": {"uv": [16, 57], "uv_size": [4.5, 6]},
								"west": {"uv": [29, 71], "uv_size": [2, 6]},
								"up": {"uv": [75, 25], "uv_size": [4.5, 2]},
								"down": {"uv": [75, 29], "uv_size": [4.5, -2]}
							}
						}
					]
				},
				{
					"name": "bone3",
					"parent": "Chestplate",
					"pivot": [-4.25, 19.125, -2.22656],
					"cubes": [
						{
							"origin": [-0.25, 17.85828, -2.76613],
							"size": [4.5, 3, 2],
							"pivot": [4.25, 23.35828, -2.76613],
							"rotation": [0, -17.5, 0],
							"uv": {
								"north": {"uv": [69, 11], "uv_size": [4.5, 3]},
								"east": {"uv": [23, 27], "uv_size": [2, 3]},
								"south": {"uv": [3, 70], "uv_size": [4.5, 3]},
								"west": {"uv": [63, 25], "uv_size": [2, 3]},
								"up": {"uv": [74, 57], "uv_size": [4.5, 2]},
								"down": {"uv": [58, 76], "uv_size": [4.5, -2]}
							}
						},
						{
							"origin": [-4.25, 17.85828, -2.76613],
							"size": [8.5, 3, 0.625],
							"uv": {
								"north": {"uv": [53, 15], "uv_size": [8.5, 3]},
								"east": {"uv": [49, 81], "uv_size": [0.5, 3]},
								"south": {"uv": [57, 0], "uv_size": [8.5, 3]},
								"west": {"uv": [50, 81], "uv_size": [0.5, 3]},
								"up": {"uv": [76, 50], "uv_size": [8.5, 0.5]},
								"down": {"uv": [77, 35.5], "uv_size": [8.5, -0.5]}
							}
						},
						{
							"origin": [-4.25, 17.85828, -2.76613],
							"size": [4.5, 3, 2],
							"pivot": [-4.25, 17.85828, -2.76613],
							"rotation": [0, 17.5, 0],
							"uv": {
								"north": {"uv": [70, 3], "uv_size": [4.5, 3]},
								"east": {"uv": [20, 78], "uv_size": [2, 3]},
								"south": {"uv": [8, 70], "uv_size": [4.5, 3]},
								"west": {"uv": [48, 78], "uv_size": [2, 3]},
								"up": {"uv": [74, 59], "uv_size": [4.5, 2]},
								"down": {"uv": [74, 63], "uv_size": [4.5, -2]}
							}
						}
					]
				},
				{
					"name": "bone7",
					"parent": "Chestplate",
					"pivot": [-4.25, 19.125, 2.22656],
					"cubes": [
						{
							"origin": [-0.25, 17.85828, 0.76613],
							"size": [4.5, 3, 2],
							"pivot": [4.25, 23.35828, 2.76613],
							"rotation": [0, 17.5, 0],
							"uv": {
								"north": {"uv": [70, 25], "uv_size": [4.5, 3]},
								"east": {"uv": [50, 78], "uv_size": [2, 3]},
								"south": {"uv": [70, 28], "uv_size": [4.5, 3]},
								"west": {"uv": [52, 78], "uv_size": [2, 3]},
								"up": {"uv": [75, 29], "uv_size": [4.5, 2]},
								"down": {"uv": [75, 33], "uv_size": [4.5, -2]}
							}
						},
						{
							"origin": [-4.25, 17.85828, 2.14113],
							"size": [8.5, 3, 0.625],
							"uv": {
								"north": {"uv": [57, 48], "uv_size": [8.5, 3]},
								"east": {"uv": [51, 81], "uv_size": [0.5, 3]},
								"south": {"uv": [58, 9], "uv_size": [8.5, 3]},
								"west": {"uv": [52, 81], "uv_size": [0.5, 3]},
								"up": {"uv": [79, 13], "uv_size": [8.5, 0.5]},
								"down": {"uv": [79, 14.5], "uv_size": [8.5, -0.5]}
							}
						},
						{
							"origin": [-4.25, 17.85828, 0.76613],
							"size": [4.5, 3, 2],
							"pivot": [-4.25, 17.85828, 2.76613],
							"rotation": [0, -17.5, 0],
							"uv": {
								"north": {"uv": [70, 31], "uv_size": [4.5, 3]},
								"east": {"uv": [58, 78], "uv_size": [2, 3]},
								"south": {"uv": [70, 36], "uv_size": [4.5, 3]},
								"west": {"uv": [60, 78], "uv_size": [2, 3]},
								"up": {"uv": [75, 36], "uv_size": [4.5, 2]},
								"down": {"uv": [75, 53], "uv_size": [4.5, -2]}
							}
						}
					]
				},
				{
					"name": "bone5",
					"parent": "Chestplate",
					"pivot": [-4.25, 22.125, -2.22656],
					"cubes": [
						{
							"origin": [-4.58327, 20.85828, -4.11931],
							"size": [4.625, 3.5, 2],
							"pivot": [0.04173, 24.23328, -4.11931],
							"rotation": [0, 27.5, 0],
							"uv": {
								"north": {"uv": [64, 67], "uv_size": [4.5, 3.5]},
								"east": {"uv": [12, 77], "uv_size": [2, 3.5]},
								"south": {"uv": [68, 14], "uv_size": [4.5, 3.5]},
								"west": {"uv": [77, 14], "uv_size": [2, 3.5]},
								"up": {"uv": [68, 74], "uv_size": [4.5, 2]},
								"down": {"uv": [74, 71], "uv_size": [4.5, -2]}
							}
						},
						{
							"origin": [-0.04173, 20.85828, -4.11931],
							"size": [4.625, 3.5, 2],
							"pivot": [-0.04173, 24.23328, -4.11931],
							"rotation": [0, -27.5, 0],
							"uv": {
								"north": {"uv": [15, 68], "uv_size": [4.5, 3.5]},
								"east": {"uv": [77, 18], "uv_size": [2, 3.5]},
								"south": {"uv": [54, 68], "uv_size": [4.5, 3.5]},
								"west": {"uv": [22, 77], "uv_size": [2, 3.5]},
								"up": {"uv": [74, 71], "uv_size": [4.5, 2]},
								"down": {"uv": [73, 76], "uv_size": [4.5, -2]}
							}
						}
					]
				},
				{
					"name": "bone4",
					"parent": "Chestplate",
					"pivot": [0.04173, 20.85828, -4.11931],
					"rotation": [-7.5, 0, 0],
					"cubes": [
						{
							"origin": [-0.25, 20.85828, -2.76613],
							"size": [4.5, 3.5, 2],
							"pivot": [4.25, 20.85828, -2.76613],
							"rotation": [0, -17.5, 0],
							"uv": {
								"north": {"uv": [22, 67], "uv_size": [4.5, 3.5]},
								"east": {"uv": [15, 76], "uv_size": [2, 3.5]},
								"south": {"uv": [39, 67], "uv_size": [4.5, 3.5]},
								"west": {"uv": [27, 76], "uv_size": [2, 3.5]},
								"up": {"uv": [63, 74], "uv_size": [4.5, 2]},
								"down": {"uv": [74, 65], "uv_size": [4.5, -2]}
							}
						},
						{
							"origin": [-4.25, 20.85828, -2.76613],
							"size": [8.5, 3.5, 0.5],
							"uv": {
								"north": {"uv": [51, 5], "uv_size": [8.5, 3.5]},
								"east": {"uv": [24, 81], "uv_size": [0.5, 3.5]},
								"south": {"uv": [24, 52], "uv_size": [8.5, 3.5]},
								"west": {"uv": [25, 81], "uv_size": [0.5, 3.5]},
								"up": {"uv": [78, 74], "uv_size": [8.5, 0.5]},
								"down": {"uv": [75, 78.5], "uv_size": [8.5, -0.5]}
							}
						},
						{
							"origin": [-4.25, 20.85828, -2.76613],
							"size": [4.5, 3.5, 2],
							"pivot": [-4.25, 20.85828, -2.76613],
							"rotation": [-2.5, 17.5, 0],
							"uv": {
								"north": {"uv": [49, 67], "uv_size": [4.5, 3.5]},
								"east": {"uv": [54, 76], "uv_size": [2, 3.5]},
								"south": {"uv": [59, 67], "uv_size": [4.5, 3.5]},
								"west": {"uv": [10, 77], "uv_size": [2, 3.5]},
								"up": {"uv": [74, 65], "uv_size": [4.5, 2]},
								"down": {"uv": [74, 69], "uv_size": [4.5, -2]}
							}
						}
					]
				},
				{
					"name": "bone8",
					"parent": "Chestplate",
					"pivot": [0.04173, 20.85828, 4.11931],
					"rotation": [7.5, 0, 0],
					"cubes": [
						{
							"origin": [-0.25, 20.85828, 0.76613],
							"size": [4.5, 3.5, 2],
							"pivot": [4.25, 20.85828, 2.76613],
							"rotation": [0, 17.5, 0],
							"uv": {
								"north": {"uv": [69, 55], "uv_size": [4.5, 3.5]},
								"east": {"uv": [24, 77], "uv_size": [2, 3.5]},
								"south": {"uv": [69, 59], "uv_size": [4.5, 3.5]},
								"west": {"uv": [29, 77], "uv_size": [2, 3.5]},
								"up": {"uv": [76, 0], "uv_size": [4.5, 2]},
								"down": {"uv": [44, 78], "uv_size": [4.5, -2]}
							}
						},
						{
							"origin": [-4.25, 20.85828, 2.26613],
							"size": [8.5, 3.5, 0.5],
							"uv": {
								"north": {"uv": [52, 28], "uv_size": [8.5, 3.5]},
								"east": {"uv": [26, 81], "uv_size": [0.5, 3.5]},
								"south": {"uv": [52, 32], "uv_size": [8.5, 3.5]},
								"west": {"uv": [29, 81], "uv_size": [0.5, 3.5]},
								"up": {"uv": [79, 15], "uv_size": [8.5, 0.5]},
								"down": {"uv": [79, 16.5], "uv_size": [8.5, -0.5]}
							}
						},
						{
							"origin": [-4.25, 20.85828, 0.76613],
							"size": [4.5, 3.5, 2],
							"pivot": [-4.25, 20.85828, 2.76613],
							"rotation": [2.5, -17.5, 0],
							"uv": {
								"north": {"uv": [69, 63], "uv_size": [4.5, 3.5]},
								"east": {"uv": [34, 77], "uv_size": [2, 3.5]},
								"south": {"uv": [69, 67], "uv_size": [4.5, 3.5]},
								"west": {"uv": [36, 77], "uv_size": [2, 3.5]},
								"up": {"uv": [76, 48], "uv_size": [4.5, 2]},
								"down": {"uv": [49, 78], "uv_size": [4.5, -2]}
							}
						}
					]
				},
				{
					"name": "RightArm",
					"pivot": [-5.5, 22, 0],
					"cubes": [
						{
							"origin": [-8.8, 11.75, -2.5],
							"size": [4.95, 3.5, 4.8],
							"uv": {
								"north": {"uv": [39, 63], "uv_size": [5, 3.5]},
								"east": {"uv": [60, 63], "uv_size": [5, 3.5]},
								"south": {"uv": [54, 64], "uv_size": [5, 3.5]},
								"west": {"uv": [65, 3], "uv_size": [5, 3.5]},
								"up": {"uv": [58, 18], "uv_size": [5, 5]},
								"down": {"uv": [58, 28], "uv_size": [5, -5]}
							}
						},
						{
							"origin": [-8.175, 24.25, -1.125],
							"size": [3.95, 0.25, 2.05],
							"uv": {
								"north": {"uv": [81, 1], "uv_size": [4, 0.5]},
								"east": {"uv": [71, 24], "uv_size": [2, 0.5]},
								"south": {"uv": [10, 81], "uv_size": [4, 0.5]},
								"west": {"uv": [75, 33], "uv_size": [2, 0.5]},
								"up": {"uv": [66, 76], "uv_size": [4, 2]},
								"down": {"uv": [70, 78], "uv_size": [4, -2]}
							}
						},
						{
							"origin": [-8.38281, 12, -2.07812],
							"size": [4, 12, 4],
							"inflate": 0.25,
							"uv": {
								"north": {"uv": [6, 28], "uv_size": [4, 12]},
								"east": {"uv": [10, 28], "uv_size": [4, 12]},
								"south": {"uv": [29, 6], "uv_size": [4, 12]},
								"west": {"uv": [23, 30], "uv_size": [4, 12]},
								"up": {"uv": [65, 55], "uv_size": [4, 4]},
								"down": {"uv": [65, 63], "uv_size": [4, -4]}
							}
						}
					]
				},
				{
					"name": "LeftArm",
					"pivot": [5.5, 22, 0],
					"cubes": [
						{
							"origin": [4.46484, 12, -2.07031],
							"size": [4, 12, 4],
							"inflate": 0.25,
							"uv": {
								"north": {"uv": [27, 30], "uv_size": [4, 12]},
								"east": {"uv": [0, 31], "uv_size": [4, 12]},
								"south": {"uv": [31, 30], "uv_size": [4, 12]},
								"west": {"uv": [33, 6], "uv_size": [4, 12]},
								"up": {"uv": [65, 63], "uv_size": [4, 4]},
								"down": {"uv": [3, 70], "uv_size": [4, -4]}
							}
						},
						{
							"origin": [3.95, 11.75, -2.5],
							"size": [4.95, 3.5, 4.8],
							"uv": {
								"north": {"uv": [65, 36], "uv_size": [5, 3.5]},
								"east": {"uv": [65, 40], "uv_size": [5, 3.5]},
								"south": {"uv": [65, 44], "uv_size": [5, 3.5]},
								"west": {"uv": [65, 51], "uv_size": [5, 3.5]},
								"up": {"uv": [36, 58], "uv_size": [5, 5]},
								"down": {"uv": [41, 63], "uv_size": [5, -5]}
							}
						},
						{
							"origin": [4.2, 24.25, -1.125],
							"size": [4.075, 0.25, 2.05],
							"uv": {
								"north": {"uv": [80, 70], "uv_size": [4, 0.5]},
								"east": {"uv": [67, 11], "uv_size": [2, 0.5]},
								"south": {"uv": [81, 0], "uv_size": [4, 0.5]},
								"west": {"uv": [11, 69], "uv_size": [2, 0.5]},
								"up": {"uv": [58, 76], "uv_size": [4, 2]},
								"down": {"uv": [62, 78], "uv_size": [4, -2]}
							}
						}
					]
				},
				{
					"name": "RightLeg",
					"pivot": [-1.9, 12, 0],
					"cubes": [
						{
							"origin": [-3.92344, 0, -2.02734],
							"size": [4, 12, 4],
							"inflate": 0.25,
							"uv": {
								"north": {"uv": [14, 34], "uv_size": [4, 12]},
								"east": {"uv": [35, 18], "uv_size": [4, 12]},
								"south": {"uv": [35, 30], "uv_size": [4, 12]},
								"west": {"uv": [37, 0], "uv_size": [4, 12]},
								"up": {"uv": [7, 66], "uv_size": [4, 4]},
								"down": {"uv": [66, 29], "uv_size": [4, -4]}
							}
						},
						{
							"origin": [-4.17344, 0, -2.27734],
							"size": [4.5, 5.25, 4.5],
							"inflate": 0.25,
							"uv": {
								"north": {"uv": [55, 58], "uv_size": [4.5, 5.5]},
								"east": {"uv": [60, 3], "uv_size": [4.5, 5.5]},
								"south": {"uv": [6, 60], "uv_size": [4.5, 5.5]},
								"west": {"uv": [60, 36], "uv_size": [4.5, 5.5]},
								"up": {"uv": [24, 62], "uv_size": [4.5, 4.5]},
								"down": {"uv": [49, 66.5], "uv_size": [4.5, -4.5]}
							}
						}
					]
				},
				{
					"name": "LeftLeg",
					"pivot": [1.9, 12, 0],
					"cubes": [
						{
							"origin": [-0.03359, 0, -2.03516],
							"size": [4, 12, 4],
							"inflate": 0.25,
							"uv": {
								"north": {"uv": [39, 12], "uv_size": [4, 12]},
								"east": {"uv": [18, 39], "uv_size": [4, 12]},
								"south": {"uv": [39, 24], "uv_size": [4, 12]},
								"west": {"uv": [39, 36], "uv_size": [4, 12]},
								"up": {"uv": [66, 29], "uv_size": [4, 4]},
								"down": {"uv": [67, 11], "uv_size": [4, -4]}
							}
						},
						{
							"origin": [-0.28359, 0, -2.28516],
							"size": [4.5, 5.25, 4.5],
							"inflate": 0.25,
							"uv": {
								"north": {"uv": [60, 42], "uv_size": [4.5, 5.5]},
								"east": {"uv": [60, 51], "uv_size": [4.5, 5.5]},
								"south": {"uv": [60, 57], "uv_size": [4.5, 5.5]},
								"west": {"uv": [61, 28], "uv_size": [4.5, 5.5]},
								"up": {"uv": [63, 14], "uv_size": [4.5, 4.5]},
								"down": {"uv": [15, 67.5], "uv_size": [4.5, -4.5]}
							}
						}
					]
				}
			]
		}
	]
}
