{
	"format_version": "1.12.0",
	"minecraft:geometry": [
		{
			"description": {
				"identifier": "geometry.british_uniform",
				"texture_width": 128,
				"texture_height": 128,
				"visible_bounds_width": 4,
				"visible_bounds_height": 5,
				"visible_bounds_offset": [0, 1.5, 0]
			},
			"bones": [
				{
					"name": "Head",
					"pivot": [0, 24, 0]
				},
      {
					"name": "Helmet",
					"parent": "Head",
					"pivot": [0, 23.5, 0.5],
					"rotation": [-5, 0, 0],
					"cubes": [
						{
							"origin": [-4.85295, 28.83519, -4.375],
							"size": [5.125, 9.25, 8.875],
							"pivot": [0.02205, 33.46019, 0],
							"rotation": [0, 0, -90],
							"uv": {
								"north": {"uv": [42, 0], "uv_size": [5, 9]},
								"east": {"uv": [16, 0], "uv_size": [9, 9]},
								"south": {"uv": [43, 9], "uv_size": [5, 9]},
								"west": {"uv": [20, 9], "uv_size": [9, 9]},
								"up": {"uv": [43, 18], "uv_size": [5, 9]},
								"down": {"uv": [44, 36], "uv_size": [5, -9]}
							}
						},
						{
							"origin": [-4.85576, 28.58519, -4.56432],
							"size": [0.875, 9.75, 9.375],
							"pivot": [0.02205, 33.46019, 0],
							"rotation": [0, 0, -90],
							"uv": {
								"north": {"uv": [11, 66], "uv_size": [1, 9.5]},
								"east": {"uv": [0, 12], "uv_size": [9.5, 9.5]},
								"south": {"uv": [49, 66], "uv_size": [1, 9.5]},
								"west": {"uv": [10, 12], "uv_size": [9.5, 9.5]},
								"up": {"uv": [50, 66], "uv_size": [1, 9.5]},
								"down": {"uv": [51, 75.5], "uv_size": [1, -9.5]}
							}
						},
						{
							"origin": [-3.85957, 28.464, -1.56432],
							"size": [1.25, 9.75, 3.625],
							"pivot": [0.02205, 33.339, 0.08716],
							"rotation": [0, 0, -90],
							"uv": {
								"north": {"uv": [14, 67], "uv_size": [1, 9.5]},
								"east": {"uv": [48, 48], "uv_size": [3.5, 9.5]},
								"south": {"uv": [15, 67], "uv_size": [1, 9.5]},
								"west": {"uv": [14, 49], "uv_size": [3.5, 9.5]},
								"up": {"uv": [71, 0], "uv_size": [1, 3.5]},
								"down": {"uv": [71, 23.5], "uv_size": [1, -3.5]}
							}
						},
						{
							"origin": [-2.4898, 28.46923, -1.31432],
							"size": [5.125, 9.5, 3.125],
							"pivot": [0.02205, 33.21923, 0.20699],
							"rotation": [0, 0, -90],
							"uv": {
								"north": {"uv": [39, 30], "uv_size": [5, 9.5]},
								"east": {"uv": [41, 50], "uv_size": [3, 9.5]},
								"south": {"uv": [39, 40], "uv_size": [5, 9.5]},
								"west": {"uv": [52, 10], "uv_size": [3, 9.5]},
								"up": {"uv": [64, 4], "uv_size": [5, 3]},
								"down": {"uv": [64, 41], "uv_size": [5, -3]}
							}
						},
						{
							"origin": [-2.4898, 28.34423, -1.56432],
							"size": [5.25, 9.75, 0.5],
							"pivot": [0.02205, 33.21923, 0.20699],
							"rotation": [0, 0, -90],
							"uv": {
								"north": {"uv": [38, 10], "uv_size": [5, 9.5]},
								"east": {"uv": [1, 70], "uv_size": [0.5, 9.5]},
								"south": {"uv": [38, 20], "uv_size": [5, 9.5]},
								"west": {"uv": [2, 70], "uv_size": [0.5, 9.5]},
								"up": {"uv": [72, 60], "uv_size": [5, 0.5]},
								"down": {"uv": [72, 61.5], "uv_size": [5, -0.5]}
							}
						},
						{
							"origin": [-2.21744, 28.07187, 1.56068],
							"size": [5.25, 9.75, 0.5],
							"pivot": [0.02205, 32.94687, 0.46889],
							"rotation": [0, 0, -90],
							"uv": {
								"north": {"uv": [16, 39], "uv_size": [5, 9.5]},
								"east": {"uv": [3, 70], "uv_size": [0.5, 9.5]},
								"south": {"uv": [21, 39], "uv_size": [5, 9.5]},
								"west": {"uv": [4, 70], "uv_size": [0.5, 9.5]},
								"up": {"uv": [72, 65], "uv_size": [5, 0.5]},
								"down": {"uv": [72, 66.5], "uv_size": [5, -0.5]}
							}
						},
						{
							"origin": [-4.23409, 28.83519, -4.64058],
							"size": [1.375, 9.25, 0.25],
							"pivot": [0.02205, 33.46019, 0],
							"rotation": [0, 0, -90],
							"uv": {
								"north": {"uv": [60, 64], "uv_size": [1.5, 9]},
								"east": {"uv": [7, 70], "uv_size": [0.5, 9]},
								"south": {"uv": [62, 64], "uv_size": [1.5, 9]},
								"west": {"uv": [8, 70], "uv_size": [0.5, 9]},
								"up": {"uv": [73, 34], "uv_size": [1.5, 0.5]},
								"down": {"uv": [73, 35.5], "uv_size": [1.5, -0.5]}
							}
						},
						{
							"origin": [0.39705, 34.09889, -4.56116],
							"size": [1.75, 0.5, 0.25],
							"pivot": [0.39705, 33.97389, -4.56116],
							"rotation": [0, -47.5, -90],
							"uv": {
								"north": {"uv": [73, 40], "uv_size": [1.5, 0.5]},
								"east": {"uv": [74, 4], "uv_size": [0.5, 0.5]},
								"south": {"uv": [73, 42], "uv_size": [1.5, 0.5]},
								"west": {"uv": [9, 74], "uv_size": [0.5, 0.5]},
								"up": {"uv": [43, 73], "uv_size": [1.5, 0.5]},
								"down": {"uv": [73, 43.5], "uv_size": [1.5, -0.5]}
							}
						},
						{
							"origin": [-0.83925, 33.21019, -4.56116],
							"size": [1.375, 0.5, 0.25],
							"pivot": [0.02205, 33.46019, 0],
							"rotation": [0, 0, -90],
							"uv": {
								"north": {"uv": [73, 48], "uv_size": [1.5, 0.5]},
								"east": {"uv": [10, 74], "uv_size": [0.5, 0.5]},
								"south": {"uv": [73, 49], "uv_size": [1.5, 0.5]},
								"west": {"uv": [74, 11], "uv_size": [0.5, 0.5]},
								"up": {"uv": [73, 50], "uv_size": [1.5, 0.5]},
								"down": {"uv": [73, 51.5], "uv_size": [1.5, -0.5]}
							}
						},
						{
							"origin": [0.97696, 30.81142, -4.597],
							"size": [1.625, 2.625, 0.25],
							"pivot": [3.02205, 31.07905, -4.64058],
							"rotation": [0, 0, -57.5],
							"uv": {
								"north": {"uv": [70, 28], "uv_size": [1.5, 2.5]},
								"east": {"uv": [28, 73], "uv_size": [0.5, 2.5]},
								"south": {"uv": [34, 70], "uv_size": [1.5, 2.5]},
								"west": {"uv": [73, 28], "uv_size": [0.5, 2.5]},
								"up": {"uv": [73, 36], "uv_size": [1.5, 0.5]},
								"down": {"uv": [73, 37.5], "uv_size": [1.5, -0.5]}
							}
						},
						{
							"origin": [-2.66912, 30.706, -4.597],
							"size": [1.625, 3.5, 0.25],
							"pivot": [-3.02205, 31.07905, -4.64058],
							"rotation": [0, 0, 57.5],
							"uv": {
								"north": {"uv": [25, 69], "uv_size": [1.5, 3.5]},
								"east": {"uv": [13, 73], "uv_size": [0.5, 3.5]},
								"south": {"uv": [27, 69], "uv_size": [1.5, 3.5]},
								"west": {"uv": [73, 16], "uv_size": [0.5, 3.5]},
								"up": {"uv": [73, 38], "uv_size": [1.5, 0.5]},
								"down": {"uv": [73, 39.5], "uv_size": [1.5, -0.5]}
							}
						},
						{
							"origin": [-1.54294, 30.48677, -4.58611],
							"size": [0.625, 3.125, 0.25],
							"pivot": [-1.77205, 31.07905, -4.64058],
							"rotation": [0, 0, 32.5],
							"uv": {
								"north": {"uv": [73, 20], "uv_size": [0.5, 3]},
								"east": {"uv": [21, 73], "uv_size": [0.5, 3]},
								"south": {"uv": [22, 73], "uv_size": [0.5, 3]},
								"west": {"uv": [23, 73], "uv_size": [0.5, 3]},
								"up": {"uv": [66, 73], "uv_size": [0.5, 0.5]},
								"down": {"uv": [67, 73.5], "uv_size": [0.5, -0.5]}
							}
						},
						{
							"origin": [0.83574, 30.53984, -4.58611],
							"size": [0.625, 3, 0.25],
							"pivot": [1.77205, 31.07905, -4.64058],
							"rotation": [0, 0, -30],
							"uv": {
								"north": {"uv": [24, 73], "uv_size": [0.5, 3]},
								"east": {"uv": [25, 73], "uv_size": [0.5, 3]},
								"south": {"uv": [26, 73], "uv_size": [0.5, 3]},
								"west": {"uv": [27, 73], "uv_size": [0.5, 3]},
								"up": {"uv": [72, 73], "uv_size": [0.5, 0.5]},
								"down": {"uv": [73, 73.5], "uv_size": [0.5, -0.5]}
							}
						},
						{
							"origin": [4.89705, 28.58238, 3.18568],
							"size": [0.875, 0.625, 3.875],
							"pivot": [4.89705, 28.58238, 3.18568],
							"rotation": [15.22071, -19.91359, -90.68799],
							"uv": {
								"north": {"uv": [73, 54], "uv_size": [1, 0.5]},
								"east": {"uv": [72, 71], "uv_size": [4, 0.5]},
								"south": {"uv": [73, 55], "uv_size": [1, 0.5]},
								"west": {"uv": [72, 72], "uv_size": [4, 0.5]},
								"up": {"uv": [30, 70], "uv_size": [1, 4]},
								"down": {"uv": [31, 74], "uv_size": [1, -4]}
							}
						},
						{
							"origin": [-5.77205, 28.58238, 3.18568],
							"size": [0.875, 0.625, 3.875],
							"pivot": [-4.89705, 28.58238, 3.18568],
							"rotation": [15.22071, 19.91359, 90.68799],
							"uv": {
								"north": {"uv": [73, 56], "uv_size": [1, 0.5]},
								"east": {"uv": [73, 0], "uv_size": [4, 0.5]},
								"south": {"uv": [57, 73], "uv_size": [1, 0.5]},
								"west": {"uv": [73, 1], "uv_size": [4, 0.5]},
								"up": {"uv": [32, 70], "uv_size": [1, 4]},
								"down": {"uv": [33, 74], "uv_size": [1, -4]}
							}
						},
						{
							"origin": [1.63944, 27.25073, -2.28293],
							"size": [2.25, 9.25, 4.75],
							"pivot": [0.02205, 31.87573, -1.85862],
							"rotation": [0, 0, -90],
							"uv": {
								"north": {"uv": [57, 52], "uv_size": [2.5, 9.5]},
								"east": {"uv": [34, 36], "uv_size": [5, 9.5]},
								"south": {"uv": [18, 58], "uv_size": [2.5, 9.5]},
								"west": {"uv": [37, 0], "uv_size": [5, 9.5]},
								"up": {"uv": [64, 41], "uv_size": [2.5, 5]},
								"down": {"uv": [64, 69], "uv_size": [2.5, -5]}
							}
						},
						{
							"origin": [2.99446, 25.14238, -3.85919],
							"size": [2.25, 1.5, 7.375],
							"pivot": [-3.85295, 29.76738, -1.47731],
							"rotation": [0, 0, -90],
							"uv": {
								"north": {"uv": [70, 32], "uv_size": [2.5, 1.5]},
								"east": {"uv": [65, 14], "uv_size": [7.5, 1.5]},
								"south": {"uv": [70, 36], "uv_size": [2.5, 1.5]},
								"west": {"uv": [65, 48], "uv_size": [7.5, 1.5]},
								"up": {"uv": [38, 60], "uv_size": [2.5, 7.5]},
								"down": {"uv": [41, 67.5], "uv_size": [2.5, -7.5]}
							}
						},
						{
							"origin": [-2.99507, 25.51738, -3.36951],
							"size": [6.125, 0.75, 8.25],
							"pivot": [-3.85295, 29.76738, -1.47731],
							"rotation": [0, 0, -90],
							"uv": {
								"north": {"uv": [68, 11], "uv_size": [6, 1]},
								"east": {"uv": [67, 45], "uv_size": [8.5, 1]},
								"south": {"uv": [69, 5], "uv_size": [6, 1]},
								"west": {"uv": [67, 64], "uv_size": [8.5, 1]},
								"up": {"uv": [20, 18], "uv_size": [6, 8.5]},
								"down": {"uv": [0, 30.5], "uv_size": [6, -8.5]}
							}
						},
						{
							"origin": [-5.70417, 36.005, 4.29775],
							"size": [4.875, 1.5, 2.125],
							"pivot": [0.02205, 36.755, -6.12196],
							"rotation": [0, 0, -90],
							"uv": {
								"north": {"uv": [68, 9], "uv_size": [5, 1.5]},
								"east": {"uv": [71, 42], "uv_size": [2, 1.5]},
								"south": {"uv": [68, 34], "uv_size": [5, 1.5]},
								"west": {"uv": [43, 71], "uv_size": [2, 1.5]},
								"up": {"uv": [65, 62], "uv_size": [5, 2]},
								"down": {"uv": [24, 69], "uv_size": [5, -2]}
							}
						},
						{
							"origin": [4.64705, 33.71019, -4.375],
							"size": [2.875, 9.25, 3.625],
							"pivot": [4.64705, 33.71019, -4.375],
							"rotation": [0, -45, -90],
							"uv": {
								"north": {"uv": [0, 50], "uv_size": [3, 9.5]},
								"east": {"uv": [34, 46], "uv_size": [3.5, 9.5]},
								"south": {"uv": [3, 50], "uv_size": [3, 9.5]},
								"west": {"uv": [48, 10], "uv_size": [3.5, 9.5]},
								"up": {"uv": [21, 65], "uv_size": [3, 3.5]},
								"down": {"uv": [65, 61.5], "uv_size": [3, -3.5]}
							}
						},
						{
							"origin": [4.64705, 33.71019, 0.875],
							"size": [2.875, 9.25, 3.625],
							"pivot": [4.64705, 33.71019, 4.5],
							"rotation": [0, 45, -90],
							"uv": {
								"north": {"uv": [6, 50], "uv_size": [3, 9.5]},
								"east": {"uv": [30, 48], "uv_size": [3.5, 9.5]},
								"south": {"uv": [38, 50], "uv_size": [3, 9.5]},
								"west": {"uv": [44, 48], "uv_size": [3.5, 9.5]},
								"up": {"uv": [66, 0], "uv_size": [3, 3.5]},
								"down": {"uv": [8, 69.5], "uv_size": [3, -3.5]}
							}
						},
						{
							"origin": [2.77603, 38.9831, 3.25137],
							"size": [4.125, 1.55, 2.75],
							"pivot": [4.02202, 35.74312, 4.46568],
							"rotation": [0, 45, -90],
							"uv": {
								"north": {"uv": [68, 58], "uv_size": [4, 1.5]},
								"east": {"uv": [61, 4], "uv_size": [3, 1.5]},
								"south": {"uv": [68, 60], "uv_size": [4, 1.5]},
								"west": {"uv": [26, 61], "uv_size": [3, 1.5]},
								"up": {"uv": [16, 9], "uv_size": [4, 3]},
								"down": {"uv": [0, 46], "uv_size": [4, -3]}
							}
						},
						{
							"origin": [-1.5578, 33.288, 3.73822],
							"size": [3.25, 1.55, 3],
							"pivot": [3.89705, 30.1747, 0.32544],
							"rotation": [0, 45, -90],
							"uv": {
								"north": {"uv": [69, 38], "uv_size": [3.5, 1.5]},
								"east": {"uv": [70, 16], "uv_size": [3, 1.5]},
								"south": {"uv": [43, 69], "uv_size": [3.5, 1.5]},
								"west": {"uv": [70, 18], "uv_size": [3, 1.5]},
								"up": {"uv": [66, 16], "uv_size": [3.5, 3]},
								"down": {"uv": [66, 22], "uv_size": [3.5, -3]}
							}
						},
						{
							"origin": [3.69553, 30.91312, -0.3583],
							"size": [1.75, 1.75, 10.625],
							"pivot": [4.625, 31.1655, 0.3292],
							"rotation": [0, -90, 0],
							"uv": {
								"north": {"uv": [24, 65], "uv_size": [1.5, 2]},
								"east": {"uv": [57, 34], "uv_size": [10.5, 2]},
								"south": {"uv": [71, 24], "uv_size": [1.5, 2]},
								"west": {"uv": [59, 36], "uv_size": [10.5, 2]},
								"up": {"uv": [12, 62], "uv_size": [1.5, 10.5]},
								"down": {"uv": [57, 72.5], "uv_size": [1.5, -10.5]}
							}
						},
						{
							"origin": [5.56339, 31.28812, -0.10117],
							"size": [3.5, 1, 9.875],
							"pivot": [4.625, 31.00209, 0.21133],
							"rotation": [0, -90, 0],
							"uv": {
								"north": {"uv": [70, 62], "uv_size": [3.5, 1]},
								"east": {"uv": [66, 31], "uv_size": [10, 1]},
								"south": {"uv": [70, 63], "uv_size": [3.5, 1]},
								"west": {"uv": [67, 41], "uv_size": [10, 1]},
								"up": {"uv": [26, 42], "uv_size": [3.5, 10]},
								"down": {"uv": [10, 56], "uv_size": [3.5, -10]}
							}
						},
						{
							"origin": [-0.45862, 25.38377, -6.81252],
							"size": [0.75, 7.375, 2.5],
							"pivot": [0.15786, 28.88377, -5.49781],
							"rotation": [0, 20, -90],
							"uv": {
								"north": {"uv": [16, 67], "uv_size": [1, 7.5]},
								"east": {"uv": [49, 58], "uv_size": [2.5, 7.5]},
								"south": {"uv": [37, 67], "uv_size": [1, 7.5]},
								"west": {"uv": [14, 59], "uv_size": [2.5, 7.5]},
								"up": {"uv": [71, 65], "uv_size": [1, 2.5]},
								"down": {"uv": [71, 70.5], "uv_size": [1, -2.5]}
							}
						},
						{
							"origin": [-0.7015, 24.32933, 4.09737],
							"size": [0.75, 7.125, 3.75],
							"pivot": [-0.12171, 28.01683, 6.70397],
							"rotation": [0, -30, -90],
							"uv": {
								"north": {"uv": [36, 70], "uv_size": [0.5, 7]},
								"east": {"uv": [25, 0], "uv_size": [3.5, 7]},
								"south": {"uv": [70, 69], "uv_size": [0.5, 7]},
								"west": {"uv": [34, 56], "uv_size": [3.5, 7]},
								"up": {"uv": [12, 73], "uv_size": [0.5, 3.5]},
								"down": {"uv": [73, 15.5], "uv_size": [0.5, -3.5]}
							}
						},
						{
							"origin": [2.86818, 28.5569, -6.78315],
							"size": [0.75, 1.125, 2.75],
							"pivot": [3.61818, 28.5569, -6.78315],
							"rotation": [-30.19837, 20.34595, -93.23448],
							"uv": {
								"north": {"uv": [29, 17], "uv_size": [1, 1]},
								"east": {"uv": [71, 4], "uv_size": [3, 1]},
								"south": {"uv": [37, 10], "uv_size": [1, 1]},
								"west": {"uv": [71, 26], "uv_size": [3, 1]},
								"up": {"uv": [43, 27], "uv_size": [1, 3]},
								"down": {"uv": [48, 27], "uv_size": [1, -3]}
							}
						},
						{
							"origin": [-3.67746, 28.5569, -6.78315],
							"size": [0.75, 1.125, 2.75],
							"pivot": [-3.67746, 28.5569, -6.78315],
							"rotation": [-30.19837, -20.34595, 93.23448],
							"uv": {
								"north": {"uv": [27, 52], "uv_size": [1, 1]},
								"east": {"uv": [71, 27], "uv_size": [3, 1]},
								"south": {"uv": [9, 55], "uv_size": [1, 1]},
								"west": {"uv": [71, 44], "uv_size": [3, 1]},
								"up": {"uv": [45, 71], "uv_size": [1, 3]},
								"down": {"uv": [46, 74], "uv_size": [1, -3]}
							}
						},
						{
							"origin": [4.14705, 29.45738, 4.81068],
							"size": [0.75, 1.125, 3.75],
							"pivot": [4.89705, 29.45738, 4.81068],
							"rotation": [23.89575, -30.02058, -96.00448],
							"uv": {
								"north": {"uv": [37, 11], "uv_size": [1, 1]},
								"east": {"uv": [54, 47], "uv_size": [4, 1]},
								"south": {"uv": [38, 35], "uv_size": [1, 1]},
								"west": {"uv": [56, 9], "uv_size": [4, 1]},
								"up": {"uv": [10, 70], "uv_size": [1, 4]},
								"down": {"uv": [70, 24], "uv_size": [1, -4]}
							}
						},
						{
							"origin": [-4.89705, 29.45738, 4.81068],
							"size": [0.75, 1.125, 3.75],
							"pivot": [-4.89705, 29.45738, 4.81068],
							"rotation": [23.89575, 30.02058, 96.00448],
							"uv": {
								"north": {"uv": [42, 9], "uv_size": [1, 1]},
								"east": {"uv": [69, 6], "uv_size": [4, 1]},
								"south": {"uv": [26, 52], "uv_size": [1, 1]},
								"west": {"uv": [69, 40], "uv_size": [4, 1]},
								"up": {"uv": [70, 24], "uv_size": [1, 4]},
								"down": {"uv": [29, 74], "uv_size": [1, -4]}
							}
						},
						{
							"origin": [2.91306, 28.55388, -10.669],
							"size": [0.75, 2.375, 3.875],
							"pivot": [3.66306, 28.55388, -6.794],
							"rotation": [-68.84419, 21.23262, -89.57407],
							"uv": {
								"north": {"uv": [71, 71], "uv_size": [1, 2.5]},
								"east": {"uv": [66, 22], "uv_size": [4, 2.5]},
								"south": {"uv": [72, 0], "uv_size": [1, 2.5]},
								"west": {"uv": [66, 25], "uv_size": [4, 2.5]},
								"up": {"uv": [38, 46], "uv_size": [1, 4]},
								"down": {"uv": [47, 9], "uv_size": [1, -4]}
							}
						},
						{
							"origin": [-3.72234, 28.55388, -10.794],
							"size": [0.75, 2.375, 4],
							"pivot": [-3.72234, 28.55388, -6.794],
							"rotation": [-68.84419, -21.23262, 89.57407],
							"uv": {
								"north": {"uv": [72, 20], "uv_size": [1, 2.5]},
								"east": {"uv": [66, 28], "uv_size": [4, 2.5]},
								"south": {"uv": [72, 28], "uv_size": [1, 2.5]},
								"west": {"uv": [0, 67], "uv_size": [4, 2.5]},
								"up": {"uv": [55, 16], "uv_size": [1, 4]},
								"down": {"uv": [9, 74], "uv_size": [1, -4]}
							}
						}
      },
				{
					"name": "Helmet",
					"parent": "Head",
					"pivot": [0, 23.5, 0.5],
					"rotation": [-5, 0, 0],
					"cubes": [
						{
							"origin": [-4.85295, 28.83519, -4.5],
							"size": [9.75, 9.25, 9],
							"pivot": [0.02205, 33.46019, 0],
							"rotation": [0, 0, -90],
							"uv": {
								"north": {"uv": [0, 12], "uv_size": [10, 9]},
								"east": {"uv": [20, 18], "uv_size": [9, 9]},
								"south": {"uv": [10, 12], "uv_size": [10, 9]},
								"west": {"uv": [0, 21], "uv_size": [9, 9]},
								"up": {"uv": [16, 0], "uv_size": [10, 9]},
								"down": {"uv": [20, 18], "uv_size": [10, -9]}
							}
						},
						{
							"origin": [-6.35295, 31.89769, -5],
							"size": [5.375, 4.9375, 0.5],
							"pivot": [-1.47795, 35.83519, -5],
							"rotation": [0, 0, -90],
							"uv": {
								"north": {"uv": [41, 46], "uv_size": [5.5, 5]},
								"east": {"uv": [16, 55], "uv_size": [0.5, 5]},
								"south": {"uv": [47, 0], "uv_size": [5.5, 5]},
								"west": {"uv": [56, 5], "uv_size": [0.5, 5]},
								"up": {"uv": [54, 42], "uv_size": [5.5, 0.5]},
								"down": {"uv": [54, 43.5], "uv_size": [5.5, -0.5]}
							}
						},
						{
							"origin": [-3.72795, 33.71019, -5],
							"size": [1.25, 2.625, 0.5],
							"pivot": [-2.47795, 36.33519, -5],
							"rotation": [0, 0, -107.5],
							"uv": {
								"north": {"uv": [26, 48], "uv_size": [1.5, 2.5]},
								"east": {"uv": [37, 39], "uv_size": [0.5, 2.5]},
								"south": {"uv": [50, 54], "uv_size": [1.5, 2.5]},
								"west": {"uv": [12, 42], "uv_size": [0.5, 2.5]},
								"up": {"uv": [45, 51], "uv_size": [1.5, 0.5]},
								"down": {"uv": [57, 36.5], "uv_size": [1.5, -0.5]}
							}
						},
						{
							"origin": [2.47795, 33.77269, -5],
							"size": [1.25, 2.5625, 0.5],
							"pivot": [2.47795, 36.33519, -5],
							"rotation": [0, 0, 107.5],
							"uv": {
								"north": {"uv": [52, 54], "uv_size": [1.5, 2.5]},
								"east": {"uv": [28, 48], "uv_size": [0.5, 2.5]},
								"south": {"uv": [54, 52], "uv_size": [1.5, 2.5]},
								"west": {"uv": [43, 56], "uv_size": [0.5, 2.5]},
								"up": {"uv": [57, 41], "uv_size": [1.5, 0.5]},
								"down": {"uv": [52, 57.5], "uv_size": [1.5, -0.5]}
							}
						},
						{
							"origin": [2.45955, 30.96019, -5],
							"size": [1.25, 2.5625, 0.5],
							"pivot": [2.45955, 30.96019, -5],
							"rotation": [0, 0, -107.5],
							"uv": {
								"north": {"uv": [12, 55], "uv_size": [1.5, 2.5]},
								"east": {"uv": [44, 56], "uv_size": [0.5, 2.5]},
								"south": {"uv": [14, 55], "uv_size": [1.5, 2.5]},
								"west": {"uv": [4, 57], "uv_size": [0.5, 2.5]},
								"up": {"uv": [54, 57], "uv_size": [1.5, 0.5]},
								"down": {"uv": [56, 57.5], "uv_size": [1.5, -0.5]}
							}
						},
						{
							"origin": [-3.70955, 30.96019, -5],
							"size": [1.25, 2.5625, 0.5],
							"pivot": [-2.45955, 30.96019, -5],
							"rotation": [0, 0, 107.5],
							"uv": {
								"north": {"uv": [55, 34], "uv_size": [1.5, 2.5]},
								"east": {"uv": [5, 57], "uv_size": [0.5, 2.5]},
								"south": {"uv": [37, 55], "uv_size": [1.5, 2.5]},
								"west": {"uv": [57, 38], "uv_size": [0.5, 2.5]},
								"up": {"uv": [0, 58], "uv_size": [1.5, 0.5]},
								"down": {"uv": [2, 58.5], "uv_size": [1.5, -0.5]}
							}
						},
						{
							"origin": [-0.22795, 24.08395, -5.76632],
							"size": [0.5, 9.25, 1.375],
							"pivot": [0.02205, 28.70895, -5.95382],
							"rotation": [0, 5, -90],
							"uv": {
								"north": {"uv": [25, 54], "uv_size": [0.5, 9]},
								"east": {"uv": [10, 51], "uv_size": [1.5, 9]},
								"south": {"uv": [49, 54], "uv_size": [0.5, 9]},
								"west": {"uv": [31, 51], "uv_size": [1.5, 9]},
								"up": {"uv": [50, 57], "uv_size": [0.5, 1.5]},
								"down": {"uv": [51, 58.5], "uv_size": [0.5, -1.5]}
							}
						},
						{
							"origin": [-0.39628, 26.02383, -5.81611],
							"size": [0.875, 6.75, 1.5],
							"pivot": [0.04122, 29.39883, -5.75361],
							"rotation": [0, 5, -90],
							"uv": {
								"north": {"uv": [23, 54], "uv_size": [1, 6.5]},
								"east": {"uv": [33, 52], "uv_size": [1.5, 6.5]},
								"south": {"uv": [24, 54], "uv_size": [1, 6.5]},
								"west": {"uv": [35, 52], "uv_size": [1.5, 6.5]},
								"up": {"uv": [19, 25], "uv_size": [1, 1.5]},
								"down": {"uv": [8, 31.5], "uv_size": [1, -1.5]}
							}
						},
						{
							"origin": [4.02205, 28.8545, -5.78359],
							"size": [0.625, 1.5, 1.5],
							"pivot": [4.64705, 28.8545, -7.15859],
							"rotation": [2.5, 5, -55],
							"uv": {
								"north": {"uv": [6, 58], "uv_size": [0.5, 1.5]},
								"east": {"uv": [43, 34], "uv_size": [1.5, 1.5]},
								"south": {"uv": [7, 58], "uv_size": [0.5, 1.5]},
								"west": {"uv": [6, 56], "uv_size": [1.5, 1.5]},
								"up": {"uv": [8, 58], "uv_size": [0.5, 1.5]},
								"down": {"uv": [9, 59.5], "uv_size": [0.5, -1.5]}
							}
						},
						{
							"origin": [-4.58341, 28.84187, -5.78229],
							"size": [0.625, 1.5, 1.5],
							"pivot": [-4.58341, 28.84187, -7.15729],
							"rotation": [2.5, -5, 55],
							"uv": {
								"north": {"uv": [12, 58], "uv_size": [0.5, 1.5]},
								"east": {"uv": [8, 56], "uv_size": [1.5, 1.5]},
								"south": {"uv": [13, 58], "uv_size": [0.5, 1.5]},
								"west": {"uv": [56, 14], "uv_size": [1.5, 1.5]},
								"up": {"uv": [14, 58], "uv_size": [0.5, 1.5]},
								"down": {"uv": [58, 15.5], "uv_size": [0.5, -1.5]}
							}
						},
						{
							"origin": [-0.5, 37.37119, -5.08716],
							"size": [1, 1, 0.625],
							"uv": {
								"north": {"uv": [8, 32], "uv_size": [1, 1]},
								"east": {"uv": [45, 35], "uv_size": [0.5, 1]},
								"south": {"uv": [32, 16], "uv_size": [1, 1]},
								"west": {"uv": [15, 58], "uv_size": [0.5, 1]},
								"up": {"uv": [37, 58], "uv_size": [1, 0.5]},
								"down": {"uv": [38, 58.5], "uv_size": [1, -0.5]}
							}
						},
						{
							"origin": [-0.5, 38.37119, -5.08716],
							"size": [1, 3.75, 0.625],
							"uv": {
								"north": {"uv": [19, 21], "uv_size": [1, 4]},
								"east": {"uv": [48, 38], "uv_size": [0.5, 4]},
								"south": {"uv": [32, 12], "uv_size": [1, 4]},
								"west": {"uv": [56, 16], "uv_size": [0.5, 4]},
								"up": {"uv": [58, 38], "uv_size": [1, 0.5]},
								"down": {"uv": [58, 39.5], "uv_size": [1, -0.5]}
							}
						},
						{
							"origin": [0.125, 38.37119, -5.08716],
							"size": [0.375, 3.75, 0.625],
							"pivot": [0.5, 38.37119, -5.08716],
							"rotation": [0, 0, 5],
							"uv": {
								"north": {"uv": [17, 56], "uv_size": [0.5, 4]},
								"east": {"uv": [18, 56], "uv_size": [0.5, 4]},
								"south": {"uv": [19, 56], "uv_size": [0.5, 4]},
								"west": {"uv": [20, 56], "uv_size": [0.5, 4]},
								"up": {"uv": [53, 58], "uv_size": [0.5, 0.5]},
								"down": {"uv": [54, 58.5], "uv_size": [0.5, -0.5]}
							}
						},
						{
							"origin": [-0.5, 38.37119, -5.08716],
							"size": [0.375, 3.75, 0.625],
							"pivot": [-0.5, 38.37119, -5.08716],
							"rotation": [0, 0, -5],
							"uv": {
								"north": {"uv": [21, 56], "uv_size": [0.5, 4]},
								"east": {"uv": [22, 56], "uv_size": [0.5, 4]},
								"south": {"uv": [26, 56], "uv_size": [0.5, 4]},
								"west": {"uv": [27, 56], "uv_size": [0.5, 4]},
								"up": {"uv": [55, 58], "uv_size": [0.5, 0.5]},
								"down": {"uv": [56, 58.5], "uv_size": [0.5, -0.5]}
							}
						}
					]
				},
				{
					"name": "Body",
					"pivot": [0, 24, 0],
					"cubes": [
						{
							"origin": [-4.125, 7.16339, 2.529],
							"size": [3.75, 0.625, 0],
							"inflate": 0.25,
							"pivot": [-4.375, 6.91339, 2.77775],
							"rotation": [4.88206, -1.08089, 12.45392],
							"uv": {
								"north": {"uv": [56, 20], "uv_size": [3.5, 0.5]},
								"east": {"uv": [56, 20], "uv_size": [3.5, 0.5]},
								"south": {"uv": [56, 20], "uv_size": [3.5, 0.5]},
								"west": {"uv": [56, 20], "uv_size": [3.5, 0.5]},
								"up": {"uv": [59.5, 20.5], "uv_size": [-3.5, -0.5]},
								"down": {"uv": [59.5, 20.5], "uv_size": [-3.5, -0.5]}
							}
						},
						{
							"origin": [0.375, 7.16339, 2.529],
							"size": [3.75, 0.625, 0],
							"inflate": 0.25,
							"pivot": [4.375, 6.91339, 2.77775],
							"rotation": [4.88206, 1.08089, -12.45392],
							"uv": {
								"north": {"uv": [57, 35], "uv_size": [3.5, 0.5]},
								"east": {"uv": [57, 35], "uv_size": [3.5, 0.5]},
								"south": {"uv": [57, 35], "uv_size": [3.5, 0.5]},
								"west": {"uv": [57, 35], "uv_size": [3.5, 0.5]},
								"up": {"uv": [60.5, 35.5], "uv_size": [-3.5, -0.5]},
								"down": {"uv": [60.5, 35.5], "uv_size": [-3.5, -0.5]}
							}
						},
						{
							"origin": [-4.125, 7.125, 2.39844],
							"size": [8.25, 6.125, 0],
							"inflate": 0.25,
							"pivot": [0, 8.375, 2.27344],
							"rotation": [5, 0, 0],
							"uv": {
								"north": {"uv": [38, 36], "uv_size": [8, 5.5]},
								"east": {"uv": [0, 0], "uv_size": [0, 5.5]},
								"south": {"uv": [39, 0], "uv_size": [8, 5.5]},
								"west": {"uv": [0, 0], "uv_size": [0, 5.5]},
								"up": {"uv": [0, 0], "uv_size": [8, 0]},
								"down": {"uv": [0, 0], "uv_size": [8, 0]}
							}
						},
						{
							"origin": [-4, 12, -2.10156],
							"size": [8, 12, 4],
							"inflate": 0.25,
							"uv": {
								"north": {"uv": [0, 0], "uv_size": [8, 12]},
								"east": {"uv": [9, 21], "uv_size": [4, 12]},
								"south": {"uv": [8, 0], "uv_size": [8, 12]},
								"west": {"uv": [13, 21], "uv_size": [4, 12]},
								"up": {"uv": [41, 42], "uv_size": [8, 4]},
								"down": {"uv": [43, 10], "uv_size": [8, -4]}
							}
						},
						{
							"origin": [-1.5, 23.25, -2.35156],
							"size": [3.5, 0, 0],
							"inflate": 0.25,
							"uv": {
								"north": {"uv": [56, 21], "uv_size": [3.5, 0.5]},
								"east": {"uv": [56, 21], "uv_size": [3.5, 0.5]},
								"south": {"uv": [56, 21], "uv_size": [3.5, 0.5]},
								"west": {"uv": [56, 21], "uv_size": [3.5, 0.5]},
								"up": {"uv": [59.5, 21.5], "uv_size": [-3.5, -0.5]},
								"down": {"uv": [59.5, 21.5], "uv_size": [-3.5, -0.5]}
							}
						},
						{
							"origin": [-1.5, 22.5, -2.35156],
							"size": [3.5, 0, 0],
							"inflate": 0.25,
							"uv": {
								"north": {"uv": [56, 53], "uv_size": [3.5, 0.5]},
								"east": {"uv": [56, 53], "uv_size": [3.5, 0.5]},
								"south": {"uv": [56, 53], "uv_size": [3.5, 0.5]},
								"west": {"uv": [56, 53], "uv_size": [3.5, 0.5]},
								"up": {"uv": [59.5, 53.5], "uv_size": [-3.5, -0.5]},
								"down": {"uv": [59.5, 53.5], "uv_size": [-3.5, -0.5]}
							}
						},
						{
							"origin": [-1.5, 19.875, -2.35156],
							"size": [3.5, 0, 0],
							"inflate": 0.25,
							"uv": {
								"north": {"uv": [56, 54], "uv_size": [3.5, 0.5]},
								"east": {"uv": [56, 54], "uv_size": [3.5, 0.5]},
								"south": {"uv": [56, 54], "uv_size": [3.5, 0.5]},
								"west": {"uv": [56, 54], "uv_size": [3.5, 0.5]},
								"up": {"uv": [59.5, 54.5], "uv_size": [-3.5, -0.5]},
								"down": {"uv": [59.5, 54.5], "uv_size": [-3.5, -0.5]}
							}
						},
						{
							"origin": [-1.5, 16.5, -2.35156],
							"size": [3.5, 0, 0],
							"inflate": 0.25,
							"uv": {
								"north": {"uv": [57, 4], "uv_size": [3.5, 0.5]},
								"east": {"uv": [57, 4], "uv_size": [3.5, 0.5]},
								"south": {"uv": [57, 4], "uv_size": [3.5, 0.5]},
								"west": {"uv": [57, 4], "uv_size": [3.5, 0.5]},
								"up": {"uv": [60.5, 4.5], "uv_size": [-3.5, -0.5]},
								"down": {"uv": [60.5, 4.5], "uv_size": [-3.5, -0.5]}
							}
						},
						{
							"origin": [-1.5, 19.125, -2.35156],
							"size": [3.5, 0, 0],
							"inflate": 0.25,
							"uv": {
								"north": {"uv": [57, 6], "uv_size": [3.5, 0.5]},
								"east": {"uv": [57, 6], "uv_size": [3.5, 0.5]},
								"south": {"uv": [57, 6], "uv_size": [3.5, 0.5]},
								"west": {"uv": [57, 6], "uv_size": [3.5, 0.5]},
								"up": {"uv": [60.5, 6.5], "uv_size": [-3.5, -0.5]},
								"down": {"uv": [60.5, 6.5], "uv_size": [-3.5, -0.5]}
							}
						},
						{
							"origin": [-1.5, 15.75, -2.35156],
							"size": [3.5, 0, 0],
							"inflate": 0.25,
							"uv": {
								"north": {"uv": [57, 8], "uv_size": [3.5, 0.5]},
								"east": {"uv": [57, 8], "uv_size": [3.5, 0.5]},
								"south": {"uv": [57, 8], "uv_size": [3.5, 0.5]},
								"west": {"uv": [57, 8], "uv_size": [3.5, 0.5]},
								"up": {"uv": [60.5, 8.5], "uv_size": [-3.5, -0.5]},
								"down": {"uv": [60.5, 8.5], "uv_size": [-3.5, -0.5]}
							}
						},
						{
							"origin": [-1.5, 13.375, -2.35156],
							"size": [3.5, 0, 0],
							"inflate": 0.25,
							"uv": {
								"north": {"uv": [57, 16], "uv_size": [3.5, 0.5]},
								"east": {"uv": [57, 16], "uv_size": [3.5, 0.5]},
								"south": {"uv": [57, 16], "uv_size": [3.5, 0.5]},
								"west": {"uv": [57, 16], "uv_size": [3.5, 0.5]},
								"up": {"uv": [60.5, 16.5], "uv_size": [-3.5, -0.5]},
								"down": {"uv": [60.5, 16.5], "uv_size": [-3.5, -0.5]}
							}
						},
						{
							"origin": [-1.5, 12.5, -2.22656],
							"size": [3.5, 0, 0],
							"inflate": 0.25,
							"uv": {
								"north": {"uv": [57, 18], "uv_size": [3.5, 0.5]},
								"east": {"uv": [57, 18], "uv_size": [3.5, 0.5]},
								"south": {"uv": [57, 18], "uv_size": [3.5, 0.5]},
								"west": {"uv": [57, 18], "uv_size": [3.5, 0.5]},
								"up": {"uv": [60.5, 18.5], "uv_size": [-3.5, -0.5]},
								"down": {"uv": [60.5, 18.5], "uv_size": [-3.5, -0.5]}
							}
						},
						{
							"origin": [-5.8125, 19.5, -2.625],
							"size": [11.875, 1, 0],
							"inflate": 0.25,
							"pivot": [-0.25, 20, -2.625],
							"rotation": [0, 0, 45],
							"uv": {
								"north": {"uv": [52, 46], "uv_size": [12, 1]},
								"east": {"uv": [52, 46], "uv_size": [12, 1]},
								"south": {"uv": [52, 46], "uv_size": [12, 1]},
								"west": {"uv": [52, 46], "uv_size": [12, 1]},
								"up": {"uv": [64, 47], "uv_size": [-12, -1]},
								"down": {"uv": [64, 47], "uv_size": [-12, -1]}
							}
						},
						{
							"origin": [-0.4375, 19.5, -2.875],
							"size": [1, 1, 0],
							"inflate": 0.25,
							"pivot": [-0.25, 20, -2.875],
							"rotation": [0, 0, 45],
							"uv": {
								"north": {"uv": [32, 17], "uv_size": [1, 1]},
								"east": {"uv": [32, 17], "uv_size": [1, 1]},
								"south": {"uv": [32, 17], "uv_size": [1, 1]},
								"west": {"uv": [32, 17], "uv_size": [1, 1]},
								"up": {"uv": [33, 18], "uv_size": [-1, -1]},
								"down": {"uv": [33, 18], "uv_size": [-1, -1]}
							}
						},
						{
							"origin": [-6.0625, 19.5, -2.625],
							"size": [11.875, 1, 0],
							"inflate": 0.25,
							"pivot": [0.25, 20, -2.625],
							"rotation": [0, 0, -45],
							"uv": {
								"north": {"uv": [53, 0], "uv_size": [12, 1]},
								"east": {"uv": [53, 0], "uv_size": [12, 1]},
								"south": {"uv": [53, 0], "uv_size": [12, 1]},
								"west": {"uv": [53, 0], "uv_size": [12, 1]},
								"up": {"uv": [65, 1], "uv_size": [-12, -1]},
								"down": {"uv": [65, 1], "uv_size": [-12, -1]}
							}
						},
						{
							"origin": [-5.8125, 19.5, 2.375],
							"size": [11.875, 1, 0],
							"inflate": 0.25,
							"pivot": [-0.25, 20, 2.375],
							"rotation": [0, 0, 45],
							"uv": {
								"north": {"uv": [52, 49], "uv_size": [12, 1]},
								"east": {"uv": [52, 49], "uv_size": [12, 1]},
								"south": {"uv": [52, 49], "uv_size": [12, 1]},
								"west": {"uv": [52, 49], "uv_size": [12, 1]},
								"up": {"uv": [64, 50], "uv_size": [-12, -1]},
								"down": {"uv": [64, 50], "uv_size": [-12, -1]}
							}
						},
						{
							"origin": [-6.0625, 19.5, 2.375],
							"size": [11.875, 1, 0],
							"inflate": 0.25,
							"pivot": [0.25, 20, 2.375],
							"rotation": [0, 0, -45],
							"uv": {
								"north": {"uv": [52, 51], "uv_size": [12, 1]},
								"east": {"uv": [52, 51], "uv_size": [12, 1]},
								"south": {"uv": [52, 51], "uv_size": [12, 1]},
								"west": {"uv": [52, 51], "uv_size": [12, 1]},
								"up": {"uv": [64, 52], "uv_size": [-12, -1]},
								"down": {"uv": [64, 52], "uv_size": [-12, -1]}
							}
						},
						{
							"origin": [-5.8125, 19.5, -2.125],
							"size": [0.25, 1, 4],
							"inflate": 0.25,
							"pivot": [-0.25, 20, -2.125],
							"rotation": [0, 0, 45],
							"uv": {
								"north": {"uv": [58, 40], "uv_size": [0.5, 1]},
								"east": {"uv": [16, 11], "uv_size": [4, 1]},
								"south": {"uv": [58, 44], "uv_size": [0.5, 1]},
								"west": {"uv": [34, 11], "uv_size": [4, 1]},
								"up": {"uv": [28, 56], "uv_size": [0.5, 4]},
								"down": {"uv": [29, 60], "uv_size": [0.5, -4]}
							}
						},
						{
							"origin": [5.5625, 19.5, -2.125],
							"size": [0.25, 1, 4],
							"inflate": 0.25,
							"pivot": [0.25, 20, -2.125],
							"rotation": [0, 0, -45],
							"uv": {
								"north": {"uv": [48, 58], "uv_size": [0.5, 1]},
								"east": {"uv": [21, 47], "uv_size": [4, 1]},
								"south": {"uv": [52, 58], "uv_size": [0.5, 1]},
								"west": {"uv": [53, 4], "uv_size": [4, 1]},
								"up": {"uv": [41, 56], "uv_size": [0.5, 4]},
								"down": {"uv": [42, 60], "uv_size": [0.5, -4]}
							}
						},
						{
							"origin": [5.5625, 19, -2.125],
							"size": [0.25, 1, 4],
							"inflate": 0.25,
							"pivot": [0.25, 19.5, -2.125],
							"rotation": [0, 0, 45],
							"uv": {
								"north": {"uv": [45, 58], "uv_size": [0.5, 1]},
								"east": {"uv": [39, 8], "uv_size": [4, 1]},
								"south": {"uv": [58, 45], "uv_size": [0.5, 1]},
								"west": {"uv": [21, 45], "uv_size": [4, 1]},
								"up": {"uv": [30, 56], "uv_size": [0.5, 4]},
								"down": {"uv": [56, 42], "uv_size": [0.5, -4]}
							}
						},
						{
							"origin": [-5.8125, 19, -2.125],
							"size": [0.25, 1, 4],
							"inflate": 0.25,
							"pivot": [-0.25, 19.5, -2.125],
							"rotation": [0, 0, -45],
							"uv": {
								"north": {"uv": [46, 58], "uv_size": [0.5, 1]},
								"east": {"uv": [21, 46], "uv_size": [4, 1]},
								"south": {"uv": [47, 58], "uv_size": [0.5, 1]},
								"west": {"uv": [47, 5], "uv_size": [4, 1]},
								"up": {"uv": [39, 56], "uv_size": [0.5, 4]},
								"down": {"uv": [40, 60], "uv_size": [0.5, -4]}
							}
						}
					]
				},
				{
					"name": "Backpack",
					"parent": "Body",
					"pivot": [0.1375, 24.025, 3.85],
					"cubes": [
						{
							"origin": [-4.27625, 24.27655, 2.2275],
							"size": [8.8, 1.3669, 3.3],
							"pivot": [-0.01375, 24.96, 3.8775],
							"rotation": [-45, 0, 0],
							"uv": {
								"north": {"uv": [49, 44], "uv_size": [9, 1.5]},
								"east": {"uv": [16, 9], "uv_size": [3.5, 1.5]},
								"south": {"uv": [52, 22], "uv_size": [9, 1.5]},
								"west": {"uv": [34, 9], "uv_size": [3.5, 1.5]},
								"up": {"uv": [43, 10], "uv_size": [9, 3.5]},
								"down": {"uv": [43, 17.5], "uv_size": [9, -3.5]}
							}
						},
						{
							"origin": [-4.27625, 24.27655, 2.2275],
							"size": [8.8, 1.3669, 3.3],
							"uv": {
								"north": {"uv": [52, 24], "uv_size": [9, 1.5]},
								"east": {"uv": [13, 37], "uv_size": [3.5, 1.5]},
								"south": {"uv": [52, 26], "uv_size": [9, 1.5]},
								"west": {"uv": [39, 6], "uv_size": [3.5, 1.5]},
								"up": {"uv": [43, 18], "uv_size": [9, 3.5]},
								"down": {"uv": [43, 25.5], "uv_size": [9, -3.5]}
							}
						},
						{
							"origin": [-4.27625, 23.31, 3.19405],
							"size": [8.8, 3.3, 1.3669],
							"pivot": [-0.01375, 24.96, 3.8775],
							"rotation": [-45, 0, 0],
							"uv": {
								"north": {"uv": [43, 26], "uv_size": [9, 3.5]},
								"east": {"uv": [46, 38], "uv_size": [1.5, 3.5]},
								"south": {"uv": [43, 30], "uv_size": [9, 3.5]},
								"west": {"uv": [54, 38], "uv_size": [1.5, 3.5]},
								"up": {"uv": [52, 28], "uv_size": [9, 1.5]},
								"down": {"uv": [52, 31.5], "uv_size": [9, -1.5]}
							}
						},
						{
							"origin": [-4.27625, 23.31, 3.19405],
							"size": [8.8, 3.3, 1.3669],
							"uv": {
								"north": {"uv": [12, 45], "uv_size": [9, 3.5]},
								"east": {"uv": [45, 54], "uv_size": [1.5, 3.5]},
								"south": {"uv": [46, 34], "uv_size": [9, 3.5]},
								"west": {"uv": [47, 54], "uv_size": [1.5, 3.5]},
								"up": {"uv": [52, 32], "uv_size": [9, 1.5]},
								"down": {"uv": [45, 53.5], "uv_size": [9, -1.5]}
							}
						},
						{
							"origin": [-3, 17.26, 2.64405],
							"size": [6, 6.05, 2.1919],
							"uv": {
								"north": {"uv": [13, 39], "uv_size": [6, 6]},
								"east": {"uv": [17, 21], "uv_size": [2, 6]},
								"south": {"uv": [19, 39], "uv_size": [6, 6]},
								"west": {"uv": [30, 12], "uv_size": [2, 6]},
								"up": {"uv": [53, 2], "uv_size": [6, 2]},
								"down": {"uv": [17, 56], "uv_size": [6, -2]}
							}
						}
					]
				},
				{
					"name": "RightArm",
					"pivot": [-5.5, 22, 0],
					"cubes": [
						{
							"origin": [-9.05, 15.25, -2.5],
							"size": [4.95, 9, 4.8],
							"uv": {
								"north": {"uv": [8, 33], "uv_size": [5, 9]},
								"east": {"uv": [33, 12], "uv_size": [5, 9]},
								"south": {"uv": [33, 21], "uv_size": [5, 9]},
								"west": {"uv": [33, 30], "uv_size": [5, 9]},
								"up": {"uv": [0, 51], "uv_size": [5, 5]},
								"down": {"uv": [5, 56], "uv_size": [5, -5]}
							}
						},
						{
							"origin": [-9.05566, 23.85045, -2.75],
							"size": [4.925, 0.75, 5.425],
							"pivot": [-6.78066, 23.97545, -0.0375],
							"rotation": [0, 0, -7.5],
							"uv": {
								"north": {"uv": [56, 12], "uv_size": [5, 0.5]},
								"east": {"uv": [54, 55], "uv_size": [5.5, 0.5]},
								"south": {"uv": [56, 13], "uv_size": [5, 0.5]},
								"west": {"uv": [0, 56], "uv_size": [5.5, 0.5]},
								"up": {"uv": [12, 49], "uv_size": [5, 5.5]},
								"down": {"uv": [49, 43.5], "uv_size": [5, -5.5]}
							}
						},
						{
							"origin": [-8.63281, 13.375, -2.07812],
							"size": [4, 8.5, 4],
							"inflate": 0.25,
							"uv": {
								"north": {"uv": [26, 0], "uv_size": [4, 8.5]},
								"east": {"uv": [25, 39], "uv_size": [4, 8.5]},
								"south": {"uv": [33, 39], "uv_size": [4, 8.5]},
								"west": {"uv": [0, 42], "uv_size": [4, 8.5]},
								"up": {"uv": [13, 33], "uv_size": [4, 4]},
								"down": {"uv": [33, 52], "uv_size": [4, -4]}
							}
						}
					]
				},
				{
					"name": "LeftArm",
					"pivot": [5.5, 22, 0],
					"cubes": [
						{
							"origin": [4.58984, 13.375, -2.07031],
							"size": [4, 8.5, 4],
							"inflate": 0.25,
							"uv": {
								"north": {"uv": [4, 42], "uv_size": [4, 8.5]},
								"east": {"uv": [8, 42], "uv_size": [4, 8.5]},
								"south": {"uv": [29, 42], "uv_size": [4, 8.5]},
								"west": {"uv": [37, 42], "uv_size": [4, 8.5]},
								"up": {"uv": [17, 49], "uv_size": [4, 4]},
								"down": {"uv": [37, 55], "uv_size": [4, -4]}
							}
						},
						{
							"origin": [4.1, 15.25, -2.5],
							"size": [4.8, 9, 4.8],
							"uv": {
								"north": {"uv": [34, 0], "uv_size": [5, 9]},
								"east": {"uv": [38, 9], "uv_size": [5, 9]},
								"south": {"uv": [38, 18], "uv_size": [5, 9]},
								"west": {"uv": [38, 27], "uv_size": [5, 9]},
								"up": {"uv": [51, 5], "uv_size": [5, 5]},
								"down": {"uv": [26, 56], "uv_size": [5, -5]}
							}
						},
						{
							"origin": [4.13066, 23.85045, -2.75],
							"size": [4.925, 0.75, 5.425],
							"pivot": [6.78066, 23.97545, -0.0375],
							"rotation": [0, 0, 7.5],
							"uv": {
								"north": {"uv": [56, 10], "uv_size": [5, 0.5]},
								"east": {"uv": [55, 37], "uv_size": [5.5, 0.5]},
								"south": {"uv": [56, 11], "uv_size": [5, 0.5]},
								"west": {"uv": [39, 55], "uv_size": [5.5, 0.5]},
								"up": {"uv": [47, 46], "uv_size": [5, 5.5]},
								"down": {"uv": [21, 53.5], "uv_size": [5, -5.5]}
							}
						}
					]
				},
				{
					"name": "RightLeg",
					"pivot": [-1.9, 12, 0],
					"cubes": [
						{
							"origin": [-3.92344, 0, -2.02734],
							"size": [4, 12, 4],
							"inflate": 0.25,
							"uv": {
								"north": {"uv": [17, 27], "uv_size": [4, 12]},
								"east": {"uv": [21, 27], "uv_size": [4, 12]},
								"south": {"uv": [25, 27], "uv_size": [4, 12]},
								"west": {"uv": [29, 18], "uv_size": [4, 12]},
								"up": {"uv": [41, 51], "uv_size": [4, 4]},
								"down": {"uv": [52, 14], "uv_size": [4, -4]}
							}
						}
					]
				},
				{
					"name": "LeftLeg",
					"pivot": [1.9, 12, 0],
					"cubes": [
						{
							"origin": [-0.15859, 0, -2.03516],
							"size": [4, 12, 4],
							"inflate": 0.25,
							"uv": {
								"north": {"uv": [0, 30], "uv_size": [4, 12]},
								"east": {"uv": [30, 0], "uv_size": [4, 12]},
								"south": {"uv": [4, 30], "uv_size": [4, 12]},
								"west": {"uv": [29, 30], "uv_size": [4, 12]},
								"up": {"uv": [52, 14], "uv_size": [4, 4]},
								"down": {"uv": [52, 22], "uv_size": [4, -4]}
							}
						}
					]
				}
			]
		}
	]
}
