{
	"format_version": "1.12.0",
	"minecraft:geometry": [
		{
			"description": {
				"identifier": "geometry.british_uniform",
				"texture_width": 128,
				"texture_height": 128,
				"visible_bounds_width": 4,
				"visible_bounds_height": 5,
				"visible_bounds_offset": [0, 1.5, 0]
			},
			"bones": [
				{
					"name": "Head",
					"pivot": [0, 24, 0]
				},
				{
					"name": "Helmet",
					"parent": "Head",
					"pivot": [0, 23.5, 0.5],
					"rotation": [-5, 0, 0],
					"cubes": [
						{
							"origin": [-4.85295, 28.83519, -4.5],
							"size": [9.75, 9.25, 9],
							"pivot": [0.02205, 33.46019, 0],
							"rotation": [0, 0, -90],
							"uv": {
								"north": {"uv": [0, 12], "uv_size": [10, 9]},
								"east": {"uv": [20, 18], "uv_size": [9, 9]},
								"south": {"uv": [10, 12], "uv_size": [10, 9]},
								"west": {"uv": [0, 21], "uv_size": [9, 9]},
								"up": {"uv": [16, 0], "uv_size": [10, 9]},
								"down": {"uv": [20, 18], "uv_size": [10, -9]}
							}
						},
						{
							"origin": [-6.35295, 31.89769, -5],
							"size": [5.375, 4.9375, 0.5],
							"pivot": [-1.47795, 35.83519, -5],
							"rotation": [0, 0, -90],
							"uv": {
								"north": {"uv": [41, 46], "uv_size": [5.5, 5]},
								"east": {"uv": [16, 55], "uv_size": [0.5, 5]},
								"south": {"uv": [47, 0], "uv_size": [5.5, 5]},
								"west": {"uv": [56, 5], "uv_size": [0.5, 5]},
								"up": {"uv": [54, 42], "uv_size": [5.5, 0.5]},
								"down": {"uv": [54, 43.5], "uv_size": [5.5, -0.5]}
							}
						},
						{
							"origin": [-3.72795, 33.71019, -5],
							"size": [1.25, 2.625, 0.5],
							"pivot": [-2.47795, 36.33519, -5],
							"rotation": [0, 0, -107.5],
							"uv": {
								"north": {"uv": [26, 48], "uv_size": [1.5, 2.5]},
								"east": {"uv": [37, 39], "uv_size": [0.5, 2.5]},
								"south": {"uv": [50, 54], "uv_size": [1.5, 2.5]},
								"west": {"uv": [12, 42], "uv_size": [0.5, 2.5]},
								"up": {"uv": [45, 51], "uv_size": [1.5, 0.5]},
								"down": {"uv": [57, 36.5], "uv_size": [1.5, -0.5]}
							}
						},
						{
							"origin": [2.47795, 33.77269, -5],
							"size": [1.25, 2.5625, 0.5],
							"pivot": [2.47795, 36.33519, -5],
							"rotation": [0, 0, 107.5],
							"uv": {
								"north": {"uv": [52, 54], "uv_size": [1.5, 2.5]},
								"east": {"uv": [28, 48], "uv_size": [0.5, 2.5]},
								"south": {"uv": [54, 52], "uv_size": [1.5, 2.5]},
								"west": {"uv": [43, 56], "uv_size": [0.5, 2.5]},
								"up": {"uv": [57, 41], "uv_size": [1.5, 0.5]},
								"down": {"uv": [52, 57.5], "uv_size": [1.5, -0.5]}
							}
						},
						{
							"origin": [2.45955, 30.96019, -5],
							"size": [1.25, 2.5625, 0.5],
							"pivot": [2.45955, 30.96019, -5],
							"rotation": [0, 0, -107.5],
							"uv": {
								"north": {"uv": [12, 55], "uv_size": [1.5, 2.5]},
								"east": {"uv": [44, 56], "uv_size": [0.5, 2.5]},
								"south": {"uv": [14, 55], "uv_size": [1.5, 2.5]},
								"west": {"uv": [4, 57], "uv_size": [0.5, 2.5]},
								"up": {"uv": [54, 57], "uv_size": [1.5, 0.5]},
								"down": {"uv": [56, 57.5], "uv_size": [1.5, -0.5]}
							}
						},
						{
							"origin": [-3.70955, 30.96019, -5],
							"size": [1.25, 2.5625, 0.5],
							"pivot": [-2.45955, 30.96019, -5],
							"rotation": [0, 0, 107.5],
							"uv": {
								"north": {"uv": [55, 34], "uv_size": [1.5, 2.5]},
								"east": {"uv": [5, 57], "uv_size": [0.5, 2.5]},
								"south": {"uv": [37, 55], "uv_size": [1.5, 2.5]},
								"west": {"uv": [57, 38], "uv_size": [0.5, 2.5]},
								"up": {"uv": [0, 58], "uv_size": [1.5, 0.5]},
								"down": {"uv": [2, 58.5], "uv_size": [1.5, -0.5]}
							}
						},
						{
							"origin": [-0.22795, 24.08395, -5.76632],
							"size": [0.5, 9.25, 1.375],
							"pivot": [0.02205, 28.70895, -5.95382],
							"rotation": [0, 5, -90],
							"uv": {
								"north": {"uv": [25, 54], "uv_size": [0.5, 9]},
								"east": {"uv": [10, 51], "uv_size": [1.5, 9]},
								"south": {"uv": [49, 54], "uv_size": [0.5, 9]},
								"west": {"uv": [31, 51], "uv_size": [1.5, 9]},
								"up": {"uv": [50, 57], "uv_size": [0.5, 1.5]},
								"down": {"uv": [51, 58.5], "uv_size": [0.5, -1.5]}
							}
						},
						{
							"origin": [-0.39628, 26.02383, -5.81611],
							"size": [0.875, 6.75, 1.5],
							"pivot": [0.04122, 29.39883, -5.75361],
							"rotation": [0, 5, -90],
							"uv": {
								"north": {"uv": [23, 54], "uv_size": [1, 6.5]},
								"east": {"uv": [33, 52], "uv_size": [1.5, 6.5]},
								"south": {"uv": [24, 54], "uv_size": [1, 6.5]},
								"west": {"uv": [35, 52], "uv_size": [1.5, 6.5]},
								"up": {"uv": [19, 25], "uv_size": [1, 1.5]},
								"down": {"uv": [8, 31.5], "uv_size": [1, -1.5]}
							}
						},
						{
							"origin": [4.02205, 28.8545, -5.78359],
							"size": [0.625, 1.5, 1.5],
							"pivot": [4.64705, 28.8545, -7.15859],
							"rotation": [2.5, 5, -55],
							"uv": {
								"north": {"uv": [6, 58], "uv_size": [0.5, 1.5]},
								"east": {"uv": [43, 34], "uv_size": [1.5, 1.5]},
								"south": {"uv": [7, 58], "uv_size": [0.5, 1.5]},
								"west": {"uv": [6, 56], "uv_size": [1.5, 1.5]},
								"up": {"uv": [8, 58], "uv_size": [0.5, 1.5]},
								"down": {"uv": [9, 59.5], "uv_size": [0.5, -1.5]}
							}
						},
						{
							"origin": [-4.58341, 28.84187, -5.78229],
							"size": [0.625, 1.5, 1.5],
							"pivot": [-4.58341, 28.84187, -7.15729],
							"rotation": [2.5, -5, 55],
							"uv": {
								"north": {"uv": [12, 58], "uv_size": [0.5, 1.5]},
								"east": {"uv": [8, 56], "uv_size": [1.5, 1.5]},
								"south": {"uv": [13, 58], "uv_size": [0.5, 1.5]},
								"west": {"uv": [56, 14], "uv_size": [1.5, 1.5]},
								"up": {"uv": [14, 58], "uv_size": [0.5, 1.5]},
								"down": {"uv": [58, 15.5], "uv_size": [0.5, -1.5]}
							}
						},
						{
							"origin": [-0.5, 37.37119, -5.08716],
							"size": [1, 1, 0.625],
							"uv": {
								"north": {"uv": [8, 32], "uv_size": [1, 1]},
								"east": {"uv": [45, 35], "uv_size": [0.5, 1]},
								"south": {"uv": [32, 16], "uv_size": [1, 1]},
								"west": {"uv": [15, 58], "uv_size": [0.5, 1]},
								"up": {"uv": [37, 58], "uv_size": [1, 0.5]},
								"down": {"uv": [38, 58.5], "uv_size": [1, -0.5]}
							}
						},
						{
							"origin": [-0.5, 38.37119, -5.08716],
							"size": [1, 3.75, 0.625],
							"uv": {
								"north": {"uv": [19, 21], "uv_size": [1, 4]},
								"east": {"uv": [48, 38], "uv_size": [0.5, 4]},
								"south": {"uv": [32, 12], "uv_size": [1, 4]},
								"west": {"uv": [56, 16], "uv_size": [0.5, 4]},
								"up": {"uv": [58, 38], "uv_size": [1, 0.5]},
								"down": {"uv": [58, 39.5], "uv_size": [1, -0.5]}
							}
						},
						{
							"origin": [0.125, 38.37119, -5.08716],
							"size": [0.375, 3.75, 0.625],
							"pivot": [0.5, 38.37119, -5.08716],
							"rotation": [0, 0, 5],
							"uv": {
								"north": {"uv": [17, 56], "uv_size": [0.5, 4]},
								"east": {"uv": [18, 56], "uv_size": [0.5, 4]},
								"south": {"uv": [19, 56], "uv_size": [0.5, 4]},
								"west": {"uv": [20, 56], "uv_size": [0.5, 4]},
								"up": {"uv": [53, 58], "uv_size": [0.5, 0.5]},
								"down": {"uv": [54, 58.5], "uv_size": [0.5, -0.5]}
							}
						},
						{
							"origin": [-0.5, 38.37119, -5.08716],
							"size": [0.375, 3.75, 0.625],
							"pivot": [-0.5, 38.37119, -5.08716],
							"rotation": [0, 0, -5],
							"uv": {
								"north": {"uv": [21, 56], "uv_size": [0.5, 4]},
								"east": {"uv": [22, 56], "uv_size": [0.5, 4]},
								"south": {"uv": [26, 56], "uv_size": [0.5, 4]},
								"west": {"uv": [27, 56], "uv_size": [0.5, 4]},
								"up": {"uv": [55, 58], "uv_size": [0.5, 0.5]},
								"down": {"uv": [56, 58.5], "uv_size": [0.5, -0.5]}
							}
						}
					]
				},
				{
					"name": "Body",
					"pivot": [0, 24, 0],
					"cubes": [
						{
							"origin": [-4.125, 7.16339, 2.529],
							"size": [3.75, 0.625, 0],
							"inflate": 0.25,
							"pivot": [-4.375, 6.91339, 2.77775],
							"rotation": [4.88206, -1.08089, 12.45392],
							"uv": {
								"north": {"uv": [56, 20], "uv_size": [3.5, 0.5]},
								"east": {"uv": [56, 20], "uv_size": [3.5, 0.5]},
								"south": {"uv": [56, 20], "uv_size": [3.5, 0.5]},
								"west": {"uv": [56, 20], "uv_size": [3.5, 0.5]},
								"up": {"uv": [59.5, 20.5], "uv_size": [-3.5, -0.5]},
								"down": {"uv": [59.5, 20.5], "uv_size": [-3.5, -0.5]}
							}
						},
						{
							"origin": [0.375, 7.16339, 2.529],
							"size": [3.75, 0.625, 0],
							"inflate": 0.25,
							"pivot": [4.375, 6.91339, 2.77775],
							"rotation": [4.88206, 1.08089, -12.45392],
							"uv": {
								"north": {"uv": [57, 35], "uv_size": [3.5, 0.5]},
								"east": {"uv": [57, 35], "uv_size": [3.5, 0.5]},
								"south": {"uv": [57, 35], "uv_size": [3.5, 0.5]},
								"west": {"uv": [57, 35], "uv_size": [3.5, 0.5]},
								"up": {"uv": [60.5, 35.5], "uv_size": [-3.5, -0.5]},
								"down": {"uv": [60.5, 35.5], "uv_size": [-3.5, -0.5]}
							}
						},
						{
							"origin": [-4.125, 7.125, 2.39844],
							"size": [8.25, 6.125, 0],
							"inflate": 0.25,
							"pivot": [0, 8.375, 2.27344],
							"rotation": [5, 0, 0],
							"uv": {
								"north": {"uv": [38, 36], "uv_size": [8, 5.5]},
								"east": {"uv": [0, 0], "uv_size": [0, 5.5]},
								"south": {"uv": [39, 0], "uv_size": [8, 5.5]},
								"west": {"uv": [0, 0], "uv_size": [0, 5.5]},
								"up": {"uv": [0, 0], "uv_size": [8, 0]},
								"down": {"uv": [0, 0], "uv_size": [8, 0]}
							}
						},
						{
							"origin": [-4, 12, -2.10156],
							"size": [8, 12, 4],
							"inflate": 0.25,
							"uv": {
								"north": {"uv": [0, 0], "uv_size": [8, 12]},
								"east": {"uv": [9, 21], "uv_size": [4, 12]},
								"south": {"uv": [8, 0], "uv_size": [8, 12]},
								"west": {"uv": [13, 21], "uv_size": [4, 12]},
								"up": {"uv": [41, 42], "uv_size": [8, 4]},
								"down": {"uv": [43, 10], "uv_size": [8, -4]}
							}
						},
						{
							"origin": [-1.5, 23.25, -2.35156],
							"size": [3.5, 0, 0],
							"inflate": 0.25,
							"uv": {
								"north": {"uv": [56, 21], "uv_size": [3.5, 0.5]},
								"east": {"uv": [56, 21], "uv_size": [3.5, 0.5]},
								"south": {"uv": [56, 21], "uv_size": [3.5, 0.5]},
								"west": {"uv": [56, 21], "uv_size": [3.5, 0.5]},
								"up": {"uv": [59.5, 21.5], "uv_size": [-3.5, -0.5]},
								"down": {"uv": [59.5, 21.5], "uv_size": [-3.5, -0.5]}
							}
						},
						{
							"origin": [-1.5, 22.5, -2.35156],
							"size": [3.5, 0, 0],
							"inflate": 0.25,
							"uv": {
								"north": {"uv": [56, 53], "uv_size": [3.5, 0.5]},
								"east": {"uv": [56, 53], "uv_size": [3.5, 0.5]},
								"south": {"uv": [56, 53], "uv_size": [3.5, 0.5]},
								"west": {"uv": [56, 53], "uv_size": [3.5, 0.5]},
								"up": {"uv": [59.5, 53.5], "uv_size": [-3.5, -0.5]},
								"down": {"uv": [59.5, 53.5], "uv_size": [-3.5, -0.5]}
							}
						},
						{
							"origin": [-1.5, 19.875, -2.35156],
							"size": [3.5, 0, 0],
							"inflate": 0.25,
							"uv": {
								"north": {"uv": [56, 54], "uv_size": [3.5, 0.5]},
								"east": {"uv": [56, 54], "uv_size": [3.5, 0.5]},
								"south": {"uv": [56, 54], "uv_size": [3.5, 0.5]},
								"west": {"uv": [56, 54], "uv_size": [3.5, 0.5]},
								"up": {"uv": [59.5, 54.5], "uv_size": [-3.5, -0.5]},
								"down": {"uv": [59.5, 54.5], "uv_size": [-3.5, -0.5]}
							}
						},
						{
							"origin": [-1.5, 16.5, -2.35156],
							"size": [3.5, 0, 0],
							"inflate": 0.25,
							"uv": {
								"north": {"uv": [57, 4], "uv_size": [3.5, 0.5]},
								"east": {"uv": [57, 4], "uv_size": [3.5, 0.5]},
								"south": {"uv": [57, 4], "uv_size": [3.5, 0.5]},
								"west": {"uv": [57, 4], "uv_size": [3.5, 0.5]},
								"up": {"uv": [60.5, 4.5], "uv_size": [-3.5, -0.5]},
								"down": {"uv": [60.5, 4.5], "uv_size": [-3.5, -0.5]}
							}
						},
						{
							"origin": [-1.5, 19.125, -2.35156],
							"size": [3.5, 0, 0],
							"inflate": 0.25,
							"uv": {
								"north": {"uv": [57, 6], "uv_size": [3.5, 0.5]},
								"east": {"uv": [57, 6], "uv_size": [3.5, 0.5]},
								"south": {"uv": [57, 6], "uv_size": [3.5, 0.5]},
								"west": {"uv": [57, 6], "uv_size": [3.5, 0.5]},
								"up": {"uv": [60.5, 6.5], "uv_size": [-3.5, -0.5]},
								"down": {"uv": [60.5, 6.5], "uv_size": [-3.5, -0.5]}
							}
						},
						{
							"origin": [-1.5, 15.75, -2.35156],
							"size": [3.5, 0, 0],
							"inflate": 0.25,
							"uv": {
								"north": {"uv": [57, 8], "uv_size": [3.5, 0.5]},
								"east": {"uv": [57, 8], "uv_size": [3.5, 0.5]},
								"south": {"uv": [57, 8], "uv_size": [3.5, 0.5]},
								"west": {"uv": [57, 8], "uv_size": [3.5, 0.5]},
								"up": {"uv": [60.5, 8.5], "uv_size": [-3.5, -0.5]},
								"down": {"uv": [60.5, 8.5], "uv_size": [-3.5, -0.5]}
							}
						},
						{
							"origin": [-1.5, 13.375, -2.35156],
							"size": [3.5, 0, 0],
							"inflate": 0.25,
							"uv": {
								"north": {"uv": [57, 16], "uv_size": [3.5, 0.5]},
								"east": {"uv": [57, 16], "uv_size": [3.5, 0.5]},
								"south": {"uv": [57, 16], "uv_size": [3.5, 0.5]},
								"west": {"uv": [57, 16], "uv_size": [3.5, 0.5]},
								"up": {"uv": [60.5, 16.5], "uv_size": [-3.5, -0.5]},
								"down": {"uv": [60.5, 16.5], "uv_size": [-3.5, -0.5]}
							}
						},
						{
							"origin": [-1.5, 12.5, -2.22656],
							"size": [3.5, 0, 0],
							"inflate": 0.25,
							"uv": {
								"north": {"uv": [57, 18], "uv_size": [3.5, 0.5]},
								"east": {"uv": [57, 18], "uv_size": [3.5, 0.5]},
								"south": {"uv": [57, 18], "uv_size": [3.5, 0.5]},
								"west": {"uv": [57, 18], "uv_size": [3.5, 0.5]},
								"up": {"uv": [60.5, 18.5], "uv_size": [-3.5, -0.5]},
								"down": {"uv": [60.5, 18.5], "uv_size": [-3.5, -0.5]}
							}
						},
						{
							"origin": [-5.8125, 19.5, -2.625],
							"size": [11.875, 1, 0],
							"inflate": 0.25,
							"pivot": [-0.25, 20, -2.625],
							"rotation": [0, 0, 45],
							"uv": {
								"north": {"uv": [52, 46], "uv_size": [12, 1]},
								"east": {"uv": [52, 46], "uv_size": [12, 1]},
								"south": {"uv": [52, 46], "uv_size": [12, 1]},
								"west": {"uv": [52, 46], "uv_size": [12, 1]},
								"up": {"uv": [64, 47], "uv_size": [-12, -1]},
								"down": {"uv": [64, 47], "uv_size": [-12, -1]}
							}
						},
						{
							"origin": [-0.4375, 19.5, -2.875],
							"size": [1, 1, 0],
							"inflate": 0.25,
							"pivot": [-0.25, 20, -2.875],
							"rotation": [0, 0, 45],
							"uv": {
								"north": {"uv": [32, 17], "uv_size": [1, 1]},
								"east": {"uv": [32, 17], "uv_size": [1, 1]},
								"south": {"uv": [32, 17], "uv_size": [1, 1]},
								"west": {"uv": [32, 17], "uv_size": [1, 1]},
								"up": {"uv": [33, 18], "uv_size": [-1, -1]},
								"down": {"uv": [33, 18], "uv_size": [-1, -1]}
							}
						},
						{
							"origin": [-6.0625, 19.5, -2.625],
							"size": [11.875, 1, 0],
							"inflate": 0.25,
							"pivot": [0.25, 20, -2.625],
							"rotation": [0, 0, -45],
							"uv": {
								"north": {"uv": [53, 0], "uv_size": [12, 1]},
								"east": {"uv": [53, 0], "uv_size": [12, 1]},
								"south": {"uv": [53, 0], "uv_size": [12, 1]},
								"west": {"uv": [53, 0], "uv_size": [12, 1]},
								"up": {"uv": [65, 1], "uv_size": [-12, -1]},
								"down": {"uv": [65, 1], "uv_size": [-12, -1]}
							}
						},
						{
							"origin": [-5.8125, 19.5, 2.375],
							"size": [11.875, 1, 0],
							"inflate": 0.25,
							"pivot": [-0.25, 20, 2.375],
							"rotation": [0, 0, 45],
							"uv": {
								"north": {"uv": [52, 49], "uv_size": [12, 1]},
								"east": {"uv": [52, 49], "uv_size": [12, 1]},
								"south": {"uv": [52, 49], "uv_size": [12, 1]},
								"west": {"uv": [52, 49], "uv_size": [12, 1]},
								"up": {"uv": [64, 50], "uv_size": [-12, -1]},
								"down": {"uv": [64, 50], "uv_size": [-12, -1]}
							}
						},
						{
							"origin": [-6.0625, 19.5, 2.375],
							"size": [11.875, 1, 0],
							"inflate": 0.25,
							"pivot": [0.25, 20, 2.375],
							"rotation": [0, 0, -45],
							"uv": {
								"north": {"uv": [52, 51], "uv_size": [12, 1]},
								"east": {"uv": [52, 51], "uv_size": [12, 1]},
								"south": {"uv": [52, 51], "uv_size": [12, 1]},
								"west": {"uv": [52, 51], "uv_size": [12, 1]},
								"up": {"uv": [64, 52], "uv_size": [-12, -1]},
								"down": {"uv": [64, 52], "uv_size": [-12, -1]}
							}
						},
						{
							"origin": [-5.8125, 19.5, -2.125],
							"size": [0.25, 1, 4],
							"inflate": 0.25,
							"pivot": [-0.25, 20, -2.125],
							"rotation": [0, 0, 45],
							"uv": {
								"north": {"uv": [58, 40], "uv_size": [0.5, 1]},
								"east": {"uv": [16, 11], "uv_size": [4, 1]},
								"south": {"uv": [58, 44], "uv_size": [0.5, 1]},
								"west": {"uv": [34, 11], "uv_size": [4, 1]},
								"up": {"uv": [28, 56], "uv_size": [0.5, 4]},
								"down": {"uv": [29, 60], "uv_size": [0.5, -4]}
							}
						},
						{
							"origin": [5.5625, 19.5, -2.125],
							"size": [0.25, 1, 4],
							"inflate": 0.25,
							"pivot": [0.25, 20, -2.125],
							"rotation": [0, 0, -45],
							"uv": {
								"north": {"uv": [48, 58], "uv_size": [0.5, 1]},
								"east": {"uv": [21, 47], "uv_size": [4, 1]},
								"south": {"uv": [52, 58], "uv_size": [0.5, 1]},
								"west": {"uv": [53, 4], "uv_size": [4, 1]},
								"up": {"uv": [41, 56], "uv_size": [0.5, 4]},
								"down": {"uv": [42, 60], "uv_size": [0.5, -4]}
							}
						},
						{
							"origin": [5.5625, 19, -2.125],
							"size": [0.25, 1, 4],
							"inflate": 0.25,
							"pivot": [0.25, 19.5, -2.125],
							"rotation": [0, 0, 45],
							"uv": {
								"north": {"uv": [45, 58], "uv_size": [0.5, 1]},
								"east": {"uv": [39, 8], "uv_size": [4, 1]},
								"south": {"uv": [58, 45], "uv_size": [0.5, 1]},
								"west": {"uv": [21, 45], "uv_size": [4, 1]},
								"up": {"uv": [30, 56], "uv_size": [0.5, 4]},
								"down": {"uv": [56, 42], "uv_size": [0.5, -4]}
							}
						},
						{
							"origin": [-5.8125, 19, -2.125],
							"size": [0.25, 1, 4],
							"inflate": 0.25,
							"pivot": [-0.25, 19.5, -2.125],
							"rotation": [0, 0, -45],
							"uv": {
								"north": {"uv": [46, 58], "uv_size": [0.5, 1]},
								"east": {"uv": [21, 46], "uv_size": [4, 1]},
								"south": {"uv": [47, 58], "uv_size": [0.5, 1]},
								"west": {"uv": [47, 5], "uv_size": [4, 1]},
								"up": {"uv": [39, 56], "uv_size": [0.5, 4]},
								"down": {"uv": [40, 60], "uv_size": [0.5, -4]}
							}
						}
					]
				},
				{
					"name": "Backpack",
					"parent": "Body",
					"pivot": [0.1375, 24.025, 3.85],
					"cubes": [
						{
							"origin": [-4.27625, 24.27655, 2.2275],
							"size": [8.8, 1.3669, 3.3],
							"pivot": [-0.01375, 24.96, 3.8775],
							"rotation": [-45, 0, 0],
							"uv": {
								"north": {"uv": [49, 44], "uv_size": [9, 1.5]},
								"east": {"uv": [16, 9], "uv_size": [3.5, 1.5]},
								"south": {"uv": [52, 22], "uv_size": [9, 1.5]},
								"west": {"uv": [34, 9], "uv_size": [3.5, 1.5]},
								"up": {"uv": [43, 10], "uv_size": [9, 3.5]},
								"down": {"uv": [43, 17.5], "uv_size": [9, -3.5]}
							}
						},
						{
							"origin": [-4.27625, 24.27655, 2.2275],
							"size": [8.8, 1.3669, 3.3],
							"uv": {
								"north": {"uv": [52, 24], "uv_size": [9, 1.5]},
								"east": {"uv": [13, 37], "uv_size": [3.5, 1.5]},
								"south": {"uv": [52, 26], "uv_size": [9, 1.5]},
								"west": {"uv": [39, 6], "uv_size": [3.5, 1.5]},
								"up": {"uv": [43, 18], "uv_size": [9, 3.5]},
								"down": {"uv": [43, 25.5], "uv_size": [9, -3.5]}
							}
						},
						{
							"origin": [-4.27625, 23.31, 3.19405],
							"size": [8.8, 3.3, 1.3669],
							"pivot": [-0.01375, 24.96, 3.8775],
							"rotation": [-45, 0, 0],
							"uv": {
								"north": {"uv": [43, 26], "uv_size": [9, 3.5]},
								"east": {"uv": [46, 38], "uv_size": [1.5, 3.5]},
								"south": {"uv": [43, 30], "uv_size": [9, 3.5]},
								"west": {"uv": [54, 38], "uv_size": [1.5, 3.5]},
								"up": {"uv": [52, 28], "uv_size": [9, 1.5]},
								"down": {"uv": [52, 31.5], "uv_size": [9, -1.5]}
							}
						},
						{
							"origin": [-4.27625, 23.31, 3.19405],
							"size": [8.8, 3.3, 1.3669],
							"uv": {
								"north": {"uv": [12, 45], "uv_size": [9, 3.5]},
								"east": {"uv": [45, 54], "uv_size": [1.5, 3.5]},
								"south": {"uv": [46, 34], "uv_size": [9, 3.5]},
								"west": {"uv": [47, 54], "uv_size": [1.5, 3.5]},
								"up": {"uv": [52, 32], "uv_size": [9, 1.5]},
								"down": {"uv": [45, 53.5], "uv_size": [9, -1.5]}
							}
						},
						{
							"origin": [-3, 17.26, 2.64405],
							"size": [6, 6.05, 2.1919],
							"uv": {
								"north": {"uv": [13, 39], "uv_size": [6, 6]},
								"east": {"uv": [17, 21], "uv_size": [2, 6]},
								"south": {"uv": [19, 39], "uv_size": [6, 6]},
								"west": {"uv": [30, 12], "uv_size": [2, 6]},
								"up": {"uv": [53, 2], "uv_size": [6, 2]},
								"down": {"uv": [17, 56], "uv_size": [6, -2]}
							}
						}
					]
				},
				{
					"name": "RightArm",
					"pivot": [-5.5, 22, 0],
					"cubes": [
						{
							"origin": [-9.05, 15.25, -2.5],
							"size": [4.95, 9, 4.8],
							"uv": {
								"north": {"uv": [8, 33], "uv_size": [5, 9]},
								"east": {"uv": [33, 12], "uv_size": [5, 9]},
								"south": {"uv": [33, 21], "uv_size": [5, 9]},
								"west": {"uv": [33, 30], "uv_size": [5, 9]},
								"up": {"uv": [0, 51], "uv_size": [5, 5]},
								"down": {"uv": [5, 56], "uv_size": [5, -5]}
							}
						},
						{
							"origin": [-9.05566, 23.85045, -2.75],
							"size": [4.925, 0.75, 5.425],
							"pivot": [-6.78066, 23.97545, -0.0375],
							"rotation": [0, 0, -7.5],
							"uv": {
								"north": {"uv": [56, 12], "uv_size": [5, 0.5]},
								"east": {"uv": [54, 55], "uv_size": [5.5, 0.5]},
								"south": {"uv": [56, 13], "uv_size": [5, 0.5]},
								"west": {"uv": [0, 56], "uv_size": [5.5, 0.5]},
								"up": {"uv": [12, 49], "uv_size": [5, 5.5]},
								"down": {"uv": [49, 43.5], "uv_size": [5, -5.5]}
							}
						},
						{
							"origin": [-8.63281, 13.375, -2.07812],
							"size": [4, 8.5, 4],
							"inflate": 0.25,
							"uv": {
								"north": {"uv": [26, 0], "uv_size": [4, 8.5]},
								"east": {"uv": [25, 39], "uv_size": [4, 8.5]},
								"south": {"uv": [33, 39], "uv_size": [4, 8.5]},
								"west": {"uv": [0, 42], "uv_size": [4, 8.5]},
								"up": {"uv": [13, 33], "uv_size": [4, 4]},
								"down": {"uv": [33, 52], "uv_size": [4, -4]}
							}
						}
					]
				},
				{
					"name": "LeftArm",
					"pivot": [5.5, 22, 0],
					"cubes": [
						{
							"origin": [4.58984, 13.375, -2.07031],
							"size": [4, 8.5, 4],
							"inflate": 0.25,
							"uv": {
								"north": {"uv": [4, 42], "uv_size": [4, 8.5]},
								"east": {"uv": [8, 42], "uv_size": [4, 8.5]},
								"south": {"uv": [29, 42], "uv_size": [4, 8.5]},
								"west": {"uv": [37, 42], "uv_size": [4, 8.5]},
								"up": {"uv": [17, 49], "uv_size": [4, 4]},
								"down": {"uv": [37, 55], "uv_size": [4, -4]}
							}
						},
						{
							"origin": [4.1, 15.25, -2.5],
							"size": [4.8, 9, 4.8],
							"uv": {
								"north": {"uv": [34, 0], "uv_size": [5, 9]},
								"east": {"uv": [38, 9], "uv_size": [5, 9]},
								"south": {"uv": [38, 18], "uv_size": [5, 9]},
								"west": {"uv": [38, 27], "uv_size": [5, 9]},
								"up": {"uv": [51, 5], "uv_size": [5, 5]},
								"down": {"uv": [26, 56], "uv_size": [5, -5]}
							}
						},
						{
							"origin": [4.13066, 23.85045, -2.75],
							"size": [4.925, 0.75, 5.425],
							"pivot": [6.78066, 23.97545, -0.0375],
							"rotation": [0, 0, 7.5],
							"uv": {
								"north": {"uv": [56, 10], "uv_size": [5, 0.5]},
								"east": {"uv": [55, 37], "uv_size": [5.5, 0.5]},
								"south": {"uv": [56, 11], "uv_size": [5, 0.5]},
								"west": {"uv": [39, 55], "uv_size": [5.5, 0.5]},
								"up": {"uv": [47, 46], "uv_size": [5, 5.5]},
								"down": {"uv": [21, 53.5], "uv_size": [5, -5.5]}
							}
						}
					]
				},
				{
					"name": "RightLeg",
					"pivot": [-1.9, 12, 0],
					"cubes": [
						{
							"origin": [-3.92344, 0, -2.02734],
							"size": [4, 12, 4],
							"inflate": 0.25,
							"uv": {
								"north": {"uv": [17, 27], "uv_size": [4, 12]},
								"east": {"uv": [21, 27], "uv_size": [4, 12]},
								"south": {"uv": [25, 27], "uv_size": [4, 12]},
								"west": {"uv": [29, 18], "uv_size": [4, 12]},
								"up": {"uv": [41, 51], "uv_size": [4, 4]},
								"down": {"uv": [52, 14], "uv_size": [4, -4]}
							}
						}
					]
				},
				{
					"name": "LeftLeg",
					"pivot": [1.9, 12, 0],
					"cubes": [
						{
							"origin": [-0.15859, 0, -2.03516],
							"size": [4, 12, 4],
							"inflate": 0.25,
							"uv": {
								"north": {"uv": [0, 30], "uv_size": [4, 12]},
								"east": {"uv": [30, 0], "uv_size": [4, 12]},
								"south": {"uv": [4, 30], "uv_size": [4, 12]},
								"west": {"uv": [29, 30], "uv_size": [4, 12]},
								"up": {"uv": [52, 14], "uv_size": [4, 4]},
								"down": {"uv": [52, 22], "uv_size": [4, -4]}
							}
						}
					]
				}
			]
		}
	]
}
