{
	"format_version": "1.12.0",
	"minecraft:geometry": [
		{
			"description": {
				"identifier": "geometry.britishartillery_uniform",
				"texture_width": 128,
				"texture_height": 128,
				"visible_bounds_width": 4,
				"visible_bounds_height": 5,
				"visible_bounds_offset": [0, 1.5, 0]
			},
			"bones": [
				{
					"name": "bb_main",
					"pivot": [0, 0, 0],
					"cubes": [
						{
							"origin": [-0.20308, 24.40589, -6.97081],
							"size": [0.5, 9.25, 3.5],
							"pivot": [0.04692, 29.03089, -5.22081],
							"rotation": [0, 17.5, -90],
							"uv": {
								"north": {"uv": [4, 63], "uv_size": [0.5, 9.5]},
								"east": {"uv": [40, 48], "uv_size": [3.5, 9.5]},
								"south": {"uv": [5, 63], "uv_size": [0.5, 9.5]},
								"west": {"uv": [5, 49], "uv_size": [3.5, 9.5]},
								"up": {"uv": [35, 15], "uv_size": [0.5, 3.5]},
								"down": {"uv": [23, 57.5], "uv_size": [0.5, -3.5]}
							}
						}
					]
				},
				{
					"name": "Head",
					"pivot": [0, 24, 0]
				},
				{
					"name": "Helmet",
					"parent": "Head",
					"pivot": [0, 23.5, 0.5],
					"rotation": [-5, 0, 0],
					"cubes": [
						{
							"origin": [-4.85295, 28.83519, -4.375],
							"size": [5.125, 9.25, 8.875],
							"pivot": [0.02205, 33.46019, 0],
							"rotation": [0, 0, -90],
							"uv": {
								"north": {"uv": [44, 44], "uv_size": [5, 9]},
								"east": {"uv": [7, 22], "uv_size": [9, 9]},
								"south": {"uv": [16, 46], "uv_size": [5, 9]},
								"west": {"uv": [26, 0], "uv_size": [9, 9]},
								"up": {"uv": [47, 0], "uv_size": [5, 9]},
								"down": {"uv": [0, 58], "uv_size": [5, -9]}
							}
						},
						{
							"origin": [-4.85576, 28.58519, -4.56432],
							"size": [0.875, 9.75, 9.375],
							"pivot": [0.02205, 33.46019, 0],
							"rotation": [0, 0, -90],
							"uv": {
								"north": {"uv": [20, 55], "uv_size": [1, 10]},
								"east": {"uv": [0, 12], "uv_size": [9.5, 10]},
								"south": {"uv": [50, 56], "uv_size": [1, 10]},
								"west": {"uv": [10, 12], "uv_size": [9.5, 10]},
								"up": {"uv": [15, 58], "uv_size": [1, 9.5]},
								"down": {"uv": [8, 68.5], "uv_size": [1, -9.5]}
							}
						},
						{
							"origin": [-3.85105, 28.58519, -4.58142],
							"size": [2.125, 9.75, 9.375],
							"pivot": [0.02205, 33.46019, 0],
							"rotation": [0, 0, -90],
							"uv": {
								"north": {"uv": [53, 49], "uv_size": [2, 10]},
								"east": {"uv": [16, 0], "uv_size": [9.5, 10]},
								"south": {"uv": [51, 53], "uv_size": [2, 10]},
								"west": {"uv": [20, 10], "uv_size": [9.5, 10]},
								"up": {"uv": [21, 54], "uv_size": [2, 9.5]},
								"down": {"uv": [16, 64.5], "uv_size": [2, -9.5]}
							}
						},
						{
							"origin": [1.63944, 27.25073, -2.28293],
							"size": [2.25, 9.25, 4.75],
							"pivot": [0.02205, 31.87573, -1.85862],
							"rotation": [0, 0, -90],
							"uv": {
								"north": {"uv": [53, 23], "uv_size": [2.5, 9.5]},
								"east": {"uv": [44, 12], "uv_size": [5, 9.5]},
								"south": {"uv": [53, 33], "uv_size": [2.5, 9.5]},
								"west": {"uv": [44, 22], "uv_size": [5, 9.5]},
								"up": {"uv": [24, 33], "uv_size": [2.5, 5]},
								"down": {"uv": [61, 20], "uv_size": [2.5, -5]}
							}
						},
						{
							"origin": [-3.35814, 37.62945, -2.26735],
							"size": [3.5, 3, 4.75],
							"pivot": [0.02205, 39.12945, 0.10144],
							"rotation": [0, 0, -90],
							"uv": {
								"north": {"uv": [62, 12], "uv_size": [3.5, 3]},
								"east": {"uv": [57, 20], "uv_size": [5, 3]},
								"south": {"uv": [62, 20], "uv_size": [3.5, 3]},
								"west": {"uv": [35, 60], "uv_size": [5, 3]},
								"up": {"uv": [44, 56], "uv_size": [3.5, 5]},
								"down": {"uv": [57, 5], "uv_size": [3.5, -5]}
							}
						},
						{
							"origin": [-6.70036, 34.97734, -6.37889],
							"size": [6.875, 3, 13],
							"pivot": [0.02205, 36.47734, -6.01076],
							"rotation": [0, 0, -90],
							"uv": {
								"north": {"uv": [44, 53], "uv_size": [7, 3]},
								"east": {"uv": [47, 9], "uv_size": [13, 3]},
								"south": {"uv": [53, 46], "uv_size": [7, 3]},
								"west": {"uv": [49, 12], "uv_size": [13, 3]},
								"up": {"uv": [20, 20], "uv_size": [7, 13]},
								"down": {"uv": [0, 35], "uv_size": [7, -13]}
							}
						},
						{
							"origin": [-4.97795, 36.24926, -7.14235],
							"size": [3.5, 3, 4.875],
							"pivot": [-1.47795, 39.24926, -2.26735],
							"rotation": [0, 32.5, -90],
							"uv": {
								"north": {"uv": [62, 42], "uv_size": [3.5, 3]},
								"east": {"uv": [60, 39], "uv_size": [5, 3]},
								"south": {"uv": [55, 62], "uv_size": [3.5, 3]},
								"west": {"uv": [60, 46], "uv_size": [5, 3]},
								"up": {"uv": [57, 15], "uv_size": [3.5, 5]},
								"down": {"uv": [55, 62], "uv_size": [3.5, -5]}
							}
						},
						{
							"origin": [-4.97795, 36.24926, 2.48265],
							"size": [3.5, 3, 4.875],
							"pivot": [-1.47795, 39.24926, 2.48265],
							"rotation": [0, -32.5, -90],
							"uv": {
								"north": {"uv": [62, 61], "uv_size": [3.5, 3]},
								"east": {"uv": [60, 49], "uv_size": [5, 3]},
								"south": {"uv": [0, 63], "uv_size": [3.5, 3]},
								"west": {"uv": [60, 52], "uv_size": [5, 3]},
								"up": {"uv": [0, 58], "uv_size": [3.5, 5]},
								"down": {"uv": [9, 63], "uv_size": [3.5, -5]}
							}
						},
						{
							"origin": [4.64705, 33.71019, -4.31586],
							"size": [2.875, 9.25, 3.625],
							"pivot": [4.64705, 33.71019, -4.31586],
							"rotation": [0, -45, -90],
							"uv": {
								"north": {"uv": [21, 45], "uv_size": [3, 9]},
								"east": {"uv": [35, 0], "uv_size": [3.5, 9]},
								"south": {"uv": [13, 49], "uv_size": [3, 9]},
								"west": {"uv": [9, 49], "uv_size": [3.5, 9]},
								"up": {"uv": [61, 35], "uv_size": [3, 3.5]},
								"down": {"uv": [44, 64.5], "uv_size": [3, -3.5]}
							}
						},
						{
							"origin": [4.64705, 33.71019, 0.875],
							"size": [2.875, 9.25, 3.625],
							"pivot": [4.64705, 33.71019, 4.5],
							"rotation": [0, 45, -90],
							"uv": {
								"north": {"uv": [24, 50], "uv_size": [3, 9]},
								"east": {"uv": [49, 23], "uv_size": [3.5, 9]},
								"south": {"uv": [27, 50], "uv_size": [3, 9]},
								"west": {"uv": [49, 44], "uv_size": [3.5, 9]},
								"up": {"uv": [59, 61], "uv_size": [3, 3.5]},
								"down": {"uv": [40, 65.5], "uv_size": [3, -3.5]}
							}
						},
						{
							"origin": [4.125, 35.02854, -1.74527],
							"size": [1, 1, 0.625],
							"pivot": [4.625, 35.52854, -1.43277],
							"rotation": [0, -90, 0],
							"uv": {
								"north": {"uv": [35, 19], "uv_size": [1, 1]},
								"east": {"uv": [39, 13], "uv_size": [0.5, 1]},
								"south": {"uv": [39, 12], "uv_size": [1, 1]},
								"west": {"uv": [39, 14], "uv_size": [0.5, 1]},
								"up": {"uv": [20, 45], "uv_size": [1, 0.5]},
								"down": {"uv": [3, 48.5], "uv_size": [1, -0.5]}
							}
						},
						{
							"origin": [4.125, 36.02854, -1.74527],
							"size": [1, 6.5, 0.625],
							"pivot": [4.625, 37.90354, -1.43277],
							"rotation": [0, -90, 0],
							"uv": {
								"north": {"uv": [47, 61], "uv_size": [1, 6.5]},
								"east": {"uv": [6, 63], "uv_size": [0.5, 6.5]},
								"south": {"uv": [43, 62], "uv_size": [1, 6.5]},
								"west": {"uv": [7, 63], "uv_size": [0.5, 6.5]},
								"up": {"uv": [35, 50], "uv_size": [1, 0.5]},
								"down": {"uv": [4, 58.5], "uv_size": [1, -0.5]}
							}
						},
						{
							"origin": [4.3125, 36.02854, -1.55777],
							"size": [0.625, 6.5, 0.625],
							"pivot": [4.9375, 36.02854, -0.93277],
							"rotation": [-5, 0, 0],
							"uv": {
								"north": {"uv": [9, 63], "uv_size": [0.5, 6.5]},
								"east": {"uv": [10, 63], "uv_size": [0.5, 6.5]},
								"south": {"uv": [11, 63], "uv_size": [0.5, 6.5]},
								"west": {"uv": [12, 63], "uv_size": [0.5, 6.5]},
								"up": {"uv": [58, 8], "uv_size": [0.5, 0.5]},
								"down": {"uv": [23, 58.5], "uv_size": [0.5, -0.5]}
							}
						},
						{
							"origin": [4.3125, 36.07212, -1.93467],
							"size": [0.625, 6.5, 0.625],
							"pivot": [4.9375, 36.07212, -1.43467],
							"rotation": [5, 0, 0],
							"uv": {
								"north": {"uv": [23, 63], "uv_size": [0.5, 6.5]},
								"east": {"uv": [24, 63], "uv_size": [0.5, 6.5]},
								"south": {"uv": [25, 63], "uv_size": [0.5, 6.5]},
								"west": {"uv": [26, 63], "uv_size": [0.5, 6.5]},
								"up": {"uv": [29, 64], "uv_size": [0.5, 0.5]},
								"down": {"uv": [30, 64.5], "uv_size": [0.5, -0.5]}
							}
						}
					]
				},
				{
					"name": "Body",
					"pivot": [0, 24, 0],
					"cubes": [
						{
							"origin": [-4.125, 7.16339, 2.529],
							"size": [3.75, 0.625, 0],
							"inflate": 0.25,
							"pivot": [-4.375, 6.91339, 2.77775],
							"rotation": [4.88206, -1.08089, 12.45392],
							"uv": {
								"north": {"uv": [36, 63], "uv_size": [4, 0.5]},
								"east": {"uv": [0, 0], "uv_size": [0, 0.5]},
								"south": {"uv": [64, 16], "uv_size": [4, 0.5]},
								"west": {"uv": [0, 0], "uv_size": [0, 0.5]},
								"up": {"uv": [0, 0], "uv_size": [4, 0]},
								"down": {"uv": [0, 0], "uv_size": [4, 0]}
							}
						},
						{
							"origin": [0.375, 7.16339, 2.529],
							"size": [3.75, 0.625, 0],
							"inflate": 0.25,
							"pivot": [4.375, 6.91339, 2.77775],
							"rotation": [4.88206, 1.08089, -12.45392],
							"uv": {
								"north": {"uv": [64, 17], "uv_size": [4, 0.5]},
								"east": {"uv": [0, 0], "uv_size": [0, 0.5]},
								"south": {"uv": [64, 18], "uv_size": [4, 0.5]},
								"west": {"uv": [0, 0], "uv_size": [0, 0.5]},
								"up": {"uv": [0, 0], "uv_size": [4, 0]},
								"down": {"uv": [0, 0], "uv_size": [4, 0]}
							}
						},
						{
							"origin": [-4.125, 7.125, 2.39844],
							"size": [8.25, 6.125, 0],
							"inflate": 0.25,
							"pivot": [0, 8.375, 2.27344],
							"rotation": [5, 0, 0],
							"uv": {
								"north": {"uv": [30, 9], "uv_size": [8.5, 6]},
								"east": {"uv": [0, 0], "uv_size": [0, 6]},
								"south": {"uv": [7, 31], "uv_size": [8.5, 6]},
								"west": {"uv": [0, 0], "uv_size": [0, 6]},
								"up": {"uv": [0, 0], "uv_size": [8.5, 0]},
								"down": {"uv": [0, 0], "uv_size": [8.5, 0]}
							}
						},
						{
							"origin": [-4, 12, -2.10156],
							"size": [8, 12, 4],
							"inflate": 0.25,
							"uv": {
								"north": {"uv": [0, 0], "uv_size": [8, 12]},
								"east": {"uv": [16, 22], "uv_size": [4, 12]},
								"south": {"uv": [8, 0], "uv_size": [8, 12]},
								"west": {"uv": [20, 33], "uv_size": [4, 12]},
								"up": {"uv": [49, 15], "uv_size": [8, 4]},
								"down": {"uv": [49, 23], "uv_size": [8, -4]}
							}
						},
						{
							"origin": [-3, 23.125, -2.35156],
							"size": [6, 0.25, 0],
							"inflate": 0.25,
							"uv": {
								"north": {"uv": [52, 8], "uv_size": [6, 0.25]},
								"east": {"uv": [52, 8], "uv_size": [6, 0.25]},
								"south": {"uv": [52, 8], "uv_size": [6, 0.25]},
								"west": {"uv": [52, 8], "uv_size": [6, 0.25]},
								"up": {"uv": [58, 8.25], "uv_size": [-6, -0.25]},
								"down": {"uv": [58, 8.25], "uv_size": [-6, -0.25]}
							}
						},
						{
							"origin": [-3, 22.125, -2.35156],
							"size": [6, 0.25, 0],
							"inflate": 0.25,
							"uv": {
								"north": {"uv": [60, 56], "uv_size": [6, 0.5]},
								"east": {"uv": [60, 56], "uv_size": [6, 0.5]},
								"south": {"uv": [60, 56], "uv_size": [6, 0.5]},
								"west": {"uv": [60, 56], "uv_size": [6, 0.5]},
								"up": {"uv": [66, 56.5], "uv_size": [-6, -0.5]},
								"down": {"uv": [66, 56.5], "uv_size": [-6, -0.5]}
							}
						},
						{
							"origin": [-3, 20.875, -2.35156],
							"size": [6, 0.25, 0],
							"inflate": 0.25,
							"uv": {
								"north": {"uv": [61, 7], "uv_size": [6, 0.5]},
								"east": {"uv": [61, 7], "uv_size": [6, 0.5]},
								"south": {"uv": [61, 7], "uv_size": [6, 0.5]},
								"west": {"uv": [61, 7], "uv_size": [6, 0.5]},
								"up": {"uv": [67, 7.5], "uv_size": [-6, -0.5]},
								"down": {"uv": [67, 7.5], "uv_size": [-6, -0.5]}
							}
						},
						{
							"origin": [-3, 17.625, -2.35156],
							"size": [6, 0.25, 0],
							"inflate": 0.25,
							"uv": {
								"north": {"uv": [30, 63], "uv_size": [6, 0.5]},
								"east": {"uv": [30, 63], "uv_size": [6, 0.5]},
								"south": {"uv": [30, 63], "uv_size": [6, 0.5]},
								"west": {"uv": [30, 63], "uv_size": [6, 0.5]},
								"up": {"uv": [36, 63.5], "uv_size": [-6, -0.5]},
								"down": {"uv": [36, 63.5], "uv_size": [-6, -0.5]}
							}
						},
						{
							"origin": [-3, 16.375, -2.35156],
							"size": [6, 0.25, 0],
							"inflate": 0.25,
							"uv": {
								"north": {"uv": [64, 9], "uv_size": [6, 0.5]},
								"east": {"uv": [64, 9], "uv_size": [6, 0.5]},
								"south": {"uv": [64, 9], "uv_size": [6, 0.5]},
								"west": {"uv": [64, 9], "uv_size": [6, 0.5]},
								"up": {"uv": [70, 9.5], "uv_size": [-6, -0.5]},
								"down": {"uv": [70, 9.5], "uv_size": [-6, -0.5]}
							}
						},
						{
							"origin": [-3, 15.375, -2.35156],
							"size": [6, 0.25, 0],
							"inflate": 0.25,
							"uv": {
								"north": {"uv": [64, 11], "uv_size": [6, 0.5]},
								"east": {"uv": [64, 11], "uv_size": [6, 0.5]},
								"south": {"uv": [64, 11], "uv_size": [6, 0.5]},
								"west": {"uv": [64, 11], "uv_size": [6, 0.5]},
								"up": {"uv": [70, 11.5], "uv_size": [-6, -0.5]},
								"down": {"uv": [70, 11.5], "uv_size": [-6, -0.5]}
							}
						},
						{
							"origin": [-2.625, 15.375, -2.60156],
							"size": [0.25, 0.25, 0],
							"inflate": 0.25,
							"uv": {
								"north": {"uv": [59, 8], "uv_size": [0.5, 0.5]},
								"east": {"uv": [59, 8], "uv_size": [0.5, 0.5]},
								"south": {"uv": [59, 8], "uv_size": [0.5, 0.5]},
								"west": {"uv": [59, 8], "uv_size": [0.5, 0.5]},
								"up": {"uv": [59.5, 8.5], "uv_size": [-0.5, -0.5]},
								"down": {"uv": [59.5, 8.5], "uv_size": [-0.5, -0.5]}
							}
						},
						{
							"origin": [2.375, 15.375, -2.60156],
							"size": [0.25, 0.25, 0],
							"inflate": 0.25,
							"uv": {
								"north": {"uv": [39, 64], "uv_size": [0.5, 0.5]},
								"east": {"uv": [39, 64], "uv_size": [0.5, 0.5]},
								"south": {"uv": [39, 64], "uv_size": [0.5, 0.5]},
								"west": {"uv": [39, 64], "uv_size": [0.5, 0.5]},
								"up": {"uv": [39.5, 64.5], "uv_size": [-0.5, -0.5]},
								"down": {"uv": [39.5, 64.5], "uv_size": [-0.5, -0.5]}
							}
						},
						{
							"origin": [-2.625, 18.625, -2.60156],
							"size": [0.25, 0.25, 0],
							"inflate": 0.25,
							"uv": {
								"north": {"uv": [61, 42], "uv_size": [0.5, 0.5]},
								"east": {"uv": [61, 42], "uv_size": [0.5, 0.5]},
								"south": {"uv": [61, 42], "uv_size": [0.5, 0.5]},
								"west": {"uv": [61, 42], "uv_size": [0.5, 0.5]},
								"up": {"uv": [61.5, 42.5], "uv_size": [-0.5, -0.5]},
								"down": {"uv": [61.5, 42.5], "uv_size": [-0.5, -0.5]}
							}
						},
						{
							"origin": [2.375, 18.625, -2.60156],
							"size": [0.25, 0.25, 0],
							"inflate": 0.25,
							"uv": {
								"north": {"uv": [37, 64], "uv_size": [0.5, 0.5]},
								"east": {"uv": [37, 64], "uv_size": [0.5, 0.5]},
								"south": {"uv": [37, 64], "uv_size": [0.5, 0.5]},
								"west": {"uv": [37, 64], "uv_size": [0.5, 0.5]},
								"up": {"uv": [37.5, 64.5], "uv_size": [-0.5, -0.5]},
								"down": {"uv": [37.5, 64.5], "uv_size": [-0.5, -0.5]}
							}
						},
						{
							"origin": [-2.625, 22.125, -2.60156],
							"size": [0.25, 0.25, 0],
							"inflate": 0.25,
							"uv": {
								"north": {"uv": [21, 64], "uv_size": [0.5, 0.5]},
								"east": {"uv": [21, 64], "uv_size": [0.5, 0.5]},
								"south": {"uv": [21, 64], "uv_size": [0.5, 0.5]},
								"west": {"uv": [21, 64], "uv_size": [0.5, 0.5]},
								"up": {"uv": [21.5, 64.5], "uv_size": [-0.5, -0.5]},
								"down": {"uv": [21.5, 64.5], "uv_size": [-0.5, -0.5]}
							}
						},
						{
							"origin": [2.375, 22.125, -2.60156],
							"size": [0.25, 0.25, 0],
							"inflate": 0.25,
							"uv": {
								"north": {"uv": [35, 64], "uv_size": [0.5, 0.5]},
								"east": {"uv": [35, 64], "uv_size": [0.5, 0.5]},
								"south": {"uv": [35, 64], "uv_size": [0.5, 0.5]},
								"west": {"uv": [35, 64], "uv_size": [0.5, 0.5]},
								"up": {"uv": [35.5, 64.5], "uv_size": [-0.5, -0.5]},
								"down": {"uv": [35.5, 64.5], "uv_size": [-0.5, -0.5]}
							}
						},
						{
							"origin": [2.375, 20.875, -2.60156],
							"size": [0.25, 0.25, 0],
							"inflate": 0.25,
							"uv": {
								"north": {"uv": [27, 65], "uv_size": [0.5, 0.5]},
								"east": {"uv": [27, 65], "uv_size": [0.5, 0.5]},
								"south": {"uv": [27, 65], "uv_size": [0.5, 0.5]},
								"west": {"uv": [27, 65], "uv_size": [0.5, 0.5]},
								"up": {"uv": [27.5, 65.5], "uv_size": [-0.5, -0.5]},
								"down": {"uv": [27.5, 65.5], "uv_size": [-0.5, -0.5]}
							}
						},
						{
							"origin": [-2.625, 23.125, -2.60156],
							"size": [0.25, 0.25, 0],
							"inflate": 0.25,
							"uv": {
								"north": {"uv": [27, 64], "uv_size": [0.5, 0.5]},
								"east": {"uv": [27, 64], "uv_size": [0.5, 0.5]},
								"south": {"uv": [27, 64], "uv_size": [0.5, 0.5]},
								"west": {"uv": [27, 64], "uv_size": [0.5, 0.5]},
								"up": {"uv": [27.5, 64.5], "uv_size": [-0.5, -0.5]},
								"down": {"uv": [27.5, 64.5], "uv_size": [-0.5, -0.5]}
							}
						},
						{
							"origin": [2.375, 23.125, -2.60156],
							"size": [0.25, 0.25, 0],
							"inflate": 0.25,
							"uv": {
								"north": {"uv": [33, 64], "uv_size": [0.5, 0.5]},
								"east": {"uv": [33, 64], "uv_size": [0.5, 0.5]},
								"south": {"uv": [33, 64], "uv_size": [0.5, 0.5]},
								"west": {"uv": [33, 64], "uv_size": [0.5, 0.5]},
								"up": {"uv": [33.5, 64.5], "uv_size": [-0.5, -0.5]},
								"down": {"uv": [33.5, 64.5], "uv_size": [-0.5, -0.5]}
							}
						},
						{
							"origin": [-2.625, 19.875, -2.60156],
							"size": [0.25, 0.25, 0],
							"inflate": 0.25,
							"uv": {
								"north": {"uv": [31, 64], "uv_size": [0.5, 0.5]},
								"east": {"uv": [31, 64], "uv_size": [0.5, 0.5]},
								"south": {"uv": [31, 64], "uv_size": [0.5, 0.5]},
								"west": {"uv": [31, 64], "uv_size": [0.5, 0.5]},
								"up": {"uv": [31.5, 64.5], "uv_size": [-0.5, -0.5]},
								"down": {"uv": [31.5, 64.5], "uv_size": [-0.5, -0.5]}
							}
						},
						{
							"origin": [2.375, 19.875, -2.60156],
							"size": [0.25, 0.25, 0],
							"inflate": 0.25,
							"uv": {
								"north": {"uv": [36, 64], "uv_size": [0.5, 0.5]},
								"east": {"uv": [36, 64], "uv_size": [0.5, 0.5]},
								"south": {"uv": [36, 64], "uv_size": [0.5, 0.5]},
								"west": {"uv": [36, 64], "uv_size": [0.5, 0.5]},
								"up": {"uv": [36.5, 64.5], "uv_size": [-0.5, -0.5]},
								"down": {"uv": [36.5, 64.5], "uv_size": [-0.5, -0.5]}
							}
						},
						{
							"origin": [-2.625, 17.625, -2.60156],
							"size": [0.25, 0.25, 0],
							"inflate": 0.25,
							"uv": {
								"north": {"uv": [19, 64], "uv_size": [0.5, 0.5]},
								"east": {"uv": [19, 64], "uv_size": [0.5, 0.5]},
								"south": {"uv": [19, 64], "uv_size": [0.5, 0.5]},
								"west": {"uv": [19, 64], "uv_size": [0.5, 0.5]},
								"up": {"uv": [19.5, 64.5], "uv_size": [-0.5, -0.5]},
								"down": {"uv": [19.5, 64.5], "uv_size": [-0.5, -0.5]}
							}
						},
						{
							"origin": [2.375, 17.625, -2.60156],
							"size": [0.25, 0.25, 0],
							"inflate": 0.25,
							"uv": {
								"north": {"uv": [38, 64], "uv_size": [0.5, 0.5]},
								"east": {"uv": [38, 64], "uv_size": [0.5, 0.5]},
								"south": {"uv": [38, 64], "uv_size": [0.5, 0.5]},
								"west": {"uv": [38, 64], "uv_size": [0.5, 0.5]},
								"up": {"uv": [38.5, 64.5], "uv_size": [-0.5, -0.5]},
								"down": {"uv": [38.5, 64.5], "uv_size": [-0.5, -0.5]}
							}
						},
						{
							"origin": [2.375, 16.375, -2.60156],
							"size": [0.25, 0.25, 0],
							"inflate": 0.25,
							"uv": {
								"north": {"uv": [52, 63], "uv_size": [0.5, 0.5]},
								"east": {"uv": [52, 63], "uv_size": [0.5, 0.5]},
								"south": {"uv": [52, 63], "uv_size": [0.5, 0.5]},
								"west": {"uv": [52, 63], "uv_size": [0.5, 0.5]},
								"up": {"uv": [52.5, 63.5], "uv_size": [-0.5, -0.5]},
								"down": {"uv": [52.5, 63.5], "uv_size": [-0.5, -0.5]}
							}
						},
						{
							"origin": [-2.625, 16.375, -2.60156],
							"size": [0.25, 0.25, 0],
							"inflate": 0.25,
							"uv": {
								"north": {"uv": [52, 64], "uv_size": [0.5, 0.5]},
								"east": {"uv": [52, 64], "uv_size": [0.5, 0.5]},
								"south": {"uv": [52, 64], "uv_size": [0.5, 0.5]},
								"west": {"uv": [52, 64], "uv_size": [0.5, 0.5]},
								"up": {"uv": [52.5, 64.5], "uv_size": [-0.5, -0.5]},
								"down": {"uv": [52.5, 64.5], "uv_size": [-0.5, -0.5]}
							}
						},
						{
							"origin": [-0.25, 16.375, -2.60156],
							"size": [0.25, 0.25, 0],
							"inflate": 0.25,
							"uv": {
								"north": {"uv": [63, 64], "uv_size": [0.5, 0.5]},
								"east": {"uv": [63, 64], "uv_size": [0.5, 0.5]},
								"south": {"uv": [63, 64], "uv_size": [0.5, 0.5]},
								"west": {"uv": [63, 64], "uv_size": [0.5, 0.5]},
								"up": {"uv": [63.5, 64.5], "uv_size": [-0.5, -0.5]},
								"down": {"uv": [63.5, 64.5], "uv_size": [-0.5, -0.5]}
							}
						},
						{
							"origin": [-0.25, 15.375, -2.60156],
							"size": [0.25, 0.25, 0],
							"inflate": 0.25,
							"uv": {
								"north": {"uv": [16, 65], "uv_size": [0.5, 0.5]},
								"east": {"uv": [16, 65], "uv_size": [0.5, 0.5]},
								"south": {"uv": [16, 65], "uv_size": [0.5, 0.5]},
								"west": {"uv": [16, 65], "uv_size": [0.5, 0.5]},
								"up": {"uv": [16.5, 65.5], "uv_size": [-0.5, -0.5]},
								"down": {"uv": [16.5, 65.5], "uv_size": [-0.5, -0.5]}
							}
						},
						{
							"origin": [-0.25, 17.625, -2.60156],
							"size": [0.25, 0.25, 0],
							"inflate": 0.25,
							"uv": {
								"north": {"uv": [18, 65], "uv_size": [0.5, 0.5]},
								"east": {"uv": [18, 65], "uv_size": [0.5, 0.5]},
								"south": {"uv": [18, 65], "uv_size": [0.5, 0.5]},
								"west": {"uv": [18, 65], "uv_size": [0.5, 0.5]},
								"up": {"uv": [18.5, 65.5], "uv_size": [-0.5, -0.5]},
								"down": {"uv": [18.5, 65.5], "uv_size": [-0.5, -0.5]}
							}
						},
						{
							"origin": [-0.25, 18.625, -2.60156],
							"size": [0.25, 0.25, 0],
							"inflate": 0.25,
							"uv": {
								"north": {"uv": [18, 65], "uv_size": [0.5, 0.5]},
								"east": {"uv": [18, 65], "uv_size": [0.5, 0.5]},
								"south": {"uv": [18, 65], "uv_size": [0.5, 0.5]},
								"west": {"uv": [18, 65], "uv_size": [0.5, 0.5]},
								"up": {"uv": [18.5, 65.5], "uv_size": [-0.5, -0.5]},
								"down": {"uv": [18.5, 65.5], "uv_size": [-0.5, -0.5]}
							}
						},
						{
							"origin": [-0.25, 19.875, -2.60156],
							"size": [0.25, 0.25, 0],
							"inflate": 0.25,
							"uv": {
								"north": {"uv": [65, 19], "uv_size": [0.5, 0.5]},
								"east": {"uv": [65, 19], "uv_size": [0.5, 0.5]},
								"south": {"uv": [65, 19], "uv_size": [0.5, 0.5]},
								"west": {"uv": [65, 19], "uv_size": [0.5, 0.5]},
								"up": {"uv": [65.5, 19.5], "uv_size": [-0.5, -0.5]},
								"down": {"uv": [65.5, 19.5], "uv_size": [-0.5, -0.5]}
							}
						},
						{
							"origin": [-0.25, 20.875, -2.60156],
							"size": [0.25, 0.25, 0],
							"inflate": 0.25,
							"uv": {
								"north": {"uv": [21, 65], "uv_size": [0.5, 0.5]},
								"east": {"uv": [21, 65], "uv_size": [0.5, 0.5]},
								"south": {"uv": [21, 65], "uv_size": [0.5, 0.5]},
								"west": {"uv": [21, 65], "uv_size": [0.5, 0.5]},
								"up": {"uv": [21.5, 65.5], "uv_size": [-0.5, -0.5]},
								"down": {"uv": [21.5, 65.5], "uv_size": [-0.5, -0.5]}
							}
						},
						{
							"origin": [-2.625, 20.875, -2.60156],
							"size": [0.25, 0.25, 0],
							"inflate": 0.25,
							"uv": {
								"north": {"uv": [21, 65], "uv_size": [0.5, 0.5]},
								"east": {"uv": [21, 65], "uv_size": [0.5, 0.5]},
								"south": {"uv": [21, 65], "uv_size": [0.5, 0.5]},
								"west": {"uv": [21, 65], "uv_size": [0.5, 0.5]},
								"up": {"uv": [21.5, 65.5], "uv_size": [-0.5, -0.5]},
								"down": {"uv": [21.5, 65.5], "uv_size": [-0.5, -0.5]}
							}
						},
						{
							"origin": [-0.25, 22.125, -2.60156],
							"size": [0.25, 0.25, 0],
							"inflate": 0.25,
							"uv": {
								"north": {"uv": [65, 23], "uv_size": [0.5, 0.5]},
								"east": {"uv": [65, 23], "uv_size": [0.5, 0.5]},
								"south": {"uv": [65, 23], "uv_size": [0.5, 0.5]},
								"west": {"uv": [65, 23], "uv_size": [0.5, 0.5]},
								"up": {"uv": [65.5, 23.5], "uv_size": [-0.5, -0.5]},
								"down": {"uv": [65.5, 23.5], "uv_size": [-0.5, -0.5]}
							}
						},
						{
							"origin": [-0.25, 23.125, -2.60156],
							"size": [0.25, 0.25, 0],
							"inflate": 0.25,
							"uv": {
								"north": {"uv": [65, 25], "uv_size": [0.5, 0.5]},
								"east": {"uv": [65, 25], "uv_size": [0.5, 0.5]},
								"south": {"uv": [65, 25], "uv_size": [0.5, 0.5]},
								"west": {"uv": [65, 25], "uv_size": [0.5, 0.5]},
								"up": {"uv": [65.5, 25.5], "uv_size": [-0.5, -0.5]},
								"down": {"uv": [65.5, 25.5], "uv_size": [-0.5, -0.5]}
							}
						},
						{
							"origin": [-3, 18.625, -2.35156],
							"size": [6, 0.25, 0],
							"inflate": 0.25,
							"uv": {
								"north": {"uv": [63, 60], "uv_size": [6, 0.5]},
								"east": {"uv": [63, 60], "uv_size": [6, 0.5]},
								"south": {"uv": [63, 60], "uv_size": [6, 0.5]},
								"west": {"uv": [63, 60], "uv_size": [6, 0.5]},
								"up": {"uv": [69, 60.5], "uv_size": [-6, -0.5]},
								"down": {"uv": [69, 60.5], "uv_size": [-6, -0.5]}
							}
						},
						{
							"origin": [-3, 19.875, -2.35156],
							"size": [6, 0.25, 0],
							"inflate": 0.25,
							"uv": {
								"north": {"uv": [63, 58], "uv_size": [6, 0.5]},
								"east": {"uv": [63, 58], "uv_size": [6, 0.5]},
								"south": {"uv": [63, 58], "uv_size": [6, 0.5]},
								"west": {"uv": [63, 58], "uv_size": [6, 0.5]},
								"up": {"uv": [69, 58.5], "uv_size": [-6, -0.5]},
								"down": {"uv": [69, 58.5], "uv_size": [-6, -0.5]}
							}
						},
						{
							"origin": [-4.28259, 11.81936, -2.625],
							"size": [8.625, 2.625, 5],
							"inflate": 0.25,
							"uv": {
								"north": {"uv": [52, 5], "uv_size": [8.5, 2.5]},
								"east": {"uv": [61, 0], "uv_size": [5.5, 2.5]},
								"south": {"uv": [53, 43], "uv_size": [8.5, 2.5]},
								"west": {"uv": [61, 3], "uv_size": [5.5, 2.5]},
								"up": {"uv": [44, 32], "uv_size": [8.5, 5.5]},
								"down": {"uv": [44, 43.5], "uv_size": [8.5, -5.5]}
							}
						}
					]
				},
				{
					"name": "RightArm",
					"pivot": [-5.5, 22, 0],
					"cubes": [
						{
							"origin": [-9.05, 11.875, -2.375],
							"size": [4.95, 4.625, 4.55],
							"uv": {
								"north": {"uv": [30, 55], "uv_size": [5, 3.5]},
								"east": {"uv": [55, 49], "uv_size": [5, 3.5]},
								"south": {"uv": [55, 53], "uv_size": [5, 3.5]},
								"west": {"uv": [56, 23], "uv_size": [5, 3.5]},
								"up": {"uv": [30, 15], "uv_size": [5, 5]},
								"down": {"uv": [30, 55], "uv_size": [5, -5]}
							}
						},
						{
							"origin": [-8.63281, 12, -2.07812],
							"size": [4, 12, 4],
							"inflate": 0.25,
							"uv": {
								"north": {"uv": [16, 34], "uv_size": [4, 12]},
								"east": {"uv": [0, 35], "uv_size": [4, 12]},
								"south": {"uv": [36, 15], "uv_size": [4, 12]},
								"west": {"uv": [36, 27], "uv_size": [4, 12]},
								"up": {"uv": [56, 39], "uv_size": [4, 4]},
								"down": {"uv": [40, 62], "uv_size": [4, -4]}
							}
						}
					]
				},
				{
					"name": "LeftArm",
					"pivot": [5.5, 22, 0],
					"cubes": [
						{
							"origin": [4.58984, 12, -2.07031],
							"size": [4, 12, 4],
							"inflate": 0.25,
							"uv": {
								"north": {"uv": [4, 37], "uv_size": [4, 12]},
								"east": {"uv": [8, 37], "uv_size": [4, 12]},
								"south": {"uv": [12, 37], "uv_size": [4, 12]},
								"west": {"uv": [24, 38], "uv_size": [4, 12]},
								"up": {"uv": [4, 59], "uv_size": [4, 4]},
								"down": {"uv": [23, 63], "uv_size": [4, -4]}
							}
						},
						{
							"origin": [4.1, 11.875, -2.5],
							"size": [4.8, 4.625, 4.8],
							"uv": {
								"north": {"uv": [56, 27], "uv_size": [5, 3.5]},
								"east": {"uv": [56, 31], "uv_size": [5, 3.5]},
								"south": {"uv": [35, 56], "uv_size": [5, 3.5]},
								"west": {"uv": [56, 35], "uv_size": [5, 3.5]},
								"up": {"uv": [35, 51], "uv_size": [5, 5]},
								"down": {"uv": [52, 5], "uv_size": [5, -5]}
							}
						}
					]
				},
				{
					"name": "RightLeg",
					"pivot": [-1.9, 12, 0],
					"cubes": [
						{
							"origin": [-3.92344, 0, -2.02734],
							"size": [4, 12, 4],
							"inflate": 0.25,
							"uv": {
								"north": {"uv": [28, 38], "uv_size": [4, 12]},
								"east": {"uv": [32, 38], "uv_size": [4, 12]},
								"south": {"uv": [39, 0], "uv_size": [4, 12]},
								"west": {"uv": [36, 39], "uv_size": [4, 12]},
								"up": {"uv": [27, 59], "uv_size": [4, 4]},
								"down": {"uv": [31, 63], "uv_size": [4, -4]}
							}
						}
					]
				},
				{
					"name": "LeftLeg",
					"pivot": [1.9, 12, 0],
					"cubes": [
						{
							"origin": [-0.15859, 0, -2.03516],
							"size": [4, 12, 4],
							"inflate": 0.25,
							"uv": {
								"north": {"uv": [40, 12], "uv_size": [4, 12]},
								"east": {"uv": [40, 24], "uv_size": [4, 12]},
								"south": {"uv": [40, 36], "uv_size": [4, 12]},
								"west": {"uv": [43, 0], "uv_size": [4, 12]},
								"up": {"uv": [59, 57], "uv_size": [4, 4]},
								"down": {"uv": [60, 12], "uv_size": [4, -4]}
							}
						}
					]
				}
			]
		}
	]
}
