{
	"format_version": "1.12.0",
	"minecraft:geometry": [
		{
			"description": {
				"identifier": "geometry.french_uniform",
				"texture_width": 128,
				"texture_height": 128,
				"visible_bounds_width": 3,
				"visible_bounds_height": 5,
				"visible_bounds_offset": [0, 1.5, 0]
			},
			"bones": [
				{
					"name": "Head",
					"pivot": [0, 24, 0]
				},
				{
					"name": "Helmet",
					"parent": "Head",
					"pivot": [0, 23.5, 0.5],
					"cubes": [
						{
							"origin": [-5.10295, 28.83519, -4.6875],
							"size": [8.625, 9.25, 9.1875],
							"pivot": [0.02205, 33.46019, 0],
							"rotation": [0, 0, -90],
							"uv": {
								"north": {"uv": [18, 20], "uv_size": [8.5, 9]},
								"east": {"uv": [0, 12], "uv_size": [9, 9]},
								"south": {"uv": [0, 21], "uv_size": [8.5, 9]},
								"west": {"uv": [9, 12], "uv_size": [9, 9]},
								"up": {"uv": [9, 21], "uv_size": [8.5, 9]},
								"down": {"uv": [25, 9], "uv_size": [8.5, -9]}
							}
						},
						{
							"origin": [4.64705, 36.96019, -4.6875],
							"size": [5, 2.75, 9.1875],
							"pivot": [4.64705, 36.96019, 4.5],
							"rotation": [5, 0, -160],
							"uv": {
								"north": {"uv": [58, 22], "uv_size": [5, 3]},
								"east": {"uv": [45, 26], "uv_size": [9, 3]},
								"south": {"uv": [43, 59], "uv_size": [5, 3]},
								"west": {"uv": [48, 29], "uv_size": [9, 3]},
								"up": {"uv": [10, 42], "uv_size": [5, 9]},
								"down": {"uv": [24, 52], "uv_size": [5, -9]}
							}
						},
						{
							"origin": [4.92092, 37.71264, -5.34004],
							"size": [5.375, 2.75, 0.6875],
							"pivot": [4.92092, 37.71264, -4.65254],
							"rotation": [-5, 0, -160],
							"uv": {
								"north": {"uv": [33, 57], "uv_size": [5.5, 3]},
								"east": {"uv": [65, 63], "uv_size": [0.5, 3]},
								"south": {"uv": [57, 33], "uv_size": [5.5, 3]},
								"west": {"uv": [64, 65], "uv_size": [0.5, 3]},
								"up": {"uv": [63, 11], "uv_size": [5.5, 0.5]},
								"down": {"uv": [63, 41.5], "uv_size": [5.5, -0.5]}
							}
						},
						{
							"origin": [-10.29592, 37.71264, -5.34004],
							"size": [5.375, 2.75, 0.6875],
							"pivot": [-4.92092, 37.71264, -4.65254],
							"rotation": [-5, 0, 160],
							"uv": {
								"north": {"uv": [48, 57], "uv_size": [5.5, 3]},
								"east": {"uv": [6, 66], "uv_size": [0.5, 3]},
								"south": {"uv": [0, 58], "uv_size": [5.5, 3]},
								"west": {"uv": [7, 66], "uv_size": [0.5, 3]},
								"up": {"uv": [64, 25], "uv_size": [5.5, 0.5]},
								"down": {"uv": [64, 26.5], "uv_size": [5.5, -0.5]}
							}
						},
						{
							"origin": [-9.64705, 36.96019, -4.6875],
							"size": [5, 2.75, 9.1875],
							"pivot": [-4.64705, 36.96019, 4.5],
							"rotation": [5, 0, 160],
							"uv": {
								"north": {"uv": [6, 60], "uv_size": [5, 3]},
								"east": {"uv": [48, 32], "uv_size": [9, 3]},
								"south": {"uv": [33, 60], "uv_size": [5, 3]},
								"west": {"uv": [48, 35], "uv_size": [9, 3]},
								"up": {"uv": [29, 43], "uv_size": [5, 9]},
								"down": {"uv": [34, 53], "uv_size": [5, -9]}
							}
						},
						{
							"origin": [-9.64705, 36.96019, 3.8125],
							"size": [5, 2.75, 0.6875],
							"pivot": [-4.64705, 36.96019, 4.5],
							"rotation": [0.00237, -0.00713, 160.10881],
							"uv": {
								"north": {"uv": [48, 60], "uv_size": [5, 3]},
								"east": {"uv": [8, 66], "uv_size": [0.5, 3]},
								"south": {"uv": [53, 60], "uv_size": [5, 3]},
								"west": {"uv": [9, 66], "uv_size": [0.5, 3]},
								"up": {"uv": [64, 37], "uv_size": [5, 0.5]},
								"down": {"uv": [65, 0.5], "uv_size": [5, -0.5]}
							}
						},
						{
							"origin": [4.64705, 36.96019, 3.8125],
							"size": [5, 2.75, 0.6875],
							"pivot": [4.64705, 36.96019, 4.5],
							"rotation": [0.00237, 0.00713, -160.10881],
							"uv": {
								"north": {"uv": [58, 60], "uv_size": [5, 3]},
								"east": {"uv": [66, 22], "uv_size": [0.5, 3]},
								"south": {"uv": [0, 61], "uv_size": [5, 3]},
								"west": {"uv": [33, 66], "uv_size": [0.5, 3]},
								"up": {"uv": [65, 1], "uv_size": [5, 0.5]},
								"down": {"uv": [65, 2.5], "uv_size": [5, -0.5]}
							}
						},
						{
							"origin": [3.95955, 28.96019, -5.875],
							"size": [0.6875, 9.25, 1.25],
							"pivot": [4.64705, 28.96019, -5.875],
							"rotation": [0, 0, -90],
							"uv": {
								"north": {"uv": [59, 63], "uv_size": [0.5, 9]},
								"east": {"uv": [21, 58], "uv_size": [1.5, 9]},
								"south": {"uv": [60, 63], "uv_size": [0.5, 9]},
								"west": {"uv": [11, 60], "uv_size": [1.5, 9]},
								"up": {"uv": [66, 50], "uv_size": [0.5, 1.5]},
								"down": {"uv": [66, 57.5], "uv_size": [0.5, -1.5]}
							}
						},
						{
							"origin": [3.77205, 28.96019, -5.875],
							"size": [0.875, 9.25, 1.625],
							"pivot": [4.64705, 28.96019, -5.875],
							"rotation": [0, 42.5, -90],
							"uv": {
								"north": {"uv": [20, 62], "uv_size": [1, 9]},
								"east": {"uv": [23, 61], "uv_size": [1.5, 9]},
								"south": {"uv": [47, 62], "uv_size": [1, 9]},
								"west": {"uv": [25, 61], "uv_size": [1.5, 9]},
								"up": {"uv": [56, 18], "uv_size": [1, 1.5]},
								"down": {"uv": [56, 47.5], "uv_size": [1, -1.5]}
							}
						},
						{
							"origin": [1.25, 41, -5.375],
							"size": [-2.5, -2.5, 0.375],
							"uv": {
								"north": {"uv": [63, 22], "uv_size": [2.5, 2.5]},
								"east": {"uv": [35, 66], "uv_size": [0.5, 2.5]},
								"south": {"uv": [33, 63], "uv_size": [2.5, 2.5]},
								"west": {"uv": [66, 38], "uv_size": [0.5, 2.5]},
								"up": {"uv": [53, 42], "uv_size": [2.5, 0.5]},
								"down": {"uv": [65, 3.5], "uv_size": [2.5, -0.5]}
							}
						},
						{
							"origin": [1.25, 43.5, -5.375],
							"size": [-2.5, -2.5, 0.375],
							"pivot": [1.25, 41, -5],
							"rotation": [15, 0, 0],
							"uv": {
								"north": {"uv": [63, 33], "uv_size": [2.5, 2.5]},
								"east": {"uv": [39, 66], "uv_size": [0.5, 2.5]},
								"south": {"uv": [63, 38], "uv_size": [2.5, 2.5]},
								"west": {"uv": [40, 66], "uv_size": [0.5, 2.5]},
								"up": {"uv": [65, 4], "uv_size": [2.5, 0.5]},
								"down": {"uv": [66, 16.5], "uv_size": [2.5, -0.5]}
							}
						},
						{
							"origin": [1.25, 45.875, -6],
							"size": [-2.5, -2.5, 0.375],
							"pivot": [1.25, 43.375, -5.625],
							"rotation": [32.5, 0, 0],
							"uv": {
								"north": {"uv": [48, 63], "uv_size": [2.5, 2.5]},
								"east": {"uv": [66, 46], "uv_size": [0.5, 2.5]},
								"south": {"uv": [63, 49], "uv_size": [2.5, 2.5]},
								"west": {"uv": [48, 66], "uv_size": [0.5, 2.5]},
								"up": {"uv": [66, 17], "uv_size": [2.5, 0.5]},
								"down": {"uv": [66, 49.5], "uv_size": [2.5, -0.5]}
							}
						},
						{
							"origin": [-4.60295, 19.33519, -4.5],
							"size": [8.375, 9.25, 1],
							"pivot": [-4.60295, 28.58519, -4.5],
							"rotation": [0, 5, -90],
							"uv": {
								"north": {"uv": [16, 0], "uv_size": [8.5, 9.5]},
								"east": {"uv": [41, 61], "uv_size": [1, 9.5]},
								"south": {"uv": [18, 10], "uv_size": [8.5, 9.5]},
								"west": {"uv": [42, 61], "uv_size": [1, 9.5]},
								"up": {"uv": [62, 31], "uv_size": [8.5, 1]},
								"down": {"uv": [62, 33], "uv_size": [8.5, -1]}
							}
						},
						{
							"origin": [-1.05086, 35.05923, -5.53526],
							"size": [2, 2, 0.5],
							"pivot": [-0.05086, 36.05923, -5.28526],
							"rotation": [3.69066, 3.37562, -45],
							"uv": {
								"north": {"uv": [16, 10], "uv_size": [2, 2]},
								"east": {"uv": [57, 18], "uv_size": [0.5, 2]},
								"south": {"uv": [35, 29], "uv_size": [2, 2]},
								"west": {"uv": [57, 46], "uv_size": [0.5, 2]},
								"up": {"uv": [13, 57], "uv_size": [2, 0.5]},
								"down": {"uv": [6, 58.5], "uv_size": [2, -0.5]}
							}
						},
						{
							"origin": [-3.37998, 29.00929, -5.52732],
							"size": [1.125, 4.0625, 0.5],
							"pivot": [-2.25498, 33.57179, -5.52732],
							"rotation": [-4.09918, -2.86544, 145.10257],
							"uv": {
								"north": {"uv": [63, 60], "uv_size": [1, 4]},
								"east": {"uv": [13, 65], "uv_size": [0.5, 4]},
								"south": {"uv": [61, 63], "uv_size": [1, 4]},
								"west": {"uv": [14, 65], "uv_size": [0.5, 4]},
								"up": {"uv": [66, 60], "uv_size": [1, 0.5]},
								"down": {"uv": [66, 61.5], "uv_size": [1, -0.5]}
							}
						},
						{
							"origin": [2.25498, 29.00929, -5.52732],
							"size": [1.125, 4.0625, 0.5],
							"pivot": [2.25498, 33.57179, -5.52732],
							"rotation": [-4.09918, 2.86544, -145.10257],
							"uv": {
								"north": {"uv": [62, 63], "uv_size": [1, 4]},
								"east": {"uv": [15, 65], "uv_size": [0.5, 4]},
								"south": {"uv": [0, 64], "uv_size": [1, 4]},
								"west": {"uv": [16, 65], "uv_size": [0.5, 4]},
								"up": {"uv": [66, 62], "uv_size": [1, 0.5]},
								"down": {"uv": [66, 63.5], "uv_size": [1, -0.5]}
							}
						},
						{
							"origin": [-3.66676, 33.97981, -5.56301],
							"size": [1.125, 2.8125, 0.5],
							"pivot": [-2.54176, 33.97981, -5.56301],
							"rotation": [-2.50477, -4.32875, 120.09468],
							"uv": {
								"north": {"uv": [54, 57], "uv_size": [1, 3]},
								"east": {"uv": [17, 65], "uv_size": [0.5, 3]},
								"south": {"uv": [55, 57], "uv_size": [1, 3]},
								"west": {"uv": [65, 60], "uv_size": [0.5, 3]},
								"up": {"uv": [66, 58], "uv_size": [1, 0.5]},
								"down": {"uv": [66, 59.5], "uv_size": [1, -0.5]}
							}
						},
						{
							"origin": [2.54176, 33.97981, -5.56301],
							"size": [1.125, 2.9375, 0.5],
							"pivot": [2.54176, 33.97981, -5.56301],
							"rotation": [-2.50477, 4.32875, -120.09468],
							"uv": {
								"north": {"uv": [1, 64], "uv_size": [1, 3]},
								"east": {"uv": [66, 33], "uv_size": [0.5, 3]},
								"south": {"uv": [2, 64], "uv_size": [1, 3]},
								"west": {"uv": [34, 66], "uv_size": [0.5, 3]},
								"up": {"uv": [66, 64], "uv_size": [1, 0.5]},
								"down": {"uv": [65, 66.5], "uv_size": [1, -0.5]}
							}
						}
					]
				},
				{
					"name": "Body",
					"pivot": [0, 24, 0],
					"cubes": [
						{
							"origin": [-4, 5.6875, 2.27344],
							"size": [8, 5.8125, 0],
							"inflate": 0.25,
							"pivot": [0, 8.375, 2.27344],
							"rotation": [5, 0, 0],
							"uv": {
								"north": {"uv": [27, 25], "uv_size": [8, 6]},
								"east": {"uv": [0, 0], "uv_size": [0, 6]},
								"south": {"uv": [18, 29], "uv_size": [8, 6]},
								"west": {"uv": [0, 0], "uv_size": [0, 6]},
								"up": {"uv": [0, 0], "uv_size": [8, 0]},
								"down": {"uv": [0, 0], "uv_size": [8, 0]}
							}
						},
						{
							"origin": [-4, 5.72047, 2.5287],
							"size": [3.625, 2.4375, 0],
							"inflate": 0.25,
							"pivot": [-4.25, 5.47047, 2.77851],
							"rotation": [4.83045, -1.29256, 14.94548],
							"uv": {
								"north": {"uv": [63, 5], "uv_size": [3.5, 2.5]},
								"east": {"uv": [66, 5], "uv_size": [0.5, 2.5]},
								"south": {"uv": [63, 5], "uv_size": [3.5, 2.5]},
								"west": {"uv": [63, 5], "uv_size": [0.5, 2.5]},
								"up": {"uv": [66.5, 5.5], "uv_size": [-3.5, -0.5]},
								"down": {"uv": [66.5, 7.5], "uv_size": [-3.5, -0.5]}
							}
						},
						{
							"origin": [0.5, 5.72047, 2.5287],
							"size": [3.5, 2.4375, 0],
							"inflate": 0.25,
							"pivot": [4.25, 5.47047, 2.77851],
							"rotation": [4.83045, 1.29256, -14.94548],
							"uv": {
								"north": {"uv": [63, 8], "uv_size": [3.5, 2.5]},
								"east": {"uv": [66, 8], "uv_size": [0.5, 2.5]},
								"south": {"uv": [63, 8], "uv_size": [3.5, 2.5]},
								"west": {"uv": [63, 8], "uv_size": [0.5, 2.5]},
								"up": {"uv": [66.5, 8.5], "uv_size": [-3.5, -0.5]},
								"down": {"uv": [66.5, 10.5], "uv_size": [-3.5, -0.5]}
							}
						},
						{
							"origin": [-4, 12, -1.97656],
							"size": [8, 12, 4],
							"inflate": 0.25,
							"uv": {
								"north": {"uv": [0, 0], "uv_size": [8, 12]},
								"east": {"uv": [0, 30], "uv_size": [4, 12]},
								"south": {"uv": [8, 0], "uv_size": [8, 12]},
								"west": {"uv": [4, 30], "uv_size": [4, 12]},
								"up": {"uv": [45, 22], "uv_size": [8, 4]},
								"down": {"uv": [48, 20], "uv_size": [8, -4]}
							}
						},
						{
							"origin": [-3.25, 12.625, 2.77344],
							"size": [6.625, 7.375, 1.375],
							"inflate": 0.25,
							"uv": {
								"north": {"uv": [27, 9], "uv_size": [6.5, 7.5]},
								"east": {"uv": [29, 61], "uv_size": [1.5, 7.5]},
								"south": {"uv": [27, 17], "uv_size": [6.5, 7.5]},
								"west": {"uv": [31, 61], "uv_size": [1.5, 7.5]},
								"up": {"uv": [61, 42], "uv_size": [6.5, 1.5]},
								"down": {"uv": [61, 45.5], "uv_size": [6.5, -1.5]}
							}
						},
						{
							"origin": [-3.5, 16.375, 2.77344],
							"size": [7, 3.625, 1.375],
							"inflate": 0.25,
							"pivot": [-3.5, 20.25, 4.39844],
							"rotation": [17.5, 0, 0],
							"uv": {
								"north": {"uv": [51, 48], "uv_size": [7, 3.5]},
								"east": {"uv": [8, 47], "uv_size": [1.5, 3.5]},
								"south": {"uv": [52, 0], "uv_size": [7, 3.5]},
								"west": {"uv": [53, 63], "uv_size": [1.5, 3.5]},
								"up": {"uv": [38, 22], "uv_size": [7, 1.5]},
								"down": {"uv": [57, 37.5], "uv_size": [7, -1.5]}
							}
						},
						{
							"origin": [-3.25, 12.625, 2.77344],
							"size": [6.625, 3.625, 1.375],
							"inflate": 0.25,
							"pivot": [-3.5, 12.375, 4.39844],
							"rotation": [-17.5, 0, 0],
							"uv": {
								"north": {"uv": [52, 4], "uv_size": [6.5, 3.5]},
								"east": {"uv": [55, 63], "uv_size": [1.5, 3.5]},
								"south": {"uv": [52, 8], "uv_size": [6.5, 3.5]},
								"west": {"uv": [57, 63], "uv_size": [1.5, 3.5]},
								"up": {"uv": [61, 52], "uv_size": [6.5, 1.5]},
								"down": {"uv": [61, 55.5], "uv_size": [6.5, -1.5]}
							}
						},
						{
							"origin": [-2.0625, 12.5625, -2.22656],
							"size": [4.1875, 11.4375, 0],
							"inflate": 0.25,
							"uv": {
								"north": {"uv": [20, 35], "uv_size": [4, 11.5]},
								"east": {"uv": [20, 35], "uv_size": [4, 11.5]},
								"south": {"uv": [20, 35], "uv_size": [4, 11.5]},
								"west": {"uv": [20, 35], "uv_size": [4, 11.5]},
								"up": {"uv": [24, 46.5], "uv_size": [-4, -11.5]},
								"down": {"uv": [24, 46.5], "uv_size": [-4, -11.5]}
							}
						},
						{
							"origin": [1.375, 12.8125, -2.35156],
							"size": [0.3125, 0.3125, 0.125],
							"inflate": 0.25,
							"uv": {
								"north": {"uv": [66, 65], "uv_size": [0.5, 0.5]},
								"east": {"uv": [66, 66], "uv_size": [0.5, 0.5]},
								"south": {"uv": [1, 67], "uv_size": [0.5, 0.5]},
								"west": {"uv": [2, 67], "uv_size": [0.5, 0.5]},
								"up": {"uv": [67, 5], "uv_size": [0.5, 0.5]},
								"down": {"uv": [67, 6.5], "uv_size": [0.5, -0.5]}
							}
						},
						{
							"origin": [-1.6875, 12.8125, -2.35156],
							"size": [0.3125, 0.3125, 0.125],
							"inflate": 0.25,
							"uv": {
								"north": {"uv": [67, 50], "uv_size": [0.5, 0.5]},
								"east": {"uv": [67, 51], "uv_size": [0.5, 0.5]},
								"south": {"uv": [53, 67], "uv_size": [0.5, 0.5]},
								"west": {"uv": [54, 67], "uv_size": [0.5, 0.5]},
								"up": {"uv": [55, 67], "uv_size": [0.5, 0.5]},
								"down": {"uv": [56, 67.5], "uv_size": [0.5, -0.5]}
							}
						},
						{
							"origin": [1.375, 15.5625, -2.35156],
							"size": [0.3125, 0.3125, 0.125],
							"inflate": 0.25,
							"uv": {
								"north": {"uv": [67, 7], "uv_size": [0.5, 0.5]},
								"east": {"uv": [67, 8], "uv_size": [0.5, 0.5]},
								"south": {"uv": [67, 9], "uv_size": [0.5, 0.5]},
								"west": {"uv": [67, 10], "uv_size": [0.5, 0.5]},
								"up": {"uv": [67, 12], "uv_size": [0.5, 0.5]},
								"down": {"uv": [67, 13.5], "uv_size": [0.5, -0.5]}
							}
						},
						{
							"origin": [-1.6875, 15.5625, -2.35156],
							"size": [0.3125, 0.3125, 0.125],
							"inflate": 0.25,
							"uv": {
								"north": {"uv": [46, 67], "uv_size": [0.5, 0.5]},
								"east": {"uv": [67, 46], "uv_size": [0.5, 0.5]},
								"south": {"uv": [67, 47], "uv_size": [0.5, 0.5]},
								"west": {"uv": [67, 48], "uv_size": [0.5, 0.5]},
								"up": {"uv": [49, 67], "uv_size": [0.5, 0.5]},
								"down": {"uv": [50, 67.5], "uv_size": [0.5, -0.5]}
							}
						},
						{
							"origin": [1.375, 18.3125, -2.35156],
							"size": [0.3125, 0.3125, 0.125],
							"inflate": 0.25,
							"uv": {
								"north": {"uv": [67, 14], "uv_size": [0.5, 0.5]},
								"east": {"uv": [67, 15], "uv_size": [0.5, 0.5]},
								"south": {"uv": [18, 67], "uv_size": [0.5, 0.5]},
								"west": {"uv": [67, 18], "uv_size": [0.5, 0.5]},
								"up": {"uv": [19, 67], "uv_size": [0.5, 0.5]},
								"down": {"uv": [67, 19.5], "uv_size": [0.5, -0.5]}
							}
						},
						{
							"origin": [-1.6875, 18.3125, -2.35156],
							"size": [0.3125, 0.3125, 0.125],
							"inflate": 0.25,
							"uv": {
								"north": {"uv": [67, 38], "uv_size": [0.5, 0.5]},
								"east": {"uv": [67, 39], "uv_size": [0.5, 0.5]},
								"south": {"uv": [67, 40], "uv_size": [0.5, 0.5]},
								"west": {"uv": [43, 67], "uv_size": [0.5, 0.5]},
								"up": {"uv": [44, 67], "uv_size": [0.5, 0.5]},
								"down": {"uv": [45, 67.5], "uv_size": [0.5, -0.5]}
							}
						},
						{
							"origin": [1.375, 21.0625, -2.35156],
							"size": [0.3125, 0.3125, 0.125],
							"inflate": 0.25,
							"uv": {
								"north": {"uv": [67, 20], "uv_size": [0.5, 0.5]},
								"east": {"uv": [21, 67], "uv_size": [0.5, 0.5]},
								"south": {"uv": [67, 21], "uv_size": [0.5, 0.5]},
								"west": {"uv": [22, 67], "uv_size": [0.5, 0.5]},
								"up": {"uv": [67, 22], "uv_size": [0.5, 0.5]},
								"down": {"uv": [67, 23.5], "uv_size": [0.5, -0.5]}
							}
						},
						{
							"origin": [-1.6875, 21.0625, -2.35156],
							"size": [0.3125, 0.3125, 0.125],
							"inflate": 0.25,
							"uv": {
								"north": {"uv": [67, 24], "uv_size": [0.5, 0.5]},
								"east": {"uv": [67, 29], "uv_size": [0.5, 0.5]},
								"south": {"uv": [67, 30], "uv_size": [0.5, 0.5]},
								"west": {"uv": [67, 33], "uv_size": [0.5, 0.5]},
								"up": {"uv": [67, 34], "uv_size": [0.5, 0.5]},
								"down": {"uv": [67, 35.5], "uv_size": [0.5, -0.5]}
							}
						},
						{
							"origin": [1.5625, 12.5625, -2.22656],
							"size": [0.5625, 11.4375, 0],
							"inflate": 0.25,
							"pivot": [2.375, 12.3125, -2.47656],
							"rotation": [0, 0, 5],
							"uv": {
								"north": {"uv": [36, 63], "uv_size": [0.5, 11.5]},
								"east": {"uv": [36, 63], "uv_size": [0.5, 11.5]},
								"south": {"uv": [36, 63], "uv_size": [0.5, 11.5]},
								"west": {"uv": [36, 63], "uv_size": [0.5, 11.5]},
								"up": {"uv": [36.5, 74.5], "uv_size": [-0.5, -11.5]},
								"down": {"uv": [36.5, 74.5], "uv_size": [-0.5, -11.5]}
							}
						},
						{
							"origin": [-0.36362, 11.54734, -2.47656],
							"size": [1.0625, 12.8125, 0],
							"inflate": 0.25,
							"pivot": [-0.08237, 18.45359, -2.47656],
							"rotation": [0, 0, 37.5],
							"uv": {
								"north": {"uv": [38, 60], "uv_size": [1, 13]},
								"east": {"uv": [38, 60], "uv_size": [1, 13]},
								"south": {"uv": [38, 60], "uv_size": [1, 13]},
								"west": {"uv": [38, 60], "uv_size": [1, 13]},
								"up": {"uv": [39, 73], "uv_size": [-1, -13]},
								"down": {"uv": [39, 73], "uv_size": [-1, -13]}
							}
						},
						{
							"origin": [-0.36362, 11.54734, 2.27344],
							"size": [1.0625, 12.8125, 0],
							"inflate": 0.25,
							"pivot": [-0.08237, 18.45359, 2.27344],
							"rotation": [0, 0, 37.5],
							"uv": {
								"north": {"uv": [28, 61], "uv_size": [1, 13]},
								"east": {"uv": [28, 61], "uv_size": [1, 13]},
								"south": {"uv": [28, 61], "uv_size": [1, 13]},
								"west": {"uv": [28, 61], "uv_size": [1, 13]},
								"up": {"uv": [29, 74], "uv_size": [-1, -13]},
								"down": {"uv": [29, 74], "uv_size": [-1, -13]}
							}
						},
						{
							"origin": [3.58678, 22.95177, -2.47656],
							"size": [0.6875, 0.4375, 4.75],
							"inflate": 0.25,
							"uv": {
								"north": {"uv": [67, 56], "uv_size": [0.5, 0.5]},
								"east": {"uv": [13, 64], "uv_size": [5, 0.5]},
								"south": {"uv": [57, 67], "uv_size": [0.5, 0.5]},
								"west": {"uv": [64, 27], "uv_size": [5, 0.5]},
								"up": {"uv": [3, 64], "uv_size": [0.5, 5]},
								"down": {"uv": [4, 69], "uv_size": [0.5, -5]}
							}
						},
						{
							"origin": [-4.55818, 12.39837, -2.47656],
							"size": [0.6875, 0.5, 4.75],
							"inflate": 0.25,
							"uv": {
								"north": {"uv": [67, 57], "uv_size": [0.5, 0.5]},
								"east": {"uv": [64, 28], "uv_size": [5, 0.5]},
								"south": {"uv": [58, 67], "uv_size": [0.5, 0.5]},
								"west": {"uv": [64, 36], "uv_size": [5, 0.5]},
								"up": {"uv": [64, 60], "uv_size": [0.5, 5]},
								"down": {"uv": [63, 69], "uv_size": [0.5, -5]}
							}
						},
						{
							"origin": [-2.125, 12.5625, -2.22656],
							"size": [0.5625, 11.4375, 0],
							"inflate": 0.25,
							"pivot": [-2.375, 12.3125, -2.47656],
							"rotation": [0, 0, -5],
							"uv": {
								"north": {"uv": [51, 63], "uv_size": [0.5, 11.5]},
								"east": {"uv": [51, 63], "uv_size": [0.5, 11.5]},
								"south": {"uv": [51, 63], "uv_size": [0.5, 11.5]},
								"west": {"uv": [51, 63], "uv_size": [0.5, 11.5]},
								"up": {"uv": [51.5, 74.5], "uv_size": [-0.5, -11.5]},
								"down": {"uv": [51.5, 74.5], "uv_size": [-0.5, -11.5]}
							}
						}
					]
				},
				{
					"name": "bone",
					"parent": "Body",
					"pivot": [4.375, 13.42729, -0.55758],
					"rotation": [42.47283, -1.68868, 1.84373],
					"cubes": [
						{
							"origin": [3.90143, 8.80795, -1.90574],
							"size": [0.94, 6.2275, 1.88],
							"uv": {
								"north": {"uv": [47, 5], "uv_size": [1, 6]},
								"east": {"uv": [24, 35], "uv_size": [2, 6]},
								"south": {"uv": [10, 63], "uv_size": [1, 6]},
								"west": {"uv": [13, 51], "uv_size": [2, 6]},
								"up": {"uv": [26, 29], "uv_size": [1, 2]},
								"down": {"uv": [37, 31], "uv_size": [1, -2]}
							}
						},
						{
							"origin": [3.90143, 3.77874, -1.63772],
							"size": [0.94, 5.17, 1.88],
							"pivot": [4.90018, 6.83374, -0.69772],
							"rotation": [7.5, 0, 0],
							"uv": {
								"north": {"uv": [15, 42], "uv_size": [1, 5]},
								"east": {"uv": [16, 30], "uv_size": [2, 5]},
								"south": {"uv": [23, 47], "uv_size": [1, 5]},
								"west": {"uv": [39, 61], "uv_size": [2, 5]},
								"up": {"uv": [24, 41], "uv_size": [1, 2]},
								"down": {"uv": [25, 43], "uv_size": [1, -2]}
							}
						},
						{
							"origin": [3.90143, 2.74218, -1.23092],
							"size": [0.94, 0.94, 1.0575],
							"pivot": [4.37143, 3.68218, -1.23092],
							"rotation": [25, 0, 0],
							"uv": {
								"north": {"uv": [34, 24], "uv_size": [1, 1]},
								"east": {"uv": [47, 11], "uv_size": [1, 1]},
								"south": {"uv": [50, 43], "uv_size": [1, 1]},
								"west": {"uv": [33, 52], "uv_size": [1, 1]},
								"up": {"uv": [53, 25], "uv_size": [1, 1]},
								"down": {"uv": [6, 60], "uv_size": [1, -1]}
							}
						},
						{
							"origin": [3.9212, 1.89025, -0.83366],
							"size": [0.92, 0.94, 1.88],
							"pivot": [4.37143, 2.83025, -0.83366],
							"rotation": [75, 0, 0],
							"uv": {
								"north": {"uv": [7, 59], "uv_size": [1, 1]},
								"east": {"uv": [25, 9], "uv_size": [2, 1]},
								"south": {"uv": [62, 49], "uv_size": [1, 1]},
								"west": {"uv": [34, 43], "uv_size": [2, 1]},
								"up": {"uv": [38, 53], "uv_size": [1, 2]},
								"down": {"uv": [48, 57], "uv_size": [1, -2]}
							}
						},
						{
							"origin": [3.90143, 1.64696, 0.07431],
							"size": [0.94, 0.94, 1.88],
							"pivot": [4.37143, 2.58696, 0.07431],
							"rotation": [107.5, 0, 0],
							"uv": {
								"north": {"uv": [49, 66], "uv_size": [1, 1]},
								"east": {"uv": [36, 43], "uv_size": [2, 1]},
								"south": {"uv": [50, 66], "uv_size": [1, 1]},
								"west": {"uv": [48, 43], "uv_size": [2, 1]},
								"up": {"uv": [49, 55], "uv_size": [1, 2]},
								"down": {"uv": [50, 57], "uv_size": [1, -2]}
							}
						}
					]
				},
				{
					"name": "Bag",
					"parent": "Body",
					"pivot": [0, 22.125, 4.375],
					"cubes": [
						{
							"origin": [-5.1175, 21.14746, 2.015],
							"size": [10.235, 1.95509, 4.72],
							"pivot": [-3.9375, 22.125, 4.375],
							"rotation": [-45, 0, 0],
							"uv": {
								"north": {"uv": [52, 12], "uv_size": [10, 2]},
								"east": {"uv": [62, 14], "uv_size": [4.5, 2]},
								"south": {"uv": [52, 14], "uv_size": [10, 2]},
								"west": {"uv": [62, 18], "uv_size": [4.5, 2]},
								"up": {"uv": [35, 24], "uv_size": [10, 4.5]},
								"down": {"uv": [38, 16.5], "uv_size": [10, -4.5]}
							}
						},
						{
							"origin": [-5.1175, 21.14746, 2.015],
							"size": [10.235, 1.95509, 4.72],
							"uv": {
								"north": {"uv": [53, 38], "uv_size": [10, 2]},
								"east": {"uv": [62, 20], "uv_size": [4.5, 2]},
								"south": {"uv": [53, 40], "uv_size": [10, 2]},
								"west": {"uv": [62, 29], "uv_size": [4.5, 2]},
								"up": {"uv": [38, 17], "uv_size": [10, 4.5]},
								"down": {"uv": [38, 33.5], "uv_size": [10, -4.5]}
							}
						},
						{
							"origin": [-5.1175, 19.765, 3.39746],
							"size": [10.235, 4.72, 1.95509],
							"pivot": [-3.9375, 22.125, 4.375],
							"rotation": [-45, 0, 0],
							"uv": {
								"north": {"uv": [38, 34], "uv_size": [10, 4.5]},
								"east": {"uv": [18, 62], "uv_size": [2, 4.5]},
								"south": {"uv": [38, 39], "uv_size": [10, 4.5]},
								"west": {"uv": [43, 62], "uv_size": [2, 4.5]},
								"up": {"uv": [54, 25], "uv_size": [10, 2]},
								"down": {"uv": [54, 29], "uv_size": [10, -2]}
							}
						},
						{
							"origin": [-5.1175, 19.765, 3.39746],
							"size": [10.235, 4.72, 1.95509],
							"uv": {
								"north": {"uv": [0, 42], "uv_size": [10, 4.5]},
								"east": {"uv": [45, 62], "uv_size": [2, 4.5]},
								"south": {"uv": [42, 0], "uv_size": [10, 4.5]},
								"west": {"uv": [63, 0], "uv_size": [2, 4.5]},
								"up": {"uv": [33, 55], "uv_size": [10, 2]},
								"down": {"uv": [56, 18], "uv_size": [10, -2]}
							}
						}
					]
				},
				{
					"name": "RightArm",
					"pivot": [-5.5, 22, 0],
					"cubes": [
						{
							"origin": [-8.8, 23, -2.5],
							"size": [4.7, 1.75, 4.8],
							"uv": {
								"north": {"uv": [61, 56], "uv_size": [4.5, 2]},
								"east": {"uv": [42, 10], "uv_size": [5, 2]},
								"south": {"uv": [61, 58], "uv_size": [4.5, 2]},
								"west": {"uv": [48, 20], "uv_size": [5, 2]},
								"up": {"uv": [23, 52], "uv_size": [4.5, 5]},
								"down": {"uv": [28, 57], "uv_size": [4.5, -5]}
							}
						},
						{
							"origin": [-8.8, 12.75, -2.5],
							"size": [4.95, 3.5, 4.8],
							"uv": {
								"north": {"uv": [43, 55], "uv_size": [5, 3.5]},
								"east": {"uv": [8, 56], "uv_size": [5, 3.5]},
								"south": {"uv": [56, 42], "uv_size": [5, 3.5]},
								"west": {"uv": [56, 52], "uv_size": [5, 3.5]},
								"up": {"uv": [42, 5], "uv_size": [5, 5]},
								"down": {"uv": [48, 43], "uv_size": [5, -5]}
							}
						},
						{
							"origin": [-8.38281, 13.125, -2.07812],
							"size": [4, 10.875, 4],
							"inflate": 0.25,
							"uv": {
								"north": {"uv": [39, 44], "uv_size": [4, 11]},
								"east": {"uv": [43, 44], "uv_size": [4, 11]},
								"south": {"uv": [0, 47], "uv_size": [4, 11]},
								"west": {"uv": [4, 47], "uv_size": [4, 11]},
								"up": {"uv": [39, 57], "uv_size": [4, 4]},
								"down": {"uv": [13, 62], "uv_size": [4, -4]}
							}
						}
					]
				},
				{
					"name": "LeftArm",
					"pivot": [5.375, 22, 0],
					"cubes": [
						{
							"origin": [4.33984, 13.125, -2.07031],
							"size": [4, 10.875, 4],
							"inflate": 0.25,
							"uv": {
								"north": {"uv": [15, 47], "uv_size": [4, 11]},
								"east": {"uv": [19, 47], "uv_size": [4, 11]},
								"south": {"uv": [47, 44], "uv_size": [4, 11]},
								"west": {"uv": [48, 5], "uv_size": [4, 11]},
								"up": {"uv": [17, 58], "uv_size": [4, 4]},
								"down": {"uv": [58, 22], "uv_size": [4, -4]}
							}
						},
						{
							"origin": [4.075, 23, -2.5],
							"size": [4.7, 1.75, 4.8],
							"uv": {
								"north": {"uv": [62, 12], "uv_size": [4.5, 2]},
								"east": {"uv": [33, 53], "uv_size": [5, 2]},
								"south": {"uv": [13, 62], "uv_size": [4.5, 2]},
								"west": {"uv": [58, 50], "uv_size": [5, 2]},
								"up": {"uv": [51, 52], "uv_size": [4.5, 5]},
								"down": {"uv": [53, 25], "uv_size": [4.5, -5]}
							}
						},
						{
							"origin": [3.825, 12.75, -2.5],
							"size": [4.95, 3.5, 4.8],
							"uv": {
								"north": {"uv": [56, 56], "uv_size": [5, 3.5]},
								"east": {"uv": [23, 57], "uv_size": [5, 3.5]},
								"south": {"uv": [28, 57], "uv_size": [5, 3.5]},
								"west": {"uv": [57, 29], "uv_size": [5, 3.5]},
								"up": {"uv": [8, 51], "uv_size": [5, 5]},
								"down": {"uv": [51, 48], "uv_size": [5, -5]}
							}
						}
					]
				},
				{
					"name": "RightLeg",
					"pivot": [-1.9, 12, 0],
					"cubes": [
						{
							"origin": [-4.04844, 0, -2.02734],
							"size": [4, 12, 4],
							"inflate": 0.25,
							"uv": {
								"north": {"uv": [8, 30], "uv_size": [4, 12]},
								"east": {"uv": [12, 30], "uv_size": [4, 12]},
								"south": {"uv": [26, 31], "uv_size": [4, 12]},
								"west": {"uv": [30, 31], "uv_size": [4, 12]},
								"up": {"uv": [58, 46], "uv_size": [4, 4]},
								"down": {"uv": [59, 4], "uv_size": [4, -4]}
							}
						}
					]
				},
				{
					"name": "LeftLeg",
					"pivot": [1.9, 12, 0],
					"cubes": [
						{
							"origin": [-0.03359, 0, -2.03516],
							"size": [4, 12, 4],
							"inflate": 0.25,
							"uv": {
								"north": {"uv": [34, 0], "uv_size": [4, 12]},
								"east": {"uv": [34, 12], "uv_size": [4, 12]},
								"south": {"uv": [34, 31], "uv_size": [4, 12]},
								"west": {"uv": [16, 35], "uv_size": [4, 12]},
								"up": {"uv": [59, 4], "uv_size": [4, 4]},
								"down": {"uv": [59, 12], "uv_size": [4, -4]}
							}
						}
					]
				}
			]
		}
	]
}