{
	"format_version": "1.12.0",
	"minecraft:geometry": [
		{
			"description": {
				"identifier": "geometry.frenchcalvary_uniform",
				"texture_width": 128,
				"texture_height": 128,
				"visible_bounds_width": 3,
				"visible_bounds_height": 5,
				"visible_bounds_offset": [0, 1.5, 0]
			},
			"bones": [
				{
					"name": "bb_main",
					"pivot": [0, 0, 0],
					"cubes": [
						{
							"origin": [-4, 12, -1.97656],
							"size": [8, 12, 4],
							"inflate": 0.25,
							"uv": {
								"north": {"uv": [0, 0], "uv_size": [8, 12]},
								"east": {"uv": [28, 12], "uv_size": [4, 12]},
								"south": {"uv": [8, 0], "uv_size": [8, 12]},
								"west": {"uv": [28, 24], "uv_size": [4, 12]},
								"up": {"uv": [36, 38], "uv_size": [8, 4]},
								"down": {"uv": [0, 43], "uv_size": [8, -4]}
							}
						}
					]
				},
				{
					"name": "Head",
					"pivot": [0, 24, 0]
				},
				{
					"name": "Helmet",
					"parent": "Head",
					"pivot": [0, 23.5, 0.5],
					"rotation": [-5, 0, 0],
					"cubes": [
						{
							"origin": [-8.62447, 27.22346, -4.10038],
							"size": [2.625, 7.125, 9.1875],
							"pivot": [-4.60295, 35.34846, -4.15392],
							"rotation": [0, 0, -90],
							"uv": {
								"north": {"uv": [21, 43], "uv_size": [2.5, 7]},
								"east": {"uv": [16, 0], "uv_size": [9, 7]},
								"south": {"uv": [46, 5], "uv_size": [2.5, 7]},
								"west": {"uv": [18, 7], "uv_size": [9, 7]},
								"up": {"uv": [5, 43], "uv_size": [2.5, 9]},
								"down": {"uv": [43, 14], "uv_size": [2.5, -9]}
							}
						},
						{
							"origin": [-4.04045, 30.76445, -3.22538],
							"size": [1.625, 4.8125, 7.4375],
							"pivot": [-2.41545, 35.57695, -3.22538],
							"rotation": [0, 0, -90],
							"uv": {
								"north": {"uv": [17, 60], "uv_size": [1.5, 5]},
								"east": {"uv": [36, 33], "uv_size": [7.5, 5]},
								"south": {"uv": [27, 60], "uv_size": [1.5, 5]},
								"west": {"uv": [16, 38], "uv_size": [7.5, 5]},
								"up": {"uv": [23, 55], "uv_size": [1.5, 7.5]},
								"down": {"uv": [25, 62.5], "uv_size": [1.5, -7.5]}
							}
						},
						{
							"origin": [-2.72795, 38.57695, -1.97538],
							"size": [3.25, 1.5625, 5.6875],
							"pivot": [0.52205, 38.82695, -1.97538],
							"rotation": [0, 0, -90],
							"uv": {
								"north": {"uv": [62, 12], "uv_size": [3.5, 1.5]},
								"east": {"uv": [60, 50], "uv_size": [5.5, 1.5]},
								"south": {"uv": [62, 14], "uv_size": [3.5, 1.5]},
								"west": {"uv": [53, 60], "uv_size": [5.5, 1.5]},
								"up": {"uv": [32, 44], "uv_size": [3.5, 5.5]},
								"down": {"uv": [45, 29.5], "uv_size": [3.5, -5.5]}
							}
						},
						{
							"origin": [-2.97795, 37.71634, 2.04447],
							"size": [3.5, 1.5625, 1.6875],
							"pivot": [0.52205, 37.96634, 3.73197],
							"rotation": [0, 40, -90],
							"uv": {
								"north": {"uv": [62, 59], "uv_size": [3.5, 1.5]},
								"east": {"uv": [59, 63], "uv_size": [1.5, 1.5]},
								"south": {"uv": [62, 61], "uv_size": [3.5, 1.5]},
								"west": {"uv": [68, 10], "uv_size": [1.5, 1.5]},
								"up": {"uv": [0, 63], "uv_size": [3.5, 1.5]},
								"down": {"uv": [63, 6.5], "uv_size": [3.5, -1.5]}
							}
						},
						{
							"origin": [-1.98403, 33.11171, 4.17959],
							"size": [3.125, 1.5625, 2.0625],
							"pivot": [0.0533, 33.83046, 5.75556],
							"rotation": [0, 12.5, -90],
							"uv": {
								"north": {"uv": [52, 47], "uv_size": [3, 1.5]},
								"east": {"uv": [43, 24], "uv_size": [2, 1.5]},
								"south": {"uv": [41, 55], "uv_size": [3, 1.5]},
								"west": {"uv": [46, 12], "uv_size": [2, 1.5]},
								"up": {"uv": [45, 30], "uv_size": [3, 2]},
								"down": {"uv": [49, 40], "uv_size": [3, -2]}
							}
						},
						{
							"origin": [0.52205, 38.51445, -2.03788],
							"size": [1.25, 1.6875, 5.875],
							"pivot": [0.52205, 38.82695, -1.97538],
							"rotation": [0, -5, -90],
							"uv": {
								"north": {"uv": [69, 49], "uv_size": [1, 1.5]},
								"east": {"uv": [36, 60], "uv_size": [6, 1.5]},
								"south": {"uv": [53, 69], "uv_size": [1, 1.5]},
								"west": {"uv": [60, 37], "uv_size": [6, 1.5]},
								"up": {"uv": [32, 61], "uv_size": [1, 6]},
								"down": {"uv": [33, 67], "uv_size": [1, -6]}
							}
						},
						{
							"origin": [1.77205, 38.88945, -1.53788],
							"size": [1.5, 0.75, 0.75],
							"pivot": [0.52205, 38.82695, -1.97538],
							"rotation": [0, -5, -90],
							"uv": {
								"north": {"uv": [69, 49], "uv_size": [1, 1.5]},
								"east": {"uv": [36, 60], "uv_size": [6, 1.5]},
								"south": {"uv": [53, 69], "uv_size": [1, 1.5]},
								"west": {"uv": [60, 37], "uv_size": [6, 1.5]},
								"up": {"uv": [32, 61], "uv_size": [1, 6]},
								"down": {"uv": [33, 67], "uv_size": [1, -6]}
							}
						},
						{
							"origin": [2.89705, 38.38945, -2.03788],
							"size": [1.25, 1.75, 1.75],
							"pivot": [0.52205, 38.82695, -1.97538],
							"rotation": [0, -5, -90],
							"uv": {
								"north": {"uv": [69, 49], "uv_size": [1, 1.5]},
								"east": {"uv": [36, 60], "uv_size": [6, 1.5]},
								"south": {"uv": [53, 69], "uv_size": [1, 1.5]},
								"west": {"uv": [60, 37], "uv_size": [6, 1.5]},
								"up": {"uv": [32, 61], "uv_size": [1, 6]},
								"down": {"uv": [33, 67], "uv_size": [1, -6]}
							}
						},
						{
							"origin": [-0.16545, 38.82839, 3.50584],
							"size": [1.25, 1.6875, 3.75],
							"pivot": [0.58455, 39.07839, 3.75584],
							"rotation": [0, -52.5, -90],
							"uv": {
								"north": {"uv": [54, 69], "uv_size": [1, 1.5]},
								"east": {"uv": [62, 43], "uv_size": [3.5, 1.5]},
								"south": {"uv": [55, 69], "uv_size": [1, 1.5]},
								"west": {"uv": [54, 62], "uv_size": [3.5, 1.5]},
								"up": {"uv": [17, 65], "uv_size": [1, 3.5]},
								"down": {"uv": [18, 68.5], "uv_size": [1, -3.5]}
							}
						},
						{
							"origin": [-0.16545, 36.15083, 5.81041],
							"size": [1.25, 1.6875, 4.625],
							"pivot": [0.58455, 36.40083, 5.81041],
							"rotation": [0, -70, -90],
							"uv": {
								"north": {"uv": [56, 69], "uv_size": [1, 1.5]},
								"east": {"uv": [0, 61], "uv_size": [4.5, 1.5]},
								"south": {"uv": [69, 61], "uv_size": [1, 1.5]},
								"west": {"uv": [61, 1], "uv_size": [4.5, 1.5]},
								"up": {"uv": [50, 63], "uv_size": [1, 4.5]},
								"down": {"uv": [51, 67.5], "uv_size": [1, -4.5]}
							}
						},
						{
							"origin": [-4.41545, 34.51445, -3.22538],
							"size": [2, 1.0625, 7.4375],
							"pivot": [-2.41545, 35.57695, -3.22538],
							"rotation": [0, 0, -55],
							"uv": {
								"north": {"uv": [68, 66], "uv_size": [2, 1]},
								"east": {"uv": [60, 29], "uv_size": [7.5, 1]},
								"south": {"uv": [68, 67], "uv_size": [2, 1]},
								"west": {"uv": [60, 42], "uv_size": [7.5, 1]},
								"up": {"uv": [19, 48], "uv_size": [2, 7.5]},
								"down": {"uv": [21, 57.5], "uv_size": [2, -7.5]}
							}
						},
						{
							"origin": [2.41545, 34.51445, -3.22538],
							"size": [2, 1.0625, 7.4375],
							"pivot": [2.41545, 35.57695, -3.22538],
							"rotation": [0, 0, 55],
							"uv": {
								"north": {"uv": [10, 69], "uv_size": [2, 1]},
								"east": {"uv": [60, 52], "uv_size": [7.5, 1]},
								"south": {"uv": [12, 69], "uv_size": [2, 1]},
								"west": {"uv": [61, 0], "uv_size": [7.5, 1]},
								"up": {"uv": [32, 50], "uv_size": [2, 7.5]},
								"down": {"uv": [34, 57.5], "uv_size": [2, -7.5]}
							}
						},
						{
							"origin": [-4.41545, 34.51445, -3.22538],
							"size": [2, 1.0625, 0.8125],
							"pivot": [-2.41545, 35.57695, -3.22538],
							"rotation": [0, -22.5, -55],
							"uv": {
								"north": {"uv": [68, 68], "uv_size": [2, 1]},
								"east": {"uv": [70, 51], "uv_size": [1, 1]},
								"south": {"uv": [69, 0], "uv_size": [2, 1]},
								"west": {"uv": [52, 70], "uv_size": [1, 1]},
								"up": {"uv": [69, 3], "uv_size": [2, 1]},
								"down": {"uv": [69, 5], "uv_size": [2, -1]}
							}
						},
						{
							"origin": [2.41545, 34.51445, -3.22538],
							"size": [2, 1.0625, 0.8125],
							"pivot": [2.41545, 35.57695, -3.22538],
							"rotation": [0, 22.5, 55],
							"uv": {
								"north": {"uv": [69, 28], "uv_size": [2, 1]},
								"east": {"uv": [70, 56], "uv_size": [1, 1]},
								"south": {"uv": [69, 29], "uv_size": [2, 1]},
								"west": {"uv": [57, 70], "uv_size": [1, 1]},
								"up": {"uv": [69, 30], "uv_size": [2, 1]},
								"down": {"uv": [69, 32], "uv_size": [2, -1]}
							}
						},
						{
							"origin": [-5.12356, 34.20295, 3.37779],
							"size": [2, 1.0625, 0.8125],
							"pivot": [-2.41545, 34.84646, 0.91712],
							"rotation": [0, 22.5, -55],
							"uv": {
								"north": {"uv": [69, 5], "uv_size": [2, 1]},
								"east": {"uv": [70, 52], "uv_size": [1, 1]},
								"south": {"uv": [69, 7], "uv_size": [2, 1]},
								"west": {"uv": [70, 53], "uv_size": [1, 1]},
								"up": {"uv": [69, 8], "uv_size": [2, 1]},
								"down": {"uv": [69, 10], "uv_size": [2, -1]}
							}
						},
						{
							"origin": [3.12356, 34.20295, 3.37779],
							"size": [2, 1.0625, 0.8125],
							"pivot": [2.41545, 34.84646, 0.91712],
							"rotation": [0, -22.5, 55],
							"uv": {
								"north": {"uv": [17, 69], "uv_size": [2, 1]},
								"east": {"uv": [70, 54], "uv_size": [1, 1]},
								"south": {"uv": [69, 25], "uv_size": [2, 1]},
								"west": {"uv": [70, 55], "uv_size": [1, 1]},
								"up": {"uv": [69, 26], "uv_size": [2, 1]},
								"down": {"uv": [69, 28], "uv_size": [2, -1]}
							}
						},
						{
							"origin": [-5.04045, 30.01445, -3.22538],
							"size": [1.875, 4.8125, 1.0625],
							"pivot": [-3.16545, 35.57695, -3.22538],
							"rotation": [0, -27.5, -90],
							"uv": {
								"north": {"uv": [7, 59], "uv_size": [2, 5]},
								"east": {"uv": [26, 63], "uv_size": [1, 5]},
								"south": {"uv": [59, 53], "uv_size": [2, 5]},
								"west": {"uv": [42, 63], "uv_size": [1, 5]},
								"up": {"uv": [10, 56], "uv_size": [2, 1]},
								"down": {"uv": [61, 6], "uv_size": [2, -1]}
							}
						},
						{
							"origin": [-5.04045, 29.26445, -3.22538],
							"size": [0.75, 0.8125, 1.0625],
							"pivot": [-3.16545, 35.57695, -3.22538],
							"rotation": [0, -27.5, -90],
							"uv": {
								"north": {"uv": [22, 70], "uv_size": [1, 1]},
								"east": {"uv": [70, 22], "uv_size": [1, 1]},
								"south": {"uv": [23, 70], "uv_size": [1, 1]},
								"west": {"uv": [70, 23], "uv_size": [1, 1]},
								"up": {"uv": [24, 70], "uv_size": [1, 1]},
								"down": {"uv": [70, 25], "uv_size": [1, -1]}
							}
						},
						{
							"origin": [4.29045, 29.26445, -3.22538],
							"size": [0.75, 0.8125, 1.0625],
							"pivot": [3.16545, 35.57695, -3.22538],
							"rotation": [0, 27.5, 90],
							"uv": {
								"north": {"uv": [31, 70], "uv_size": [1, 1]},
								"east": {"uv": [32, 70], "uv_size": [1, 1]},
								"south": {"uv": [70, 32], "uv_size": [1, 1]},
								"west": {"uv": [33, 70], "uv_size": [1, 1]},
								"up": {"uv": [70, 33], "uv_size": [1, 1]},
								"down": {"uv": [34, 71], "uv_size": [1, -1]}
							}
						},
						{
							"origin": [4.79189, 28.77746, 3.12628],
							"size": [0.75, 0.8125, 1.0625],
							"pivot": [3.08455, 35.08996, 2.01545],
							"rotation": [0, -27.5, 90],
							"uv": {
								"north": {"uv": [70, 34], "uv_size": [1, 1]},
								"east": {"uv": [35, 70], "uv_size": [1, 1]},
								"south": {"uv": [70, 35], "uv_size": [1, 1]},
								"west": {"uv": [70, 37], "uv_size": [1, 1]},
								"up": {"uv": [70, 38], "uv_size": [1, 1]},
								"down": {"uv": [70, 40], "uv_size": [1, -1]}
							}
						},
						{
							"origin": [-5.54189, 28.77746, 3.12628],
							"size": [0.75, 0.8125, 1.0625],
							"pivot": [-3.08455, 35.08996, 2.01545],
							"rotation": [0, 27.5, -90],
							"uv": {
								"north": {"uv": [70, 45], "uv_size": [1, 1]},
								"east": {"uv": [70, 46], "uv_size": [1, 1]},
								"south": {"uv": [70, 49], "uv_size": [1, 1]},
								"west": {"uv": [50, 70], "uv_size": [1, 1]},
								"up": {"uv": [70, 50], "uv_size": [1, 1]},
								"down": {"uv": [51, 71], "uv_size": [1, -1]}
							}
						},
						{
							"origin": [-4.29045, 29.76445, -3.22538],
							"size": [0.375, 0.3125, 1.0625],
							"pivot": [-3.16545, 35.57695, -3.22538],
							"rotation": [0, -27.5, -90],
							"uv": {
								"north": {"uv": [58, 72], "uv_size": [0.5, 0.5]},
								"east": {"uv": [71, 17], "uv_size": [1, 0.5]},
								"south": {"uv": [72, 58], "uv_size": [0.5, 0.5]},
								"west": {"uv": [18, 71], "uv_size": [1, 0.5]},
								"up": {"uv": [19, 71], "uv_size": [0.5, 1]},
								"down": {"uv": [20, 72], "uv_size": [0.5, -1]}
							}
						},
						{
							"origin": [3.91545, 29.76445, -3.22538],
							"size": [0.375, 0.3125, 1.0625],
							"pivot": [3.16545, 35.57695, -3.22538],
							"rotation": [0, 27.5, 90],
							"uv": {
								"north": {"uv": [59, 72], "uv_size": [0.5, 0.5]},
								"east": {"uv": [21, 71], "uv_size": [1, 0.5]},
								"south": {"uv": [72, 59], "uv_size": [0.5, 0.5]},
								"west": {"uv": [22, 71], "uv_size": [1, 0.5]},
								"up": {"uv": [71, 22], "uv_size": [0.5, 1]},
								"down": {"uv": [23, 72], "uv_size": [0.5, -1]}
							}
						},
						{
							"origin": [5.33455, 28.26445, 3.14962],
							"size": [0.375, 0.3125, 1.0625],
							"pivot": [4.58455, 35.57695, 4.21212],
							"rotation": [0, -27.5, 90],
							"uv": {
								"north": {"uv": [60, 72], "uv_size": [0.5, 0.5]},
								"east": {"uv": [71, 23], "uv_size": [1, 0.5]},
								"south": {"uv": [72, 60], "uv_size": [0.5, 0.5]},
								"west": {"uv": [24, 71], "uv_size": [1, 0.5]},
								"up": {"uv": [71, 24], "uv_size": [0.5, 1]},
								"down": {"uv": [71, 26], "uv_size": [0.5, -1]}
							}
						},
						{
							"origin": [-5.70955, 28.26445, 3.14962],
							"size": [0.375, 0.3125, 1.0625],
							"pivot": [-4.58455, 35.57695, 4.21212],
							"rotation": [0, 27.5, -90],
							"uv": {
								"north": {"uv": [61, 72], "uv_size": [0.5, 0.5]},
								"east": {"uv": [28, 71], "uv_size": [1, 0.5]},
								"south": {"uv": [72, 61], "uv_size": [0.5, 0.5]},
								"west": {"uv": [71, 28], "uv_size": [1, 0.5]},
								"up": {"uv": [29, 71], "uv_size": [0.5, 1]},
								"down": {"uv": [71, 30], "uv_size": [0.5, -1]}
							}
						},
						{
							"origin": [-4.54045, 35.13945, -3.22538],
							"size": [2.125, 0.4375, 1.0625],
							"pivot": [-2.41545, 35.57695, -3.22538],
							"rotation": [-15.62633, -22.91934, -54.31328],
							"uv": {
								"north": {"uv": [70, 19], "uv_size": [2, 0.5]},
								"east": {"uv": [15, 71], "uv_size": [1, 0.5]},
								"south": {"uv": [20, 70], "uv_size": [2, 0.5]},
								"west": {"uv": [71, 15], "uv_size": [1, 0.5]},
								"up": {"uv": [53, 68], "uv_size": [2, 1]},
								"down": {"uv": [68, 54], "uv_size": [2, -1]}
							}
						},
						{
							"origin": [-5.09698, 34.1816, 3.12239],
							"size": [2.125, 0.4375, 1.0625],
							"pivot": [-2.41545, 35.00879, 1.64934],
							"rotation": [16.62484, 22.22485, -51.71239],
							"uv": {
								"north": {"uv": [70, 40], "uv_size": [2, 0.5]},
								"east": {"uv": [26, 71], "uv_size": [1, 0.5]},
								"south": {"uv": [70, 42], "uv_size": [2, 0.5]},
								"west": {"uv": [71, 26], "uv_size": [1, 0.5]},
								"up": {"uv": [68, 55], "uv_size": [2, 1]},
								"down": {"uv": [68, 57], "uv_size": [2, -1]}
							}
						},
						{
							"origin": [2.97198, 34.1816, 3.12239],
							"size": [2.125, 0.4375, 1.0625],
							"pivot": [2.41545, 35.00879, 1.64934],
							"rotation": [16.62484, -22.22485, 51.71239],
							"uv": {
								"north": {"uv": [70, 43], "uv_size": [2, 0.5]},
								"east": {"uv": [27, 71], "uv_size": [1, 0.5]},
								"south": {"uv": [70, 44], "uv_size": [2, 0.5]},
								"west": {"uv": [71, 27], "uv_size": [1, 0.5]},
								"up": {"uv": [68, 57], "uv_size": [2, 1]},
								"down": {"uv": [68, 59], "uv_size": [2, -1]}
							}
						},
						{
							"origin": [2.41545, 35.13945, -3.22538],
							"size": [2.125, 0.4375, 1.0625],
							"pivot": [2.41545, 35.57695, -3.22538],
							"rotation": [-15.62633, 22.91934, 54.31328],
							"uv": {
								"north": {"uv": [70, 20], "uv_size": [2, 0.5]},
								"east": {"uv": [16, 71], "uv_size": [1, 0.5]},
								"south": {"uv": [70, 21], "uv_size": [2, 0.5]},
								"west": {"uv": [17, 71], "uv_size": [1, 0.5]},
								"up": {"uv": [68, 54], "uv_size": [2, 1]},
								"down": {"uv": [55, 69], "uv_size": [2, -1]}
							}
						},
						{
							"origin": [-5.04045, 30.01445, 3.14962],
							"size": [1.875, 4.8125, 1.0625],
							"pivot": [-3.16545, 35.57695, 4.21212],
							"rotation": [0, 27.5, -90],
							"uv": {
								"north": {"uv": [59, 58], "uv_size": [2, 5]},
								"east": {"uv": [43, 63], "uv_size": [1, 5]},
								"south": {"uv": [9, 60], "uv_size": [2, 5]},
								"west": {"uv": [44, 63], "uv_size": [1, 5]},
								"up": {"uv": [68, 42], "uv_size": [2, 1]},
								"down": {"uv": [68, 53], "uv_size": [2, -1]}
							}
						},
						{
							"origin": [3.19171, 33.41425, -4.09488],
							"size": [2.75, 1.125, 9.1873],
							"pivot": [2.97795, 33.95195, -4.10038],
							"rotation": [0, 0, 70],
							"uv": {
								"north": {"uv": [66, 44], "uv_size": [3, 1]},
								"east": {"uv": [60, 27], "uv_size": [9, 1]},
								"south": {"uv": [66, 50], "uv_size": [3, 1]},
								"west": {"uv": [60, 28], "uv_size": [9, 1]},
								"up": {"uv": [36, 42], "uv_size": [3, 9]},
								"down": {"uv": [39, 51], "uv_size": [3, -9]}
							}
						},
						{
							"origin": [-5.94171, 33.41425, -4.09488],
							"size": [2.75, 1.125, 9.1873],
							"pivot": [-2.97795, 33.95195, -4.10038],
							"rotation": [0, 0, -70],
							"uv": {
								"north": {"uv": [69, 44], "uv_size": [-3, 1]},
								"east": {"uv": [69, 28], "uv_size": [-9, 1]},
								"south": {"uv": [69, 50], "uv_size": [-3, 1]},
								"west": {"uv": [69, 27], "uv_size": [-9, 1]},
								"up": {"uv": [39, 42], "uv_size": [-3, 9]},
								"down": {"uv": [42, 51], "uv_size": [-3, -9]}
							}
						},
						{
							"origin": [-5.10295, 28.57695, -4.10038],
							"size": [3.375, 9.125, 9.1875],
							"pivot": [0.02205, 33.07695, 0.58712],
							"rotation": [0, 0, -90],
							"uv": {
								"north": {"uv": [24, 38], "uv_size": [3.5, 9]},
								"east": {"uv": [0, 12], "uv_size": [9, 9]},
								"south": {"uv": [39, 0], "uv_size": [3.5, 9]},
								"west": {"uv": [9, 12], "uv_size": [9, 9]},
								"up": {"uv": [8, 39], "uv_size": [3.5, 9]},
								"down": {"uv": [12, 48], "uv_size": [3.5, -9]}
							}
						},
						{
							"origin": [-4.72795, 28.07695, -2.60038],
							"size": [1, 0.5, 1],
							"pivot": [0.02205, 33.07695, 0.58712],
							"rotation": [0, 0, -90],
							"uv": {
								"north": {"uv": [32, 44.125], "uv_size": [3.5, 5.375]},
								"east": {"uv": [32, 44.125], "uv_size": [3.5, 5.375]},
								"south": {"uv": [32, 44.125], "uv_size": [3.5, 5.375]},
								"west": {"uv": [32, 44.125], "uv_size": [3.5, 5.375]},
								"up": {"uv": [35.5, 49.5], "uv_size": [-3.5, -5.375]},
								"down": {"uv": [35.5, 49.5], "uv_size": [-3.5, -5.375]}
							}
						},
						{
							"origin": [3.72795, 28.07695, -2.60038],
							"size": [1, 0.5, 1],
							"pivot": [-0.02205, 33.07695, 0.58712],
							"rotation": [0, 0, 90],
							"uv": {
								"north": {"uv": [35.5, 44.125], "uv_size": [-3.5, 5.375]},
								"east": {"uv": [35.5, 44.125], "uv_size": [-3.5, 5.375]},
								"south": {"uv": [35.5, 44.125], "uv_size": [-3.5, 5.375]},
								"west": {"uv": [35.5, 44.125], "uv_size": [-3.5, 5.375]},
								"up": {"uv": [32, 49.5], "uv_size": [3.5, -5.375]},
								"down": {"uv": [32, 49.5], "uv_size": [3.5, -5.375]}
							}
						},
						{
							"origin": [-2.85295, 27.95195, -3.47538],
							"size": [1.25, 0.625, 1.125],
							"pivot": [0.02205, 33.07695, 0.58712],
							"rotation": [0, 0, -90],
							"uv": {
								"north": {"uv": [32, 44.125], "uv_size": [3.5, 5.375]},
								"east": {"uv": [32, 44.125], "uv_size": [3.5, 5.375]},
								"south": {"uv": [32, 44.125], "uv_size": [3.5, 5.375]},
								"west": {"uv": [32, 44.125], "uv_size": [3.5, 5.375]},
								"up": {"uv": [35.5, 49.5], "uv_size": [-3.5, -5.375]},
								"down": {"uv": [35.5, 49.5], "uv_size": [-3.5, -5.375]}
							}
						},
						{
							"origin": [-1.60295, 28.07695, -3.22538],
							"size": [1.25, 0.5, 0.5],
							"pivot": [0.02205, 33.07695, 0.58712],
							"rotation": [0, 0, -90],
							"uv": {
								"north": {"uv": [32, 44], "uv_size": [3.5, 5.5]},
								"east": {"uv": [32, 44], "uv_size": [3.5, 5.5]},
								"south": {"uv": [32, 44], "uv_size": [3.5, 5.5]},
								"west": {"uv": [32, 44], "uv_size": [3.5, 5.5]},
								"up": {"uv": [35.5, 49.5], "uv_size": [-3.5, -5.5]},
								"down": {"uv": [35.5, 49.5], "uv_size": [-3.5, -5.5]}
							}
						},
						{
							"origin": [-0.35295, 27.45195, -3.85038],
							"size": [8, 1.75, 1.75],
							"pivot": [0.02205, 33.07695, 0.58712],
							"rotation": [0, 0, -90],
							"uv": {
								"north": {"uv": [15.5, 39], "uv_size": [-3.5, 9]},
								"east": {"uv": [15.5, 39], "uv_size": [-3.5, 9]},
								"south": {"uv": [15.5, 39], "uv_size": [-3.5, 9]},
								"west": {"uv": [15.5, 39], "uv_size": [-3.5, 9]},
								"up": {"uv": [12, 48], "uv_size": [3.5, -9]},
								"down": {"uv": [12, 48], "uv_size": [3.5, -9]}
							}
						},
						{
							"origin": [-0.08124, 28.20384, -2.47538],
							"size": [4.875, 0.875, 0.75],
							"pivot": [4.77205, 28.32695, -2.47538],
							"rotation": [0, 0, -80],
							"uv": {
								"north": {"uv": [32.125, 44], "uv_size": [3.375, 5.5]},
								"east": {"uv": [32.125, 44], "uv_size": [3.375, 5.5]},
								"south": {"uv": [32.125, 44], "uv_size": [3.375, 5.5]},
								"west": {"uv": [32.125, 44], "uv_size": [3.375, 5.5]},
								"up": {"uv": [35.5, 49.5], "uv_size": [-3.375, -5.5]},
								"down": {"uv": [35.5, 49.5], "uv_size": [-3.375, -5.5]}
							}
						},
						{
							"origin": [-4.78837, 28.20302, -2.47538],
							"size": [4.875, 0.875, 0.75],
							"pivot": [-4.77205, 28.32695, -2.47538],
							"rotation": [0, 0, 82.5],
							"uv": {
								"north": {"uv": [35.5, 44], "uv_size": [-3.375, 5.5]},
								"east": {"uv": [35.5, 44], "uv_size": [-3.375, 5.5]},
								"south": {"uv": [35.5, 44], "uv_size": [-3.375, 5.5]},
								"west": {"uv": [35.5, 44], "uv_size": [-3.375, 5.5]},
								"up": {"uv": [32.125, 49.5], "uv_size": [3.375, -5.5]},
								"down": {"uv": [32.125, 49.5], "uv_size": [3.375, -5.5]}
							}
						},
						{
							"origin": [-9.60295, 29.20195, -2.47538],
							"size": [0.625, 7.875, 0.75],
							"pivot": [0.02205, 33.07695, 0.58712],
							"rotation": [0, 0, -90],
							"uv": {
								"north": {"uv": [32, 44], "uv_size": [3.5, 5.5]},
								"east": {"uv": [32, 44], "uv_size": [3.5, 5.5]},
								"south": {"uv": [32, 44], "uv_size": [3.5, 5.5]},
								"west": {"uv": [32, 44], "uv_size": [3.5, 5.5]},
								"up": {"uv": [35.5, 49.5], "uv_size": [-3.5, -5.5]},
								"down": {"uv": [35.5, 49.5], "uv_size": [-3.5, -5.5]}
							}
						},
						{
							"origin": [3.95955, 28.57695, -5.28788],
							"size": [0.6875, 9.25, 1.25],
							"pivot": [4.64705, 28.57695, -5.28788],
							"rotation": [0, 0, -90],
							"uv": {
								"north": {"uv": [45, 63], "uv_size": [0.5, 9]},
								"east": {"uv": [27, 51], "uv_size": [1.5, 9]},
								"south": {"uv": [49, 63], "uv_size": [0.5, 9]},
								"west": {"uv": [53, 22], "uv_size": [1.5, 9]},
								"up": {"uv": [70, 67], "uv_size": [0.5, 1.5]},
								"down": {"uv": [70, 70.5], "uv_size": [0.5, -1.5]}
							}
						},
						{
							"origin": [4.02205, 28.57695, -5.28788],
							"size": [0.625, 9.25, 1.25],
							"pivot": [4.64705, 28.57695, -5.28788],
							"rotation": [0, 17.5, -90],
							"uv": {
								"north": {"uv": [46, 57], "uv_size": [1, 9]},
								"east": {"uv": [29, 53], "uv_size": [1.5, 9]},
								"south": {"uv": [13, 60], "uv_size": [1, 9]},
								"west": {"uv": [47, 53], "uv_size": [1.5, 9]},
								"up": {"uv": [51, 68], "uv_size": [1, 1.5]},
								"down": {"uv": [57, 69.5], "uv_size": [1, -1.5]}
							}
						}
					]
				},
				{
					"name": "Body",
					"pivot": [0, 24, 0],
					"cubes": [
						{
							"origin": [-4, 5.6875, 2.27344],
							"size": [8, 5.8125, 0],
							"inflate": 0.25,
							"pivot": [0, 8.375, 2.27344],
							"rotation": [5, 0, 0],
							"uv": {
								"north": {"uv": [0, 21], "uv_size": [8, 6]},
								"east": {"uv": [0, 0], "uv_size": [0, 6]},
								"south": {"uv": [8, 21], "uv_size": [8, 6]},
								"west": {"uv": [0, 0], "uv_size": [0, 6]},
								"up": {"uv": [0, 0], "uv_size": [8, 0]},
								"down": {"uv": [0, 0], "uv_size": [8, 0]}
							}
						},
						{
							"origin": [-4, 5.72047, 2.5287],
							"size": [3.625, 2.4375, 0],
							"inflate": 0.25,
							"pivot": [-4.25, 5.47047, 2.77851],
							"rotation": [4.83045, -1.29256, 14.94548],
							"uv": {
								"north": {"uv": [42, 60], "uv_size": [3.5, 2.5]},
								"east": {"uv": [45, 60], "uv_size": [0.5, 2.5]},
								"south": {"uv": [42, 60], "uv_size": [3.5, 2.5]},
								"west": {"uv": [42, 60], "uv_size": [0.5, 2.5]},
								"up": {"uv": [45.5, 60.5], "uv_size": [-3.5, -0.5]},
								"down": {"uv": [45.5, 62.5], "uv_size": [-3.5, -0.5]}
							}
						},
						{
							"origin": [0.5, 5.72047, 2.5287],
							"size": [3.5, 2.4375, 0],
							"inflate": 0.25,
							"pivot": [4.25, 5.47047, 2.77851],
							"rotation": [4.83045, 1.29256, -14.94548],
							"uv": {
								"north": {"uv": [49, 60], "uv_size": [3.5, 2.5]},
								"east": {"uv": [52, 60], "uv_size": [0.5, 2.625]},
								"south": {"uv": [49, 60], "uv_size": [3.5, 2.5]},
								"west": {"uv": [49, 60], "uv_size": [0.5, 2.5]},
								"up": {"uv": [52.5, 62.5], "uv_size": [-3.5, -2.5]},
								"down": {"uv": [52.5, 62.5], "uv_size": [-3.5, -0.5]}
							}
						},
						{
							"origin": [-0.36362, 11.54734, -2.47656],
							"size": [1.0625, 10.8125, 0],
							"inflate": 0.25,
							"pivot": [-0.08237, 18.45359, -2.47656],
							"rotation": [0, 0, 37.5],
							"uv": {
								"north": {"uv": [19, 56], "uv_size": [1, 11]},
								"east": {"uv": [0, 0], "uv_size": [0, 11]},
								"south": {"uv": [20, 56], "uv_size": [1, 11]},
								"west": {"uv": [0, 0], "uv_size": [0, 11]},
								"up": {"uv": [0, 0], "uv_size": [1, 0]},
								"down": {"uv": [0, 0], "uv_size": [1, 0]}
							}
						},
						{
							"origin": [-0.36362, 11.54734, 2.27344],
							"size": [1.0625, 10.8125, 0],
							"inflate": 0.25,
							"pivot": [-0.08237, 18.45359, 2.27344],
							"rotation": [0, 0, 37.5],
							"uv": {
								"north": {"uv": [15, 57], "uv_size": [1, 11]},
								"east": {"uv": [0, 0], "uv_size": [0, 11]},
								"south": {"uv": [16, 57], "uv_size": [1, 11]},
								"west": {"uv": [0, 0], "uv_size": [0, 11]},
								"up": {"uv": [0, 0], "uv_size": [1, 0]},
								"down": {"uv": [0, 0], "uv_size": [1, 0]}
							}
						},
						{
							"origin": [-4.55818, 12.39837, -2.47656],
							"size": [0.6875, 0.5, 4.75],
							"inflate": 0.25,
							"uv": {
								"north": {"uv": [38, 71], "uv_size": [0.5, 0.5]},
								"east": {"uv": [66, 59], "uv_size": [5, 0.5]},
								"south": {"uv": [71, 38], "uv_size": [0.5, 0.5]},
								"west": {"uv": [66, 60], "uv_size": [5, 0.5]},
								"up": {"uv": [65, 66], "uv_size": [0.5, 5]},
								"down": {"uv": [66, 71], "uv_size": [0.5, -5]}
							}
						}
					]
				},
				{
					"name": "bone3",
					"parent": "Body",
					"pivot": [0, 0, -0.125],
					"cubes": [
						{
							"origin": [-4.6942, 11.3075, -3.0442],
							"size": [0.6384, 0.6384, 0.6384],
							"uv": {
								"north": {"uv": [39, 71], "uv_size": [0.5, 0.5]},
								"east": {"uv": [71, 39], "uv_size": [0.5, 0.5]},
								"south": {"uv": [40, 71], "uv_size": [0.5, 0.5]},
								"west": {"uv": [41, 71], "uv_size": [0.5, 0.5]},
								"up": {"uv": [71, 41], "uv_size": [0.5, 0.5]},
								"down": {"uv": [42, 71.5], "uv_size": [0.5, -0.5]}
							}
						},
						{
							"origin": [2.20981, 24.04274, -2.40474],
							"size": [1.7634, 0.6384, 4.7634],
							"uv": {
								"north": {"uv": [18, 70], "uv_size": [2, 0.5]},
								"east": {"uv": [67, 6], "uv_size": [5, 0.5]},
								"south": {"uv": [70, 18], "uv_size": [2, 0.5]},
								"west": {"uv": [67, 16], "uv_size": [5, 0.5]},
								"up": {"uv": [21, 58], "uv_size": [2, 5]},
								"down": {"uv": [5, 64], "uv_size": [2, -5]}
							}
						},
						{
							"origin": [-3.97321, 24.04274, -2.40474],
							"size": [1.7634, 0.6384, 4.7634],
							"uv": {
								"north": {"uv": [70, 65], "uv_size": [2, 0.5]},
								"east": {"uv": [67, 63], "uv_size": [5, 0.5]},
								"south": {"uv": [70, 66], "uv_size": [2, 0.5]},
								"west": {"uv": [67, 64], "uv_size": [5, 0.5]},
								"up": {"uv": [11, 60], "uv_size": [2, 5]},
								"down": {"uv": [60, 17], "uv_size": [2, -5]}
							}
						},
						{
							"origin": [4.0558, 11.3075, -3.0442],
							"size": [0.6384, 0.6384, 0.6384],
							"uv": {
								"north": {"uv": [73, 37], "uv_size": [0.5, 0.5]},
								"east": {"uv": [38, 73], "uv_size": [0.5, 0.5]},
								"south": {"uv": [73, 38], "uv_size": [0.5, 0.5]},
								"west": {"uv": [39, 73], "uv_size": [0.5, 0.5]},
								"up": {"uv": [73, 39], "uv_size": [0.5, 0.5]},
								"down": {"uv": [40, 73.5], "uv_size": [0.5, -0.5]}
							}
						},
						{
							"origin": [4.0558, 11.3075, 2.4058],
							"size": [0.6384, 0.6384, 0.6384],
							"uv": {
								"north": {"uv": [40, 72], "uv_size": [0.5, 0.5]},
								"east": {"uv": [72, 40], "uv_size": [0.5, 0.5]},
								"south": {"uv": [41, 72], "uv_size": [0.5, 0.5]},
								"west": {"uv": [72, 41], "uv_size": [0.5, 0.5]},
								"up": {"uv": [42, 72], "uv_size": [0.5, 0.5]},
								"down": {"uv": [72, 42.5], "uv_size": [0.5, -0.5]}
							}
						},
						{
							"origin": [-4.6942, 11.3075, 2.4058],
							"size": [0.6384, 0.6384, 0.6384],
							"uv": {
								"north": {"uv": [55, 72], "uv_size": [0.5, 0.5]},
								"east": {"uv": [72, 55], "uv_size": [0.5, 0.5]},
								"south": {"uv": [56, 72], "uv_size": [0.5, 0.5]},
								"west": {"uv": [72, 56], "uv_size": [0.5, 0.5]},
								"up": {"uv": [57, 72], "uv_size": [0.5, 0.5]},
								"down": {"uv": [72, 57.5], "uv_size": [0.5, -0.5]}
							}
						},
						{
							"origin": [-2.8192, 11.3075, -3.2942],
							"size": [0.6384, 0.6384, 0.6384],
							"uv": {
								"north": {"uv": [43, 71], "uv_size": [0.5, 0.5]},
								"east": {"uv": [44, 71], "uv_size": [0.5, 0.5]},
								"south": {"uv": [71, 45], "uv_size": [0.5, 0.5]},
								"west": {"uv": [71, 46], "uv_size": [0.5, 0.5]},
								"up": {"uv": [47, 71], "uv_size": [0.5, 0.5]},
								"down": {"uv": [71, 47.5], "uv_size": [0.5, -0.5]}
							}
						},
						{
							"origin": [2.1808, 11.3075, -3.2942],
							"size": [0.6384, 0.6384, 0.6384],
							"uv": {
								"north": {"uv": [71, 54], "uv_size": [0.5, 0.5]},
								"east": {"uv": [55, 71], "uv_size": [0.5, 0.5]},
								"south": {"uv": [71, 55], "uv_size": [0.5, 0.5]},
								"west": {"uv": [56, 71], "uv_size": [0.5, 0.5]},
								"up": {"uv": [71, 56], "uv_size": [0.5, 0.5]},
								"down": {"uv": [57, 71.5], "uv_size": [0.5, -0.5]}
							}
						},
						{
							"origin": [2.1808, 11.3075, 2.6558],
							"size": [0.6384, 0.6384, 0.6384],
							"uv": {
								"north": {"uv": [43, 72], "uv_size": [0.5, 0.5]},
								"east": {"uv": [72, 43], "uv_size": [0.5, 0.5]},
								"south": {"uv": [44, 72], "uv_size": [0.5, 0.5]},
								"west": {"uv": [72, 44], "uv_size": [0.5, 0.5]},
								"up": {"uv": [45, 72], "uv_size": [0.5, 0.5]},
								"down": {"uv": [72, 45.5], "uv_size": [0.5, -0.5]}
							}
						},
						{
							"origin": [-2.8192, 11.3075, 2.6558],
							"size": [0.6384, 0.6384, 0.6384],
							"uv": {
								"north": {"uv": [52, 72], "uv_size": [0.5, 0.5]},
								"east": {"uv": [72, 52], "uv_size": [0.5, 0.5]},
								"south": {"uv": [53, 72], "uv_size": [0.5, 0.5]},
								"west": {"uv": [72, 53], "uv_size": [0.5, 0.5]},
								"up": {"uv": [54, 72], "uv_size": [0.5, 0.5]},
								"down": {"uv": [72, 54.5], "uv_size": [0.5, -0.5]}
							}
						},
						{
							"origin": [-0.8192, 11.3075, -3.5442],
							"size": [0.6384, 0.6384, 0.6384],
							"uv": {
								"north": {"uv": [48, 71], "uv_size": [0.5, 0.5]},
								"east": {"uv": [71, 48], "uv_size": [0.5, 0.5]},
								"south": {"uv": [71, 49], "uv_size": [0.5, 0.5]},
								"west": {"uv": [50, 71], "uv_size": [0.5, 0.5]},
								"up": {"uv": [71, 50], "uv_size": [0.5, 0.5]},
								"down": {"uv": [51, 71.5], "uv_size": [0.5, -0.5]}
							}
						},
						{
							"origin": [0.1808, 11.3075, -3.5442],
							"size": [0.6384, 0.6384, 0.6384],
							"uv": {
								"north": {"uv": [71, 51], "uv_size": [0.5, 0.5]},
								"east": {"uv": [52, 71], "uv_size": [0.5, 0.5]},
								"south": {"uv": [71, 52], "uv_size": [0.5, 0.5]},
								"west": {"uv": [53, 71], "uv_size": [0.5, 0.5]},
								"up": {"uv": [71, 53], "uv_size": [0.5, 0.5]},
								"down": {"uv": [54, 71.5], "uv_size": [0.5, -0.5]}
							}
						},
						{
							"origin": [0.1808, 11.3075, 2.9058],
							"size": [0.6384, 0.6384, 0.6384],
							"uv": {
								"north": {"uv": [46, 72], "uv_size": [0.5, 0.5]},
								"east": {"uv": [72, 46], "uv_size": [0.5, 0.5]},
								"south": {"uv": [47, 72], "uv_size": [0.5, 0.5]},
								"west": {"uv": [72, 47], "uv_size": [0.5, 0.5]},
								"up": {"uv": [48, 72], "uv_size": [0.5, 0.5]},
								"down": {"uv": [72, 48.5], "uv_size": [0.5, -0.5]}
							}
						},
						{
							"origin": [-0.8192, 11.3075, 2.9058],
							"size": [0.6384, 0.6384, 0.6384],
							"uv": {
								"north": {"uv": [49, 72], "uv_size": [0.5, 0.5]},
								"east": {"uv": [72, 49], "uv_size": [0.5, 0.5]},
								"south": {"uv": [50, 72], "uv_size": [0.5, 0.5]},
								"west": {"uv": [72, 50], "uv_size": [0.5, 0.5]},
								"up": {"uv": [51, 72], "uv_size": [0.5, 0.5]},
								"down": {"uv": [72, 51.5], "uv_size": [0.5, -0.5]}
							}
						}
					]
				},
				{
					"name": "Plate",
					"parent": "bone3",
					"pivot": [0, 15, -3.06363],
					"rotation": [2.5, 0, 0],
					"cubes": [
						{
							"origin": [-4.95, 14.28, -3.83312],
							"size": [5.04, 2.315, 0.9],
							"pivot": [0, 14.28, -3.11312],
							"rotation": [0, 7.5, 0],
							"uv": {
								"north": {"uv": [52, 44], "uv_size": [5, 2.5]},
								"east": {"uv": [0, 67], "uv_size": [1, 2.5]},
								"south": {"uv": [53, 6], "uv_size": [5, 2.5]},
								"west": {"uv": [1, 67], "uv_size": [1, 2.5]},
								"up": {"uv": [62, 16], "uv_size": [5, 1]},
								"down": {"uv": [62, 46], "uv_size": [5, -1]}
							}
						},
						{
							"origin": [-0.09, 14.28, -3.83312],
							"size": [5.04, 2.315, 0.9],
							"pivot": [0, 14.28, -3.11312],
							"rotation": [0, -7.5, 0],
							"uv": {
								"north": {"uv": [53, 9], "uv_size": [5, 2.5]},
								"east": {"uv": [2, 67], "uv_size": [1, 2.5]},
								"south": {"uv": [53, 31], "uv_size": [5, 2.5]},
								"west": {"uv": [3, 67], "uv_size": [1, 2.5]},
								"up": {"uv": [63, 7], "uv_size": [5, 1]},
								"down": {"uv": [63, 9], "uv_size": [5, -1]}
							}
						},
						{
							"origin": [4.0673, 14.90441, -4.02346],
							"size": [0.6384, 0.6384, 0.275],
							"pivot": [0, 14.28, -3.11312],
							"rotation": [0, -7.5, 0],
							"uv": {
								"north": {"uv": [67, 71], "uv_size": [0.5, 0.5]},
								"east": {"uv": [71, 67], "uv_size": [0.5, 0.5]},
								"south": {"uv": [68, 71], "uv_size": [0.5, 0.5]},
								"west": {"uv": [71, 68], "uv_size": [0.5, 0.5]},
								"up": {"uv": [69, 71], "uv_size": [0.5, 0.5]},
								"down": {"uv": [71, 69.5], "uv_size": [0.5, -0.5]}
							}
						},
						{
							"origin": [-4.7057, 14.90441, -4.02346],
							"size": [0.6384, 0.6384, 0.275],
							"pivot": [0, 14.28, -3.11312],
							"rotation": [0, 7.5, 0],
							"uv": {
								"north": {"uv": [7, 72], "uv_size": [0.5, 0.5]},
								"east": {"uv": [72, 7], "uv_size": [0.5, 0.5]},
								"south": {"uv": [8, 72], "uv_size": [0.5, 0.5]},
								"west": {"uv": [72, 8], "uv_size": [0.5, 0.5]},
								"up": {"uv": [9, 72], "uv_size": [0.5, 0.5]},
								"down": {"uv": [72, 9.5], "uv_size": [0.5, -0.5]}
							}
						},
						{
							"origin": [4.07441, 16.15322, -3.9694],
							"size": [0.6384, 0.6384, 0.275],
							"pivot": [0, 14.28, -3.11312],
							"rotation": [0, -7.5, 0],
							"uv": {
								"north": {"uv": [70, 71], "uv_size": [0.5, 0.5]},
								"east": {"uv": [71, 70], "uv_size": [0.5, 0.5]},
								"south": {"uv": [71, 71], "uv_size": [0.5, 0.5]},
								"west": {"uv": [0, 72], "uv_size": [0.5, 0.5]},
								"up": {"uv": [72, 0], "uv_size": [0.5, 0.5]},
								"down": {"uv": [72, 1.5], "uv_size": [0.5, -0.5]}
							}
						},
						{
							"origin": [-4.71281, 16.15322, -3.9694],
							"size": [0.6384, 0.6384, 0.275],
							"pivot": [0, 14.28, -3.11312],
							"rotation": [0, 7.5, 0],
							"uv": {
								"north": {"uv": [72, 2], "uv_size": [0.5, 0.5]},
								"east": {"uv": [72, 3], "uv_size": [0.5, 0.5]},
								"south": {"uv": [72, 4], "uv_size": [0.5, 0.5]},
								"west": {"uv": [72, 5], "uv_size": [0.5, 0.5]},
								"up": {"uv": [6, 72], "uv_size": [0.5, 0.5]},
								"down": {"uv": [72, 6.5], "uv_size": [0.5, -0.5]}
							}
						}
					]
				},
				{
					"name": "Plate9",
					"parent": "bone3",
					"pivot": [0, 15, 3.06363],
					"rotation": [-2.5, 0, 0],
					"cubes": [
						{
							"origin": [-4.95, 14.28, 2.93312],
							"size": [5.04, 2.315, 0.9],
							"pivot": [0, 14.28, 3.11312],
							"rotation": [0, -7.5, 0],
							"uv": {
								"north": {"uv": [55, 40], "uv_size": [5, 2.5]},
								"east": {"uv": [39, 68], "uv_size": [1, 2.5]},
								"south": {"uv": [55, 47], "uv_size": [5, 2.5]},
								"west": {"uv": [40, 68], "uv_size": [1, 2.5]},
								"up": {"uv": [5, 65], "uv_size": [5, 1]},
								"down": {"uv": [65, 18], "uv_size": [5, -1]}
							}
						},
						{
							"origin": [-0.09, 14.28, 2.93312],
							"size": [5.04, 2.315, 0.9],
							"pivot": [0, 14.28, 3.11312],
							"rotation": [0, 7.5, 0],
							"uv": {
								"north": {"uv": [55, 50], "uv_size": [5, 2.5]},
								"east": {"uv": [41, 68], "uv_size": [1, 2.5]},
								"south": {"uv": [0, 56], "uv_size": [5, 2.5]},
								"west": {"uv": [42, 68], "uv_size": [1, 2.5]},
								"up": {"uv": [65, 18], "uv_size": [5, 1]},
								"down": {"uv": [65, 20], "uv_size": [5, -1]}
							}
						},
						{
							"origin": [4.0673, 14.90441, 3.74846],
							"size": [0.6384, 0.6384, 0.275],
							"pivot": [0, 14.28, 3.11312],
							"rotation": [0, 7.5, 0],
							"uv": {
								"north": {"uv": [73, 16], "uv_size": [0.5, 0.5]},
								"east": {"uv": [17, 73], "uv_size": [0.5, 0.5]},
								"south": {"uv": [73, 17], "uv_size": [0.5, 0.5]},
								"west": {"uv": [18, 73], "uv_size": [0.5, 0.5]},
								"up": {"uv": [73, 18], "uv_size": [0.5, 0.5]},
								"down": {"uv": [19, 73.5], "uv_size": [0.5, -0.5]}
							}
						},
						{
							"origin": [-4.7057, 14.90441, 3.74846],
							"size": [0.6384, 0.6384, 0.275],
							"pivot": [0, 14.28, 3.11312],
							"rotation": [0, -7.5, 0],
							"uv": {
								"north": {"uv": [73, 19], "uv_size": [0.5, 0.5]},
								"east": {"uv": [20, 73], "uv_size": [0.5, 0.5]},
								"south": {"uv": [73, 20], "uv_size": [0.5, 0.5]},
								"west": {"uv": [21, 73], "uv_size": [0.5, 0.5]},
								"up": {"uv": [73, 21], "uv_size": [0.5, 0.5]},
								"down": {"uv": [22, 73.5], "uv_size": [0.5, -0.5]}
							}
						},
						{
							"origin": [4.07441, 16.15322, 3.6944],
							"size": [0.6384, 0.6384, 0.275],
							"pivot": [0, 14.28, 3.11312],
							"rotation": [0, 7.5, 0],
							"uv": {
								"north": {"uv": [73, 22], "uv_size": [0.5, 0.5]},
								"east": {"uv": [23, 73], "uv_size": [0.5, 0.5]},
								"south": {"uv": [73, 23], "uv_size": [0.5, 0.5]},
								"west": {"uv": [24, 73], "uv_size": [0.5, 0.5]},
								"up": {"uv": [73, 24], "uv_size": [0.5, 0.5]},
								"down": {"uv": [25, 73.5], "uv_size": [0.5, -0.5]}
							}
						},
						{
							"origin": [-4.71281, 16.15322, 3.6944],
							"size": [0.6384, 0.6384, 0.275],
							"pivot": [0, 14.28, 3.11312],
							"rotation": [0, -7.5, 0],
							"uv": {
								"north": {"uv": [73, 25], "uv_size": [0.5, 0.5]},
								"east": {"uv": [26, 73], "uv_size": [0.5, 0.5]},
								"south": {"uv": [73, 26], "uv_size": [0.5, 0.5]},
								"west": {"uv": [27, 73], "uv_size": [0.5, 0.5]},
								"up": {"uv": [73, 27], "uv_size": [0.5, 0.5]},
								"down": {"uv": [28, 73.5], "uv_size": [0.5, -0.5]}
							}
						}
					]
				},
				{
					"name": "Plate2",
					"parent": "bone3",
					"pivot": [0, 13, -2.56363],
					"rotation": [20, 0, 0],
					"cubes": [
						{
							"origin": [-4.95, 12.28, -3.33312],
							"size": [5.04, 2.315, 0.9],
							"pivot": [0, 12.28, -2.61312],
							"rotation": [0, 7.5, 0],
							"uv": {
								"north": {"uv": [53, 34], "uv_size": [5, 2.5]},
								"east": {"uv": [22, 67], "uv_size": [1, 2.5]},
								"south": {"uv": [49, 53], "uv_size": [5, 2.5]},
								"west": {"uv": [23, 67], "uv_size": [1, 2.5]},
								"up": {"uv": [63, 9], "uv_size": [5, 1]},
								"down": {"uv": [63, 11], "uv_size": [5, -1]}
							}
						},
						{
							"origin": [-0.09, 12.28, -3.33312],
							"size": [5.04, 2.315, 0.9],
							"pivot": [0, 12.28, -2.61312],
							"rotation": [0, -7.5, 0],
							"uv": {
								"north": {"uv": [12, 54], "uv_size": [5, 2.5]},
								"east": {"uv": [24, 67], "uv_size": [1, 2.5]},
								"south": {"uv": [54, 53], "uv_size": [5, 2.5]},
								"west": {"uv": [31, 67], "uv_size": [1, 2.5]},
								"up": {"uv": [63, 11], "uv_size": [5, 1]},
								"down": {"uv": [21, 64], "uv_size": [5, -1]}
							}
						},
						{
							"origin": [4.06797, 13.46541, -3.51838],
							"size": [0.6384, 0.6384, 0.275],
							"pivot": [0, 12.28, -2.61312],
							"rotation": [0, -7.5, 0],
							"uv": {
								"north": {"uv": [71, 57], "uv_size": [0.5, 0.5]},
								"east": {"uv": [58, 71], "uv_size": [0.5, 0.5]},
								"south": {"uv": [71, 58], "uv_size": [0.5, 0.5]},
								"west": {"uv": [59, 71], "uv_size": [0.5, 0.5]},
								"up": {"uv": [71, 59], "uv_size": [0.5, 0.5]},
								"down": {"uv": [60, 71.5], "uv_size": [0.5, -0.5]}
							}
						},
						{
							"origin": [4.06797, 13.46541, 3.24338],
							"size": [0.6384, 0.6384, 0.275],
							"pivot": [0, 12.28, 2.61312],
							"rotation": [0, 7.5, 0],
							"uv": {
								"north": {"uv": [37, 72], "uv_size": [0.5, 0.5]},
								"east": {"uv": [72, 37], "uv_size": [0.5, 0.5]},
								"south": {"uv": [38, 72], "uv_size": [0.5, 0.5]},
								"west": {"uv": [72, 38], "uv_size": [0.5, 0.5]},
								"up": {"uv": [39, 72], "uv_size": [0.5, 0.5]},
								"down": {"uv": [72, 39.5], "uv_size": [0.5, -0.5]}
							}
						},
						{
							"origin": [-4.70637, 13.46541, -3.51838],
							"size": [0.6384, 0.6384, 0.275],
							"pivot": [0, 12.28, -2.61312],
							"rotation": [0, 7.5, 0],
							"uv": {
								"north": {"uv": [71, 60], "uv_size": [0.5, 0.5]},
								"east": {"uv": [61, 71], "uv_size": [0.5, 0.5]},
								"south": {"uv": [71, 61], "uv_size": [0.5, 0.5]},
								"west": {"uv": [71, 62], "uv_size": [0.5, 0.5]},
								"up": {"uv": [65, 71], "uv_size": [0.5, 0.5]},
								"down": {"uv": [66, 71.5], "uv_size": [0.5, -0.5]}
							}
						}
					]
				},
				{
					"name": "Plate10",
					"parent": "bone3",
					"pivot": [0, 13, 2.56363],
					"rotation": [-20, 0, 0],
					"cubes": [
						{
							"origin": [-4.95, 12.28, 2.43312],
							"size": [5.04, 2.315, 0.9],
							"pivot": [0, 12.28, 2.61312],
							"rotation": [0, -7.5, 0],
							"uv": {
								"north": {"uv": [56, 0], "uv_size": [5, 2.5]},
								"east": {"uv": [43, 68], "uv_size": [1, 2.5]},
								"south": {"uv": [56, 3], "uv_size": [5, 2.5]},
								"west": {"uv": [44, 68], "uv_size": [1, 2.5]},
								"up": {"uv": [65, 20], "uv_size": [5, 1]},
								"down": {"uv": [21, 66], "uv_size": [5, -1]}
							}
						},
						{
							"origin": [-0.09, 12.28, 2.43312],
							"size": [5.04, 2.315, 0.9],
							"pivot": [0, 12.28, 2.61312],
							"rotation": [0, 7.5, 0],
							"uv": {
								"north": {"uv": [5, 56], "uv_size": [5, 2.5]},
								"east": {"uv": [47, 68], "uv_size": [1, 2.5]},
								"south": {"uv": [49, 56], "uv_size": [5, 2.5]},
								"west": {"uv": [48, 68], "uv_size": [1, 2.5]},
								"up": {"uv": [65, 21], "uv_size": [5, 1]},
								"down": {"uv": [65, 23], "uv_size": [5, -1]}
							}
						},
						{
							"origin": [4.06797, 13.46541, 3.24338],
							"size": [0.6384, 0.6384, 0.275],
							"pivot": [0, 12.28, 2.61312],
							"rotation": [0, 7.5, 0],
							"uv": {
								"north": {"uv": [73, 28], "uv_size": [0.5, 0.5]},
								"east": {"uv": [29, 73], "uv_size": [0.5, 0.5]},
								"south": {"uv": [73, 29], "uv_size": [0.5, 0.5]},
								"west": {"uv": [30, 73], "uv_size": [0.5, 0.5]},
								"up": {"uv": [73, 30], "uv_size": [0.5, 0.5]},
								"down": {"uv": [31, 73.5], "uv_size": [0.5, -0.5]}
							}
						},
						{
							"origin": [4.06797, 13.46541, -3.51838],
							"size": [0.6384, 0.6384, 0.275],
							"pivot": [0, 12.28, -2.61312],
							"rotation": [0, -7.5, 0],
							"uv": {
								"north": {"uv": [73, 31], "uv_size": [0.5, 0.5]},
								"east": {"uv": [32, 73], "uv_size": [0.5, 0.5]},
								"south": {"uv": [73, 32], "uv_size": [0.5, 0.5]},
								"west": {"uv": [33, 73], "uv_size": [0.5, 0.5]},
								"up": {"uv": [73, 33], "uv_size": [0.5, 0.5]},
								"down": {"uv": [34, 73.5], "uv_size": [0.5, -0.5]}
							}
						},
						{
							"origin": [-4.70637, 13.46541, 3.24338],
							"size": [0.6384, 0.6384, 0.275],
							"pivot": [0, 12.28, 2.61312],
							"rotation": [0, -7.5, 0],
							"uv": {
								"north": {"uv": [73, 34], "uv_size": [0.5, 0.5]},
								"east": {"uv": [35, 73], "uv_size": [0.5, 0.5]},
								"south": {"uv": [73, 35], "uv_size": [0.5, 0.5]},
								"west": {"uv": [36, 73], "uv_size": [0.5, 0.5]},
								"up": {"uv": [73, 36], "uv_size": [0.5, 0.5]},
								"down": {"uv": [37, 73.5], "uv_size": [0.5, -0.5]}
							}
						}
					]
				},
				{
					"name": "Plate3",
					"parent": "bone3",
					"pivot": [0, 12.16112, -2.46327],
					"rotation": [-20, 0, 0],
					"cubes": [
						{
							"origin": [-4.95, 11.00362, -3.23276],
							"size": [5.04, 2.315, 0.9],
							"pivot": [0, 11.00362, -2.51276],
							"rotation": [0, 7.5, 0],
							"uv": {
								"north": {"uv": [55, 12], "uv_size": [5, 2.5]},
								"east": {"uv": [32, 67], "uv_size": [1, 2.5]},
								"south": {"uv": [55, 15], "uv_size": [5, 2.5]},
								"west": {"uv": [33, 67], "uv_size": [1, 2.5]},
								"up": {"uv": [63, 30], "uv_size": [5, 1]},
								"down": {"uv": [63, 32], "uv_size": [5, -1]}
							}
						},
						{
							"origin": [-0.09, 11.00362, -3.23276],
							"size": [5.04, 2.315, 0.9],
							"pivot": [0, 11.00362, -2.51276],
							"rotation": [0, -7.5, 0],
							"uv": {
								"north": {"uv": [55, 18], "uv_size": [5, 2.5]},
								"east": {"uv": [34, 67], "uv_size": [1, 2.5]},
								"south": {"uv": [55, 21], "uv_size": [5, 2.5]},
								"west": {"uv": [35, 67], "uv_size": [1, 2.5]},
								"up": {"uv": [63, 32], "uv_size": [5, 1]},
								"down": {"uv": [63, 34], "uv_size": [5, -1]}
							}
						}
					]
				},
				{
					"name": "Belt",
					"parent": "bone3",
					"pivot": [0, 12.16112, -2.58827],
					"cubes": [
						{
							"origin": [-4.95, 12.00362, -3.35776],
							"size": [5.04, 0.94, 0.9],
							"pivot": [0, 11.00362, -2.63776],
							"rotation": [0, 7.5, 0],
							"uv": {
								"north": {"uv": [63, 34], "uv_size": [5, 1]},
								"east": {"uv": [8, 70], "uv_size": [1, 1]},
								"south": {"uv": [63, 35], "uv_size": [5, 1]},
								"west": {"uv": [9, 70], "uv_size": [1, 1]},
								"up": {"uv": [63, 36], "uv_size": [5, 1]},
								"down": {"uv": [63, 54], "uv_size": [5, -1]}
							}
						},
						{
							"origin": [-0.09, 12.00362, -3.35776],
							"size": [5.04, 0.94, 0.9],
							"pivot": [0, 11.00362, -2.63776],
							"rotation": [0, -7.5, 0],
							"uv": {
								"north": {"uv": [63, 54], "uv_size": [5, 1]},
								"east": {"uv": [10, 70], "uv_size": [1, 1]},
								"south": {"uv": [63, 55], "uv_size": [5, 1]},
								"west": {"uv": [70, 10], "uv_size": [1, 1]},
								"up": {"uv": [63, 56], "uv_size": [5, 1]},
								"down": {"uv": [63, 58], "uv_size": [5, -1]}
							}
						}
					]
				},
				{
					"name": "Plate4",
					"parent": "bone3",
					"pivot": [0, 20.29473, -2.71067],
					"rotation": [-10, 0, 0],
					"cubes": [
						{
							"origin": [-3.45, 19.01223, -3.48015],
							"size": [3.54, 4.065, 0.9],
							"pivot": [0, 19.01223, -2.76015],
							"rotation": [0, 7.5, 0],
							"uv": {
								"north": {"uv": [51, 12], "uv_size": [3.5, 4]},
								"east": {"uv": [52, 63], "uv_size": [1, 4]},
								"south": {"uv": [23, 51], "uv_size": [3.5, 4]},
								"west": {"uv": [54, 64], "uv_size": [1, 4]},
								"up": {"uv": [40, 32], "uv_size": [3.5, 1]},
								"down": {"uv": [66, 13], "uv_size": [3.5, -1]}
							}
						},
						{
							"origin": [-4.26478, 19.1329, -2.99953],
							"size": [2.665, 5.315, 0.9],
							"pivot": [-3.51446, 19.01223, -3.02368],
							"rotation": [-0.98448, 7.43547, -7.56397],
							"uv": {
								"north": {"uv": [44, 51], "uv_size": [2.5, 5.5]},
								"east": {"uv": [34, 61], "uv_size": [1, 5.5]},
								"south": {"uv": [52, 16], "uv_size": [2.5, 5.5]},
								"west": {"uv": [35, 61], "uv_size": [1, 5.5]},
								"up": {"uv": [66, 61], "uv_size": [2.5, 1]},
								"down": {"uv": [66, 63], "uv_size": [2.5, -1]}
							}
						},
						{
							"origin": [-3.51586, 18.96013, -3.30211],
							"size": [0.79, 5.69, 0.275],
							"pivot": [-3.12086, 21.80513, -3.16461],
							"rotation": [-0.98448, 7.43547, -7.56397],
							"uv": {
								"north": {"uv": [29, 62], "uv_size": [1, 5.5]},
								"east": {"uv": [27, 65], "uv_size": [0.5, 5.5]},
								"south": {"uv": [30, 62], "uv_size": [1, 5.5]},
								"west": {"uv": [28, 65], "uv_size": [0.5, 5.5]},
								"up": {"uv": [71, 7], "uv_size": [1, 0.5]},
								"down": {"uv": [8, 71.5], "uv_size": [1, -0.5]}
							}
						},
						{
							"origin": [2.72586, 18.96013, -3.30211],
							"size": [0.79, 5.69, 0.275],
							"pivot": [3.12086, 21.80513, -3.16461],
							"rotation": [-0.98448, -7.43547, 7.56397],
							"uv": {
								"north": {"uv": [36, 62], "uv_size": [1, 5.5]},
								"east": {"uv": [14, 66], "uv_size": [0.5, 5.5]},
								"south": {"uv": [37, 62], "uv_size": [1, 5.5]},
								"west": {"uv": [25, 66], "uv_size": [0.5, 5.5]},
								"up": {"uv": [71, 8], "uv_size": [1, 0.5]},
								"down": {"uv": [9, 71.5], "uv_size": [1, -0.5]}
							}
						},
						{
							"origin": [1.47478, 19.1329, -2.99953],
							"size": [2.79, 5.315, 0.9],
							"pivot": [3.51446, 19.01223, -3.02368],
							"rotation": [-0.98448, -7.43547, 7.56397],
							"uv": {
								"north": {"uv": [29, 47], "uv_size": [3, 5.5]},
								"east": {"uv": [61, 53], "uv_size": [1, 5.5]},
								"south": {"uv": [48, 12], "uv_size": [3, 5.5]},
								"west": {"uv": [61, 59], "uv_size": [1, 5.5]},
								"up": {"uv": [44, 41], "uv_size": [3, 1]},
								"down": {"uv": [49, 41], "uv_size": [3, -1]}
							}
						},
						{
							"origin": [-0.09, 19.01223, -3.48015],
							"size": [3.54, 4.065, 0.9],
							"pivot": [0, 19.01223, -2.76015],
							"rotation": [0, -7.5, 0],
							"uv": {
								"north": {"uv": [36, 51], "uv_size": [3.5, 4]},
								"east": {"uv": [55, 64], "uv_size": [1, 4]},
								"south": {"uv": [40, 51], "uv_size": [3.5, 4]},
								"west": {"uv": [56, 64], "uv_size": [1, 4]},
								"up": {"uv": [66, 13], "uv_size": [3.5, 1]},
								"down": {"uv": [66, 15], "uv_size": [3.5, -1]}
							}
						},
						{
							"origin": [3.59869, 20.72107, -3.74757],
							"size": [0.6384, 0.6384, 0.275],
							"pivot": [0, 19.01223, -2.76015],
							"rotation": [0, -7.5, 0],
							"uv": {
								"north": {"uv": [16, 72], "uv_size": [0.5, 0.5]},
								"east": {"uv": [72, 16], "uv_size": [0.5, 0.5]},
								"south": {"uv": [17, 72], "uv_size": [0.5, 0.5]},
								"west": {"uv": [72, 17], "uv_size": [0.5, 0.5]},
								"up": {"uv": [18, 72], "uv_size": [0.5, 0.5]},
								"down": {"uv": [72, 18.5], "uv_size": [0.5, -0.5]}
							}
						},
						{
							"origin": [-4.23709, 20.72107, -3.74757],
							"size": [0.6384, 0.6384, 0.275],
							"pivot": [0, 19.01223, -2.76015],
							"rotation": [0, 7.5, 0],
							"uv": {
								"north": {"uv": [22, 72], "uv_size": [0.5, 0.5]},
								"east": {"uv": [72, 22], "uv_size": [0.5, 0.5]},
								"south": {"uv": [23, 72], "uv_size": [0.5, 0.5]},
								"west": {"uv": [72, 23], "uv_size": [0.5, 0.5]},
								"up": {"uv": [24, 72], "uv_size": [0.5, 0.5]},
								"down": {"uv": [72, 24.5], "uv_size": [0.5, -0.5]}
							}
						},
						{
							"origin": [4.00076, 22.2851, -3.56657],
							"size": [0.6384, 0.6384, 0.275],
							"pivot": [0, 19.01223, -2.76015],
							"rotation": [0, -7.5, 0],
							"uv": {
								"north": {"uv": [19, 72], "uv_size": [0.5, 0.5]},
								"east": {"uv": [72, 19], "uv_size": [0.5, 0.5]},
								"south": {"uv": [20, 72], "uv_size": [0.5, 0.5]},
								"west": {"uv": [72, 20], "uv_size": [0.5, 0.5]},
								"up": {"uv": [21, 72], "uv_size": [0.5, 0.5]},
								"down": {"uv": [72, 21.5], "uv_size": [0.5, -0.5]}
							}
						},
						{
							"origin": [1.84573, 22.21999, -3.65535],
							"size": [0.6384, 0.6384, 0.275],
							"pivot": [0, 19.01223, -2.76015],
							"rotation": [0, -7.5, 0],
							"uv": {
								"north": {"uv": [28, 72], "uv_size": [0.5, 0.5]},
								"east": {"uv": [72, 28], "uv_size": [0.5, 0.5]},
								"south": {"uv": [29, 72], "uv_size": [0.5, 0.5]},
								"west": {"uv": [72, 29], "uv_size": [0.5, 0.5]},
								"up": {"uv": [30, 72], "uv_size": [0.5, 0.5]},
								"down": {"uv": [72, 30.5], "uv_size": [0.5, -0.5]}
							}
						},
						{
							"origin": [-2.48413, 22.21999, -3.65535],
							"size": [0.6384, 0.6384, 0.275],
							"pivot": [0, 19.01223, -2.76015],
							"rotation": [0, 7.5, 0],
							"uv": {
								"north": {"uv": [31, 72], "uv_size": [0.5, 0.5]},
								"east": {"uv": [72, 31], "uv_size": [0.5, 0.5]},
								"south": {"uv": [32, 72], "uv_size": [0.5, 0.5]},
								"west": {"uv": [72, 32], "uv_size": [0.5, 0.5]},
								"up": {"uv": [33, 72], "uv_size": [0.5, 0.5]},
								"down": {"uv": [72, 33.5], "uv_size": [0.5, -0.5]}
							}
						},
						{
							"origin": [-0.31451, 21.78556, -3.67047],
							"size": [0.6384, 0.6384, 0.275],
							"uv": {
								"north": {"uv": [34, 72], "uv_size": [0.5, 0.5]},
								"east": {"uv": [72, 34], "uv_size": [0.5, 0.5]},
								"south": {"uv": [35, 72], "uv_size": [0.5, 0.5]},
								"west": {"uv": [72, 35], "uv_size": [0.5, 0.5]},
								"up": {"uv": [36, 72], "uv_size": [0.5, 0.5]},
								"down": {"uv": [72, 36.5], "uv_size": [0.5, -0.5]}
							}
						},
						{
							"origin": [-4.63916, 22.2851, -3.56657],
							"size": [0.6384, 0.6384, 0.275],
							"pivot": [0, 19.01223, -2.76015],
							"rotation": [0, 7.5, 0],
							"uv": {
								"north": {"uv": [25, 72], "uv_size": [0.5, 0.5]},
								"east": {"uv": [72, 25], "uv_size": [0.5, 0.5]},
								"south": {"uv": [26, 72], "uv_size": [0.5, 0.5]},
								"west": {"uv": [72, 26], "uv_size": [0.5, 0.5]},
								"up": {"uv": [27, 72], "uv_size": [0.5, 0.5]},
								"down": {"uv": [72, 27.5], "uv_size": [0.5, -0.5]}
							}
						}
					]
				},
				{
					"name": "Plate6",
					"parent": "bone3",
					"pivot": [0, 20.29473, 2.71067],
					"rotation": [10, 0, 0],
					"cubes": [
						{
							"origin": [-3.45, 19.01223, 2.58015],
							"size": [3.54, 4.065, 0.9],
							"pivot": [0, 19.01223, 2.76015],
							"rotation": [0, -7.5, 0],
							"uv": {
								"north": {"uv": [51, 49], "uv_size": [3.5, 4]},
								"east": {"uv": [57, 64], "uv_size": [1, 4]},
								"south": {"uv": [0, 52], "uv_size": [3.5, 4]},
								"west": {"uv": [10, 65], "uv_size": [1, 4]},
								"up": {"uv": [66, 15], "uv_size": [3.5, 1]},
								"down": {"uv": [21, 67], "uv_size": [3.5, -1]}
							}
						},
						{
							"origin": [-4.26478, 19.1329, 2.09953],
							"size": [2.665, 5.315, 0.9],
							"pivot": [-3.51446, 19.01223, 3.02368],
							"rotation": [0.98448, -7.43547, -7.56397],
							"uv": {
								"north": {"uv": [52, 38], "uv_size": [2.5, 5.5]},
								"east": {"uv": [38, 62], "uv_size": [1, 5.5]},
								"south": {"uv": [53, 0], "uv_size": [2.5, 5.5]},
								"west": {"uv": [39, 62], "uv_size": [1, 5.5]},
								"up": {"uv": [67, 45], "uv_size": [2.5, 1]},
								"down": {"uv": [67, 47], "uv_size": [2.5, -1]}
							}
						},
						{
							"origin": [-3.51586, 18.96013, 3.02711],
							"size": [0.79, 5.69, 0.275],
							"pivot": [-3.12086, 21.80513, 3.16461],
							"rotation": [0.98448, -7.43547, -7.56397],
							"uv": {
								"north": {"uv": [40, 62], "uv_size": [1, 5.5]},
								"east": {"uv": [46, 66], "uv_size": [0.5, 5.5]},
								"south": {"uv": [41, 62], "uv_size": [1, 5.5]},
								"west": {"uv": [62, 66], "uv_size": [0.5, 5.5]},
								"up": {"uv": [30, 71], "uv_size": [1, 0.5]},
								"down": {"uv": [71, 30.5], "uv_size": [1, -0.5]}
							}
						},
						{
							"origin": [2.72586, 18.96013, 3.02711],
							"size": [0.79, 5.69, 0.275],
							"pivot": [3.12086, 21.80513, 3.16461],
							"rotation": [0.98448, 7.43547, 7.56397],
							"uv": {
								"north": {"uv": [47, 62], "uv_size": [1, 5.5]},
								"east": {"uv": [63, 66], "uv_size": [0.5, 5.5]},
								"south": {"uv": [48, 62], "uv_size": [1, 5.5]},
								"west": {"uv": [64, 66], "uv_size": [0.5, 5.5]},
								"up": {"uv": [31, 71], "uv_size": [1, 0.5]},
								"down": {"uv": [71, 31.5], "uv_size": [1, -0.5]}
							}
						},
						{
							"origin": [1.47478, 19.1329, 2.09953],
							"size": [2.79, 5.315, 0.9],
							"pivot": [3.51446, 19.01223, 3.02368],
							"rotation": [0.98448, 7.43547, 7.56397],
							"uv": {
								"north": {"uv": [13, 48], "uv_size": [3, 5.5]},
								"east": {"uv": [53, 62], "uv_size": [1, 5.5]},
								"south": {"uv": [16, 48], "uv_size": [3, 5.5]},
								"west": {"uv": [62, 53], "uv_size": [1, 5.5]},
								"up": {"uv": [66, 51], "uv_size": [3, 1]},
								"down": {"uv": [59, 67], "uv_size": [3, -1]}
							}
						},
						{
							"origin": [-0.09, 19.01223, 2.58015],
							"size": [3.54, 4.065, 0.9],
							"pivot": [0, 19.01223, 2.76015],
							"rotation": [0, 7.5, 0],
							"uv": {
								"north": {"uv": [4, 52], "uv_size": [3.5, 4]},
								"east": {"uv": [11, 65], "uv_size": [1, 4]},
								"south": {"uv": [8, 52], "uv_size": [3.5, 4]},
								"west": {"uv": [12, 65], "uv_size": [1, 4]},
								"up": {"uv": [66, 37], "uv_size": [3.5, 1]},
								"down": {"uv": [66, 39], "uv_size": [3.5, -1]}
							}
						},
						{
							"origin": [3.59869, 20.72107, 3.47257],
							"size": [0.6384, 0.6384, 0.275],
							"pivot": [0, 19.01223, 2.76015],
							"rotation": [0, 7.5, 0],
							"uv": {
								"north": {"uv": [62, 72], "uv_size": [0.5, 0.5]},
								"east": {"uv": [72, 62], "uv_size": [0.5, 0.5]},
								"south": {"uv": [63, 72], "uv_size": [0.5, 0.5]},
								"west": {"uv": [72, 63], "uv_size": [0.5, 0.5]},
								"up": {"uv": [64, 72], "uv_size": [0.5, 0.5]},
								"down": {"uv": [72, 64.5], "uv_size": [0.5, -0.5]}
							}
						},
						{
							"origin": [-4.23709, 20.72107, 3.47257],
							"size": [0.6384, 0.6384, 0.275],
							"pivot": [0, 19.01223, 2.76015],
							"rotation": [0, -7.5, 0],
							"uv": {
								"north": {"uv": [65, 72], "uv_size": [0.5, 0.5]},
								"east": {"uv": [72, 65], "uv_size": [0.5, 0.5]},
								"south": {"uv": [66, 72], "uv_size": [0.5, 0.5]},
								"west": {"uv": [72, 66], "uv_size": [0.5, 0.5]},
								"up": {"uv": [67, 72], "uv_size": [0.5, 0.5]},
								"down": {"uv": [72, 67.5], "uv_size": [0.5, -0.5]}
							}
						},
						{
							"origin": [4.00076, 22.2851, 3.29157],
							"size": [0.6384, 0.6384, 0.275],
							"pivot": [0, 19.01223, 2.76015],
							"rotation": [0, 7.5, 0],
							"uv": {
								"north": {"uv": [68, 72], "uv_size": [0.5, 0.5]},
								"east": {"uv": [72, 68], "uv_size": [0.5, 0.5]},
								"south": {"uv": [69, 72], "uv_size": [0.5, 0.5]},
								"west": {"uv": [72, 69], "uv_size": [0.5, 0.5]},
								"up": {"uv": [70, 72], "uv_size": [0.5, 0.5]},
								"down": {"uv": [72, 70.5], "uv_size": [0.5, -0.5]}
							}
						},
						{
							"origin": [1.84573, 22.21999, 3.38035],
							"size": [0.6384, 0.6384, 0.275],
							"pivot": [0, 19.01223, 2.76015],
							"rotation": [0, 7.5, 0],
							"uv": {
								"north": {"uv": [71, 72], "uv_size": [0.5, 0.5]},
								"east": {"uv": [72, 71], "uv_size": [0.5, 0.5]},
								"south": {"uv": [72, 72], "uv_size": [0.5, 0.5]},
								"west": {"uv": [0, 73], "uv_size": [0.5, 0.5]},
								"up": {"uv": [73, 0], "uv_size": [0.5, 0.5]},
								"down": {"uv": [1, 73.5], "uv_size": [0.5, -0.5]}
							}
						},
						{
							"origin": [-2.48413, 22.21999, 3.38035],
							"size": [0.6384, 0.6384, 0.275],
							"pivot": [0, 19.01223, 2.76015],
							"rotation": [0, -7.5, 0],
							"uv": {
								"north": {"uv": [73, 1], "uv_size": [0.5, 0.5]},
								"east": {"uv": [2, 73], "uv_size": [0.5, 0.5]},
								"south": {"uv": [73, 2], "uv_size": [0.5, 0.5]},
								"west": {"uv": [3, 73], "uv_size": [0.5, 0.5]},
								"up": {"uv": [73, 3], "uv_size": [0.5, 0.5]},
								"down": {"uv": [4, 73.5], "uv_size": [0.5, -0.5]}
							}
						},
						{
							"origin": [-0.31451, 21.78556, 3.39547],
							"size": [0.6384, 0.6384, 0.275],
							"uv": {
								"north": {"uv": [73, 4], "uv_size": [0.5, 0.5]},
								"east": {"uv": [5, 73], "uv_size": [0.5, 0.5]},
								"south": {"uv": [73, 5], "uv_size": [0.5, 0.5]},
								"west": {"uv": [6, 73], "uv_size": [0.5, 0.5]},
								"up": {"uv": [73, 6], "uv_size": [0.5, 0.5]},
								"down": {"uv": [7, 73.5], "uv_size": [0.5, -0.5]}
							}
						},
						{
							"origin": [-4.63916, 22.2851, 3.29157],
							"size": [0.6384, 0.6384, 0.275],
							"pivot": [0, 19.01223, 2.76015],
							"rotation": [0, -7.5, 0],
							"uv": {
								"north": {"uv": [73, 7], "uv_size": [0.5, 0.5]},
								"east": {"uv": [8, 73], "uv_size": [0.5, 0.5]},
								"south": {"uv": [73, 8], "uv_size": [0.5, 0.5]},
								"west": {"uv": [9, 73], "uv_size": [0.5, 0.5]},
								"up": {"uv": [73, 9], "uv_size": [0.5, 0.5]},
								"down": {"uv": [10, 73.5], "uv_size": [0.5, -0.5]}
							}
						}
					]
				},
				{
					"name": "Plate5",
					"parent": "bone3",
					"pivot": [0, 18.04473, -3.08567],
					"rotation": [-2.5, 0, 0],
					"cubes": [
						{
							"origin": [-3.16074, 17.43642, -3.67494],
							"size": [0.79, 1.69, 0.275],
							"pivot": [-2.76574, 17.84392, -3.53744],
							"rotation": [0, 7.5, 0],
							"uv": {
								"north": {"uv": [69, 32], "uv_size": [1, 1.5]},
								"east": {"uv": [71, 0], "uv_size": [0.5, 1.5]},
								"south": {"uv": [69, 34], "uv_size": [1, 1.5]},
								"west": {"uv": [1, 71], "uv_size": [0.5, 1.5]},
								"up": {"uv": [6, 71], "uv_size": [1, 0.5]},
								"down": {"uv": [7, 71.5], "uv_size": [1, -0.5]}
							}
						},
						{
							"origin": [2.37074, 17.43642, -3.67494],
							"size": [0.79, 1.69, 0.275],
							"pivot": [2.76574, 17.84392, -3.53744],
							"rotation": [0, -7.5, 0],
							"uv": {
								"north": {"uv": [69, 39], "uv_size": [1, 1.5]},
								"east": {"uv": [2, 71], "uv_size": [0.5, 1.5]},
								"south": {"uv": [69, 43], "uv_size": [1, 1.5]},
								"west": {"uv": [71, 2], "uv_size": [0.5, 1.5]},
								"up": {"uv": [71, 9], "uv_size": [1, 0.5]},
								"down": {"uv": [10, 71.5], "uv_size": [1, -0.5]}
							}
						},
						{
							"origin": [2.24805, 16.8885, -3.85058],
							"size": [0.79, 0.79, 0.4],
							"pivot": [2.38015, 17.5464, -3.53913],
							"rotation": [5.31847, -5.29571, -45.24614],
							"uv": {
								"north": {"uv": [11, 70], "uv_size": [1, 1]},
								"east": {"uv": [71, 10], "uv_size": [0.5, 1]},
								"south": {"uv": [70, 11], "uv_size": [1, 1]},
								"west": {"uv": [11, 71], "uv_size": [0.5, 1]},
								"up": {"uv": [71, 11], "uv_size": [1, 0.5]},
								"down": {"uv": [12, 71.5], "uv_size": [1, -0.5]}
							}
						},
						{
							"origin": [-3.03805, 16.8885, -3.85058],
							"size": [0.79, 0.79, 0.4],
							"pivot": [-2.38015, 17.5464, -3.53913],
							"rotation": [5.31847, 5.29571, 45.24614],
							"uv": {
								"north": {"uv": [12, 70], "uv_size": [1, 1]},
								"east": {"uv": [71, 12], "uv_size": [0.5, 1]},
								"south": {"uv": [70, 12], "uv_size": [1, 1]},
								"west": {"uv": [13, 71], "uv_size": [0.5, 1]},
								"up": {"uv": [71, 13], "uv_size": [1, 0.5]},
								"down": {"uv": [71, 14.5], "uv_size": [1, -0.5]}
							}
						},
						{
							"origin": [-4.2, 16.56142, -3.78187],
							"size": [4.29, 2.565, 0.9],
							"pivot": [0, 16.56142, -3.06187],
							"rotation": [0, 7.5, 0],
							"uv": {
								"north": {"uv": [41, 57], "uv_size": [4.5, 2.5]},
								"east": {"uv": [52, 67], "uv_size": [1, 2.5]},
								"south": {"uv": [57, 43], "uv_size": [4.5, 2.5]},
								"west": {"uv": [58, 67], "uv_size": [1, 2.5]},
								"up": {"uv": [59, 65], "uv_size": [4.5, 1]},
								"down": {"uv": [64, 66], "uv_size": [4.5, -1]}
							}
						},
						{
							"origin": [-4.25805, 16.56142, -3.2275],
							"size": [0.79, 2.565, 0.9],
							"pivot": [-4.25805, 19.12642, -3.2275],
							"rotation": [2.26708, 7.15102, 17.64168],
							"uv": {
								"north": {"uv": [5, 67], "uv_size": [1, 2.5]},
								"east": {"uv": [6, 67], "uv_size": [1, 2.5]},
								"south": {"uv": [7, 67], "uv_size": [1, 2.5]},
								"west": {"uv": [8, 67], "uv_size": [1, 2.5]},
								"up": {"uv": [4, 70], "uv_size": [1, 1]},
								"down": {"uv": [5, 71], "uv_size": [1, -1]}
							}
						},
						{
							"origin": [3.46805, 16.56142, -3.2275],
							"size": [0.79, 2.565, 0.9],
							"pivot": [4.25805, 19.12642, -3.2275],
							"rotation": [2.26708, -7.15102, -17.64168],
							"uv": {
								"north": {"uv": [9, 67], "uv_size": [1, 2.5]},
								"east": {"uv": [19, 67], "uv_size": [1, 2.5]},
								"south": {"uv": [20, 67], "uv_size": [1, 2.5]},
								"west": {"uv": [21, 67], "uv_size": [1, 2.5]},
								"up": {"uv": [6, 70], "uv_size": [1, 1]},
								"down": {"uv": [7, 71], "uv_size": [1, -1]}
							}
						},
						{
							"origin": [-0.09, 16.56142, -3.78187],
							"size": [4.29, 2.565, 0.9],
							"pivot": [0, 16.56142, -3.06187],
							"rotation": [0, -7.5, 0],
							"uv": {
								"north": {"uv": [54, 56], "uv_size": [4.5, 2.5]},
								"east": {"uv": [67, 3], "uv_size": [1, 2.5]},
								"south": {"uv": [10, 57], "uv_size": [4.5, 2.5]},
								"west": {"uv": [4, 67], "uv_size": [1, 2.5]},
								"up": {"uv": [65, 23], "uv_size": [4.5, 1]},
								"down": {"uv": [65, 25], "uv_size": [4.5, -1]}
							}
						},
						{
							"origin": [3.17913, 18.43463, -4.06401],
							"size": [0.6384, 0.6384, 0.275],
							"pivot": [0, 16.56142, -3.06187],
							"rotation": [0, -7.5, 0],
							"uv": {
								"north": {"uv": [10, 72], "uv_size": [0.5, 0.5]},
								"east": {"uv": [72, 10], "uv_size": [0.5, 0.5]},
								"south": {"uv": [11, 72], "uv_size": [0.5, 0.5]},
								"west": {"uv": [72, 11], "uv_size": [0.5, 0.5]},
								"up": {"uv": [12, 72], "uv_size": [0.5, 0.5]},
								"down": {"uv": [72, 12.5], "uv_size": [0.5, -0.5]}
							}
						},
						{
							"origin": [-3.81753, 18.43463, -4.06401],
							"size": [0.6384, 0.6384, 0.275],
							"pivot": [0, 16.56142, -3.06187],
							"rotation": [0, 7.5, 0],
							"uv": {
								"north": {"uv": [13, 72], "uv_size": [0.5, 0.5]},
								"east": {"uv": [72, 13], "uv_size": [0.5, 0.5]},
								"south": {"uv": [14, 72], "uv_size": [0.5, 0.5]},
								"west": {"uv": [72, 14], "uv_size": [0.5, 0.5]},
								"up": {"uv": [15, 72], "uv_size": [0.5, 0.5]},
								"down": {"uv": [72, 15.5], "uv_size": [0.5, -0.5]}
							}
						}
					]
				},
				{
					"name": "Plate7",
					"parent": "bone3",
					"pivot": [0, 18.04473, 3.08567],
					"rotation": [2.5, 0, 0],
					"cubes": [
						{
							"origin": [-3.16074, 17.43642, 3.39994],
							"size": [0.79, 1.69, 0.275],
							"pivot": [-2.76574, 17.84392, 3.53744],
							"rotation": [0, -7.5, 0],
							"uv": {
								"north": {"uv": [67, 69], "uv_size": [1, 1.5]},
								"east": {"uv": [3, 71], "uv_size": [0.5, 1.5]},
								"south": {"uv": [68, 69], "uv_size": [1, 1.5]},
								"west": {"uv": [4, 71], "uv_size": [0.5, 1.5]},
								"up": {"uv": [32, 71], "uv_size": [1, 0.5]},
								"down": {"uv": [71, 32.5], "uv_size": [1, -0.5]}
							}
						},
						{
							"origin": [2.37074, 17.43642, 3.39994],
							"size": [0.79, 1.69, 0.275],
							"pivot": [2.76574, 17.84392, 3.53744],
							"rotation": [0, 7.5, 0],
							"uv": {
								"north": {"uv": [69, 69], "uv_size": [1, 1.5]},
								"east": {"uv": [71, 4], "uv_size": [0.5, 1.5]},
								"south": {"uv": [0, 70], "uv_size": [1, 1.5]},
								"west": {"uv": [5, 71], "uv_size": [0.5, 1.5]},
								"up": {"uv": [33, 71], "uv_size": [1, 0.5]},
								"down": {"uv": [71, 33.5], "uv_size": [1, -0.5]}
							}
						},
						{
							"origin": [2.24805, 16.8885, 3.45058],
							"size": [0.79, 0.79, 0.4],
							"pivot": [2.38015, 17.5464, 3.53913],
							"rotation": [-5.31847, 5.29571, -45.24614],
							"uv": {
								"north": {"uv": [70, 57], "uv_size": [1, 1]},
								"east": {"uv": [34, 71], "uv_size": [0.5, 1]},
								"south": {"uv": [58, 70], "uv_size": [1, 1]},
								"west": {"uv": [71, 34], "uv_size": [0.5, 1]},
								"up": {"uv": [35, 71], "uv_size": [1, 0.5]},
								"down": {"uv": [71, 35.5], "uv_size": [1, -0.5]}
							}
						},
						{
							"origin": [-3.03805, 16.8885, 3.45058],
							"size": [0.79, 0.79, 0.4],
							"pivot": [-2.38015, 17.5464, 3.53913],
							"rotation": [-5.31847, -5.29571, 45.24614],
							"uv": {
								"north": {"uv": [70, 58], "uv_size": [1, 1]},
								"east": {"uv": [36, 71], "uv_size": [0.5, 1]},
								"south": {"uv": [59, 70], "uv_size": [1, 1]},
								"west": {"uv": [71, 36], "uv_size": [0.5, 1]},
								"up": {"uv": [37, 71], "uv_size": [1, 0.5]},
								"down": {"uv": [71, 37.5], "uv_size": [1, -0.5]}
							}
						},
						{
							"origin": [-4.2, 16.56142, 2.88187],
							"size": [4.29, 2.565, 0.9],
							"pivot": [0, 16.56142, 3.06187],
							"rotation": [0, -7.5, 0],
							"uv": {
								"north": {"uv": [58, 6], "uv_size": [4.5, 2.5]},
								"east": {"uv": [68, 3], "uv_size": [1, 2.5]},
								"south": {"uv": [58, 9], "uv_size": [4.5, 2.5]},
								"west": {"uv": [68, 7], "uv_size": [1, 2.5]},
								"up": {"uv": [0, 66], "uv_size": [4.5, 1]},
								"down": {"uv": [66, 2], "uv_size": [4.5, -1]}
							}
						},
						{
							"origin": [-4.25805, 16.56142, 2.3275],
							"size": [0.79, 2.565, 0.9],
							"pivot": [-4.25805, 19.12642, 3.2275],
							"rotation": [-2.26708, -7.15102, 17.64168],
							"uv": {
								"north": {"uv": [15, 68], "uv_size": [1, 2.5]},
								"east": {"uv": [16, 68], "uv_size": [1, 2.5]},
								"south": {"uv": [26, 68], "uv_size": [1, 2.5]},
								"west": {"uv": [29, 68], "uv_size": [1, 2.5]},
								"up": {"uv": [60, 70], "uv_size": [1, 1]},
								"down": {"uv": [61, 71], "uv_size": [1, -1]}
							}
						},
						{
							"origin": [3.46805, 16.56142, 2.3275],
							"size": [0.79, 2.565, 0.9],
							"pivot": [4.25805, 19.12642, 3.2275],
							"rotation": [-2.26708, 7.15102, -17.64168],
							"uv": {
								"north": {"uv": [68, 29], "uv_size": [1, 2.5]},
								"east": {"uv": [30, 68], "uv_size": [1, 2.5]},
								"south": {"uv": [68, 32], "uv_size": [1, 2.5]},
								"west": {"uv": [36, 68], "uv_size": [1, 2.5]},
								"up": {"uv": [70, 61], "uv_size": [1, 1]},
								"down": {"uv": [70, 63], "uv_size": [1, -1]}
							}
						},
						{
							"origin": [-0.09, 16.56142, 2.88187],
							"size": [4.29, 2.565, 0.9],
							"pivot": [0, 16.56142, 3.06187],
							"rotation": [0, 7.5, 0],
							"uv": {
								"north": {"uv": [58, 30], "uv_size": [4.5, 2.5]},
								"east": {"uv": [37, 68], "uv_size": [1, 2.5]},
								"south": {"uv": [31, 58], "uv_size": [4.5, 2.5]},
								"west": {"uv": [38, 68], "uv_size": [1, 2.5]},
								"up": {"uv": [66, 2], "uv_size": [4.5, 1]},
								"down": {"uv": [5, 67], "uv_size": [4.5, -1]}
							}
						},
						{
							"origin": [3.17913, 18.43463, 3.78901],
							"size": [0.6384, 0.6384, 0.275],
							"pivot": [0, 16.56142, 3.06187],
							"rotation": [0, 7.5, 0],
							"uv": {
								"north": {"uv": [73, 10], "uv_size": [0.5, 0.5]},
								"east": {"uv": [11, 73], "uv_size": [0.5, 0.5]},
								"south": {"uv": [73, 11], "uv_size": [0.5, 0.5]},
								"west": {"uv": [12, 73], "uv_size": [0.5, 0.5]},
								"up": {"uv": [73, 12], "uv_size": [0.5, 0.5]},
								"down": {"uv": [13, 73.5], "uv_size": [0.5, -0.5]}
							}
						},
						{
							"origin": [-3.81753, 18.43463, 3.78901],
							"size": [0.6384, 0.6384, 0.275],
							"pivot": [0, 16.56142, 3.06187],
							"rotation": [0, -7.5, 0],
							"uv": {
								"north": {"uv": [73, 13], "uv_size": [0.5, 0.5]},
								"east": {"uv": [14, 73], "uv_size": [0.5, 0.5]},
								"south": {"uv": [73, 14], "uv_size": [0.5, 0.5]},
								"west": {"uv": [15, 73], "uv_size": [0.5, 0.5]},
								"up": {"uv": [73, 15], "uv_size": [0.5, 0.5]},
								"down": {"uv": [16, 73.5], "uv_size": [0.5, -0.5]}
							}
						}
					]
				},
				{
					"name": "Plate8",
					"parent": "bone3",
					"pivot": [0, 12.16112, 2.46327],
					"rotation": [20, 0, 0],
					"cubes": [
						{
							"origin": [-4.95, 11.00362, 2.33276],
							"size": [5.04, 2.315, 0.9],
							"pivot": [0, 11.00362, 2.51276],
							"rotation": [0, -7.5, 0],
							"uv": {
								"north": {"uv": [55, 24], "uv_size": [5, 2.5]},
								"east": {"uv": [59, 67], "uv_size": [1, 2.5]},
								"south": {"uv": [55, 27], "uv_size": [5, 2.5]},
								"west": {"uv": [60, 67], "uv_size": [1, 2.5]},
								"up": {"uv": [63, 58], "uv_size": [5, 1]},
								"down": {"uv": [62, 64], "uv_size": [5, -1]}
							}
						},
						{
							"origin": [-0.09, 11.00362, 2.33276],
							"size": [5.04, 2.315, 0.9],
							"pivot": [0, 11.00362, 2.51276],
							"rotation": [0, 7.5, 0],
							"uv": {
								"north": {"uv": [36, 55], "uv_size": [5, 2.5]},
								"east": {"uv": [61, 67], "uv_size": [1, 2.5]},
								"south": {"uv": [55, 37], "uv_size": [5, 2.5]},
								"west": {"uv": [67, 66], "uv_size": [1, 2.5]},
								"up": {"uv": [4, 64], "uv_size": [5, 1]},
								"down": {"uv": [21, 65], "uv_size": [5, -1]}
							}
						}
					]
				},
				{
					"name": "Belt2",
					"parent": "bone3",
					"pivot": [0, 12.16112, 2.58827],
					"cubes": [
						{
							"origin": [-4.95, 12.00362, 2.45776],
							"size": [5.04, 0.94, 0.9],
							"pivot": [0, 11.00362, 2.63776],
							"rotation": [0, -7.5, 0],
							"uv": {
								"north": {"uv": [64, 39], "uv_size": [5, 1]},
								"east": {"uv": [13, 70], "uv_size": [1, 1]},
								"south": {"uv": [64, 40], "uv_size": [5, 1]},
								"west": {"uv": [70, 13], "uv_size": [1, 1]},
								"up": {"uv": [64, 41], "uv_size": [5, 1]},
								"down": {"uv": [64, 48], "uv_size": [5, -1]}
							}
						},
						{
							"origin": [-0.09, 12.00362, 2.45776],
							"size": [5.04, 0.94, 0.9],
							"pivot": [0, 11.00362, 2.63776],
							"rotation": [0, 7.5, 0],
							"uv": {
								"north": {"uv": [64, 48], "uv_size": [5, 1]},
								"east": {"uv": [70, 14], "uv_size": [1, 1]},
								"south": {"uv": [64, 49], "uv_size": [5, 1]},
								"west": {"uv": [70, 15], "uv_size": [1, 1]},
								"up": {"uv": [62, 64], "uv_size": [5, 1]},
								"down": {"uv": [0, 66], "uv_size": [5, -1]}
							}
						},
						{
							"origin": [-5.16337, 12.00362, -2.69451],
							"size": [10.165, 0.94, 5.4],
							"uv": {
								"north": {"uv": [57, 46], "uv_size": [10, 1]},
								"east": {"uv": [61, 3], "uv_size": [5.5, 1]},
								"south": {"uv": [49, 59], "uv_size": [10, 1]},
								"west": {"uv": [61, 4], "uv_size": [5.5, 1]},
								"up": {"uv": [18, 14], "uv_size": [10, 5.5]},
								"down": {"uv": [18, 25.5], "uv_size": [10, -5.5]}
							}
						},
						{
							"origin": [-0.66337, 12.00362, -3.44451],
							"size": [1.29, 0.94, 0.775],
							"uv": {
								"north": {"uv": [69, 36], "uv_size": [1.5, 1]},
								"east": {"uv": [17, 70], "uv_size": [1, 1]},
								"south": {"uv": [69, 41], "uv_size": [1.5, 1]},
								"west": {"uv": [70, 17], "uv_size": [1, 1]},
								"up": {"uv": [69, 47], "uv_size": [1.5, 1]},
								"down": {"uv": [69, 49], "uv_size": [1.5, -1]}
							}
						}
					]
				},
				{
					"name": "Sheath",
					"parent": "Body",
					"pivot": [4.375, 13.42729, -0.55758],
					"rotation": [42.47283, -1.68868, 1.84373],
					"cubes": [
						{
							"origin": [3.90143, 8.80795, -1.90574],
							"size": [0.94, 6.2275, 1.88],
							"uv": {
								"north": {"uv": [14, 60], "uv_size": [1, 6]},
								"east": {"uv": [25, 0], "uv_size": [2, 6]},
								"south": {"uv": [31, 61], "uv_size": [1, 6]},
								"west": {"uv": [17, 54], "uv_size": [2, 6]},
								"up": {"uv": [27, 12], "uv_size": [1, 2]},
								"down": {"uv": [39, 11], "uv_size": [1, -2]}
							}
						},
						{
							"origin": [3.90143, 3.77874, -1.63772],
							"size": [0.94, 5.17, 1.88],
							"pivot": [4.90018, 6.83374, -0.69772],
							"rotation": [7.5, 0, 0],
							"uv": {
								"north": {"uv": [31, 53], "uv_size": [1, 5]},
								"east": {"uv": [16, 7], "uv_size": [2, 5]},
								"south": {"uv": [58, 62], "uv_size": [1, 5]},
								"west": {"uv": [16, 21], "uv_size": [2, 5]},
								"up": {"uv": [48, 22], "uv_size": [1, 2]},
								"down": {"uv": [48, 32], "uv_size": [1, -2]}
							}
						},
						{
							"origin": [3.90143, 2.74218, -1.23092],
							"size": [0.94, 0.94, 1.0575],
							"pivot": [4.37143, 3.68218, -1.23092],
							"rotation": [25, 0, 0],
							"uv": {
								"north": {"uv": [31, 11], "uv_size": [1, 1]},
								"east": {"uv": [48, 4], "uv_size": [1, 1]},
								"south": {"uv": [23, 50], "uv_size": [1, 1]},
								"west": {"uv": [9, 59], "uv_size": [1, 1]},
								"up": {"uv": [4, 63], "uv_size": [1, 1]},
								"down": {"uv": [69, 52], "uv_size": [1, -1]}
							}
						},
						{
							"origin": [3.9212, 1.89025, -0.83366],
							"size": [0.92, 0.94, 1.88],
							"pivot": [4.37143, 2.83025, -0.83366],
							"rotation": [75, 0, 0],
							"uv": {
								"north": {"uv": [69, 65], "uv_size": [1, 1]},
								"east": {"uv": [25, 6], "uv_size": [2, 1]},
								"south": {"uv": [1, 70], "uv_size": [1, 1]},
								"west": {"uv": [43, 26], "uv_size": [2, 1]},
								"up": {"uv": [51, 16], "uv_size": [1, 2]},
								"down": {"uv": [12, 54], "uv_size": [1, -2]}
							}
						},
						{
							"origin": [3.90143, 1.64696, 0.07431],
							"size": [0.94, 0.94, 1.88],
							"pivot": [4.37143, 2.58696, 0.07431],
							"rotation": [107.5, 0, 0],
							"uv": {
								"north": {"uv": [2, 70], "uv_size": [1, 1]},
								"east": {"uv": [53, 37], "uv_size": [2, 1]},
								"south": {"uv": [3, 70], "uv_size": [1, 1]},
								"west": {"uv": [55, 43], "uv_size": [2, 1]},
								"up": {"uv": [68, 35], "uv_size": [1, 2]},
								"down": {"uv": [50, 70], "uv_size": [1, -2]}
							}
						}
					]
				},
				{
					"name": "RightArm",
					"pivot": [-5.5, 22, 0],
					"cubes": [
						{
							"origin": [-8.8, 23, -2.5],
							"size": [4.7, 1.75, 4.8],
							"uv": {
								"north": {"uv": [60, 17], "uv_size": [4.5, 2]},
								"east": {"uv": [58, 33], "uv_size": [5, 2]},
								"south": {"uv": [60, 19], "uv_size": [4.5, 2]},
								"west": {"uv": [58, 35], "uv_size": [5, 2]},
								"up": {"uv": [43, 14], "uv_size": [4.5, 5]},
								"down": {"uv": [16, 48], "uv_size": [4.5, -5]}
							}
						},
						{
							"origin": [-8.8, 12.75, -2.5],
							"size": [4.95, 3.5, 4.8],
							"uv": {
								"north": {"uv": [47, 45], "uv_size": [5, 3.5]},
								"east": {"uv": [0, 48], "uv_size": [5, 3.5]},
								"south": {"uv": [48, 0], "uv_size": [5, 3.5]},
								"west": {"uv": [8, 48], "uv_size": [5, 3.5]},
								"up": {"uv": [0, 43], "uv_size": [5, 5]},
								"down": {"uv": [43, 5], "uv_size": [5, -5]}
							}
						},
						{
							"origin": [-8.38281, 13.125, -2.07812],
							"size": [4, 10.875, 4],
							"inflate": 0.25,
							"uv": {
								"north": {"uv": [31, 0], "uv_size": [4, 11]},
								"east": {"uv": [32, 11], "uv_size": [4, 11]},
								"south": {"uv": [32, 22], "uv_size": [4, 11]},
								"west": {"uv": [32, 33], "uv_size": [4, 11]},
								"up": {"uv": [48, 18], "uv_size": [4, 4]},
								"down": {"uv": [49, 8], "uv_size": [4, -4]}
							}
						}
					]
				},
				{
					"name": "LeftArm",
					"pivot": [5.375, 22, 0],
					"cubes": [
						{
							"origin": [4.33984, 13.125, -2.07031],
							"size": [4, 10.875, 4],
							"inflate": 0.25,
							"uv": {
								"north": {"uv": [35, 0], "uv_size": [4, 11]},
								"east": {"uv": [36, 11], "uv_size": [4, 11]},
								"south": {"uv": [36, 22], "uv_size": [4, 11]},
								"west": {"uv": [28, 36], "uv_size": [4, 11]},
								"up": {"uv": [49, 8], "uv_size": [4, 4]},
								"down": {"uv": [49, 26], "uv_size": [4, -4]}
							}
						},
						{
							"origin": [4.075, 23, -2.5],
							"size": [4.7, 1.75, 4.8],
							"uv": {
								"north": {"uv": [60, 21], "uv_size": [4.5, 2]},
								"east": {"uv": [36, 58], "uv_size": [5, 2]},
								"south": {"uv": [60, 23], "uv_size": [4.5, 2]},
								"west": {"uv": [0, 59], "uv_size": [5, 2]},
								"up": {"uv": [43, 19], "uv_size": [4.5, 5]},
								"down": {"uv": [44, 37], "uv_size": [4.5, -5]}
							}
						},
						{
							"origin": [3.825, 12.75, -2.5],
							"size": [4.95, 3.5, 4.8],
							"uv": {
								"north": {"uv": [44, 37], "uv_size": [5, 3.5]},
								"east": {"uv": [24, 47], "uv_size": [5, 3.5]},
								"south": {"uv": [47, 41], "uv_size": [5, 3.5]},
								"west": {"uv": [42, 47], "uv_size": [5, 3.5]},
								"up": {"uv": [40, 27], "uv_size": [5, 5]},
								"down": {"uv": [42, 47], "uv_size": [5, -5]}
							}
						}
					]
				},
				{
					"name": "RightLeg",
					"pivot": [-1.9, 12, 0],
					"cubes": [
						{
							"origin": [-4.04844, 0, -2.02734],
							"size": [4, 12, 4],
							"inflate": 0.25,
							"uv": {
								"north": {"uv": [16, 26], "uv_size": [4, 12]},
								"east": {"uv": [20, 26], "uv_size": [4, 12]},
								"south": {"uv": [24, 26], "uv_size": [4, 12]},
								"west": {"uv": [0, 27], "uv_size": [4, 12]},
								"up": {"uv": [49, 26], "uv_size": [4, 4]},
								"down": {"uv": [49, 34], "uv_size": [4, -4]}
							}
						}
					]
				},
				{
					"name": "LeftLeg",
					"pivot": [1.9, 12, 0],
					"cubes": [
						{
							"origin": [-0.03359, 0, -2.03516],
							"size": [4, 12, 4],
							"inflate": 0.25,
							"uv": {
								"north": {"uv": [27, 0], "uv_size": [4, 12]},
								"east": {"uv": [4, 27], "uv_size": [4, 12]},
								"south": {"uv": [8, 27], "uv_size": [4, 12]},
								"west": {"uv": [12, 27], "uv_size": [4, 12]},
								"up": {"uv": [49, 34], "uv_size": [4, 4]},
								"down": {"uv": [47, 53], "uv_size": [4, -4]}
							}
						}
					]
				}
			]
		}
	]
}
