{
	"format_version": "1.12.0",
	"minecraft:geometry": [
		{
			"description": {
				"identifier": "geometry.prussian_uniform",
				"texture_width": 128,
				"texture_height": 128,
				"visible_bounds_width": 3,
				"visible_bounds_height": 5,
				"visible_bounds_offset": [0, 1.5, 0]
			},
			"bones": [
				{
					"name": "Head",
					"pivot": [0, 24, 0]
				},
				{
					"name": "Helmet",
					"parent": "Head",
					"pivot": [0, 23.5, 0.5],
					"cubes": [
						{
							"origin": [-4.60295, 28.83519, -4.5],
							"size": [11, 9.25, 9],
							"pivot": [0.02205, 33.46019, 0],
							"rotation": [0, 0, -90],
							"uv": {
								"north": {"uv": [0, 0], "uv_size": [11, 9.5]},
								"east": {"uv": [0, 30], "uv_size": [9, 9.5]},
								"south": {"uv": [0, 10], "uv_size": [11, 9.5]},
								"west": {"uv": [9, 30], "uv_size": [9, 9.5]},
								"up": {"uv": [11, 0], "uv_size": [11, 9]},
								"down": {"uv": [11, 18], "uv_size": [11, -9]}
							}
						},
						{
							"origin": [-4.60295, 38.33519, -4.75],
							"size": [1.5, 9.75, 9.5],
							"pivot": [0.02205, 43.21019, 0],
							"rotation": [0, 0, -90],
							"uv": {
								"north": {"uv": [3, 62], "uv_size": [1.5, 10]},
								"east": {"uv": [0, 20], "uv_size": [9.5, 10]},
								"south": {"uv": [5, 62], "uv_size": [1.5, 10]},
								"west": {"uv": [22, 0], "uv_size": [9.5, 10]},
								"up": {"uv": [7, 62], "uv_size": [1.5, 9.5]},
								"down": {"uv": [45, 72.5], "uv_size": [1.5, -9.5]}
							}
						},
						{
							"origin": [-4.60295, 28.33519, -4.75],
							"size": [2, 9.75, 9.5],
							"pivot": [0.02205, 33.21019, 0],
							"rotation": [0, 0, -90],
							"uv": {
								"north": {"uv": [10, 57], "uv_size": [2, 10]},
								"east": {"uv": [27, 10], "uv_size": [9.5, 10]},
								"south": {"uv": [12, 57], "uv_size": [2, 10]},
								"west": {"uv": [27, 20], "uv_size": [9.5, 10]},
								"up": {"uv": [57, 53], "uv_size": [2, 9.5]},
								"down": {"uv": [58, 9.5], "uv_size": [2, -9.5]}
							}
						},
						{
							"origin": [2.64705, 29.08519, -8.75],
							"size": [0.75, 6.25, 4],
							"pivot": [3.14705, 29.08519, -8.75],
							"rotation": [0, 0, -90],
							"uv": {
								"north": {"uv": [12, 67], "uv_size": [0.5, 6.5]},
								"east": {"uv": [37, 48], "uv_size": [4, 6.5]},
								"south": {"uv": [13, 67], "uv_size": [0.5, 6.5]},
								"west": {"uv": [50, 37], "uv_size": [4, 6.5]},
								"up": {"uv": [10, 26], "uv_size": [0.5, 4]},
								"down": {"uv": [56, 63], "uv_size": [0.5, -4]}
							}
						},
						{
							"origin": [2.64705, 29.08519, -8.75],
							"size": [0.75, 1.75, 4.5],
							"pivot": [3.14705, 29.08519, -8.75],
							"rotation": [-23, 0, -90],
							"uv": {
								"north": {"uv": [15, 52], "uv_size": [0.5, 2]},
								"east": {"uv": [32, 8], "uv_size": [4.5, 2]},
								"south": {"uv": [27, 54], "uv_size": [0.5, 2]},
								"west": {"uv": [50, 44], "uv_size": [4.5, 2]},
								"up": {"uv": [68, 6], "uv_size": [0.5, 4.5]},
								"down": {"uv": [68, 19.5], "uv_size": [0.5, -4.5]}
							}
						},
						{
							"origin": [-3.39705, 29.08519, -8.75],
							"size": [0.75, 1.75, 4.5],
							"pivot": [-3.14705, 29.08519, -8.75],
							"rotation": [-23, 0, 90],
							"uv": {
								"north": {"uv": [58, 35], "uv_size": [0.5, 2]},
								"east": {"uv": [64, 21], "uv_size": [4.5, 2]},
								"south": {"uv": [55, 68], "uv_size": [0.5, 2]},
								"west": {"uv": [64, 23], "uv_size": [4.5, 2]},
								"up": {"uv": [68, 29], "uv_size": [0.5, 4.5]},
								"down": {"uv": [68, 58.5], "uv_size": [0.5, -4.5]}
							}
						},
						{
							"origin": [1.25, 39.5, -5.5],
							"size": [-2.5, 5.75, 1.25],
							"uv": {
								"north": {"uv": [22, 60], "uv_size": [2.5, 6]},
								"east": {"uv": [64, 15], "uv_size": [1.5, 6]},
								"south": {"uv": [0, 62], "uv_size": [2.5, 6]},
								"west": {"uv": [17, 64], "uv_size": [1.5, 6]},
								"up": {"uv": [67, 2], "uv_size": [2.5, 1.5]},
								"down": {"uv": [67, 5.5], "uv_size": [2.5, -1.5]}
							}
						},
						{
							"origin": [-0.5, 32.75, -5],
							"size": [1, 6.75, 1.75],
							"uv": {
								"north": {"uv": [47, 63], "uv_size": [2, 7]},
								"east": {"uv": [49, 63], "uv_size": [2, 7]},
								"south": {"uv": [51, 63], "uv_size": [2, 7]},
								"west": {"uv": [53, 63], "uv_size": [2, 7]},
								"up": {"uv": [16, 40], "uv_size": [2, 2]},
								"down": {"uv": [58, 12], "uv_size": [2, -2]}
							}
						},
						{
							"origin": [-1.5, 31.25, -4.75],
							"size": [3, 3, 1.5],
							"pivot": [0, 32.75, -4.125],
							"rotation": [0, 0, -45],
							"uv": {
								"north": {"uv": [19, 64], "uv_size": [3, 3]},
								"east": {"uv": [62, 12], "uv_size": [1.5, 3]},
								"south": {"uv": [64, 35], "uv_size": [3, 3]},
								"west": {"uv": [65, 48], "uv_size": [1.5, 3]},
								"up": {"uv": [65, 66], "uv_size": [3, 1.5]},
								"down": {"uv": [67, 1.5], "uv_size": [3, -1.5]}
							}
						}
					]
				},
				{
					"name": "Body",
					"pivot": [0, 24, 0],
					"cubes": [
						{
							"origin": [-4, 6.25, 2.27344],
							"size": [8, 5.25, 0],
							"inflate": 0.25,
							"pivot": [0, 8.375, 2.27344],
							"rotation": [5, 0, 0],
							"uv": {
								"north": {"uv": [42, 35], "uv_size": [8, 5.25]},
								"east": {"uv": [42, 35], "uv_size": [8, 5.25]},
								"south": {"uv": [42, 35], "uv_size": [8, 5.25]},
								"west": {"uv": [42, 35], "uv_size": [8, 5.25]},
								"up": {"uv": [50, 40.25], "uv_size": [-8, -5.25]},
								"down": {"uv": [50, 40.25], "uv_size": [-8, -5.25]}
							}
						},
						{
							"origin": [-4.2951, 6.24105, 1.02344],
							"size": [0, 5.25, 1],
							"inflate": 0.25,
							"pivot": [-4.2951, 8.36605, -0.22656],
							"rotation": [0, 0, 5],
							"uv": {
								"north": {"uv": [37.5, 42], "uv_size": [0.5, 5]},
								"east": {"uv": [37, 42], "uv_size": [1, 5]},
								"south": {"uv": [37, 42], "uv_size": [0.5, 5]},
								"west": {"uv": [37, 42], "uv_size": [1, 5]},
								"up": {"uv": [38, 47], "uv_size": [-1, -5]},
								"down": {"uv": [38, 47], "uv_size": [-1, -5]}
							}
						},
						{
							"origin": [4.2951, 6.24105, 1.02344],
							"size": [0, 5.25, 1],
							"inflate": 0.25,
							"pivot": [4.2951, 8.36605, -0.22656],
							"rotation": [0, 0, -5],
							"uv": {
								"north": {"uv": [37, 24], "uv_size": [0.5, 5.5]},
								"east": {"uv": [38, 24], "uv_size": [-1, 5.5]},
								"south": {"uv": [37.5, 24], "uv_size": [0.5, 5.5]},
								"west": {"uv": [37, 24], "uv_size": [1, 5.5]},
								"up": {"uv": [38, 29.5], "uv_size": [-1, -5.5]},
								"down": {"uv": [38, 29.5], "uv_size": [-1, -5.5]}
							}
						},
						{
							"origin": [-4, 12, -1.97656],
							"size": [8, 12, 4],
							"inflate": 0.25,
							"uv": {
								"north": {"uv": [11, 18], "uv_size": [8, 12]},
								"east": {"uv": [20, 42], "uv_size": [4, 12]},
								"south": {"uv": [19, 18], "uv_size": [8, 12]},
								"west": {"uv": [24, 42], "uv_size": [4, 12]},
								"up": {"uv": [50, 29], "uv_size": [8, 4]},
								"down": {"uv": [50, 37], "uv_size": [8, -4]}
							}
						}
					]
				},
				{
					"name": "Vest",
					"parent": "Body",
					"pivot": [-0.5, 24.5, -4.97656],
					"cubes": [
						{
							"origin": [-0.46657, 10.63787, 2.02344],
							"size": [1.15234, 14.75, 0.5],
							"pivot": [0.1096, 18.01287, 2.27344],
							"rotation": [0, 0, 32.5],
							"uv": {
								"north": {"uv": [33, 51], "uv_size": [1.5, 15]},
								"east": {"uv": [9, 62], "uv_size": [0.5, 15]},
								"south": {"uv": [35, 51], "uv_size": [1.5, 15]},
								"west": {"uv": [58, 63], "uv_size": [0.5, 15]},
								"up": {"uv": [68, 26], "uv_size": [1.5, 0.5]},
								"down": {"uv": [68, 41.5], "uv_size": [1.5, -0.5]}
							}
						},
						{
							"origin": [-0.68577, 10.63787, 2.02344],
							"size": [1.15234, 14.75, 0.5],
							"pivot": [-0.1096, 18.01287, 2.27344],
							"rotation": [0, 0, -32.5],
							"uv": {
								"north": {"uv": [25, 54], "uv_size": [1.5, 15]},
								"east": {"uv": [59, 65], "uv_size": [0.5, 15]},
								"south": {"uv": [37, 55], "uv_size": [1.5, 15]},
								"west": {"uv": [60, 65], "uv_size": [0.5, 15]},
								"up": {"uv": [56, 68], "uv_size": [1.5, 0.5]},
								"down": {"uv": [68, 60.5], "uv_size": [1.5, -0.5]}
							}
						},
						{
							"origin": [-5.18577, 21.13787, 2.52344],
							"size": [10.15234, 4, 4],
							"uv": {
								"north": {"uv": [28, 47], "uv_size": [8.5, 4]},
								"east": {"uv": [61, 47], "uv_size": [4, 4]},
								"south": {"uv": [47, 46], "uv_size": [8.5, 4]},
								"west": {"uv": [59, 61], "uv_size": [4, 4]},
								"up": {"uv": [50, 15], "uv_size": [8.5, 4]},
								"down": {"uv": [50, 23], "uv_size": [8.5, -4]}
							}
						},
						{
							"origin": [-4.18577, 18.13787, 2.52344],
							"size": [8.40234, 2.75, 2.5],
							"uv": {
								"north": {"uv": [47, 50], "uv_size": [8.5, 3]},
								"east": {"uv": [64, 54], "uv_size": [2.5, 3]},
								"south": {"uv": [51, 23], "uv_size": [8.5, 3]},
								"west": {"uv": [64, 57], "uv_size": [2.5, 3]},
								"up": {"uv": [51, 26], "uv_size": [8.5, 2.5]},
								"down": {"uv": [53, 14.5], "uv_size": [8.5, -2.5]}
							}
						},
						{
							"origin": [-3.93577, 13.13787, 2.52344],
							"size": [7.65234, 5, 2.25],
							"uv": {
								"north": {"uv": [45, 5], "uv_size": [7.5, 5]},
								"east": {"uv": [55, 63], "uv_size": [2.5, 5]},
								"south": {"uv": [45, 10], "uv_size": [7.5, 5]},
								"west": {"uv": [63, 61], "uv_size": [2.5, 5]},
								"up": {"uv": [58, 29], "uv_size": [7.5, 2.5]},
								"down": {"uv": [58, 34.5], "uv_size": [7.5, -2.5]}
							}
						},
						{
							"origin": [-4.46657, 16.88787, -2.47656],
							"size": [0.65234, 7.5, 5],
							"uv": {
								"north": {"uv": [24, 66], "uv_size": [0.5, 7.5]},
								"east": {"uv": [22, 10], "uv_size": [5, 7.5]},
								"south": {"uv": [67, 6], "uv_size": [0.5, 7.5]},
								"west": {"uv": [32, 0], "uv_size": [5, 7.5]},
								"up": {"uv": [67, 54], "uv_size": [0.5, 5]},
								"down": {"uv": [0, 73], "uv_size": [0.5, -5]}
							}
						},
						{
							"origin": [3.81423, 16.88787, -2.47656],
							"size": [0.65234, 7.5, 5],
							"uv": {
								"north": {"uv": [10, 67], "uv_size": [0.5, 7.5]},
								"east": {"uv": [45, 15], "uv_size": [5, 7.5]},
								"south": {"uv": [11, 67], "uv_size": [0.5, 7.5]},
								"west": {"uv": [42, 46], "uv_size": [5, 7.5]},
								"up": {"uv": [1, 68], "uv_size": [0.5, 5]},
								"down": {"uv": [2, 73], "uv_size": [0.5, -5]}
							}
						},
						{
							"origin": [-4.43577, 11.63787, -2.47656],
							"size": [8.90234, 1.5, 5],
							"uv": {
								"north": {"uv": [60, 27], "uv_size": [9, 1.5]},
								"east": {"uv": [65, 43], "uv_size": [5, 1.5]},
								"south": {"uv": [61, 51], "uv_size": [9, 1.5]},
								"west": {"uv": [65, 45], "uv_size": [5, 1.5]},
								"up": {"uv": [42, 24], "uv_size": [9, 5]},
								"down": {"uv": [28, 47], "uv_size": [9, -5]}
							}
						},
						{
							"origin": [-3.93577, 18.88787, -2.47656],
							"size": [7.90234, 0.75, 5],
							"uv": {
								"north": {"uv": [64, 42], "uv_size": [8, 1]},
								"east": {"uv": [45, 23], "uv_size": [5, 1]},
								"south": {"uv": [64, 53], "uv_size": [8, 1]},
								"west": {"uv": [65, 47], "uv_size": [5, 1]},
								"up": {"uv": [42, 41], "uv_size": [8, 5]},
								"down": {"uv": [45, 5], "uv_size": [8, -5]}
							}
						},
						{
							"origin": [-0.68577, 10.63787, -2.77344],
							"size": [1.15234, 14.75, 0.5],
							"pivot": [-0.1096, 18.01287, -2.52344],
							"rotation": [0, 0, -32.5],
							"uv": {
								"north": {"uv": [39, 55], "uv_size": [1.5, 15]},
								"east": {"uv": [61, 65], "uv_size": [0.5, 15]},
								"south": {"uv": [27, 56], "uv_size": [1.5, 15]},
								"west": {"uv": [62, 65], "uv_size": [0.5, 15]},
								"up": {"uv": [68, 61], "uv_size": [1.5, 0.5]},
								"down": {"uv": [68, 62.5], "uv_size": [1.5, -0.5]}
							}
						},
						{
							"origin": [-0.46657, 10.63787, -2.77344],
							"size": [1.15234, 14.75, 0.5],
							"pivot": [0.1096, 18.01287, -2.52344],
							"rotation": [0, 0, 32.5],
							"uv": {
								"north": {"uv": [29, 56], "uv_size": [1.5, 15]},
								"east": {"uv": [22, 66], "uv_size": [0.5, 15]},
								"south": {"uv": [31, 56], "uv_size": [1.5, 15]},
								"west": {"uv": [23, 66], "uv_size": [0.5, 15]},
								"up": {"uv": [68, 63], "uv_size": [1.5, 0.5]},
								"down": {"uv": [68, 64.5], "uv_size": [1.5, -0.5]}
							}
						},
						{
							"origin": [-0.46657, 24.88787, -2.27344],
							"size": [1.40234, 0.5, 4.5],
							"pivot": [0.1096, 18.01287, -2.02344],
							"rotation": [0, 0, 32.5],
							"uv": {
								"north": {"uv": [65, 68], "uv_size": [1.5, 0.5]},
								"east": {"uv": [66, 20], "uv_size": [4.5, 0.5]},
								"south": {"uv": [68, 66], "uv_size": [1.5, 0.5]},
								"west": {"uv": [66, 34], "uv_size": [4.5, 0.5]},
								"up": {"uv": [66, 15], "uv_size": [1.5, 4.5]},
								"down": {"uv": [66, 33.5], "uv_size": [1.5, -4.5]}
							}
						},
						{
							"origin": [-0.93577, 24.88787, -2.27344],
							"size": [1.40234, 0.5, 4.5],
							"pivot": [-0.1096, 18.01287, -2.02344],
							"rotation": [0, 0, -32.5],
							"uv": {
								"north": {"uv": [67, 68], "uv_size": [1.5, 0.5]},
								"east": {"uv": [66, 65], "uv_size": [4.5, 0.5]},
								"south": {"uv": [68, 67], "uv_size": [1.5, 0.5]},
								"west": {"uv": [67, 14], "uv_size": [4.5, 0.5]},
								"up": {"uv": [33, 66], "uv_size": [1.5, 4.5]},
								"down": {"uv": [35, 70.5], "uv_size": [1.5, -4.5]}
							}
						},
						{
							"origin": [-0.68577, 10.61213, -2.27344],
							"size": [1.65234, 0.5, 4.5],
							"pivot": [0.1404, 17.98713, -2.02344],
							"rotation": [0, 0, 32.5],
							"uv": {
								"north": {"uv": [69, 6], "uv_size": [1.5, 0.5]},
								"east": {"uv": [67, 35], "uv_size": [4.5, 0.5]},
								"south": {"uv": [69, 7], "uv_size": [1.5, 0.5]},
								"west": {"uv": [67, 36], "uv_size": [4.5, 0.5]},
								"up": {"uv": [41, 66], "uv_size": [1.5, 4.5]},
								"down": {"uv": [43, 70.5], "uv_size": [1.5, -4.5]}
							}
						},
						{
							"origin": [-0.96657, 10.61213, -2.27344],
							"size": [1.65234, 0.5, 4.5],
							"pivot": [-0.1404, 17.98713, -2.02344],
							"rotation": [0, 0, -32.5],
							"uv": {
								"north": {"uv": [69, 8], "uv_size": [1.5, 0.5]},
								"east": {"uv": [67, 37], "uv_size": [4.5, 0.5]},
								"south": {"uv": [69, 9], "uv_size": [1.5, 0.5]},
								"west": {"uv": [67, 48], "uv_size": [4.5, 0.5]},
								"up": {"uv": [66, 60], "uv_size": [1.5, 4.5]},
								"down": {"uv": [63, 70.5], "uv_size": [1.5, -4.5]}
							}
						}
					]
				},
				{
					"name": "RightArm",
					"pivot": [-5.5, 22, 0],
					"cubes": [
						{
							"origin": [-8.3, 24.25, -1],
							"size": [4.2, 0.25, 1.8],
							"uv": {
								"north": {"uv": [67, 59], "uv_size": [4, 0.5]},
								"east": {"uv": [68, 13], "uv_size": [2, 0.5]},
								"south": {"uv": [68, 11], "uv_size": [4, 0.5]},
								"west": {"uv": [68, 25], "uv_size": [2, 0.5]},
								"up": {"uv": [64, 40], "uv_size": [4, 2]},
								"down": {"uv": [41, 66], "uv_size": [4, -2]}
							}
						},
						{
							"origin": [-8.8, 11.75, -2.5],
							"size": [4.95, 3.5, 4.8],
							"uv": {
								"north": {"uv": [59, 15], "uv_size": [5, 3.5]},
								"east": {"uv": [59, 19], "uv_size": [5, 3.5]},
								"south": {"uv": [59, 35], "uv_size": [5, 3.5]},
								"west": {"uv": [59, 39], "uv_size": [5, 3.5]},
								"up": {"uv": [28, 51], "uv_size": [5, 5]},
								"down": {"uv": [0, 57], "uv_size": [5, -5]}
							}
						},
						{
							"origin": [-9.05, 11.75, -1.25],
							"size": [0.45, 5, 2.3],
							"uv": {
								"north": {"uv": [20, 67], "uv_size": [0.5, 5]},
								"east": {"uv": [64, 10], "uv_size": [2.5, 5]},
								"south": {"uv": [21, 67], "uv_size": [0.5, 5]},
								"west": {"uv": [14, 64], "uv_size": [2.5, 5]},
								"up": {"uv": [45, 60], "uv_size": [0.5, 2.5]},
								"down": {"uv": [68, 40.5], "uv_size": [0.5, -2.5]}
							}
						},
						{
							"origin": [-8.38281, 12, -2.07812],
							"size": [4, 12, 4],
							"inflate": 0.25,
							"uv": {
								"north": {"uv": [18, 30], "uv_size": [4, 12]},
								"east": {"uv": [22, 30], "uv_size": [4, 12]},
								"south": {"uv": [26, 30], "uv_size": [4, 12]},
								"west": {"uv": [30, 30], "uv_size": [4, 12]},
								"up": {"uv": [60, 0], "uv_size": [4, 4]},
								"down": {"uv": [60, 8], "uv_size": [4, -4]}
							}
						}
					]
				},
				{
					"name": "LeftArm",
					"pivot": [5.5, 22, 0],
					"cubes": [
						{
							"origin": [4.46484, 12, -2.07031],
							"size": [4, 12, 4],
							"inflate": 0.25,
							"uv": {
								"north": {"uv": [34, 30], "uv_size": [4, 12]},
								"east": {"uv": [37, 0], "uv_size": [4, 12]},
								"south": {"uv": [37, 12], "uv_size": [4, 12]},
								"west": {"uv": [38, 24], "uv_size": [4, 12]},
								"up": {"uv": [60, 8], "uv_size": [4, 4]},
								"down": {"uv": [14, 64], "uv_size": [4, -4]}
							}
						},
						{
							"origin": [4.2, 24.25, -1],
							"size": [4.2, 0.25, 1.8],
							"uv": {
								"north": {"uv": [67, 49], "uv_size": [4, 0.5]},
								"east": {"uv": [64, 60], "uv_size": [2, 0.5]},
								"south": {"uv": [67, 50], "uv_size": [4, 0.5]},
								"west": {"uv": [68, 12], "uv_size": [2, 0.5]},
								"up": {"uv": [64, 25], "uv_size": [4, 2]},
								"down": {"uv": [64, 40], "uv_size": [4, -2]}
							}
						},
						{
							"origin": [3.95, 11.75, -2.5],
							"size": [4.95, 3.5, 4.8],
							"uv": {
								"north": {"uv": [46, 59], "uv_size": [5, 3.5]},
								"east": {"uv": [51, 59], "uv_size": [5, 3.5]},
								"south": {"uv": [59, 53], "uv_size": [5, 3.5]},
								"west": {"uv": [59, 57], "uv_size": [5, 3.5]},
								"up": {"uv": [5, 52], "uv_size": [5, 5]},
								"down": {"uv": [10, 57], "uv_size": [5, -5]}
							}
						},
						{
							"origin": [8.7, 11.75, -1.25],
							"size": [0.45, 5, 2.3],
							"uv": {
								"north": {"uv": [46, 54], "uv_size": [0.5, 5]},
								"east": {"uv": [64, 0], "uv_size": [2.5, 5]},
								"south": {"uv": [19, 67], "uv_size": [0.5, 5]},
								"west": {"uv": [64, 5], "uv_size": [2.5, 5]},
								"up": {"uv": [55, 43], "uv_size": [0.5, 2.5]},
								"down": {"uv": [14, 59.5], "uv_size": [0.5, -2.5]}
							}
						}
					]
				},
				{
					"name": "RightLeg",
					"pivot": [-1.9, 12, 0],
					"cubes": [
						{
							"origin": [-3.92344, 0, -2.02734],
							"size": [4, 12, 4],
							"inflate": 0.25,
							"uv": {
								"north": {"uv": [38, 36], "uv_size": [4, 12]},
								"east": {"uv": [0, 40], "uv_size": [4, 12]},
								"south": {"uv": [4, 40], "uv_size": [4, 12]},
								"west": {"uv": [8, 40], "uv_size": [4, 12]},
								"up": {"uv": [18, 60], "uv_size": [4, 4]},
								"down": {"uv": [60, 27], "uv_size": [4, -4]}
							}
						},
						{
							"origin": [-4.17344, 0, -2.27734],
							"size": [4.5, 5.25, 4.5],
							"inflate": 0.25,
							"uv": {
								"north": {"uv": [15, 54], "uv_size": [4.5, 5.5]},
								"east": {"uv": [20, 54], "uv_size": [4.5, 5.5]},
								"south": {"uv": [54, 37], "uv_size": [4.5, 5.5]},
								"west": {"uv": [41, 54], "uv_size": [4.5, 5.5]},
								"up": {"uv": [0, 57], "uv_size": [4.5, 4.5]},
								"down": {"uv": [5, 61.5], "uv_size": [4.5, -4.5]}
							}
						}
					]
				},
				{
					"name": "LeftLeg",
					"pivot": [1.9, 12, 0],
					"cubes": [
						{
							"origin": [-0.03359, 0, -2.03516],
							"size": [4, 12, 4],
							"inflate": 0.25,
							"uv": {
								"north": {"uv": [12, 40], "uv_size": [4, 12]},
								"east": {"uv": [41, 0], "uv_size": [4, 12]},
								"south": {"uv": [41, 12], "uv_size": [4, 12]},
								"west": {"uv": [16, 42], "uv_size": [4, 12]},
								"up": {"uv": [41, 60], "uv_size": [4, 4]},
								"down": {"uv": [61, 47], "uv_size": [4, -4]}
							}
						},
						{
							"origin": [-0.28359, 0, -2.28516],
							"size": [4.5, 5.25, 4.5],
							"inflate": 0.25,
							"uv": {
								"north": {"uv": [53, 0], "uv_size": [4.5, 5.5]},
								"east": {"uv": [53, 6], "uv_size": [4.5, 5.5]},
								"south": {"uv": [47, 53], "uv_size": [4.5, 5.5]},
								"west": {"uv": [52, 53], "uv_size": [4.5, 5.5]},
								"up": {"uv": [56, 43], "uv_size": [4.5, 4.5]},
								"down": {"uv": [56, 52.5], "uv_size": [4.5, -4.5]}
							}
						}
					]
				}
			]
		}
	]
}