{
	"format_version": "1.12.0",
	"minecraft:geometry": [
		{
			"description": {
				"identifier": "geometry.russian_uniform",
				"texture_width": 128,
				"texture_height": 128,
				"visible_bounds_width": 3,
				"visible_bounds_height": 7,
				"visible_bounds_offset": [0, 2.5, 0]
			},
			"bones": [
				{
					"name": "Head",
					"pivot": [0, 24, 0]
				},
				{
					"name": "Helmet",
					"parent": "Head",
					"pivot": [0, 23.5, 0.5],
					"cubes": [
						{
							"origin": [-4.60295, 28.83519, -4.5],
							"size": [8.5, 9.25, 9],
							"pivot": [0.02205, 33.46019, 0],
							"rotation": [0, 0, -90],
							"uv": {
								"north": {"uv": [9.032, 22.032], "uv_size": [8.468, 8.936]},
								"east": {"uv": [20.032, 20.032], "uv_size": [8.936, 8.936]},
								"south": {"uv": [26.032, 0.032], "uv_size": [8.468, 8.936]},
								"west": {"uv": [0.032, 22.032], "uv_size": [8.936, 8.936]},
								"up": {"uv": [18.032, 29.032], "uv_size": [8.468, 8.936]},
								"down": {"uv": [29.032, 28.968], "uv_size": [8.468, -8.936]}
							}
						},
						{
							"origin": [-4.65701, 34.01457, -4.75],
							"size": [0.875, 0.75, 0.25],
							"pivot": [-0.03201, 38.63957, -0.125],
							"rotation": [0, 0, -90],
							"uv": {
								"north": {"uv": [68.032, 38.032], "uv_size": [0.468, 0.468]},
								"east": {"uv": [39.032, 68.032], "uv_size": [0.468, 0.468]},
								"south": {"uv": [68.032, 39.032], "uv_size": [0.468, 0.468]},
								"west": {"uv": [40.032, 68.032], "uv_size": [0.468, 0.468]},
								"up": {"uv": [68.032, 40.032], "uv_size": [0.468, 0.468]},
								"down": {"uv": [68.032, 41.5], "uv_size": [0.468, -0.468]}
							}
						},
						{
							"origin": [3.90701, 34.01457, -4.75],
							"size": [0.75, 0.75, 0.25],
							"pivot": [0.03201, 38.63957, -0.125],
							"rotation": [0, 0, 90],
							"uv": {
								"north": {"uv": [61.032, 68.032], "uv_size": [0.468, 0.468]},
								"east": {"uv": [62.032, 68.032], "uv_size": [0.468, 0.468]},
								"south": {"uv": [63.032, 68.032], "uv_size": [0.468, 0.468]},
								"west": {"uv": [64.032, 68.032], "uv_size": [0.468, 0.468]},
								"up": {"uv": [65.032, 68.032], "uv_size": [0.468, 0.468]},
								"down": {"uv": [68.032, 65.5], "uv_size": [0.468, -0.468]}
							}
						},
						{
							"origin": [2.66047, 31.81504, -4.75],
							"size": [1.125, 3, 0.25],
							"pivot": [3.22297, 33.44004, -4.5625],
							"rotation": [0, 0, 45],
							"uv": {
								"north": {"uv": [37.032, 43.032], "uv_size": [0.936, 2.936]},
								"east": {"uv": [38.032, 67.032], "uv_size": [0.468, 2.936]},
								"south": {"uv": [14.032, 45.032], "uv_size": [0.936, 2.936]},
								"west": {"uv": [67.032, 40.032], "uv_size": [0.468, 2.936]},
								"up": {"uv": [45.032, 49.032], "uv_size": [0.936, 0.468]},
								"down": {"uv": [45.032, 59.5], "uv_size": [0.936, -0.468]}
							}
						},
						{
							"origin": [-3.78547, 31.81504, -4.75],
							"size": [1.125, 3, 0.25],
							"pivot": [-3.22297, 33.44004, -4.5625],
							"rotation": [0, 0, -45],
							"uv": {
								"north": {"uv": [30.032, 52.032], "uv_size": [0.936, 2.936]},
								"east": {"uv": [54.032, 67.032], "uv_size": [0.468, 2.936]},
								"south": {"uv": [49.032, 53.032], "uv_size": [0.936, 2.936]},
								"west": {"uv": [55.032, 67.032], "uv_size": [0.468, 2.936]},
								"up": {"uv": [8.032, 66.032], "uv_size": [0.936, 0.468]},
								"down": {"uv": [18.032, 68.5], "uv_size": [0.936, -0.468]}
							}
						},
						{
							"origin": [1.48123, 29.365, -4.75],
							"size": [1.125, 2.75, 0.25],
							"pivot": [2.35623, 32.115, -4.625],
							"rotation": [0, 0, 62.5],
							"uv": {
								"north": {"uv": [27.032, 58.032], "uv_size": [0.936, 2.468]},
								"east": {"uv": [3.032, 68.032], "uv_size": [0.468, 2.468]},
								"south": {"uv": [50.032, 63.032], "uv_size": [0.936, 2.468]},
								"west": {"uv": [68.032, 3.032], "uv_size": [0.468, 2.468]},
								"up": {"uv": [59.032, 49.032], "uv_size": [0.936, 0.468]},
								"down": {"uv": [45.032, 60.5], "uv_size": [0.936, -0.468]}
							}
						},
						{
							"origin": [-2.60623, 29.365, -4.75],
							"size": [1.125, 2.75, 0.25],
							"pivot": [-2.35623, 32.115, -4.625],
							"rotation": [0, 0, -62.5],
							"uv": {
								"north": {"uv": [9.032, 64.032], "uv_size": [0.936, 2.468]},
								"east": {"uv": [4.032, 68.032], "uv_size": [0.468, 2.468]},
								"south": {"uv": [61.032, 64.032], "uv_size": [0.936, 2.468]},
								"west": {"uv": [5.032, 68.032], "uv_size": [0.468, 2.468]},
								"up": {"uv": [27.032, 61.032], "uv_size": [0.936, 0.468]},
								"down": {"uv": [57.032, 65.5], "uv_size": [0.936, -0.468]}
							}
						},
						{
							"origin": [-0.97795, 31.58519, -4.75],
							"size": [2, 9.75, 9.5],
							"pivot": [0.02205, 36.46019, 0],
							"rotation": [0, 0, -90],
							"uv": {
								"north": {"uv": [21.032, 53.032], "uv_size": [1.936, 9.936]},
								"east": {"uv": [0.032, 12.032], "uv_size": [9.468, 9.936]},
								"south": {"uv": [51.032, 56.032], "uv_size": [1.936, 9.936]},
								"west": {"uv": [10.032, 12.032], "uv_size": [9.468, 9.936]},
								"up": {"uv": [53.032, 56.032], "uv_size": [1.936, 9.468]},
								"down": {"uv": [10.032, 66.5], "uv_size": [1.936, -9.468]}
							}
						},
						{
							"origin": [-4.60295, 28.58519, -4.75],
							"size": [1.5, 9.5, 9.375],
							"pivot": [0.02205, 33.33519, 0],
							"rotation": [0, 0, -90],
							"uv": {
								"north": {"uv": [35.032, 57.032], "uv_size": [1.468, 9.468]},
								"east": {"uv": [16.032, 0.032], "uv_size": [9.468, 9.468]},
								"south": {"uv": [16.032, 59.032], "uv_size": [1.468, 9.468]},
								"west": {"uv": [20.032, 10.032], "uv_size": [9.468, 9.468]},
								"up": {"uv": [41.032, 59.032], "uv_size": [1.468, 9.468]},
								"down": {"uv": [43.032, 68.5], "uv_size": [1.468, -9.468]}
							}
						},
						{
							"origin": [4.77205, 28.71019, -7.625],
							"size": [0.5, 2.875, 2.875],
							"pivot": [4.77205, 28.71019, -4.75],
							"rotation": [-45, 0, -90],
							"uv": {
								"north": {"uv": [27.032, 65.032], "uv_size": [0.468, 2.936]},
								"east": {"uv": [46.032, 53.032], "uv_size": [2.936, 2.936]},
								"south": {"uv": [39.032, 65.032], "uv_size": [0.468, 2.936]},
								"west": {"uv": [62.032, 8.032], "uv_size": [2.936, 2.936]},
								"up": {"uv": [34.032, 66.032], "uv_size": [0.468, 2.936]},
								"down": {"uv": [10.032, 69.968], "uv_size": [0.468, -2.936]}
							}
						},
						{
							"origin": [-5.27205, 28.71019, -7.625],
							"size": [0.5, 2.875, 2.875],
							"pivot": [-4.77205, 28.71019, -4.75],
							"rotation": [-45, 0, 90],
							"uv": {
								"north": {"uv": [11.032, 67.032], "uv_size": [0.468, 2.936]},
								"east": {"uv": [25.032, 62.032], "uv_size": [2.936, 2.936]},
								"south": {"uv": [19.032, 67.032], "uv_size": [0.468, 2.936]},
								"west": {"uv": [62.032, 29.032], "uv_size": [2.936, 2.936]},
								"up": {"uv": [20.032, 67.032], "uv_size": [0.468, 2.936]},
								"down": {"uv": [67.032, 36.968], "uv_size": [0.468, -2.936]}
							}
						},
						{
							"origin": [-3.23912, 28.71019, -9.78293],
							"size": [0.5, 2.875, 3],
							"pivot": [-2.73912, 28.71019, -6.78293],
							"rotation": [-67.5, 0, 90],
							"uv": {
								"north": {"uv": [50.032, 67.032], "uv_size": [0.468, 2.936]},
								"east": {"uv": [55.032, 62.032], "uv_size": [2.936, 2.936]},
								"south": {"uv": [51.032, 67.032], "uv_size": [0.468, 2.936]},
								"west": {"uv": [62.032, 55.032], "uv_size": [2.936, 2.936]},
								"up": {"uv": [52.032, 67.032], "uv_size": [0.468, 2.936]},
								"down": {"uv": [53.032, 69.968], "uv_size": [0.468, -2.936]}
							}
						},
						{
							"origin": [2.73912, 28.71019, -9.78293],
							"size": [0.5, 3.125, 3],
							"pivot": [2.73912, 28.71019, -6.78293],
							"rotation": [-67.5, 0, -90],
							"uv": {
								"north": {"uv": [35.032, 67.032], "uv_size": [0.468, 2.936]},
								"east": {"uv": [62.032, 32.032], "uv_size": [2.936, 2.936]},
								"south": {"uv": [36.032, 67.032], "uv_size": [0.468, 2.936]},
								"west": {"uv": [37.032, 62.032], "uv_size": [2.936, 2.936]},
								"up": {"uv": [37.032, 67.032], "uv_size": [0.468, 2.936]},
								"down": {"uv": [67.032, 39.968], "uv_size": [0.468, -2.936]}
							}
						},
						{
							"origin": [-4.87898, 37.64615, -3.25],
							"size": [1.5, 0.625, 1.375],
							"pivot": [-0.25398, 33.27115, 1.5],
							"rotation": [0, 0, -90],
							"uv": {
								"north": {"uv": [68.032, 13.032], "uv_size": [1.468, 0.468]},
								"east": {"uv": [14.032, 68.032], "uv_size": [1.468, 0.468]},
								"south": {"uv": [68.032, 16.032], "uv_size": [1.468, 0.468]},
								"west": {"uv": [68.032, 17.032], "uv_size": [1.468, 0.468]},
								"up": {"uv": [65.032, 40.032], "uv_size": [1.468, 1.468]},
								"down": {"uv": [65.032, 43.5], "uv_size": [1.468, -1.468]}
							}
						},
						{
							"origin": [3.37898, 37.64615, -3.25],
							"size": [1.5, 0.625, 1.375],
							"pivot": [0.25398, 33.27115, 1.5],
							"rotation": [0, 0, 90],
							"uv": {
								"north": {"uv": [68.032, 18.032], "uv_size": [1.468, 0.468]},
								"east": {"uv": [68.032, 19.032], "uv_size": [1.468, 0.468]},
								"south": {"uv": [68.032, 20.032], "uv_size": [1.468, 0.468]},
								"west": {"uv": [21.032, 68.032], "uv_size": [1.468, 0.468]},
								"up": {"uv": [55.032, 65.032], "uv_size": [1.468, 1.468]},
								"down": {"uv": [65.032, 56.5], "uv_size": [1.468, -1.468]}
							}
						},
						{
							"origin": [4.62898, 34.02115, -4.625],
							"size": [0.625, 0.625, 0.625],
							"pivot": [4.94148, 34.33365, -4.3125],
							"rotation": [0, 0, 90],
							"uv": {
								"north": {"uv": [68.032, 42.032], "uv_size": [0.468, 0.468]},
								"east": {"uv": [56.032, 68.032], "uv_size": [0.468, 0.468]},
								"south": {"uv": [57.032, 68.032], "uv_size": [0.468, 0.468]},
								"west": {"uv": [58.032, 68.032], "uv_size": [0.468, 0.468]},
								"up": {"uv": [59.032, 68.032], "uv_size": [0.468, 0.468]},
								"down": {"uv": [60.032, 68.5], "uv_size": [0.468, -0.468]}
							}
						},
						{
							"origin": [4.62898, 33.52115, -4.5],
							"size": [1.875, 0.375, 0.375],
							"pivot": [4.94148, 33.70865, -4.3125],
							"rotation": [0, 0, 90],
							"uv": {
								"north": {"uv": [68.032, 10.032], "uv_size": [1.936, 0.468]},
								"east": {"uv": [0.032, 69.032], "uv_size": [0.468, 0.468]},
								"south": {"uv": [68.032, 11.032], "uv_size": [1.936, 0.468]},
								"west": {"uv": [1.032, 69.032], "uv_size": [0.468, 0.468]},
								"up": {"uv": [12.032, 68.032], "uv_size": [1.936, 0.468]},
								"down": {"uv": [68.032, 12.5], "uv_size": [1.936, -0.468]}
							}
						},
						{
							"origin": [4.62898, 31.89615, -4.75],
							"size": [1.375, 0.875, 0.875],
							"pivot": [4.94148, 32.33365, -4.3125],
							"rotation": [0, 0, 90],
							"uv": {
								"north": {"uv": [56.032, 67.032], "uv_size": [1.468, 0.936]},
								"east": {"uv": [17.032, 37.032], "uv_size": [0.936, 0.936]},
								"south": {"uv": [67.032, 56.032], "uv_size": [1.468, 0.936]},
								"west": {"uv": [45.032, 48.032], "uv_size": [0.936, 0.936]},
								"up": {"uv": [58.032, 67.032], "uv_size": [1.468, 0.936]},
								"down": {"uv": [67.032, 58.968], "uv_size": [1.468, -0.936]}
							}
						},
						{
							"origin": [-5.17414, 23.96642, -3.25],
							"size": [1, 8.375, 1.375],
							"pivot": [-0.54914, 28.71642, 1.5],
							"rotation": [0, 0, -90],
							"uv": {
								"north": {"uv": [35.032, 0.032], "uv_size": [0.936, 8.468]},
								"east": {"uv": [30.032, 60.032], "uv_size": [1.468, 8.468]},
								"south": {"uv": [18.032, 59.032], "uv_size": [0.936, 8.468]},
								"west": {"uv": [32.032, 60.032], "uv_size": [1.468, 8.468]},
								"up": {"uv": [37.032, 46.032], "uv_size": [0.936, 1.468]},
								"down": {"uv": [14.032, 49.5], "uv_size": [0.936, -1.468]}
							}
						},
						{
							"origin": [-1.35295, 29.71019, -3.25],
							"size": [4.625, 1, 1.375],
							"pivot": [4.77205, 30.21019, -3.25],
							"rotation": [0, 0, -80],
							"uv": {
								"north": {"uv": [64.032, 64.032], "uv_size": [4.468, 0.936]},
								"east": {"uv": [66.032, 66.032], "uv_size": [1.468, 0.936]},
								"south": {"uv": [4.032, 65.032], "uv_size": [4.468, 0.936]},
								"west": {"uv": [4.032, 67.032], "uv_size": [1.468, 0.936]},
								"up": {"uv": [62.032, 58.032], "uv_size": [4.468, 1.468]},
								"down": {"uv": [63.032, 1.5], "uv_size": [4.468, -1.468]}
							}
						},
						{
							"origin": [-3.27205, 29.71019, -3.25],
							"size": [4.625, 1, 1.375],
							"pivot": [-4.77205, 30.21019, -3.25],
							"rotation": [0, 0, 80],
							"uv": {
								"north": {"uv": [65.032, 8.032], "uv_size": [4.468, 0.936]},
								"east": {"uv": [6.032, 67.032], "uv_size": [1.468, 0.936]},
								"south": {"uv": [65.032, 9.032], "uv_size": [4.468, 0.936]},
								"west": {"uv": [8.032, 67.032], "uv_size": [1.468, 0.936]},
								"up": {"uv": [63.032, 2.032], "uv_size": [4.468, 1.468]},
								"down": {"uv": [63.032, 17.5], "uv_size": [4.468, -1.468]}
							}
						}
					]
				},
				{
					"name": "Body",
					"pivot": [0, 24, 0],
					"cubes": [
						{
							"origin": [-4, 8.625, 2.27344],
							"size": [8, 2.875, 0],
							"inflate": 0.25,
							"pivot": [0, 8.375, 2.27344],
							"rotation": [5, 0, 0],
							"uv": {
								"north": {"uv": [54.06, 24.06], "uv_size": [7.88, 2.88]},
								"east": {"uv": [16.06, 10.06], "uv_size": [3.88, 1.88]},
								"south": {"uv": [54.06, 27.06], "uv_size": [7.88, 2.88]},
								"west": {"uv": [16.06, 10.06], "uv_size": [3.88, 1.88]},
								"up": {"uv": [0.06, 0.06], "uv_size": [7.88, 0]},
								"down": {"uv": [16.06, 10.06], "uv_size": [3.88, 1.88]}
							}
						},
						{
							"origin": [0.375, 8.64679, 2.273],
							"size": [3.625, 1, 0],
							"inflate": 0.25,
							"pivot": [4.25, 8.39679, 2.52249],
							"rotation": [4.69986, 1.70818, -19.9299],
							"uv": {
								"north": {"uv": [26.06, 9.06], "uv_size": [3.44, 0.88]},
								"east": {"uv": [16.06, 10.06], "uv_size": [3.88, 1.88]},
								"south": {"uv": [65.06, 31.06], "uv_size": [3.44, 0.88]},
								"west": {"uv": [0.06, 0.06], "uv_size": [0, 0.88]},
								"up": {"uv": [0.06, 0.06], "uv_size": [3.44, 0]},
								"down": {"uv": [16.06, 11.94], "uv_size": [3.88, -1.88]}
							}
						},
						{
							"origin": [-4, 8.64679, 2.273],
							"size": [3.625, 1, 0],
							"inflate": 0.25,
							"pivot": [-4.25, 8.39679, 2.52249],
							"rotation": [4.69986, -1.70818, 19.9299],
							"uv": {
								"north": {"uv": [65.06, 32.06], "uv_size": [3.44, 0.88]},
								"east": {"uv": [0.06, 0.06], "uv_size": [0, 0.88]},
								"south": {"uv": [65.06, 33.06], "uv_size": [3.44, 0.88]},
								"west": {"uv": [16.06, 11.94], "uv_size": [3.88, -1.88]},
								"up": {"uv": [0.06, 0.06], "uv_size": [3.44, 0]},
								"down": {"uv": [16.06, 11.94], "uv_size": [3.88, -1.88]}
							}
						},
						{
							"origin": [-4, 12, -1.97656],
							"size": [8, 12, 4],
							"inflate": 0.25,
							"uv": {
								"north": {"uv": [0.06, 0.06], "uv_size": [7.88, 11.88]},
								"east": {"uv": [36.06, 0.06], "uv_size": [3.88, 11.88]},
								"south": {"uv": [8.06, 0.06], "uv_size": [7.88, 11.88]},
								"west": {"uv": [38.06, 12.06], "uv_size": [3.88, 11.88]},
								"up": {"uv": [46.06, 24.06], "uv_size": [7.88, 3.88]},
								"down": {"uv": [46.06, 31.94], "uv_size": [7.88, -3.88]}
							}
						}
					]
				},
				{
					"name": "Vest",
					"parent": "Body",
					"pivot": [0.65389, 16.11641, -8.79948],
					"cubes": [
						{
							"origin": [2.62725, 10.84272, -2.27344],
							"size": [1.27734, 13.5, 4.625],
							"pivot": [2.62725, 24.34272, -2.52344],
							"rotation": [0, 0, 30],
							"uv": {
								"north": {"uv": [35.06, 43.06], "uv_size": [1.88, 13.44]},
								"east": {"uv": [0.06, 31.06], "uv_size": [4.44, 13.44]},
								"south": {"uv": [12.06, 45.06], "uv_size": [1.88, 13.44]},
								"west": {"uv": [5.06, 31.06], "uv_size": [4.44, 13.44]},
								"up": {"uv": [36.06, 12.06], "uv_size": [1.88, 4.44]},
								"down": {"uv": [60.06, 59.5], "uv_size": [1.88, -4.44]}
							}
						},
						{
							"origin": [-0.81427, 14.80386, -2.89844],
							"size": [1.90234, 11.25, 6],
							"pivot": [0.1369, 20.86636, 0.10156],
							"rotation": [0, 0, 42.5],
							"uv": {
								"north": {"uv": [28.06, 52.06], "uv_size": [1.88, 10.88]},
								"east": {"uv": [27.06, 29.06], "uv_size": [5.88, 10.88]},
								"south": {"uv": [19.06, 53.06], "uv_size": [1.88, 10.88]},
								"west": {"uv": [30.06, 9.06], "uv_size": [5.88, 10.88]},
								"up": {"uv": [18.06, 22.06], "uv_size": [1.88, 5.88]},
								"down": {"uv": [15.06, 36.94], "uv_size": [1.88, -5.88]}
							}
						},
						{
							"origin": [-3.90459, 10.84272, -2.27344],
							"size": [1.27734, 13.5, 4.625],
							"pivot": [-2.62725, 24.34272, -2.52344],
							"rotation": [0, 0, -30],
							"uv": {
								"north": {"uv": [37.06, 48.06], "uv_size": [1.88, 13.44]},
								"east": {"uv": [10.06, 31.06], "uv_size": [4.44, 13.44]},
								"south": {"uv": [39.06, 48.06], "uv_size": [1.88, 13.44]},
								"west": {"uv": [33.06, 29.06], "uv_size": [4.44, 13.44]},
								"up": {"uv": [61.06, 35.06], "uv_size": [1.88, 4.44]},
								"down": {"uv": [61.06, 44.5], "uv_size": [1.88, -4.44]}
							}
						},
						{
							"origin": [-3.50018, 21.27146, -2.52344],
							"size": [2.90234, 0.75, 0.375],
							"pivot": [-3.50018, 22.02146, -2.52344],
							"rotation": [0, 10, 0],
							"uv": {
								"north": {"uv": [59.06, 23.06], "uv_size": [2.88, 0.44]},
								"east": {"uv": [29.06, 68.06], "uv_size": [0.44, 0.44]},
								"south": {"uv": [66.06, 47.06], "uv_size": [2.88, 0.44]},
								"west": {"uv": [68.06, 37.06], "uv_size": [0.44, 0.44]},
								"up": {"uv": [66.06, 48.06], "uv_size": [2.88, 0.44]},
								"down": {"uv": [50.06, 66.5], "uv_size": [2.88, -0.44]}
							}
						},
						{
							"origin": [-3.50018, 21.27146, 2.14844],
							"size": [2.90234, 0.75, 0.375],
							"pivot": [-3.50018, 22.02146, 2.52344],
							"rotation": [0, -10, 0],
							"uv": {
								"north": {"uv": [0.06, 68.06], "uv_size": [2.88, 0.44]},
								"east": {"uv": [6.06, 69.06], "uv_size": [0.44, 0.44]},
								"south": {"uv": [68.06, 0.06], "uv_size": [2.88, 0.44]},
								"west": {"uv": [7.06, 69.06], "uv_size": [0.44, 0.44]},
								"up": {"uv": [68.06, 1.06], "uv_size": [2.88, 0.44]},
								"down": {"uv": [68.06, 2.5], "uv_size": [2.88, -0.44]}
							}
						},
						{
							"origin": [2.22284, 21.27146, -2.52344],
							"size": [1.27734, 0.75, 0.375],
							"pivot": [3.50018, 22.02146, -2.52344],
							"rotation": [0, -20, 0],
							"uv": {
								"north": {"uv": [68.06, 21.06], "uv_size": [1.44, 0.44]},
								"east": {"uv": [67.06, 68.06], "uv_size": [0.44, 0.44]},
								"south": {"uv": [68.06, 22.06], "uv_size": [1.44, 0.44]},
								"west": {"uv": [68.06, 68.06], "uv_size": [0.44, 0.44]},
								"up": {"uv": [23.06, 68.06], "uv_size": [1.44, 0.44]},
								"down": {"uv": [25.06, 68.5], "uv_size": [1.44, -0.44]}
							}
						},
						{
							"origin": [2.22284, 21.27146, 2.14844],
							"size": [1.27734, 0.75, 0.375],
							"pivot": [3.50018, 22.02146, 2.52344],
							"rotation": [0, 20, 0],
							"uv": {
								"north": {"uv": [27.06, 68.06], "uv_size": [1.44, 0.44]},
								"east": {"uv": [69.06, 4.06], "uv_size": [0.44, 0.44]},
								"south": {"uv": [68.06, 34.06], "uv_size": [1.44, 0.44]},
								"west": {"uv": [69.06, 5.06], "uv_size": [0.44, 0.44]},
								"up": {"uv": [68.06, 35.06], "uv_size": [1.44, 0.44]},
								"down": {"uv": [68.06, 36.5], "uv_size": [1.44, -0.44]}
							}
						},
						{
							"origin": [-0.64193, 21.27146, -3.02743],
							"size": [2.90234, 0.75, 0.375],
							"uv": {
								"north": {"uv": [67.06, 43.06], "uv_size": [2.88, 0.44]},
								"east": {"uv": [66.06, 68.06], "uv_size": [0.44, 0.44]},
								"south": {"uv": [67.06, 45.06], "uv_size": [2.88, 0.44]},
								"west": {"uv": [68.06, 66.06], "uv_size": [0.44, 0.44]},
								"up": {"uv": [67.06, 46.06], "uv_size": [2.88, 0.44]},
								"down": {"uv": [67.06, 55.5], "uv_size": [2.88, -0.44]}
							}
						},
						{
							"origin": [-0.64193, 21.27146, 2.65243],
							"size": [2.90234, 0.75, 0.375],
							"uv": {
								"north": {"uv": [67.06, 59.06], "uv_size": [2.88, 0.44]},
								"east": {"uv": [2.06, 69.06], "uv_size": [0.44, 0.44]},
								"south": {"uv": [60.06, 67.06], "uv_size": [2.88, 0.44]},
								"west": {"uv": [69.06, 3.06], "uv_size": [0.44, 0.44]},
								"up": {"uv": [63.06, 67.06], "uv_size": [2.88, 0.44]},
								"down": {"uv": [66.06, 67.5], "uv_size": [2.88, -0.44]}
							}
						},
						{
							"origin": [3.49982, 19.02146, -2.52344],
							"size": [0.90234, 5.375, 5.25],
							"uv": {
								"north": {"uv": [17.06, 31.06], "uv_size": [0.88, 5.44]},
								"east": {"uv": [46.06, 32.06], "uv_size": [5.44, 5.44]},
								"south": {"uv": [34.06, 60.06], "uv_size": [0.88, 5.44]},
								"west": {"uv": [46.06, 38.06], "uv_size": [5.44, 5.44]},
								"up": {"uv": [40.06, 62.06], "uv_size": [0.88, 5.44]},
								"down": {"uv": [45.06, 68.5], "uv_size": [0.88, -5.44]}
							}
						},
						{
							"origin": [-4.40216, 19.02146, -2.64844],
							"size": [0.90234, 5.375, 5.375],
							"uv": {
								"north": {"uv": [46.06, 63.06], "uv_size": [0.88, 5.44]},
								"east": {"uv": [46.06, 44.06], "uv_size": [5.44, 5.44]},
								"south": {"uv": [47.06, 63.06], "uv_size": [0.88, 5.44]},
								"west": {"uv": [48.06, 0.06], "uv_size": [5.44, 5.44]},
								"up": {"uv": [48.06, 63.06], "uv_size": [0.88, 5.44]},
								"down": {"uv": [49.06, 68.5], "uv_size": [0.88, -5.44]}
							}
						},
						{
							"origin": [-4.12275, 12.02637, -2.27344],
							"size": [1.02734, 0.625, 4.625],
							"uv": {
								"north": {"uv": [18.06, 28.06], "uv_size": [1.44, 0.88]},
								"east": {"uv": [64.06, 25.06], "uv_size": [4.44, 0.88]},
								"south": {"uv": [15.06, 37.06], "uv_size": [1.44, 0.88]},
								"west": {"uv": [64.06, 26.06], "uv_size": [4.44, 0.88]},
								"up": {"uv": [62.06, 62.06], "uv_size": [1.44, 4.44]},
								"down": {"uv": [63.06, 15.5], "uv_size": [1.44, -4.44]}
							}
						},
						{
							"origin": [2.97041, 12.02637, -2.27344],
							"size": [1.15234, 0.625, 4.625],
							"uv": {
								"north": {"uv": [59.06, 66.06], "uv_size": [1.44, 0.88]},
								"east": {"uv": [64.06, 62.06], "uv_size": [4.44, 0.88]},
								"south": {"uv": [64.06, 66.06], "uv_size": [1.44, 0.88]},
								"west": {"uv": [64.06, 63.06], "uv_size": [4.44, 0.88]},
								"up": {"uv": [63.06, 35.06], "uv_size": [1.44, 4.44]},
								"down": {"uv": [63.06, 44.5], "uv_size": [1.44, -4.44]}
							}
						},
						{
							"origin": [2.62725, 23.21772, -2.27344],
							"size": [1.52734, 1.125, 4.625],
							"uv": {
								"north": {"uv": [57.06, 11.06], "uv_size": [1.44, 0.88]},
								"east": {"uv": [64.06, 27.06], "uv_size": [4.44, 0.88]},
								"south": {"uv": [57.06, 49.06], "uv_size": [1.44, 0.88]},
								"west": {"uv": [64.06, 28.06], "uv_size": [4.44, 0.88]},
								"up": {"uv": [12.06, 63.06], "uv_size": [1.44, 4.44]},
								"down": {"uv": [14.06, 67.5], "uv_size": [1.44, -4.44]}
							}
						},
						{
							"origin": [2.94046, 24.04839, -2.89844],
							"size": [1.40234, 1.25, 6],
							"uv": {
								"north": {"uv": [65.06, 34.06], "uv_size": [1.44, 1.44]},
								"east": {"uv": [45.06, 61.06], "uv_size": [5.88, 1.44]},
								"south": {"uv": [65.06, 36.06], "uv_size": [1.44, 1.44]},
								"west": {"uv": [61.06, 45.06], "uv_size": [5.88, 1.44]},
								"up": {"uv": [0.06, 62.06], "uv_size": [1.44, 5.88]},
								"down": {"uv": [2.06, 67.94], "uv_size": [1.44, -5.88]}
							}
						},
						{
							"origin": [-4.66014, 15.78922, -2.89844],
							"size": [1.40234, 1.25, 6],
							"uv": {
								"north": {"uv": [37.06, 65.06], "uv_size": [1.44, 1.44]},
								"east": {"uv": [4.06, 62.06], "uv_size": [5.88, 1.44]},
								"south": {"uv": [65.06, 38.06], "uv_size": [1.44, 1.44]},
								"west": {"uv": [62.06, 6.06], "uv_size": [5.88, 1.44]},
								"up": {"uv": [23.06, 62.06], "uv_size": [1.44, 5.88]},
								"down": {"uv": [62.06, 28.94], "uv_size": [1.44, -5.88]}
							}
						},
						{
							"origin": [-4.15459, 23.21772, -2.27344],
							"size": [1.52734, 1.125, 4.625],
							"uv": {
								"north": {"uv": [53.06, 66.06], "uv_size": [1.44, 0.88]},
								"east": {"uv": [64.06, 60.06], "uv_size": [4.44, 0.88]},
								"south": {"uv": [57.06, 66.06], "uv_size": [1.44, 0.88]},
								"west": {"uv": [64.06, 61.06], "uv_size": [4.44, 0.88]},
								"up": {"uv": [21.06, 63.06], "uv_size": [1.44, 4.44]},
								"down": {"uv": [28.06, 67.5], "uv_size": [1.44, -4.44]}
							}
						}
					]
				},
				{
					"name": "octagon2",
					"parent": "Vest",
					"pivot": [0, 23, 4.25],
					"cubes": [
						{
							"origin": [-4.55, 22.33726, 2.65],
							"size": [9.1, 1.32548, 3.2],
							"pivot": [0, 23, 4.25],
							"rotation": [-45, 0, 0],
							"uv": {
								"north": {"uv": [57.06, 47.06], "uv_size": [8.88, 1.44]},
								"east": {"uv": [54.06, 30.06], "uv_size": [2.88, 1.44]},
								"south": {"uv": [59.06, 4.06], "uv_size": [8.88, 1.44]},
								"west": {"uv": [58.06, 64.06], "uv_size": [2.88, 1.44]},
								"up": {"uv": [48.06, 6.06], "uv_size": [8.88, 2.88]},
								"down": {"uv": [48.06, 11.94], "uv_size": [8.88, -2.88]}
							}
						},
						{
							"origin": [-4.55, 22.33726, 2.65],
							"size": [9.1, 1.32548, 3.2],
							"uv": {
								"north": {"uv": [59.06, 19.06], "uv_size": [8.88, 1.44]},
								"east": {"uv": [65.06, 10.06], "uv_size": [2.88, 1.44]},
								"south": {"uv": [59.06, 21.06], "uv_size": [8.88, 1.44]},
								"west": {"uv": [65.06, 12.06], "uv_size": [2.88, 1.44]},
								"up": {"uv": [50.06, 12.06], "uv_size": [8.88, 2.88]},
								"down": {"uv": [14.06, 52.94], "uv_size": [8.88, -2.88]}
							}
						},
						{
							"origin": [-4.55, 21.4, 3.58726],
							"size": [9.1, 3.2, 1.32548],
							"pivot": [0, 23, 4.25],
							"rotation": [-45, 0, 0],
							"uv": {
								"north": {"uv": [50.06, 15.06], "uv_size": [8.88, 2.88]},
								"east": {"uv": [36.06, 17.06], "uv_size": [1.44, 2.88]},
								"south": {"uv": [50.06, 18.06], "uv_size": [8.88, 2.88]},
								"west": {"uv": [31.06, 40.06], "uv_size": [1.44, 2.88]},
								"up": {"uv": [60.06, 49.06], "uv_size": [8.88, 1.44]},
								"down": {"uv": [60.06, 52.5], "uv_size": [8.88, -1.44]}
							}
						},
						{
							"origin": [-4.55, 21.4, 3.58726],
							"size": [9.1, 3.2, 1.32548],
							"uv": {
								"north": {"uv": [50.06, 21.06], "uv_size": [8.88, 2.88]},
								"east": {"uv": [19.06, 64.06], "uv_size": [1.44, 2.88]},
								"south": {"uv": [41.06, 50.06], "uv_size": [8.88, 2.88]},
								"west": {"uv": [25.06, 65.06], "uv_size": [1.44, 2.88]},
								"up": {"uv": [60.06, 53.06], "uv_size": [8.88, 1.44]},
								"down": {"uv": [55.06, 61.5], "uv_size": [8.88, -1.44]}
							}
						}
					]
				},
				{
					"name": "RightArm",
					"pivot": [-5.5, 22, 0],
					"cubes": [
						{
							"origin": [-8.3, 24.25, -1],
							"size": [3.825, 0.25, 1.8],
							"uv": {
								"north": {"uv": [65.032, 44.032], "uv_size": [3.936, 0.468]},
								"east": {"uv": [6.032, 68.032], "uv_size": [1.936, 0.468]},
								"south": {"uv": [65.032, 57.032], "uv_size": [3.936, 0.468]},
								"west": {"uv": [68.032, 6.032], "uv_size": [1.936, 0.468]},
								"up": {"uv": [16.032, 10.032], "uv_size": [3.936, 1.936]},
								"down": {"uv": [41.032, 49.968], "uv_size": [3.936, -1.936]}
							}
						},
						{
							"origin": [-8.675, 11.75, -2.375],
							"size": [4.575, 1, 4.675],
							"uv": {
								"north": {"uv": [65.032, 14.032], "uv_size": [4.468, 0.936]},
								"east": {"uv": [65.032, 15.032], "uv_size": [4.468, 0.936]},
								"south": {"uv": [65.032, 29.032], "uv_size": [4.468, 0.936]},
								"west": {"uv": [65.032, 30.032], "uv_size": [4.468, 0.936]},
								"up": {"uv": [57.032, 6.032], "uv_size": [4.468, 4.468]},
								"down": {"uv": [57.032, 34.5], "uv_size": [4.468, -4.468]}
							}
						},
						{
							"origin": [-8.38281, 12, -2.07812],
							"size": [4, 12, 4],
							"inflate": 0.25,
							"uv": {
								"north": {"uv": [15.032, 38.032], "uv_size": [3.936, 11.936]},
								"east": {"uv": [19.032, 38.032], "uv_size": [3.936, 11.936]},
								"south": {"uv": [23.032, 38.032], "uv_size": [3.936, 11.936]},
								"west": {"uv": [38.032, 24.032], "uv_size": [3.936, 11.936]},
								"up": {"uv": [57.032, 35.032], "uv_size": [3.936, 3.936]},
								"down": {"uv": [57.032, 42.968], "uv_size": [3.936, -3.936]}
							}
						}
					]
				},
				{
					"name": "LeftArm",
					"pivot": [5.5, 22, 0],
					"cubes": [
						{
							"origin": [4.46484, 12, -2.07031],
							"size": [4, 12, 4],
							"inflate": 0.25,
							"uv": {
								"north": {"uv": [38.032, 36.032], "uv_size": [3.936, 11.936]},
								"east": {"uv": [40.032, 0.032], "uv_size": [3.936, 11.936]},
								"south": {"uv": [27.032, 40.032], "uv_size": [3.936, 11.936]},
								"west": {"uv": [42.032, 12.032], "uv_size": [3.936, 11.936]},
								"up": {"uv": [57.032, 43.032], "uv_size": [3.936, 3.936]},
								"down": {"uv": [23.032, 61.968], "uv_size": [3.936, -3.936]}
							}
						},
						{
							"origin": [4.45, 24.25, -1],
							"size": [3.95, 0.25, 1.8],
							"uv": {
								"north": {"uv": [64.032, 65.032], "uv_size": [3.936, 0.468]},
								"east": {"uv": [68.032, 7.032], "uv_size": [1.936, 0.468]},
								"south": {"uv": [4.032, 66.032], "uv_size": [3.936, 0.468]},
								"west": {"uv": [8.032, 68.032], "uv_size": [1.936, 0.468]},
								"up": {"uv": [23.032, 50.032], "uv_size": [3.936, 1.936]},
								"down": {"uv": [58.032, 63.968], "uv_size": [3.936, -1.936]}
							}
						},
						{
							"origin": [4.2, 11.75, -2.375],
							"size": [4.575, 1, 4.675],
							"uv": {
								"north": {"uv": [63.032, 18.032], "uv_size": [4.468, 0.936]},
								"east": {"uv": [4.032, 64.032], "uv_size": [4.468, 0.936]},
								"south": {"uv": [64.032, 23.032], "uv_size": [4.468, 0.936]},
								"west": {"uv": [64.032, 24.032], "uv_size": [4.468, 0.936]},
								"up": {"uv": [30.032, 55.032], "uv_size": [4.468, 4.468]},
								"down": {"uv": [55.032, 54.5], "uv_size": [4.468, -4.468]}
							}
						}
					]
				},
				{
					"name": "RightLeg",
					"pivot": [-1.9, 12, 0],
					"cubes": [
						{
							"origin": [-3.92344, 0, -2.02734],
							"size": [4, 12, 4],
							"inflate": 0.25,
							"uv": {
								"north": {"uv": [42, 24], "uv_size": [4, 12]},
								"east": {"uv": [42, 36], "uv_size": [4, 12]},
								"south": {"uv": [31, 43], "uv_size": [4, 12]},
								"west": {"uv": [44, 0], "uv_size": [4, 12]},
								"up": {"uv": [59, 0], "uv_size": [4, 4]},
								"down": {"uv": [59, 15], "uv_size": [4, -4]}
							}
						},
						{
							"origin": [-4.17344, 0, -2.27734],
							"size": [4.5, 5.25, 4.5],
							"inflate": 0.25,
							"uv": {
								"north": {"uv": [50, 50], "uv_size": [4.5, 5.5]},
								"east": {"uv": [23, 52], "uv_size": [4.5, 5.5]},
								"south": {"uv": [52, 32], "uv_size": [4.5, 5.5]},
								"west": {"uv": [52, 38], "uv_size": [4.5, 5.5]},
								"up": {"uv": [55, 55], "uv_size": [4.5, 4.5]},
								"down": {"uv": [46, 60.5], "uv_size": [4.5, -4.5]}
							}
						}
					]
				},
				{
					"name": "LeftLeg",
					"pivot": [1.9, 12, 0],
					"cubes": [
						{
							"origin": [-0.03359, 0, -2.03516],
							"size": [4, 12, 4],
							"inflate": 0.25,
							"uv": {
								"north": {"uv": [0, 45], "uv_size": [4, 12]},
								"east": {"uv": [4, 45], "uv_size": [4, 12]},
								"south": {"uv": [8, 45], "uv_size": [4, 12]},
								"west": {"uv": [46, 12], "uv_size": [4, 12]},
								"up": {"uv": [12, 59], "uv_size": [4, 4]},
								"down": {"uv": [59, 19], "uv_size": [4, -4]}
							}
						},
						{
							"origin": [-0.28359, 0, -2.28516],
							"size": [4.5, 5.25, 4.5],
							"inflate": 0.25,
							"uv": {
								"north": {"uv": [52, 44], "uv_size": [4.5, 5.5]},
								"east": {"uv": [14, 53], "uv_size": [4.5, 5.5]},
								"south": {"uv": [41, 53], "uv_size": [4.5, 5.5]},
								"west": {"uv": [54, 0], "uv_size": [4.5, 5.5]},
								"up": {"uv": [0, 57], "uv_size": [4.5, 4.5]},
								"down": {"uv": [5, 61.5], "uv_size": [4.5, -4.5]}
							}
						}
					]
				}
			]
		}
	]
}