{
	"format_version": "1.10.0",
	"minecraft:client_entity": {
		"description": {
			"identifier": "st:ah_armagedon",
			"materials": {
				"default": "skeleton"
			},
			"textures": {
				"default": "textures/entity/ah_armagedon"
			},
			"geometry": {
				"default": "geometry.ah_armagedon"
    },
    "scripts":{
				"animate":[
					{ "fly": "query.has_rider" }
				]
			},
			"animations":{
				"fly": "animation.ah_armagedon.engine"
			},
			"render_controllers": [
				"controller.render.default"
			],
			"spawn_egg": {
				"base_color": "#2b2b2b",
				"overlay_color": "#222020"
			}
		}
	}
}
