{
	"format_version": "1.10.0",
	"minecraft:client_entity": {
		"description": {
			"identifier": "st:mki_projector",
			"materials": {
				"default": "skeleton"
			},
			"textures": {
				"default": "textures/entity/mki_projector"
			},
			"geometry": {
				"default": "geometry.mki_projector"
    },
    "scripts":{
				"animate":[
					{ "aim": "query.mark_variant == 2" }
				]
			},
			"animations":{
				"aim": "animation.mki_projector.artillerymode"
			},
			"render_controllers": [
				"controller.render.default"
			],
			"spawn_egg": {
				"base_color": "#2b2b2b",
				"overlay_color": "#222020"
			}
		}
	}
}
