{
	"format_version": "1.10.0",
	"minecraft:client_entity": {
		"description": {
			"identifier": "st:mt_alligator",
			"materials": {
				"default": "skeleton"
			},
			"textures": {
				"default": "textures/entity/mt_alligator"
			},
			"geometry": {
				"default": "geometry.mt_alligator"
    },
    "scripts":{
				"animate":[
					{ "aim": "query.has_rider" },
       { "shoot": "query.mark_variant == 2" },
       { "walk": "query.is_moving" }
				]
			},
			"animations":{
				"aim": "animation.mt_alligator.aim",
      "walk": "animation.mt_alligator.walk",
      "shoot": "animation.mt_alligator.shoot"
			},
			"render_controllers": [
				"controller.render.default"
			],
			"spawn_egg": {
				"base_color": "#2b2b2b",
				"overlay_color": "#222020"
			}
		}
	}
}
