{
	"format_version": "1.10.0",
	"minecraft:client_entity": {
		"description": {
			"identifier": "st:t1_turret",
			"materials": {
				"default": "skeleton"
			},
			"textures": {
				"default": "textures/entity/t1_turret"
			},
			"geometry": {
				"default": "geometry.t1_turret"
			},
    "scripts":{
				"animate":[
					"rotate"
				]
			},
			"animations":{
				"rotate": "animation.turret.aim"
			},
			"render_controllers": [
				"controller.render.default"
			],
			"spawn_egg": {
				"base_color": "#2b2b2b",
				"overlay_color": "#222020"
			}
		}
	}
}
