 {

	"format_version": "1.10.0",
	"minecraft:client_entity": {

		"description": {

			"identifier": "nwa:hms_bellona",

			"materials": {

				"default": "skeleton"

			},

			"textures": {

				"default": "textures/entity/hms_bellona"

			},

			"geometry": {

				"default": "geometry.hms_bellona"

			},

			"scripts": {

				"animate": [

					{
						"fire": "query.mark_variant == 2"
					}

				]

			},

			"animations": {

				"fire": "animation.hms_bellona.leftside_fire"

			},

			"render_controllers": [

				"controller.render.default"

			],

			"spawn_egg": {

				"texture": "beagle",

				"texture_index": 0

			}

		}

	}

}
