{
	"format_version": "1.10.0",
	"minecraft:client_entity": {
		"description": {
			"identifier": "nwa:hms_beagle",
			"materials": {
				"default": "skeleton"
			},
			"textures": {
				"default": "textures/entity/hms_beagle"
			},
			"geometry": {
				"default": "geometry.hms_beagle"
    },
    "animations": {
				"rotate": "animation.hms_beagle.direction"
			},
    "scripts": {
				"animate": [
					"rotate"
				]
			},
			"render_controllers": [
				"controller.render.default"
			],
			"spawn_egg": {
				"texture": "beagle",
				"texture_index": 0
			}
		}
	}
}
