{
	"format_version": "1.12.0",
	"minecraft:geometry": [
		{
			"description": {
				"identifier": "geometry.a6m_zero",
				"texture_width": 64,
				"texture_height": 64,
				"visible_bounds_width": 64,
				"visible_bounds_height": 64,
				"visible_bounds_offset": [0, 0.25, 0]
			},
			"bones": [
				{
					"name": "Plane",
					"pivot": [0.01076, 3.05539, 0.12027],
					"rotation": [-10, 0, 0],
					"cubes": [
						{
							"origin": [-0.78743, 2.12272, -6.8103],
							"size": [1.54913, 1.63629, 3.09243],
							"uv": {
								"north": {"uv": [36, 16], "uv_size": [1.5, 1.5]},
								"east": {"uv": [26, 10], "uv_size": [3.125, 1.5]},
								"south": {"uv": [36, 20], "uv_size": [1.5, 1.5]},
								"west": {"uv": [18, 26], "uv_size": [3.125, 1.5]},
								"up": {"uv": [22, 26], "uv_size": [1.5, 3.125]},
								"down": {"uv": [26, 25.125], "uv_size": [1.5, -3.125]}
							}
						},
						{
							"origin": [-0.78743, 2.27897, -1.15405],
							"size": [1.51788, 1.54254, 1.68618],
							"uv": {
								"north": {"uv": [37, 24], "uv_size": [1.5, 1.5]},
								"east": {"uv": [3, 40], "uv_size": [0.875, 1.5]},
								"south": {"uv": [37, 26], "uv_size": [1.5, 1.5]},
								"west": {"uv": [40, 11], "uv_size": [0.875, 1.5]},
								"up": {"uv": [40, 13], "uv_size": [1.5, 0.875]},
								"down": {"uv": [14, 40.875], "uv_size": [1.5, -0.875]}
							}
						},
						{
							"origin": [-0.68392, 1.16947, -6.8103],
							"size": [1.33913, 1.54254, 7.34243],
							"uv": {
								"north": {"uv": [0, 38], "uv_size": [1.375, 1.5]},
								"east": {"uv": [9, 18], "uv_size": [7.375, 1.5]},
								"south": {"uv": [2, 38], "uv_size": [1.375, 1.5]},
								"west": {"uv": [18, 10], "uv_size": [7.375, 1.5]},
								"up": {"uv": [18, 12], "uv_size": [1.375, 7.375]},
								"down": {"uv": [0, 27.375], "uv_size": [1.375, -7.375]}
							}
						},
						{
							"origin": [0.62858, 1.85697, -3.7478],
							"size": [0.40163, 0.85504, 3.49868],
							"uv": {
								"north": {"uv": [0, 38], "uv_size": [1.375, 1.5]},
								"east": {"uv": [9, 18], "uv_size": [7.375, 1.5]},
								"south": {"uv": [2, 38], "uv_size": [1.375, 1.5]},
								"west": {"uv": [18, 10], "uv_size": [7.375, 1.5]},
								"up": {"uv": [18, 12], "uv_size": [1.375, 7.375]},
								"down": {"uv": [0, 27.375], "uv_size": [1.375, -7.375]}
							}
						},
						{
							"origin": [-1.03021, 1.85697, -3.7478],
							"size": [0.40163, 0.85504, 3.49868],
							"uv": {
								"north": {"uv": [1.375, 38], "uv_size": [-1.375, 1.5]},
								"east": {"uv": [25.375, 10], "uv_size": [-7.375, 1.5]},
								"south": {"uv": [3.375, 38], "uv_size": [-1.375, 1.5]},
								"west": {"uv": [16.375, 18], "uv_size": [-7.375, 1.5]},
								"up": {"uv": [19.375, 12], "uv_size": [-1.375, 7.375]},
								"down": {"uv": [1.375, 27.375], "uv_size": [-1.375, -7.375]}
							}
						},
						{
							"origin": [-0.075, -2.17499, 7.10282],
							"size": [0.15, 1.54254, 0.3],
							"pivot": [0, 0.09628, 0.25282],
							"rotation": [30, 0, 0],
							"uv": {
								"north": {"uv": [0, 38], "uv_size": [1.375, 1.5]},
								"east": {"uv": [9, 18], "uv_size": [7.375, 1.5]},
								"south": {"uv": [2, 38], "uv_size": [1.375, 1.5]},
								"west": {"uv": [18, 10], "uv_size": [7.375, 1.5]},
								"up": {"uv": [18, 12], "uv_size": [1.375, 7.375]},
								"down": {"uv": [0, 27.375], "uv_size": [1.375, -7.375]}
							}
						},
						{
							"origin": [-0.15, 1.25803, 7.35282],
							"size": [0.3, 0.5, 0.5],
							"pivot": [0, 1.50803, 7.60282],
							"rotation": [12.5, 0, 0],
							"uv": {
								"north": {"uv": [62.625, 62.5], "uv_size": [1.375, 1.5]},
								"east": {"uv": [62.625, 62.5], "uv_size": [1.375, 1.5]},
								"south": {"uv": [62.625, 62.5], "uv_size": [1.375, 1.5]},
								"west": {"uv": [62.625, 62.5], "uv_size": [1.375, 1.5]},
								"up": {"uv": [64, 64], "uv_size": [-1.375, -1.5]},
								"down": {"uv": [64, 64], "uv_size": [-1.375, -1.5]}
							}
						},
						{
							"origin": [-0.1672, 4.11147, -6.8103],
							"size": [0.96198, 0.28549, 8.28743],
							"pivot": [0.41459, 2.97942, -3.13908],
							"rotation": [0, 0, -70],
							"uv": {
								"north": {"uv": [44, 11], "uv_size": [1, 0.25]},
								"east": {"uv": [38, 0], "uv_size": [8.25, 0.25]},
								"south": {"uv": [12, 44], "uv_size": [1, 0.25]},
								"west": {"uv": [38, 1], "uv_size": [8.25, 0.25]},
								"up": {"uv": [17, 18], "uv_size": [1, 8.25]},
								"down": {"uv": [2, 28.25], "uv_size": [1, -8.25]}
							}
						},
						{
							"origin": [0.7429, 3.53602, -6.8103],
							"size": [0.96198, 0.28549, 8.28743],
							"pivot": [0.7429, 3.82151, -6.8103],
							"rotation": [0, 0, 70],
							"uv": {
								"north": {"uv": [44, 12], "uv_size": [1, 0.25]},
								"east": {"uv": [38, 2], "uv_size": [8.25, 0.25]},
								"south": {"uv": [13, 44], "uv_size": [1, 0.25]},
								"west": {"uv": [38, 3], "uv_size": [8.25, 0.25]},
								"up": {"uv": [3, 20], "uv_size": [1, 8.25]},
								"down": {"uv": [4, 28.25], "uv_size": [1, -8.25]}
							}
						},
						{
							"origin": [0.39119, 2.4758, 1.47714],
							"size": [0.68073, 0.44174, 6.38118],
							"pivot": [1.07192, 2.91754, 1.47714],
							"rotation": [-3.20521, -1, 69.90371],
							"uv": {
								"north": {"uv": [43, 28], "uv_size": [0.625, 0.5]},
								"east": {"uv": [35, 4], "uv_size": [6.375, 0.5]},
								"south": {"uv": [43, 29], "uv_size": [0.625, 0.5]},
								"west": {"uv": [35, 5], "uv_size": [6.375, 0.5]},
								"up": {"uv": [15, 32], "uv_size": [0.625, 6.375]},
								"down": {"uv": [16, 38.375], "uv_size": [0.625, -6.375]}
							}
						},
						{
							"origin": [-1.13412, 2.4758, 1.47714],
							"size": [0.68073, 0.44174, 6.38118],
							"pivot": [-1.13412, 2.91754, 1.47714],
							"rotation": [-3.20521, 1, -69.90371],
							"uv": {
								"north": {"uv": [42, 43], "uv_size": [0.625, 0.5]},
								"east": {"uv": [35, 8], "uv_size": [6.375, 0.5]},
								"south": {"uv": [43, 42], "uv_size": [0.625, 0.5]},
								"west": {"uv": [35, 9], "uv_size": [6.375, 0.5]},
								"up": {"uv": [19, 32], "uv_size": [0.625, 6.375]},
								"down": {"uv": [20, 38.375], "uv_size": [0.625, -6.375]}
							}
						},
						{
							"origin": [0.7429, 3.37977, 1.4322],
							"size": [0.68073, 0.44174, 6.47493],
							"pivot": [0.7429, 3.82151, 1.4322],
							"rotation": [-3.20521, 1.49164, 69.90371],
							"uv": {
								"north": {"uv": [43, 34], "uv_size": [0.625, 0.5]},
								"east": {"uv": [31, 32], "uv_size": [6.5, 0.5]},
								"south": {"uv": [43, 35], "uv_size": [0.625, 0.5]},
								"west": {"uv": [0, 33], "uv_size": [6.5, 0.5]},
								"up": {"uv": [9, 32], "uv_size": [0.625, 6.5]},
								"down": {"uv": [10, 38.5], "uv_size": [0.625, -6.5]}
							}
						},
						{
							"origin": [-1.48584, 3.37977, 1.4322],
							"size": [0.68073, 0.44174, 6.47493],
							"pivot": [-0.80511, 3.82151, 1.4322],
							"rotation": [-3.20521, -1.49164, -69.90371],
							"uv": {
								"north": {"uv": [40, 43], "uv_size": [0.625, 0.5]},
								"east": {"uv": [31, 34], "uv_size": [6.5, 0.5]},
								"south": {"uv": [41, 43], "uv_size": [0.625, 0.5]},
								"west": {"uv": [0, 35], "uv_size": [6.5, 0.5]},
								"up": {"uv": [13, 32], "uv_size": [0.625, 6.5]},
								"down": {"uv": [14, 38.5], "uv_size": [0.625, -6.5]}
							}
						},
						{
							"origin": [-0.77221, 1.59966, -6.8103],
							"size": [0.89478, 0.32504, 8.28743],
							"pivot": [-0.29122, 2.43655, -3.13908],
							"rotation": [0, 0, 90],
							"uv": {
								"north": {"uv": [43, 20], "uv_size": [0.875, 0.375]},
								"east": {"uv": [23, 35], "uv_size": [8.25, 0.375]},
								"south": {"uv": [43, 21], "uv_size": [0.875, 0.375]},
								"west": {"uv": [35, 30], "uv_size": [8.25, 0.375]},
								"up": {"uv": [9, 20], "uv_size": [0.875, 8.25]},
								"down": {"uv": [10, 28.25], "uv_size": [0.875, -8.25]}
							}
						},
						{
							"origin": [-0.80968, 3.53717, -6.8103],
							"size": [0.89478, 0.3, 8.28743],
							"pivot": [-0.32869, 2.43656, -3.13908],
							"rotation": [0, 0, 90],
							"uv": {
								"north": {"uv": [44, 36], "uv_size": [0.875, 0.25]},
								"east": {"uv": [38, 16], "uv_size": [8.25, 0.25]},
								"south": {"uv": [44, 37], "uv_size": [0.875, 0.25]},
								"west": {"uv": [38, 17], "uv_size": [8.25, 0.25]},
								"up": {"uv": [11, 20], "uv_size": [0.875, 8.25]},
								"down": {"uv": [12, 28.25], "uv_size": [0.875, -8.25]}
							}
						},
						{
							"origin": [1.07192, 2.06125, 1.4847],
							"size": [0.26978, 0.85629, 6.41243],
							"pivot": [1.07192, 2.91754, 1.4847],
							"rotation": [-3.2, 0, 90],
							"uv": {
								"north": {"uv": [44, 28], "uv_size": [0.25, 0.875]},
								"east": {"uv": [18, 24], "uv_size": [6.375, 0.875]},
								"south": {"uv": [29, 44], "uv_size": [0.25, 0.875]},
								"west": {"uv": [18, 25], "uv_size": [6.375, 0.875]},
								"up": {"uv": [38, 38], "uv_size": [0.25, 6.375]},
								"down": {"uv": [9, 45.375], "uv_size": [0.25, -6.375]}
							}
						},
						{
							"origin": [-1.40391, 2.06125, 1.4847],
							"size": [0.26978, 0.85629, 6.41243],
							"pivot": [-1.13412, 2.91754, 1.4847],
							"rotation": [-3.2, 0, -90],
							"uv": {
								"north": {"uv": [44, 32], "uv_size": [0.25, 0.875]},
								"east": {"uv": [25, 20], "uv_size": [6.375, 0.875]},
								"south": {"uv": [44, 33], "uv_size": [0.25, 0.875]},
								"west": {"uv": [25, 21], "uv_size": [6.375, 0.875]},
								"up": {"uv": [10, 39], "uv_size": [0.25, 6.375]},
								"down": {"uv": [11, 45.375], "uv_size": [0.25, -6.375]}
							}
						},
						{
							"origin": [1.07608, 2.0175, 1.45366],
							"size": [0.42603, 0.85629, 4.00618],
							"pivot": [1.07608, 2.87379, 1.45366],
							"rotation": [-3.2122, 0, 90.27982],
							"uv": {
								"north": {"uv": [43, 22], "uv_size": [0.375, 0.875]},
								"east": {"uv": [5, 28], "uv_size": [4, 0.875]},
								"south": {"uv": [43, 23], "uv_size": [0.375, 0.875]},
								"west": {"uv": [18, 30], "uv_size": [4, 0.875]},
								"up": {"uv": [20, 39], "uv_size": [0.375, 4]},
								"down": {"uv": [39, 28], "uv_size": [0.375, -4]}
							}
						},
						{
							"origin": [-1.56431, 2.0175, 1.45366],
							"size": [0.42603, 0.85629, 4.00618],
							"pivot": [-1.13828, 2.87379, 1.45366],
							"rotation": [-3.2122, 0, -90.27982],
							"uv": {
								"north": {"uv": [43, 24], "uv_size": [0.375, 0.875]},
								"east": {"uv": [32, 20], "uv_size": [4, 0.875]},
								"south": {"uv": [43, 25], "uv_size": [0.375, 0.875]},
								"west": {"uv": [32, 21], "uv_size": [4, 0.875]},
								"up": {"uv": [39, 38], "uv_size": [0.375, 4]},
								"down": {"uv": [0, 44], "uv_size": [0.375, -4]}
							}
						},
						{
							"origin": [0.79483, 1.83, 1.45366],
							"size": [0.20728, 0.85629, 1.78743],
							"pivot": [0.57608, 2.68629, 1.45366],
							"rotation": [-3.2122, 0, 90.27982],
							"uv": {
								"north": {"uv": [44, 30], "uv_size": [0.25, 0.875]},
								"east": {"uv": [0, 28], "uv_size": [1.75, 0.875]},
								"south": {"uv": [31, 44], "uv_size": [0.25, 0.875]},
								"west": {"uv": [38, 21], "uv_size": [1.75, 0.875]},
								"up": {"uv": [43, 7], "uv_size": [0.25, 1.75]},
								"down": {"uv": [8, 44.75], "uv_size": [0.25, -1.75]}
							}
						},
						{
							"origin": [-1.56431, 1.83, 1.45366],
							"size": [0.20728, 0.85629, 1.78743],
							"pivot": [-1.13828, 2.68629, 1.45366],
							"rotation": [-3.2122, 0, -90.27982],
							"uv": {
								"north": {"uv": [44, 34], "uv_size": [0.25, 0.875]},
								"east": {"uv": [38, 36], "uv_size": [1.75, 0.875]},
								"south": {"uv": [44, 35], "uv_size": [0.25, 0.875]},
								"west": {"uv": [14, 39], "uv_size": [1.75, 0.875]},
								"up": {"uv": [43, 9], "uv_size": [0.25, 1.75]},
								"down": {"uv": [43, 12.75], "uv_size": [0.25, -1.75]}
							}
						},
						{
							"origin": [1.29382, 1.81023, 1.45366],
							"size": [0.20728, 0.85629, 1.78743],
							"pivot": [1.07507, 2.66652, 1.45366],
							"rotation": [-3.2122, 0, 90.27982],
							"uv": {
								"north": {"uv": [44.25, 34], "uv_size": [-0.25, 0.875]},
								"east": {"uv": [15.75, 39], "uv_size": [-1.75, 0.875]},
								"south": {"uv": [44.25, 35], "uv_size": [-0.25, 0.875]},
								"west": {"uv": [39.75, 36], "uv_size": [-1.75, 0.875]},
								"up": {"uv": [43.25, 9], "uv_size": [-0.25, 1.75]},
								"down": {"uv": [43.25, 12.75], "uv_size": [-0.25, -1.75]}
							}
						},
						{
							"origin": [0.80214, 1.16647, 1.47714],
							"size": [0.26978, 0.85629, 6.44368],
							"pivot": [1.07192, 2.02276, 1.47714],
							"rotation": [-3.2122, -4.99218, 90.27982],
							"uv": {
								"north": {"uv": [44, 29], "uv_size": [0.25, 0.875]},
								"east": {"uv": [21, 13], "uv_size": [6.5, 0.875]},
								"south": {"uv": [30, 44], "uv_size": [0.25, 0.875]},
								"west": {"uv": [21, 14], "uv_size": [6.5, 0.875]},
								"up": {"uv": [34, 38], "uv_size": [0.25, 6.5]},
								"down": {"uv": [35, 44.5], "uv_size": [0.25, -6.5]}
							}
						},
						{
							"origin": [-1.13412, 1.16647, 1.47714],
							"size": [0.26978, 0.85629, 6.44368],
							"pivot": [-1.13412, 2.02276, 1.47714],
							"rotation": [-3.2122, 4.99218, -90.27982],
							"uv": {
								"north": {"uv": [44, 31], "uv_size": [0.25, 0.875]},
								"east": {"uv": [21, 17], "uv_size": [6.5, 0.875]},
								"south": {"uv": [32, 44], "uv_size": [0.25, 0.875]},
								"west": {"uv": [18, 21], "uv_size": [6.5, 0.875]},
								"up": {"uv": [36, 38], "uv_size": [0.25, 6.5]},
								"down": {"uv": [37, 44.5], "uv_size": [0.25, -6.5]}
							}
						},
						{
							"origin": [-1.6459, 1.16947, -6.8103],
							"size": [0.96198, 0.58389, 7.37368],
							"pivot": [-0.68392, 1.16947, -6.8103],
							"rotation": [0, 0, 62.5],
							"uv": {
								"north": {"uv": [42, 36], "uv_size": [1, 0.625]},
								"east": {"uv": [27, 8], "uv_size": [7.375, 0.625]},
								"south": {"uv": [42, 37], "uv_size": [1, 0.625]},
								"west": {"uv": [27, 9], "uv_size": [7.375, 0.625]},
								"up": {"uv": [5, 20], "uv_size": [1, 7.375]},
								"down": {"uv": [6, 27.375], "uv_size": [1, -7.375]}
							}
						},
						{
							"origin": [0.62773, 1.16947, -6.8103],
							"size": [0.96198, 0.58389, 7.34243],
							"pivot": [0.62773, 1.16947, -6.8103],
							"rotation": [0, 0, -62.5],
							"uv": {
								"north": {"uv": [42, 38], "uv_size": [1, 0.625]},
								"east": {"uv": [28, 12], "uv_size": [7.375, 0.625]},
								"south": {"uv": [39, 42], "uv_size": [1, 0.625]},
								"west": {"uv": [28, 13], "uv_size": [7.375, 0.625]},
								"up": {"uv": [7, 20], "uv_size": [1, 7.375]},
								"down": {"uv": [8, 27.375], "uv_size": [1, -7.375]}
							}
						},
						{
							"origin": [0.73494, 2.02276, 0.53214],
							"size": [0.33698, 0.58389, 7.38868],
							"pivot": [1.07192, 2.02276, 0.53214],
							"rotation": [4.5, 2.5, -62.47904],
							"uv": {
								"north": {"uv": [21, 44], "uv_size": [0.375, 0.625]},
								"east": {"uv": [28, 14], "uv_size": [7.375, 0.625]},
								"south": {"uv": [22, 44], "uv_size": [0.375, 0.625]},
								"west": {"uv": [28, 15], "uv_size": [7.375, 0.625]},
								"up": {"uv": [25, 36], "uv_size": [0.375, 7.375]},
								"down": {"uv": [26, 43.375], "uv_size": [0.375, -7.375]}
							}
						},
						{
							"origin": [-1.13412, 2.02276, 0.53214],
							"size": [0.33698, 0.58389, 7.38868],
							"pivot": [-1.13412, 2.02276, 0.53214],
							"rotation": [4.5, -2.5, 62.47904],
							"uv": {
								"north": {"uv": [44, 25], "uv_size": [0.375, 0.625]},
								"east": {"uv": [28, 16], "uv_size": [7.375, 0.625]},
								"south": {"uv": [26, 44], "uv_size": [0.375, 0.625]},
								"west": {"uv": [28, 17], "uv_size": [7.375, 0.625]},
								"up": {"uv": [27, 36], "uv_size": [0.375, 7.375]},
								"down": {"uv": [28, 43.375], "uv_size": [0.375, -7.375]}
							}
						},
						{
							"origin": [0.62773, 1.16947, 0.53214],
							"size": [0.33698, 0.58389, 7.48243],
							"pivot": [0.62773, 1.16947, 0.53214],
							"rotation": [4.53442, 7, -62.08387],
							"uv": {
								"north": {"uv": [44, 22], "uv_size": [0.375, 0.625]},
								"east": {"uv": [27, 4], "uv_size": [7.5, 0.625]},
								"south": {"uv": [23, 44], "uv_size": [0.375, 0.625]},
								"west": {"uv": [27, 5], "uv_size": [7.5, 0.625]},
								"up": {"uv": [8, 33], "uv_size": [0.375, 7.5]},
								"down": {"uv": [6, 43.5], "uv_size": [0.375, -7.5]}
							}
						},
						{
							"origin": [-1.02691, 1.16947, 0.53214],
							"size": [0.33698, 0.58389, 7.48243],
							"pivot": [-0.68993, 1.16947, 0.53214],
							"rotation": [4.53442, -7, 62.08387],
							"uv": {
								"north": {"uv": [44, 24], "uv_size": [0.375, 0.625]},
								"east": {"uv": [27, 6], "uv_size": [7.5, 0.625]},
								"south": {"uv": [25, 44], "uv_size": [0.375, 0.625]},
								"west": {"uv": [27, 7], "uv_size": [7.5, 0.625]},
								"up": {"uv": [23, 36], "uv_size": [0.375, 7.5]},
								"down": {"uv": [24, 43.5], "uv_size": [0.375, -7.5]}
							}
						},
						{
							"origin": [0.46273, 1.50461, 0.50933],
							"size": [0.33698, 0.58389, 3.41993],
							"pivot": [0.50622, 1.79656, 1.8443],
							"rotation": [4.51455, 4.50779, -62.28207],
							"uv": {
								"north": {"uv": [44, 23], "uv_size": [0.375, 0.625]},
								"east": {"uv": [37, 28], "uv_size": [3.375, 0.625]},
								"south": {"uv": [24, 44], "uv_size": [0.375, 0.625]},
								"west": {"uv": [37, 29], "uv_size": [3.375, 0.625]},
								"up": {"uv": [18, 40], "uv_size": [0.375, 3.375]},
								"down": {"uv": [19, 43.375], "uv_size": [0.375, -3.375]}
							}
						},
						{
							"origin": [-0.89317, 1.53586, 0.50933],
							"size": [0.33698, 0.58389, 3.41993],
							"pivot": [-0.59968, 1.79656, 1.8443],
							"rotation": [4.51455, -4.50779, 62.28207],
							"uv": {
								"north": {"uv": [27, 44], "uv_size": [0.375, 0.625]},
								"east": {"uv": [32, 37], "uv_size": [3.375, 0.625]},
								"south": {"uv": [28, 44], "uv_size": [0.375, 0.625]},
								"west": {"uv": [36, 37], "uv_size": [3.375, 0.625]},
								"up": {"uv": [21, 40], "uv_size": [0.375, 3.375]},
								"down": {"uv": [40, 24.375], "uv_size": [0.375, -3.375]}
							}
						},
						{
							"origin": [-0.68392, 1.88015, -7.14169],
							"size": [1.33913, 1.23562, 0.66533],
							"uv": {
								"north": {"uv": [32, 38], "uv_size": [1.375, 1.25]},
								"east": {"uv": [5, 42], "uv_size": [0.625, 1.25]},
								"south": {"uv": [38, 32], "uv_size": [1.375, 1.25]},
								"west": {"uv": [42, 6], "uv_size": [0.625, 1.25]},
								"up": {"uv": [41, 31], "uv_size": [1.375, 0.625]},
								"down": {"uv": [40, 41.625], "uv_size": [1.375, -0.625]}
							}
						},
						{
							"origin": [-0.68392, 1.16553, -7.60036],
							"size": [1.33913, 2.56629, 0.78414],
							"pivot": [0.05021, 1.16285, -6.81016],
							"rotation": [-65, 0, 0],
							"uv": {
								"north": {"uv": [23, 32], "uv_size": [1.375, 2.625]},
								"east": {"uv": [13, 28], "uv_size": [0.75, 2.625]},
								"south": {"uv": [25, 32], "uv_size": [1.375, 2.625]},
								"west": {"uv": [4, 38], "uv_size": [0.75, 2.625]},
								"up": {"uv": [40, 14], "uv_size": [1.375, 0.75]},
								"down": {"uv": [40, 15.75], "uv_size": [1.375, -0.75]}
							}
						},
						{
							"origin": [-0.68392, 1.18444, -7.60036],
							"size": [1.33913, 2.56629, 0.78414],
							"pivot": [0.14396, 3.7534, -6.81016],
							"rotation": [65, 0, 0],
							"uv": {
								"north": {"uv": [27, 32], "uv_size": [1.375, 2.625]},
								"east": {"uv": [5, 38], "uv_size": [0.75, 2.625]},
								"south": {"uv": [29, 32], "uv_size": [1.375, 2.625]},
								"west": {"uv": [38, 18], "uv_size": [0.75, 2.625]},
								"up": {"uv": [40, 18], "uv_size": [1.375, 0.75]},
								"down": {"uv": [40, 19.75], "uv_size": [1.375, -0.75]}
							}
						},
						{
							"origin": [-0.80623, 3.07849, -6.75157],
							"size": [1.54913, 0.90295, 2.60273],
							"pivot": [-0.42604, 2.55573, -3.11599],
							"rotation": [2.5, 0, 0],
							"uv": {
								"north": {"uv": [39, 20], "uv_size": [1.5, 0.875]},
								"east": {"uv": [36, 12], "uv_size": [3.125, 0.875]},
								"south": {"uv": [39, 31], "uv_size": [1.5, 0.875]},
								"west": {"uv": [36, 13], "uv_size": [3.125, 0.875]},
								"up": {"uv": [26, 26], "uv_size": [1.5, 3.125]},
								"down": {"uv": [27, 3.125], "uv_size": [1.5, -3.125]}
							}
						},
						{
							"origin": [-0.80623, 2.91855, 0.52691],
							"size": [1.54913, 0.90295, 0.95023],
							"uv": {
								"north": {"uv": [1, 40], "uv_size": [1.5, 0.875]},
								"east": {"uv": [33, 40], "uv_size": [1, 0.875]},
								"south": {"uv": [40, 10], "uv_size": [1.5, 0.875]},
								"west": {"uv": [41, 29], "uv_size": [1, 0.875]},
								"up": {"uv": [16, 39], "uv_size": [1.5, 1]},
								"down": {"uv": [18, 40], "uv_size": [1.5, -1]}
							}
						},
						{
							"origin": [-0.53848, 4.9254, -3.66981],
							"size": [1.05, 0.1, 0.1],
							"pivot": [0.49277, 4.33764, -3.551],
							"rotation": [-50, 0, 0],
							"uv": {
								"north": {"uv": [45, 25], "uv_size": [1.125, 0.125]},
								"east": {"uv": [19, 46], "uv_size": [0.125, 0.125]},
								"south": {"uv": [45, 39], "uv_size": [1.125, 0.125]},
								"west": {"uv": [20, 46], "uv_size": [0.125, 0.125]},
								"up": {"uv": [45, 40], "uv_size": [1.125, 0.125]},
								"down": {"uv": [45, 41.125], "uv_size": [1.125, -0.125]}
							}
						},
						{
							"origin": [-0.70707, 3.52889, -3.6698],
							"size": [1.475, 0.1, 0.1],
							"pivot": [0.53043, 4.34738, -3.55099],
							"rotation": [-50, 0, 0],
							"uv": {
								"north": {"uv": [45, 18], "uv_size": [1.5, 0.125]},
								"east": {"uv": [42, 46], "uv_size": [0.125, 0.125]},
								"south": {"uv": [45, 19], "uv_size": [1.5, 0.125]},
								"west": {"uv": [46, 42], "uv_size": [0.125, 0.125]},
								"up": {"uv": [45, 20], "uv_size": [1.5, 0.125]},
								"down": {"uv": [21, 45.125], "uv_size": [1.5, -0.125]}
							}
						},
						{
							"origin": [0.56039, 2.64449, -3.41591],
							"size": [0.1, 1.54323, 0.1],
							"pivot": [0.6227, 4.19507, -2.51721],
							"rotation": [-50, 0, -12.5],
							"uv": {
								"north": {"uv": [2, 45], "uv_size": [0.125, 1.5]},
								"east": {"uv": [3, 45], "uv_size": [0.125, 1.5]},
								"south": {"uv": [4, 45], "uv_size": [0.125, 1.5]},
								"west": {"uv": [5, 45], "uv_size": [0.125, 1.5]},
								"up": {"uv": [22, 46], "uv_size": [0.125, 0.125]},
								"down": {"uv": [46, 22.125], "uv_size": [0.125, -0.125]}
							}
						},
						{
							"origin": [-0.68736, 2.64449, -3.41591],
							"size": [0.1, 1.54323, 0.1],
							"pivot": [-0.64967, 4.19507, -2.51721],
							"rotation": [-50, 0, 12.5],
							"uv": {
								"north": {"uv": [6, 45], "uv_size": [0.125, 1.5]},
								"east": {"uv": [7, 45], "uv_size": [0.125, 1.5]},
								"south": {"uv": [45, 7], "uv_size": [0.125, 1.5]},
								"west": {"uv": [8, 45], "uv_size": [0.125, 1.5]},
								"up": {"uv": [46, 23], "uv_size": [0.125, 0.125]},
								"down": {"uv": [46, 24.125], "uv_size": [0.125, -0.125]}
							}
						},
						{
							"origin": [-0.64919, 3.64118, -3.10051],
							"size": [0.1, 1.23073, 0.1],
							"pivot": [-0.59919, 4.36592, -3.05051],
							"rotation": [0, 0, 12.5],
							"uv": {
								"north": {"uv": [16, 45], "uv_size": [0.125, 1.25]},
								"east": {"uv": [45, 21], "uv_size": [0.125, 1.25]},
								"south": {"uv": [23, 45], "uv_size": [0.125, 1.25]},
								"west": {"uv": [45, 23], "uv_size": [0.125, 1.25]},
								"up": {"uv": [46, 32], "uv_size": [0.125, 0.125]},
								"down": {"uv": [33, 46.125], "uv_size": [0.125, -0.125]}
							}
						},
						{
							"origin": [0.52115, 3.65092, -3.10051],
							"size": [0.1, 1.23073, 0.1],
							"pivot": [0.61613, 4.37566, -3.05051],
							"rotation": [0, 0, -12.5],
							"uv": {
								"north": {"uv": [34, 45], "uv_size": [0.125, 1.25]},
								"east": {"uv": [45, 34], "uv_size": [0.125, 1.25]},
								"south": {"uv": [35, 45], "uv_size": [0.125, 1.25]},
								"west": {"uv": [36, 45], "uv_size": [0.125, 1.25]},
								"up": {"uv": [47, 0], "uv_size": [0.125, 0.125]},
								"down": {"uv": [1, 47.125], "uv_size": [0.125, -0.125]}
							}
						},
						{
							"origin": [0.52115, 3.65092, -2.37078],
							"size": [0.1, 1.23073, 0.1],
							"pivot": [0.61613, 4.37566, -3.05051],
							"rotation": [0, 0, -12.5],
							"uv": {
								"north": {"uv": [34, 45], "uv_size": [0.125, 1.25]},
								"east": {"uv": [45, 34], "uv_size": [0.125, 1.25]},
								"south": {"uv": [35, 45], "uv_size": [0.125, 1.25]},
								"west": {"uv": [36, 45], "uv_size": [0.125, 1.25]},
								"up": {"uv": [47, 0], "uv_size": [0.125, 0.125]},
								"down": {"uv": [1, 47.125], "uv_size": [0.125, -0.125]}
							}
						},
						{
							"origin": [-0.66112, 3.77771, -3.0173],
							"size": [0.1, 0.13698, 2.63125],
							"pivot": [-0.61112, 4.37745, -3.0298],
							"rotation": [0, 0, 12.5],
							"uv": {
								"north": {"uv": [43, 46], "uv_size": [0.125, 0.125]},
								"east": {"uv": [43, 26], "uv_size": [2.625, 0.125]},
								"south": {"uv": [46, 43], "uv_size": [0.125, 0.125]},
								"west": {"uv": [43, 27], "uv_size": [2.625, 0.125]},
								"up": {"uv": [43, 31], "uv_size": [0.125, 2.625]},
								"down": {"uv": [33, 45.625], "uv_size": [0.125, -2.625]}
							}
						},
						{
							"origin": [0.51717, 3.77771, -3.0173],
							"size": [0.1, 0.13698, 2.63125],
							"pivot": [0.56717, 4.37745, -3.0298],
							"rotation": [0, 0, -12.5],
							"uv": {
								"north": {"uv": [43.125, 46], "uv_size": [-0.125, 0.125]},
								"east": {"uv": [45.625, 27], "uv_size": [-2.625, 0.125]},
								"south": {"uv": [46.125, 43], "uv_size": [-0.125, 0.125]},
								"west": {"uv": [45.625, 26], "uv_size": [-2.625, 0.125]},
								"up": {"uv": [43.125, 31], "uv_size": [-0.125, 2.625]},
								"down": {"uv": [33.125, 45.625], "uv_size": [-0.125, -2.625]}
							}
						},
						{
							"origin": [-0.66112, 3.77771, -4.2048],
							"size": [0.1, 0.13698, 1.13125],
							"pivot": [-0.61112, 4.37745, -3.0298],
							"rotation": [0, 0, 12.5],
							"uv": {
								"north": {"uv": [44, 46], "uv_size": [0.125, 0.125]},
								"east": {"uv": [40, 45], "uv_size": [1, 0.125]},
								"south": {"uv": [46, 44], "uv_size": [0.125, 0.125]},
								"west": {"uv": [43, 45], "uv_size": [1, 0.125]},
								"up": {"uv": [45, 43], "uv_size": [0.125, 1]},
								"down": {"uv": [44, 46], "uv_size": [0.125, -1]}
							}
						},
						{
							"origin": [0.51717, 3.77771, -4.2048],
							"size": [0.1, 0.13698, 1.13125],
							"pivot": [0.56717, 4.37745, -3.0298],
							"rotation": [0, 0, -12.5],
							"uv": {
								"north": {"uv": [44.125, 46], "uv_size": [-0.125, 0.125]},
								"east": {"uv": [44, 45], "uv_size": [-1, 0.125]},
								"south": {"uv": [46.125, 44], "uv_size": [-0.125, 0.125]},
								"west": {"uv": [41, 45], "uv_size": [-1, 0.125]},
								"up": {"uv": [45.125, 43], "uv_size": [-0.125, 1]},
								"down": {"uv": [44.125, 46], "uv_size": [-0.125, -1]}
							}
						},
						{
							"origin": [-0.66112, 3.65271, -2.36105],
							"size": [0.1, 1.23073, 0.1],
							"pivot": [-0.61112, 4.37745, -2.31105],
							"rotation": [0, 0, 12.5],
							"uv": {
								"north": {"uv": [24, 45], "uv_size": [0.125, 1.25]},
								"east": {"uv": [25, 45], "uv_size": [0.125, 1.25]},
								"south": {"uv": [26, 45], "uv_size": [0.125, 1.25]},
								"west": {"uv": [27, 45], "uv_size": [0.125, 1.25]},
								"up": {"uv": [46, 33], "uv_size": [0.125, 0.125]},
								"down": {"uv": [46, 34.125], "uv_size": [0.125, -0.125]}
							}
						},
						{
							"origin": [-0.64919, 3.64118, -1.72727],
							"size": [0.1, 1.23073, 0.1],
							"pivot": [-0.59919, 4.36592, -1.67727],
							"rotation": [0, 0, 12.5],
							"uv": {
								"north": {"uv": [28, 45], "uv_size": [0.125, 1.25]},
								"east": {"uv": [45, 28], "uv_size": [0.125, 1.25]},
								"south": {"uv": [29, 45], "uv_size": [0.125, 1.25]},
								"west": {"uv": [30, 45], "uv_size": [0.125, 1.25]},
								"up": {"uv": [46, 35], "uv_size": [0.125, 0.125]},
								"down": {"uv": [46, 36.125], "uv_size": [0.125, -0.125]}
							}
						},
						{
							"origin": [0.52115, 3.65092, -1.72727],
							"size": [0.1, 1.23073, 0.1],
							"pivot": [0.61613, 4.37566, -1.67727],
							"rotation": [0, 0, -12.5],
							"uv": {
								"north": {"uv": [45, 36], "uv_size": [0.125, 1.25]},
								"east": {"uv": [37, 45], "uv_size": [0.125, 1.25]},
								"south": {"uv": [38, 45], "uv_size": [0.125, 1.25]},
								"west": {"uv": [39, 45], "uv_size": [0.125, 1.25]},
								"up": {"uv": [47, 1], "uv_size": [0.125, 0.125]},
								"down": {"uv": [2, 47.125], "uv_size": [0.125, -0.125]}
							}
						},
						{
							"origin": [-0.43845, 4.77074, -2.37078],
							"size": [0.85, 0.1, 0.1],
							"uv": {
								"north": {"uv": [46, 6], "uv_size": [0.875, 0.125]},
								"east": {"uv": [46, 37], "uv_size": [0.125, 0.125]},
								"south": {"uv": [46, 7], "uv_size": [0.875, 0.125]},
								"west": {"uv": [46, 38], "uv_size": [0.125, 0.125]},
								"up": {"uv": [46, 8], "uv_size": [0.875, 0.125]},
								"down": {"uv": [9, 46.125], "uv_size": [0.875, -0.125]}
							}
						},
						{
							"origin": [-0.43848, 4.77074, -1.72727],
							"size": [0.85, 0.1, 0.1],
							"uv": {
								"north": {"uv": [46, 6], "uv_size": [0.875, 0.125]},
								"east": {"uv": [46, 37], "uv_size": [0.125, 0.125]},
								"south": {"uv": [46, 7], "uv_size": [0.875, 0.125]},
								"west": {"uv": [46, 38], "uv_size": [0.125, 0.125]},
								"up": {"uv": [46, 8], "uv_size": [0.875, 0.125]},
								"down": {"uv": [9, 46.125], "uv_size": [0.875, -0.125]}
							}
						},
						{
							"origin": [-0.43848, 4.77074, -3.10051],
							"size": [0.85, 0.1, 0.1],
							"uv": {
								"north": {"uv": [10, 46], "uv_size": [0.875, 0.125]},
								"east": {"uv": [40, 46], "uv_size": [0.125, 0.125]},
								"south": {"uv": [11, 46], "uv_size": [0.875, 0.125]},
								"west": {"uv": [41, 46], "uv_size": [0.125, 0.125]},
								"up": {"uv": [46, 11], "uv_size": [0.875, 0.125]},
								"down": {"uv": [46, 12.125], "uv_size": [0.875, -0.125]}
							}
						},
						{
							"origin": [-0.53848, 4.77074, -3.10051],
							"size": [0.1, 0.1, 1.47324],
							"uv": {
								"north": {"uv": [46, 26], "uv_size": [0.125, 0.125]},
								"east": {"uv": [45, 9], "uv_size": [1.5, 0.125]},
								"south": {"uv": [46, 27], "uv_size": [0.125, 0.125]},
								"west": {"uv": [45, 10], "uv_size": [1.5, 0.125]},
								"up": {"uv": [45, 11], "uv_size": [0.125, 1.5]},
								"down": {"uv": [12, 46.5], "uv_size": [0.125, -1.5]}
							}
						},
						{
							"origin": [0.41152, 4.77074, -3.10051],
							"size": [0.1, 0.1, 1.47324],
							"uv": {
								"north": {"uv": [46, 28], "uv_size": [0.125, 0.125]},
								"east": {"uv": [13, 45], "uv_size": [1.5, 0.125]},
								"south": {"uv": [46, 29], "uv_size": [0.125, 0.125]},
								"west": {"uv": [45, 13], "uv_size": [1.5, 0.125]},
								"up": {"uv": [45, 14], "uv_size": [0.125, 1.5]},
								"down": {"uv": [15, 46.5], "uv_size": [0.125, -1.5]}
							}
						},
						{
							"origin": [0.41152, 4.77074, -1.62727],
							"size": [0.1, 0.1, 1.7466],
							"pivot": [0.51152, 4.87074, -1.62727],
							"rotation": [-37.6833, -0.76664, -12.06864],
							"uv": {
								"north": {"uv": [46, 30], "uv_size": [0.125, 0.125]},
								"east": {"uv": [44, 38], "uv_size": [1.75, 0.125]},
								"south": {"uv": [46, 31], "uv_size": [0.125, 0.125]},
								"west": {"uv": [39, 44], "uv_size": [1.75, 0.125]},
								"up": {"uv": [41, 44], "uv_size": [0.125, 1.75]},
								"down": {"uv": [42, 45.75], "uv_size": [0.125, -1.75]}
							}
						},
						{
							"origin": [-0.54025, 4.76638, -1.63167],
							"size": [0.1, 0.1, 1.7466],
							"pivot": [-0.52615, 4.861, -1.62727],
							"rotation": [-37.6833, 0.76664, 12.06864],
							"uv": {
								"north": {"uv": [45, 46], "uv_size": [0.125, 0.125]},
								"east": {"uv": [44, 42], "uv_size": [1.75, 0.125]},
								"south": {"uv": [46, 45], "uv_size": [0.125, 0.125]},
								"west": {"uv": [43, 44], "uv_size": [1.75, 0.125]},
								"up": {"uv": [0, 45], "uv_size": [0.125, 1.75]},
								"down": {"uv": [1, 46.75], "uv_size": [0.125, -1.75]}
							}
						},
						{
							"origin": [-0.66114, 1.96963, 0.50838],
							"size": [0.76038, 1.71086, 0.92671],
							"uv": {
								"north": {"uv": [39, 18], "uv_size": [0.75, 1.75]},
								"east": {"uv": [38, 34], "uv_size": [0.875, 1.75]},
								"south": {"uv": [39, 34], "uv_size": [0.75, 1.75]},
								"west": {"uv": [39, 10], "uv_size": [0.875, 1.75]},
								"up": {"uv": [42, 27], "uv_size": [0.75, 0.875]},
								"down": {"uv": [42, 29.875], "uv_size": [0.75, -0.875]}
							}
						},
						{
							"origin": [-0.66114, 1.96963, 1.45885],
							"size": [0.76038, 1.21186, 3.32667],
							"uv": {
								"north": {"uv": [40, 25], "uv_size": [0.75, 1.25]},
								"east": {"uv": [18, 28], "uv_size": [3.375, 1.25]},
								"south": {"uv": [32, 40], "uv_size": [0.75, 1.25]},
								"west": {"uv": [9, 29], "uv_size": [3.375, 1.25]},
								"up": {"uv": [29, 36], "uv_size": [0.75, 3.375]},
								"down": {"uv": [30, 39.375], "uv_size": [0.75, -3.375]}
							}
						},
						{
							"origin": [-0.11873, 2.89479, 1.47714],
							"size": [0.82288, 0.92671, 6.43948],
							"pivot": [0.70415, 3.82151, 1.47714],
							"rotation": [-2.50238, -2.1, 0.10912],
							"uv": {
								"north": {"uv": [7, 42], "uv_size": [0.875, 0.875]},
								"east": {"uv": [18, 20], "uv_size": [6.5, 0.875]},
								"south": {"uv": [8, 42], "uv_size": [0.875, 0.875]},
								"west": {"uv": [21, 12], "uv_size": [6.5, 0.875]},
								"up": {"uv": [14, 20], "uv_size": [0.875, 6.5]},
								"down": {"uv": [15, 26.5], "uv_size": [0.875, -6.5]}
							}
						},
						{
							"origin": [-0.79286, 2.89479, 1.47714],
							"size": [0.72913, 0.92671, 6.43948],
							"pivot": [-0.79286, 3.82151, 1.47714],
							"rotation": [-2.50238, 2.1, -0.10912],
							"uv": {
								"north": {"uv": [42, 34], "uv_size": [0.75, 0.875]},
								"east": {"uv": [21, 15], "uv_size": [6.5, 0.875]},
								"south": {"uv": [42, 35], "uv_size": [0.75, 0.875]},
								"west": {"uv": [21, 16], "uv_size": [6.5, 0.875]},
								"up": {"uv": [16, 20], "uv_size": [0.75, 6.5]},
								"down": {"uv": [25, 30.5], "uv_size": [0.75, -6.5]}
							}
						},
						{
							"origin": [-0.60536, 2.89479, 1.47714],
							"size": [0.47913, 0.92671, 3.09573],
							"pivot": [-0.60536, 3.82151, 1.47714],
							"rotation": [-2.50238, 2.1, -0.10912],
							"uv": {
								"north": {"uv": [12, 43], "uv_size": [0.5, 0.875]},
								"east": {"uv": [36, 14], "uv_size": [3.125, 0.875]},
								"south": {"uv": [13, 43], "uv_size": [0.5, 0.875]},
								"west": {"uv": [36, 15], "uv_size": [3.125, 0.875]},
								"up": {"uv": [12, 39], "uv_size": [0.5, 3.125]},
								"down": {"uv": [13, 42.125], "uv_size": [0.5, -3.125]}
							}
						},
						{
							"origin": [-0.27767, 1.16947, 0.53214],
							"size": [0.91663, 0.73662, 7.51366],
							"pivot": [0.15521, 1.16947, 0.53214],
							"rotation": [8.25, -1, 0],
							"uv": {
								"north": {"uv": [42, 10], "uv_size": [0.875, 0.75]},
								"east": {"uv": [21, 18], "uv_size": [7.5, 0.75]},
								"south": {"uv": [42, 15], "uv_size": [0.875, 0.75]},
								"west": {"uv": [21, 19], "uv_size": [7.5, 0.75]},
								"up": {"uv": [20, 12], "uv_size": [0.875, 7.5]},
								"down": {"uv": [13, 27.5], "uv_size": [0.875, -7.5]}
							}
						},
						{
							"origin": [-0.66516, 1.16947, 0.53214],
							"size": [0.47913, 0.73662, 7.51366],
							"pivot": [-0.68141, 1.16947, 0.53214],
							"rotation": [8.25, 1, 0],
							"uv": {
								"north": {"uv": [43, 19], "uv_size": [0.5, 0.75]},
								"east": {"uv": [18, 22], "uv_size": [7.5, 0.75]},
								"south": {"uv": [20, 43], "uv_size": [0.5, 0.75]},
								"west": {"uv": [18, 23], "uv_size": [7.5, 0.75]},
								"up": {"uv": [21, 32], "uv_size": [0.5, 7.5]},
								"down": {"uv": [22, 39.5], "uv_size": [0.5, -7.5]}
							}
						},
						{
							"origin": [-0.17489, 2.506, 4.91021],
							"size": [0.31413, 3.39795, 1.35443],
							"pivot": [-0.03094, 3.82479, 5.94386],
							"rotation": [-32.5, 0, 0],
							"uv": {
								"north": {"uv": [16, 40], "uv_size": [0.375, 3.375]},
								"east": {"uv": [14, 27], "uv_size": [1.375, 3.375]},
								"south": {"uv": [17, 40], "uv_size": [0.375, 3.375]},
								"west": {"uv": [16, 27], "uv_size": [1.375, 3.375]},
								"up": {"uv": [4, 43], "uv_size": [0.375, 1.375]},
								"down": {"uv": [7, 44.375], "uv_size": [0.375, -1.375]}
							}
						},
						{
							"origin": [-0.17489, 2.8762, 6.7182],
							"size": [0.31413, 3.08905, 0.80791],
							"pivot": [-0.03094, 4.61082, 6.59939],
							"rotation": [12.5, 0, 0],
							"uv": {
								"north": {"uv": [22, 40], "uv_size": [0.375, 3.125]},
								"east": {"uv": [31, 36], "uv_size": [0.75, 3.125]},
								"south": {"uv": [29, 40], "uv_size": [0.375, 3.125]},
								"west": {"uv": [7, 37], "uv_size": [0.75, 3.125]},
								"up": {"uv": [44, 7], "uv_size": [0.375, 0.75]},
								"down": {"uv": [44, 8.75], "uv_size": [0.375, -0.75]}
							}
						},
						{
							"origin": [-0.17989, 3.04467, 6.18923],
							"size": [0.31913, 3.08905, 1.02176],
							"uv": {
								"north": {"uv": [30, 40], "uv_size": [0.375, 3.125]},
								"east": {"uv": [24, 26], "uv_size": [1, 3.125]},
								"south": {"uv": [31, 40], "uv_size": [0.375, 3.125]},
								"west": {"uv": [7, 33], "uv_size": [1, 3.125]},
								"up": {"uv": [43, 13], "uv_size": [0.375, 1]},
								"down": {"uv": [43, 15], "uv_size": [0.375, -1]}
							}
						},
						{
							"origin": [-0.17489, 3.04467, 5.92784],
							"size": [0.31413, 0.6891, 1.02176],
							"uv": {
								"north": {"uv": [44, 9], "uv_size": [0.375, 0.75]},
								"east": {"uv": [42, 8], "uv_size": [1, 0.75]},
								"south": {"uv": [44, 10], "uv_size": [0.375, 0.75]},
								"west": {"uv": [42, 9], "uv_size": [1, 0.75]},
								"up": {"uv": [43, 15], "uv_size": [0.375, 1]},
								"down": {"uv": [43, 19], "uv_size": [0.375, -1]}
							}
						},
						{
							"origin": [0.81546, 2.51327, -4.60299],
							"size": [8.4307, 0.44541, 1.69571],
							"pivot": [9.24616, 2.51327, -4.61353],
							"rotation": [0, -2.5, -5],
							"uv": {
								"north": {"uv": [29, 18], "uv_size": [8.375, 0.5]},
								"east": {"uv": [40, 27], "uv_size": [1.75, 0.5]},
								"south": {"uv": [29, 19], "uv_size": [8.375, 0.5]},
								"west": {"uv": [40, 32], "uv_size": [1.75, 0.5]},
								"up": {"uv": [0, 12], "uv_size": [8.375, 1.75]},
								"down": {"uv": [9, 13.75], "uv_size": [8.375, -1.75]}
							}
						},
						{
							"origin": [-9.38386, 2.51327, -4.60299],
							"size": [8.4307, 0.44541, 1.69571],
							"pivot": [-9.38386, 2.51327, -4.61353],
							"rotation": [0, 2.5, 5],
							"uv": {
								"north": {"uv": [37.375, 18], "uv_size": [-8.375, 0.5]},
								"east": {"uv": [41.75, 32], "uv_size": [-1.75, 0.5]},
								"south": {"uv": [37.375, 19], "uv_size": [-8.375, 0.5]},
								"west": {"uv": [41.75, 27], "uv_size": [-1.75, 0.5]},
								"up": {"uv": [8.375, 12], "uv_size": [-8.375, 1.75]},
								"down": {"uv": [17.375, 13.75], "uv_size": [-8.375, -1.75]}
							}
						},
						{
							"origin": [0.81546, 2.51327, -4.60299],
							"size": [8.4307, 0.44541, 3.19571],
							"pivot": [9.24616, 2.51327, -2.90728],
							"rotation": [0, 0, -5],
							"uv": {
								"north": {"uv": [30, 10], "uv_size": [8.375, 0.5]},
								"east": {"uv": [40, 39], "uv_size": [1.75, 0.5]},
								"south": {"uv": [30, 11], "uv_size": [8.375, 0.5]},
								"west": {"uv": [40, 40], "uv_size": [1.75, 0.5]},
								"up": {"uv": [0, 16], "uv_size": [8.375, 1.75]},
								"down": {"uv": [9, 17.75], "uv_size": [8.375, -1.75]}
							}
						},
						{
							"origin": [-9.38386, 2.51327, -4.60299],
							"size": [8.4307, 0.44541, 3.19571],
							"pivot": [-9.38386, 2.51327, -2.90728],
							"rotation": [0, 0, 5],
							"uv": {
								"north": {"uv": [38.375, 10], "uv_size": [-8.375, 0.5]},
								"east": {"uv": [41.75, 40], "uv_size": [-1.75, 0.5]},
								"south": {"uv": [38.375, 11], "uv_size": [-8.375, 0.5]},
								"west": {"uv": [41.75, 39], "uv_size": [-1.75, 0.5]},
								"up": {"uv": [8.375, 16], "uv_size": [-8.375, 1.75]},
								"down": {"uv": [17.375, 17.75], "uv_size": [-8.375, -1.75]}
							}
						},
						{
							"origin": [0.31671, 2.51327, -3.10299],
							"size": [8.92945, 0.44541, 1.69571],
							"pivot": [9.24616, 2.51327, -1.40728],
							"rotation": [0, 10, -5],
							"uv": {
								"north": {"uv": [28, 22], "uv_size": [8.875, 0.5]},
								"east": {"uv": [40, 35], "uv_size": [1.75, 0.5]},
								"south": {"uv": [28, 23], "uv_size": [8.875, 0.5]},
								"west": {"uv": [40, 36], "uv_size": [1.75, 0.5]},
								"up": {"uv": [0, 0], "uv_size": [8.875, 1.75]},
								"down": {"uv": [0, 3.75], "uv_size": [8.875, -1.75]}
							}
						},
						{
							"origin": [-9.38386, 2.51327, -3.10299],
							"size": [8.92945, 0.44541, 1.69571],
							"pivot": [-9.38386, 2.51327, -1.40728],
							"rotation": [0, -10, 5],
							"uv": {
								"north": {"uv": [36.875, 22], "uv_size": [-8.875, 0.5]},
								"east": {"uv": [41.75, 36], "uv_size": [-1.75, 0.5]},
								"south": {"uv": [36.875, 23], "uv_size": [-8.875, 0.5]},
								"west": {"uv": [41.75, 35], "uv_size": [-1.75, 0.5]},
								"up": {"uv": [8.875, 0], "uv_size": [-8.875, 1.75]},
								"down": {"uv": [8.875, 3.75], "uv_size": [-8.875, -1.75]}
							}
						},
						{
							"origin": [0.27031, 2.1306, -4.60299],
							"size": [8.4307, 0.44541, 1.69571],
							"pivot": [4.34129, 2.83893, -2.07513],
							"rotation": [0, 0, -5],
							"uv": {
								"north": {"uv": [28, 29], "uv_size": [8.375, 0.5]},
								"east": {"uv": [40, 33], "uv_size": [1.75, 0.5]},
								"south": {"uv": [0, 30], "uv_size": [8.375, 0.5]},
								"west": {"uv": [40, 34], "uv_size": [1.75, 0.5]},
								"up": {"uv": [0, 14], "uv_size": [8.375, 1.75]},
								"down": {"uv": [9, 15.75], "uv_size": [8.375, -1.75]}
							}
						},
						{
							"origin": [0.69299, 2.36316, -4.60299],
							"size": [8.40445, 0.44541, 3.22196],
							"pivot": [5.60397, 2.42836, -2.07513],
							"rotation": [0, 0, -2.5],
							"uv": {
								"north": {"uv": [34.375, 30], "uv_size": [-8.375, 0.5]},
								"east": {"uv": [15.75, 41], "uv_size": [-1.75, 0.5]},
								"south": {"uv": [8.375, 31], "uv_size": [-8.375, 0.5]},
								"west": {"uv": [42.75, 12], "uv_size": [-1.75, 0.5]},
								"up": {"uv": [8.375, 18], "uv_size": [-8.375, 1.75]},
								"down": {"uv": [26.375, 1.75], "uv_size": [-8.375, -1.75]}
							}
						},
						{
							"origin": [-9.23514, 2.36316, -4.60299],
							"size": [8.40445, 0.44541, 3.22196],
							"pivot": [-5.74167, 2.42836, -2.07513],
							"rotation": [0, 0, 2.5],
							"uv": {
								"north": {"uv": [26, 30], "uv_size": [8.375, 0.5]},
								"east": {"uv": [41, 12], "uv_size": [1.75, 0.5]},
								"south": {"uv": [0, 31], "uv_size": [8.375, 0.5]},
								"west": {"uv": [14, 41], "uv_size": [1.75, 0.5]},
								"up": {"uv": [0, 18], "uv_size": [8.375, 1.75]},
								"down": {"uv": [18, 1.75], "uv_size": [8.375, -1.75]}
							}
						},
						{
							"origin": [0.26453, 2.51518, -3.10299],
							"size": [8.92945, 0.44541, 1.72196],
							"pivot": [9.19399, 2.96059, -1.38103],
							"rotation": [0, 10, -2.5],
							"uv": {
								"north": {"uv": [28, 24], "uv_size": [8.875, 0.5]},
								"east": {"uv": [40, 37], "uv_size": [1.75, 0.5]},
								"south": {"uv": [28, 25], "uv_size": [8.875, 0.5]},
								"west": {"uv": [40, 38], "uv_size": [1.75, 0.5]},
								"up": {"uv": [0, 4], "uv_size": [8.875, 1.75]},
								"down": {"uv": [0, 7.75], "uv_size": [8.875, -1.75]}
							}
						},
						{
							"origin": [-9.33168, 2.51518, -3.10299],
							"size": [8.92945, 0.44541, 1.72196],
							"pivot": [-9.33169, 2.96059, -1.38103],
							"rotation": [0, -10, 2.5],
							"uv": {
								"north": {"uv": [36.875, 24], "uv_size": [-8.875, 0.5]},
								"east": {"uv": [41.75, 38], "uv_size": [-1.75, 0.5]},
								"south": {"uv": [36.875, 25], "uv_size": [-8.875, 0.5]},
								"west": {"uv": [41.75, 37], "uv_size": [-1.75, 0.5]},
								"up": {"uv": [8.875, 4], "uv_size": [-8.875, 1.75]},
								"down": {"uv": [8.875, 7.75], "uv_size": [-8.875, -1.75]}
							}
						},
						{
							"origin": [0.14808, 2.51518, -4.60299],
							"size": [8.92945, 0.44541, 1.72196],
							"pivot": [9.07753, 2.96059, -4.58728],
							"rotation": [0, -2.5, -2.5],
							"uv": {
								"north": {"uv": [37.875, 0], "uv_size": [-8.875, 0.5]},
								"east": {"uv": [42.75, 21], "uv_size": [-1.75, 0.5]},
								"south": {"uv": [37.875, 1], "uv_size": [-8.875, 0.5]},
								"west": {"uv": [42.75, 20], "uv_size": [-1.75, 0.5]},
								"up": {"uv": [17.875, 6], "uv_size": [-8.875, 1.75]},
								"down": {"uv": [17.875, 9.75], "uv_size": [-8.875, -1.75]}
							}
						},
						{
							"origin": [-9.21523, 2.51518, -4.60299],
							"size": [8.92945, 0.44541, 1.72196],
							"pivot": [-9.21523, 2.96059, -4.58728],
							"rotation": [0, 2.5, 2.5],
							"uv": {
								"north": {"uv": [29, 0], "uv_size": [8.875, 0.5]},
								"east": {"uv": [41, 20], "uv_size": [1.75, 0.5]},
								"south": {"uv": [29, 1], "uv_size": [8.875, 0.5]},
								"west": {"uv": [41, 21], "uv_size": [1.75, 0.5]},
								"up": {"uv": [9, 6], "uv_size": [8.875, 1.75]},
								"down": {"uv": [9, 9.75], "uv_size": [8.875, -1.75]}
							}
						},
						{
							"origin": [-3.58013, 2.61294, 5.24877],
							"size": [2.75, 0.25, 1.15],
							"pivot": [-0.83013, 1.86294, 5.24877],
							"rotation": [0, 22.5, 0],
							"uv": {
								"north": {"uv": [1, 43], "uv_size": [2.25, 0.25]},
								"east": {"uv": [44, 13], "uv_size": [1, 0.25]},
								"south": {"uv": [43, 4], "uv_size": [2.25, 0.25]},
								"west": {"uv": [14, 44], "uv_size": [1, 0.25]},
								"up": {"uv": [22, 30], "uv_size": [2.25, 1]},
								"down": {"uv": [36, 32], "uv_size": [2.25, -1]}
							}
						},
						{
							"origin": [0.67849, 2.61294, 5.24877],
							"size": [2.75, 0.25, 1.15],
							"pivot": [0.67849, 1.86294, 5.24877],
							"rotation": [0, -22.5, 0],
							"uv": {
								"north": {"uv": [43, 5], "uv_size": [2.25, 0.25]},
								"east": {"uv": [44, 14], "uv_size": [1, 0.25]},
								"south": {"uv": [43, 6], "uv_size": [2.25, 0.25]},
								"west": {"uv": [15, 44], "uv_size": [1, 0.25]},
								"up": {"uv": [37, 22], "uv_size": [2.25, 1]},
								"down": {"uv": [37, 24], "uv_size": [2.25, -1]}
							}
						},
						{
							"origin": [-2.90886, 2.61294, 6.10981],
							"size": [2.35, 0.25, 1.25],
							"uv": {
								"north": {"uv": [42, 39], "uv_size": [2.375, 0.25]},
								"east": {"uv": [43, 43], "uv_size": [1.25, 0.25]},
								"south": {"uv": [40, 42], "uv_size": [2.375, 0.25]},
								"west": {"uv": [0, 44], "uv_size": [1.25, 0.25]},
								"up": {"uv": [32, 35], "uv_size": [2.375, 1.25]},
								"down": {"uv": [35, 36.25], "uv_size": [2.375, -1.25]}
							}
						},
						{
							"origin": [0.40722, 2.61294, 6.10981],
							"size": [2.35, 0.25, 1.25],
							"uv": {
								"north": {"uv": [42, 40], "uv_size": [2.375, 0.25]},
								"east": {"uv": [2, 44], "uv_size": [1.25, 0.25]},
								"south": {"uv": [42, 41], "uv_size": [2.375, 0.25]},
								"west": {"uv": [5, 44], "uv_size": [1.25, 0.25]},
								"up": {"uv": [0, 36], "uv_size": [2.375, 1.25]},
								"down": {"uv": [3, 37.25], "uv_size": [2.375, -1.25]}
							}
						},
						{
							"origin": [-7.3662, 2.00992, -4.45828],
							"size": [3.59375, 0.78125, 3.125],
							"pivot": [-3.06932, 2.40054, -2.89578],
							"rotation": [0, 0, 2.5],
							"uv": {
								"north": {"uv": [64, 0], "uv_size": [-5, 7.5]},
								"east": {"uv": [64, 0], "uv_size": [-5, 7.5]},
								"south": {"uv": [64, 0], "uv_size": [-5, 7.5]},
								"west": {"uv": [64, 0], "uv_size": [-5, 7.5]},
								"up": {"uv": [1, 64], "uv_size": [10.5, -12]},
								"down": {"uv": [1, 52], "uv_size": [10.5, 12]}
							}
						},
						{
							"origin": [3.77245, 2.00992, -4.45828],
							"size": [3.59375, 0.78125, 3.125],
							"pivot": [3.06932, 2.40054, -2.89578],
							"rotation": [0, 0, -2.5],
							"uv": {
								"north": {"uv": [59, 0], "uv_size": [5, 7.5]},
								"east": {"uv": [59, 0], "uv_size": [5, 7.5]},
								"south": {"uv": [59, 0], "uv_size": [5, 7.5]},
								"west": {"uv": [59, 0], "uv_size": [5, 7.5]},
								"up": {"uv": [11.5, 64], "uv_size": [-10.5, -12]},
								"down": {"uv": [11.5, 52], "uv_size": [-10.5, 12]}
							}
						},
						{
							"origin": [-0.52257, 2.5931, -1.93984],
							"size": [1, 1.34375, 0.21875],
							"pivot": [-0.11632, 3.47792, -1.55],
							"rotation": [-10, 0, 0],
							"uv": {
								"north": {"uv": [63, 35.28125], "uv_size": [1, 1.34375]},
								"east": {"uv": [63, 35.28125], "uv_size": [1, 1.34375]},
								"south": {"uv": [63, 35.28125], "uv_size": [1, 1.34375]},
								"west": {"uv": [63, 35.28125], "uv_size": [1, 1.34375]},
								"up": {"uv": [64, 36.625], "uv_size": [-1, -1.34375]},
								"down": {"uv": [64, 36.625], "uv_size": [-1, -1.34375]}
							}
						},
						{
							"origin": [-0.52257, 2.83449, -2.88335],
							"size": [1, 0.25, 0.96875],
							"uv": {
								"north": {"uv": [63, 35.28125], "uv_size": [1, 1.34375]},
								"east": {"uv": [63, 35.28125], "uv_size": [1, 1.34375]},
								"south": {"uv": [63, 35.28125], "uv_size": [1, 1.34375]},
								"west": {"uv": [63, 35.28125], "uv_size": [1, 1.34375]},
								"up": {"uv": [64, 36.625], "uv_size": [-1, -1.34375]},
								"down": {"uv": [64, 36.625], "uv_size": [-1, -1.34375]}
							}
						}
					]
				},
				{
					"name": "LeftLandingGear",
					"parent": "Plane",
					"pivot": [2.00521, 2.1227, -4.81589],
					"cubes": [
						{
							"origin": [1.85521, -0.33053, -4.3103],
							"size": [0.3, 2.54254, 0.5],
							"pivot": [2.00521, 0.69074, -4.0603],
							"rotation": [0, 0, -7.5],
							"uv": {
								"north": {"uv": [0, 38], "uv_size": [1.375, 1.5]},
								"east": {"uv": [0, 38], "uv_size": [1.375, 1.5]},
								"south": {"uv": [0, 38], "uv_size": [1.375, 1.5]},
								"west": {"uv": [0, 38], "uv_size": [1.375, 1.5]},
								"up": {"uv": [1.375, 39.5], "uv_size": [-1.375, -1.5]},
								"down": {"uv": [1.375, 39.5], "uv_size": [-1.375, -1.5]}
							}
						}
					]
				},
				{
					"name": "WheelGuard",
					"parent": "LeftLandingGear",
					"pivot": [1.99996, -0.12655, -4.51028],
					"rotation": [0.07019, -12.6562, 89.97889],
					"cubes": [
						{
							"origin": [1.928, -0.4013, -4.01516],
							"size": [0.53019, 0.64, 0.64],
							"pivot": [2.1931, -5.2013, -4.01516],
							"rotation": [0, -45, 0],
							"uv": {
								"north": {"uv": [0, 0], "uv_size": [0.5, 0.5]},
								"east": {"uv": [0, 0], "uv_size": [0.5, 0.5]},
								"south": {"uv": [0, 0], "uv_size": [0.5, 0.5]},
								"west": {"uv": [0, 0], "uv_size": [0.5, 0.5]},
								"up": {"uv": [0.5, 0.5], "uv_size": [-0.5, -0.5]},
								"down": {"uv": [0.5, 0.5], "uv_size": [-0.5, -0.5]}
							}
						},
						{
							"origin": [1.928, -0.4013, -4.65516],
							"size": [0.53019, 0.64, 1.28],
							"uv": {
								"north": {"uv": [0, 0], "uv_size": [0.5, 0.5]},
								"east": {"uv": [0, 0], "uv_size": [0.5, 0.5]},
								"south": {"uv": [0, 0], "uv_size": [0.5, 0.5]},
								"west": {"uv": [0, 0], "uv_size": [0.5, 0.5]},
								"up": {"uv": [0.5, 0.5], "uv_size": [-0.5, -0.5]},
								"down": {"uv": [0.5, 0.5], "uv_size": [-0.5, -0.5]}
							}
						},
						{
							"origin": [1.9, -0.28388, -4.50478],
							"size": [0.8, 0.4, 0.8],
							"uv": {
								"north": {"uv": [63.5, 63.5], "uv_size": [0.5, 0.5]},
								"east": {"uv": [63.5, 63.5], "uv_size": [0.5, 0.5]},
								"south": {"uv": [63.5, 63.5], "uv_size": [0.5, 0.5]},
								"west": {"uv": [63.5, 63.5], "uv_size": [0.5, 0.5]},
								"up": {"uv": [64, 64], "uv_size": [-0.5, -0.5]},
								"down": {"uv": [64, 64], "uv_size": [-0.5, -0.5]}
							}
						},
						{
							"origin": [1.5531, -0.4013, -4.28026],
							"size": [0.64, 0.64, 0.53019],
							"pivot": [2.1931, -5.2013, -4.01516],
							"rotation": [0, -45, 0],
							"uv": {
								"north": {"uv": [0, 0], "uv_size": [0.5, 0.5]},
								"east": {"uv": [0, 0], "uv_size": [0.5, 0.5]},
								"south": {"uv": [0, 0], "uv_size": [0.5, 0.5]},
								"west": {"uv": [0, 0], "uv_size": [0.5, 0.5]},
								"up": {"uv": [0.5, 0.5], "uv_size": [-0.5, -0.5]},
								"down": {"uv": [0.5, 0.5], "uv_size": [-0.5, -0.5]}
							}
						},
						{
							"origin": [1.5531, -0.4013, -4.28026],
							"size": [0.64, 0.64, 0.53019],
							"uv": {
								"north": {"uv": [0, 0], "uv_size": [0.5, 0.5]},
								"east": {"uv": [0, 0], "uv_size": [0.5, 0.5]},
								"south": {"uv": [0, 0], "uv_size": [0.5, 0.5]},
								"west": {"uv": [0, 0], "uv_size": [0.5, 0.5]},
								"up": {"uv": [0.5, 0.5], "uv_size": [-0.5, -0.5]},
								"down": {"uv": [0.5, 0.5], "uv_size": [-0.5, -0.5]}
							}
						}
					]
				},
				{
					"name": "RightLandingGear",
					"parent": "Plane",
					"pivot": [-2.00521, 2.1227, -4.81589],
					"cubes": [
						{
							"origin": [-2.15521, -0.33053, -4.3103],
							"size": [0.3, 2.54254, 0.5],
							"pivot": [-2.00521, 0.69074, -4.0603],
							"rotation": [0, 0, 7.5],
							"uv": {
								"north": {"uv": [1.375, 38], "uv_size": [-1.375, 1.5]},
								"east": {"uv": [25.375, 10], "uv_size": [-7.375, 1.5]},
								"south": {"uv": [3.375, 38], "uv_size": [-1.375, 1.5]},
								"west": {"uv": [16.375, 18], "uv_size": [-7.375, 1.5]},
								"up": {"uv": [19.375, 12], "uv_size": [-1.375, 7.375]},
								"down": {"uv": [1.375, 27.375], "uv_size": [-1.375, -7.375]}
							}
						}
					]
				},
				{
					"name": "WheelGuard2",
					"parent": "RightLandingGear",
					"pivot": [-1.99996, -0.12655, -4.51028],
					"rotation": [0.07019, 12.6562, -89.97889],
					"cubes": [
						{
							"origin": [-2.4582, -0.4013, -4.01516],
							"size": [0.53019, 0.64, 0.64],
							"pivot": [-2.1931, -5.2013, -4.01516],
							"rotation": [0, 45, 0],
							"uv": {
								"north": {"uv": [0.5, 0], "uv_size": [-0.5, 0.5]},
								"east": {"uv": [0.5, 0], "uv_size": [-0.5, 0.5]},
								"south": {"uv": [0.5, 0], "uv_size": [-0.5, 0.5]},
								"west": {"uv": [0.5, 0], "uv_size": [-0.5, 0.5]},
								"up": {"uv": [0, 0.5], "uv_size": [0.5, -0.5]},
								"down": {"uv": [0, 0.5], "uv_size": [0.5, -0.5]}
							}
						},
						{
							"origin": [-2.4582, -0.4013, -4.65516],
							"size": [0.53019, 0.64, 1.28],
							"uv": {
								"north": {"uv": [0.5, 0], "uv_size": [-0.5, 0.5]},
								"east": {"uv": [0.5, 0], "uv_size": [-0.5, 0.5]},
								"south": {"uv": [0.5, 0], "uv_size": [-0.5, 0.5]},
								"west": {"uv": [0.5, 0], "uv_size": [-0.5, 0.5]},
								"up": {"uv": [0, 0.5], "uv_size": [0.5, -0.5]},
								"down": {"uv": [0, 0.5], "uv_size": [0.5, -0.5]}
							}
						},
						{
							"origin": [-2.7029, -0.28395, -4.44234],
							"size": [0.8, 0.4, 0.8],
							"uv": {
								"north": {"uv": [64, 63.5], "uv_size": [-0.5, 0.5]},
								"east": {"uv": [64, 63.5], "uv_size": [-0.5, 0.5]},
								"south": {"uv": [64, 63.5], "uv_size": [-0.5, 0.5]},
								"west": {"uv": [64, 63.5], "uv_size": [-0.5, 0.5]},
								"up": {"uv": [63.5, 64], "uv_size": [0.5, -0.5]},
								"down": {"uv": [63.5, 64], "uv_size": [0.5, -0.5]}
							}
						},
						{
							"origin": [-2.1931, -0.4013, -4.28026],
							"size": [0.64, 0.64, 0.53019],
							"pivot": [-2.1931, -5.2013, -4.01516],
							"rotation": [0, 45, 0],
							"uv": {
								"north": {"uv": [0.5, 0], "uv_size": [-0.5, 0.5]},
								"east": {"uv": [0.5, 0], "uv_size": [-0.5, 0.5]},
								"south": {"uv": [0.5, 0], "uv_size": [-0.5, 0.5]},
								"west": {"uv": [0.5, 0], "uv_size": [-0.5, 0.5]},
								"up": {"uv": [0, 0.5], "uv_size": [0.5, -0.5]},
								"down": {"uv": [0, 0.5], "uv_size": [0.5, -0.5]}
							}
						},
						{
							"origin": [-2.1931, -0.4013, -4.28026],
							"size": [0.64, 0.64, 0.53019],
							"uv": {
								"north": {"uv": [0.5, 0], "uv_size": [-0.5, 0.5]},
								"east": {"uv": [0.5, 0], "uv_size": [-0.5, 0.5]},
								"south": {"uv": [0.5, 0], "uv_size": [-0.5, 0.5]},
								"west": {"uv": [0.5, 0], "uv_size": [-0.5, 0.5]},
								"up": {"uv": [0, 0.5], "uv_size": [0.5, -0.5]},
								"down": {"uv": [0, 0.5], "uv_size": [0.5, -0.5]}
							}
						}
					]
				},
				{
					"name": "Propellers",
					"parent": "Plane",
					"pivot": [-0.06885, 2.43349, -7.8534],
					"cubes": [
						{
							"origin": [-0.36885, 2.05374, -7.80203],
							"size": [0.6, 0.6, 1.5625],
							"uv": {
								"north": {"uv": [44, 15], "uv_size": [0.5, 0.5]},
								"east": {"uv": [1, 42], "uv_size": [1.625, 0.5]},
								"south": {"uv": [16, 44], "uv_size": [0.5, 0.5]},
								"west": {"uv": [3, 42], "uv_size": [1.625, 0.5]},
								"up": {"uv": [33, 41], "uv_size": [0.5, 1.625]},
								"down": {"uv": [42, 5.625], "uv_size": [0.5, -1.625]}
							}
						},
						{
							"origin": [-0.71645, 2.35374, -7.52078],
							"size": [0.6, 2, 0.1],
							"pivot": [-0.34429, 2.6744, -7.37945],
							"rotation": [0, 0, -45],
							"uv": {
								"north": {"uv": [15, 42], "uv_size": [0.375, 2]},
								"east": {"uv": [44, 18], "uv_size": [0.125, 2]},
								"south": {"uv": [42, 18], "uv_size": [0.375, 2]},
								"west": {"uv": [19, 44], "uv_size": [0.125, 2]},
								"up": {"uv": [46, 14], "uv_size": [0.375, 0.125]},
								"down": {"uv": [46, 15.125], "uv_size": [0.375, -0.125]}
							}
						},
						{
							"origin": [-0.02125, 2.35374, -7.52078],
							"size": [0.6, 2, 0.1],
							"pivot": [0.20659, 2.6744, -7.37945],
							"rotation": [0, 0, 45],
							"uv": {
								"north": {"uv": [15.375, 42], "uv_size": [-0.375, 2]},
								"east": {"uv": [19.125, 44], "uv_size": [-0.125, 2]},
								"south": {"uv": [42.375, 18], "uv_size": [-0.375, 2]},
								"west": {"uv": [44.125, 18], "uv_size": [-0.125, 2]},
								"up": {"uv": [46.375, 14], "uv_size": [-0.375, 0.125]},
								"down": {"uv": [46.375, 15.125], "uv_size": [-0.375, -0.125]}
							}
						},
						{
							"origin": [-0.36885, 0.35374, -7.52078],
							"size": [0.6, 2, 0.1],
							"uv": {
								"north": {"uv": [32, 42], "uv_size": [0.375, 2]},
								"east": {"uv": [20, 44], "uv_size": [0.125, 2]},
								"south": {"uv": [42, 32], "uv_size": [0.375, 2]},
								"west": {"uv": [44, 20], "uv_size": [0.125, 2]},
								"up": {"uv": [17, 46], "uv_size": [0.375, 0.125]},
								"down": {"uv": [18, 46.125], "uv_size": [0.375, -0.125]}
							}
						}
					]
				}
			]
		}
	]
}