{
	"format_version": "1.12.0",
	"minecraft:geometry": [
		{
			"description": {
				"identifier": "geometry.arl_44",
				"texture_width": 64,
				"texture_height": 64,
				"visible_bounds_width": 2,
				"visible_bounds_height": 1.5,
				"visible_bounds_offset": [0, 0.25, 0]
			},
			"bones": [
				{
					"name": "Hull",
					"pivot": [0.26127, 2.3522, 3.45436],
					"cubes": [
						{
							"origin": [-1.5, 2.90625, 5.46875],
							"size": [3.4375, 0.28125, 1.5625],
							"pivot": [-1.5, 3.1875, 5.46875],
							"rotation": [-20, 0, 0],
							"uv": {
								"north": {"uv": [23, 28], "uv_size": [3.5, 0.25]},
								"east": {"uv": [34, 35], "uv_size": [1.5, 0.25]},
								"south": {"uv": [27, 28], "uv_size": [3.5, 0.25]},
								"west": {"uv": [35, 34], "uv_size": [1.5, 0.25]},
								"up": {"uv": [4, 12], "uv_size": [3.5, 1.5]},
								"down": {"uv": [12, 5.5], "uv_size": [3.5, -1.5]}
							}
						},
						{
							"origin": [-1.5, 1.53125, -2.6875],
							"size": [3.4375, 1.65625, 2.375],
							"pivot": [-1.5, 3.1875, -0.3125],
							"rotation": [55, 0, 0],
							"uv": {
								"north": {"uv": [12, 0], "uv_size": [3.5, 1.75]},
								"east": {"uv": [4, 14], "uv_size": [2.5, 1.75]},
								"south": {"uv": [12, 2], "uv_size": [3.5, 1.75]},
								"west": {"uv": [7, 14], "uv_size": [2.5, 1.75]},
								"up": {"uv": [8, 9], "uv_size": [3.5, 2.5]},
								"down": {"uv": [0, 14.5], "uv_size": [3.5, -2.5]}
							}
						},
						{
							"origin": [-1.5, -0.0487, 5.27833],
							"size": [3.4375, 2.4375, 1.5625],
							"pivot": [-1.5, 2.3888, 6.84083],
							"rotation": [-30, 0, 0],
							"uv": {
								"north": {"uv": [0, 9], "uv_size": [3.5, 2.5]},
								"east": {"uv": [14, 8], "uv_size": [1.5, 2.5]},
								"south": {"uv": [4, 9], "uv_size": [3.5, 2.5]},
								"west": {"uv": [10, 14], "uv_size": [1.5, 2.5]},
								"up": {"uv": [12, 6], "uv_size": [3.5, 1.5]},
								"down": {"uv": [8, 13.5], "uv_size": [3.5, -1.5]}
							}
						},
						{
							"origin": [-1.5, 0.28125, -0.3125],
							"size": [3.4375, 2.90625, 5.78125],
							"uv": {
								"north": {"uv": [8, 0], "uv_size": [3.5, 3]},
								"east": {"uv": [0, 6], "uv_size": [5.75, 3]},
								"south": {"uv": [8, 3], "uv_size": [3.5, 3]},
								"west": {"uv": [6, 6], "uv_size": [5.75, 3]},
								"up": {"uv": [0, 0], "uv_size": [3.5, 5.75]},
								"down": {"uv": [4, 5.75], "uv_size": [3.5, -5.75]}
							}
						},
						{
							"origin": [-1.5, 0.28125, 5.4375],
							"size": [3.4375, 0.3125, 0.1875],
							"uv": {
								"north": {"uv": [0, 29], "uv_size": [3.5, 0.25]},
								"east": {"uv": [43, 26], "uv_size": [0.25, 0.25]},
								"south": {"uv": [4, 29], "uv_size": [3.5, 0.25]},
								"west": {"uv": [27, 43], "uv_size": [0.25, 0.25]},
								"up": {"uv": [29, 7], "uv_size": [3.5, 0.25]},
								"down": {"uv": [8, 29.25], "uv_size": [3.5, -0.25]}
							}
						},
						{
							"origin": [-2.28125, 0.375, 0.59375],
							"size": [0.1875, 2.0625, 1.75],
							"uv": {
								"north": {"uv": [9, 33], "uv_size": [0.25, 2]},
								"east": {"uv": [16, 0], "uv_size": [1.75, 2]},
								"south": {"uv": [10, 33], "uv_size": [0.25, 2]},
								"west": {"uv": [16, 2], "uv_size": [1.75, 2]},
								"up": {"uv": [16, 34], "uv_size": [0.25, 1.75]},
								"down": {"uv": [18, 35.75], "uv_size": [0.25, -1.75]}
							}
						},
						{
							"origin": [2.59375, 0.375, 0.59375],
							"size": [0.1875, 2.0625, 1.75],
							"uv": {
								"north": {"uv": [26, 33], "uv_size": [0.25, 2]},
								"east": {"uv": [5, 16], "uv_size": [1.75, 2]},
								"south": {"uv": [33, 26], "uv_size": [0.25, 2]},
								"west": {"uv": [16, 6], "uv_size": [1.75, 2]},
								"up": {"uv": [34, 33], "uv_size": [0.25, 1.75]},
								"down": {"uv": [35, 1.75], "uv_size": [0.25, -1.75]}
							}
						},
						{
							"origin": [-2.28125, 0.375, -0.0625],
							"size": [0.1875, 1.8125, 0.65625],
							"uv": {
								"north": {"uv": [34, 21], "uv_size": [0.25, 1.75]},
								"east": {"uv": [25, 5], "uv_size": [0.75, 1.75]},
								"south": {"uv": [22, 34], "uv_size": [0.25, 1.75]},
								"west": {"uv": [7, 25], "uv_size": [0.75, 1.75]},
								"up": {"uv": [41, 27], "uv_size": [0.25, 0.75]},
								"down": {"uv": [28, 41.75], "uv_size": [0.25, -0.75]}
							}
						},
						{
							"origin": [2.59375, 0.375, -0.0625],
							"size": [0.1875, 1.8125, 0.65625],
							"uv": {
								"north": {"uv": [3, 35], "uv_size": [0.25, 1.75]},
								"east": {"uv": [25, 8], "uv_size": [0.75, 1.75]},
								"south": {"uv": [4, 35], "uv_size": [0.25, 1.75]},
								"west": {"uv": [10, 25], "uv_size": [0.75, 1.75]},
								"up": {"uv": [41, 30], "uv_size": [0.25, 0.75]},
								"down": {"uv": [31, 41.75], "uv_size": [0.25, -0.75]}
							}
						},
						{
							"origin": [-2.28125, 1.4375, -2.125],
							"size": [0.1875, 0.59375, 2.0625],
							"uv": {
								"north": {"uv": [21, 42], "uv_size": [0.25, 0.5]},
								"east": {"uv": [23, 27], "uv_size": [2, 0.5]},
								"south": {"uv": [42, 21], "uv_size": [0.25, 0.5]},
								"west": {"uv": [27, 23], "uv_size": [2, 0.5]},
								"up": {"uv": [33, 21], "uv_size": [0.25, 2]},
								"down": {"uv": [23, 35], "uv_size": [0.25, -2]}
							}
						},
						{
							"origin": [-1.53125, 1.4375, -2.125],
							"size": [0.09375, 0.59375, 2.0625],
							"uv": {
								"north": {"uv": [43, 18], "uv_size": [0.25, 0.5]},
								"east": {"uv": [28, 3], "uv_size": [2, 0.5]},
								"south": {"uv": [19, 43], "uv_size": [0.25, 0.5]},
								"west": {"uv": [4, 28], "uv_size": [2, 0.5]},
								"up": {"uv": [11, 34], "uv_size": [0.25, 2]},
								"down": {"uv": [12, 36], "uv_size": [0.25, -2]}
							}
						},
						{
							"origin": [1.875, 1.4375, -2.125],
							"size": [0.09375, 0.59375, 2.0625],
							"uv": {
								"north": {"uv": [43, 25], "uv_size": [0.25, 0.5]},
								"east": {"uv": [28, 4], "uv_size": [2, 0.5]},
								"south": {"uv": [26, 43], "uv_size": [0.25, 0.5]},
								"west": {"uv": [28, 5], "uv_size": [2, 0.5]},
								"up": {"uv": [34, 12], "uv_size": [0.25, 2]},
								"down": {"uv": [15, 36], "uv_size": [0.25, -2]}
							}
						},
						{
							"origin": [2.59375, 1.4375, -2.125],
							"size": [0.1875, 0.59375, 2.0625],
							"uv": {
								"north": {"uv": [26, 42], "uv_size": [0.25, 0.5]},
								"east": {"uv": [0, 28], "uv_size": [2, 0.5]},
								"south": {"uv": [42, 26], "uv_size": [0.25, 0.5]},
								"west": {"uv": [2, 28], "uv_size": [2, 0.5]},
								"up": {"uv": [31, 33], "uv_size": [0.25, 2]},
								"down": {"uv": [32, 35], "uv_size": [0.25, -2]}
							}
						},
						{
							"origin": [-2.28125, 0.375, 2.34375],
							"size": [0.1875, 1.84375, 1.9375],
							"uv": {
								"north": {"uv": [19, 34], "uv_size": [0.25, 1.75]},
								"east": {"uv": [3, 16], "uv_size": [2, 1.75]},
								"south": {"uv": [34, 19], "uv_size": [0.25, 1.75]},
								"west": {"uv": [16, 4], "uv_size": [2, 1.75]},
								"up": {"uv": [13, 33], "uv_size": [0.25, 2]},
								"down": {"uv": [14, 35], "uv_size": [0.25, -2]}
							}
						},
						{
							"origin": [2.59375, 0.375, 2.34375],
							"size": [0.1875, 1.84375, 1.9375],
							"uv": {
								"north": {"uv": [1, 35], "uv_size": [0.25, 1.75]},
								"east": {"uv": [7, 16], "uv_size": [2, 1.75]},
								"south": {"uv": [2, 35], "uv_size": [0.25, 1.75]},
								"west": {"uv": [16, 8], "uv_size": [2, 1.75]},
								"up": {"uv": [27, 33], "uv_size": [0.25, 2]},
								"down": {"uv": [30, 35], "uv_size": [0.25, -2]}
							}
						},
						{
							"origin": [-2.28125, 1.84375, 2.3125],
							"size": [0.1875, 0.375, 2.03125],
							"pivot": [-2.28125, 2.21875, 4.34375],
							"rotation": [-6, 0, 0],
							"uv": {
								"north": {"uv": [19, 42], "uv_size": [0.25, 0.5]},
								"east": {"uv": [27, 7], "uv_size": [2, 0.5]},
								"south": {"uv": [42, 19], "uv_size": [0.25, 0.5]},
								"west": {"uv": [21, 27], "uv_size": [2, 0.5]},
								"up": {"uv": [17, 33], "uv_size": [0.25, 2]},
								"down": {"uv": [33, 21], "uv_size": [0.25, -2]}
							}
						},
						{
							"origin": [2.59375, 1.84375, 2.3125],
							"size": [0.1875, 0.375, 2.03125],
							"pivot": [2.78125, 2.21875, 4.34375],
							"rotation": [-6, 0, 0],
							"uv": {
								"north": {"uv": [24, 42], "uv_size": [0.25, 0.5]},
								"east": {"uv": [25, 27], "uv_size": [2, 0.5]},
								"south": {"uv": [42, 24], "uv_size": [0.25, 0.5]},
								"west": {"uv": [27, 27], "uv_size": [2, 0.5]},
								"up": {"uv": [24, 33], "uv_size": [0.25, 2]},
								"down": {"uv": [25, 35], "uv_size": [0.25, -2]}
							}
						},
						{
							"origin": [-2.28125, 2.0625, -1.78125],
							"size": [0.1875, 0.375, 2.375],
							"pivot": [-2.28125, 2.4375, 0.59375],
							"rotation": [3.5, 0, 0],
							"uv": {
								"north": {"uv": [20, 42], "uv_size": [0.25, 0.5]},
								"east": {"uv": [25, 10], "uv_size": [2.5, 0.5]},
								"south": {"uv": [42, 20], "uv_size": [0.25, 0.5]},
								"west": {"uv": [25, 12], "uv_size": [2.5, 0.5]},
								"up": {"uv": [1, 31], "uv_size": [0.25, 2.5]},
								"down": {"uv": [2, 33.5], "uv_size": [0.25, -2.5]}
							}
						},
						{
							"origin": [-1.53125, 2.0625, -1.78125],
							"size": [0.09375, 0.375, 2.375],
							"pivot": [-1.53125, 2.4375, 0.59375],
							"rotation": [3.5, 0, 0],
							"uv": {
								"north": {"uv": [43, 21], "uv_size": [0.25, 0.5]},
								"east": {"uv": [14, 26], "uv_size": [2.5, 0.5]},
								"south": {"uv": [22, 43], "uv_size": [0.25, 0.5]},
								"west": {"uv": [26, 15], "uv_size": [2.5, 0.5]},
								"up": {"uv": [28, 32], "uv_size": [0.25, 2.5]},
								"down": {"uv": [29, 34.5], "uv_size": [0.25, -2.5]}
							}
						},
						{
							"origin": [1.875, 2.0625, -1.78125],
							"size": [0.09375, 0.375, 2.375],
							"pivot": [1.96875, 2.4375, 0.59375],
							"rotation": [3.5, 0, 0],
							"uv": {
								"north": {"uv": [43, 22], "uv_size": [0.25, 0.5]},
								"east": {"uv": [26, 16], "uv_size": [2.5, 0.5]},
								"south": {"uv": [23, 43], "uv_size": [0.25, 0.5]},
								"west": {"uv": [26, 17], "uv_size": [2.5, 0.5]},
								"up": {"uv": [0, 33], "uv_size": [0.25, 2.5]},
								"down": {"uv": [33, 2.5], "uv_size": [0.25, -2.5]}
							}
						},
						{
							"origin": [2.59375, 2.0625, -1.78125],
							"size": [0.1875, 0.375, 2.375],
							"pivot": [2.78125, 2.4375, 0.59375],
							"rotation": [3.5, 0, 0],
							"uv": {
								"north": {"uv": [25, 42], "uv_size": [0.25, 0.5]},
								"east": {"uv": [25, 13], "uv_size": [2.5, 0.5]},
								"south": {"uv": [42, 25], "uv_size": [0.25, 0.5]},
								"west": {"uv": [25, 14], "uv_size": [2.5, 0.5]},
								"up": {"uv": [3, 31], "uv_size": [0.25, 2.5]},
								"down": {"uv": [4, 33.5], "uv_size": [0.25, -2.5]}
							}
						},
						{
							"origin": [-1.53125, 1.91751, -2.21432],
							"size": [0.09375, 0.375, 0.4375],
							"pivot": [-1.53125, 2.29251, -1.77682],
							"rotation": [38.5, 0, 0],
							"uv": {
								"north": {"uv": [22, 42], "uv_size": [0.25, 0.5]},
								"east": {"uv": [39, 29], "uv_size": [0.5, 0.5]},
								"south": {"uv": [42, 22], "uv_size": [0.25, 0.5]},
								"west": {"uv": [39, 30], "uv_size": [0.5, 0.5]},
								"up": {"uv": [23, 42], "uv_size": [0.25, 0.5]},
								"down": {"uv": [42, 23.5], "uv_size": [0.25, -0.5]}
							}
						},
						{
							"origin": [1.875, 1.91751, -2.21432],
							"size": [0.09375, 0.375, 0.4375],
							"pivot": [1.875, 2.29251, -1.77682],
							"rotation": [38.5, 0, 0],
							"uv": {
								"north": {"uv": [43, 23], "uv_size": [0.25, 0.5]},
								"east": {"uv": [41, 24], "uv_size": [0.5, 0.5]},
								"south": {"uv": [24, 43], "uv_size": [0.25, 0.5]},
								"west": {"uv": [25, 41], "uv_size": [0.5, 0.5]},
								"up": {"uv": [43, 24], "uv_size": [0.25, 0.5]},
								"down": {"uv": [25, 43.5], "uv_size": [0.25, -0.5]}
							}
						},
						{
							"origin": [-2.28125, 1.91751, -2.21432],
							"size": [0.1875, 0.375, 0.4375],
							"pivot": [-2.28125, 2.29251, -1.77682],
							"rotation": [38.5, 0, 0],
							"uv": {
								"north": {"uv": [43, 19], "uv_size": [0.25, 0.5]},
								"east": {"uv": [41, 22], "uv_size": [0.5, 0.5]},
								"south": {"uv": [20, 43], "uv_size": [0.25, 0.5]},
								"west": {"uv": [23, 41], "uv_size": [0.5, 0.5]},
								"up": {"uv": [43, 20], "uv_size": [0.25, 0.5]},
								"down": {"uv": [21, 43.5], "uv_size": [0.25, -0.5]}
							}
						},
						{
							"origin": [2.59375, 1.91751, -2.21432],
							"size": [0.1875, 0.375, 0.4375],
							"pivot": [2.78125, 2.29251, -1.77682],
							"rotation": [38.5, 0, 0],
							"uv": {
								"north": {"uv": [27, 42], "uv_size": [0.25, 0.5]},
								"east": {"uv": [39, 33], "uv_size": [0.5, 0.5]},
								"south": {"uv": [42, 27], "uv_size": [0.25, 0.5]},
								"west": {"uv": [34, 39], "uv_size": [0.5, 0.5]},
								"up": {"uv": [28, 42], "uv_size": [0.25, 0.5]},
								"down": {"uv": [42, 28.5], "uv_size": [0.25, -0.5]}
							}
						},
						{
							"origin": [-2.28125, 0.375, -0.8125],
							"size": [0.1875, 1.03125, 0.75],
							"pivot": [-2.28125, 0.375, -0.0625],
							"rotation": [-13.5, 0, 0],
							"uv": {
								"north": {"uv": [39, 25], "uv_size": [0.25, 1]},
								"east": {"uv": [21, 2], "uv_size": [0.75, 1]},
								"south": {"uv": [39, 26], "uv_size": [0.25, 1]},
								"west": {"uv": [17, 21], "uv_size": [0.75, 1]},
								"up": {"uv": [41, 28], "uv_size": [0.25, 0.75]},
								"down": {"uv": [29, 41.75], "uv_size": [0.25, -0.75]}
							}
						},
						{
							"origin": [2.59375, 0.375, -0.8125],
							"size": [0.1875, 1.03125, 0.75],
							"pivot": [2.78125, 0.375, -0.0625],
							"rotation": [-13.5, 0, 0],
							"uv": {
								"north": {"uv": [39, 34], "uv_size": [0.25, 1]},
								"east": {"uv": [9, 23], "uv_size": [0.75, 1]},
								"south": {"uv": [35, 39], "uv_size": [0.25, 1]},
								"west": {"uv": [11, 28], "uv_size": [0.75, 1]},
								"up": {"uv": [41, 31], "uv_size": [0.25, 0.75]},
								"down": {"uv": [32, 41.75], "uv_size": [0.25, -0.75]}
							}
						},
						{
							"origin": [-2.28125, 0.55008, -2.38553],
							"size": [0.1875, 1.0625, 1.59375],
							"pivot": [-2.28125, 0.55008, -0.79178],
							"rotation": [-33.5, 0, 0],
							"uv": {
								"north": {"uv": [39, 27], "uv_size": [0.25, 1]},
								"east": {"uv": [23, 10], "uv_size": [1.5, 1]},
								"south": {"uv": [39, 28], "uv_size": [0.25, 1]},
								"west": {"uv": [4, 24], "uv_size": [1.5, 1]},
								"up": {"uv": [0, 36], "uv_size": [0.25, 1.5]},
								"down": {"uv": [36, 1.5], "uv_size": [0.25, -1.5]}
							}
						},
						{
							"origin": [-1.53125, 0.55008, -2.38553],
							"size": [0.09375, 1.0625, 1.59375],
							"pivot": [-1.53125, 0.55008, -0.79178],
							"rotation": [-33.5, 0, 0],
							"uv": {
								"north": {"uv": [41, 23], "uv_size": [0.25, 1]},
								"east": {"uv": [22, 24], "uv_size": [1.5, 1]},
								"south": {"uv": [24, 41], "uv_size": [0.25, 1]},
								"west": {"uv": [24, 24], "uv_size": [1.5, 1]},
								"up": {"uv": [38, 1], "uv_size": [0.25, 1.5]},
								"down": {"uv": [2, 39.5], "uv_size": [0.25, -1.5]}
							}
						},
						{
							"origin": [1.875, 0.55008, -2.38553],
							"size": [0.09375, 1.0625, 1.59375],
							"pivot": [1.875, 0.55008, -0.79178],
							"rotation": [-33.5, 0, 0],
							"uv": {
								"north": {"uv": [41, 25], "uv_size": [0.25, 1]},
								"east": {"uv": [25, 0], "uv_size": [1.5, 1]},
								"south": {"uv": [26, 41], "uv_size": [0.25, 1]},
								"west": {"uv": [25, 1], "uv_size": [1.5, 1]},
								"up": {"uv": [3, 38], "uv_size": [0.25, 1.5]},
								"down": {"uv": [38, 4.5], "uv_size": [0.25, -1.5]}
							}
						},
						{
							"origin": [2.59375, 0.55008, -2.38553],
							"size": [0.1875, 1.0625, 1.59375],
							"pivot": [2.78125, 0.55008, -0.79178],
							"rotation": [-33.5, 0, 0],
							"uv": {
								"north": {"uv": [39, 31], "uv_size": [0.25, 1]},
								"east": {"uv": [9, 24], "uv_size": [1.5, 1]},
								"south": {"uv": [39, 32], "uv_size": [0.25, 1]},
								"west": {"uv": [24, 11], "uv_size": [1.5, 1]},
								"up": {"uv": [36, 3], "uv_size": [0.25, 1.5]},
								"down": {"uv": [6, 37.5], "uv_size": [0.25, -1.5]}
							}
						},
						{
							"origin": [-2.28125, 2.21875, 2.625],
							"size": [0.1875, 0.6875, 1.71875],
							"pivot": [-2.28125, 2.21875, 4.34375],
							"rotation": [110, 0, 0],
							"uv": {
								"north": {"uv": [41, 26], "uv_size": [0.25, 0.75]},
								"east": {"uv": [4, 25], "uv_size": [1.75, 0.75]},
								"south": {"uv": [27, 41], "uv_size": [0.25, 0.75]},
								"west": {"uv": [25, 4], "uv_size": [1.75, 0.75]},
								"up": {"uv": [20, 34], "uv_size": [0.25, 1.75]},
								"down": {"uv": [21, 35.75], "uv_size": [0.25, -1.75]}
							}
						},
						{
							"origin": [2.59375, 2.21875, 2.625],
							"size": [0.1875, 0.6875, 1.71875],
							"pivot": [2.78125, 2.21875, 4.34375],
							"rotation": [110, 0, 0],
							"uv": {
								"north": {"uv": [41, 29], "uv_size": [0.25, 0.75]},
								"east": {"uv": [25, 7], "uv_size": [1.75, 0.75]},
								"south": {"uv": [30, 41], "uv_size": [0.25, 0.75]},
								"west": {"uv": [8, 25], "uv_size": [1.75, 0.75]},
								"up": {"uv": [34, 26], "uv_size": [0.25, 1.75]},
								"down": {"uv": [33, 35.75], "uv_size": [0.25, -1.75]}
							}
						},
						{
							"origin": [-2.28125, 3.03125, -0.375],
							"size": [0.8125, 0.0625, 3.625],
							"uv": {
								"north": {"uv": [41, 39], "uv_size": [0.75, 0.25]},
								"east": {"uv": [28, 10], "uv_size": [3.75, 0.25]},
								"south": {"uv": [40, 41], "uv_size": [0.75, 0.25]},
								"west": {"uv": [28, 12], "uv_size": [3.75, 0.25]},
								"up": {"uv": [17, 14], "uv_size": [0.75, 3.75]},
								"down": {"uv": [18, 3.75], "uv_size": [0.75, -3.75]}
							}
						},
						{
							"origin": [2, 3.03125, -0.375],
							"size": [0.8125, 0.0625, 3.625],
							"uv": {
								"north": {"uv": [1, 42], "uv_size": [0.75, 0.25]},
								"east": {"uv": [28, 13], "uv_size": [3.75, 0.25]},
								"south": {"uv": [42, 1], "uv_size": [0.75, 0.25]},
								"west": {"uv": [28, 14], "uv_size": [3.75, 0.25]},
								"up": {"uv": [3, 18], "uv_size": [0.75, 3.75]},
								"down": {"uv": [4, 21.75], "uv_size": [0.75, -3.75]}
							}
						},
						{
							"origin": [-2.28125, 3.03125, 3.25],
							"size": [0.84375, 0.0625, 2.28125],
							"pivot": [-2.28125, 3.09375, 3.25],
							"rotation": [-10, 0, 0],
							"uv": {
								"north": {"uv": [41, 40], "uv_size": [0.75, 0.25]},
								"east": {"uv": [33, 11], "uv_size": [2.25, 0.25]},
								"south": {"uv": [41, 41], "uv_size": [0.75, 0.25]},
								"west": {"uv": [33, 14], "uv_size": [2.25, 0.25]},
								"up": {"uv": [18, 22], "uv_size": [0.75, 2.25]},
								"down": {"uv": [22, 20.25], "uv_size": [0.75, -2.25]}
							}
						},
						{
							"origin": [-2.28125, 2.82854, 4.46037],
							"size": [0.84375, 0.4375, 0.125],
							"uv": {
								"north": {"uv": [37, 2], "uv_size": [0.75, 0.5]},
								"east": {"uv": [43, 6], "uv_size": [0.25, 0.5]},
								"south": {"uv": [3, 37], "uv_size": [0.75, 0.5]},
								"west": {"uv": [7, 43], "uv_size": [0.25, 0.5]},
								"up": {"uv": [6, 42], "uv_size": [0.75, 0.25]},
								"down": {"uv": [42, 6.25], "uv_size": [0.75, -0.25]}
							}
						},
						{
							"origin": [1.96875, 2.82854, 4.46037],
							"size": [0.84375, 0.4375, 0.125],
							"uv": {
								"north": {"uv": [37, 19], "uv_size": [0.75, 0.5]},
								"east": {"uv": [43, 13], "uv_size": [0.25, 0.5]},
								"south": {"uv": [37, 20], "uv_size": [0.75, 0.5]},
								"west": {"uv": [14, 43], "uv_size": [0.25, 0.5]},
								"up": {"uv": [14, 42], "uv_size": [0.75, 0.25]},
								"down": {"uv": [42, 14.25], "uv_size": [0.75, -0.25]}
							}
						},
						{
							"origin": [-2.28125, 2.92229, 3.89787],
							"size": [0.84375, 0.4375, 0.125],
							"uv": {
								"north": {"uv": [14, 37], "uv_size": [0.75, 0.5]},
								"east": {"uv": [43, 11], "uv_size": [0.25, 0.5]},
								"south": {"uv": [37, 14], "uv_size": [0.75, 0.5]},
								"west": {"uv": [12, 43], "uv_size": [0.25, 0.5]},
								"up": {"uv": [12, 42], "uv_size": [0.75, 0.25]},
								"down": {"uv": [42, 12.25], "uv_size": [0.75, -0.25]}
							}
						},
						{
							"origin": [1.96875, 2.92229, 3.89787],
							"size": [0.84375, 0.4375, 0.125],
							"uv": {
								"north": {"uv": [37, 17], "uv_size": [0.75, 0.5]},
								"east": {"uv": [43, 12], "uv_size": [0.25, 0.5]},
								"south": {"uv": [37, 18], "uv_size": [0.75, 0.5]},
								"west": {"uv": [13, 43], "uv_size": [0.25, 0.5]},
								"up": {"uv": [13, 42], "uv_size": [0.75, 0.25]},
								"down": {"uv": [42, 13.25], "uv_size": [0.75, -0.25]}
							}
						},
						{
							"origin": [-2.28125, 2.76604, 4.99162],
							"size": [0.84375, 0.375, 0.125],
							"uv": {
								"north": {"uv": [37, 3], "uv_size": [0.75, 0.5]},
								"east": {"uv": [43, 7], "uv_size": [0.25, 0.5]},
								"south": {"uv": [4, 37], "uv_size": [0.75, 0.5]},
								"west": {"uv": [8, 43], "uv_size": [0.25, 0.5]},
								"up": {"uv": [7, 42], "uv_size": [0.75, 0.25]},
								"down": {"uv": [42, 7.25], "uv_size": [0.75, -0.25]}
							}
						},
						{
							"origin": [1.96875, 2.76604, 4.99162],
							"size": [0.84375, 0.375, 0.125],
							"uv": {
								"north": {"uv": [37, 21], "uv_size": [0.75, 0.5]},
								"east": {"uv": [43, 14], "uv_size": [0.25, 0.5]},
								"south": {"uv": [37, 22], "uv_size": [0.75, 0.5]},
								"west": {"uv": [15, 43], "uv_size": [0.25, 0.5]},
								"up": {"uv": [15, 42], "uv_size": [0.75, 0.25]},
								"down": {"uv": [42, 15.25], "uv_size": [0.75, -0.25]}
							}
						},
						{
							"origin": [-2.28125, 2.64104, 5.49162],
							"size": [0.84375, 0.375, 0.125],
							"uv": {
								"north": {"uv": [37, 4], "uv_size": [0.75, 0.5]},
								"east": {"uv": [43, 8], "uv_size": [0.25, 0.5]},
								"south": {"uv": [5, 37], "uv_size": [0.75, 0.5]},
								"west": {"uv": [9, 43], "uv_size": [0.25, 0.5]},
								"up": {"uv": [8, 42], "uv_size": [0.75, 0.25]},
								"down": {"uv": [42, 8.25], "uv_size": [0.75, -0.25]}
							}
						},
						{
							"origin": [1.96875, 2.64104, 5.49162],
							"size": [0.84375, 0.375, 0.125],
							"uv": {
								"north": {"uv": [23, 37], "uv_size": [0.75, 0.5]},
								"east": {"uv": [43, 15], "uv_size": [0.25, 0.5]},
								"south": {"uv": [37, 23], "uv_size": [0.75, 0.5]},
								"west": {"uv": [16, 43], "uv_size": [0.25, 0.5]},
								"up": {"uv": [16, 42], "uv_size": [0.75, 0.25]},
								"down": {"uv": [42, 16.25], "uv_size": [0.75, -0.25]}
							}
						},
						{
							"origin": [-2.28125, 2.42229, 6.02287],
							"size": [0.84375, 0.40625, 0.125],
							"uv": {
								"north": {"uv": [37, 6], "uv_size": [0.75, 0.5]},
								"east": {"uv": [43, 9], "uv_size": [0.25, 0.5]},
								"south": {"uv": [8, 37], "uv_size": [0.75, 0.5]},
								"west": {"uv": [10, 43], "uv_size": [0.25, 0.5]},
								"up": {"uv": [9, 42], "uv_size": [0.75, 0.25]},
								"down": {"uv": [42, 9.25], "uv_size": [0.75, -0.25]}
							}
						},
						{
							"origin": [1.96875, 2.42229, 6.02287],
							"size": [0.84375, 0.40625, 0.125],
							"uv": {
								"north": {"uv": [37, 24], "uv_size": [0.75, 0.5]},
								"east": {"uv": [43, 16], "uv_size": [0.25, 0.5]},
								"south": {"uv": [37, 25], "uv_size": [0.75, 0.5]},
								"west": {"uv": [17, 43], "uv_size": [0.25, 0.5]},
								"up": {"uv": [17, 42], "uv_size": [0.75, 0.25]},
								"down": {"uv": [42, 17.25], "uv_size": [0.75, -0.25]}
							}
						},
						{
							"origin": [-2.21875, 2.32894, 4.9999],
							"size": [0.15625, 0.25, 1.625],
							"pivot": [-2.21875, 2.57894, 6.6249],
							"rotation": [-20, 0, 0],
							"uv": {
								"north": {"uv": [43, 41], "uv_size": [0.25, 0.25]},
								"east": {"uv": [34, 10], "uv_size": [1.75, 0.25]},
								"south": {"uv": [42, 43], "uv_size": [0.25, 0.25]},
								"west": {"uv": [34, 28], "uv_size": [1.75, 0.25]},
								"up": {"uv": [35, 4], "uv_size": [0.25, 1.75]},
								"down": {"uv": [5, 36.75], "uv_size": [0.25, -1.75]}
							}
						},
						{
							"origin": [2.625, 2.32894, 4.9999],
							"size": [0.15625, 0.25, 1.625],
							"pivot": [2.78125, 2.57894, 6.6249],
							"rotation": [-20, 0, 0],
							"uv": {
								"north": {"uv": [12, 44], "uv_size": [0.25, 0.25]},
								"east": {"uv": [35, 20], "uv_size": [1.75, 0.25]},
								"south": {"uv": [44, 12], "uv_size": [0.25, 0.25]},
								"west": {"uv": [35, 21], "uv_size": [1.75, 0.25]},
								"up": {"uv": [35, 22], "uv_size": [0.25, 1.75]},
								"down": {"uv": [23, 36.75], "uv_size": [0.25, -1.75]}
							}
						},
						{
							"origin": [-2.03125, 2.32894, 4.9999],
							"size": [0.15625, 0.25, 1.625],
							"pivot": [-2.03125, 2.57894, 6.6249],
							"rotation": [-20, 0, 0],
							"uv": {
								"north": {"uv": [0, 44], "uv_size": [0.25, 0.25]},
								"east": {"uv": [35, 2], "uv_size": [1.75, 0.25]},
								"south": {"uv": [44, 0], "uv_size": [0.25, 0.25]},
								"west": {"uv": [6, 35], "uv_size": [1.75, 0.25]},
								"up": {"uv": [8, 35], "uv_size": [0.25, 1.75]},
								"down": {"uv": [9, 36.75], "uv_size": [0.25, -1.75]}
							}
						},
						{
							"origin": [2.4375, 2.32894, 4.9999],
							"size": [0.15625, 0.25, 1.625],
							"pivot": [2.59375, 2.57894, 6.6249],
							"rotation": [-20, 0, 0],
							"uv": {
								"north": {"uv": [13, 44], "uv_size": [0.25, 0.25]},
								"east": {"uv": [24, 35], "uv_size": [1.75, 0.25]},
								"south": {"uv": [44, 13], "uv_size": [0.25, 0.25]},
								"west": {"uv": [35, 24], "uv_size": [1.75, 0.25]},
								"up": {"uv": [35, 25], "uv_size": [0.25, 1.75]},
								"down": {"uv": [26, 36.75], "uv_size": [0.25, -1.75]}
							}
						},
						{
							"origin": [-1.84375, 2.32894, 4.9999],
							"size": [0.15625, 0.25, 1.625],
							"pivot": [-1.84375, 2.57894, 6.6249],
							"rotation": [-20, 0, 0],
							"uv": {
								"north": {"uv": [1, 44], "uv_size": [0.25, 0.25]},
								"east": {"uv": [35, 6], "uv_size": [1.75, 0.25]},
								"south": {"uv": [44, 1], "uv_size": [0.25, 0.25]},
								"west": {"uv": [35, 12], "uv_size": [1.75, 0.25]},
								"up": {"uv": [10, 35], "uv_size": [0.25, 1.75]},
								"down": {"uv": [13, 36.75], "uv_size": [0.25, -1.75]}
							}
						},
						{
							"origin": [2.25, 2.32894, 4.9999],
							"size": [0.15625, 0.25, 1.625],
							"pivot": [2.40625, 2.57894, 6.6249],
							"rotation": [-20, 0, 0],
							"uv": {
								"north": {"uv": [14, 44], "uv_size": [0.25, 0.25]},
								"east": {"uv": [27, 35], "uv_size": [1.75, 0.25]},
								"south": {"uv": [44, 14], "uv_size": [0.25, 0.25]},
								"west": {"uv": [35, 27], "uv_size": [1.75, 0.25]},
								"up": {"uv": [29, 35], "uv_size": [0.25, 1.75]},
								"down": {"uv": [35, 30.75], "uv_size": [0.25, -1.75]}
							}
						},
						{
							"origin": [-1.65625, 2.32894, 4.9999],
							"size": [0.15625, 0.25, 1.625],
							"pivot": [-1.65625, 2.57894, 6.6249],
							"rotation": [-20, 0, 0],
							"uv": {
								"north": {"uv": [2, 44], "uv_size": [0.25, 0.25]},
								"east": {"uv": [35, 13], "uv_size": [1.75, 0.25]},
								"south": {"uv": [44, 2], "uv_size": [0.25, 0.25]},
								"west": {"uv": [35, 19], "uv_size": [1.75, 0.25]},
								"up": {"uv": [14, 35], "uv_size": [0.25, 1.75]},
								"down": {"uv": [17, 36.75], "uv_size": [0.25, -1.75]}
							}
						},
						{
							"origin": [2.0625, 2.32894, 4.9999],
							"size": [0.15625, 0.25, 1.625],
							"pivot": [2.21875, 2.57894, 6.6249],
							"rotation": [-20, 0, 0],
							"uv": {
								"north": {"uv": [15, 44], "uv_size": [0.25, 0.25]},
								"east": {"uv": [30, 35], "uv_size": [1.75, 0.25]},
								"south": {"uv": [44, 15], "uv_size": [0.25, 0.25]},
								"west": {"uv": [35, 31], "uv_size": [1.75, 0.25]},
								"up": {"uv": [32, 35], "uv_size": [0.25, 1.75]},
								"down": {"uv": [35, 33.75], "uv_size": [0.25, -1.75]}
							}
						},
						{
							"origin": [-2.21875, 2.86019, 3.5624],
							"size": [0.15625, 0.25, 1.46875],
							"pivot": [-2.21875, 3.11019, 5.03115],
							"rotation": [-7.5, 0, 0],
							"uv": {
								"north": {"uv": [43, 42], "uv_size": [0.25, 0.25]},
								"east": {"uv": [37, 10], "uv_size": [1.5, 0.25]},
								"south": {"uv": [43, 43], "uv_size": [0.25, 0.25]},
								"west": {"uv": [37, 11], "uv_size": [1.5, 0.25]},
								"up": {"uv": [37, 12], "uv_size": [0.25, 1.5]},
								"down": {"uv": [13, 38.5], "uv_size": [0.25, -1.5]}
							}
						},
						{
							"origin": [2.625, 2.86019, 3.5624],
							"size": [0.15625, 0.25, 1.46875],
							"pivot": [2.78125, 3.11019, 5.03115],
							"rotation": [-7.5, 0, 0],
							"uv": {
								"north": {"uv": [10, 44], "uv_size": [0.25, 0.25]},
								"east": {"uv": [37, 15], "uv_size": [1.5, 0.25]},
								"south": {"uv": [44, 10], "uv_size": [0.25, 0.25]},
								"west": {"uv": [37, 16], "uv_size": [1.5, 0.25]},
								"up": {"uv": [15, 37], "uv_size": [0.25, 1.5]},
								"down": {"uv": [17, 38.5], "uv_size": [0.25, -1.5]}
							}
						},
						{
							"origin": [-2.21875, 3.0519, 3.41872],
							"size": [5, 0.25, 0.15625],
							"uv": {
								"north": {"uv": [26, 6], "uv_size": [5, 0.25]},
								"east": {"uv": [6, 44], "uv_size": [0.25, 0.25]},
								"south": {"uv": [26, 8], "uv_size": [5, 0.25]},
								"west": {"uv": [44, 6], "uv_size": [0.25, 0.25]},
								"up": {"uv": [26, 9], "uv_size": [5, 0.25]},
								"down": {"uv": [26, 11.25], "uv_size": [5, -0.25]}
							}
						},
						{
							"origin": [-2.03125, 3.02743, 3.60461],
							"size": [4.625, 0.25, 0.15625],
							"uv": {
								"north": {"uv": [26, 22], "uv_size": [4.75, 0.25]},
								"east": {"uv": [7, 44], "uv_size": [0.25, 0.25]},
								"south": {"uv": [26, 24], "uv_size": [4.75, 0.25]},
								"west": {"uv": [44, 7], "uv_size": [0.25, 0.25]},
								"up": {"uv": [26, 25], "uv_size": [4.75, 0.25]},
								"down": {"uv": [26, 26.25], "uv_size": [4.75, -0.25]}
							}
						},
						{
							"origin": [-1.84375, 2.86019, 3.7499],
							"size": [0.15625, 0.25, 1.28125],
							"pivot": [-1.84375, 3.11019, 5.03115],
							"rotation": [-7.5, 0, 0],
							"uv": {
								"north": {"uv": [3, 44], "uv_size": [0.25, 0.25]},
								"east": {"uv": [38, 35], "uv_size": [1.25, 0.25]},
								"south": {"uv": [44, 3], "uv_size": [0.25, 0.25]},
								"west": {"uv": [36, 38], "uv_size": [1.25, 0.25]},
								"up": {"uv": [38, 36], "uv_size": [0.25, 1.25]},
								"down": {"uv": [38, 39.25], "uv_size": [0.25, -1.25]}
							}
						},
						{
							"origin": [2.25, 2.86019, 3.7499],
							"size": [0.15625, 0.25, 1.28125],
							"pivot": [2.40625, 3.11019, 5.03115],
							"rotation": [-7.5, 0, 0],
							"uv": {
								"north": {"uv": [8, 44], "uv_size": [0.25, 0.25]},
								"east": {"uv": [39, 10], "uv_size": [1.25, 0.25]},
								"south": {"uv": [44, 8], "uv_size": [0.25, 0.25]},
								"west": {"uv": [39, 11], "uv_size": [1.25, 0.25]},
								"up": {"uv": [13, 39], "uv_size": [0.25, 1.25]},
								"down": {"uv": [15, 40.25], "uv_size": [0.25, -1.25]}
							}
						},
						{
							"origin": [2.4375, 2.86019, 3.7499],
							"size": [0.15625, 0.25, 1.28125],
							"pivot": [2.59375, 3.11019, 5.03115],
							"rotation": [-7.5, 0, 0],
							"uv": {
								"north": {"uv": [8, 44], "uv_size": [0.25, 0.25]},
								"east": {"uv": [39, 10], "uv_size": [1.25, 0.25]},
								"south": {"uv": [44, 8], "uv_size": [0.25, 0.25]},
								"west": {"uv": [39, 11], "uv_size": [1.25, 0.25]},
								"up": {"uv": [13, 39], "uv_size": [0.25, 1.25]},
								"down": {"uv": [15, 40.25], "uv_size": [0.25, -1.25]}
							}
						},
						{
							"origin": [-1.65625, 2.86019, 3.7499],
							"size": [0.15625, 0.25, 1.2813],
							"pivot": [-1.65625, 3.11019, 5.03115],
							"rotation": [-7.5, 0, 0],
							"uv": {
								"north": {"uv": [5, 44], "uv_size": [0.25, 0.25]},
								"east": {"uv": [4, 39], "uv_size": [1.25, 0.25]},
								"south": {"uv": [44, 5], "uv_size": [0.25, 0.25]},
								"west": {"uv": [6, 39], "uv_size": [1.25, 0.25]},
								"up": {"uv": [8, 39], "uv_size": [0.25, 1.25]},
								"down": {"uv": [9, 40.25], "uv_size": [0.25, -1.25]}
							}
						},
						{
							"origin": [2.0625, 2.86019, 3.7499],
							"size": [0.15625, 0.25, 1.2813],
							"pivot": [2.21875, 3.11019, 5.03115],
							"rotation": [-7.5, 0, 0],
							"uv": {
								"north": {"uv": [11, 44], "uv_size": [0.25, 0.25]},
								"east": {"uv": [39, 19], "uv_size": [1.25, 0.25]},
								"south": {"uv": [44, 11], "uv_size": [0.25, 0.25]},
								"west": {"uv": [39, 20], "uv_size": [1.25, 0.25]},
								"up": {"uv": [39, 21], "uv_size": [0.25, 1.25]},
								"down": {"uv": [39, 24.25], "uv_size": [0.25, -1.25]}
							}
						},
						{
							"origin": [-2.03125, 2.86019, 3.7499],
							"size": [0.15625, 0.25, 1.28125],
							"pivot": [-2.03125, 3.11019, 5.03115],
							"rotation": [-7.5, 0, 0],
							"uv": {
								"north": {"uv": [4, 44], "uv_size": [0.25, 0.25]},
								"east": {"uv": [0, 39], "uv_size": [1.25, 0.25]},
								"south": {"uv": [44, 4], "uv_size": [0.25, 0.25]},
								"west": {"uv": [39, 0], "uv_size": [1.25, 0.25]},
								"up": {"uv": [39, 1], "uv_size": [0.25, 1.25]},
								"down": {"uv": [39, 4.25], "uv_size": [0.25, -1.25]}
							}
						},
						{
							"origin": [2.4375, 2.51644, 3.7499],
							"size": [0.15625, 0.25, 1.28125],
							"pivot": [2.59375, 3.11019, 5.03115],
							"rotation": [-7.5, 0, 0],
							"uv": {
								"north": {"uv": [9, 44], "uv_size": [0.25, 0.25]},
								"east": {"uv": [39, 15], "uv_size": [1.25, 0.25]},
								"south": {"uv": [44, 9], "uv_size": [0.25, 0.25]},
								"west": {"uv": [39, 16], "uv_size": [1.25, 0.25]},
								"up": {"uv": [17, 39], "uv_size": [0.25, 1.25]},
								"down": {"uv": [39, 18.25], "uv_size": [0.25, -1.25]}
							}
						},
						{
							"origin": [-2.28125, 2.23479, 6.52287],
							"size": [0.84375, 0.375, 0.125],
							"pivot": [-1.85937, 2.42229, 6.58537],
							"rotation": [-17.5, 0, 0],
							"uv": {
								"north": {"uv": [9, 37], "uv_size": [0.75, 0.5]},
								"east": {"uv": [43, 10], "uv_size": [0.25, 0.5]},
								"south": {"uv": [10, 37], "uv_size": [0.75, 0.5]},
								"west": {"uv": [11, 43], "uv_size": [0.25, 0.5]},
								"up": {"uv": [10, 42], "uv_size": [0.75, 0.25]},
								"down": {"uv": [42, 10.25], "uv_size": [0.75, -0.25]}
							}
						},
						{
							"origin": [1.96875, 2.23479, 6.52287],
							"size": [0.84375, 0.375, 0.125],
							"pivot": [2.39063, 2.42229, 6.58537],
							"rotation": [-17.5, 0, 0],
							"uv": {
								"north": {"uv": [26, 37], "uv_size": [0.75, 0.5]},
								"east": {"uv": [43, 17], "uv_size": [0.25, 0.5]},
								"south": {"uv": [37, 26], "uv_size": [0.75, 0.5]},
								"west": {"uv": [18, 43], "uv_size": [0.25, 0.5]},
								"up": {"uv": [18, 42], "uv_size": [0.75, 0.25]},
								"down": {"uv": [42, 18.25], "uv_size": [0.75, -0.25]}
							}
						},
						{
							"origin": [1.96875, 3.03125, 3.25],
							"size": [0.84375, 0.0625, 2.28125],
							"pivot": [2.8125, 3.09375, 3.25],
							"rotation": [-10, 0, 0],
							"uv": {
								"north": {"uv": [0, 42], "uv_size": [0.75, 0.25]},
								"east": {"uv": [33, 15], "uv_size": [2.25, 0.25]},
								"south": {"uv": [42, 0], "uv_size": [0.75, 0.25]},
								"west": {"uv": [33, 16], "uv_size": [2.25, 0.25]},
								"up": {"uv": [19, 22], "uv_size": [0.75, 2.25]},
								"down": {"uv": [22, 23.25], "uv_size": [0.75, -2.25]}
							}
						},
						{
							"origin": [-2.28125, 2.63512, 5.49659],
							"size": [0.875, 0.0625, 1.21875],
							"pivot": [-2.28125, 2.69762, 5.49659],
							"rotation": [-22.5, 0, 0],
							"uv": {
								"north": {"uv": [32, 40], "uv_size": [1, 0.25]},
								"east": {"uv": [38, 7], "uv_size": [1.25, 0.25]},
								"south": {"uv": [40, 32], "uv_size": [1, 0.25]},
								"west": {"uv": [8, 38], "uv_size": [1.25, 0.25]},
								"up": {"uv": [18, 25], "uv_size": [1, 1.25]},
								"down": {"uv": [19, 26.25], "uv_size": [1, -1.25]}
							}
						},
						{
							"origin": [1.9375, 2.63512, 5.49659],
							"size": [0.875, 0.0625, 1.21875],
							"pivot": [2.8125, 2.69762, 5.49659],
							"rotation": [-22.5, 0, 0],
							"uv": {
								"north": {"uv": [33, 40], "uv_size": [1, 0.25]},
								"east": {"uv": [38, 8], "uv_size": [1.25, 0.25]},
								"south": {"uv": [40, 33], "uv_size": [1, 0.25]},
								"west": {"uv": [38, 9], "uv_size": [1.25, 0.25]},
								"up": {"uv": [25, 19], "uv_size": [1, 1.25]},
								"down": {"uv": [20, 26.25], "uv_size": [1, -1.25]}
							}
						}
					]
				},
				{
					"name": "RightTrack",
					"pivot": [-2, 1.51998, 1.4103],
					"cubes": [
						{
							"origin": [-2.5, 0.03125, 0],
							"size": [1, 0.125, 4.84375],
							"uv": {
								"north": {"uv": [36, 39], "uv_size": [1, 0.25]},
								"east": {"uv": [26, 18], "uv_size": [4.75, 0.25]},
								"south": {"uv": [39, 36], "uv_size": [1, 0.25]},
								"west": {"uv": [26, 19], "uv_size": [4.75, 0.25]},
								"up": {"uv": [12, 8], "uv_size": [1, 4.75]},
								"down": {"uv": [13, 12.75], "uv_size": [1, -4.75]}
							}
						},
						{
							"origin": [-2.5, 2.71804, 0.57374],
							"size": [1, 0.125, 2.125],
							"uv": {
								"north": {"uv": [40, 2], "uv_size": [1, 0.25]},
								"east": {"uv": [33, 3], "uv_size": [2.25, 0.25]},
								"south": {"uv": [3, 40], "uv_size": [1, 0.25]},
								"west": {"uv": [33, 7], "uv_size": [2.25, 0.25]},
								"up": {"uv": [15, 19], "uv_size": [1, 2.25]},
								"down": {"uv": [16, 21.25], "uv_size": [1, -2.25]}
							}
						},
						{
							"origin": [-2.5, 0.03125, 4.84375],
							"size": [1, 0.125, 1.125],
							"pivot": [-1.5, 0.03125, 4.84375],
							"rotation": [30, 0, 0],
							"uv": {
								"north": {"uv": [37, 39], "uv_size": [1, 0.25]},
								"east": {"uv": [4, 38], "uv_size": [1.25, 0.25]},
								"south": {"uv": [39, 37], "uv_size": [1, 0.25]},
								"west": {"uv": [38, 5], "uv_size": [1.25, 0.25]},
								"up": {"uv": [12, 25], "uv_size": [1, 1.25]},
								"down": {"uv": [13, 26.25], "uv_size": [1, -1.25]}
							}
						},
						{
							"origin": [-2.5, 0.59375, 5.81803],
							"size": [1, 0.125, 0.625],
							"pivot": [-1.5, 0.59375, 5.81803],
							"rotation": [52.5, 0, 0],
							"uv": {
								"north": {"uv": [39, 38], "uv_size": [1, 0.25]},
								"east": {"uv": [41, 32], "uv_size": [0.75, 0.25]},
								"south": {"uv": [39, 39], "uv_size": [1, 0.25]},
								"west": {"uv": [33, 41], "uv_size": [0.75, 0.25]},
								"up": {"uv": [17, 28], "uv_size": [1, 0.75]},
								"down": {"uv": [12, 29.75], "uv_size": [1, -0.75]}
							}
						},
						{
							"origin": [-2.5, 1.0896, 6.1985],
							"size": [1, 0.125, 0.75],
							"pivot": [-1.5, 1.0896, 6.1985],
							"rotation": [90, 0, 0],
							"uv": {
								"north": {"uv": [0, 40], "uv_size": [1, 0.25]},
								"east": {"uv": [41, 33], "uv_size": [0.75, 0.25]},
								"south": {"uv": [1, 40], "uv_size": [1, 0.25]},
								"west": {"uv": [34, 41], "uv_size": [0.75, 0.25]},
								"up": {"uv": [13, 29], "uv_size": [1, 0.75]},
								"down": {"uv": [14, 29.75], "uv_size": [1, -0.75]}
							}
						},
						{
							"origin": [-2.5, 1.8396, 6.1985],
							"size": [1, 0.125, 0.625],
							"pivot": [-1.5, 1.8396, 6.1985],
							"rotation": [132.5, 0, 0],
							"uv": {
								"north": {"uv": [41, 9], "uv_size": [1, 0.25]},
								"east": {"uv": [11, 42], "uv_size": [0.75, 0.25]},
								"south": {"uv": [10, 41], "uv_size": [1, 0.25]},
								"west": {"uv": [42, 11], "uv_size": [0.75, 0.25]},
								"up": {"uv": [10, 30], "uv_size": [1, 0.75]},
								"down": {"uv": [11, 30.75], "uv_size": [1, -0.75]}
							}
						},
						{
							"origin": [-2.5, 2.30039, 5.77626],
							"size": [1, 0.125, 3.125],
							"pivot": [-1.5, 2.30039, 5.77626],
							"rotation": [170, 0, 0],
							"uv": {
								"north": {"uv": [40, 1], "uv_size": [1, 0.25]},
								"east": {"uv": [15, 29], "uv_size": [3, 0.25]},
								"south": {"uv": [2, 40], "uv_size": [1, 0.25]},
								"west": {"uv": [29, 15], "uv_size": [3, 0.25]},
								"up": {"uv": [1, 17], "uv_size": [1, 3]},
								"down": {"uv": [2, 20], "uv_size": [1, -3]}
							}
						},
						{
							"origin": [-2.5, 2.84304, 0.57374],
							"size": [1, 0.125, 2.5],
							"pivot": [-2.5, 2.84304, 0.57374],
							"rotation": [-177.5, 0, 0],
							"uv": {
								"north": {"uv": [40, 3], "uv_size": [1, 0.25]},
								"east": {"uv": [30, 27], "uv_size": [2.5, 0.25]},
								"south": {"uv": [4, 40], "uv_size": [1, 0.25]},
								"west": {"uv": [31, 4], "uv_size": [2.5, 0.25]},
								"up": {"uv": [8, 18], "uv_size": [1, 2.5]},
								"down": {"uv": [12, 20.5], "uv_size": [1, -2.5]}
							}
						},
						{
							"origin": [-2.5, 2.734, -1.92388],
							"size": [1, 0.125, 0.625],
							"pivot": [-2.5, 2.734, -1.92388],
							"rotation": [-140, 0, 0],
							"uv": {
								"north": {"uv": [40, 4], "uv_size": [1, 0.25]},
								"east": {"uv": [29, 42], "uv_size": [0.5, 0.25]},
								"south": {"uv": [5, 40], "uv_size": [1, 0.25]},
								"west": {"uv": [42, 29], "uv_size": [0.5, 0.25]},
								"up": {"uv": [33, 28], "uv_size": [1, 0.5]},
								"down": {"uv": [33, 33.5], "uv_size": [1, -0.5]}
							}
						},
						{
							"origin": [-2.5, 2.33225, -2.40266],
							"size": [1, 0.125, 0.375],
							"pivot": [-2.5, 2.33225, -2.40266],
							"rotation": [-105, 0, 0],
							"uv": {
								"north": {"uv": [40, 5], "uv_size": [1, 0.25]},
								"east": {"uv": [43, 27], "uv_size": [0.25, 0.25]},
								"south": {"uv": [6, 40], "uv_size": [1, 0.25]},
								"west": {"uv": [28, 43], "uv_size": [0.25, 0.25]},
								"up": {"uv": [40, 6], "uv_size": [1, 0.25]},
								"down": {"uv": [7, 40.25], "uv_size": [1, -0.25]}
							}
						},
						{
							"origin": [-2.5, 1.97003, -2.49972],
							"size": [1, 0.125, 0.5625],
							"pivot": [-2.5, 1.97003, -2.49972],
							"rotation": [-90, 0, 0],
							"uv": {
								"north": {"uv": [40, 7], "uv_size": [1, 0.25]},
								"east": {"uv": [30, 42], "uv_size": [0.5, 0.25]},
								"south": {"uv": [40, 8], "uv_size": [1, 0.25]},
								"west": {"uv": [42, 30], "uv_size": [0.5, 0.25]},
								"up": {"uv": [34, 0], "uv_size": [1, 0.5]},
								"down": {"uv": [1, 34.5], "uv_size": [1, -0.5]}
							}
						},
						{
							"origin": [-2.5, 1.40753, -2.49972],
							"size": [1, 0.125, 0.4375],
							"pivot": [-2.5, 1.40753, -2.49972],
							"rotation": [-52.5, 0, 0],
							"uv": {
								"north": {"uv": [40, 9], "uv_size": [1, 0.25]},
								"east": {"uv": [31, 42], "uv_size": [0.5, 0.25]},
								"south": {"uv": [10, 40], "uv_size": [1, 0.25]},
								"west": {"uv": [42, 31], "uv_size": [0.5, 0.25]},
								"up": {"uv": [34, 1], "uv_size": [1, 0.5]},
								"down": {"uv": [2, 34.5], "uv_size": [1, -0.5]}
							}
						},
						{
							"origin": [-2.5, 1.06044, -2.23339],
							"size": [1, 0.125, 1.625],
							"pivot": [-2.5, 1.06044, -2.23339],
							"rotation": [-32.5, 0, 0],
							"uv": {
								"north": {"uv": [11, 40], "uv_size": [1, 0.25]},
								"east": {"uv": [36, 5], "uv_size": [1.5, 0.25]},
								"south": {"uv": [12, 40], "uv_size": [1, 0.25]},
								"west": {"uv": [36, 7], "uv_size": [1.5, 0.25]},
								"up": {"uv": [6, 24], "uv_size": [1, 1.5]},
								"down": {"uv": [11, 25.5], "uv_size": [1, -1.5]}
							}
						},
						{
							"origin": [-2.5, 0.18733, -0.86287],
							"size": [1, 0.125, 0.875],
							"pivot": [-2.5, 0.18733, -0.86287],
							"rotation": [-10, 0, 0],
							"uv": {
								"north": {"uv": [40, 12], "uv_size": [1, 0.25]},
								"east": {"uv": [41, 34], "uv_size": [0.75, 0.25]},
								"south": {"uv": [40, 13], "uv_size": [1, 0.25]},
								"west": {"uv": [35, 41], "uv_size": [0.75, 0.25]},
								"up": {"uv": [29, 16], "uv_size": [1, 0.75]},
								"down": {"uv": [29, 17.75], "uv_size": [1, -0.75]}
							}
						}
					]
				},
				{
					"name": "LeftTrack",
					"pivot": [2.4375, 1.51998, 1.4103],
					"cubes": [
						{
							"origin": [1.9375, 0.03125, 0],
							"size": [1, 0.125, 4.84375],
							"uv": {
								"north": {"uv": [14, 40], "uv_size": [1, 0.25]},
								"east": {"uv": [26, 20], "uv_size": [4.75, 0.25]},
								"south": {"uv": [40, 14], "uv_size": [1, 0.25]},
								"west": {"uv": [26, 21], "uv_size": [4.75, 0.25]},
								"up": {"uv": [12, 13], "uv_size": [1, 4.75]},
								"down": {"uv": [13, 17.75], "uv_size": [1, -4.75]}
							}
						},
						{
							"origin": [1.9375, 2.71804, 0.57374],
							"size": [1, 0.125, 2.125],
							"uv": {
								"north": {"uv": [16, 40], "uv_size": [1, 0.25]},
								"east": {"uv": [33, 8], "uv_size": [2.25, 0.25]},
								"south": {"uv": [40, 17], "uv_size": [1, 0.25]},
								"west": {"uv": [33, 9], "uv_size": [2.25, 0.25]},
								"up": {"uv": [19, 17], "uv_size": [1, 2.25]},
								"down": {"uv": [20, 2.25], "uv_size": [1, -2.25]}
							}
						},
						{
							"origin": [1.9375, 0.03125, 4.84375],
							"size": [1, 0.125, 1.125],
							"pivot": [1.9375, 0.03125, 4.84375],
							"rotation": [30, 0, 0],
							"uv": {
								"north": {"uv": [18, 40], "uv_size": [1, 0.25]},
								"east": {"uv": [6, 38], "uv_size": [1.25, 0.25]},
								"south": {"uv": [40, 18], "uv_size": [1, 0.25]},
								"west": {"uv": [38, 6], "uv_size": [1.25, 0.25]},
								"up": {"uv": [25, 15], "uv_size": [1, 1.25]},
								"down": {"uv": [25, 18.25], "uv_size": [1, -1.25]}
							}
						},
						{
							"origin": [1.9375, 0.59375, 5.81803],
							"size": [1, 0.125, 0.625],
							"pivot": [1.9375, 0.59375, 5.81803],
							"rotation": [52.5, 0, 0],
							"uv": {
								"north": {"uv": [19, 40], "uv_size": [1, 0.25]},
								"east": {"uv": [41, 35], "uv_size": [0.75, 0.25]},
								"south": {"uv": [20, 40], "uv_size": [1, 0.25]},
								"west": {"uv": [36, 41], "uv_size": [0.75, 0.25]},
								"up": {"uv": [18, 29], "uv_size": [1, 0.75]},
								"down": {"uv": [19, 29.75], "uv_size": [1, -0.75]}
							}
						},
						{
							"origin": [1.9375, 1.0896, 6.1985],
							"size": [1, 0.125, 0.75],
							"pivot": [1.9375, 1.0896, 6.1985],
							"rotation": [90, 0, 0],
							"uv": {
								"north": {"uv": [21, 40], "uv_size": [1, 0.25]},
								"east": {"uv": [41, 36], "uv_size": [0.75, 0.25]},
								"south": {"uv": [40, 21], "uv_size": [1, 0.25]},
								"west": {"uv": [37, 41], "uv_size": [0.75, 0.25]},
								"up": {"uv": [20, 29], "uv_size": [1, 0.75]},
								"down": {"uv": [21, 29.75], "uv_size": [1, -0.75]}
							}
						},
						{
							"origin": [1.9375, 1.8396, 6.1985],
							"size": [1, 0.125, 0.625],
							"pivot": [1.9375, 1.8396, 6.1985],
							"rotation": [132.5, 0, 0],
							"uv": {
								"north": {"uv": [22, 40], "uv_size": [1, 0.25]},
								"east": {"uv": [41, 37], "uv_size": [0.75, 0.25]},
								"south": {"uv": [40, 22], "uv_size": [1, 0.25]},
								"west": {"uv": [38, 41], "uv_size": [0.75, 0.25]},
								"up": {"uv": [22, 29], "uv_size": [1, 0.75]},
								"down": {"uv": [23, 29.75], "uv_size": [1, -0.75]}
							}
						},
						{
							"origin": [1.9375, 2.30039, 5.77626],
							"size": [1, 0.125, 3.125],
							"pivot": [1.9375, 2.30039, 5.77626],
							"rotation": [170, 0, 0],
							"uv": {
								"north": {"uv": [23, 40], "uv_size": [1, 0.25]},
								"east": {"uv": [29, 23], "uv_size": [3, 0.25]},
								"south": {"uv": [40, 23], "uv_size": [1, 0.25]},
								"west": {"uv": [24, 29], "uv_size": [3, 0.25]},
								"up": {"uv": [10, 17], "uv_size": [1, 3]},
								"down": {"uv": [11, 20], "uv_size": [1, -3]}
							}
						},
						{
							"origin": [1.9375, 2.84304, 0.57374],
							"size": [1, 0.125, 2.5],
							"pivot": [2.9375, 2.84304, 0.57374],
							"rotation": [-177.5, 0, 0],
							"uv": {
								"north": {"uv": [24, 40], "uv_size": [1, 0.25]},
								"east": {"uv": [5, 31], "uv_size": [2.5, 0.25]},
								"south": {"uv": [40, 24], "uv_size": [1, 0.25]},
								"west": {"uv": [31, 5], "uv_size": [2.5, 0.25]},
								"up": {"uv": [13, 18], "uv_size": [1, 2.5]},
								"down": {"uv": [18, 16.5], "uv_size": [1, -2.5]}
							}
						},
						{
							"origin": [1.9375, 2.734, -1.92388],
							"size": [1, 0.125, 0.625],
							"pivot": [2.9375, 2.734, -1.92388],
							"rotation": [-140, 0, 0],
							"uv": {
								"north": {"uv": [25, 40], "uv_size": [1, 0.25]},
								"east": {"uv": [32, 42], "uv_size": [0.5, 0.25]},
								"south": {"uv": [40, 25], "uv_size": [1, 0.25]},
								"west": {"uv": [42, 32], "uv_size": [0.5, 0.25]},
								"up": {"uv": [34, 2], "uv_size": [1, 0.5]},
								"down": {"uv": [3, 34.5], "uv_size": [1, -0.5]}
							}
						},
						{
							"origin": [1.9375, 2.33225, -2.40266],
							"size": [1, 0.125, 0.375],
							"pivot": [2.9375, 2.33225, -2.40266],
							"rotation": [-105, 0, 0],
							"uv": {
								"north": {"uv": [26, 40], "uv_size": [1, 0.25]},
								"east": {"uv": [43, 28], "uv_size": [0.25, 0.25]},
								"south": {"uv": [40, 26], "uv_size": [1, 0.25]},
								"west": {"uv": [29, 43], "uv_size": [0.25, 0.25]},
								"up": {"uv": [27, 40], "uv_size": [1, 0.25]},
								"down": {"uv": [40, 27.25], "uv_size": [1, -0.25]}
							}
						},
						{
							"origin": [1.9375, 1.97003, -2.49972],
							"size": [1, 0.125, 0.5625],
							"pivot": [2.9375, 1.97003, -2.49972],
							"rotation": [-90, 0, 0],
							"uv": {
								"north": {"uv": [28, 40], "uv_size": [1, 0.25]},
								"east": {"uv": [33, 42], "uv_size": [0.5, 0.25]},
								"south": {"uv": [40, 28], "uv_size": [1, 0.25]},
								"west": {"uv": [42, 33], "uv_size": [0.5, 0.25]},
								"up": {"uv": [4, 34], "uv_size": [1, 0.5]},
								"down": {"uv": [34, 4.5], "uv_size": [1, -0.5]}
							}
						},
						{
							"origin": [1.9375, 1.40753, -2.49972],
							"size": [1, 0.125, 0.4375],
							"pivot": [2.9375, 1.40753, -2.49972],
							"rotation": [-52.5, 0, 0],
							"uv": {
								"north": {"uv": [29, 40], "uv_size": [1, 0.25]},
								"east": {"uv": [34, 42], "uv_size": [0.5, 0.25]},
								"south": {"uv": [40, 29], "uv_size": [1, 0.25]},
								"west": {"uv": [42, 34], "uv_size": [0.5, 0.25]},
								"up": {"uv": [5, 34], "uv_size": [1, 0.5]},
								"down": {"uv": [34, 5.5], "uv_size": [1, -0.5]}
							}
						},
						{
							"origin": [1.9375, 1.06044, -2.23339],
							"size": [1, 0.125, 1.625],
							"pivot": [2.9375, 1.06044, -2.23339],
							"rotation": [-32.5, 0, 0],
							"uv": {
								"north": {"uv": [30, 40], "uv_size": [1, 0.25]},
								"east": {"uv": [36, 8], "uv_size": [1.5, 0.25]},
								"south": {"uv": [40, 30], "uv_size": [1, 0.25]},
								"west": {"uv": [36, 9], "uv_size": [1.5, 0.25]},
								"up": {"uv": [14, 24], "uv_size": [1, 1.5]},
								"down": {"uv": [24, 15.5], "uv_size": [1, -1.5]}
							}
						},
						{
							"origin": [1.9375, 0.18733, -0.86287],
							"size": [1, 0.125, 0.875],
							"pivot": [2.9375, 0.18733, -0.86287],
							"rotation": [-10, 0, 0],
							"uv": {
								"north": {"uv": [31, 40], "uv_size": [1, 0.25]},
								"east": {"uv": [41, 38], "uv_size": [0.75, 0.25]},
								"south": {"uv": [40, 31], "uv_size": [1, 0.25]},
								"west": {"uv": [39, 41], "uv_size": [0.75, 0.25]},
								"up": {"uv": [27, 29], "uv_size": [1, 0.75]},
								"down": {"uv": [29, 27.75], "uv_size": [1, -0.75]}
							}
						}
					]
				},
				{
					"name": "Turret",
					"pivot": [0.09855, 4.26319, 2.32883],
					"cubes": [
						{
							"origin": [-0.96875, 3.3125, 1.8125],
							"size": [2.4375, 1.53125, 1.59375],
							"uv": {
								"north": {"uv": [14, 11], "uv_size": [2.5, 1.5]},
								"east": {"uv": [1, 20], "uv_size": [1.5, 1.5]},
								"south": {"uv": [14, 13], "uv_size": [2.5, 1.5]},
								"west": {"uv": [5, 20], "uv_size": [1.5, 1.5]},
								"up": {"uv": [0, 15], "uv_size": [2.5, 1.5]},
								"down": {"uv": [14, 16.5], "uv_size": [2.5, -1.5]}
							}
						},
						{
							"origin": [-0.75, 3.46875, 2.4375],
							"size": [0.96875, 1.53125, 0.96875],
							"uv": {
								"north": {"uv": [15, 24], "uv_size": [1, 1.5]},
								"east": {"uv": [16, 24], "uv_size": [1, 1.5]},
								"south": {"uv": [24, 16], "uv_size": [1, 1.5]},
								"west": {"uv": [17, 24], "uv_size": [1, 1.5]},
								"up": {"uv": [3, 15], "uv_size": [1, 1]},
								"down": {"uv": [7, 21], "uv_size": [1, -1]}
							}
						},
						{
							"origin": [-0.875, 4.84375, 2.0625],
							"size": [0.125, 0.5, 0.125],
							"uv": {
								"north": {"uv": [43, 4], "uv_size": [0.25, 0.5]},
								"east": {"uv": [5, 43], "uv_size": [0.25, 0.5]},
								"south": {"uv": [43, 5], "uv_size": [0.25, 0.5]},
								"west": {"uv": [6, 43], "uv_size": [0.25, 0.5]},
								"up": {"uv": [43, 40], "uv_size": [0.25, 0.25]},
								"down": {"uv": [41, 43.25], "uv_size": [0.25, -0.25]}
							}
						},
						{
							"origin": [-1.03125, 4.59375, 1.8125],
							"size": [0.0625, 0.25, 0.125],
							"uv": {
								"north": {"uv": [43, 32], "uv_size": [0.25, 0.25]},
								"east": {"uv": [33, 43], "uv_size": [0.25, 0.25]},
								"south": {"uv": [43, 33], "uv_size": [0.25, 0.25]},
								"west": {"uv": [34, 43], "uv_size": [0.25, 0.25]},
								"up": {"uv": [43, 34], "uv_size": [0.25, 0.25]},
								"down": {"uv": [35, 43.25], "uv_size": [0.25, -0.25]}
							}
						},
						{
							"origin": [1.40625, 3.3125, 2],
							"size": [0.21875, 1.53125, 1.40625],
							"pivot": [1.625, 4.84375, 2],
							"rotation": [0, -6, 0],
							"uv": {
								"north": {"uv": [7, 36], "uv_size": [0.25, 1.5]},
								"east": {"uv": [10, 20], "uv_size": [1.5, 1.5]},
								"south": {"uv": [36, 10], "uv_size": [0.25, 1.5]},
								"west": {"uv": [20, 17], "uv_size": [1.5, 1.5]},
								"up": {"uv": [11, 36], "uv_size": [0.25, 1.5]},
								"down": {"uv": [12, 37.5], "uv_size": [0.25, -1.5]}
							}
						},
						{
							"origin": [1.40625, 3.625, 3.40625],
							"size": [0.21875, 1.21875, 1.09375],
							"pivot": [1.625, 4.84375, 2],
							"rotation": [0, -6, 0],
							"uv": {
								"north": {"uv": [16, 38], "uv_size": [0.25, 1.25]},
								"east": {"uv": [24, 25], "uv_size": [1, 1.25]},
								"south": {"uv": [38, 17], "uv_size": [0.25, 1.25]},
								"west": {"uv": [25, 25], "uv_size": [1, 1.25]},
								"up": {"uv": [40, 40], "uv_size": [0.25, 1]},
								"down": {"uv": [0, 42], "uv_size": [0.25, -1]}
							}
						},
						{
							"origin": [-1.13632, 3.3125, 1.98245],
							"size": [0.21875, 1.53125, 1.4375],
							"pivot": [-1.13632, 4.84375, 1.98245],
							"rotation": [0, 6, 0],
							"uv": {
								"north": {"uv": [36, 15], "uv_size": [0.25, 1.5]},
								"east": {"uv": [18, 20], "uv_size": [1.5, 1.5]},
								"south": {"uv": [16, 36], "uv_size": [0.25, 1.5]},
								"west": {"uv": [20, 19], "uv_size": [1.5, 1.5]},
								"up": {"uv": [36, 17], "uv_size": [0.25, 1.5]},
								"down": {"uv": [18, 37.5], "uv_size": [0.25, -1.5]}
							}
						},
						{
							"origin": [-1.13632, 3.3125, 1.98245],
							"size": [0.21875, 1.53125, 1.4375],
							"pivot": [-1.13632, 4.84375, 1.98245],
							"rotation": [0.78598, 5.94848, 7.54084],
							"uv": {
								"north": {"uv": [36, 22], "uv_size": [0.25, 1.5]},
								"east": {"uv": [21, 0], "uv_size": [1.5, 1.5]},
								"south": {"uv": [24, 36], "uv_size": [0.25, 1.5]},
								"west": {"uv": [21, 4], "uv_size": [1.5, 1.5]},
								"up": {"uv": [25, 36], "uv_size": [0.25, 1.5]},
								"down": {"uv": [36, 26.5], "uv_size": [0.25, -1.5]}
							}
						},
						{
							"origin": [-1.44578, 3.79262, 2.18051],
							"size": [0.28125, 0.6875, 0.90625],
							"pivot": [-1.44578, 4.48012, 2.18051],
							"rotation": [0.78598, 5.94848, 7.54084],
							"uv": {
								"north": {"uv": [3, 42], "uv_size": [0.25, 0.75]},
								"east": {"uv": [30, 4], "uv_size": [1, 0.75]},
								"south": {"uv": [42, 3], "uv_size": [0.25, 0.75]},
								"west": {"uv": [30, 5], "uv_size": [1, 0.75]},
								"up": {"uv": [41, 5], "uv_size": [0.25, 1]},
								"down": {"uv": [6, 42], "uv_size": [0.25, -1]}
							}
						},
						{
							"origin": [-1.44578, 4.35512, 2.18051],
							"size": [0.40625, 0.125, 0.90625],
							"pivot": [-1.44578, 4.48012, 2.18051],
							"rotation": [-1.55823, 5.79484, -15.07887],
							"uv": {
								"north": {"uv": [43, 3], "uv_size": [0.5, 0.25]},
								"east": {"uv": [41, 6], "uv_size": [1, 0.25]},
								"south": {"uv": [4, 43], "uv_size": [0.5, 0.25]},
								"west": {"uv": [7, 41], "uv_size": [1, 0.25]},
								"up": {"uv": [7, 34], "uv_size": [0.5, 1]},
								"down": {"uv": [8, 35], "uv_size": [0.5, -1]}
							}
						},
						{
							"origin": [1.41757, 3.3125, 1.98245],
							"size": [0.21875, 1.53125, 1.4375],
							"pivot": [1.63632, 4.84375, 1.98245],
							"rotation": [0.78598, -5.94848, -7.54084],
							"uv": {
								"north": {"uv": [35, 36], "uv_size": [0.25, 1.5]},
								"east": {"uv": [21, 6], "uv_size": [1.5, 1.5]},
								"south": {"uv": [36, 35], "uv_size": [0.25, 1.5]},
								"west": {"uv": [7, 21], "uv_size": [1.5, 1.5]},
								"up": {"uv": [37, 0], "uv_size": [0.25, 1.5]},
								"down": {"uv": [1, 38.5], "uv_size": [0.25, -1.5]}
							}
						},
						{
							"origin": [-0.98606, 3.625, 3.41207],
							"size": [0.21875, 1.21875, 1.0625],
							"pivot": [-0.98606, 4.84375, 3.41207],
							"rotation": [0, 6, 0],
							"uv": {
								"north": {"uv": [12, 38], "uv_size": [0.25, 1.25]},
								"east": {"uv": [22, 25], "uv_size": [1, 1.25]},
								"south": {"uv": [14, 38], "uv_size": [0.25, 1.25]},
								"west": {"uv": [23, 25], "uv_size": [1, 1.25]},
								"up": {"uv": [39, 40], "uv_size": [0.25, 1]},
								"down": {"uv": [40, 40], "uv_size": [0.25, -1]}
							}
						},
						{
							"origin": [1.26731, 3.625, 3.41207],
							"size": [0.21875, 1.21875, 1.0625],
							"pivot": [1.48606, 4.84375, 3.41207],
							"rotation": [0.45324, -5.54137, -7.59323],
							"uv": {
								"north": {"uv": [18, 38], "uv_size": [0.25, 1.25]},
								"east": {"uv": [0, 26], "uv_size": [1, 1.25]},
								"south": {"uv": [19, 38], "uv_size": [0.25, 1.25]},
								"west": {"uv": [1, 26], "uv_size": [1, 1.25]},
								"up": {"uv": [41, 0], "uv_size": [0.25, 1]},
								"down": {"uv": [1, 42], "uv_size": [0.25, -1]}
							}
						},
						{
							"origin": [-0.98606, 3.625, 3.41207],
							"size": [0.21875, 1.21875, 1.0625],
							"pivot": [-0.98606, 4.84375, 3.41207],
							"rotation": [0.45324, 5.54137, 7.59323],
							"uv": {
								"north": {"uv": [38, 27], "uv_size": [0.25, 1.25]},
								"east": {"uv": [2, 26], "uv_size": [1, 1.25]},
								"south": {"uv": [28, 38], "uv_size": [0.25, 1.25]},
								"west": {"uv": [26, 2], "uv_size": [1, 1.25]},
								"up": {"uv": [41, 1], "uv_size": [0.25, 1]},
								"down": {"uv": [2, 42], "uv_size": [0.25, -1]}
							}
						},
						{
							"origin": [-0.875, 3.625, 3.40625],
							"size": [2.21875, 1.21875, 1.0625],
							"uv": {
								"north": {"uv": [18, 4], "uv_size": [2.25, 1.25]},
								"east": {"uv": [21, 25], "uv_size": [1, 1.25]},
								"south": {"uv": [5, 18], "uv_size": [2.25, 1.25]},
								"west": {"uv": [25, 21], "uv_size": [1, 1.25]},
								"up": {"uv": [20, 12], "uv_size": [2.25, 1]},
								"down": {"uv": [20, 14], "uv_size": [2.25, -1]}
							}
						},
						{
							"origin": [-1.03125, 3.61179, 3.39371],
							"size": [2.5625, 0.0625, 1.28125],
							"uv": {
								"north": {"uv": [31, 6], "uv_size": [2.5, 0.25]},
								"east": {"uv": [38, 12], "uv_size": [1.25, 0.25]},
								"south": {"uv": [8, 31], "uv_size": [2.5, 0.25]},
								"west": {"uv": [38, 13], "uv_size": [1.25, 0.25]},
								"up": {"uv": [17, 12], "uv_size": [2.5, 1.25]},
								"down": {"uv": [14, 18.25], "uv_size": [2.5, -1.25]}
							}
						},
						{
							"origin": [-0.875, 3.65625, 4.25],
							"size": [2.25, 1.1875, 0.21875],
							"pivot": [-0.875, 4.84375, 4.46875],
							"rotation": [10, 0, 0],
							"uv": {
								"north": {"uv": [18, 6], "uv_size": [2.25, 1.25]},
								"east": {"uv": [10, 38], "uv_size": [0.25, 1.25]},
								"south": {"uv": [18, 8], "uv_size": [2.25, 1.25]},
								"west": {"uv": [11, 38], "uv_size": [0.25, 1.25]},
								"up": {"uv": [33, 17], "uv_size": [2.25, 0.25]},
								"down": {"uv": [33, 18.25], "uv_size": [2.25, -0.25]}
							}
						},
						{
							"origin": [-0.875, 3.65625, 4.25],
							"size": [0.15625, 1.1875, 0.21875],
							"pivot": [-0.875, 4.84375, 4.46875],
							"rotation": [9.91615, -1.29876, 7.38733],
							"uv": {
								"north": {"uv": [29, 38], "uv_size": [0.25, 1.25]},
								"east": {"uv": [38, 29], "uv_size": [0.25, 1.25]},
								"south": {"uv": [30, 38], "uv_size": [0.25, 1.25]},
								"west": {"uv": [31, 38], "uv_size": [0.25, 1.25]},
								"up": {"uv": [43, 38], "uv_size": [0.25, 0.25]},
								"down": {"uv": [39, 43.25], "uv_size": [0.25, -0.25]}
							}
						},
						{
							"origin": [1.21875, 3.65625, 4.25],
							"size": [0.15625, 1.1875, 0.21875],
							"pivot": [1.375, 4.84375, 4.46875],
							"rotation": [9.91615, 1.29876, -7.38733],
							"uv": {
								"north": {"uv": [38, 31], "uv_size": [0.25, 1.25]},
								"east": {"uv": [32, 38], "uv_size": [0.25, 1.25]},
								"south": {"uv": [33, 38], "uv_size": [0.25, 1.25]},
								"west": {"uv": [38, 33], "uv_size": [0.25, 1.25]},
								"up": {"uv": [43, 39], "uv_size": [0.25, 0.25]},
								"down": {"uv": [40, 43.25], "uv_size": [0.25, -0.25]}
							}
						},
						{
							"origin": [-0.4375, 3.3125, 0.625],
							"size": [1.34375, 1.1875, 1.1875],
							"uv": {
								"north": {"uv": [23, 0], "uv_size": [1.25, 1.25]},
								"east": {"uv": [23, 4], "uv_size": [1.25, 1.25]},
								"south": {"uv": [23, 6], "uv_size": [1.25, 1.25]},
								"west": {"uv": [7, 23], "uv_size": [1.25, 1.25]},
								"up": {"uv": [23, 8], "uv_size": [1.25, 1.25]},
								"down": {"uv": [12, 24.25], "uv_size": [1.25, -1.25]}
							}
						},
						{
							"origin": [-0.4375, 3.3125, 0.625],
							"size": [0.1875, 1.1875, 1.1875],
							"pivot": [-0.4375, 4.5, 0.625],
							"rotation": [0, 0, 7.5],
							"uv": {
								"north": {"uv": [21, 38], "uv_size": [0.25, 1.25]},
								"east": {"uv": [23, 22], "uv_size": [1.25, 1.25]},
								"south": {"uv": [38, 21], "uv_size": [0.25, 1.25]},
								"west": {"uv": [0, 24], "uv_size": [1.25, 1.25]},
								"up": {"uv": [22, 38], "uv_size": [0.25, 1.25]},
								"down": {"uv": [23, 39.25], "uv_size": [0.25, -1.25]}
							}
						},
						{
							"origin": [0.75, 3.3125, 0.625],
							"size": [0.1875, 1.1875, 1.1875],
							"pivot": [0.9375, 4.5, 0.625],
							"rotation": [0, 0, -7.5],
							"uv": {
								"north": {"uv": [38, 23], "uv_size": [0.25, 1.25]},
								"east": {"uv": [2, 24], "uv_size": [1.25, 1.25]},
								"south": {"uv": [24, 38], "uv_size": [0.25, 1.25]},
								"west": {"uv": [24, 2], "uv_size": [1.25, 1.25]},
								"up": {"uv": [25, 38], "uv_size": [0.25, 1.25]},
								"down": {"uv": [38, 26.25], "uv_size": [0.25, -1.25]}
							}
						},
						{
							"origin": [-0.4375, 4.09375, 0.625],
							"size": [1.34375, 0.40625, 0.8125],
							"pivot": [-0.4375, 4.5, 0.625],
							"rotation": [16, 0.00001, 0],
							"uv": {
								"north": {"uv": [31, 8], "uv_size": [1.25, 0.5]},
								"east": {"uv": [36, 14], "uv_size": [0.75, 0.5]},
								"south": {"uv": [31, 9], "uv_size": [1.25, 0.5]},
								"west": {"uv": [15, 36], "uv_size": [0.75, 0.5]},
								"up": {"uv": [8, 28], "uv_size": [1.25, 0.75]},
								"down": {"uv": [21, 28.75], "uv_size": [1.25, -0.75]}
							}
						},
						{
							"origin": [-0.84375, 4.09375, 1.4375],
							"size": [2.15625, 0.40625, 0.4375],
							"pivot": [-0.4375, 4.5, 0.625],
							"rotation": [16, 0.00001, 0],
							"uv": {
								"north": {"uv": [27, 0], "uv_size": [2.25, 0.5]},
								"east": {"uv": [38, 40], "uv_size": [0.5, 0.5]},
								"south": {"uv": [27, 1], "uv_size": [2.25, 0.5]},
								"west": {"uv": [40, 38], "uv_size": [0.5, 0.5]},
								"up": {"uv": [27, 2], "uv_size": [2.25, 0.5]},
								"down": {"uv": [3, 27.5], "uv_size": [2.25, -0.5]}
							}
						},
						{
							"origin": [-0.4375, 4.125, 0.625],
							"size": [0.3125, 0.375, 1.46875],
							"pivot": [-0.4375, 4.5, 0.625],
							"rotation": [13, -26.87493, -1.42824],
							"uv": {
								"north": {"uv": [35, 42], "uv_size": [0.25, 0.5]},
								"east": {"uv": [28, 29], "uv_size": [1.5, 0.5]},
								"south": {"uv": [42, 35], "uv_size": [0.25, 0.5]},
								"west": {"uv": [0, 30], "uv_size": [1.5, 0.5]},
								"up": {"uv": [19, 36], "uv_size": [0.25, 1.5]},
								"down": {"uv": [20, 37.5], "uv_size": [0.25, -1.5]}
							}
						},
						{
							"origin": [0.625, 4.125, 0.625],
							"size": [0.3125, 0.375, 1.5625],
							"pivot": [0.9375, 4.5, 0.625],
							"rotation": [9.14642, 28.3182, -6.87835],
							"uv": {
								"north": {"uv": [41, 42], "uv_size": [0.25, 0.5]},
								"east": {"uv": [2, 30], "uv_size": [1.5, 0.5]},
								"south": {"uv": [42, 41], "uv_size": [0.25, 0.5]},
								"west": {"uv": [30, 2], "uv_size": [1.5, 0.5]},
								"up": {"uv": [36, 28], "uv_size": [0.25, 1.5]},
								"down": {"uv": [30, 37.5], "uv_size": [0.25, -1.5]}
							}
						},
						{
							"origin": [-0.4375, 4.125, 0.625],
							"size": [0.3125, 0.375, 1.5625],
							"pivot": [-0.4375, 4.5, 0.625],
							"rotation": [9.14642, -28.3182, 6.87835],
							"uv": {
								"north": {"uv": [42, 42], "uv_size": [0.25, 0.5]},
								"east": {"uv": [30, 3], "uv_size": [1.5, 0.5]},
								"south": {"uv": [0, 43], "uv_size": [0.25, 0.5]},
								"west": {"uv": [4, 30], "uv_size": [1.5, 0.5]},
								"up": {"uv": [33, 36], "uv_size": [0.25, 1.5]},
								"down": {"uv": [34, 37.5], "uv_size": [0.25, -1.5]}
							}
						},
						{
							"origin": [-0.4375, 3.3125, 0.625],
							"size": [0.3125, 1.1875, 1.5625],
							"pivot": [-0.4375, 4.5, 0.625],
							"rotation": [0, -28.3182, 6.8784],
							"uv": {
								"north": {"uv": [38, 19], "uv_size": [0.25, 1.25]},
								"east": {"uv": [14, 22], "uv_size": [1.5, 1.25]},
								"south": {"uv": [20, 38], "uv_size": [0.25, 1.25]},
								"west": {"uv": [22, 14], "uv_size": [1.5, 1.25]},
								"up": {"uv": [27, 36], "uv_size": [0.25, 1.5]},
								"down": {"uv": [28, 37.5], "uv_size": [0.25, -1.5]}
							}
						},
						{
							"origin": [-0.53125, 3.625, 0.96875],
							"size": [0.3125, 0.875, 0.65625],
							"pivot": [-0.53125, 4.5, 0.625],
							"rotation": [0, -28.3182, 6.8784],
							"uv": {
								"north": {"uv": [41, 7], "uv_size": [0.25, 1]},
								"east": {"uv": [6, 30], "uv_size": [0.75, 1]},
								"south": {"uv": [8, 41], "uv_size": [0.25, 1]},
								"west": {"uv": [7, 30], "uv_size": [0.75, 1]},
								"up": {"uv": [4, 42], "uv_size": [0.25, 0.75]},
								"down": {"uv": [42, 4.75], "uv_size": [0.25, -0.75]}
							}
						},
						{
							"origin": [0.71875, 3.625, 0.96875],
							"size": [0.3125, 0.875, 0.65625],
							"pivot": [1.03125, 4.5, 0.625],
							"rotation": [0, 28.3182, -6.8784],
							"uv": {
								"north": {"uv": [41, 8], "uv_size": [0.25, 1]},
								"east": {"uv": [8, 30], "uv_size": [0.75, 1]},
								"south": {"uv": [9, 41], "uv_size": [0.25, 1]},
								"west": {"uv": [9, 30], "uv_size": [0.75, 1]},
								"up": {"uv": [5, 42], "uv_size": [0.25, 0.75]},
								"down": {"uv": [42, 5.75], "uv_size": [0.25, -0.75]}
							}
						},
						{
							"origin": [0.625, 3.3125, 0.625],
							"size": [0.3125, 1.1875, 1.5625],
							"pivot": [0.9375, 4.5, 0.625],
							"rotation": [0, 28.3182, -6.8784],
							"uv": {
								"north": {"uv": [26, 38], "uv_size": [0.25, 1.25]},
								"east": {"uv": [16, 22], "uv_size": [1.5, 1.25]},
								"south": {"uv": [27, 38], "uv_size": [0.25, 1.25]},
								"west": {"uv": [22, 16], "uv_size": [1.5, 1.25]},
								"up": {"uv": [31, 36], "uv_size": [0.25, 1.5]},
								"down": {"uv": [36, 33.5], "uv_size": [0.25, -1.5]}
							}
						},
						{
							"origin": [0.59375, 4.125, 0.625],
							"size": [0.3125, 0.375, 1.46875],
							"pivot": [0.90625, 4.5, 0.625],
							"rotation": [13, 26.87493, 1.42824],
							"uv": {
								"north": {"uv": [38, 42], "uv_size": [0.25, 0.5]},
								"east": {"uv": [30, 0], "uv_size": [1.5, 0.5]},
								"south": {"uv": [42, 38], "uv_size": [0.25, 0.5]},
								"west": {"uv": [30, 1], "uv_size": [1.5, 0.5]},
								"up": {"uv": [21, 36], "uv_size": [0.25, 1.5]},
								"down": {"uv": [22, 37.5], "uv_size": [0.25, -1.5]}
							}
						},
						{
							"origin": [-0.4375, 4.09375, 0.625],
							"size": [0.53125, 0.40625, 1.125],
							"pivot": [-0.4375, 4.5, 0.625],
							"rotation": [17.9206, -24.78197, -9.4316],
							"uv": {
								"north": {"uv": [34, 40], "uv_size": [0.5, 0.5]},
								"east": {"uv": [11, 31], "uv_size": [1.25, 0.5]},
								"south": {"uv": [40, 34], "uv_size": [0.5, 0.5]},
								"west": {"uv": [31, 11], "uv_size": [1.25, 0.5]},
								"up": {"uv": [13, 31], "uv_size": [0.5, 1.25]},
								"down": {"uv": [14, 32.25], "uv_size": [0.5, -1.25]}
							}
						},
						{
							"origin": [0.375, 4.09375, 0.625],
							"size": [0.53125, 0.40625, 1.125],
							"pivot": [0.90625, 4.5, 0.625],
							"rotation": [17.9206, 24.78197, 9.4316],
							"uv": {
								"north": {"uv": [36, 40], "uv_size": [0.5, 0.5]},
								"east": {"uv": [15, 31], "uv_size": [1.25, 0.5]},
								"south": {"uv": [40, 36], "uv_size": [0.5, 0.5]},
								"west": {"uv": [31, 18], "uv_size": [1.25, 0.5]},
								"up": {"uv": [17, 31], "uv_size": [0.5, 1.25]},
								"down": {"uv": [31, 20.25], "uv_size": [0.5, -1.25]}
							}
						},
						{
							"origin": [-0.4375, 4.09375, 1.71875],
							"size": [0.15625, 0.40625, 0.375],
							"pivot": [-0.4375, 4.5, 0.625],
							"rotation": [17.9206, -24.78197, -9.4316],
							"uv": {
								"north": {"uv": [36, 42], "uv_size": [0.25, 0.5]},
								"east": {"uv": [35, 40], "uv_size": [0.5, 0.5]},
								"south": {"uv": [42, 36], "uv_size": [0.25, 0.5]},
								"west": {"uv": [40, 35], "uv_size": [0.5, 0.5]},
								"up": {"uv": [37, 42], "uv_size": [0.25, 0.5]},
								"down": {"uv": [42, 37.5], "uv_size": [0.25, -0.5]}
							}
						},
						{
							"origin": [0.75, 4.09375, 1.71875],
							"size": [0.15625, 0.40625, 0.375],
							"pivot": [0.90625, 4.5, 0.625],
							"rotation": [17.9206, 24.78197, 9.4316],
							"uv": {
								"north": {"uv": [39, 42], "uv_size": [0.25, 0.5]},
								"east": {"uv": [37, 40], "uv_size": [0.5, 0.5]},
								"south": {"uv": [42, 39], "uv_size": [0.25, 0.5]},
								"west": {"uv": [40, 37], "uv_size": [0.5, 0.5]},
								"up": {"uv": [40, 42], "uv_size": [0.25, 0.5]},
								"down": {"uv": [42, 40.5], "uv_size": [0.25, -0.5]}
							}
						},
						{
							"origin": [-0.4375, 3.3125, 0.625],
							"size": [1.15625, 1.1875, 1.53125],
							"pivot": [-0.4375, 4.5, 0.625],
							"rotation": [0, -27, 0],
							"uv": {
								"north": {"uv": [23, 12], "uv_size": [1.25, 1.25]},
								"east": {"uv": [21, 8], "uv_size": [1.5, 1.25]},
								"south": {"uv": [23, 18], "uv_size": [1.25, 1.25]},
								"west": {"uv": [12, 21], "uv_size": [1.5, 1.25]},
								"up": {"uv": [20, 21], "uv_size": [1.25, 1.5]},
								"down": {"uv": [1, 23.5], "uv_size": [1.25, -1.5]}
							}
						},
						{
							"origin": [-0.4375, 4.5, 1.96875],
							"size": [0.15625, 0.34375, 0.1875],
							"pivot": [-0.4375, 4.84375, 0.625],
							"rotation": [0, -27, 0],
							"uv": {
								"north": {"uv": [43, 29], "uv_size": [0.25, 0.25]},
								"east": {"uv": [30, 43], "uv_size": [0.25, 0.25]},
								"south": {"uv": [43, 30], "uv_size": [0.25, 0.25]},
								"west": {"uv": [31, 43], "uv_size": [0.25, 0.25]},
								"up": {"uv": [43, 31], "uv_size": [0.25, 0.25]},
								"down": {"uv": [32, 43.25], "uv_size": [0.25, -0.25]}
							}
						},
						{
							"origin": [-0.25, 3.3125, 0.625],
							"size": [1.15625, 1.1875, 1.53125],
							"pivot": [0.90625, 4.5, 0.625],
							"rotation": [0, 27, 0],
							"uv": {
								"north": {"uv": [20, 23], "uv_size": [1.25, 1.25]},
								"east": {"uv": [22, 2], "uv_size": [1.5, 1.25]},
								"south": {"uv": [23, 20], "uv_size": [1.25, 1.25]},
								"west": {"uv": [3, 22], "uv_size": [1.5, 1.25]},
								"up": {"uv": [5, 22], "uv_size": [1.25, 1.5]},
								"down": {"uv": [10, 23.5], "uv_size": [1.25, -1.5]}
							}
						},
						{
							"origin": [0.75, 4.5, 1.96875],
							"size": [0.15625, 0.34375, 0.1875],
							"pivot": [0.90625, 4.84375, 0.625],
							"rotation": [0, 27, 0],
							"uv": {
								"north": {"uv": [43, 35], "uv_size": [0.25, 0.25]},
								"east": {"uv": [36, 43], "uv_size": [0.25, 0.25]},
								"south": {"uv": [43, 36], "uv_size": [0.25, 0.25]},
								"west": {"uv": [37, 43], "uv_size": [0.25, 0.25]},
								"up": {"uv": [43, 37], "uv_size": [0.25, 0.25]},
								"down": {"uv": [38, 43.25], "uv_size": [0.25, -0.25]}
							}
						},
						{
							"origin": [-0.21562, 3.16406, 0.88125],
							"size": [1.05624, 0.23438, 2.55],
							"pivot": [0.3125, 5.40156, 2.15625],
							"rotation": [0, -45, 0],
							"uv": {
								"north": {"uv": [41, 18], "uv_size": [1, 0.25]},
								"east": {"uv": [23, 32], "uv_size": [2.5, 0.25]},
								"south": {"uv": [19, 41], "uv_size": [1, 0.25]},
								"west": {"uv": [32, 23], "uv_size": [2.5, 0.25]},
								"up": {"uv": [17, 18], "uv_size": [1, 2.5]},
								"down": {"uv": [18, 19.5], "uv_size": [1, -2.5]}
							}
						},
						{
							"origin": [-0.9625, 3.16406, 1.62813],
							"size": [2.55, 0.23438, 1.05624],
							"pivot": [0.3125, 5.40156, 2.15625],
							"rotation": [0, -45, 0],
							"uv": {
								"north": {"uv": [32, 29], "uv_size": [2.5, 0.25]},
								"east": {"uv": [41, 20], "uv_size": [1, 0.25]},
								"south": {"uv": [32, 30], "uv_size": [2.5, 0.25]},
								"west": {"uv": [21, 41], "uv_size": [1, 0.25]},
								"up": {"uv": [19, 3], "uv_size": [2.5, 1]},
								"down": {"uv": [19, 15], "uv_size": [2.5, -1]}
							}
						},
						{
							"origin": [-0.9625, 3.16406, 1.62813],
							"size": [2.55, 0.23438, 1.05624],
							"uv": {
								"north": {"uv": [32, 31], "uv_size": [2.5, 0.25]},
								"east": {"uv": [41, 21], "uv_size": [1, 0.25]},
								"south": {"uv": [32, 32], "uv_size": [2.5, 0.25]},
								"west": {"uv": [22, 41], "uv_size": [1, 0.25]},
								"up": {"uv": [19, 15], "uv_size": [2.5, 1]},
								"down": {"uv": [19, 17], "uv_size": [2.5, -1]}
							}
						},
						{
							"origin": [-0.21562, 3.16406, 0.88125],
							"size": [1.05624, 0.23438, 2.55],
							"uv": {
								"north": {"uv": [41, 19], "uv_size": [1, 0.25]},
								"east": {"uv": [32, 24], "uv_size": [2.5, 0.25]},
								"south": {"uv": [20, 41], "uv_size": [1, 0.25]},
								"west": {"uv": [32, 25], "uv_size": [2.5, 0.25]},
								"up": {"uv": [19, 0], "uv_size": [1, 2.5]},
								"down": {"uv": [14, 21.5], "uv_size": [1, -2.5]}
							}
						}
					]
				},
				{
					"name": "bone6",
					"parent": "Turret",
					"pivot": [0.24375, 3.90272, 0.64306],
					"cubes": [
						{
							"origin": [-0.34375, 3.34647, 0.45556],
							"size": [1.15625, 1, 0.46875],
							"uv": {
								"north": {"uv": [25, 23], "uv_size": [1.25, 1]},
								"east": {"uv": [6, 34], "uv_size": [0.5, 1]},
								"south": {"uv": [3, 26], "uv_size": [1.25, 1]},
								"west": {"uv": [34, 6], "uv_size": [0.5, 1]},
								"up": {"uv": [31, 21], "uv_size": [1.25, 0.5]},
								"down": {"uv": [22, 31.5], "uv_size": [1.25, -0.5]}
							}
						},
						{
							"origin": [-0.4375, 3.34647, 0.14306],
							"size": [1.34375, 1, 0.3125],
							"uv": {
								"north": {"uv": [5, 26], "uv_size": [1.25, 1]},
								"east": {"uv": [41, 2], "uv_size": [0.25, 1]},
								"south": {"uv": [26, 5], "uv_size": [1.25, 1]},
								"west": {"uv": [3, 41], "uv_size": [0.25, 1]},
								"up": {"uv": [38, 14], "uv_size": [1.25, 0.25]},
								"down": {"uv": [34, 38.25], "uv_size": [1.25, -0.25]}
							}
						},
						{
							"origin": [0.0625, 3.75272, -6.91944],
							"size": [0.375, 0.375, 7.0625],
							"uv": {
								"north": {"uv": [41, 3], "uv_size": [0.5, 0.5]},
								"east": {"uv": [16, 10], "uv_size": [7, 0.5]},
								"south": {"uv": [4, 41], "uv_size": [0.5, 0.5]},
								"west": {"uv": [17, 11], "uv_size": [7, 0.5]},
								"up": {"uv": [9, 16], "uv_size": [0.5, 7]},
								"down": {"uv": [0, 24], "uv_size": [0.5, -7]}
							}
						},
						{
							"origin": [0, 3.72147, -6.54444],
							"size": [0.5, 0.4375, 0.34375],
							"uv": {
								"north": {"uv": [41, 4], "uv_size": [0.5, 0.5]},
								"east": {"uv": [43, 0], "uv_size": [0.25, 0.5]},
								"south": {"uv": [5, 41], "uv_size": [0.5, 0.5]},
								"west": {"uv": [1, 43], "uv_size": [0.25, 0.5]},
								"up": {"uv": [43, 1], "uv_size": [0.5, 0.25]},
								"down": {"uv": [2, 43.25], "uv_size": [0.5, -0.25]}
							}
						},
						{
							"origin": [-0.0625, 3.72147, -6.85694],
							"size": [0.625, 0.4375, 0.1875],
							"uv": {
								"north": {"uv": [36, 30], "uv_size": [0.75, 0.5]},
								"east": {"uv": [43, 2], "uv_size": [0.25, 0.5]},
								"south": {"uv": [2, 37], "uv_size": [0.75, 0.5]},
								"west": {"uv": [3, 43], "uv_size": [0.25, 0.5]},
								"up": {"uv": [2, 42], "uv_size": [0.75, 0.25]},
								"down": {"uv": [42, 2.25], "uv_size": [0.75, -0.25]}
							}
						}
					]
				},
				{
					"name": "Cogs",
					"pivot": [0, 0, 0]
				},
				{
					"name": "BackCogs",
					"parent": "Cogs",
					"pivot": [0, -0.21875, -1.375]
				},
				{
					"name": "octagon",
					"parent": "BackCogs",
					"pivot": [-2.06125, 1.45875, 5.37313],
					"cubes": [
						{
							"origin": [-2.40895, 1.16565, 4.66552],
							"size": [0.6954, 0.5862, 1.4152],
							"pivot": [-0.99375, 1.45875, 5.37313],
							"rotation": [-45, 0, 0],
							"uv": {
								"north": {"uv": [37, 27], "uv_size": [0.75, 0.5]},
								"east": {"uv": [12, 30], "uv_size": [1.5, 0.5]},
								"south": {"uv": [37, 28], "uv_size": [0.75, 0.5]},
								"west": {"uv": [14, 30], "uv_size": [1.5, 0.5]},
								"up": {"uv": [8, 26], "uv_size": [0.75, 1.5]},
								"down": {"uv": [9, 27.5], "uv_size": [0.75, -1.5]}
							}
						},
						{
							"origin": [-2.40895, 1.16565, 4.66552],
							"size": [0.6954, 0.5862, 1.4152],
							"uv": {
								"north": {"uv": [29, 37], "uv_size": [0.75, 0.5]},
								"east": {"uv": [16, 30], "uv_size": [1.5, 0.5]},
								"south": {"uv": [37, 29], "uv_size": [0.75, 0.5]},
								"west": {"uv": [30, 16], "uv_size": [1.5, 0.5]},
								"up": {"uv": [11, 26], "uv_size": [0.75, 1.5]},
								"down": {"uv": [17, 27.5], "uv_size": [0.75, -1.5]}
							}
						},
						{
							"origin": [-2.40895, 0.75115, 5.08003],
							"size": [0.6954, 1.4152, 0.5862],
							"pivot": [-0.99375, 1.45875, 5.37313],
							"rotation": [-45, 0, 0],
							"uv": {
								"north": {"uv": [27, 3], "uv_size": [0.75, 1.5]},
								"east": {"uv": [18, 30], "uv_size": [0.5, 1.5]},
								"south": {"uv": [6, 27], "uv_size": [0.75, 1.5]},
								"west": {"uv": [19, 30], "uv_size": [0.5, 1.5]},
								"up": {"uv": [37, 30], "uv_size": [0.75, 0.5]},
								"down": {"uv": [37, 31.5], "uv_size": [0.75, -0.5]}
							}
						},
						{
							"origin": [-2.40895, 0.75115, 5.08003],
							"size": [0.6954, 1.4152, 0.5862],
							"uv": {
								"north": {"uv": [7, 27], "uv_size": [0.75, 1.5]},
								"east": {"uv": [20, 30], "uv_size": [0.5, 1.5]},
								"south": {"uv": [10, 27], "uv_size": [0.75, 1.5]},
								"west": {"uv": [21, 30], "uv_size": [0.5, 1.5]},
								"up": {"uv": [32, 37], "uv_size": [0.75, 0.5]},
								"down": {"uv": [37, 32.5], "uv_size": [0.75, -0.5]}
							}
						}
					]
				},
				{
					"name": "octagon2",
					"parent": "BackCogs",
					"pivot": [2.3625, 1.45875, 5.37313],
					"cubes": [
						{
							"origin": [2.0148, 1.16565, 4.66552],
							"size": [0.6954, 0.5862, 1.4152],
							"pivot": [1.295, 1.45875, 5.37313],
							"rotation": [-45, 0, 0],
							"uv": {
								"north": {"uv": [37, 33], "uv_size": [0.75, 0.5]},
								"east": {"uv": [30, 17], "uv_size": [1.5, 0.5]},
								"south": {"uv": [37, 34], "uv_size": [0.75, 0.5]},
								"west": {"uv": [22, 30], "uv_size": [1.5, 0.5]},
								"up": {"uv": [12, 27], "uv_size": [0.75, 1.5]},
								"down": {"uv": [13, 28.5], "uv_size": [0.75, -1.5]}
							}
						},
						{
							"origin": [2.0148, 1.16565, 4.66552],
							"size": [0.6954, 0.5862, 1.4152],
							"uv": {
								"north": {"uv": [37, 35], "uv_size": [0.75, 0.5]},
								"east": {"uv": [24, 30], "uv_size": [1.5, 0.5]},
								"south": {"uv": [36, 37], "uv_size": [0.75, 0.5]},
								"west": {"uv": [26, 30], "uv_size": [1.5, 0.5]},
								"up": {"uv": [14, 27], "uv_size": [0.75, 1.5]},
								"down": {"uv": [15, 28.5], "uv_size": [0.75, -1.5]}
							}
						},
						{
							"origin": [2.0148, 0.75115, 5.08003],
							"size": [0.6954, 1.4152, 0.5862],
							"pivot": [1.295, 1.45875, 5.37313],
							"rotation": [-45, 0, 0],
							"uv": {
								"north": {"uv": [16, 27], "uv_size": [0.75, 1.5]},
								"east": {"uv": [28, 30], "uv_size": [0.5, 1.5]},
								"south": {"uv": [18, 27], "uv_size": [0.75, 1.5]},
								"west": {"uv": [29, 30], "uv_size": [0.5, 1.5]},
								"up": {"uv": [37, 36], "uv_size": [0.75, 0.5]},
								"down": {"uv": [37, 37.5], "uv_size": [0.75, -0.5]}
							}
						},
						{
							"origin": [2.0148, 0.75115, 5.08003],
							"size": [0.6954, 1.4152, 0.5862],
							"uv": {
								"north": {"uv": [19, 27], "uv_size": [0.75, 1.5]},
								"east": {"uv": [30, 29], "uv_size": [0.5, 1.5]},
								"south": {"uv": [20, 27], "uv_size": [0.75, 1.5]},
								"west": {"uv": [0, 31], "uv_size": [0.5, 1.5]},
								"up": {"uv": [0, 38], "uv_size": [0.75, 0.5]},
								"down": {"uv": [38, 0.5], "uv_size": [0.75, -0.5]}
							}
						}
					]
				},
				{
					"name": "Front",
					"parent": "Cogs",
					"pivot": [0, 1.8125, -1.96875]
				},
				{
					"name": "octagon3",
					"parent": "Front",
					"pivot": [-1.8125, 1.84375, -1.90625],
					"cubes": [
						{
							"origin": [-2.0975, 1.60351, -2.48625],
							"size": [0.57, 0.48049, 1.16],
							"pivot": [-1.8125, 1.84375, -1.90625],
							"rotation": [-45, 0, 0],
							"uv": {
								"north": {"uv": [41, 10], "uv_size": [0.5, 0.5]},
								"east": {"uv": [31, 22], "uv_size": [1.25, 0.5]},
								"south": {"uv": [11, 41], "uv_size": [0.5, 0.5]},
								"west": {"uv": [24, 31], "uv_size": [1.25, 0.5]},
								"up": {"uv": [31, 24], "uv_size": [0.5, 1.25]},
								"down": {"uv": [26, 32.25], "uv_size": [0.5, -1.25]}
							}
						},
						{
							"origin": [-2.0975, 1.60351, -2.48625],
							"size": [0.57, 0.48049, 1.16],
							"uv": {
								"north": {"uv": [41, 11], "uv_size": [0.5, 0.5]},
								"east": {"uv": [31, 26], "uv_size": [1.25, 0.5]},
								"south": {"uv": [12, 41], "uv_size": [0.5, 0.5]},
								"west": {"uv": [31, 28], "uv_size": [1.25, 0.5]},
								"up": {"uv": [27, 31], "uv_size": [0.5, 1.25]},
								"down": {"uv": [31, 30.25], "uv_size": [0.5, -1.25]}
							}
						},
						{
							"origin": [-2.0975, 1.26375, -2.14649],
							"size": [0.57, 1.16, 0.48049],
							"pivot": [-0.9375, 1.84375, -1.90625],
							"rotation": [-45, 0, 0],
							"uv": {
								"north": {"uv": [30, 31], "uv_size": [0.5, 1.25]},
								"east": {"uv": [31, 31], "uv_size": [0.5, 1.25]},
								"south": {"uv": [32, 0], "uv_size": [0.5, 1.25]},
								"west": {"uv": [32, 2], "uv_size": [0.5, 1.25]},
								"up": {"uv": [41, 12], "uv_size": [0.5, 0.5]},
								"down": {"uv": [13, 41.5], "uv_size": [0.5, -0.5]}
							}
						},
						{
							"origin": [-2.0975, 1.26375, -2.14649],
							"size": [0.57, 1.16, 0.48049],
							"uv": {
								"north": {"uv": [5, 32], "uv_size": [0.5, 1.25]},
								"east": {"uv": [6, 32], "uv_size": [0.5, 1.25]},
								"south": {"uv": [7, 32], "uv_size": [0.5, 1.25]},
								"west": {"uv": [8, 32], "uv_size": [0.5, 1.25]},
								"up": {"uv": [41, 13], "uv_size": [0.5, 0.5]},
								"down": {"uv": [14, 41.5], "uv_size": [0.5, -0.5]}
							}
						}
					]
				},
				{
					"name": "octagon4",
					"parent": "Front",
					"pivot": [2.4375, 1.84375, -1.90625],
					"cubes": [
						{
							"origin": [2.1525, 1.60351, -2.48625],
							"size": [0.57, 0.48049, 1.16],
							"pivot": [1.5625, 1.84375, -1.90625],
							"rotation": [-45, 0, 0],
							"uv": {
								"north": {"uv": [41, 14], "uv_size": [0.5, 0.5]},
								"east": {"uv": [9, 32], "uv_size": [1.25, 0.5]},
								"south": {"uv": [15, 41], "uv_size": [0.5, 0.5]},
								"west": {"uv": [32, 10], "uv_size": [1.25, 0.5]},
								"up": {"uv": [11, 32], "uv_size": [0.5, 1.25]},
								"down": {"uv": [12, 33.25], "uv_size": [0.5, -1.25]}
							}
						},
						{
							"origin": [2.1525, 1.60351, -2.48625],
							"size": [0.57, 0.48049, 1.16],
							"uv": {
								"north": {"uv": [41, 15], "uv_size": [0.5, 0.5]},
								"east": {"uv": [32, 12], "uv_size": [1.25, 0.5]},
								"south": {"uv": [16, 41], "uv_size": [0.5, 0.5]},
								"west": {"uv": [32, 13], "uv_size": [1.25, 0.5]},
								"up": {"uv": [32, 14], "uv_size": [0.5, 1.25]},
								"down": {"uv": [15, 33.25], "uv_size": [0.5, -1.25]}
							}
						},
						{
							"origin": [2.1525, 1.26375, -2.14649],
							"size": [0.57, 1.16, 0.48049],
							"pivot": [1.5625, 1.84375, -1.90625],
							"rotation": [-45, 0, 0],
							"uv": {
								"north": {"uv": [16, 32], "uv_size": [0.5, 1.25]},
								"east": {"uv": [32, 16], "uv_size": [0.5, 1.25]},
								"south": {"uv": [18, 32], "uv_size": [0.5, 1.25]},
								"west": {"uv": [19, 32], "uv_size": [0.5, 1.25]},
								"up": {"uv": [41, 16], "uv_size": [0.5, 0.5]},
								"down": {"uv": [17, 41.5], "uv_size": [0.5, -0.5]}
							}
						},
						{
							"origin": [2.1525, 1.26375, -2.14649],
							"size": [0.57, 1.16, 0.48049],
							"uv": {
								"north": {"uv": [32, 19], "uv_size": [0.5, 1.25]},
								"east": {"uv": [20, 32], "uv_size": [0.5, 1.25]},
								"south": {"uv": [21, 32], "uv_size": [0.5, 1.25]},
								"west": {"uv": [22, 32], "uv_size": [0.5, 1.25]},
								"up": {"uv": [41, 17], "uv_size": [0.5, 0.5]},
								"down": {"uv": [18, 41.5], "uv_size": [0.5, -0.5]}
							}
						}
					]
				}
			]
		}
	]
}