{
	"format_version": "1.12.0",
	"minecraft:geometry": [
		{
			"description": {
				"identifier": "geometry.bf_109",
				"texture_width": 32,
				"texture_height": 32,
				"visible_bounds_width": 2,
				"visible_bounds_height": 1.5,
				"visible_bounds_offset": [0, 0.25, 0]
			},
			"bones": [
				{
					"name": "Plane",
					"pivot": [-0.00523, 1.58565, -0.31074],
					"rotation": [-12.5, 0, 0],
					"cubes": [
						{
							"origin": [-0.47683, 0.77425, -5.04057],
							"size": [1, 0.78125, 0.28125],
							"uv": {
								"north": {"uv": [14, 16], "uv_size": [1, 0.75]},
								"east": {"uv": [10, 23], "uv_size": [0.25, 0.75]},
								"south": {"uv": [16, 14], "uv_size": [1, 0.75]},
								"west": {"uv": [17, 23], "uv_size": [0.25, 0.75]},
								"up": {"uv": [22, 16], "uv_size": [1, 0.25]},
								"down": {"uv": [22, 17.25], "uv_size": [1, -0.25]}
							}
						},
						{
							"origin": [-0.21067, 0.96175, -5.57182],
							"size": [0.425, 0.425, 0.56255],
							"uv": {
								"north": {"uv": [5, 24], "uv_size": [0.375, 0.5]},
								"east": {"uv": [22, 1], "uv_size": [0.625, 0.5]},
								"south": {"uv": [24, 5], "uv_size": [0.375, 0.5]},
								"west": {"uv": [2, 22], "uv_size": [0.625, 0.5]},
								"up": {"uv": [4, 23], "uv_size": [0.375, 0.625]},
								"down": {"uv": [5, 23.625], "uv_size": [0.375, -0.625]}
							}
						},
						{
							"origin": [-0.08933, 0.96175, -5.57182],
							"size": [0.3, 0.425, 0.56255],
							"pivot": [0.21067, 1.293, -5.57182],
							"rotation": [0, 20, 0],
							"uv": {
								"north": {"uv": [26, 20], "uv_size": [0.25, 0.5]},
								"east": {"uv": [3, 22], "uv_size": [0.625, 0.5]},
								"south": {"uv": [21, 26], "uv_size": [0.25, 0.5]},
								"west": {"uv": [4, 22], "uv_size": [0.625, 0.5]},
								"up": {"uv": [25, 4], "uv_size": [0.25, 0.625]},
								"down": {"uv": [5, 25.625], "uv_size": [0.25, -0.625]}
							}
						},
						{
							"origin": [-0.21067, 0.96175, -5.57182],
							"size": [0.3, 0.425, 0.56255],
							"pivot": [-0.21067, 1.38675, -5.57182],
							"rotation": [0, -20, 0],
							"uv": {
								"north": {"uv": [26, 21], "uv_size": [0.25, 0.5]},
								"east": {"uv": [5, 22], "uv_size": [0.625, 0.5]},
								"south": {"uv": [22, 26], "uv_size": [0.25, 0.5]},
								"west": {"uv": [6, 22], "uv_size": [0.625, 0.5]},
								"up": {"uv": [25, 6], "uv_size": [0.25, 0.625]},
								"down": {"uv": [7, 25.625], "uv_size": [0.25, -0.625]}
							}
						},
						{
							"origin": [-0.21067, 0.993, -5.57182],
							"size": [0.3, 0.39375, 0.68755],
							"pivot": [-0.21067, 1.38675, -5.57182],
							"rotation": [20, -20, 0],
							"uv": {
								"north": {"uv": [1, 28], "uv_size": [0.25, 0.375]},
								"east": {"uv": [9, 22], "uv_size": [0.75, 0.375]},
								"south": {"uv": [28, 1], "uv_size": [0.25, 0.375]},
								"west": {"uv": [10, 22], "uv_size": [0.75, 0.375]},
								"up": {"uv": [6, 24], "uv_size": [0.25, 0.75]},
								"down": {"uv": [24, 6.75], "uv_size": [0.25, -0.75]}
							}
						},
						{
							"origin": [-0.26404, 0.93423, -5.42518],
							"size": [0.3, 0.45625, 0.5938],
							"pivot": [-0.26404, 1.39048, -5.42518],
							"rotation": [-20, -20, 0],
							"uv": {
								"north": {"uv": [26, 23], "uv_size": [0.25, 0.5]},
								"east": {"uv": [7, 22], "uv_size": [0.625, 0.5]},
								"south": {"uv": [24, 26], "uv_size": [0.25, 0.5]},
								"west": {"uv": [22, 7], "uv_size": [0.625, 0.5]},
								"up": {"uv": [25, 11], "uv_size": [0.25, 0.625]},
								"down": {"uv": [12, 25.625], "uv_size": [0.25, -0.625]}
							}
						},
						{
							"origin": [-0.0323, 0.93423, -5.42518],
							"size": [0.3, 0.45625, 0.5938],
							"pivot": [0.2677, 1.39048, -5.42518],
							"rotation": [-20, 20, 0],
							"uv": {
								"north": {"uv": [26, 25], "uv_size": [0.25, 0.5]},
								"east": {"uv": [8, 22], "uv_size": [0.625, 0.5]},
								"south": {"uv": [26, 26], "uv_size": [0.25, 0.5]},
								"west": {"uv": [22, 8], "uv_size": [0.625, 0.5]},
								"up": {"uv": [21, 25], "uv_size": [0.25, 0.625]},
								"down": {"uv": [22, 25.625], "uv_size": [0.25, -0.625]}
							}
						},
						{
							"origin": [0.03621, 0.96368, -5.56248],
							"size": [0.175, 0.3, 0.5938],
							"pivot": [0.21799, 0.99377, -5.57182],
							"rotation": [-20.88852, 16.41371, -6.15491],
							"uv": {
								"north": {"uv": [11, 30], "uv_size": [0.125, 0.25]},
								"east": {"uv": [3, 25], "uv_size": [0.625, 0.25]},
								"south": {"uv": [30, 11], "uv_size": [0.125, 0.25]},
								"west": {"uv": [25, 3], "uv_size": [0.625, 0.25]},
								"up": {"uv": [20, 28], "uv_size": [0.125, 0.625]},
								"down": {"uv": [28, 20.625], "uv_size": [0.125, -0.625]}
							}
						},
						{
							"origin": [-0.20738, 0.96368, -5.56138],
							"size": [0.175, 0.3, 0.56255],
							"pivot": [-0.21067, 0.99377, -5.57182],
							"rotation": [-20.88852, -16.41371, 6.15491],
							"uv": {
								"north": {"uv": [12, 30], "uv_size": [0.125, 0.25]},
								"east": {"uv": [25, 9], "uv_size": [0.625, 0.25]},
								"south": {"uv": [30, 12], "uv_size": [0.125, 0.25]},
								"west": {"uv": [25, 10], "uv_size": [0.625, 0.25]},
								"up": {"uv": [21, 28], "uv_size": [0.125, 0.625]},
								"down": {"uv": [28, 21.625], "uv_size": [0.125, -0.625]}
							}
						},
						{
							"origin": [-0.21067, 0.9576, -5.58185],
							"size": [0.425, 0.3, 0.56255],
							"pivot": [0.21433, 0.93124, -5.56506],
							"rotation": [-20, 0, 0],
							"uv": {
								"north": {"uv": [0, 28], "uv_size": [0.375, 0.25]},
								"east": {"uv": [25, 7], "uv_size": [0.625, 0.25]},
								"south": {"uv": [28, 0], "uv_size": [0.375, 0.25]},
								"west": {"uv": [25, 8], "uv_size": [0.625, 0.25]},
								"up": {"uv": [23, 7], "uv_size": [0.375, 0.625]},
								"down": {"uv": [8, 23.625], "uv_size": [0.375, -0.625]}
							}
						},
						{
							"origin": [-0.47683, 0.4957, -2.69541],
							"size": [1, 1.53125, 0.625],
							"uv": {
								"north": {"uv": [5, 12], "uv_size": [1, 1.5]},
								"east": {"uv": [7, 15], "uv_size": [0.625, 1.5]},
								"south": {"uv": [12, 12], "uv_size": [1, 1.5]},
								"west": {"uv": [8, 15], "uv_size": [0.625, 1.5]},
								"up": {"uv": [4, 18], "uv_size": [1, 0.625]},
								"down": {"uv": [5, 18.625], "uv_size": [1, -0.625]}
							}
						},
						{
							"origin": [-0.03933, 1.7521, 4.83241],
							"size": [0.125, 0.4375, 0.75],
							"uv": {
								"north": {"uv": [22, 28], "uv_size": [0.125, 0.5]},
								"east": {"uv": [6, 20], "uv_size": [0.75, 0.5]},
								"south": {"uv": [28, 22], "uv_size": [0.125, 0.5]},
								"west": {"uv": [7, 20], "uv_size": [0.75, 0.5]},
								"up": {"uv": [27, 12], "uv_size": [0.125, 0.75]},
								"down": {"uv": [13, 27.75], "uv_size": [0.125, -0.75]}
							}
						},
						{
							"origin": [-0.03933, 1.17533, 4.31213],
							"size": [0.125, 0.4375, 0.125],
							"pivot": [0.02317, 1.17533, 4.62463],
							"rotation": [12.5, 0, 0],
							"uv": {
								"north": {"uv": [24, 28], "uv_size": [0.125, 0.5]},
								"east": {"uv": [28, 24], "uv_size": [0.125, 0.5]},
								"south": {"uv": [25, 28], "uv_size": [0.125, 0.5]},
								"west": {"uv": [28, 25], "uv_size": [0.125, 0.5]},
								"up": {"uv": [13, 30], "uv_size": [0.125, 0.125]},
								"down": {"uv": [30, 13.125], "uv_size": [0.125, -0.125]}
							}
						},
						{
							"origin": [-0.08308, 0.98783, 4.21838],
							"size": [0.2, 0.3, 0.3],
							"pivot": [0.05442, 1.20658, 4.28088],
							"rotation": [12.5, 0, 0],
							"uv": {
								"north": {"uv": [29, 24], "uv_size": [0.25, 0.25]},
								"east": {"uv": [25, 29], "uv_size": [0.25, 0.25]},
								"south": {"uv": [29, 25], "uv_size": [0.25, 0.25]},
								"west": {"uv": [26, 29], "uv_size": [0.25, 0.25]},
								"up": {"uv": [29, 26], "uv_size": [0.25, 0.25]},
								"down": {"uv": [27, 29.25], "uv_size": [0.25, -0.25]}
							}
						},
						{
							"origin": [-0.03933, 1.51908, 4.93713],
							"size": [0.125, 0.4375, 0.3125],
							"pivot": [0.02317, 1.51908, 5.24963],
							"rotation": [12.5, 0, 0],
							"uv": {
								"north": {"uv": [29, 23], "uv_size": [0.125, 0.5]},
								"east": {"uv": [7, 24], "uv_size": [0.375, 0.5]},
								"south": {"uv": [24, 29], "uv_size": [0.125, 0.5]},
								"west": {"uv": [24, 7], "uv_size": [0.375, 0.5]},
								"up": {"uv": [7, 30], "uv_size": [0.125, 0.375]},
								"down": {"uv": [30, 7.375], "uv_size": [0.125, -0.375]}
							}
						},
						{
							"origin": [-0.03933, 1.7521, 5.17616],
							"size": [0.125, 0.4375, 0.40625],
							"pivot": [0.02317, 1.7521, 5.58241],
							"rotation": [35, 0, 0],
							"uv": {
								"north": {"uv": [26, 28], "uv_size": [0.125, 0.5]},
								"east": {"uv": [23, 17], "uv_size": [0.375, 0.5]},
								"south": {"uv": [28, 26], "uv_size": [0.125, 0.5]},
								"west": {"uv": [18, 23], "uv_size": [0.375, 0.5]},
								"up": {"uv": [29, 27], "uv_size": [0.125, 0.375]},
								"down": {"uv": [28, 29.375], "uv_size": [0.125, -0.375]}
							}
						},
						{
							"origin": [-0.03933, 1.46445, 4.21084],
							"size": [0.125, 1.8125, 0.75],
							"uv": {
								"north": {"uv": [23, 0], "uv_size": [0.125, 1.875]},
								"east": {"uv": [0, 13], "uv_size": [0.75, 1.875]},
								"south": {"uv": [1, 23], "uv_size": [0.125, 1.875]},
								"west": {"uv": [1, 13], "uv_size": [0.75, 1.875]},
								"up": {"uv": [27, 13], "uv_size": [0.125, 0.75]},
								"down": {"uv": [27, 14.75], "uv_size": [0.125, -0.75]}
							}
						},
						{
							"origin": [-0.03933, 1.99747, 4.20362],
							"size": [0.125, 1.28125, 0.5625],
							"pivot": [-0.03933, 3.26309, 4.20362],
							"rotation": [-27.5, 0, 0],
							"uv": {
								"north": {"uv": [13, 24], "uv_size": [0.125, 1.25]},
								"east": {"uv": [16, 5], "uv_size": [0.625, 1.25]},
								"south": {"uv": [14, 24], "uv_size": [0.125, 1.25]},
								"west": {"uv": [6, 16], "uv_size": [0.625, 1.25]},
								"up": {"uv": [7, 28], "uv_size": [0.125, 0.625]},
								"down": {"uv": [28, 7.625], "uv_size": [0.125, -0.625]}
							}
						},
						{
							"origin": [-0.03933, 2.62247, 4.5618],
							"size": [0.125, 0.65625, 0.40625],
							"pivot": [-0.03933, 3.26309, 4.96805],
							"rotation": [47.5, 0, 0],
							"uv": {
								"north": {"uv": [8, 28], "uv_size": [0.125, 0.625]},
								"east": {"uv": [21, 7], "uv_size": [0.5, 0.625]},
								"south": {"uv": [28, 8], "uv_size": [0.125, 0.625]},
								"west": {"uv": [21, 8], "uv_size": [0.5, 0.625]},
								"up": {"uv": [23, 28], "uv_size": [0.125, 0.5]},
								"down": {"uv": [28, 23.5], "uv_size": [0.125, -0.5]}
							}
						},
						{
							"origin": [-0.03933, 2.17441, 4.81875],
							"size": [0.125, 0.65625, 0.625],
							"pivot": [-0.03933, 2.81504, 5.44375],
							"rotation": [12.5, 0, 0],
							"uv": {
								"north": {"uv": [9, 28], "uv_size": [0.125, 0.625]},
								"east": {"uv": [20, 1], "uv_size": [0.625, 0.625]},
								"south": {"uv": [28, 9], "uv_size": [0.125, 0.625]},
								"west": {"uv": [3, 20], "uv_size": [0.625, 0.625]},
								"up": {"uv": [10, 28], "uv_size": [0.125, 0.625]},
								"down": {"uv": [28, 10.625], "uv_size": [0.125, -0.625]}
							}
						},
						{
							"origin": [-0.47683, 0.77676, -5.11447],
							"size": [1, 0.96875, 0.28125],
							"pivot": [0.52317, 1.74551, -4.83322],
							"rotation": [42.5, 0, 0],
							"uv": {
								"north": {"uv": [15, 0], "uv_size": [1, 1]},
								"east": {"uv": [19, 22], "uv_size": [0.25, 1]},
								"south": {"uv": [2, 15], "uv_size": [1, 1]},
								"west": {"uv": [22, 19], "uv_size": [0.25, 1]},
								"up": {"uv": [22, 20], "uv_size": [1, 0.25]},
								"down": {"uv": [21, 22.25], "uv_size": [1, -0.25]}
							}
						},
						{
							"origin": [-0.474, 1.57786, -4.53874],
							"size": [0.997, 0.96875, 2.15625],
							"pivot": [0.52317, -0.10036, 1.42519],
							"rotation": [7.5, 0, 0],
							"uv": {
								"north": {"uv": [6, 15], "uv_size": [1, 1]},
								"east": {"uv": [0, 11], "uv_size": [2.125, 1]},
								"south": {"uv": [15, 6], "uv_size": [1, 1]},
								"west": {"uv": [3, 11], "uv_size": [2.125, 1]},
								"up": {"uv": [6, 11], "uv_size": [1, 2.125]},
								"down": {"uv": [7, 13.125], "uv_size": [1, -2.125]}
							}
						},
						{
							"origin": [-0.47683, 0.49415, -5.07171],
							"size": [1, 0.84375, 0.96875],
							"pivot": [0.52317, 0.4957, -4.10166],
							"rotation": [-15, 0, 0],
							"uv": {
								"north": {"uv": [15, 10], "uv_size": [1, 0.875]},
								"east": {"uv": [15, 12], "uv_size": [1, 0.875]},
								"south": {"uv": [13, 15], "uv_size": [1, 0.875]},
								"west": {"uv": [15, 13], "uv_size": [1, 0.875]},
								"up": {"uv": [15, 3], "uv_size": [1, 1]},
								"down": {"uv": [15, 5], "uv_size": [1, -1]}
							}
						},
						{
							"origin": [-0.47683, 0.4957, -2.07041],
							"size": [0.0625, 1.34375, 1.09375],
							"uv": {
								"north": {"uv": [8, 24], "uv_size": [0.125, 1.375]},
								"east": {"uv": [12, 1], "uv_size": [1.125, 1.375]},
								"south": {"uv": [9, 24], "uv_size": [0.125, 1.375]},
								"west": {"uv": [3, 12], "uv_size": [1.125, 1.375]},
								"up": {"uv": [10, 26], "uv_size": [0.125, 1.125]},
								"down": {"uv": [26, 11.125], "uv_size": [0.125, -1.125]}
							}
						},
						{
							"origin": [-0.41433, 0.4957, -2.07041],
							"size": [0.875, 0.40625, 1.09375],
							"uv": {
								"north": {"uv": [20, 7], "uv_size": [1, 0.375]},
								"east": {"uv": [20, 0], "uv_size": [1.125, 0.375]},
								"south": {"uv": [8, 20], "uv_size": [1, 0.375]},
								"west": {"uv": [1, 20], "uv_size": [1.125, 0.375]},
								"up": {"uv": [0, 15], "uv_size": [1, 1.125]},
								"down": {"uv": [1, 16.125], "uv_size": [1, -1.125]}
							}
						},
						{
							"origin": [-0.3375, 0.89261, -1.48595],
							"size": [0.8, 0.15625, 0.8],
							"uv": {
								"north": {"uv": [2, 28], "uv_size": [0.75, 0.125]},
								"east": {"uv": [28, 2], "uv_size": [0.75, 0.125]},
								"south": {"uv": [3, 28], "uv_size": [0.75, 0.125]},
								"west": {"uv": [28, 3], "uv_size": [0.75, 0.125]},
								"up": {"uv": [19, 1], "uv_size": [0.75, 0.75]},
								"down": {"uv": [2, 19.75], "uv_size": [0.75, -0.75]}
							}
						},
						{
							"origin": [-0.3375, 0.95511, -0.8922],
							"size": [0.8, 0.84375, 0.14375],
							"pivot": [0.0625, 1.37699, -0.82033],
							"rotation": [-12.5, 0, 0],
							"uv": {
								"north": {"uv": [9, 17], "uv_size": [0.75, 0.875]},
								"east": {"uv": [27, 10], "uv_size": [0.125, 0.875]},
								"south": {"uv": [10, 17], "uv_size": [0.75, 0.875]},
								"west": {"uv": [11, 27], "uv_size": [0.125, 0.875]},
								"up": {"uv": [4, 28], "uv_size": [0.75, 0.125]},
								"down": {"uv": [28, 4.125], "uv_size": [0.75, -0.125]}
							}
						},
						{
							"origin": [0.46067, 0.4957, -2.07041],
							"size": [0.0625, 1.34375, 1.09375],
							"uv": {
								"north": {"uv": [10, 24], "uv_size": [0.125, 1.375]},
								"east": {"uv": [8, 12], "uv_size": [1.125, 1.375]},
								"south": {"uv": [11, 24], "uv_size": [0.125, 1.375]},
								"west": {"uv": [10, 12], "uv_size": [1.125, 1.375]},
								"up": {"uv": [26, 13], "uv_size": [0.125, 1.125]},
								"down": {"uv": [14, 27.125], "uv_size": [0.125, -1.125]}
							}
						},
						{
							"origin": [0.42317, 2.22822, -1.83548],
							"size": [0.1, 0.1, 1.5],
							"uv": {
								"north": {"uv": [16, 30], "uv_size": [0.125, 0.125]},
								"east": {"uv": [22, 23], "uv_size": [1.5, 0.125]},
								"south": {"uv": [30, 16], "uv_size": [0.125, 0.125]},
								"west": {"uv": [23, 22], "uv_size": [1.5, 0.125]},
								"up": {"uv": [0, 24], "uv_size": [0.125, 1.5]},
								"down": {"uv": [24, 1.5], "uv_size": [0.125, -1.5]}
							}
						},
						{
							"origin": [-0.47683, 2.22822, -1.83548],
							"size": [0.1, 0.1, 1.5],
							"uv": {
								"north": {"uv": [21, 30], "uv_size": [0.125, 0.125]},
								"east": {"uv": [2, 24], "uv_size": [1.5, 0.125]},
								"south": {"uv": [30, 21], "uv_size": [0.125, 0.125]},
								"west": {"uv": [24, 2], "uv_size": [1.5, 0.125]},
								"up": {"uv": [24, 3], "uv_size": [0.125, 1.5]},
								"down": {"uv": [4, 25.5], "uv_size": [0.125, -1.5]}
							}
						},
						{
							"origin": [-0.37683, 2.29822, -1.30423],
							"size": [0.81875, 0.03, 0.1],
							"uv": {
								"north": {"uv": [27, 1], "uv_size": [0.875, 0.125]},
								"east": {"uv": [26, 30], "uv_size": [0.125, 0.125]},
								"south": {"uv": [2, 27], "uv_size": [0.875, 0.125]},
								"west": {"uv": [30, 26], "uv_size": [0.125, 0.125]},
								"up": {"uv": [27, 2], "uv_size": [0.875, 0.125]},
								"down": {"uv": [27, 3.125], "uv_size": [0.875, -0.125]}
							}
						},
						{
							"origin": [0.00442, 2.99684, -0.23655],
							"size": [0.03125, 0.03, 4.38125],
							"uv": {
								"north": {"uv": [27, 1], "uv_size": [0.875, 0.125]},
								"east": {"uv": [26, 30], "uv_size": [0.125, 0.125]},
								"south": {"uv": [2, 27], "uv_size": [0.875, 0.125]},
								"west": {"uv": [30, 26], "uv_size": [0.125, 0.125]},
								"up": {"uv": [27, 2], "uv_size": [0.875, 0.125]},
								"down": {"uv": [27, 3.125], "uv_size": [0.875, -0.125]}
							}
						},
						{
							"origin": [-0.00183, 2.31882, -0.34161],
							"size": [0.06875, 0.74875, 0.1],
							"uv": {
								"north": {"uv": [27, 1], "uv_size": [0.875, 0.125]},
								"east": {"uv": [26, 30], "uv_size": [0.125, 0.125]},
								"south": {"uv": [2, 27], "uv_size": [0.875, 0.125]},
								"west": {"uv": [30, 26], "uv_size": [0.125, 0.125]},
								"up": {"uv": [27, 2], "uv_size": [0.875, 0.125]},
								"down": {"uv": [27, 3.125], "uv_size": [0.875, -0.125]}
							}
						},
						{
							"origin": [-0.37683, 2.29822, -0.83548],
							"size": [0.81875, 0.03, 0.1],
							"uv": {
								"north": {"uv": [7, 27], "uv_size": [0.875, 0.125]},
								"east": {"uv": [28, 30], "uv_size": [0.125, 0.125]},
								"south": {"uv": [8, 27], "uv_size": [0.875, 0.125]},
								"west": {"uv": [30, 28], "uv_size": [0.125, 0.125]},
								"up": {"uv": [27, 8], "uv_size": [0.875, 0.125]},
								"down": {"uv": [27, 9.125], "uv_size": [0.875, -0.125]}
							}
						},
						{
							"origin": [-0.37683, 2.29822, -1.83548],
							"size": [0.81875, 0.03, 0.1],
							"uv": {
								"north": {"uv": [4, 27], "uv_size": [0.875, 0.125]},
								"east": {"uv": [27, 30], "uv_size": [0.125, 0.125]},
								"south": {"uv": [5, 27], "uv_size": [0.875, 0.125]},
								"west": {"uv": [30, 27], "uv_size": [0.125, 0.125]},
								"up": {"uv": [27, 5], "uv_size": [0.875, 0.125]},
								"down": {"uv": [27, 6.125], "uv_size": [0.875, -0.125]}
							}
						},
						{
							"origin": [0.48567, 1.72822, -1.30423],
							"size": [0.0375, 0.5, 0.1],
							"uv": {
								"north": {"uv": [29, 4], "uv_size": [0.125, 0.5]},
								"east": {"uv": [5, 29], "uv_size": [0.125, 0.5]},
								"south": {"uv": [29, 5], "uv_size": [0.125, 0.5]},
								"west": {"uv": [6, 29], "uv_size": [0.125, 0.5]},
								"up": {"uv": [18, 30], "uv_size": [0.125, 0.125]},
								"down": {"uv": [30, 18.125], "uv_size": [0.125, -0.125]}
							}
						},
						{
							"origin": [0.48567, 1.72822, -0.83548],
							"size": [0.0375, 0.5, 0.1],
							"uv": {
								"north": {"uv": [29, 8], "uv_size": [0.125, 0.5]},
								"east": {"uv": [9, 29], "uv_size": [0.125, 0.5]},
								"south": {"uv": [29, 9], "uv_size": [0.125, 0.5]},
								"west": {"uv": [10, 29], "uv_size": [0.125, 0.5]},
								"up": {"uv": [20, 30], "uv_size": [0.125, 0.125]},
								"down": {"uv": [30, 20.125], "uv_size": [0.125, -0.125]}
							}
						},
						{
							"origin": [0.48567, 1.72822, -1.83548],
							"size": [0.0375, 0.5, 0.1],
							"uv": {
								"north": {"uv": [29, 6], "uv_size": [0.125, 0.5]},
								"east": {"uv": [7, 29], "uv_size": [0.125, 0.5]},
								"south": {"uv": [29, 7], "uv_size": [0.125, 0.5]},
								"west": {"uv": [8, 29], "uv_size": [0.125, 0.5]},
								"up": {"uv": [19, 30], "uv_size": [0.125, 0.125]},
								"down": {"uv": [30, 19.125], "uv_size": [0.125, -0.125]}
							}
						},
						{
							"origin": [-0.47683, 1.72822, -1.83548],
							"size": [0.0375, 0.5, 0.1],
							"uv": {
								"north": {"uv": [29, 12], "uv_size": [0.125, 0.5]},
								"east": {"uv": [13, 29], "uv_size": [0.125, 0.5]},
								"south": {"uv": [29, 13], "uv_size": [0.125, 0.5]},
								"west": {"uv": [14, 29], "uv_size": [0.125, 0.5]},
								"up": {"uv": [23, 30], "uv_size": [0.125, 0.125]},
								"down": {"uv": [30, 23.125], "uv_size": [0.125, -0.125]}
							}
						},
						{
							"origin": [-0.47683, 1.72822, -0.83548],
							"size": [0.0375, 0.5, 0.1],
							"uv": {
								"north": {"uv": [29, 16], "uv_size": [0.125, 0.5]},
								"east": {"uv": [17, 29], "uv_size": [0.125, 0.5]},
								"south": {"uv": [29, 17], "uv_size": [0.125, 0.5]},
								"west": {"uv": [18, 29], "uv_size": [0.125, 0.5]},
								"up": {"uv": [25, 30], "uv_size": [0.125, 0.125]},
								"down": {"uv": [30, 25.125], "uv_size": [0.125, -0.125]}
							}
						},
						{
							"origin": [-0.47683, 1.72822, -1.30423],
							"size": [0.0375, 0.5, 0.1],
							"uv": {
								"north": {"uv": [29, 14], "uv_size": [0.125, 0.5]},
								"east": {"uv": [15, 29], "uv_size": [0.125, 0.5]},
								"south": {"uv": [29, 15], "uv_size": [0.125, 0.5]},
								"west": {"uv": [16, 29], "uv_size": [0.125, 0.5]},
								"up": {"uv": [24, 30], "uv_size": [0.125, 0.125]},
								"down": {"uv": [30, 24.125], "uv_size": [0.125, -0.125]}
							}
						},
						{
							"origin": [0.42317, 2.22822, -2.36673],
							"size": [0.1, 0.1, 0.53125],
							"pivot": [0.52317, 2.32822, -1.83548],
							"rotation": [52.5, 0, 0],
							"uv": {
								"north": {"uv": [17, 30], "uv_size": [0.125, 0.125]},
								"east": {"uv": [29, 2], "uv_size": [0.5, 0.125]},
								"south": {"uv": [30, 17], "uv_size": [0.125, 0.125]},
								"west": {"uv": [3, 29], "uv_size": [0.5, 0.125]},
								"up": {"uv": [29, 3], "uv_size": [0.125, 0.5]},
								"down": {"uv": [4, 29.5], "uv_size": [0.125, -0.5]}
							}
						},
						{
							"origin": [-0.47683, 2.22822, -2.36673],
							"size": [0.1, 0.1, 0.53125],
							"pivot": [0.52942, 2.32822, -1.83548],
							"rotation": [52.5, 0, 0],
							"uv": {
								"north": {"uv": [22, 30], "uv_size": [0.125, 0.125]},
								"east": {"uv": [29, 10], "uv_size": [0.5, 0.125]},
								"south": {"uv": [30, 22], "uv_size": [0.125, 0.125]},
								"west": {"uv": [11, 29], "uv_size": [0.5, 0.125]},
								"up": {"uv": [29, 11], "uv_size": [0.125, 0.5]},
								"down": {"uv": [12, 29.5], "uv_size": [0.125, -0.5]}
							}
						},
						{
							"origin": [-0.47683, 0.4957, -4.10166],
							"size": [1, 0.8125, 1.40625],
							"uv": {
								"north": {"uv": [14, 15], "uv_size": [1, 0.875]},
								"east": {"uv": [14, 11], "uv_size": [1.375, 0.875]},
								"south": {"uv": [15, 14], "uv_size": [1, 0.875]},
								"west": {"uv": [13, 14], "uv_size": [1.375, 0.875]},
								"up": {"uv": [2, 13], "uv_size": [1, 1.375]},
								"down": {"uv": [3, 15.375], "uv_size": [1, -1.375]}
							}
						},
						{
							"origin": [-0.53933, 0.96445, -4.38291],
							"size": [1.125, 0.15625, 1.28125],
							"uv": {
								"north": {"uv": [15, 26], "uv_size": [1.125, 0.125]},
								"east": {"uv": [25, 22], "uv_size": [1.25, 0.125]},
								"south": {"uv": [26, 15], "uv_size": [1.125, 0.125]},
								"west": {"uv": [25, 24], "uv_size": [1.25, 0.125]},
								"up": {"uv": [13, 12], "uv_size": [1.125, 1.25]},
								"down": {"uv": [14, 2.25], "uv_size": [1.125, -1.25]}
							}
						},
						{
							"origin": [2.3919, 1.05598, -3.3407],
							"size": [0.1, 0.1, 1.28125],
							"uv": {
								"north": {"uv": [29, 30], "uv_size": [0.125, 0.125]},
								"east": {"uv": [4, 26], "uv_size": [1.25, 0.125]},
								"south": {"uv": [30, 29], "uv_size": [0.125, 0.125]},
								"west": {"uv": [26, 4], "uv_size": [1.25, 0.125]},
								"up": {"uv": [26, 5], "uv_size": [0.125, 1.25]},
								"down": {"uv": [6, 27.25], "uv_size": [0.125, -1.25]}
							}
						},
						{
							"origin": [-2.0544, 1.05598, -3.3407],
							"size": [0.1, 0.1, 1.28125],
							"uv": {
								"north": {"uv": [30, 30], "uv_size": [0.125, 0.125]},
								"east": {"uv": [7, 26], "uv_size": [1.25, 0.125]},
								"south": {"uv": [0, 31], "uv_size": [0.125, 0.125]},
								"west": {"uv": [26, 7], "uv_size": [1.25, 0.125]},
								"up": {"uv": [26, 8], "uv_size": [0.125, 1.25]},
								"down": {"uv": [9, 27.25], "uv_size": [0.125, -1.25]}
							}
						},
						{
							"origin": [-0.41433, 0.52695, -0.97666],
							"size": [0.875, 0.125, 0.625],
							"pivot": [0.52317, 0.52695, -0.97666],
							"rotation": [7.5, 0, 0],
							"uv": {
								"north": {"uv": [26, 16], "uv_size": [1, 0.125]},
								"east": {"uv": [5, 28], "uv_size": [0.625, 0.125]},
								"south": {"uv": [17, 26], "uv_size": [1, 0.125]},
								"west": {"uv": [28, 5], "uv_size": [0.625, 0.125]},
								"up": {"uv": [11, 17], "uv_size": [1, 0.625]},
								"down": {"uv": [12, 17.625], "uv_size": [1, -0.625]}
							}
						},
						{
							"origin": [-0.47683, 0.51401, -0.49182],
							"size": [1, 0.1875, 0.09375],
							"pivot": [0.52317, 0.42026, -1.02307],
							"rotation": [7.5, 0, 0],
							"uv": {
								"north": {"uv": [22, 21], "uv_size": [1, 0.25]},
								"east": {"uv": [10, 30], "uv_size": [0.125, 0.25]},
								"south": {"uv": [22, 22], "uv_size": [1, 0.25]},
								"west": {"uv": [30, 10], "uv_size": [0.125, 0.25]},
								"up": {"uv": [26, 19], "uv_size": [1, 0.125]},
								"down": {"uv": [20, 26.125], "uv_size": [1, -0.125]}
							}
						},
						{
							"origin": [-0.47683, 0.52695, -0.97666],
							"size": [0.0625, 1.1875, 0.625],
							"pivot": [0.52317, 0.52695, -0.97666],
							"rotation": [7.5, 0, 0],
							"uv": {
								"north": {"uv": [1, 25], "uv_size": [0.125, 1.25]},
								"east": {"uv": [16, 12], "uv_size": [0.625, 1.25]},
								"south": {"uv": [2, 25], "uv_size": [0.125, 1.25]},
								"west": {"uv": [13, 16], "uv_size": [0.625, 1.25]},
								"up": {"uv": [18, 28], "uv_size": [0.125, 0.625]},
								"down": {"uv": [28, 18.625], "uv_size": [0.125, -0.625]}
							}
						},
						{
							"origin": [0.46067, 0.52695, -0.97666],
							"size": [0.0625, 1.1875, 0.625],
							"pivot": [0.52317, 0.52695, -0.97666],
							"rotation": [7.5, 0, 0],
							"uv": {
								"north": {"uv": [24, 24], "uv_size": [0.125, 1.25]},
								"east": {"uv": [16, 8], "uv_size": [0.625, 1.25]},
								"south": {"uv": [25, 0], "uv_size": [0.125, 1.25]},
								"west": {"uv": [16, 10], "uv_size": [0.625, 1.25]},
								"up": {"uv": [17, 28], "uv_size": [0.125, 0.625]},
								"down": {"uv": [28, 17.625], "uv_size": [0.125, -0.625]}
							}
						},
						{
							"origin": [0.2425, 0.60853, -0.35701],
							"size": [0.2815, 1.1875, 2.625],
							"pivot": [0.52317, 0.60853, -0.35701],
							"rotation": [7.52832, -4.95712, -0.65426],
							"uv": {
								"north": {"uv": [13, 21], "uv_size": [0.25, 1.25]},
								"east": {"uv": [6, 6], "uv_size": [2.625, 1.25]},
								"south": {"uv": [21, 15], "uv_size": [0.25, 1.25]},
								"west": {"uv": [0, 7], "uv_size": [2.625, 1.25]},
								"up": {"uv": [17, 5], "uv_size": [0.25, 2.625]},
								"down": {"uv": [7, 19.625], "uv_size": [0.25, -2.625]}
							}
						},
						{
							"origin": [0.27173, 0.76383, 0.74356],
							"size": [0.2815, 1.125, 1.125],
							"pivot": [0.52317, 0.60853, -0.35701],
							"rotation": [7.52832, -4.95712, -0.65426],
							"uv": {
								"north": {"uv": [32, 32], "uv_size": [0, 0]},
								"east": {"uv": [31.03125, 31], "uv_size": [0.96875, 1]},
								"south": {"uv": [32, 32], "uv_size": [0, -0.03125]},
								"west": {"uv": [32, 32], "uv_size": [-1, -1]},
								"up": {"uv": [32, 32], "uv_size": [0, 0]},
								"down": {"uv": [32, 32], "uv_size": [0, 0]}
							}
						},
						{
							"origin": [-0.05485, 2.59198, 4.13734],
							"size": [0.1565, 0.5, 0.5],
							"uv": {
								"north": {"uv": [32, 32], "uv_size": [0, 0]},
								"east": {"uv": [31.03125, 31], "uv_size": [0.96875, 1]},
								"south": {"uv": [32, 32], "uv_size": [0, -0.03125]},
								"west": {"uv": [32, 32], "uv_size": [-1, -1]},
								"up": {"uv": [32, 32], "uv_size": [0, 0]},
								"down": {"uv": [32, 32], "uv_size": [0, 0]}
							}
						},
						{
							"origin": [-0.52198, 0.76383, 0.74356],
							"size": [0.2815, 1.125, 1.125],
							"pivot": [-0.52317, 0.60853, -0.35701],
							"rotation": [7.52832, 4.95712, 0.65426],
							"uv": {
								"north": {"uv": [32, 32], "uv_size": [0, 0]},
								"east": {"uv": [31, 32], "uv_size": [1, -1]},
								"south": {"uv": [32, 32], "uv_size": [0, -0.03125]},
								"west": {"uv": [32, 31], "uv_size": [-0.96875, 1]},
								"up": {"uv": [32, 32], "uv_size": [0, 0]},
								"down": {"uv": [32, 32], "uv_size": [0, 0]}
							}
						},
						{
							"origin": [-2.37763, -0.04681, -2.71644],
							"size": [0.2815, 1.5, 1.5],
							"pivot": [-2.04788, 0.92222, -1.68898],
							"rotation": [-0.32436, 0.03546, 94.95697],
							"uv": {
								"north": {"uv": [32, 32], "uv_size": [0, 0]},
								"east": {"uv": [31, 32], "uv_size": [1, -1]},
								"south": {"uv": [32, 32], "uv_size": [0, -0.03125]},
								"west": {"uv": [32, 31], "uv_size": [-0.96875, 1]},
								"up": {"uv": [32, 32], "uv_size": [0, 0]},
								"down": {"uv": [32, 32], "uv_size": [0, 0]}
							}
						},
						{
							"origin": [2.09613, -0.04681, -2.71644],
							"size": [0.2815, 1.5, 1.5],
							"pivot": [2.04788, 0.92222, -1.68898],
							"rotation": [-0.32436, -0.03546, -94.95697],
							"uv": {
								"north": {"uv": [32, 32], "uv_size": [0, 0]},
								"east": {"uv": [31.03125, 31], "uv_size": [0.96875, 1]},
								"south": {"uv": [32, 32], "uv_size": [0, -0.03125]},
								"west": {"uv": [32, 32], "uv_size": [-1, -1]},
								"up": {"uv": [32, 32], "uv_size": [0, 0]},
								"down": {"uv": [32, 32], "uv_size": [0, 0]}
							}
						},
						{
							"origin": [-0.47683, 0.60853, -0.35701],
							"size": [0.28125, 1.1875, 2.625],
							"pivot": [-0.47683, 0.60853, -0.35701],
							"rotation": [7.52832, 4.95712, 0.65426],
							"uv": {
								"north": {"uv": [21, 20], "uv_size": [0.25, 1.25]},
								"east": {"uv": [3, 7], "uv_size": [2.625, 1.25]},
								"south": {"uv": [0, 22], "uv_size": [0.25, 1.25]},
								"west": {"uv": [6, 8], "uv_size": [2.625, 1.25]},
								"up": {"uv": [8, 17], "uv_size": [0.25, 2.625]},
								"down": {"uv": [17, 10.625], "uv_size": [0.25, -2.625]}
							}
						},
						{
							"origin": [-0.19558, 0.60853, -0.35701],
							"size": [0.46875, 1.1875, 2.625],
							"pivot": [-0.47683, 0.60853, -0.35701],
							"rotation": [7.52832, 0, 0.65426],
							"uv": {
								"north": {"uv": [6, 18], "uv_size": [0.5, 1.25]},
								"east": {"uv": [0, 9], "uv_size": [2.625, 1.25]},
								"south": {"uv": [18, 7], "uv_size": [0.5, 1.25]},
								"west": {"uv": [3, 9], "uv_size": [2.625, 1.25]},
								"up": {"uv": [4, 14], "uv_size": [0.5, 2.625]},
								"down": {"uv": [5, 16.625], "uv_size": [0.5, -2.625]}
							}
						},
						{
							"origin": [-0.19167, 0.94921, 2.24536],
							"size": [0.40625, 0.625, 0.8125],
							"pivot": [-0.19167, 0.94921, 2.24536],
							"rotation": [12.52832, 0, 0.65426],
							"uv": {
								"north": {"uv": [2, 23], "uv_size": [0.375, 0.625]},
								"east": {"uv": [3, 19], "uv_size": [0.875, 0.625]},
								"south": {"uv": [3, 23], "uv_size": [0.375, 0.625]},
								"west": {"uv": [4, 19], "uv_size": [0.875, 0.625]},
								"up": {"uv": [20, 8], "uv_size": [0.375, 0.875]},
								"down": {"uv": [20, 10.875], "uv_size": [0.375, -0.875]}
							}
						},
						{
							"origin": [-0.09792, 0.94921, 3.05786],
							"size": [0.25, 0.625, 0.84375],
							"pivot": [-0.19167, 0.94921, 2.24536],
							"rotation": [12.52832, 0, 0.65426],
							"uv": {
								"north": {"uv": [17, 24], "uv_size": [0.25, 0.625]},
								"east": {"uv": [5, 19], "uv_size": [0.875, 0.625]},
								"south": {"uv": [24, 17], "uv_size": [0.25, 0.625]},
								"west": {"uv": [19, 7], "uv_size": [0.875, 0.625]},
								"up": {"uv": [23, 8], "uv_size": [0.25, 0.875]},
								"down": {"uv": [9, 23.875], "uv_size": [0.25, -0.875]}
							}
						},
						{
							"origin": [-0.47683, 1.71445, -0.97666],
							"size": [0.0625, 0.125, 0.65625],
							"pivot": [0.52317, 0.65195, -0.97666],
							"rotation": [7.5, 0, 0],
							"uv": {
								"north": {"uv": [14, 30], "uv_size": [0.125, 0.125]},
								"east": {"uv": [11, 28], "uv_size": [0.625, 0.125]},
								"south": {"uv": [30, 14], "uv_size": [0.125, 0.125]},
								"west": {"uv": [28, 11], "uv_size": [0.625, 0.125]},
								"up": {"uv": [12, 28], "uv_size": [0.125, 0.625]},
								"down": {"uv": [28, 12.625], "uv_size": [0.125, -0.625]}
							}
						},
						{
							"origin": [0.46067, 1.71445, -0.97666],
							"size": [0.0625, 0.125, 0.65625],
							"pivot": [0.52317, 0.65195, -0.97666],
							"rotation": [7.5, 0, 0],
							"uv": {
								"north": {"uv": [15, 30], "uv_size": [0.125, 0.125]},
								"east": {"uv": [15, 28], "uv_size": [0.625, 0.125]},
								"south": {"uv": [30, 15], "uv_size": [0.125, 0.125]},
								"west": {"uv": [28, 15], "uv_size": [0.625, 0.125]},
								"up": {"uv": [16, 28], "uv_size": [0.125, 0.625]},
								"down": {"uv": [28, 16.625], "uv_size": [0.125, -0.625]}
							}
						},
						{
							"origin": [-0.47683, 1.76572, -0.33548],
							"size": [1, 0.5625, 0.28125],
							"pivot": [0.52317, 2.32822, -0.33548],
							"rotation": [-30, 0, 0],
							"uv": {
								"north": {"uv": [0, 18], "uv_size": [1, 0.625]},
								"east": {"uv": [24, 8], "uv_size": [0.25, 0.625]},
								"south": {"uv": [1, 18], "uv_size": [1, 0.625]},
								"west": {"uv": [12, 24], "uv_size": [0.25, 0.625]},
								"up": {"uv": [18, 22], "uv_size": [1, 0.25]},
								"down": {"uv": [22, 18.25], "uv_size": [1, -0.25]}
							}
						},
						{
							"origin": [0.36692, 1.67197, -0.33548],
							"size": [0.15625, 0.65625, 4.8125],
							"pivot": [0.52317, 2.32822, -0.33548],
							"rotation": [-2.50954, -4.99523, 0.21865],
							"uv": {
								"north": {"uv": [6, 28], "uv_size": [0.125, 0.625]},
								"east": {"uv": [9, 7], "uv_size": [4.875, 0.625]},
								"south": {"uv": [28, 6], "uv_size": [0.125, 0.625]},
								"west": {"uv": [9, 8], "uv_size": [4.875, 0.625]},
								"up": {"uv": [14, 18], "uv_size": [0.125, 4.875]},
								"down": {"uv": [15, 22.875], "uv_size": [0.125, -4.875]}
							}
						},
						{
							"origin": [-0.47683, 1.67197, -0.33548],
							"size": [0.15625, 0.65625, 4.8125],
							"pivot": [-0.47683, 2.32822, -0.33548],
							"rotation": [-2.50954, 4.99523, -0.21865],
							"uv": {
								"north": {"uv": [13, 28], "uv_size": [0.125, 0.625]},
								"east": {"uv": [9, 9], "uv_size": [4.875, 0.625]},
								"south": {"uv": [28, 13], "uv_size": [0.125, 0.625]},
								"west": {"uv": [10, 4], "uv_size": [4.875, 0.625]},
								"up": {"uv": [16, 18], "uv_size": [0.125, 4.875]},
								"down": {"uv": [17, 22.875], "uv_size": [0.125, -4.875]}
							}
						},
						{
							"origin": [-0.38308, 1.67197, -0.33548],
							"size": [0.75, 0.65625, 1.0625],
							"pivot": [0.14817, 2.32822, -0.33548],
							"rotation": [-2.50954, 0, 0],
							"uv": {
								"north": {"uv": [19, 8], "uv_size": [0.75, 0.625]},
								"east": {"uv": [16, 15], "uv_size": [1.125, 0.625]},
								"south": {"uv": [9, 19], "uv_size": [0.75, 0.625]},
								"west": {"uv": [16, 16], "uv_size": [1.125, 0.625]},
								"up": {"uv": [15, 15], "uv_size": [0.75, 1.125]},
								"down": {"uv": [16, 1.125], "uv_size": [0.75, -1.125]}
							}
						},
						{
							"origin": [-0.10183, 1.67197, 2.85202],
							"size": [0.25, 0.65625, 0.78125],
							"pivot": [0.14817, 2.32822, -0.33548],
							"rotation": [-2.50954, 0, -0.21865],
							"uv": {
								"north": {"uv": [15, 24], "uv_size": [0.25, 0.625]},
								"east": {"uv": [10, 19], "uv_size": [0.75, 0.625]},
								"south": {"uv": [16, 24], "uv_size": [0.25, 0.625]},
								"west": {"uv": [19, 10], "uv_size": [0.75, 0.625]},
								"up": {"uv": [23, 18], "uv_size": [0.25, 0.75]},
								"down": {"uv": [19, 23.75], "uv_size": [0.25, -0.75]}
							}
						},
						{
							"origin": [-0.19558, 1.67197, 1.78952],
							"size": [0.4375, 0.65625, 1.0625],
							"pivot": [0.14817, 2.32822, -0.33548],
							"rotation": [-2.50954, 0, -0.21865],
							"uv": {
								"north": {"uv": [21, 10], "uv_size": [0.5, 0.625]},
								"east": {"uv": [17, 1], "uv_size": [1.125, 0.625]},
								"south": {"uv": [22, 0], "uv_size": [0.5, 0.625]},
								"west": {"uv": [4, 17], "uv_size": [1.125, 0.625]},
								"up": {"uv": [18, 15], "uv_size": [0.5, 1.125]},
								"down": {"uv": [18, 19.125], "uv_size": [0.5, -1.125]}
							}
						},
						{
							"origin": [-0.28933, 1.67197, 0.72702],
							"size": [0.59375, 0.65625, 1.0625],
							"pivot": [0.14817, 2.32822, -0.33548],
							"rotation": [-2.50954, 0, 0],
							"uv": {
								"north": {"uv": [4, 20], "uv_size": [0.625, 0.625]},
								"east": {"uv": [0, 17], "uv_size": [1.125, 0.625]},
								"south": {"uv": [5, 20], "uv_size": [0.625, 0.625]},
								"west": {"uv": [17, 0], "uv_size": [1.125, 0.625]},
								"up": {"uv": [2, 17], "uv_size": [0.625, 1.125]},
								"down": {"uv": [3, 18.125], "uv_size": [0.625, -1.125]}
							}
						},
						{
							"origin": [0.14817, 0.95116, 2.24553],
							"size": [0.15625, 0.6875, 2.4375],
							"pivot": [0.30442, 0.95116, 2.24553],
							"rotation": [12.54624, -4.88119, -1.08482],
							"uv": {
								"north": {"uv": [27, 11], "uv_size": [0.125, 0.75]},
								"east": {"uv": [8, 11], "uv_size": [2.5, 0.75]},
								"south": {"uv": [12, 27], "uv_size": [0.125, 0.75]},
								"west": {"uv": [11, 11], "uv_size": [2.5, 0.75]},
								"up": {"uv": [11, 21], "uv_size": [0.125, 2.5]},
								"down": {"uv": [12, 23.5], "uv_size": [0.125, -2.5]}
							}
						},
						{
							"origin": [-0.25808, 0.95116, 2.24553],
							"size": [0.125, 0.6875, 2.4375],
							"pivot": [-0.25808, 0.95116, 2.24553],
							"rotation": [12.54624, 4.88119, 1.08482],
							"uv": {
								"north": {"uv": [15, 27], "uv_size": [0.125, 0.75]},
								"east": {"uv": [0, 12], "uv_size": [2.5, 0.75]},
								"south": {"uv": [16, 27], "uv_size": [0.125, 0.75]},
								"west": {"uv": [12, 0], "uv_size": [2.5, 0.75]},
								"up": {"uv": [21, 17], "uv_size": [0.125, 2.5]},
								"down": {"uv": [20, 23.5], "uv_size": [0.125, -2.5]}
							}
						},
						{
							"origin": [-1.57058, 2.08945, 4.08584],
							"size": [1.5625, 0.09375, 0.75],
							"uv": {
								"north": {"uv": [23, 9], "uv_size": [1.625, 0.125]},
								"east": {"uv": [27, 16], "uv_size": [0.75, 0.125]},
								"south": {"uv": [23, 11], "uv_size": [1.625, 0.125]},
								"west": {"uv": [17, 27], "uv_size": [0.75, 0.125]},
								"up": {"uv": [14, 8], "uv_size": [1.625, 0.75]},
								"down": {"uv": [9, 14.75], "uv_size": [1.625, -0.75]}
							}
						},
						{
							"origin": [0.05986, 2.08945, 4.07257],
							"size": [1.5625, 0.09375, 0.75],
							"uv": {
								"north": {"uv": [23, 13], "uv_size": [1.625, 0.125]},
								"east": {"uv": [27, 20], "uv_size": [0.75, 0.125]},
								"south": {"uv": [23, 14], "uv_size": [1.625, 0.125]},
								"west": {"uv": [21, 27], "uv_size": [0.75, 0.125]},
								"up": {"uv": [14, 9], "uv_size": [1.625, 0.75]},
								"down": {"uv": [11, 14.75], "uv_size": [1.625, -0.75]}
							}
						},
						{
							"origin": [-1.58395, 2.089, 3.8819],
							"size": [1.5625, 0.09375, 0.53125],
							"pivot": [-0.02145, 2.18315, 3.88189],
							"rotation": [0, 7.5, 0],
							"uv": {
								"north": {"uv": [23, 12], "uv_size": [1.625, 0.125]},
								"east": {"uv": [27, 28], "uv_size": [0.5, 0.125]},
								"south": {"uv": [13, 23], "uv_size": [1.625, 0.125]},
								"west": {"uv": [28, 27], "uv_size": [0.5, 0.125]},
								"up": {"uv": [2, 16], "uv_size": [1.625, 0.5]},
								"down": {"uv": [16, 2.5], "uv_size": [1.625, -0.5]}
							}
						},
						{
							"origin": [0.07436, 2.0893, 3.85792],
							"size": [1.5625, 0.09375, 0.53125],
							"pivot": [0.07436, 2.1832, 3.85792],
							"rotation": [0, -7.5, 0],
							"uv": {
								"north": {"uv": [15, 23], "uv_size": [1.625, 0.125]},
								"east": {"uv": [28, 28], "uv_size": [0.5, 0.125]},
								"south": {"uv": [23, 16], "uv_size": [1.625, 0.125]},
								"west": {"uv": [0, 29], "uv_size": [0.5, 0.125]},
								"up": {"uv": [16, 3], "uv_size": [1.625, 0.5]},
								"down": {"uv": [16, 4.5], "uv_size": [1.625, -0.5]}
							}
						},
						{
							"origin": [-1.57715, 2.08945, 4.81187],
							"size": [0.6875, 0.09375, 0.28125],
							"pivot": [-1.57715, 2.1832, 4.81187],
							"rotation": [0, 30, 0],
							"uv": {
								"north": {"uv": [27, 17], "uv_size": [0.75, 0.125]},
								"east": {"uv": [8, 30], "uv_size": [0.25, 0.125]},
								"south": {"uv": [18, 27], "uv_size": [0.75, 0.125]},
								"west": {"uv": [30, 8], "uv_size": [0.25, 0.125]},
								"up": {"uv": [23, 19], "uv_size": [0.75, 0.25]},
								"down": {"uv": [23, 20.25], "uv_size": [0.75, -0.25]}
							}
						},
						{
							"origin": [0.93486, 2.0895, 4.82257],
							"size": [0.6875, 0.09375, 0.28125],
							"pivot": [1.62236, 2.1832, 4.82257],
							"rotation": [0, -30, 0],
							"uv": {
								"north": {"uv": [27, 21], "uv_size": [0.75, 0.125]},
								"east": {"uv": [9, 30], "uv_size": [0.25, 0.125]},
								"south": {"uv": [22, 27], "uv_size": [0.75, 0.125]},
								"west": {"uv": [30, 9], "uv_size": [0.25, 0.125]},
								"up": {"uv": [21, 23], "uv_size": [0.75, 0.25]},
								"down": {"uv": [23, 21.25], "uv_size": [0.75, -0.25]}
							}
						},
						{
							"origin": [-0.24903, 2.08945, 5.11794],
							"size": [0.34375, 0.09375, 0.375],
							"pivot": [-0.24903, 2.1832, 5.11794],
							"rotation": [-180, 47.5, 180],
							"uv": {
								"north": {"uv": [29, 28], "uv_size": [0.375, 0.125]},
								"east": {"uv": [29, 29], "uv_size": [0.375, 0.125]},
								"south": {"uv": [0, 30], "uv_size": [0.375, 0.125]},
								"west": {"uv": [30, 0], "uv_size": [0.375, 0.125]},
								"up": {"uv": [11, 26], "uv_size": [0.375, 0.375]},
								"down": {"uv": [12, 26.375], "uv_size": [0.375, -0.375]}
							}
						},
						{
							"origin": [-0.04838, 2.08945, 5.11794],
							"size": [0.34375, 0.09375, 0.375],
							"pivot": [0.29537, 2.1832, 5.11794],
							"rotation": [-180, -47.5, -180],
							"uv": {
								"north": {"uv": [1, 30], "uv_size": [0.375, 0.125]},
								"east": {"uv": [30, 1], "uv_size": [0.375, 0.125]},
								"south": {"uv": [2, 30], "uv_size": [0.375, 0.125]},
								"west": {"uv": [30, 2], "uv_size": [0.375, 0.125]},
								"up": {"uv": [26, 12], "uv_size": [0.375, 0.375]},
								"down": {"uv": [13, 26.375], "uv_size": [0.375, -0.375]}
							}
						},
						{
							"origin": [-1.43653, 2.08945, 5.05544],
							"size": [0.6875, 0.09375, 1.1875],
							"pivot": [-1.43653, 2.1832, 5.05544],
							"rotation": [0, 87.5, 0],
							"uv": {
								"north": {"uv": [27, 18], "uv_size": [0.75, 0.125]},
								"east": {"uv": [18, 24], "uv_size": [1.25, 0.125]},
								"south": {"uv": [19, 27], "uv_size": [0.75, 0.125]},
								"west": {"uv": [24, 18], "uv_size": [1.25, 0.125]},
								"up": {"uv": [9, 15], "uv_size": [0.75, 1.25]},
								"down": {"uv": [10, 16.25], "uv_size": [0.75, -1.25]}
							}
						},
						{
							"origin": [0.79424, 2.08945, 5.06614],
							"size": [0.6875, 0.09375, 1.1875],
							"pivot": [1.48174, 2.1832, 5.06614],
							"rotation": [0, -87.5, 0],
							"uv": {
								"north": {"uv": [27, 19], "uv_size": [0.75, 0.125]},
								"east": {"uv": [24, 19], "uv_size": [1.25, 0.125]},
								"south": {"uv": [20, 27], "uv_size": [0.75, 0.125]},
								"west": {"uv": [20, 24], "uv_size": [1.25, 0.125]},
								"up": {"uv": [11, 15], "uv_size": [0.75, 1.25]},
								"down": {"uv": [12, 16.25], "uv_size": [0.75, -1.25]}
							}
						},
						{
							"origin": [0.48001, 0.84218, -3.01715],
							"size": [5.1563, 0.25, 0.9375],
							"pivot": [0.48006, 0.96718, -3.01715],
							"rotation": [0.43688, -4.98093, -5.019],
							"uv": {
								"north": {"uv": [17, 11], "uv_size": [5.125, 0.125]},
								"east": {"uv": [26, 17], "uv_size": [1, 0.125]},
								"south": {"uv": [17, 12], "uv_size": [5.125, 0.125]},
								"west": {"uv": [18, 26], "uv_size": [1, 0.125]},
								"up": {"uv": [0, 6], "uv_size": [5.125, 1]},
								"down": {"uv": [6, 1], "uv_size": [5.125, -1]}
							}
						},
						{
							"origin": [-5.49622, 0.84218, -3.01715],
							"size": [5.15625, 0.25, 0.9375],
							"pivot": [-0.33997, 0.96718, -3.01715],
							"rotation": [0.43688, 4.98093, 5.019],
							"uv": {
								"north": {"uv": [17, 14], "uv_size": [5.125, 0.125]},
								"east": {"uv": [26, 18], "uv_size": [1, 0.125]},
								"south": {"uv": [18, 2], "uv_size": [5.125, 0.125]},
								"west": {"uv": [19, 26], "uv_size": [1, 0.125]},
								"up": {"uv": [6, 1], "uv_size": [5.125, 1]},
								"down": {"uv": [6, 3], "uv_size": [5.125, -1]}
							}
						},
						{
							"origin": [0.56726, 0.85808, -0.82023],
							"size": [5.15625, 0.25, 0.5625],
							"pivot": [0.66101, 0.98308, -0.25773],
							"rotation": [0, 12.5, -5],
							"uv": {
								"north": {"uv": [18, 3], "uv_size": [5.125, 0.125]},
								"east": {"uv": [14, 28], "uv_size": [0.625, 0.125]},
								"south": {"uv": [18, 4], "uv_size": [5.125, 0.125]},
								"west": {"uv": [28, 14], "uv_size": [0.625, 0.125]},
								"up": {"uv": [6, 3], "uv_size": [5.125, 0.625]},
								"down": {"uv": [9, 6.625], "uv_size": [5.125, -0.625]}
							}
						},
						{
							"origin": [-5.58342, 0.85808, -0.82023],
							"size": [5.125, 0.25, 0.5625],
							"pivot": [-0.55217, 0.98308, -0.25773],
							"rotation": [0, -12.5, 5],
							"uv": {
								"north": {"uv": [18, 5], "uv_size": [5.125, 0.125]},
								"east": {"uv": [29, 0], "uv_size": [0.5, 0.125]},
								"south": {"uv": [18, 6], "uv_size": [5.125, 0.125]},
								"west": {"uv": [1, 29], "uv_size": [0.5, 0.125]},
								"up": {"uv": [10, 5], "uv_size": [5.125, 0.5]},
								"down": {"uv": [6, 10.5], "uv_size": [5.125, -0.5]}
							}
						},
						{
							"origin": [0.49192, 0.83945, -2.57041],
							"size": [5.125, 0.25, 1.21875],
							"pivot": [0.42942, 0.96445, -2.57041],
							"rotation": [0, 0, -5],
							"uv": {
								"north": {"uv": [17, 13], "uv_size": [5.125, 0.125]},
								"east": {"uv": [24, 20], "uv_size": [1.25, 0.125]},
								"south": {"uv": [14, 17], "uv_size": [5.125, 0.125]},
								"west": {"uv": [24, 21], "uv_size": [1.25, 0.125]},
								"up": {"uv": [0, 0], "uv_size": [5.125, 1.25]},
								"down": {"uv": [0, 3.25], "uv_size": [5.125, -1.25]}
							}
						},
						{
							"origin": [0.49192, 0.83945, -1.35166],
							"size": [2.5625, 0.25, 0.53125],
							"pivot": [0.42942, 0.96445, -2.57041],
							"rotation": [0, 0, -5],
							"uv": {
								"north": {"uv": [3, 21], "uv_size": [2.625, 0.125]},
								"east": {"uv": [29, 1], "uv_size": [0.5, 0.125]},
								"south": {"uv": [6, 21], "uv_size": [2.625, 0.125]},
								"west": {"uv": [2, 29], "uv_size": [0.5, 0.125]},
								"up": {"uv": [6, 14], "uv_size": [2.625, 0.5]},
								"down": {"uv": [14, 7.5], "uv_size": [2.625, -0.5]}
							}
						},
						{
							"origin": [-5.47683, 0.83945, -2.57041],
							"size": [5.03125, 0.25, 1.21875],
							"pivot": [-0.28933, 0.96445, -2.57041],
							"rotation": [0, 0, 5],
							"uv": {
								"north": {"uv": [9, 18], "uv_size": [5, 0.125]},
								"east": {"uv": [22, 24], "uv_size": [1.25, 0.125]},
								"south": {"uv": [18, 9], "uv_size": [5, 0.125]},
								"west": {"uv": [24, 23], "uv_size": [1.25, 0.125]},
								"up": {"uv": [0, 4], "uv_size": [5, 1.25]},
								"down": {"uv": [5, 5.25], "uv_size": [5, -1.25]}
							}
						},
						{
							"origin": [-2.63308, 0.83945, -1.35166],
							"size": [2.15625, 0.25, 0.53125],
							"pivot": [-0.28933, 0.96445, -2.57041],
							"rotation": [0, 0, 5],
							"uv": {
								"north": {"uv": [22, 10], "uv_size": [2.125, 0.125]},
								"east": {"uv": [19, 28], "uv_size": [0.625, 0.125]},
								"south": {"uv": [22, 15], "uv_size": [2.125, 0.125]},
								"west": {"uv": [28, 19], "uv_size": [0.625, 0.125]},
								"up": {"uv": [12, 3], "uv_size": [2.125, 0.625]},
								"down": {"uv": [12, 10.625], "uv_size": [2.125, -0.625]}
							}
						},
						{
							"origin": [-3.47683, 0.83945, -1.35166],
							"size": [0.84375, 0.25, 0.3125],
							"pivot": [-0.28933, 0.96445, -2.57041],
							"rotation": [0, 0, 5],
							"uv": {
								"north": {"uv": [27, 0], "uv_size": [0.875, 0.125]},
								"east": {"uv": [3, 30], "uv_size": [0.375, 0.125]},
								"south": {"uv": [1, 27], "uv_size": [0.875, 0.125]},
								"west": {"uv": [30, 3], "uv_size": [0.375, 0.125]},
								"up": {"uv": [21, 1], "uv_size": [0.875, 0.375]},
								"down": {"uv": [2, 21.375], "uv_size": [0.875, -0.375]}
							}
						},
						{
							"origin": [0.00808, 1.08675, -5.57182],
							"size": [0.20625, 0.3, 0.6563],
							"pivot": [0.21433, 1.38675, -5.57182],
							"rotation": [21.17283, 18.74724, 7.09597],
							"uv": {
								"north": {"uv": [29, 20], "uv_size": [0.25, 0.25]},
								"east": {"uv": [25, 12], "uv_size": [0.625, 0.25]},
								"south": {"uv": [21, 29], "uv_size": [0.25, 0.25]},
								"west": {"uv": [25, 13], "uv_size": [0.625, 0.25]},
								"up": {"uv": [25, 14], "uv_size": [0.25, 0.625]},
								"down": {"uv": [15, 25.625], "uv_size": [0.25, -0.625]}
							}
						},
						{
							"origin": [-0.21067, 1.08675, -5.57182],
							"size": [0.425, 0.3, 0.62505],
							"pivot": [0.21433, 1.38675, -5.57182],
							"rotation": [20, 0, 0],
							"uv": {
								"north": {"uv": [27, 26], "uv_size": [0.375, 0.25]},
								"east": {"uv": [25, 5], "uv_size": [0.625, 0.25]},
								"south": {"uv": [27, 27], "uv_size": [0.375, 0.25]},
								"west": {"uv": [6, 25], "uv_size": [0.625, 0.25]},
								"up": {"uv": [6, 23], "uv_size": [0.375, 0.625]},
								"down": {"uv": [7, 23.625], "uv_size": [0.375, -0.625]}
							}
						},
						{
							"origin": [-0.21067, 1.08675, -5.57182],
							"size": [0.20625, 0.3, 0.6563],
							"pivot": [-0.21067, 1.38675, -5.57182],
							"rotation": [21.17283, -18.74724, -7.09597],
							"uv": {
								"north": {"uv": [29, 21], "uv_size": [0.25, 0.25]},
								"east": {"uv": [25, 15], "uv_size": [0.625, 0.25]},
								"south": {"uv": [22, 29], "uv_size": [0.25, 0.25]},
								"west": {"uv": [16, 25], "uv_size": [0.625, 0.25]},
								"up": {"uv": [25, 16], "uv_size": [0.25, 0.625]},
								"down": {"uv": [17, 25.625], "uv_size": [0.25, -0.625]}
							}
						}
					]
				},
				{
					"name": "Propellers",
					"parent": "Plane",
					"pivot": [-0.00685, 1.08678, -5.20932],
					"cubes": [
						{
							"origin": [-0.22055, 1.493, -5.25932],
							"size": [0.4, 1.25, 0.1],
							"uv": {
								"north": {"uv": [11, 19], "uv_size": [0.375, 1.25]},
								"east": {"uv": [23, 25], "uv_size": [0.125, 1.25]},
								"south": {"uv": [12, 19], "uv_size": [0.375, 1.25]},
								"west": {"uv": [25, 25], "uv_size": [0.125, 1.25]},
								"up": {"uv": [4, 30], "uv_size": [0.375, 0.125]},
								"down": {"uv": [30, 4.125], "uv_size": [0.375, -0.125]}
							}
						},
						{
							"origin": [-0.03305, 1.02425, -5.25932],
							"size": [0.4, 1.25, 0.1],
							"pivot": [0.16695, 0.993, -5.20932],
							"rotation": [0, 0, 130],
							"uv": {
								"north": {"uv": [13, 19], "uv_size": [0.375, 1.25]},
								"east": {"uv": [0, 26], "uv_size": [0.125, 1.25]},
								"south": {"uv": [19, 15], "uv_size": [0.375, 1.25]},
								"west": {"uv": [26, 0], "uv_size": [0.125, 1.25]},
								"up": {"uv": [5, 30], "uv_size": [0.375, 0.125]},
								"down": {"uv": [30, 5.125], "uv_size": [0.375, -0.125]}
							}
						},
						{
							"origin": [-0.36695, 1.02425, -5.25932],
							"size": [0.4, 1.25, 0.1],
							"pivot": [-0.16695, 0.993, -5.20932],
							"rotation": [0, 0, -130],
							"uv": {
								"north": {"uv": [19, 18], "uv_size": [0.375, 1.25]},
								"east": {"uv": [26, 2], "uv_size": [0.125, 1.25]},
								"south": {"uv": [0, 20], "uv_size": [0.375, 1.25]},
								"west": {"uv": [3, 26], "uv_size": [0.125, 1.25]},
								"up": {"uv": [6, 30], "uv_size": [0.375, 0.125]},
								"down": {"uv": [30, 6.125], "uv_size": [0.375, -0.125]}
							}
						}
					]
				},
				{
					"name": "RightLandingGear",
					"parent": "Plane",
					"pivot": [-0.74192, 0.81324, -1.4537],
					"cubes": [
						{
							"origin": [-0.90625, -0.15011, -1.7037],
							"size": [0.1375, 1.0625, 0.21875],
							"pivot": [-0.80625, 0.38114, -1.50058],
							"rotation": [-20, 0, 5],
							"uv": {
								"north": {"uv": [18, 20], "uv_size": [0.25, 1.5]},
								"east": {"uv": [19, 20], "uv_size": [0.25, 1.5]},
								"south": {"uv": [20, 19], "uv_size": [0.25, 1.5]},
								"west": {"uv": [1, 21], "uv_size": [0.25, 1.5]},
								"up": {"uv": [29, 19], "uv_size": [0.25, 0.25]},
								"down": {"uv": [20, 29.25], "uv_size": [0.25, -0.25]}
							}
						},
						{
							"origin": [-1.0625, -0.37056, -2.04745],
							"size": [0.1375, 0.7, 0.7],
							"pivot": [-1.025, -0.26886, -1.82245],
							"rotation": [12.5, 0, 0],
							"uv": {
								"north": {"uv": [27, 24], "uv_size": [0.125, 0.75]},
								"east": {"uv": [19, 0], "uv_size": [0.75, 0.75]},
								"south": {"uv": [25, 27], "uv_size": [0.125, 0.75]},
								"west": {"uv": [1, 19], "uv_size": [0.75, 0.75]},
								"up": {"uv": [27, 25], "uv_size": [0.125, 0.75]},
								"down": {"uv": [26, 27.75], "uv_size": [0.125, -0.75]}
							}
						}
					]
				},
				{
					"name": "LeftLandingGear",
					"parent": "Plane",
					"pivot": [0.74192, 0.81324, -1.4537],
					"cubes": [
						{
							"origin": [0.76875, -0.15011, -1.7037],
							"size": [0.1375, 1.0625, 0.21875],
							"pivot": [0.80625, 0.38114, -1.50058],
							"rotation": [-20, 0, -5],
							"uv": {
								"north": {"uv": [18.25, 20], "uv_size": [-0.25, 1.5]},
								"east": {"uv": [1.25, 21], "uv_size": [-0.25, 1.5]},
								"south": {"uv": [20.25, 19], "uv_size": [-0.25, 1.5]},
								"west": {"uv": [19.25, 20], "uv_size": [-0.25, 1.5]},
								"up": {"uv": [29.25, 19], "uv_size": [-0.25, 0.25]},
								"down": {"uv": [20.25, 29.25], "uv_size": [-0.25, -0.25]}
							}
						},
						{
							"origin": [0.925, -0.37056, -2.04745],
							"size": [0.1375, 0.7, 0.7],
							"pivot": [1.025, -0.26886, -1.82245],
							"rotation": [12.5, 0, 0],
							"uv": {
								"north": {"uv": [27.125, 24], "uv_size": [-0.125, 0.75]},
								"east": {"uv": [1.75, 19], "uv_size": [-0.75, 0.75]},
								"south": {"uv": [25.125, 27], "uv_size": [-0.125, 0.75]},
								"west": {"uv": [19.75, 0], "uv_size": [-0.75, 0.75]},
								"up": {"uv": [27.125, 25], "uv_size": [-0.125, 0.75]},
								"down": {"uv": [26.125, 27.75], "uv_size": [-0.125, -0.75]}
							}
						}
					]
				}
			]
		}
	]
}