{
	"format_version": "1.12.0",
	"minecraft:geometry": [
		{
			"description": {
				"identifier": "geometry.bmw_r75",
				"texture_width": 32,
				"texture_height": 32,
				"visible_bounds_width": 2,
				"visible_bounds_height": 1.5,
				"visible_bounds_offset": [0, 0.25, 0]
			},
			"bones": [
				{
					"name": "bb_main",
					"pivot": [0, 0, 0],
					"cubes": [
						{
							"origin": [-0.15, 0.18787, -1.23787],
							"size": [0.3, 0.5, 0.05],
							"uv": {
								"north": {"uv": [17, 5], "uv_size": [0.5, 0.5]},
								"east": {"uv": [6, 17], "uv_size": [0.5, 0.5]},
								"south": {"uv": [17, 6], "uv_size": [0.5, 0.5]},
								"west": {"uv": [7, 17], "uv_size": [0.5, 0.5]},
								"up": {"uv": [17, 7], "uv_size": [0.5, 0.5]},
								"down": {"uv": [8, 17.5], "uv_size": [0.5, -0.5]}
							}
						},
						{
							"origin": [-0.15, 0.33787, 1.56213],
							"size": [0.3, 0.4, 0.05],
							"uv": {
								"north": {"uv": [9, 18], "uv_size": [0.5, 0.5]},
								"east": {"uv": [18, 9], "uv_size": [0.5, 0.5]},
								"south": {"uv": [10, 18], "uv_size": [0.5, 0.5]},
								"west": {"uv": [18, 10], "uv_size": [0.5, 0.5]},
								"up": {"uv": [11, 18], "uv_size": [0.5, 0.5]},
								"down": {"uv": [18, 11.5], "uv_size": [0.5, -0.5]}
							}
						},
						{
							"origin": [-1.7, 0.33787, 0.86213],
							"size": [0.3, 0.4, 0.05],
							"uv": {
								"north": {"uv": [12, 20], "uv_size": [0.5, 0.5]},
								"east": {"uv": [20, 12], "uv_size": [0.5, 0.5]},
								"south": {"uv": [13, 20], "uv_size": [0.5, 0.5]},
								"west": {"uv": [20, 13], "uv_size": [0.5, 0.5]},
								"up": {"uv": [14, 20], "uv_size": [0.5, 0.5]},
								"down": {"uv": [20, 14.5], "uv_size": [0.5, -0.5]}
							}
						},
						{
							"origin": [-1.7, 0.33787, -0.11213],
							"size": [0.3, 0.4, 0.05],
							"uv": {
								"north": {"uv": [18, 20], "uv_size": [0.5, 0.5]},
								"east": {"uv": [20, 18], "uv_size": [0.5, 0.5]},
								"south": {"uv": [19, 20], "uv_size": [0.5, 0.5]},
								"west": {"uv": [20, 19], "uv_size": [0.5, 0.5]},
								"up": {"uv": [20, 20], "uv_size": [0.5, 0.5]},
								"down": {"uv": [0, 21.5], "uv_size": [0.5, -0.5]}
							}
						},
						{
							"origin": [-0.15, 0.85, -1.9],
							"size": [0.3, 0.05, 0.5],
							"uv": {
								"north": {"uv": [17, 8], "uv_size": [0.5, 0.5]},
								"east": {"uv": [9, 17], "uv_size": [0.5, 0.5]},
								"south": {"uv": [17, 9], "uv_size": [0.5, 0.5]},
								"west": {"uv": [10, 17], "uv_size": [0.5, 0.5]},
								"up": {"uv": [17, 10], "uv_size": [0.5, 0.5]},
								"down": {"uv": [11, 17.5], "uv_size": [0.5, -0.5]}
							}
						},
						{
							"origin": [-0.15, 0.9, 0.8],
							"size": [0.3, 0.05, 0.6],
							"uv": {
								"north": {"uv": [0, 18], "uv_size": [0.5, 0.5]},
								"east": {"uv": [18, 0], "uv_size": [0.5, 0.5]},
								"south": {"uv": [1, 18], "uv_size": [0.5, 0.5]},
								"west": {"uv": [18, 1], "uv_size": [0.5, 0.5]},
								"up": {"uv": [2, 18], "uv_size": [0.5, 0.5]},
								"down": {"uv": [18, 2.5], "uv_size": [0.5, -0.5]}
							}
						},
						{
							"origin": [-1.7, 0.9, 0.1],
							"size": [0.3, 0.05, 0.6],
							"uv": {
								"north": {"uv": [6, 20], "uv_size": [0.5, 0.5]},
								"east": {"uv": [20, 6], "uv_size": [0.5, 0.5]},
								"south": {"uv": [7, 20], "uv_size": [0.5, 0.5]},
								"west": {"uv": [20, 7], "uv_size": [0.5, 0.5]},
								"up": {"uv": [8, 20], "uv_size": [0.5, 0.5]},
								"down": {"uv": [20, 8.5], "uv_size": [0.5, -0.5]}
							}
						},
						{
							"origin": [-0.15, 1.35962, -1.10711],
							"size": [0.3, 0.05, 0.3],
							"pivot": [0.15, 1.50836, -1.86872],
							"rotation": [-45, 0, 0],
							"uv": {
								"north": {"uv": [17, 11], "uv_size": [0.5, 0.5]},
								"east": {"uv": [12, 17], "uv_size": [0.5, 0.5]},
								"south": {"uv": [17, 12], "uv_size": [0.5, 0.5]},
								"west": {"uv": [13, 17], "uv_size": [0.5, 0.5]},
								"up": {"uv": [17, 13], "uv_size": [0.5, 0.5]},
								"down": {"uv": [14, 17.5], "uv_size": [0.5, -0.5]}
							}
						},
						{
							"origin": [-0.15, 0.77322, 0.57071],
							"size": [0.3, 0.05, 0.2],
							"pivot": [0.15, 0.92197, 0.63232],
							"rotation": [45, 0, 0],
							"uv": {
								"north": {"uv": [3, 18], "uv_size": [0.5, 0.5]},
								"east": {"uv": [18, 3], "uv_size": [0.5, 0.5]},
								"south": {"uv": [4, 18], "uv_size": [0.5, 0.5]},
								"west": {"uv": [18, 4], "uv_size": [0.5, 0.5]},
								"up": {"uv": [5, 18], "uv_size": [0.5, 0.5]},
								"down": {"uv": [18, 5.5], "uv_size": [0.5, -0.5]}
							}
						},
						{
							"origin": [-0.15, 2.70251, 0.57157],
							"size": [0.3, 0.05, 0.3],
							"pivot": [0.15, 0.85126, -1.19004],
							"rotation": [-45, 0, 0],
							"uv": {
								"north": {"uv": [6, 18], "uv_size": [0.5, 0.5]},
								"east": {"uv": [18, 6], "uv_size": [0.5, 0.5]},
								"south": {"uv": [7, 18], "uv_size": [0.5, 0.5]},
								"west": {"uv": [18, 7], "uv_size": [0.5, 0.5]},
								"up": {"uv": [8, 18], "uv_size": [0.5, 0.5]},
								"down": {"uv": [18, 8.5], "uv_size": [0.5, -0.5]}
							}
						},
						{
							"origin": [-1.7, 2.70251, -0.12843],
							"size": [0.3, 0.05, 0.3],
							"pivot": [0.6, 0.85126, -1.89004],
							"rotation": [-45, 0, 0],
							"uv": {
								"north": {"uv": [9, 20], "uv_size": [0.5, 0.5]},
								"east": {"uv": [20, 9], "uv_size": [0.5, 0.5]},
								"south": {"uv": [10, 20], "uv_size": [0.5, 0.5]},
								"west": {"uv": [20, 10], "uv_size": [0.5, 0.5]},
								"up": {"uv": [11, 20], "uv_size": [0.5, 0.5]},
								"down": {"uv": [20, 11.5], "uv_size": [0.5, -0.5]}
							}
						},
						{
							"origin": [-1.7, 2.70251, 0.62843],
							"size": [0.3, 0.05, 0.3],
							"pivot": [0.6, 0.85126, 2.69004],
							"rotation": [45, 0, 0],
							"uv": {
								"north": {"uv": [15, 20], "uv_size": [0.5, 0.5]},
								"east": {"uv": [20, 15], "uv_size": [0.5, 0.5]},
								"south": {"uv": [16, 20], "uv_size": [0.5, 0.5]},
								"west": {"uv": [20, 16], "uv_size": [0.5, 0.5]},
								"up": {"uv": [17, 20], "uv_size": [0.5, 0.5]},
								"down": {"uv": [20, 17.5], "uv_size": [0.5, -0.5]}
							}
						},
						{
							"origin": [-0.15, 0.85, -2.2],
							"size": [0.3, 0.05, 0.3],
							"pivot": [0.15, 0.9, -1.9],
							"rotation": [45, 0, 0],
							"uv": {
								"north": {"uv": [17, 14], "uv_size": [0.5, 0.5]},
								"east": {"uv": [15, 17], "uv_size": [0.5, 0.5]},
								"south": {"uv": [17, 15], "uv_size": [0.5, 0.5]},
								"west": {"uv": [16, 17], "uv_size": [0.5, 0.5]},
								"up": {"uv": [17, 16], "uv_size": [0.5, 0.5]},
								"down": {"uv": [17, 17.5], "uv_size": [0.5, -0.5]}
							}
						},
						{
							"origin": [-0.25, 0.5, -1.60766],
							"size": [0.1, 1.3, 0.1],
							"pivot": [-0.25, 0.41506, -1.60766],
							"rotation": [-32.5, 0, 0],
							"uv": {
								"north": {"uv": [2, 5], "uv_size": [0.5, 1.5]},
								"east": {"uv": [5, 2], "uv_size": [0.5, 1.5]},
								"south": {"uv": [4, 5], "uv_size": [0.5, 1.5]},
								"west": {"uv": [5, 4], "uv_size": [0.5, 1.5]},
								"up": {"uv": [10, 12], "uv_size": [0.5, 0.5]},
								"down": {"uv": [12, 10.5], "uv_size": [0.5, -0.5]}
							}
						},
						{
							"origin": [-0.25, 0.33178, -0.8],
							"size": [0.1, 1, 0.1],
							"pivot": [-0.2, 0.83178, -0.61138],
							"rotation": [15, 0, 0],
							"uv": {
								"north": {"uv": [4, 9], "uv_size": [0.5, 1]},
								"east": {"uv": [5, 9], "uv_size": [0.5, 1]},
								"south": {"uv": [9, 5], "uv_size": [0.5, 1]},
								"west": {"uv": [6, 9], "uv_size": [0.5, 1]},
								"up": {"uv": [7, 14], "uv_size": [0.5, 0.5]},
								"down": {"uv": [14, 7.5], "uv_size": [0.5, -0.5]}
							}
						},
						{
							"origin": [0.15, 0.33178, -0.8],
							"size": [0.1, 1, 0.1],
							"pivot": [0.2, 0.83178, -0.61138],
							"rotation": [15, 0, 0],
							"uv": {
								"north": {"uv": [9, 6], "uv_size": [0.5, 1]},
								"east": {"uv": [7, 9], "uv_size": [0.5, 1]},
								"south": {"uv": [9, 7], "uv_size": [0.5, 1]},
								"west": {"uv": [8, 9], "uv_size": [0.5, 1]},
								"up": {"uv": [8, 14], "uv_size": [0.5, 0.5]},
								"down": {"uv": [14, 8.5], "uv_size": [0.5, -0.5]}
							}
						},
						{
							"origin": [0.15, 0.3, -0.66416],
							"size": [0.1, 0.1, 1.8],
							"uv": {
								"north": {"uv": [9, 14], "uv_size": [0.5, 0.5]},
								"east": {"uv": [2, 2], "uv_size": [2, 0.5]},
								"south": {"uv": [14, 9], "uv_size": [0.5, 0.5]},
								"west": {"uv": [0, 3], "uv_size": [2, 0.5]},
								"up": {"uv": [3, 0], "uv_size": [0.5, 2]},
								"down": {"uv": [2, 5], "uv_size": [0.5, -2]}
							}
						},
						{
							"origin": [-0.15, 0.3, -0.66416],
							"size": [0.3, 0.1, 0.1],
							"uv": {
								"north": {"uv": [12, 14], "uv_size": [0.5, 0.5]},
								"east": {"uv": [14, 12], "uv_size": [0.5, 0.5]},
								"south": {"uv": [13, 14], "uv_size": [0.5, 0.5]},
								"west": {"uv": [14, 13], "uv_size": [0.5, 0.5]},
								"up": {"uv": [14, 14], "uv_size": [0.5, 0.5]},
								"down": {"uv": [0, 15.5], "uv_size": [0.5, -0.5]}
							}
						},
						{
							"origin": [0.15, 0.4, 1.03584],
							"size": [0.1, 0.3, 0.1],
							"uv": {
								"north": {"uv": [12, 18], "uv_size": [0.5, 0.5]},
								"east": {"uv": [18, 12], "uv_size": [0.5, 0.5]},
								"south": {"uv": [13, 18], "uv_size": [0.5, 0.5]},
								"west": {"uv": [18, 13], "uv_size": [0.5, 0.5]},
								"up": {"uv": [14, 18], "uv_size": [0.5, 0.5]},
								"down": {"uv": [18, 14.5], "uv_size": [0.5, -0.5]}
							}
						},
						{
							"origin": [-0.25, 0.3919, 1.03],
							"size": [0.1, 0.3, 0.1],
							"uv": {
								"north": {"uv": [15, 18], "uv_size": [0.5, 0.5]},
								"east": {"uv": [18, 15], "uv_size": [0.5, 0.5]},
								"south": {"uv": [16, 18], "uv_size": [0.5, 0.5]},
								"west": {"uv": [18, 16], "uv_size": [0.5, 0.5]},
								"up": {"uv": [17, 18], "uv_size": [0.5, 0.5]},
								"down": {"uv": [18, 17.5], "uv_size": [0.5, -0.5]}
							}
						},
						{
							"origin": [-0.25, 0.3, -0.66416],
							"size": [0.1, 0.1, 1.8],
							"uv": {
								"north": {"uv": [10, 14], "uv_size": [0.5, 0.5]},
								"east": {"uv": [3, 3], "uv_size": [2, 0.5]},
								"south": {"uv": [14, 10], "uv_size": [0.5, 0.5]},
								"west": {"uv": [0, 4], "uv_size": [2, 0.5]},
								"up": {"uv": [4, 0], "uv_size": [0.5, 2]},
								"down": {"uv": [3, 6], "uv_size": [0.5, -2]}
							}
						},
						{
							"origin": [-0.25, 0.55363, -0.43851],
							"size": [0.1, 0.1, 1.5],
							"pivot": [0.75, 0.50056, 1.19194],
							"rotation": [-22.5, 0, 0],
							"uv": {
								"north": {"uv": [11, 14], "uv_size": [0.5, 0.5]},
								"east": {"uv": [6, 4], "uv_size": [1.5, 0.5]},
								"south": {"uv": [14, 11], "uv_size": [0.5, 0.5]},
								"west": {"uv": [5, 6], "uv_size": [1.5, 0.5]},
								"up": {"uv": [3, 6], "uv_size": [0.5, 1.5]},
								"down": {"uv": [7, 1.5], "uv_size": [0.5, -1.5]}
							}
						},
						{
							"origin": [-0.15, 0.2, -0.4],
							"size": [0.3, 0.5, 1],
							"pivot": [0.75, 0.60056, 1.02478],
							"rotation": [-22.5, 0, 0],
							"uv": {
								"north": {"uv": [19, 5], "uv_size": [0.5, 0.5]},
								"east": {"uv": [5, 10], "uv_size": [1, 0.5]},
								"south": {"uv": [6, 19], "uv_size": [0.5, 0.5]},
								"west": {"uv": [10, 5], "uv_size": [1, 0.5]},
								"up": {"uv": [6, 10], "uv_size": [0.5, 1]},
								"down": {"uv": [10, 7], "uv_size": [0.5, -1]}
							}
						},
						{
							"origin": [0.15, 0.32588, -0.56757],
							"size": [0.1, 0.1, 1],
							"pivot": [-0.75, 0.32588, -0.56757],
							"rotation": [42.5, 0, 0],
							"uv": {
								"north": {"uv": [19, 2], "uv_size": [0.5, 0.5]},
								"east": {"uv": [9, 8], "uv_size": [1, 0.5]},
								"south": {"uv": [3, 19], "uv_size": [0.5, 0.5]},
								"west": {"uv": [9, 9], "uv_size": [1, 0.5]},
								"up": {"uv": [0, 10], "uv_size": [0.5, 1]},
								"down": {"uv": [10, 1], "uv_size": [0.5, -1]}
							}
						},
						{
							"origin": [-0.25, 0.32588, -0.56757],
							"size": [0.1, 0.1, 1],
							"pivot": [-0.25, 0.32588, -0.56757],
							"rotation": [42.5, 0, 0],
							"uv": {
								"north": {"uv": [19, 3], "uv_size": [0.5, 0.5]},
								"east": {"uv": [1, 10], "uv_size": [1, 0.5]},
								"south": {"uv": [4, 19], "uv_size": [0.5, 0.5]},
								"west": {"uv": [10, 1], "uv_size": [1, 0.5]},
								"up": {"uv": [2, 10], "uv_size": [0.5, 1]},
								"down": {"uv": [10, 3], "uv_size": [0.5, -1]}
							}
						},
						{
							"origin": [-0.3, 0.58982, -0.85803],
							"size": [0.6, 0.03, 0.4],
							"pivot": [0.35, -0.32238, 1.34197],
							"rotation": [-22.5, 0, 0],
							"uv": {
								"north": {"uv": [15, 3], "uv_size": [0.5, 0.5]},
								"east": {"uv": [4, 15], "uv_size": [0.5, 0.5]},
								"south": {"uv": [15, 4], "uv_size": [0.5, 0.5]},
								"west": {"uv": [5, 15], "uv_size": [0.5, 0.5]},
								"up": {"uv": [15, 5], "uv_size": [0.5, 0.5]},
								"down": {"uv": [6, 15.5], "uv_size": [0.5, -0.5]}
							}
						},
						{
							"origin": [-0.15, 0.8, -0.4],
							"size": [0.3, 1, 0.4],
							"pivot": [0.35, -0.32238, 1.34197],
							"rotation": [15, 0, 0],
							"uv": {
								"north": {"uv": [7, 10], "uv_size": [0.5, 1]},
								"east": {"uv": [10, 7], "uv_size": [0.5, 1]},
								"south": {"uv": [8, 10], "uv_size": [0.5, 1]},
								"west": {"uv": [10, 8], "uv_size": [0.5, 1]},
								"up": {"uv": [19, 9], "uv_size": [0.5, 0.5]},
								"down": {"uv": [10, 19.5], "uv_size": [0.5, -0.5]}
							}
						},
						{
							"origin": [-0.15, -0.4, -0.8],
							"size": [0.3, 1, 0.3],
							"pivot": [0.35, -0.32238, 1.34197],
							"rotation": [-22.5, 0, 0],
							"uv": {
								"north": {"uv": [9, 10], "uv_size": [0.5, 1]},
								"east": {"uv": [10, 9], "uv_size": [0.5, 1]},
								"south": {"uv": [10, 10], "uv_size": [0.5, 1]},
								"west": {"uv": [0, 11], "uv_size": [0.5, 1]},
								"up": {"uv": [19, 10], "uv_size": [0.5, 0.5]},
								"down": {"uv": [11, 19.5], "uv_size": [0.5, -0.5]}
							}
						},
						{
							"origin": [-0.3, 1.36, -0.83],
							"size": [0.6, 0.03, 0.5],
							"uv": {
								"north": {"uv": [18, 18], "uv_size": [0.5, 0.5]},
								"east": {"uv": [0, 19], "uv_size": [0.5, 0.5]},
								"south": {"uv": [19, 0], "uv_size": [0.5, 0.5]},
								"west": {"uv": [1, 19], "uv_size": [0.5, 0.5]},
								"up": {"uv": [19, 1], "uv_size": [0.5, 0.5]},
								"down": {"uv": [2, 19.5], "uv_size": [0.5, -0.5]}
							}
						},
						{
							"origin": [-0.2, 1.2, 0],
							"size": [0.4, 0.1, 0.4],
							"uv": {
								"north": {"uv": [17, 2], "uv_size": [0.5, 0.5]},
								"east": {"uv": [3, 17], "uv_size": [0.5, 0.5]},
								"south": {"uv": [17, 3], "uv_size": [0.5, 0.5]},
								"west": {"uv": [4, 17], "uv_size": [0.5, 0.5]},
								"up": {"uv": [17, 4], "uv_size": [0.5, 0.5]},
								"down": {"uv": [5, 17.5], "uv_size": [0.5, -0.5]}
							}
						},
						{
							"origin": [0.15, 0.32578, -0.3856],
							"size": [0.1, 0.1, 1.5],
							"pivot": [0.35, 0.50905, 1.81442],
							"rotation": [-22.5, 0, 0],
							"uv": {
								"north": {"uv": [0, 16], "uv_size": [0.5, 0.5]},
								"east": {"uv": [6, 5], "uv_size": [1.5, 0.5]},
								"south": {"uv": [16, 0], "uv_size": [0.5, 0.5]},
								"west": {"uv": [7, 2], "uv_size": [1.5, 0.5]},
								"up": {"uv": [2, 7], "uv_size": [0.5, 1.5]},
								"down": {"uv": [4, 8.5], "uv_size": [0.5, -1.5]}
							}
						},
						{
							"origin": [-0.25, 1.26593, -0.92298],
							"size": [0.1, 0.1, 0.5],
							"uv": {
								"north": {"uv": [15, 0], "uv_size": [0.5, 0.5]},
								"east": {"uv": [1, 15], "uv_size": [0.5, 0.5]},
								"south": {"uv": [15, 1], "uv_size": [0.5, 0.5]},
								"west": {"uv": [2, 15], "uv_size": [0.5, 0.5]},
								"up": {"uv": [15, 2], "uv_size": [0.5, 0.5]},
								"down": {"uv": [3, 15.5], "uv_size": [0.5, -0.5]}
							}
						},
						{
							"origin": [0.25, 1.06, -0.83],
							"size": [0.05, 0.3, 0.5],
							"uv": {
								"north": {"uv": [15, 12], "uv_size": [0.5, 0.5]},
								"east": {"uv": [13, 15], "uv_size": [0.5, 0.5]},
								"south": {"uv": [15, 13], "uv_size": [0.5, 0.5]},
								"west": {"uv": [24, 15], "uv_size": [5, 4]},
								"up": {"uv": [15, 14], "uv_size": [0.5, 0.5]},
								"down": {"uv": [15, 15.5], "uv_size": [0.5, -0.5]}
							}
						},
						{
							"origin": [-0.3, 1.11433, -0.3605],
							"size": [0.05, 0.15, 0.4],
							"pivot": [-0.275, 1.26433, -0.08095],
							"rotation": [-22.5, 0, 0],
							"uv": {
								"north": {"uv": [1, 16], "uv_size": [0.5, 0.5]},
								"east": {"uv": [16, 1], "uv_size": [0.5, 0.5]},
								"south": {"uv": [2, 16], "uv_size": [0.5, 0.5]},
								"west": {"uv": [16, 2], "uv_size": [0.5, 0.5]},
								"up": {"uv": [3, 16], "uv_size": [0.5, 0.5]},
								"down": {"uv": [16, 3.5], "uv_size": [0.5, -0.5]}
							}
						},
						{
							"origin": [0.25, 1.11661, -0.36051],
							"size": [0.05, 0.15, 0.4],
							"pivot": [-0.725, 1.26661, -0.11051],
							"rotation": [-22.5, 0, 0],
							"uv": {
								"north": {"uv": [10, 16], "uv_size": [0.5, 0.5]},
								"east": {"uv": [16, 10], "uv_size": [0.5, 0.5]},
								"south": {"uv": [11, 16], "uv_size": [0.5, 0.5]},
								"west": {"uv": [16, 11], "uv_size": [0.5, 0.5]},
								"up": {"uv": [12, 16], "uv_size": [0.5, 0.5]},
								"down": {"uv": [16, 12.5], "uv_size": [0.5, -0.5]}
							}
						},
						{
							"origin": [-0.3, 1.06, -0.83],
							"size": [0.05, 0.3, 0.5],
							"uv": {
								"north": {"uv": [4, 16], "uv_size": [0.5, 0.5]},
								"east": {"uv": [16, 4], "uv_size": [0.5, 0.5]},
								"south": {"uv": [5, 16], "uv_size": [0.5, 0.5]},
								"west": {"uv": [16, 5], "uv_size": [0.5, 0.5]},
								"up": {"uv": [6, 16], "uv_size": [0.5, 0.5]},
								"down": {"uv": [16, 6.5], "uv_size": [0.5, -0.5]}
							}
						},
						{
							"origin": [-0.3, 1.0569, -0.4604],
							"size": [0.05, 0.18, 0.5],
							"uv": {
								"north": {"uv": [7, 16], "uv_size": [0.5, 0.5]},
								"east": {"uv": [16, 7], "uv_size": [0.5, 0.5]},
								"south": {"uv": [8, 16], "uv_size": [0.5, 0.5]},
								"west": {"uv": [16, 8], "uv_size": [0.5, 0.5]},
								"up": {"uv": [9, 16], "uv_size": [0.5, 0.5]},
								"down": {"uv": [16, 9.5], "uv_size": [0.5, -0.5]}
							}
						},
						{
							"origin": [-0.3, 1.05693, -0.06045],
							"size": [0.6, 0.18, 0.1],
							"uv": {
								"north": {"uv": [13, 16], "uv_size": [0.5, 0.5]},
								"east": {"uv": [16, 13], "uv_size": [0.5, 0.5]},
								"south": {"uv": [14, 16], "uv_size": [0.5, 0.5]},
								"west": {"uv": [16, 14], "uv_size": [0.5, 0.5]},
								"up": {"uv": [15, 16], "uv_size": [0.5, 0.5]},
								"down": {"uv": [16, 15.5], "uv_size": [0.5, -0.5]}
							}
						},
						{
							"origin": [0.25, 1.05693, -0.36045],
							"size": [0.05, 0.18, 0.4],
							"uv": {
								"north": {"uv": [16, 16], "uv_size": [0.5, 0.5]},
								"east": {"uv": [0, 17], "uv_size": [0.5, 0.5]},
								"south": {"uv": [17, 0], "uv_size": [0.5, 0.5]},
								"west": {"uv": [1, 17], "uv_size": [0.5, 0.5]},
								"up": {"uv": [17, 1], "uv_size": [0.5, 0.5]},
								"down": {"uv": [2, 17.5], "uv_size": [0.5, -0.5]}
							}
						},
						{
							"origin": [0.15, 1.26593, -0.92298],
							"size": [0.1, 0.1, 0.5],
							"uv": {
								"north": {"uv": [15, 6], "uv_size": [0.5, 0.5]},
								"east": {"uv": [7, 15], "uv_size": [0.5, 0.5]},
								"south": {"uv": [15, 7], "uv_size": [0.5, 0.5]},
								"west": {"uv": [8, 15], "uv_size": [0.5, 0.5]},
								"up": {"uv": [15, 8], "uv_size": [0.5, 0.5]},
								"down": {"uv": [9, 15.5], "uv_size": [0.5, -0.5]}
							}
						},
						{
							"origin": [-0.15, 1.26593, -0.52298],
							"size": [0.3, 0.1, 0.1],
							"uv": {
								"north": {"uv": [15, 9], "uv_size": [0.5, 0.5]},
								"east": {"uv": [10, 15], "uv_size": [0.5, 0.5]},
								"south": {"uv": [15, 10], "uv_size": [0.5, 0.5]},
								"west": {"uv": [11, 15], "uv_size": [0.5, 0.5]},
								"up": {"uv": [15, 11], "uv_size": [0.5, 0.5]},
								"down": {"uv": [12, 15.5], "uv_size": [0.5, -0.5]}
							}
						},
						{
							"origin": [0.15, 0.5, -1.60766],
							"size": [0.1, 1.3, 0.1],
							"pivot": [0.25, 0.41506, -1.60766],
							"rotation": [-32.5, 0, 0],
							"uv": {
								"north": {"uv": [0, 6], "uv_size": [0.5, 1.5]},
								"east": {"uv": [6, 0], "uv_size": [0.5, 1.5]},
								"south": {"uv": [1, 6], "uv_size": [0.5, 1.5]},
								"west": {"uv": [6, 2], "uv_size": [0.5, 1.5]},
								"up": {"uv": [11, 12], "uv_size": [0.5, 0.5]},
								"down": {"uv": [12, 11.5], "uv_size": [0.5, -0.5]}
							}
						},
						{
							"origin": [-0.2, 1.4, -1.60766],
							"size": [0.4, 0.05, 0.1],
							"pivot": [0.25, 0.41506, -1.60766],
							"rotation": [-32.5, 0, 0],
							"uv": {
								"north": {"uv": [12, 12], "uv_size": [0.5, 0.5]},
								"east": {"uv": [0, 13], "uv_size": [0.5, 0.5]},
								"south": {"uv": [13, 0], "uv_size": [0.5, 0.5]},
								"west": {"uv": [1, 13], "uv_size": [0.5, 0.5]},
								"up": {"uv": [13, 1], "uv_size": [0.5, 0.5]},
								"down": {"uv": [2, 13.5], "uv_size": [0.5, -0.5]}
							}
						},
						{
							"origin": [-0.2, 1.75, -1.60766],
							"size": [0.4, 0.05, 0.1],
							"pivot": [0.25, 0.41506, -1.60766],
							"rotation": [-32.5, 0, 0],
							"uv": {
								"north": {"uv": [13, 2], "uv_size": [0.5, 0.5]},
								"east": {"uv": [3, 13], "uv_size": [0.5, 0.5]},
								"south": {"uv": [13, 3], "uv_size": [0.5, 0.5]},
								"west": {"uv": [4, 13], "uv_size": [0.5, 0.5]},
								"up": {"uv": [13, 4], "uv_size": [0.5, 0.5]},
								"down": {"uv": [5, 13.5], "uv_size": [0.5, -0.5]}
							}
						},
						{
							"origin": [-0.05, 1.53311, -0.86353],
							"size": [0.1, 0.15, 0.08],
							"uv": {
								"north": {"uv": [13, 8], "uv_size": [0.5, 0.5]},
								"east": {"uv": [9, 13], "uv_size": [0.5, 0.5]},
								"south": {"uv": [13, 9], "uv_size": [0.5, 0.5]},
								"west": {"uv": [10, 13], "uv_size": [0.5, 0.5]},
								"up": {"uv": [13, 10], "uv_size": [0.5, 0.5]},
								"down": {"uv": [11, 13.5], "uv_size": [0.5, -0.5]}
							}
						},
						{
							"origin": [-0.15, 1.68, -0.86353],
							"size": [0.3, 0.05, 0.08],
							"uv": {
								"north": {"uv": [13, 11], "uv_size": [0.5, 0.5]},
								"east": {"uv": [12, 13], "uv_size": [0.5, 0.5]},
								"south": {"uv": [13, 12], "uv_size": [0.5, 0.5]},
								"west": {"uv": [13, 13], "uv_size": [0.5, 0.5]},
								"up": {"uv": [0, 14], "uv_size": [0.5, 0.5]},
								"down": {"uv": [14, 0.5], "uv_size": [0.5, -0.5]}
							}
						},
						{
							"origin": [-0.45, 1.68, -0.86353],
							"size": [0.3, 0.05, 0.08],
							"pivot": [-0.15, 1.73, -0.86353],
							"rotation": [0, 30, 0],
							"uv": {
								"north": {"uv": [1, 14], "uv_size": [0.5, 0.5]},
								"east": {"uv": [14, 1], "uv_size": [0.5, 0.5]},
								"south": {"uv": [2, 14], "uv_size": [0.5, 0.5]},
								"west": {"uv": [14, 2], "uv_size": [0.5, 0.5]},
								"up": {"uv": [3, 14], "uv_size": [0.5, 0.5]},
								"down": {"uv": [14, 3.5], "uv_size": [0.5, -0.5]}
							}
						},
						{
							"origin": [0.15, 1.68, -0.86353],
							"size": [0.3, 0.05, 0.08],
							"pivot": [0.15, 1.73, -0.86353],
							"rotation": [0, -30, 0],
							"uv": {
								"north": {"uv": [4, 14], "uv_size": [0.5, 0.5]},
								"east": {"uv": [14, 4], "uv_size": [0.5, 0.5]},
								"south": {"uv": [5, 14], "uv_size": [0.5, 0.5]},
								"west": {"uv": [14, 5], "uv_size": [0.5, 0.5]},
								"up": {"uv": [6, 14], "uv_size": [0.5, 0.5]},
								"down": {"uv": [14, 6.5], "uv_size": [0.5, -0.5]}
							}
						},
						{
							"origin": [-0.15, 1.3, -1.3],
							"size": [0.3, 0.3, 0.4],
							"uv": {
								"north": {"uv": [29, 0], "uv_size": [3, 2.5]},
								"east": {"uv": [6, 13], "uv_size": [0.5, 0.5]},
								"south": {"uv": [13, 6], "uv_size": [0.5, 0.5]},
								"west": {"uv": [7, 13], "uv_size": [0.5, 0.5]},
								"up": {"uv": [13, 7], "uv_size": [0.5, 0.5]},
								"down": {"uv": [8, 13.5], "uv_size": [0.5, -0.5]}
							}
						},
						{
							"origin": [-0.15, 0.3, -0.6],
							"size": [0.3, 0.6, 1],
							"uv": {
								"north": {"uv": [19, 4], "uv_size": [0.5, 0.5]},
								"east": {"uv": [3, 10], "uv_size": [1, 0.5]},
								"south": {"uv": [5, 19], "uv_size": [0.5, 0.5]},
								"west": {"uv": [10, 3], "uv_size": [1, 0.5]},
								"up": {"uv": [4, 10], "uv_size": [0.5, 1]},
								"down": {"uv": [10, 5], "uv_size": [0.5, -1]}
							}
						},
						{
							"origin": [-0.15, 0.3, 0.4],
							"size": [0.3, 0.5, 0.3],
							"uv": {
								"north": {"uv": [19, 6], "uv_size": [0.5, 0.5]},
								"east": {"uv": [7, 19], "uv_size": [0.5, 0.5]},
								"south": {"uv": [19, 7], "uv_size": [0.5, 0.5]},
								"west": {"uv": [8, 19], "uv_size": [0.5, 0.5]},
								"up": {"uv": [19, 8], "uv_size": [0.5, 0.5]},
								"down": {"uv": [9, 19.5], "uv_size": [0.5, -0.5]}
							}
						},
						{
							"origin": [-1.3, 0.2, -0.4],
							"size": [0.9, 0.1, 1.5],
							"uv": {
								"north": {"uv": [11, 2], "uv_size": [1, 0.5]},
								"east": {"uv": [7, 3], "uv_size": [1.5, 0.5]},
								"south": {"uv": [3, 11], "uv_size": [1, 0.5]},
								"west": {"uv": [5, 7], "uv_size": [1.5, 0.5]},
								"up": {"uv": [0, 0], "uv_size": [1, 1.5]},
								"down": {"uv": [1, 1.5], "uv_size": [1, -1.5]}
							}
						},
						{
							"origin": [-1.4, 0.2, -0.4],
							"size": [0.1, 0.3, 1.5],
							"uv": {
								"north": {"uv": [19, 11], "uv_size": [0.5, 0.5]},
								"east": {"uv": [7, 6], "uv_size": [1.5, 0.5]},
								"south": {"uv": [12, 19], "uv_size": [0.5, 0.5]},
								"west": {"uv": [7, 7], "uv_size": [1.5, 0.5]},
								"up": {"uv": [0, 8], "uv_size": [0.5, 1.5]},
								"down": {"uv": [8, 1.5], "uv_size": [0.5, -1.5]}
							}
						},
						{
							"origin": [-1.4, 0.49581, 0.50912],
							"size": [0.1, 0.4, 0.6],
							"uv": {
								"north": {"uv": [19, 13], "uv_size": [0.5, 0.5]},
								"east": {"uv": [14, 19], "uv_size": [0.5, 0.5]},
								"south": {"uv": [19, 14], "uv_size": [0.5, 0.5]},
								"west": {"uv": [15, 19], "uv_size": [0.5, 0.5]},
								"up": {"uv": [19, 15], "uv_size": [0.5, 0.5]},
								"down": {"uv": [16, 19.5], "uv_size": [0.5, -0.5]}
							}
						},
						{
							"origin": [-1.4, 0.3, 0.50912],
							"size": [1, 0.4, 0.6],
							"uv": {
								"north": {"uv": [8, 12], "uv_size": [1, 0.5]},
								"east": {"uv": [21, 0], "uv_size": [0.5, 0.5]},
								"south": {"uv": [12, 8], "uv_size": [1, 0.5]},
								"west": {"uv": [1, 21], "uv_size": [0.5, 0.5]},
								"up": {"uv": [9, 12], "uv_size": [1, 0.5]},
								"down": {"uv": [12, 9.5], "uv_size": [1, -0.5]}
							}
						},
						{
							"origin": [-1.4, 0.66946, 0.49392],
							"size": [0.1, 0.4, 0.6],
							"pivot": [-1.4, 1.06946, 1.49392],
							"rotation": [10, 0, 0],
							"uv": {
								"north": {"uv": [3, 20], "uv_size": [0.5, 0.5]},
								"east": {"uv": [20, 3], "uv_size": [0.5, 0.5]},
								"south": {"uv": [4, 20], "uv_size": [0.5, 0.5]},
								"west": {"uv": [20, 4], "uv_size": [0.5, 0.5]},
								"up": {"uv": [5, 20], "uv_size": [0.5, 0.5]},
								"down": {"uv": [20, 5.5], "uv_size": [0.5, -0.5]}
							}
						},
						{
							"origin": [-0.4, 0.2, -0.4],
							"size": [0.1, 0.7, 1.5],
							"uv": {
								"north": {"uv": [19, 12], "uv_size": [0.5, 0.5]},
								"east": {"uv": [8, 4], "uv_size": [1.5, 0.5]},
								"south": {"uv": [13, 19], "uv_size": [0.5, 0.5]},
								"west": {"uv": [5, 8], "uv_size": [1.5, 0.5]},
								"up": {"uv": [1, 8], "uv_size": [0.5, 1.5]},
								"down": {"uv": [3, 9.5], "uv_size": [0.5, -1.5]}
							}
						},
						{
							"origin": [-1.4, 0.2, -0.6],
							"size": [1.1, 0.8, 0.6],
							"uv": {
								"north": {"uv": [0, 5], "uv_size": [1, 1]},
								"east": {"uv": [11, 3], "uv_size": [0.5, 1]},
								"south": {"uv": [5, 0], "uv_size": [1, 1]},
								"west": {"uv": [4, 11], "uv_size": [0.5, 1]},
								"up": {"uv": [11, 4], "uv_size": [1, 0.5]},
								"down": {"uv": [5, 11.5], "uv_size": [1, -0.5]}
							}
						},
						{
							"origin": [-1.4, 0.2, -1],
							"size": [1.1, 0.4, 0.4],
							"pivot": [-1.4, 0.2, -0.6],
							"rotation": [-20, 0, 0],
							"uv": {
								"north": {"uv": [11, 7], "uv_size": [1, 0.5]},
								"east": {"uv": [19, 16], "uv_size": [0.5, 0.5]},
								"south": {"uv": [8, 11], "uv_size": [1, 0.5]},
								"west": {"uv": [17, 19], "uv_size": [0.5, 0.5]},
								"up": {"uv": [11, 8], "uv_size": [1, 0.5]},
								"down": {"uv": [9, 11.5], "uv_size": [1, -0.5]}
							}
						},
						{
							"origin": [-1.4, 0.19638, 1.3],
							"size": [1.1, 0.4, 0.4],
							"pivot": [-1.4, 0.19638, 1.3],
							"rotation": [20, 0, 0],
							"uv": {
								"north": {"uv": [6, 12], "uv_size": [1, 0.5]},
								"east": {"uv": [2, 20], "uv_size": [0.5, 0.5]},
								"south": {"uv": [12, 6], "uv_size": [1, 0.5]},
								"west": {"uv": [20, 2], "uv_size": [0.5, 0.5]},
								"up": {"uv": [7, 12], "uv_size": [1, 0.5]},
								"down": {"uv": [12, 7.5], "uv_size": [1, -0.5]}
							}
						},
						{
							"origin": [-1.4, 0.6, -1],
							"size": [1.1, 0.4, 0.4],
							"pivot": [-1.4, 1, -0.6],
							"rotation": [20, 0, 0],
							"uv": {
								"north": {"uv": [11, 9], "uv_size": [1, 0.5]},
								"east": {"uv": [19, 17], "uv_size": [0.5, 0.5]},
								"south": {"uv": [10, 11], "uv_size": [1, 0.5]},
								"west": {"uv": [18, 19], "uv_size": [0.5, 0.5]},
								"up": {"uv": [11, 10], "uv_size": [1, 0.5]},
								"down": {"uv": [11, 11.5], "uv_size": [1, -0.5]}
							}
						},
						{
							"origin": [-1.4, 0.6, 1.3],
							"size": [1.1, 0.4, 0.4],
							"pivot": [-1.4, 1, 1.3],
							"rotation": [-20, 0, 0],
							"uv": {
								"north": {"uv": [2, 12], "uv_size": [1, 0.5]},
								"east": {"uv": [0, 20], "uv_size": [0.5, 0.5]},
								"south": {"uv": [12, 2], "uv_size": [1, 0.5]},
								"west": {"uv": [20, 0], "uv_size": [0.5, 0.5]},
								"up": {"uv": [3, 12], "uv_size": [1, 0.5]},
								"down": {"uv": [12, 3.5], "uv_size": [1, -0.5]}
							}
						},
						{
							"origin": [-1.4, 0.33681, -0.97588],
							"size": [1.1, 0.53, 0.4],
							"uv": {
								"north": {"uv": [24, 15], "uv_size": [5, 4]},
								"east": {"uv": [19, 18], "uv_size": [0.5, 0.5]},
								"south": {"uv": [12, 0], "uv_size": [1, 0.5]},
								"west": {"uv": [19, 19], "uv_size": [0.5, 0.5]},
								"up": {"uv": [1, 12], "uv_size": [1, 0.5]},
								"down": {"uv": [12, 1.5], "uv_size": [1, -0.5]}
							}
						},
						{
							"origin": [-1.4, 0.33319, 1.27588],
							"size": [1.1, 0.53, 0.4],
							"uv": {
								"north": {"uv": [4, 12], "uv_size": [1, 0.5]},
								"east": {"uv": [1, 20], "uv_size": [0.5, 0.5]},
								"south": {"uv": [12, 4], "uv_size": [1, 0.5]},
								"west": {"uv": [20, 1], "uv_size": [0.5, 0.5]},
								"up": {"uv": [5, 12], "uv_size": [1, 0.5]},
								"down": {"uv": [12, 5.5], "uv_size": [1, -0.5]}
							}
						},
						{
							"origin": [-1.4, 0.2, 1.1],
							"size": [1.1, 0.8, 0.2],
							"uv": {
								"north": {"uv": [1, 5], "uv_size": [1, 1]},
								"east": {"uv": [11, 5], "uv_size": [0.5, 1]},
								"south": {"uv": [5, 1], "uv_size": [1, 1]},
								"west": {"uv": [6, 11], "uv_size": [0.5, 1]},
								"up": {"uv": [11, 6], "uv_size": [1, 0.5]},
								"down": {"uv": [7, 11.5], "uv_size": [1, -0.5]}
							}
						},
						{
							"origin": [-0.1, 0.8, 1.5],
							"size": [0.2, 0.2, 0.1],
							"uv": {
								"north": {"uv": [0, 0], "uv_size": [0.2, 0.2]},
								"east": {"uv": [0, 0], "uv_size": [0.1, 0.2]},
								"south": {"uv": [30, 22], "uv_size": [2, 2]},
								"west": {"uv": [0, 0], "uv_size": [0.1, 0.2]},
								"up": {"uv": [0.2, 0.1], "uv_size": [-0.2, -0.1]},
								"down": {"uv": [0.2, 0.1], "uv_size": [-0.2, -0.1]}
							}
						},
						{
							"origin": [-0.1, 1, 0.15],
							"size": [0.2, 0.2, 0.2],
							"uv": {
								"north": {"uv": [0, 0], "uv_size": [0.2, 0.2]},
								"east": {"uv": [0, 0], "uv_size": [0.2, 0.2]},
								"south": {"uv": [0, 0], "uv_size": [0.2, 0.2]},
								"west": {"uv": [0, 0], "uv_size": [0.2, 0.2]},
								"up": {"uv": [0.2, 0.2], "uv_size": [-0.2, -0.2]},
								"down": {"uv": [0.2, 0.2], "uv_size": [-0.2, -0.2]}
							}
						}
					]
				},
				{
					"name": "bone",
					"parent": "bb_main",
					"pivot": [0, 0.40087, -1.65063],
					"cubes": [
						{
							"origin": [-0.1, 0, -1.8],
							"size": [0.2, 0.8, 0.3],
							"uv": {
								"north": {"uv": [22, 5], "uv_size": [0.5, 1]},
								"east": {"uv": [26, 26], "uv_size": [6, 6]},
								"south": {"uv": [25, 10], "uv_size": [0.5, 1]},
								"west": {"uv": [26, 26], "uv_size": [6, 6]},
								"up": {"uv": [8, 8], "uv_size": [0.5, 1]},
								"down": {"uv": [9, 1], "uv_size": [0.5, -1]}
							}
						},
						{
							"origin": [-0.1, 0.30503, -2.10503],
							"size": [0.2, 0.8, 0.3],
							"pivot": [0, 0.70503, -1.65251],
							"rotation": [90, 0, 0],
							"uv": {
								"north": {"uv": [22, 5], "uv_size": [0.5, 1]},
								"east": {"uv": [26, 26], "uv_size": [6, 6]},
								"south": {"uv": [25, 10], "uv_size": [0.5, 1]},
								"west": {"uv": [26, 26], "uv_size": [6, 6]},
								"up": {"uv": [8, 8], "uv_size": [0.5, 1]},
								"down": {"uv": [9, 1], "uv_size": [0.5, -1]}
							}
						},
						{
							"origin": [-0.1, -0.17796, -1.8968],
							"size": [0.2, 0.78, 0.35],
							"pivot": [0, 0.22204, -1.45944],
							"rotation": [-45, 0, 0],
							"uv": {
								"north": {"uv": [22, 5], "uv_size": [0.5, 1]},
								"east": {"uv": [26, 26], "uv_size": [6, 6]},
								"south": {"uv": [25, 10], "uv_size": [0.5, 1]},
								"west": {"uv": [26, 26], "uv_size": [6, 6]},
								"up": {"uv": [8, 8], "uv_size": [0.5, 1]},
								"down": {"uv": [9, 1], "uv_size": [0.5, -1]}
							}
						},
						{
							"origin": [-0.1, 0.18594, -1.90393],
							"size": [0.2, 0.78, 0.35],
							"pivot": [0, 0.58594, -1.47665],
							"rotation": [45, 0, 0],
							"uv": {
								"north": {"uv": [22, 5], "uv_size": [0.5, 1]},
								"east": {"uv": [26, 26], "uv_size": [6, 6]},
								"south": {"uv": [25, 10], "uv_size": [0.5, 1]},
								"west": {"uv": [26, 26], "uv_size": [6, 6]},
								"up": {"uv": [8, 8], "uv_size": [0.5, 1]},
								"down": {"uv": [9, 1], "uv_size": [0.5, -1]}
							}
						}
					]
				},
				{
					"name": "bone2",
					"parent": "bb_main",
					"pivot": [0, 0.40188, 1.14836],
					"cubes": [
						{
							"origin": [-0.1, 0, 1],
							"size": [0.2, 0.8, 0.3],
							"uv": {
								"north": {"uv": [21, 7], "uv_size": [0.5, 1]},
								"east": {"uv": [26, 26], "uv_size": [6, 6]},
								"south": {"uv": [18, 8], "uv_size": [0.5, 1]},
								"west": {"uv": [26, 26], "uv_size": [6, 6]},
								"up": {"uv": [8, 8], "uv_size": [0.5, 1]},
								"down": {"uv": [9, 1], "uv_size": [0.5, -1]}
							}
						},
						{
							"origin": [-0.1, 0.2, 0.8],
							"size": [0.2, 0.8, 0.3],
							"pivot": [0, 0.6, 1.14749],
							"rotation": [90, 0, 0],
							"uv": {
								"north": {"uv": [21, 7], "uv_size": [0.5, 1]},
								"east": {"uv": [26, 26], "uv_size": [6, 6]},
								"south": {"uv": [18, 8], "uv_size": [0.5, 1]},
								"west": {"uv": [26, 26], "uv_size": [6, 6]},
								"up": {"uv": [8, 8], "uv_size": [0.5, 1]},
								"down": {"uv": [9, 1], "uv_size": [0.5, -1]}
							}
						},
						{
							"origin": [-0.1, -0.25094, 0.87297],
							"size": [0.2, 0.78, 0.35],
							"pivot": [0, 0.14906, 1.41354],
							"rotation": [-45, 0, 0],
							"uv": {
								"north": {"uv": [21, 7], "uv_size": [0.5, 1]},
								"east": {"uv": [26, 26], "uv_size": [6, 6]},
								"south": {"uv": [18, 8], "uv_size": [0.5, 1]},
								"west": {"uv": [26, 26], "uv_size": [6, 6]},
								"up": {"uv": [8, 8], "uv_size": [0.5, 1]},
								"down": {"uv": [9, 1], "uv_size": [0.5, -1]}
							}
						},
						{
							"origin": [-0.1, 0.25793, 0.86387],
							"size": [0.2, 0.78, 0.35],
							"pivot": [0, 0.65793, 1.38722],
							"rotation": [45, 0, 0],
							"uv": {
								"north": {"uv": [21, 7], "uv_size": [0.5, 1]},
								"east": {"uv": [26, 26], "uv_size": [6, 6]},
								"south": {"uv": [18, 8], "uv_size": [0.5, 1]},
								"west": {"uv": [26, 26], "uv_size": [6, 6]},
								"up": {"uv": [8, 8], "uv_size": [0.5, 1]},
								"down": {"uv": [9, 1], "uv_size": [0.5, -1]}
							}
						}
					]
				},
				{
					"name": "bone4",
					"parent": "bb_main",
					"pivot": [-1, 1.25, -0.77],
					"rotation": [-90, -20, 90],
					"cubes": [
						{
							"origin": [-0.8, 1, -1.1],
							"size": [0.2, 0.8, 0.3],
							"uv": {
								"north": {"uv": [26, 6], "uv_size": [0.5, 1]},
								"east": {"uv": [26, 26], "uv_size": [6, 6]},
								"south": {"uv": [23, 9], "uv_size": [0.5, 1]},
								"west": {"uv": [26, 26], "uv_size": [6, 6]},
								"up": {"uv": [8, 8], "uv_size": [0.5, 1]},
								"down": {"uv": [9, 1], "uv_size": [0.5, -1]}
							}
						},
						{
							"origin": [-0.8, 0.8, -1.69497],
							"size": [0.2, 0.8, 0.3],
							"pivot": [-0.7, 1.6, -1.34749],
							"rotation": [90, 0, 0],
							"uv": {
								"north": {"uv": [26, 6], "uv_size": [0.5, 1]},
								"east": {"uv": [26, 26], "uv_size": [6, 6]},
								"south": {"uv": [23, 9], "uv_size": [0.5, 1]},
								"west": {"uv": [26, 26], "uv_size": [6, 6]},
								"up": {"uv": [8, 8], "uv_size": [0.5, 1]},
								"down": {"uv": [9, 1], "uv_size": [0.5, -1]}
							}
						},
						{
							"origin": [-0.8, 0.76398, -1.26305],
							"size": [0.2, 0.78, 0.35],
							"pivot": [-0.7, 1.11305, -0.72248],
							"rotation": [-45, 0, 0],
							"uv": {
								"north": {"uv": [26, 6], "uv_size": [0.5, 1]},
								"east": {"uv": [26, 26], "uv_size": [6, 6]},
								"south": {"uv": [23, 9], "uv_size": [0.5, 1]},
								"west": {"uv": [26, 26], "uv_size": [6, 6]},
								"up": {"uv": [8, 8], "uv_size": [0.5, 1]},
								"down": {"uv": [9, 1], "uv_size": [0.5, -1]}
							}
						},
						{
							"origin": [-0.8, 1.11975, -1.55588],
							"size": [0.2, 0.78, 0.35],
							"pivot": [-0.7, 1.97768, -1.03253],
							"rotation": [45, 0, 0],
							"uv": {
								"north": {"uv": [26, 6], "uv_size": [0.5, 1]},
								"east": {"uv": [26, 26], "uv_size": [6, 6]},
								"south": {"uv": [23, 9], "uv_size": [0.5, 1]},
								"west": {"uv": [26, 26], "uv_size": [6, 6]},
								"up": {"uv": [8, 8], "uv_size": [0.5, 1]},
								"down": {"uv": [9, 1], "uv_size": [0.5, -1]}
							}
						}
					]
				},
				{
					"name": "bone3",
					"parent": "bb_main",
					"pivot": [-2, 0.4, 0.4],
					"cubes": [
						{
							"origin": [-1.7, 0, 0.25],
							"size": [0.2, 0.8, 0.3],
							"uv": {
								"north": {"uv": [22, 5], "uv_size": [0.5, 1]},
								"east": {"uv": [26, 26], "uv_size": [6, 6]},
								"south": {"uv": [24, 10], "uv_size": [0.5, 1]},
								"west": {"uv": [26, 26], "uv_size": [6, 6]},
								"up": {"uv": [8, 8], "uv_size": [0.5, 1]},
								"down": {"uv": [9, 1], "uv_size": [0.5, -1]}
							}
						},
						{
							"origin": [-1.7, -0.05, -0.2],
							"size": [0.2, 0.8, 0.3],
							"pivot": [-2, 0.6, 0.14749],
							"rotation": [90, 0, 0],
							"uv": {
								"north": {"uv": [22, 5], "uv_size": [0.5, 1]},
								"east": {"uv": [26, 26], "uv_size": [6, 6]},
								"south": {"uv": [24, 10], "uv_size": [0.5, 1]},
								"west": {"uv": [26, 26], "uv_size": [6, 6]},
								"up": {"uv": [8, 8], "uv_size": [0.5, 1]},
								"down": {"uv": [9, 1], "uv_size": [0.5, -1]}
							}
						},
						{
							"origin": [-1.7, -0.25094, 0.12297],
							"size": [0.2, 0.78, 0.35],
							"pivot": [-2, 0.14906, 0.66354],
							"rotation": [-45, 0, 0],
							"uv": {
								"north": {"uv": [22, 5], "uv_size": [0.5, 1]},
								"east": {"uv": [26, 26], "uv_size": [6, 6]},
								"south": {"uv": [24, 10], "uv_size": [0.5, 1]},
								"west": {"uv": [26, 26], "uv_size": [6, 6]},
								"up": {"uv": [8, 8], "uv_size": [0.5, 1]},
								"down": {"uv": [9, 1], "uv_size": [0.5, -1]}
							}
						},
						{
							"origin": [-1.7, 0.25387, 0.11793],
							"size": [0.2, 0.78, 0.35],
							"pivot": [-2, 0.65387, 0.64127],
							"rotation": [45, 0, 0],
							"uv": {
								"north": {"uv": [22, 5], "uv_size": [0.5, 1]},
								"east": {"uv": [26, 26], "uv_size": [6, 6]},
								"south": {"uv": [24, 10], "uv_size": [0.5, 1]},
								"west": {"uv": [26, 26], "uv_size": [6, 6]},
								"up": {"uv": [8, 8], "uv_size": [0.5, 1]},
								"down": {"uv": [9, 1], "uv_size": [0.5, -1]}
							}
						}
					]
				}
			]
		}
	]
}