{
	"format_version": "1.12.0",
	"minecraft:geometry": [
		{
			"description": {
				"identifier": "geometry.bofors_qf",
				"texture_width": 64,
				"texture_height": 64,
				"visible_bounds_width": 2,
				"visible_bounds_height": 1.5,
				"visible_bounds_offset": [0, 0.25, 0]
			},
			"bones": [
				{
					"name": "bb_main",
					"pivot": [0, 0, 0],
					"cubes": [
						{
							"origin": [-0.2, 0.3, -3],
							"size": [0.4, 0.45, 6],
							"uv": {
								"north": {"uv": [0, 9], "uv_size": [1, 1]},
								"east": {"uv": [0, 0], "uv_size": [6, 1]},
								"south": {"uv": [1, 9], "uv_size": [1, 1]},
								"west": {"uv": [0, 1], "uv_size": [6, 1]},
								"up": {"uv": [0, 2], "uv_size": [1, 6]},
								"down": {"uv": [1, 8], "uv_size": [1, -6]}
							}
						},
						{
							"origin": [-1, 0.45, -2.84],
							"size": [2, 0.2, 0.2],
							"uv": {
								"north": {"uv": [6, 2], "uv_size": [2, 1]},
								"east": {"uv": [6, 2], "uv_size": [2, 1]},
								"south": {"uv": [6, 2], "uv_size": [2, 1]},
								"west": {"uv": [6, 2], "uv_size": [2, 1]},
								"up": {"uv": [8, 3], "uv_size": [-2, -1]},
								"down": {"uv": [8, 3], "uv_size": [-2, -1]}
							}
						},
						{
							"origin": [-1, 0.45, 2.64],
							"size": [2, 0.2, 0.2],
							"uv": {
								"north": {"uv": [6, 6], "uv_size": [2, 1]},
								"east": {"uv": [6, 6], "uv_size": [2, 1]},
								"south": {"uv": [6, 6], "uv_size": [2, 1]},
								"west": {"uv": [6, 6], "uv_size": [2, 1]},
								"up": {"uv": [8, 7], "uv_size": [-2, -1]},
								"down": {"uv": [8, 7], "uv_size": [-2, -1]}
							}
						}
					]
				},
				{
					"name": "Support",
					"parent": "bb_main",
					"pivot": [0, 0.5, 0],
					"cubes": [
						{
							"origin": [2.16, 0.3, -0.1],
							"size": [0.3, 0.61, 0.3],
							"uv": {
								"north": {"uv": [1, 10], "uv_size": [1, 1]},
								"east": {"uv": [1, 10], "uv_size": [1, 1]},
								"south": {"uv": [1, 10], "uv_size": [1, 1]},
								"west": {"uv": [1, 10], "uv_size": [1, 1]},
								"up": {"uv": [2, 11], "uv_size": [-1, -1]},
								"down": {"uv": [2, 11], "uv_size": [-1, -1]}
							}
						},
						{
							"origin": [2.25, 0.01, -0.01],
							"size": [0.15, 0.29, 0.15],
							"uv": {
								"north": {"uv": [12, 11], "uv_size": [1, 1]},
								"east": {"uv": [12, 11], "uv_size": [1, 1]},
								"south": {"uv": [12, 11], "uv_size": [1, 1]},
								"west": {"uv": [12, 11], "uv_size": [1, 1]},
								"up": {"uv": [13, 12], "uv_size": [-1, -1]},
								"down": {"uv": [13, 12], "uv_size": [-1, -1]}
							}
						},
						{
							"origin": [2.16, 0, -0.1],
							"size": [0.3, 0.02, 0.3],
							"uv": {
								"north": {"uv": [15, 10], "uv_size": [-1, 1]},
								"east": {"uv": [15, 10], "uv_size": [-1, 1]},
								"south": {"uv": [15, 10], "uv_size": [-1, 1]},
								"west": {"uv": [15, 10], "uv_size": [-1, 1]},
								"up": {"uv": [14, 11], "uv_size": [1, -1]},
								"down": {"uv": [14, 11], "uv_size": [1, -1]}
							}
						},
						{
							"origin": [0.09, 0.3, -0.06],
							"size": [2.07, 0.45, 0.2],
							"uv": {
								"north": {"uv": [2, 2], "uv_size": [4, 1]},
								"east": {"uv": [3, 10], "uv_size": [1, 1]},
								"south": {"uv": [2, 3], "uv_size": [4, 1]},
								"west": {"uv": [10, 3], "uv_size": [1, 1]},
								"up": {"uv": [2, 4], "uv_size": [4, 1]},
								"down": {"uv": [2, 6], "uv_size": [4, -1]}
							}
						}
					]
				},
				{
					"name": "Support2",
					"parent": "bb_main",
					"pivot": [0, 0.5, 0],
					"cubes": [
						{
							"origin": [-2.46, 0.3, -0.1],
							"size": [0.3, 0.61, 0.3],
							"uv": {
								"north": {"uv": [2, 10], "uv_size": [-1, 1]},
								"east": {"uv": [2, 10], "uv_size": [-1, 1]},
								"south": {"uv": [2, 10], "uv_size": [-1, 1]},
								"west": {"uv": [2, 10], "uv_size": [-1, 1]},
								"up": {"uv": [1, 11], "uv_size": [1, -1]},
								"down": {"uv": [1, 11], "uv_size": [1, -1]}
							}
						},
						{
							"origin": [-2.4, 0.01, -0.01],
							"size": [0.15, 0.29, 0.15],
							"uv": {
								"north": {"uv": [13, 11], "uv_size": [-1, 1]},
								"east": {"uv": [13, 11], "uv_size": [-1, 1]},
								"south": {"uv": [13, 11], "uv_size": [-1, 1]},
								"west": {"uv": [13, 11], "uv_size": [-1, 1]},
								"up": {"uv": [12, 12], "uv_size": [1, -1]},
								"down": {"uv": [12, 12], "uv_size": [1, -1]}
							}
						},
						{
							"origin": [-2.46, 0, -0.1],
							"size": [0.3, 0.02, 0.3],
							"uv": {
								"north": {"uv": [14, 10], "uv_size": [1, 1]},
								"east": {"uv": [14, 10], "uv_size": [1, 1]},
								"south": {"uv": [14, 10], "uv_size": [1, 1]},
								"west": {"uv": [14, 10], "uv_size": [1, 1]},
								"up": {"uv": [15, 11], "uv_size": [-1, -1]},
								"down": {"uv": [15, 11], "uv_size": [-1, -1]}
							}
						},
						{
							"origin": [-2.16, 0.3, -0.06],
							"size": [2.07, 0.45, 0.2],
							"uv": {
								"north": {"uv": [6, 2], "uv_size": [-4, 1]},
								"east": {"uv": [11, 3], "uv_size": [-1, 1]},
								"south": {"uv": [6, 3], "uv_size": [-4, 1]},
								"west": {"uv": [4, 10], "uv_size": [-1, 1]},
								"up": {"uv": [6, 4], "uv_size": [-4, 1]},
								"down": {"uv": [6, 6], "uv_size": [-4, -1]}
							}
						}
					]
				},
				{
					"name": "Stand",
					"parent": "bb_main",
					"pivot": [0, 0, 0],
					"cubes": [
						{
							"origin": [-0.075, 0.01, -2.57],
							"size": [0.15, 0.29, 0.15],
							"uv": {
								"north": {"uv": [19, 10], "uv_size": [1, 1]},
								"east": {"uv": [19, 10], "uv_size": [1, 1]},
								"south": {"uv": [19, 10], "uv_size": [1, 1]},
								"west": {"uv": [19, 10], "uv_size": [1, 1]},
								"up": {"uv": [20, 11], "uv_size": [-1, -1]},
								"down": {"uv": [20, 11], "uv_size": [-1, -1]}
							}
						},
						{
							"origin": [-0.15, 0.3, -2.65],
							"size": [0.3, 0.61, 0.3],
							"uv": {
								"north": {"uv": [9, 19], "uv_size": [1, 1]},
								"east": {"uv": [9, 19], "uv_size": [1, 1]},
								"south": {"uv": [9, 19], "uv_size": [1, 1]},
								"west": {"uv": [9, 19], "uv_size": [1, 1]},
								"up": {"uv": [10, 20], "uv_size": [-1, -1]},
								"down": {"uv": [10, 20], "uv_size": [-1, -1]}
							}
						},
						{
							"origin": [-0.15, 0, -2.65],
							"size": [0.3, 0.02, 0.3],
							"uv": {
								"north": {"uv": [17, 19], "uv_size": [-1, 1]},
								"east": {"uv": [17, 19], "uv_size": [-1, 1]},
								"south": {"uv": [17, 19], "uv_size": [-1, 1]},
								"west": {"uv": [17, 19], "uv_size": [-1, 1]},
								"up": {"uv": [16, 20], "uv_size": [1, -1]},
								"down": {"uv": [16, 20], "uv_size": [1, -1]}
							}
						}
					]
				},
				{
					"name": "Stand2",
					"parent": "bb_main",
					"pivot": [0, 0, 0],
					"cubes": [
						{
							"origin": [-0.075, 0.01, 2.42],
							"size": [0.15, 0.29, 0.15],
							"uv": {
								"north": {"uv": [20, 10], "uv_size": [-1, 1]},
								"east": {"uv": [20, 10], "uv_size": [-1, 1]},
								"south": {"uv": [20, 10], "uv_size": [-1, 1]},
								"west": {"uv": [20, 10], "uv_size": [-1, 1]},
								"up": {"uv": [20, 10], "uv_size": [-1, 1]},
								"down": {"uv": [20, 10], "uv_size": [-1, 1]}
							}
						},
						{
							"origin": [-0.15, 0.3, 2.35],
							"size": [0.3, 0.61, 0.3],
							"uv": {
								"north": {"uv": [10, 19], "uv_size": [-1, 1]},
								"east": {"uv": [10, 19], "uv_size": [-1, 1]},
								"south": {"uv": [10, 19], "uv_size": [-1, 1]},
								"west": {"uv": [10, 19], "uv_size": [-1, 1]},
								"up": {"uv": [10, 19], "uv_size": [-1, 1]},
								"down": {"uv": [10, 19], "uv_size": [-1, 1]}
							}
						},
						{
							"origin": [-0.15, 0, 2.35],
							"size": [0.3, 0.02, 0.3],
							"uv": {
								"north": {"uv": [16, 19], "uv_size": [1, 1]},
								"east": {"uv": [16, 19], "uv_size": [1, 1]},
								"south": {"uv": [16, 19], "uv_size": [1, 1]},
								"west": {"uv": [16, 19], "uv_size": [1, 1]},
								"up": {"uv": [16, 19], "uv_size": [1, 1]},
								"down": {"uv": [16, 19], "uv_size": [1, 1]}
							}
						}
					]
				},
				{
					"name": "turret",
					"pivot": [0, 0.7689, -0.00641],
					"cubes": [
						{
							"origin": [-0.84, 0.8, -0.84],
							"size": [1.68, 0.1, 1.68],
							"uv": {
								"north": {"uv": [8, 2], "uv_size": [-2, -2]},
								"east": {"uv": [8, 2], "uv_size": [-2, -2]},
								"south": {"uv": [8, 2], "uv_size": [-2, -2]},
								"west": {"uv": [8, 2], "uv_size": [-2, -2]},
								"up": {"uv": [6, 0], "uv_size": [2, 2]},
								"down": {"uv": [6, 0], "uv_size": [2, 2]}
							}
						},
						{
							"origin": [0.22, 0.9, -0.32],
							"size": [0.1, 0.56, 0.52],
							"uv": {
								"north": {"uv": [10, 5], "uv_size": [1, 1]},
								"east": {"uv": [10, 5], "uv_size": [1, 1]},
								"south": {"uv": [10, 5], "uv_size": [1, 1]},
								"west": {"uv": [10, 5], "uv_size": [1, 1]},
								"up": {"uv": [11, 6], "uv_size": [-1, -1]},
								"down": {"uv": [11, 6], "uv_size": [-1, -1]}
							}
						},
						{
							"origin": [-0.32, 0.9, -0.32],
							"size": [0.1, 0.56, 0.52],
							"uv": {
								"north": {"uv": [6, 11], "uv_size": [1, 1]},
								"east": {"uv": [6, 11], "uv_size": [1, 1]},
								"south": {"uv": [6, 11], "uv_size": [1, 1]},
								"west": {"uv": [6, 11], "uv_size": [1, 1]},
								"up": {"uv": [7, 12], "uv_size": [-1, -1]},
								"down": {"uv": [7, 12], "uv_size": [-1, -1]}
							}
						},
						{
							"origin": [-0.225, 1.22, -0.16],
							"size": [0.45, 0.2, 0.2],
							"uv": {
								"north": {"uv": [7, 12], "uv_size": [1, 1]},
								"east": {"uv": [12, 7], "uv_size": [1, 1]},
								"south": {"uv": [8, 12], "uv_size": [1, 1]},
								"west": {"uv": [12, 8], "uv_size": [1, 1]},
								"up": {"uv": [9, 12], "uv_size": [1, 1]},
								"down": {"uv": [12, 10], "uv_size": [1, -1]}
							}
						},
						{
							"origin": [-0.2, 1.25, -0.8],
							"size": [0.15, 0.15, 0.68],
							"uv": {
								"north": {"uv": [13, 12], "uv_size": [1, 1]},
								"east": {"uv": [13, 13], "uv_size": [1, 1]},
								"south": {"uv": [0, 14], "uv_size": [1, 1]},
								"west": {"uv": [14, 0], "uv_size": [1, 1]},
								"up": {"uv": [1, 14], "uv_size": [1, 1]},
								"down": {"uv": [14, 2], "uv_size": [1, -1]}
							}
						},
						{
							"origin": [0.05, 1.25, -0.8],
							"size": [0.15, 0.15, 0.68],
							"uv": {
								"north": {"uv": [2, 14], "uv_size": [1, 1]},
								"east": {"uv": [14, 2], "uv_size": [1, 1]},
								"south": {"uv": [3, 14], "uv_size": [1, 1]},
								"west": {"uv": [14, 3], "uv_size": [1, 1]},
								"up": {"uv": [4, 14], "uv_size": [1, 1]},
								"down": {"uv": [14, 5], "uv_size": [1, -1]}
							}
						},
						{
							"origin": [0.22, 1.46, -0.32],
							"size": [0.1, 0.88, 0.2],
							"pivot": [0.48, 1.46, -0.32],
							"rotation": [-47.5, 0, 0],
							"uv": {
								"north": {"uv": [10, 8], "uv_size": [1, 1]},
								"east": {"uv": [10, 8], "uv_size": [1, 1]},
								"south": {"uv": [10, 8], "uv_size": [1, 1]},
								"west": {"uv": [10, 8], "uv_size": [1, 1]},
								"up": {"uv": [11, 9], "uv_size": [-1, -1]},
								"down": {"uv": [11, 9], "uv_size": [-1, -1]}
							}
						},
						{
							"origin": [-0.32, 1.46, -0.32],
							"size": [0.1, 0.88, 0.2],
							"pivot": [-0.48, 1.46, -0.32],
							"rotation": [-47.5, 0, 0],
							"uv": {
								"north": {"uv": [9, 11], "uv_size": [1, 1]},
								"east": {"uv": [9, 11], "uv_size": [1, 1]},
								"south": {"uv": [9, 11], "uv_size": [1, 1]},
								"west": {"uv": [9, 11], "uv_size": [1, 1]},
								"up": {"uv": [10, 12], "uv_size": [-1, -1]},
								"down": {"uv": [10, 12], "uv_size": [-1, -1]}
							}
						},
						{
							"origin": [0.22, 1.18706, 0.26392],
							"size": [0.1, 0.72, 0.2],
							"pivot": [0.32, 1.90706, 0.46392],
							"rotation": [-30, 0, 0],
							"uv": {
								"north": {"uv": [1, 11], "uv_size": [1, 1]},
								"east": {"uv": [1, 11], "uv_size": [1, 1]},
								"south": {"uv": [1, 11], "uv_size": [1, 1]},
								"west": {"uv": [1, 11], "uv_size": [1, 1]},
								"up": {"uv": [2, 12], "uv_size": [-1, -1]},
								"down": {"uv": [2, 12], "uv_size": [-1, -1]}
							}
						},
						{
							"origin": [-0.32, 1.18706, 0.26392],
							"size": [0.1, 0.72, 0.2],
							"pivot": [-0.32, 1.90706, 0.46392],
							"rotation": [-30, 0, 0],
							"uv": {
								"north": {"uv": [12, 0], "uv_size": [1, 1]},
								"east": {"uv": [12, 0], "uv_size": [1, 1]},
								"south": {"uv": [12, 0], "uv_size": [1, 1]},
								"west": {"uv": [12, 0], "uv_size": [1, 1]},
								"up": {"uv": [13, 1], "uv_size": [-1, -1]},
								"down": {"uv": [13, 1], "uv_size": [-1, -1]}
							}
						},
						{
							"origin": [-1.16, 1.05623, -0.94519],
							"size": [0.68, 0.68, 0.1],
							"pivot": [-0.9, 1.55623, -1.05519],
							"rotation": [-17.5, 0, 0],
							"uv": {
								"north": {"uv": [17, 12], "uv_size": [1, 1]},
								"east": {"uv": [17, 12], "uv_size": [1, 1]},
								"south": {"uv": [17, 12], "uv_size": [1, 1]},
								"west": {"uv": [17, 12], "uv_size": [1, 1]},
								"up": {"uv": [18, 13], "uv_size": [-1, -1]},
								"down": {"uv": [18, 13], "uv_size": [-1, -1]}
							}
						},
						{
							"origin": [-0.84, 1.07427, -0.84241],
							"size": [0.2, 0.1, 0.74],
							"pivot": [-0.9, 1.57427, -1.11241],
							"rotation": [-17.5, 0, 0],
							"uv": {
								"north": {"uv": [6, 20], "uv_size": [1, 1]},
								"east": {"uv": [20, 6], "uv_size": [1, 1]},
								"south": {"uv": [7, 20], "uv_size": [1, 1]},
								"west": {"uv": [20, 7], "uv_size": [1, 1]},
								"up": {"uv": [8, 20], "uv_size": [1, 1]},
								"down": {"uv": [20, 9], "uv_size": [1, -1]}
							}
						},
						{
							"origin": [0.64, 1.07427, -0.84241],
							"size": [0.2, 0.1, 0.74],
							"pivot": [0.9, 1.57427, -1.11241],
							"rotation": [-17.5, 0, 0],
							"uv": {
								"north": {"uv": [15, 20], "uv_size": [1, 1]},
								"east": {"uv": [20, 15], "uv_size": [1, 1]},
								"south": {"uv": [16, 20], "uv_size": [1, 1]},
								"west": {"uv": [20, 16], "uv_size": [1, 1]},
								"up": {"uv": [17, 20], "uv_size": [1, 1]},
								"down": {"uv": [20, 18], "uv_size": [1, -1]}
							}
						},
						{
							"origin": [-0.58, 1.04629, -1.00063],
							"size": [0.1, 0.1, 0.74],
							"pivot": [-0.48, 1.04629, -1.10063],
							"rotation": [-17.75313, 9.53274, -3.03513],
							"uv": {
								"north": {"uv": [9, 20], "uv_size": [1, 1]},
								"east": {"uv": [20, 9], "uv_size": [1, 1]},
								"south": {"uv": [10, 20], "uv_size": [1, 1]},
								"west": {"uv": [20, 10], "uv_size": [1, 1]},
								"up": {"uv": [11, 20], "uv_size": [1, 1]},
								"down": {"uv": [20, 12], "uv_size": [1, -1]}
							}
						},
						{
							"origin": [0.48, 1.04629, -1.00063],
							"size": [0.1, 0.1, 0.74],
							"pivot": [0.48, 1.04629, -1.10063],
							"rotation": [-17.75313, -9.53274, 3.03513],
							"uv": {
								"north": {"uv": [12, 20], "uv_size": [1, 1]},
								"east": {"uv": [20, 12], "uv_size": [1, 1]},
								"south": {"uv": [13, 20], "uv_size": [1, 1]},
								"west": {"uv": [20, 13], "uv_size": [1, 1]},
								"up": {"uv": [14, 20], "uv_size": [1, 1]},
								"down": {"uv": [20, 15], "uv_size": [1, -1]}
							}
						},
						{
							"origin": [0.48, 1.05623, -0.94519],
							"size": [0.68, 0.68, 0.1],
							"pivot": [0.9, 1.55623, -1.05519],
							"rotation": [-17.5, 0, 0],
							"uv": {
								"north": {"uv": [16, 18], "uv_size": [1, 1]},
								"east": {"uv": [16, 18], "uv_size": [1, 1]},
								"south": {"uv": [16, 18], "uv_size": [1, 1]},
								"west": {"uv": [16, 18], "uv_size": [1, 1]},
								"up": {"uv": [17, 19], "uv_size": [-1, -1]},
								"down": {"uv": [17, 19], "uv_size": [-1, -1]}
							}
						},
						{
							"origin": [-1.16, 1.75659, -1.0775],
							"size": [0.84, 0.2, 0.1],
							"pivot": [-0.9, 1.13659, -1.1875],
							"rotation": [-17.5, 0, 0],
							"uv": {
								"north": {"uv": [17, 15], "uv_size": [1, 1]},
								"east": {"uv": [17, 15], "uv_size": [1, 1]},
								"south": {"uv": [17, 15], "uv_size": [1, 1]},
								"west": {"uv": [17, 15], "uv_size": [1, 1]},
								"up": {"uv": [18, 16], "uv_size": [-1, -1]},
								"down": {"uv": [18, 16], "uv_size": [-1, -1]}
							}
						},
						{
							"origin": [0.32, 1.75659, -1.0775],
							"size": [0.84, 0.2, 0.1],
							"pivot": [0.9, 1.13659, -1.1875],
							"rotation": [-17.5, 0, 0],
							"uv": {
								"north": {"uv": [13, 18], "uv_size": [1, 1]},
								"east": {"uv": [13, 18], "uv_size": [1, 1]},
								"south": {"uv": [13, 18], "uv_size": [1, 1]},
								"west": {"uv": [13, 18], "uv_size": [1, 1]},
								"up": {"uv": [14, 19], "uv_size": [-1, -1]},
								"down": {"uv": [14, 19], "uv_size": [-1, -1]}
							}
						},
						{
							"origin": [-1.16, 1.94733, -0.99736],
							"size": [0.2, 0.52, 0.1],
							"pivot": [-0.9, 1.32733, -1.12736],
							"rotation": [-17.5, 0, 0],
							"uv": {
								"north": {"uv": [1, 18], "uv_size": [1, 1]},
								"east": {"uv": [1, 18], "uv_size": [1, 1]},
								"south": {"uv": [1, 18], "uv_size": [1, 1]},
								"west": {"uv": [1, 18], "uv_size": [1, 1]},
								"up": {"uv": [2, 19], "uv_size": [-1, -1]},
								"down": {"uv": [2, 19], "uv_size": [-1, -1]}
							}
						},
						{
							"origin": [0.96, 1.94733, -1.01736],
							"size": [0.2, 0.52, 0.1],
							"pivot": [0.9, 1.32733, -1.12736],
							"rotation": [-17.5, 0, 0],
							"uv": {
								"north": {"uv": [10, 18], "uv_size": [1, 1]},
								"east": {"uv": [10, 18], "uv_size": [1, 1]},
								"south": {"uv": [10, 18], "uv_size": [1, 1]},
								"west": {"uv": [10, 18], "uv_size": [1, 1]},
								"up": {"uv": [11, 19], "uv_size": [-1, -1]},
								"down": {"uv": [11, 19], "uv_size": [-1, -1]}
							}
						},
						{
							"origin": [-0.52, 1.94733, -1.01736],
							"size": [0.2, 0.52, 0.1],
							"pivot": [-0.9, 1.32733, -1.12736],
							"rotation": [-17.5, 0, 0],
							"uv": {
								"north": {"uv": [4, 18], "uv_size": [1, 1]},
								"east": {"uv": [4, 18], "uv_size": [1, 1]},
								"south": {"uv": [4, 18], "uv_size": [1, 1]},
								"west": {"uv": [4, 18], "uv_size": [1, 1]},
								"up": {"uv": [5, 19], "uv_size": [-1, -1]},
								"down": {"uv": [5, 19], "uv_size": [-1, -1]}
							}
						},
						{
							"origin": [0.32, 1.94733, -1.01736],
							"size": [0.2, 0.52, 0.1],
							"pivot": [0.9, 1.32733, -1.12736],
							"rotation": [-17.5, 0, 0],
							"uv": {
								"north": {"uv": [7, 18], "uv_size": [1, 1]},
								"east": {"uv": [7, 18], "uv_size": [1, 1]},
								"south": {"uv": [7, 18], "uv_size": [1, 1]},
								"west": {"uv": [7, 18], "uv_size": [1, 1]},
								"up": {"uv": [8, 19], "uv_size": [-1, -1]},
								"down": {"uv": [8, 19], "uv_size": [-1, -1]}
							}
						},
						{
							"origin": [0.32, 1.28, -0.16],
							"size": [0.5, 0.05, 0.5],
							"uv": {
								"north": {"uv": [0.5, 0], "uv_size": [0.5, 0.05]},
								"east": {"uv": [0.5, 0], "uv_size": [0.5, 0.05]},
								"south": {"uv": [0.5, 0], "uv_size": [0.5, 0.05]},
								"west": {"uv": [0.5, 0], "uv_size": [0.5, 0.05]},
								"up": {"uv": [1, 0.5], "uv_size": [-0.5, -0.5]},
								"down": {"uv": [1, 0.5], "uv_size": [-0.5, -0.5]}
							}
						},
						{
							"origin": [-0.82, 1.28, -0.16],
							"size": [0.5, 0.05, 0.5],
							"uv": {
								"north": {"uv": [1, 0], "uv_size": [-0.5, 0.05]},
								"east": {"uv": [1, 0], "uv_size": [-0.5, 0.05]},
								"south": {"uv": [1, 0], "uv_size": [-0.5, 0.05]},
								"west": {"uv": [1, 0], "uv_size": [-0.5, 0.05]},
								"up": {"uv": [0.5, 0.5], "uv_size": [0.5, -0.5]},
								"down": {"uv": [0.5, 0.5], "uv_size": [0.5, -0.5]}
							}
						},
						{
							"origin": [-0.82, 1.28, 0.34],
							"size": [0.5, 0.1, 0.5],
							"pivot": [-0.82, 1.28, 0.34],
							"rotation": [80, 0, 0],
							"uv": {
								"north": {"uv": [32, 32], "uv_size": [0.5, 0.1]},
								"east": {"uv": [32, 32], "uv_size": [0.5, 0.1]},
								"south": {"uv": [32, 32], "uv_size": [0.5, 0.1]},
								"west": {"uv": [32, 32], "uv_size": [0.5, 0.1]},
								"up": {"uv": [32.5, 31.5], "uv_size": [-0.5, -0.5]},
								"down": {"uv": [25, 32], "uv_size": [-7, -7]}
							}
						},
						{
							"origin": [0.32, 1.28, 0.34],
							"size": [0.5, 0.1, 0.5],
							"pivot": [0.82, 1.28, 0.34],
							"rotation": [80, 0, 0],
							"uv": {
								"north": {"uv": [32.5, 32], "uv_size": [-0.5, 0.1]},
								"east": {"uv": [32.5, 32], "uv_size": [-0.5, 0.1]},
								"south": {"uv": [32.5, 32], "uv_size": [-0.5, 0.1]},
								"west": {"uv": [32.5, 32], "uv_size": [-0.5, 0.1]},
								"up": {"uv": [32, 31.5], "uv_size": [0.5, -0.5]},
								"down": {"uv": [18, 32], "uv_size": [7, -7]}
							}
						}
					]
				},
				{
					"name": "bone2",
					"parent": "turret",
					"pivot": [-0.02, 1.62, 0.16],
					"cubes": [
						{
							"origin": [-0.25, 1.46, -0.8],
							"size": [0.5, 0.5, 1.48],
							"uv": {
								"north": {"uv": [11, 2], "uv_size": [1, 1]},
								"east": {"uv": [3, 11], "uv_size": [1, 1]},
								"south": {"uv": [11, 3], "uv_size": [1, 1]},
								"west": {"uv": [4, 11], "uv_size": [1, 1]},
								"up": {"uv": [11, 4], "uv_size": [1, 1]},
								"down": {"uv": [5, 12], "uv_size": [1, -1]}
							}
						},
						{
							"origin": [-0.75, 1.94, -0.64],
							"size": [1.5, 0.1, 0.1],
							"uv": {
								"north": {"uv": [5, 8], "uv_size": [2, 1]},
								"east": {"uv": [19, 0], "uv_size": [1, 1]},
								"south": {"uv": [8, 6], "uv_size": [2, 1]},
								"west": {"uv": [1, 19], "uv_size": [1, 1]},
								"up": {"uv": [7, 8], "uv_size": [2, 1]},
								"down": {"uv": [8, 8], "uv_size": [2, -1]}
							}
						},
						{
							"origin": [-0.85, 1.94, -0.8],
							"size": [0.1, 0.1, 0.42],
							"uv": {
								"north": {"uv": [19, 1], "uv_size": [1, 1]},
								"east": {"uv": [2, 19], "uv_size": [1, 1]},
								"south": {"uv": [19, 2], "uv_size": [1, 1]},
								"west": {"uv": [3, 19], "uv_size": [1, 1]},
								"up": {"uv": [19, 3], "uv_size": [1, 1]},
								"down": {"uv": [4, 20], "uv_size": [1, -1]}
							}
						},
						{
							"origin": [0.75, 1.94, -0.8],
							"size": [0.1, 0.1, 0.42],
							"uv": {
								"north": {"uv": [19, 4], "uv_size": [1, 1]},
								"east": {"uv": [5, 19], "uv_size": [1, 1]},
								"south": {"uv": [19, 5], "uv_size": [1, 1]},
								"west": {"uv": [6, 19], "uv_size": [1, 1]},
								"up": {"uv": [19, 6], "uv_size": [1, 1]},
								"down": {"uv": [7, 20], "uv_size": [1, -1]}
							}
						},
						{
							"origin": [-0.95, 2.04, -0.8],
							"size": [0.3, 0.3, 0.1],
							"uv": {
								"north": {"uv": [53, 53], "uv_size": [11, 11]},
								"east": {"uv": [25, 31], "uv_size": [1, 1]},
								"south": {"uv": [31, 31], "uv_size": [1, 1]},
								"west": {"uv": [25, 31], "uv_size": [1, 1]},
								"up": {"uv": [25, 31], "uv_size": [1, 1]},
								"down": {"uv": [25, 32], "uv_size": [1, -1]}
							}
						},
						{
							"origin": [0.65, 2.04, -0.8],
							"size": [0.3, 0.3, 0.1],
							"uv": {
								"north": {"uv": [64, 53], "uv_size": [-11, 11]},
								"east": {"uv": [26, 31], "uv_size": [-1, 1]},
								"south": {"uv": [32, 31], "uv_size": [-1, 1]},
								"west": {"uv": [26, 31], "uv_size": [-1, 1]},
								"up": {"uv": [26, 31], "uv_size": [-1, 1]},
								"down": {"uv": [26, 32], "uv_size": [-1, -1]}
							}
						},
						{
							"origin": [-0.95, 2.04, -0.48],
							"size": [0.3, 0.3, 0.1],
							"uv": {
								"north": {"uv": [31, 31], "uv_size": [1, 1]},
								"east": {"uv": [25, 31], "uv_size": [1, 1]},
								"south": {"uv": [53, 53], "uv_size": [11, 11]},
								"west": {"uv": [25, 31], "uv_size": [1, 1]},
								"up": {"uv": [25, 31], "uv_size": [1, 1]},
								"down": {"uv": [25, 32], "uv_size": [1, -1]}
							}
						},
						{
							"origin": [0.65, 2.04, -0.48],
							"size": [0.3, 0.3, 0.1],
							"uv": {
								"north": {"uv": [32, 31], "uv_size": [-1, 1]},
								"east": {"uv": [26, 31], "uv_size": [-1, 1]},
								"south": {"uv": [64, 53], "uv_size": [-11, 11]},
								"west": {"uv": [26, 31], "uv_size": [-1, 1]},
								"up": {"uv": [26, 31], "uv_size": [-1, 1]},
								"down": {"uv": [26, 32], "uv_size": [-1, -1]}
							}
						},
						{
							"origin": [-0.15, 1.57, -1.2],
							"size": [0.3, 0.3, 0.52],
							"uv": {
								"north": {"uv": [3, 12], "uv_size": [1, 1]},
								"east": {"uv": [12, 3], "uv_size": [1, 1]},
								"south": {"uv": [4, 12], "uv_size": [1, 1]},
								"west": {"uv": [12, 4], "uv_size": [1, 1]},
								"up": {"uv": [5, 12], "uv_size": [1, 1]},
								"down": {"uv": [12, 6], "uv_size": [1, -1]}
							}
						},
						{
							"origin": [-0.08, 1.64, -3.22],
							"size": [0.15, 0.15, 2.02],
							"uv": {
								"north": {"uv": [6, 12], "uv_size": [1, 1]},
								"east": {"uv": [8, 2], "uv_size": [2, 1]},
								"south": {"uv": [12, 6], "uv_size": [1, 1]},
								"west": {"uv": [8, 3], "uv_size": [2, 1]},
								"up": {"uv": [4, 8], "uv_size": [1, 2]},
								"down": {"uv": [8, 6], "uv_size": [1, -2]}
							}
						},
						{
							"origin": [-0.075, 1.96, 0.14],
							"size": [0.15, 0.15, 0.42],
							"uv": {
								"north": {"uv": [13, 3], "uv_size": [1, 1]},
								"east": {"uv": [4, 13], "uv_size": [1, 1]},
								"south": {"uv": [13, 4], "uv_size": [1, 1]},
								"west": {"uv": [5, 13], "uv_size": [1, 1]},
								"up": {"uv": [13, 5], "uv_size": [1, 1]},
								"down": {"uv": [6, 14], "uv_size": [1, -1]}
							}
						},
						{
							"origin": [-0.075, 1.96322, -0.2423],
							"size": [0.15, 0.15, 0.1],
							"uv": {
								"north": {"uv": [13, 9], "uv_size": [1, 1]},
								"east": {"uv": [10, 13], "uv_size": [1, 1]},
								"south": {"uv": [13, 10], "uv_size": [1, 1]},
								"west": {"uv": [11, 13], "uv_size": [1, 1]},
								"up": {"uv": [13, 11], "uv_size": [1, 1]},
								"down": {"uv": [12, 14], "uv_size": [1, -1]}
							}
						},
						{
							"origin": [-0.075, 2.11, -0.18],
							"size": [0.15, 0.31, 0.74],
							"pivot": [-0.075, 2.11, 0.56],
							"rotation": [22.5, 0, 0],
							"uv": {
								"north": {"uv": [13, 6], "uv_size": [1, 1]},
								"east": {"uv": [7, 13], "uv_size": [1, 1]},
								"south": {"uv": [13, 7], "uv_size": [1, 1]},
								"west": {"uv": [8, 13], "uv_size": [1, 1]},
								"up": {"uv": [13, 8], "uv_size": [1, 1]},
								"down": {"uv": [9, 14], "uv_size": [1, -1]}
							}
						}
					]
				},
				{
					"name": "bone4",
					"pivot": [0, 0, 0.5],
					"cubes": [
						{
							"origin": [-1.12, 0, -2.95],
							"size": [0.2, 1, 0.4],
							"uv": {
								"north": {"uv": [15, 8], "uv_size": [1, 1]},
								"east": {"uv": [9, 15], "uv_size": [1, 1]},
								"south": {"uv": [15, 9], "uv_size": [1, 1]},
								"west": {"uv": [10, 15], "uv_size": [1, 1]},
								"up": {"uv": [15, 10], "uv_size": [1, 1]},
								"down": {"uv": [11, 16], "uv_size": [1, -1]}
							}
						},
						{
							"origin": [-1.12, 0, -2.95],
							"size": [0.2, 1, 0.4],
							"pivot": [-1.02, 0.5, -2.75],
							"rotation": [-45, 0, 0],
							"uv": {
								"north": {"uv": [15, 11], "uv_size": [1, 1]},
								"east": {"uv": [12, 15], "uv_size": [1, 1]},
								"south": {"uv": [15, 12], "uv_size": [1, 1]},
								"west": {"uv": [13, 15], "uv_size": [1, 1]},
								"up": {"uv": [15, 13], "uv_size": [1, 1]},
								"down": {"uv": [14, 16], "uv_size": [1, -1]}
							}
						},
						{
							"origin": [-1.12, 0, -2.95],
							"size": [0.2, 1, 0.4],
							"pivot": [-1.02, 0.5, -2.75],
							"rotation": [45, 0, 0],
							"uv": {
								"north": {"uv": [15, 14], "uv_size": [1, 1]},
								"east": {"uv": [15, 15], "uv_size": [1, 1]},
								"south": {"uv": [0, 16], "uv_size": [1, 1]},
								"west": {"uv": [16, 0], "uv_size": [1, 1]},
								"up": {"uv": [1, 16], "uv_size": [1, 1]},
								"down": {"uv": [16, 2], "uv_size": [1, -1]}
							}
						},
						{
							"origin": [-1.12, 0, -2.95],
							"size": [0.2, 1, 0.4],
							"pivot": [-1.02, 0.5, -2.75],
							"rotation": [-90, 0, 0],
							"uv": {
								"north": {"uv": [2, 16], "uv_size": [1, 1]},
								"east": {"uv": [16, 2], "uv_size": [1, 1]},
								"south": {"uv": [3, 16], "uv_size": [1, 1]},
								"west": {"uv": [16, 3], "uv_size": [1, 1]},
								"up": {"uv": [4, 16], "uv_size": [1, 1]},
								"down": {"uv": [16, 5], "uv_size": [1, -1]}
							}
						}
					]
				},
				{
					"name": "bone3",
					"pivot": [0.68, 0.5, -2.75667],
					"cubes": [
						{
							"origin": [0.92, 0, -2.95],
							"size": [0.2, 1, 0.4],
							"uv": {
								"north": {"uv": [16, 8], "uv_size": [-1, 1]},
								"east": {"uv": [11, 15], "uv_size": [-1, 1]},
								"south": {"uv": [16, 9], "uv_size": [-1, 1]},
								"west": {"uv": [10, 15], "uv_size": [-1, 1]},
								"up": {"uv": [16, 10], "uv_size": [-1, 1]},
								"down": {"uv": [12, 16], "uv_size": [-1, -1]}
							}
						},
						{
							"origin": [0.91, 0, -3.27],
							"size": [0.22, 1, 1],
							"uv": {
								"north": {"uv": [32, 31], "uv_size": [-1, 1]},
								"east": {"uv": [53, 53], "uv_size": [-11, 11]},
								"south": {"uv": [32, 31], "uv_size": [-1, 1]},
								"west": {"uv": [53, 53], "uv_size": [-11, 11]},
								"up": {"uv": [32, 31], "uv_size": [-1, 1]},
								"down": {"uv": [32, 32], "uv_size": [-1, -1]}
							}
						},
						{
							"origin": [0.92, 0, -2.95],
							"size": [0.2, 1, 0.4],
							"pivot": [1.02, 0.5, -2.75],
							"rotation": [-45, 0, 0],
							"uv": {
								"north": {"uv": [16, 11], "uv_size": [-1, 1]},
								"east": {"uv": [14, 15], "uv_size": [-1, 1]},
								"south": {"uv": [16, 12], "uv_size": [-1, 1]},
								"west": {"uv": [13, 15], "uv_size": [-1, 1]},
								"up": {"uv": [16, 13], "uv_size": [-1, 1]},
								"down": {"uv": [15, 16], "uv_size": [-1, -1]}
							}
						},
						{
							"origin": [-1.13, 0, -3.27],
							"size": [0.22, 1, 1],
							"uv": {
								"north": {"uv": [31, 31], "uv_size": [1, 1]},
								"east": {"uv": [42, 53], "uv_size": [11, 11]},
								"south": {"uv": [31, 31], "uv_size": [1, 1]},
								"west": {"uv": [42, 53], "uv_size": [11, 11]},
								"up": {"uv": [31, 31], "uv_size": [1, 1]},
								"down": {"uv": [31, 32], "uv_size": [1, -1]}
							}
						},
						{
							"origin": [0.92, 0, -2.95],
							"size": [0.2, 1, 0.4],
							"pivot": [1.02, 0.5, -2.75],
							"rotation": [45, 0, 0],
							"uv": {
								"north": {"uv": [16, 14], "uv_size": [-1, 1]},
								"east": {"uv": [17, 0], "uv_size": [-1, 1]},
								"south": {"uv": [1, 16], "uv_size": [-1, 1]},
								"west": {"uv": [16, 15], "uv_size": [-1, 1]},
								"up": {"uv": [2, 16], "uv_size": [-1, 1]},
								"down": {"uv": [17, 2], "uv_size": [-1, -1]}
							}
						},
						{
							"origin": [0.92, 0, -2.95],
							"size": [0.2, 1, 0.4],
							"pivot": [1.02, 0.5, -2.75],
							"rotation": [-90, 0, 0],
							"uv": {
								"north": {"uv": [3, 16], "uv_size": [-1, 1]},
								"east": {"uv": [17, 3], "uv_size": [-1, 1]},
								"south": {"uv": [4, 16], "uv_size": [-1, 1]},
								"west": {"uv": [17, 2], "uv_size": [-1, 1]},
								"up": {"uv": [5, 16], "uv_size": [-1, 1]},
								"down": {"uv": [17, 5], "uv_size": [-1, -1]}
							}
						}
					]
				},
				{
					"name": "bone5",
					"pivot": [1.02, 0.5, 2.754],
					"cubes": [
						{
							"origin": [0.92, 0, 2.55],
							"size": [0.2, 1, 0.4],
							"uv": {
								"north": {"uv": [15, 9], "uv_size": [1, 1]},
								"east": {"uv": [10, 15], "uv_size": [1, 1]},
								"south": {"uv": [15, 8], "uv_size": [1, 1]},
								"west": {"uv": [9, 15], "uv_size": [1, 1]},
								"up": {"uv": [16, 11], "uv_size": [-1, -1]},
								"down": {"uv": [12, 15], "uv_size": [-1, 1]}
							}
						},
						{
							"origin": [0.91, 0, 2.27],
							"size": [0.22, 1, 1],
							"uv": {
								"north": {"uv": [31, 31], "uv_size": [1, 1]},
								"east": {"uv": [42, 53], "uv_size": [11, 11]},
								"south": {"uv": [31, 31], "uv_size": [1, 1]},
								"west": {"uv": [42, 53], "uv_size": [11, 11]},
								"up": {"uv": [32, 32], "uv_size": [-1, -1]},
								"down": {"uv": [32, 31], "uv_size": [-1, 1]}
							}
						},
						{
							"origin": [0.92, 0, 2.55],
							"size": [0.2, 1, 0.4],
							"pivot": [1.02, 0.5, 2.75],
							"rotation": [45, 0, 0],
							"uv": {
								"north": {"uv": [15, 12], "uv_size": [1, 1]},
								"east": {"uv": [13, 15], "uv_size": [1, 1]},
								"south": {"uv": [15, 11], "uv_size": [1, 1]},
								"west": {"uv": [12, 15], "uv_size": [1, 1]},
								"up": {"uv": [16, 14], "uv_size": [-1, -1]},
								"down": {"uv": [15, 15], "uv_size": [-1, 1]}
							}
						},
						{
							"origin": [0.92, 0, 2.55],
							"size": [0.2, 1, 0.4],
							"pivot": [1.02, 0.5, 2.75],
							"rotation": [-45, 0, 0],
							"uv": {
								"north": {"uv": [0, 16], "uv_size": [1, 1]},
								"east": {"uv": [16, 0], "uv_size": [1, 1]},
								"south": {"uv": [15, 14], "uv_size": [1, 1]},
								"west": {"uv": [15, 15], "uv_size": [1, 1]},
								"up": {"uv": [2, 17], "uv_size": [-1, -1]},
								"down": {"uv": [17, 1], "uv_size": [-1, 1]}
							}
						},
						{
							"origin": [0.92, 0, 2.55],
							"size": [0.2, 1, 0.4],
							"pivot": [1.02, 0.5, 2.75],
							"rotation": [90, 0, 0],
							"uv": {
								"north": {"uv": [3, 16], "uv_size": [1, 1]},
								"east": {"uv": [16, 3], "uv_size": [1, 1]},
								"south": {"uv": [2, 16], "uv_size": [1, 1]},
								"west": {"uv": [16, 2], "uv_size": [1, 1]},
								"up": {"uv": [5, 17], "uv_size": [-1, -1]},
								"down": {"uv": [17, 4], "uv_size": [-1, 1]}
							}
						}
					]
				},
				{
					"name": "bone6",
					"pivot": [-1.02, 0.5, 2.754],
					"cubes": [
						{
							"origin": [-1.12, 0, 2.55],
							"size": [0.2, 1, 0.4],
							"uv": {
								"north": {"uv": [16, 9], "uv_size": [-1, 1]},
								"east": {"uv": [10, 15], "uv_size": [-1, 1]},
								"south": {"uv": [16, 8], "uv_size": [-1, 1]},
								"west": {"uv": [11, 15], "uv_size": [-1, 1]},
								"up": {"uv": [15, 11], "uv_size": [1, -1]},
								"down": {"uv": [11, 15], "uv_size": [1, 1]}
							}
						},
						{
							"origin": [-1.13, 0, 2.27],
							"size": [0.22, 1, 1],
							"uv": {
								"north": {"uv": [32, 31], "uv_size": [-1, 1]},
								"east": {"uv": [53, 53], "uv_size": [-11, 11]},
								"south": {"uv": [32, 31], "uv_size": [-1, 1]},
								"west": {"uv": [53, 53], "uv_size": [-11, 11]},
								"up": {"uv": [31, 32], "uv_size": [1, -1]},
								"down": {"uv": [31, 31], "uv_size": [1, 1]}
							}
						},
						{
							"origin": [-1.12, 0, 2.55],
							"size": [0.2, 1, 0.4],
							"pivot": [-1.02, 0.5, 2.75],
							"rotation": [45, 0, 0],
							"uv": {
								"north": {"uv": [16, 12], "uv_size": [-1, 1]},
								"east": {"uv": [13, 15], "uv_size": [-1, 1]},
								"south": {"uv": [16, 11], "uv_size": [-1, 1]},
								"west": {"uv": [14, 15], "uv_size": [-1, 1]},
								"up": {"uv": [15, 14], "uv_size": [1, -1]},
								"down": {"uv": [14, 15], "uv_size": [1, 1]}
							}
						},
						{
							"origin": [-1.12, 0, 2.55],
							"size": [0.2, 1, 0.4],
							"pivot": [-1.02, 0.5, 2.75],
							"rotation": [-45, 0, 0],
							"uv": {
								"north": {"uv": [1, 16], "uv_size": [-1, 1]},
								"east": {"uv": [16, 15], "uv_size": [-1, 1]},
								"south": {"uv": [16, 14], "uv_size": [-1, 1]},
								"west": {"uv": [17, 0], "uv_size": [-1, 1]},
								"up": {"uv": [1, 17], "uv_size": [1, -1]},
								"down": {"uv": [16, 1], "uv_size": [1, 1]}
							}
						},
						{
							"origin": [-1.12, 0, 2.55],
							"size": [0.2, 1, 0.4],
							"pivot": [-1.02, 0.5, 2.75],
							"rotation": [90, 0, 0],
							"uv": {
								"north": {"uv": [4, 16], "uv_size": [-1, 1]},
								"east": {"uv": [17, 2], "uv_size": [-1, 1]},
								"south": {"uv": [3, 16], "uv_size": [-1, 1]},
								"west": {"uv": [17, 3], "uv_size": [-1, 1]},
								"up": {"uv": [4, 17], "uv_size": [1, -1]},
								"down": {"uv": [16, 4], "uv_size": [1, 1]}
							}
						}
					]
				}
			]
		}
	]
}