{
	"format_version": "1.12.0",
	"minecraft:geometry": [
		{
			"description": {
				"identifier": "geometry.bombertype_99",
				"texture_width": 64,
				"texture_height": 64,
				"visible_bounds_width": 64,
				"visible_bounds_height": 64,
				"visible_bounds_offset": [0, 0.25, 0]
			},
			"bones": [
				{
					"name": "Plane",
					"pivot": [0.05121, 3.00358, 0.38276],
					"rotation": [-12.40241, 0.14041, 0.96727],
					"cubes": [
						{
							"origin": [-0.75811, 1.89458, -6.89811],
							"size": [1.54913, 1.63629, 3.09243],
							"uv": {
								"north": {"uv": [16, 36], "uv_size": [1.5, 1.625]},
								"east": {"uv": [27, 20], "uv_size": [3.125, 1.625]},
								"south": {"uv": [33, 36], "uv_size": [1.5, 1.625]},
								"west": {"uv": [16, 28], "uv_size": [3.125, 1.625]},
								"up": {"uv": [25, 28], "uv_size": [1.5, 3.125]},
								"down": {"uv": [27, 31.125], "uv_size": [1.5, -3.125]}
							}
						},
						{
							"origin": [-0.75811, 2.05083, 0.25814],
							"size": [1.51788, 1.54254, 0.18618],
							"uv": {
								"north": {"uv": [9, 37], "uv_size": [1.5, 1.5]},
								"east": {"uv": [50, 6], "uv_size": [0.125, 1.5]},
								"south": {"uv": [11, 37], "uv_size": [1.5, 1.5]},
								"west": {"uv": [7, 50], "uv_size": [0.125, 1.5]},
								"up": {"uv": [8, 50], "uv_size": [1.5, 0.125]},
								"down": {"uv": [10, 50.125], "uv_size": [1.5, -0.125]}
							}
						},
						{
							"origin": [-0.6546, 0.94133, -6.89811],
							"size": [1.33913, 1.54254, 7.34243],
							"uv": {
								"north": {"uv": [14, 38], "uv_size": [1.375, 1.5]},
								"east": {"uv": [0, 20], "uv_size": [7.375, 1.5]},
								"south": {"uv": [16, 38], "uv_size": [1.375, 1.5]},
								"west": {"uv": [8, 20], "uv_size": [7.375, 1.5]},
								"up": {"uv": [16, 20], "uv_size": [1.375, 7.375]},
								"down": {"uv": [18, 27.375], "uv_size": [1.375, -7.375]}
							}
						},
						{
							"origin": [0.6579, 1.62883, -3.83561],
							"size": [0.40163, 0.85504, 3.49868],
							"uv": {
								"north": {"uv": [48, 17], "uv_size": [0.375, 0.875]},
								"east": {"uv": [35, 8], "uv_size": [3.5, 0.875]},
								"south": {"uv": [21, 48], "uv_size": [0.375, 0.875]},
								"west": {"uv": [35, 9], "uv_size": [3.5, 0.875]},
								"up": {"uv": [42, 2], "uv_size": [0.375, 3.5]},
								"down": {"uv": [11, 45.5], "uv_size": [0.375, -3.5]}
							}
						},
						{
							"origin": [-1.00089, 1.62883, -3.83561],
							"size": [0.40163, 0.85504, 3.49868],
							"uv": {
								"north": {"uv": [22, 48], "uv_size": [0.375, 0.875]},
								"east": {"uv": [35, 10], "uv_size": [3.5, 0.875]},
								"south": {"uv": [48, 22], "uv_size": [0.375, 0.875]},
								"west": {"uv": [35, 11], "uv_size": [3.5, 0.875]},
								"up": {"uv": [12, 42], "uv_size": [0.375, 3.5]},
								"down": {"uv": [19, 45.5], "uv_size": [0.375, -3.5]}
							}
						},
						{
							"origin": [-0.04568, -2.40313, 7.01501],
							"size": [0.15, 1.54254, 0.3],
							"pivot": [0.02932, -0.13186, 0.16501],
							"rotation": [30, 0, 0],
							"uv": {
								"north": {"uv": [50, 11], "uv_size": [0.125, 1.5]},
								"east": {"uv": [48, 8], "uv_size": [0.25, 1.5]},
								"south": {"uv": [12, 50], "uv_size": [0.125, 1.5]},
								"west": {"uv": [10, 48], "uv_size": [0.25, 1.5]},
								"up": {"uv": [52, 15], "uv_size": [0.125, 0.25]},
								"down": {"uv": [16, 52.25], "uv_size": [0.125, -0.25]}
							}
						},
						{
							"origin": [-0.12068, 1.02989, 7.26501],
							"size": [0.3, 0.5, 0.5],
							"pivot": [0.02932, 1.27989, 7.51501],
							"rotation": [12.5, 0, 0],
							"uv": {
								"north": {"uv": [51, 24], "uv_size": [0.25, 0.5]},
								"east": {"uv": [49, 20], "uv_size": [0.5, 0.5]},
								"south": {"uv": [51, 32], "uv_size": [0.25, 0.5]},
								"west": {"uv": [21, 49], "uv_size": [0.5, 0.5]},
								"up": {"uv": [33, 51], "uv_size": [0.25, 0.5]},
								"down": {"uv": [51, 33.5], "uv_size": [0.25, -0.5]}
							}
						},
						{
							"origin": [-0.13788, 3.88333, -6.89811],
							"size": [0.96198, 0.28549, 8.28743],
							"pivot": [0.44391, 2.75128, -3.22689],
							"rotation": [0, 0, -70],
							"uv": {
								"north": {"uv": [49, 21], "uv_size": [1, 0.25]},
								"east": {"uv": [29, 39], "uv_size": [8.25, 0.25]},
								"south": {"uv": [22, 49], "uv_size": [1, 0.25]},
								"west": {"uv": [39, 34], "uv_size": [8.25, 0.25]},
								"up": {"uv": [15, 22], "uv_size": [1, 8.25]},
								"down": {"uv": [4, 32.25], "uv_size": [1, -8.25]}
							}
						},
						{
							"origin": [0.77222, 3.30788, -6.89811],
							"size": [0.96198, 0.28549, 8.28743],
							"pivot": [0.77222, 3.59337, -6.89811],
							"rotation": [0, 0, 70],
							"uv": {
								"north": {"uv": [49, 22], "uv_size": [1, 0.25]},
								"east": {"uv": [39, 37], "uv_size": [8.25, 0.25]},
								"south": {"uv": [23, 49], "uv_size": [1, 0.25]},
								"west": {"uv": [38, 39], "uv_size": [8.25, 0.25]},
								"up": {"uv": [5, 24], "uv_size": [1, 8.25]},
								"down": {"uv": [6, 32.25], "uv_size": [1, -8.25]}
							}
						},
						{
							"origin": [0.42051, 2.24766, 1.38933],
							"size": [0.68073, 0.44174, 6.38118],
							"pivot": [1.10124, 2.6894, 1.38933],
							"rotation": [-3.20521, -1, 69.90371],
							"uv": {
								"north": {"uv": [27, 48], "uv_size": [0.625, 0.5]},
								"east": {"uv": [34, 4], "uv_size": [6.375, 0.5]},
								"south": {"uv": [28, 48], "uv_size": [0.625, 0.5]},
								"west": {"uv": [34, 5], "uv_size": [6.375, 0.5]},
								"up": {"uv": [21, 31], "uv_size": [0.625, 6.375]},
								"down": {"uv": [25, 38.375], "uv_size": [0.625, -6.375]}
							}
						},
						{
							"origin": [-1.1048, 2.24766, 1.38933],
							"size": [0.68073, 0.44174, 6.38118],
							"pivot": [-1.1048, 2.6894, 1.38933],
							"rotation": [-3.20521, 1, -69.90371],
							"uv": {
								"north": {"uv": [29, 48], "uv_size": [0.625, 0.5]},
								"east": {"uv": [34, 6], "uv_size": [6.375, 0.5]},
								"south": {"uv": [30, 48], "uv_size": [0.625, 0.5]},
								"west": {"uv": [34, 7], "uv_size": [6.375, 0.5]},
								"up": {"uv": [26, 32], "uv_size": [0.625, 6.375]},
								"down": {"uv": [27, 38.375], "uv_size": [0.625, -6.375]}
							}
						},
						{
							"origin": [0.77222, 3.15163, 1.34439],
							"size": [0.68073, 0.44174, 6.47493],
							"pivot": [0.77222, 3.59337, 1.34439],
							"rotation": [-3.20521, 1.49164, 69.90371],
							"uv": {
								"north": {"uv": [31, 48], "uv_size": [0.625, 0.5]},
								"east": {"uv": [34, 0], "uv_size": [6.5, 0.5]},
								"south": {"uv": [48, 32], "uv_size": [0.625, 0.5]},
								"west": {"uv": [34, 1], "uv_size": [6.5, 0.5]},
								"up": {"uv": [23, 27], "uv_size": [0.625, 6.5]},
								"down": {"uv": [24, 36.5], "uv_size": [0.625, -6.5]}
							}
						},
						{
							"origin": [0.53843, 2.85774, 6.91261],
							"size": [0.68073, 0.44174, 0.97493],
							"pivot": [0.53843, 3.29948, 1.41261],
							"rotation": [0, 0, 69.90371],
							"uv": {
								"north": {"uv": [49, 5], "uv_size": [0.625, 0.5]},
								"east": {"uv": [43, 46], "uv_size": [1, 0.5]},
								"south": {"uv": [6, 49], "uv_size": [0.625, 0.5]},
								"west": {"uv": [46, 43], "uv_size": [1, 0.5]},
								"up": {"uv": [20, 46], "uv_size": [0.625, 1]},
								"down": {"uv": [21, 47], "uv_size": [0.625, -1]}
							}
						},
						{
							"origin": [-1.16053, 2.85774, 6.91261],
							"size": [0.68073, 0.44174, 0.97493],
							"pivot": [-0.4798, 3.29948, 1.41261],
							"rotation": [0, 0, -69.90371],
							"uv": {
								"north": {"uv": [49, 6], "uv_size": [0.625, 0.5]},
								"east": {"uv": [44, 46], "uv_size": [1, 0.5]},
								"south": {"uv": [7, 49], "uv_size": [0.625, 0.5]},
								"west": {"uv": [45, 46], "uv_size": [1, 0.5]},
								"up": {"uv": [25, 46], "uv_size": [0.625, 1]},
								"down": {"uv": [26, 47], "uv_size": [0.625, -1]}
							}
						},
						{
							"origin": [-1.45652, 3.15163, 1.34439],
							"size": [0.68073, 0.44174, 6.47493],
							"pivot": [-0.77579, 3.59337, 1.34439],
							"rotation": [-3.20521, -1.49164, -69.90371],
							"uv": {
								"north": {"uv": [48, 33], "uv_size": [0.625, 0.5]},
								"east": {"uv": [34, 2], "uv_size": [6.5, 0.5]},
								"south": {"uv": [34, 48], "uv_size": [0.625, 0.5]},
								"west": {"uv": [34, 3], "uv_size": [6.5, 0.5]},
								"up": {"uv": [15, 31], "uv_size": [0.625, 6.5]},
								"down": {"uv": [20, 37.5], "uv_size": [0.625, -6.5]}
							}
						},
						{
							"origin": [-0.74289, 1.37152, -6.89811],
							"size": [0.89478, 0.32504, 8.28743],
							"pivot": [-0.2619, 2.20841, -3.22689],
							"rotation": [0, 0, 90],
							"uv": {
								"north": {"uv": [23, 48], "uv_size": [0.875, 0.375]},
								"east": {"uv": [34, 12], "uv_size": [8.25, 0.375]},
								"south": {"uv": [48, 23], "uv_size": [0.875, 0.375]},
								"west": {"uv": [34, 13], "uv_size": [8.25, 0.375]},
								"up": {"uv": [10, 25], "uv_size": [0.875, 8.25]},
								"down": {"uv": [11, 33.25], "uv_size": [0.875, -8.25]}
							}
						},
						{
							"origin": [-0.78036, 3.30903, -6.89811],
							"size": [0.89478, 0.3, 8.28743],
							"pivot": [-0.29937, 2.20842, -3.22689],
							"rotation": [0, 0, 90],
							"uv": {
								"north": {"uv": [46, 49], "uv_size": [0.875, 0.25]},
								"east": {"uv": [9, 40], "uv_size": [8.25, 0.25]},
								"south": {"uv": [49, 46], "uv_size": [0.875, 0.25]},
								"west": {"uv": [24, 40], "uv_size": [8.25, 0.25]},
								"up": {"uv": [12, 25], "uv_size": [0.875, 8.25]},
								"down": {"uv": [13, 33.25], "uv_size": [0.875, -8.25]}
							}
						},
						{
							"origin": [1.10124, 1.83311, 1.39689],
							"size": [0.26978, 0.85629, 6.41243],
							"pivot": [1.10124, 2.6894, 1.39689],
							"rotation": [-3.2, 0, 90],
							"uv": {
								"north": {"uv": [47, 49], "uv_size": [0.25, 0.875]},
								"east": {"uv": [27, 12], "uv_size": [6.375, 0.875]},
								"south": {"uv": [49, 47], "uv_size": [0.25, 0.875]},
								"west": {"uv": [27, 13], "uv_size": [6.375, 0.875]},
								"up": {"uv": [2, 39], "uv_size": [0.25, 6.375]},
								"down": {"uv": [7, 46.375], "uv_size": [0.25, -6.375]}
							}
						},
						{
							"origin": [-1.37459, 1.83311, 1.39689],
							"size": [0.26978, 0.85629, 6.41243],
							"pivot": [-1.1048, 2.6894, 1.39689],
							"rotation": [-3.2, 0, -90],
							"uv": {
								"north": {"uv": [48, 49], "uv_size": [0.25, 0.875]},
								"east": {"uv": [27, 14], "uv_size": [6.375, 0.875]},
								"south": {"uv": [49, 48], "uv_size": [0.25, 0.875]},
								"west": {"uv": [27, 15], "uv_size": [6.375, 0.875]},
								"up": {"uv": [41, 0], "uv_size": [0.25, 6.375]},
								"down": {"uv": [8, 47.375], "uv_size": [0.25, -6.375]}
							}
						},
						{
							"origin": [1.1054, 1.78936, 1.36585],
							"size": [0.42603, 0.85629, 4.00618],
							"pivot": [1.1054, 2.64565, 1.36585],
							"rotation": [-3.2122, 0, 90.27982],
							"uv": {
								"north": {"uv": [24, 48], "uv_size": [0.375, 0.875]},
								"east": {"uv": [31, 29], "uv_size": [4, 0.875]},
								"south": {"uv": [48, 24], "uv_size": [0.375, 0.875]},
								"west": {"uv": [33, 31], "uv_size": [4, 0.875]},
								"up": {"uv": [13, 41], "uv_size": [0.375, 4]},
								"down": {"uv": [14, 45], "uv_size": [0.375, -4]}
							}
						},
						{
							"origin": [-1.53499, 1.78936, 1.36585],
							"size": [0.42603, 0.85629, 4.00618],
							"pivot": [-1.10896, 2.64565, 1.36585],
							"rotation": [-3.2122, 0, -90.27982],
							"uv": {
								"north": {"uv": [25, 48], "uv_size": [0.375, 0.875]},
								"east": {"uv": [33, 32], "uv_size": [4, 0.875]},
								"south": {"uv": [48, 25], "uv_size": [0.375, 0.875]},
								"west": {"uv": [33, 33], "uv_size": [4, 0.875]},
								"up": {"uv": [15, 41], "uv_size": [0.375, 4]},
								"down": {"uv": [16, 45], "uv_size": [0.375, -4]}
							}
						},
						{
							"origin": [0.82415, 1.60186, 1.36585],
							"size": [0.20728, 0.85629, 1.78743],
							"pivot": [0.6054, 2.45815, 1.36585],
							"rotation": [-3.2122, 0, 90.27982],
							"uv": {
								"north": {"uv": [49, 49], "uv_size": [0.25, 0.875]},
								"east": {"uv": [9, 39], "uv_size": [1.75, 0.875]},
								"south": {"uv": [0, 50], "uv_size": [0.25, 0.875]},
								"west": {"uv": [11, 39], "uv_size": [1.75, 0.875]},
								"up": {"uv": [46, 45], "uv_size": [0.25, 1.75]},
								"down": {"uv": [0, 48.75], "uv_size": [0.25, -1.75]}
							}
						},
						{
							"origin": [-1.53499, 1.60186, 1.36585],
							"size": [0.20728, 0.85629, 1.78743],
							"pivot": [-1.10896, 2.45815, 1.36585],
							"rotation": [-3.2122, 0, -90.27982],
							"uv": {
								"north": {"uv": [50, 0], "uv_size": [0.25, 0.875]},
								"east": {"uv": [24, 39], "uv_size": [1.75, 0.875]},
								"south": {"uv": [1, 50], "uv_size": [0.25, 0.875]},
								"west": {"uv": [26, 39], "uv_size": [1.75, 0.875]},
								"up": {"uv": [3, 47], "uv_size": [0.25, 1.75]},
								"down": {"uv": [6, 48.75], "uv_size": [0.25, -1.75]}
							}
						},
						{
							"origin": [1.32314, 1.58209, 1.36585],
							"size": [0.20728, 0.85629, 1.78743],
							"pivot": [1.10439, 2.43838, 1.36585],
							"rotation": [-3.2122, 0, 90.27982],
							"uv": {
								"north": {"uv": [50, 1], "uv_size": [0.25, 0.875]},
								"east": {"uv": [41, 7], "uv_size": [1.75, 0.875]},
								"south": {"uv": [2, 50], "uv_size": [0.25, 0.875]},
								"west": {"uv": [11, 41], "uv_size": [1.75, 0.875]},
								"up": {"uv": [7, 47], "uv_size": [0.25, 1.75]},
								"down": {"uv": [9, 48.75], "uv_size": [0.25, -1.75]}
							}
						},
						{
							"origin": [0.83146, 0.93833, 1.38933],
							"size": [0.26978, 0.85629, 6.44368],
							"pivot": [1.10124, 1.79462, 1.38933],
							"rotation": [-3.2122, -4.99218, 90.27982],
							"uv": {
								"north": {"uv": [50, 2], "uv_size": [0.25, 0.875]},
								"east": {"uv": [27, 0], "uv_size": [6.5, 0.875]},
								"south": {"uv": [3, 50], "uv_size": [0.25, 0.875]},
								"west": {"uv": [27, 1], "uv_size": [6.5, 0.875]},
								"up": {"uv": [18, 36], "uv_size": [0.25, 6.5]},
								"down": {"uv": [20, 44.5], "uv_size": [0.25, -6.5]}
							}
						},
						{
							"origin": [-1.1048, 0.93833, 1.38933],
							"size": [0.26978, 0.85629, 6.44368],
							"pivot": [-1.1048, 1.79462, 1.38933],
							"rotation": [-3.2122, 4.99218, -90.27982],
							"uv": {
								"north": {"uv": [50, 5], "uv_size": [0.25, 0.875]},
								"east": {"uv": [27, 2], "uv_size": [6.5, 0.875]},
								"south": {"uv": [6, 50], "uv_size": [0.25, 0.875]},
								"west": {"uv": [27, 3], "uv_size": [6.5, 0.875]},
								"up": {"uv": [21, 38], "uv_size": [0.25, 6.5]},
								"down": {"uv": [1, 45.5], "uv_size": [0.25, -6.5]}
							}
						},
						{
							"origin": [-1.61658, 0.94133, -6.89811],
							"size": [0.96198, 0.58389, 7.37368],
							"pivot": [-0.6546, 0.94133, -6.89811],
							"rotation": [0, 0, 62.5],
							"uv": {
								"north": {"uv": [3, 46], "uv_size": [1, 0.625]},
								"east": {"uv": [29, 30], "uv_size": [7.375, 0.625]},
								"south": {"uv": [6, 46], "uv_size": [1, 0.625]},
								"west": {"uv": [31, 20], "uv_size": [7.375, 0.625]},
								"up": {"uv": [24, 22], "uv_size": [1, 7.375]},
								"down": {"uv": [7, 32.375], "uv_size": [1, -7.375]}
							}
						},
						{
							"origin": [0.65705, 0.94133, -6.89811],
							"size": [0.96198, 0.58389, 7.34243],
							"pivot": [0.65705, 0.94133, -6.89811],
							"rotation": [0, 0, -62.5],
							"uv": {
								"north": {"uv": [16, 46], "uv_size": [1, 0.625]},
								"east": {"uv": [31, 21], "uv_size": [7.375, 0.625]},
								"south": {"uv": [46, 16], "uv_size": [1, 0.625]},
								"west": {"uv": [31, 22], "uv_size": [7.375, 0.625]},
								"up": {"uv": [8, 25], "uv_size": [1, 7.375]},
								"down": {"uv": [9, 32.375], "uv_size": [1, -7.375]}
							}
						},
						{
							"origin": [0.76426, 1.79462, 0.44433],
							"size": [0.33698, 0.58389, 7.38868],
							"pivot": [1.10124, 1.79462, 0.44433],
							"rotation": [4.5, 2.5, -62.47904],
							"uv": {
								"north": {"uv": [49, 36], "uv_size": [0.375, 0.625]},
								"east": {"uv": [31, 23], "uv_size": [7.375, 0.625]},
								"south": {"uv": [37, 49], "uv_size": [0.375, 0.625]},
								"west": {"uv": [31, 24], "uv_size": [7.375, 0.625]},
								"up": {"uv": [3, 36], "uv_size": [0.375, 7.375]},
								"down": {"uv": [4, 43.375], "uv_size": [0.375, -7.375]}
							}
						},
						{
							"origin": [-1.1048, 1.79462, 0.44433],
							"size": [0.33698, 0.58389, 7.38868],
							"pivot": [-1.1048, 1.79462, 0.44433],
							"rotation": [4.5, -2.5, 62.47904],
							"uv": {
								"north": {"uv": [49, 38], "uv_size": [0.375, 0.625]},
								"east": {"uv": [31, 25], "uv_size": [7.375, 0.625]},
								"south": {"uv": [49, 39], "uv_size": [0.375, 0.625]},
								"west": {"uv": [31, 26], "uv_size": [7.375, 0.625]},
								"up": {"uv": [5, 36], "uv_size": [0.375, 7.375]},
								"down": {"uv": [6, 43.375], "uv_size": [0.375, -7.375]}
							}
						},
						{
							"origin": [0.65705, 0.94133, 0.44433],
							"size": [0.33698, 0.58389, 7.48243],
							"pivot": [0.65705, 0.94133, 0.44433],
							"rotation": [4.53442, 7, -62.08387],
							"uv": {
								"north": {"uv": [49, 40], "uv_size": [0.375, 0.625]},
								"east": {"uv": [29, 16], "uv_size": [7.5, 0.625]},
								"south": {"uv": [49, 41], "uv_size": [0.375, 0.625]},
								"west": {"uv": [29, 17], "uv_size": [7.5, 0.625]},
								"up": {"uv": [19, 34], "uv_size": [0.375, 7.5]},
								"down": {"uv": [22, 41.5], "uv_size": [0.375, -7.5]}
							}
						},
						{
							"origin": [-0.99759, 0.94133, 0.44433],
							"size": [0.33698, 0.58389, 7.48243],
							"pivot": [-0.66061, 0.94133, 0.44433],
							"rotation": [4.53442, -7, 62.08387],
							"uv": {
								"north": {"uv": [42, 49], "uv_size": [0.375, 0.625]},
								"east": {"uv": [29, 18], "uv_size": [7.5, 0.625]},
								"south": {"uv": [49, 42], "uv_size": [0.375, 0.625]},
								"west": {"uv": [29, 19], "uv_size": [7.5, 0.625]},
								"up": {"uv": [23, 34], "uv_size": [0.375, 7.5]},
								"down": {"uv": [0, 42.5], "uv_size": [0.375, -7.5]}
							}
						},
						{
							"origin": [0.49205, 1.27647, 0.42152],
							"size": [0.33698, 0.58389, 3.41993],
							"pivot": [0.53554, 1.56842, 1.75649],
							"rotation": [4.51455, 4.50779, -62.28207],
							"uv": {
								"north": {"uv": [43, 49], "uv_size": [0.375, 0.625]},
								"east": {"uv": [29, 37], "uv_size": [3.375, 0.625]},
								"south": {"uv": [49, 43], "uv_size": [0.375, 0.625]},
								"west": {"uv": [37, 32], "uv_size": [3.375, 0.625]},
								"up": {"uv": [30, 42], "uv_size": [0.375, 3.375]},
								"down": {"uv": [31, 45.375], "uv_size": [0.375, -3.375]}
							}
						},
						{
							"origin": [-0.86385, 1.30772, 0.42152],
							"size": [0.33698, 0.58389, 3.41993],
							"pivot": [-0.57036, 1.56842, 1.75649],
							"rotation": [4.51455, -4.50779, 62.28207],
							"uv": {
								"north": {"uv": [44, 49], "uv_size": [0.375, 0.625]},
								"east": {"uv": [37, 33], "uv_size": [3.375, 0.625]},
								"south": {"uv": [49, 44], "uv_size": [0.375, 0.625]},
								"west": {"uv": [35, 37], "uv_size": [3.375, 0.625]},
								"up": {"uv": [32, 42], "uv_size": [0.375, 3.375]},
								"down": {"uv": [33, 45.375], "uv_size": [0.375, -3.375]}
							}
						},
						{
							"origin": [-0.77691, 2.85035, -6.83938],
							"size": [1.54913, 0.90295, 2.60273],
							"pivot": [-0.39672, 2.32759, -3.2038],
							"rotation": [2.5, 0, 0],
							"uv": {
								"north": {"uv": [42, 6], "uv_size": [1.5, 0.875]},
								"east": {"uv": [36, 34], "uv_size": [2.625, 0.875]},
								"south": {"uv": [22, 42], "uv_size": [1.5, 0.875]},
								"west": {"uv": [35, 36], "uv_size": [2.625, 0.875]},
								"up": {"uv": [4, 33], "uv_size": [1.5, 2.625]},
								"down": {"uv": [6, 35.625], "uv_size": [1.5, -2.625]}
							}
						},
						{
							"origin": [-0.77691, 2.69041, 0.4391],
							"size": [1.54913, 0.90295, 0.95023],
							"uv": {
								"north": {"uv": [24, 42], "uv_size": [1.5, 0.875]},
								"east": {"uv": [44, 12], "uv_size": [1, 0.875]},
								"south": {"uv": [26, 42], "uv_size": [1.5, 0.875]},
								"west": {"uv": [44, 13], "uv_size": [1, 0.875]},
								"up": {"uv": [24, 41], "uv_size": [1.5, 1]},
								"down": {"uv": [26, 42], "uv_size": [1.5, -1]}
							}
						},
						{
							"origin": [-0.50916, 4.69726, -3.75762],
							"size": [1.05, 0.1, 0.1],
							"pivot": [0.52209, 4.1095, -3.63881],
							"rotation": [-50, 0, 0],
							"uv": {
								"north": {"uv": [51, 34], "uv_size": [1, 0.125]},
								"east": {"uv": [52, 16], "uv_size": [0.125, 0.125]},
								"south": {"uv": [51, 35], "uv_size": [1, 0.125]},
								"west": {"uv": [17, 52], "uv_size": [0.125, 0.125]},
								"up": {"uv": [51, 37], "uv_size": [1, 0.125]},
								"down": {"uv": [38, 51.125], "uv_size": [1, -0.125]}
							}
						},
						{
							"origin": [-0.50916, 4.69726, -0.24578],
							"size": [1.05, 0.1, 0.1],
							"pivot": [0.52209, 4.1095, -0.26459],
							"rotation": [50, 0, 0],
							"uv": {
								"north": {"uv": [51, 40], "uv_size": [1, 0.125]},
								"east": {"uv": [46, 52], "uv_size": [0.125, 0.125]},
								"south": {"uv": [41, 51], "uv_size": [1, 0.125]},
								"west": {"uv": [52, 46], "uv_size": [0.125, 0.125]},
								"up": {"uv": [51, 41], "uv_size": [1, 0.125]},
								"down": {"uv": [51, 42.125], "uv_size": [1, -0.125]}
							}
						},
						{
							"origin": [-0.67068, 3.30075, -3.75761],
							"size": [1.35, 0.1, 0.1],
							"pivot": [0.55975, 4.11924, -3.6388],
							"rotation": [-50, 0, 0],
							"uv": {
								"north": {"uv": [50, 15], "uv_size": [1.375, 0.125]},
								"east": {"uv": [52, 17], "uv_size": [0.125, 0.125]},
								"south": {"uv": [50, 25], "uv_size": [1.375, 0.125]},
								"west": {"uv": [18, 52], "uv_size": [0.125, 0.125]},
								"up": {"uv": [50, 26], "uv_size": [1.375, 0.125]},
								"down": {"uv": [50, 27.125], "uv_size": [1.375, -0.125]}
							}
						},
						{
							"origin": [-0.67068, 3.05075, -0.26801],
							"size": [1.35, 0.35, 0.1],
							"pivot": [0.55975, 4.11924, -0.28682],
							"rotation": [50, 0, 0],
							"uv": {
								"north": {"uv": [39, 46], "uv_size": [1.375, 0.375]},
								"east": {"uv": [52, 13], "uv_size": [0.125, 0.375]},
								"south": {"uv": [41, 46], "uv_size": [1.375, 0.375]},
								"west": {"uv": [52, 14], "uv_size": [0.125, 0.375]},
								"up": {"uv": [50, 28], "uv_size": [1.375, 0.125]},
								"down": {"uv": [50, 29.125], "uv_size": [1.375, -0.125]}
							}
						},
						{
							"origin": [0.58971, 2.41635, -3.50372],
							"size": [0.1, 1.54323, 0.1],
							"pivot": [0.65202, 3.96693, -2.60502],
							"rotation": [-50, 0, -12.5],
							"uv": {
								"north": {"uv": [13, 50], "uv_size": [0.125, 1.5]},
								"east": {"uv": [50, 13], "uv_size": [0.125, 1.5]},
								"south": {"uv": [16, 50], "uv_size": [0.125, 1.5]},
								"west": {"uv": [17, 50], "uv_size": [0.125, 1.5]},
								"up": {"uv": [52, 18], "uv_size": [0.125, 0.125]},
								"down": {"uv": [19, 52.125], "uv_size": [0.125, -0.125]}
							}
						},
						{
							"origin": [0.58971, 2.41635, -0.49968],
							"size": [0.1, 1.54323, 0.1],
							"pivot": [0.65202, 3.96693, -1.29838],
							"rotation": [50, 0, -12.5],
							"uv": {
								"north": {"uv": [20, 50], "uv_size": [0.125, 1.5]},
								"east": {"uv": [21, 50], "uv_size": [0.125, 1.5]},
								"south": {"uv": [50, 21], "uv_size": [0.125, 1.5]},
								"west": {"uv": [22, 50], "uv_size": [0.125, 1.5]},
								"up": {"uv": [37, 52], "uv_size": [0.125, 0.125]},
								"down": {"uv": [52, 37.125], "uv_size": [0.125, -0.125]}
							}
						},
						{
							"origin": [-0.65804, 2.41635, -0.49968],
							"size": [0.1, 1.54323, 0.1],
							"pivot": [-0.62035, 3.96693, -1.29838],
							"rotation": [50, 0, 12.5],
							"uv": {
								"north": {"uv": [23, 50], "uv_size": [0.125, 1.5]},
								"east": {"uv": [50, 23], "uv_size": [0.125, 1.5]},
								"south": {"uv": [24, 50], "uv_size": [0.125, 1.5]},
								"west": {"uv": [25, 50], "uv_size": [0.125, 1.5]},
								"up": {"uv": [38, 52], "uv_size": [0.125, 0.125]},
								"down": {"uv": [52, 38.125], "uv_size": [0.125, -0.125]}
							}
						},
						{
							"origin": [-0.65804, 2.41635, -3.50372],
							"size": [0.1, 1.54323, 0.1],
							"pivot": [-0.62035, 3.96693, -2.60502],
							"rotation": [-50, 0, 12.5],
							"uv": {
								"north": {"uv": [50, 17], "uv_size": [0.125, 1.5]},
								"east": {"uv": [18, 50], "uv_size": [0.125, 1.5]},
								"south": {"uv": [19, 50], "uv_size": [0.125, 1.5]},
								"west": {"uv": [50, 19], "uv_size": [0.125, 1.5]},
								"up": {"uv": [52, 19], "uv_size": [0.125, 0.125]},
								"down": {"uv": [20, 52.125], "uv_size": [0.125, -0.125]}
							}
						},
						{
							"origin": [-0.61987, 3.41304, -3.18832],
							"size": [0.1, 1.23073, 0.1],
							"pivot": [-0.56987, 4.13778, -3.13832],
							"rotation": [0, 0, 12.5],
							"uv": {
								"north": {"uv": [26, 50], "uv_size": [0.125, 1.25]},
								"east": {"uv": [31, 50], "uv_size": [0.125, 1.25]},
								"south": {"uv": [50, 32], "uv_size": [0.125, 1.25]},
								"west": {"uv": [34, 50], "uv_size": [0.125, 1.25]},
								"up": {"uv": [52, 20], "uv_size": [0.125, 0.125]},
								"down": {"uv": [21, 52.125], "uv_size": [0.125, -0.125]}
							}
						},
						{
							"origin": [0.55047, 3.42278, -2.43832],
							"size": [0.1, 1.23073, 0.1],
							"pivot": [0.64545, 4.14752, -2.38832],
							"rotation": [0, 0, -12.5],
							"uv": {
								"north": {"uv": [35, 50], "uv_size": [0.125, 1.25]},
								"east": {"uv": [36, 50], "uv_size": [0.125, 1.25]},
								"south": {"uv": [37, 50], "uv_size": [0.125, 1.25]},
								"west": {"uv": [50, 38], "uv_size": [0.125, 1.25]},
								"up": {"uv": [52, 21], "uv_size": [0.125, 0.125]},
								"down": {"uv": [22, 52.125], "uv_size": [0.125, -0.125]}
							}
						},
						{
							"origin": [0.55047, 3.42278, -0.81508],
							"size": [0.1, 1.23073, 0.1],
							"pivot": [0.64545, 4.14752, -0.76508],
							"rotation": [0, 0, -12.5],
							"uv": {
								"north": {"uv": [1, 51], "uv_size": [0.125, 1.25]},
								"east": {"uv": [2, 51], "uv_size": [0.125, 1.25]},
								"south": {"uv": [3, 51], "uv_size": [0.125, 1.25]},
								"west": {"uv": [51, 5], "uv_size": [0.125, 1.25]},
								"up": {"uv": [39, 52], "uv_size": [0.125, 0.125]},
								"down": {"uv": [52, 39.125], "uv_size": [0.125, -0.125]}
							}
						},
						{
							"origin": [-0.59184, 3.42278, -0.81508],
							"size": [0.1, 1.23073, 0.1],
							"pivot": [-0.58682, 4.14752, -0.76508],
							"rotation": [0, 0, 12.5],
							"uv": {
								"north": {"uv": [51, 13], "uv_size": [0.125, 1.25]},
								"east": {"uv": [14, 51], "uv_size": [0.125, 1.25]},
								"south": {"uv": [15, 51], "uv_size": [0.125, 1.25]},
								"west": {"uv": [51, 16], "uv_size": [0.125, 1.25]},
								"up": {"uv": [47, 52], "uv_size": [0.125, 0.125]},
								"down": {"uv": [52, 47.125], "uv_size": [0.125, -0.125]}
							}
						},
						{
							"origin": [0.55047, 3.42278, -3.18832],
							"size": [0.1, 1.23073, 0.1],
							"pivot": [0.64545, 4.14752, -3.13832],
							"rotation": [0, 0, -12.5],
							"uv": {
								"north": {"uv": [51, 9], "uv_size": [0.125, 1.25]},
								"east": {"uv": [10, 51], "uv_size": [0.125, 1.25]},
								"south": {"uv": [11, 51], "uv_size": [0.125, 1.25]},
								"west": {"uv": [51, 11], "uv_size": [0.125, 1.25]},
								"up": {"uv": [45, 52], "uv_size": [0.125, 0.125]},
								"down": {"uv": [52, 45.125], "uv_size": [0.125, -0.125]}
							}
						},
						{
							"origin": [0.55047, 3.42278, -1.98781],
							"size": [0.1, 1.23073, 0.1],
							"pivot": [0.64545, 4.14752, -2.63832],
							"rotation": [0, 0, -12.5],
							"uv": {
								"north": {"uv": [50, 40], "uv_size": [0.125, 1.25]},
								"east": {"uv": [42, 50], "uv_size": [0.125, 1.25]},
								"south": {"uv": [50, 42], "uv_size": [0.125, 1.25]},
								"west": {"uv": [43, 50], "uv_size": [0.125, 1.25]},
								"up": {"uv": [23, 52], "uv_size": [0.125, 0.125]},
								"down": {"uv": [24, 52.125], "uv_size": [0.125, -0.125]}
							}
						},
						{
							"origin": [0.54649, 3.54957, -3.10511],
							"size": [0.1, 0.1, 3.55],
							"pivot": [0.59649, 4.14931, -3.11761],
							"rotation": [0, 0, -12.5],
							"uv": {
								"north": {"uv": [52, 24], "uv_size": [0.125, 0.125]},
								"east": {"uv": [10, 47], "uv_size": [3.5, 0.125]},
								"south": {"uv": [25, 52], "uv_size": [0.125, 0.125]},
								"west": {"uv": [47, 16], "uv_size": [3.5, 0.125]},
								"up": {"uv": [14, 47], "uv_size": [0.125, 3.5]},
								"down": {"uv": [15, 50.5], "uv_size": [0.125, -3.5]}
							}
						},
						{
							"origin": [-0.58785, 3.54957, -3.10511],
							"size": [0.1, 0.1, 3.55],
							"pivot": [-0.53785, 4.14931, -3.11761],
							"rotation": [0, 0, 12.5],
							"uv": {
								"north": {"uv": [44, 52], "uv_size": [0.125, 0.125]},
								"east": {"uv": [47, 30], "uv_size": [3.5, 0.125]},
								"south": {"uv": [52, 44], "uv_size": [0.125, 0.125]},
								"west": {"uv": [47, 31], "uv_size": [3.5, 0.125]},
								"up": {"uv": [32, 47], "uv_size": [0.125, 3.5]},
								"down": {"uv": [33, 50.5], "uv_size": [0.125, -3.5]}
							}
						},
						{
							"origin": [0.54649, 3.54957, -4.29261],
							"size": [0.1, 0.1, 1.13125],
							"pivot": [0.59649, 4.14931, -3.11761],
							"rotation": [0, 0, -12.5],
							"uv": {
								"north": {"uv": [52, 25], "uv_size": [0.125, 0.125]},
								"east": {"uv": [50, 36], "uv_size": [1.125, 0.125]},
								"south": {"uv": [26, 52], "uv_size": [0.125, 0.125]},
								"west": {"uv": [51, 2], "uv_size": [1.125, 0.125]},
								"up": {"uv": [51, 18], "uv_size": [0.125, 1.125]},
								"down": {"uv": [51, 21.125], "uv_size": [0.125, -1.125]}
							}
						},
						{
							"origin": [-0.58785, 3.54957, -4.29261],
							"size": [0.1, 0.1, 1.13125],
							"pivot": [-0.53785, 4.14931, -3.11761],
							"rotation": [0, 0, 12.5],
							"uv": {
								"north": {"uv": [43, 52], "uv_size": [0.125, 0.125]},
								"east": {"uv": [51, 22], "uv_size": [1.125, 0.125]},
								"south": {"uv": [52, 43], "uv_size": [0.125, 0.125]},
								"west": {"uv": [51, 23], "uv_size": [1.125, 0.125]},
								"up": {"uv": [27, 51], "uv_size": [0.125, 1.125]},
								"down": {"uv": [28, 52.125], "uv_size": [0.125, -1.125]}
							}
						},
						{
							"origin": [-0.6318, 3.42457, -2.44886],
							"size": [0.1, 1.23073, 0.1],
							"pivot": [-0.5818, 4.14931, -2.39886],
							"rotation": [0, 0, 12.5],
							"uv": {
								"north": {"uv": [44, 50], "uv_size": [0.125, 1.25]},
								"east": {"uv": [50, 44], "uv_size": [0.125, 1.25]},
								"south": {"uv": [45, 50], "uv_size": [0.125, 1.25]},
								"west": {"uv": [46, 50], "uv_size": [0.125, 1.25]},
								"up": {"uv": [52, 26], "uv_size": [0.125, 0.125]},
								"down": {"uv": [52, 27.125], "uv_size": [0.125, -0.125]}
							}
						},
						{
							"origin": [-0.61987, 3.41304, -1.98781],
							"size": [0.1, 1.23073, 0.1],
							"pivot": [-0.56987, 4.13778, -1.76508],
							"rotation": [0, 0, 12.5],
							"uv": {
								"north": {"uv": [50, 46], "uv_size": [0.125, 1.25]},
								"east": {"uv": [47, 50], "uv_size": [0.125, 1.25]},
								"south": {"uv": [48, 50], "uv_size": [0.125, 1.25]},
								"west": {"uv": [50, 48], "uv_size": [0.125, 1.25]},
								"up": {"uv": [52, 28], "uv_size": [0.125, 0.125]},
								"down": {"uv": [52, 29.125], "uv_size": [0.125, -0.125]}
							}
						},
						{
							"origin": [-0.61987, 3.41304, -1.56511],
							"size": [0.1, 1.23073, 0.1],
							"pivot": [-0.56987, 4.13778, -1.26508],
							"rotation": [0, 0, 12.5],
							"uv": {
								"north": {"uv": [6, 51], "uv_size": [0.125, 1.25]},
								"east": {"uv": [51, 7], "uv_size": [0.125, 1.25]},
								"south": {"uv": [8, 51], "uv_size": [0.125, 1.25]},
								"west": {"uv": [9, 51], "uv_size": [0.125, 1.25]},
								"up": {"uv": [42, 52], "uv_size": [0.125, 0.125]},
								"down": {"uv": [52, 42.125], "uv_size": [0.125, -0.125]}
							}
						},
						{
							"origin": [0.55047, 3.42278, -1.56508],
							"size": [0.1, 1.23073, 0.1],
							"pivot": [0.64545, 4.14752, -1.51508],
							"rotation": [0, 0, -12.5],
							"uv": {
								"north": {"uv": [49, 50], "uv_size": [0.125, 1.25]},
								"east": {"uv": [50, 50], "uv_size": [0.125, 1.25]},
								"south": {"uv": [0, 51], "uv_size": [0.125, 1.25]},
								"west": {"uv": [51, 0], "uv_size": [0.125, 1.25]},
								"up": {"uv": [52, 30], "uv_size": [0.125, 0.125]},
								"down": {"uv": [31, 52.125], "uv_size": [0.125, -0.125]}
							}
						},
						{
							"origin": [-0.40913, 4.5426, -2.45859],
							"size": [0.85, 0.1, 0.1],
							"uv": {
								"north": {"uv": [51, 43], "uv_size": [0.875, 0.125]},
								"east": {"uv": [52, 31], "uv_size": [0.125, 0.125]},
								"south": {"uv": [51, 44], "uv_size": [0.875, 0.125]},
								"west": {"uv": [52, 32], "uv_size": [0.125, 0.125]},
								"up": {"uv": [51, 45], "uv_size": [0.875, 0.125]},
								"down": {"uv": [51, 46.125], "uv_size": [0.875, -0.125]}
							}
						},
						{
							"origin": [-0.40913, 4.5426, -1.56511],
							"size": [0.85, 0.1, 0.1],
							"uv": {
								"north": {"uv": [4, 52], "uv_size": [0.875, 0.125]},
								"east": {"uv": [40, 52], "uv_size": [0.125, 0.125]},
								"south": {"uv": [52, 4], "uv_size": [0.875, 0.125]},
								"west": {"uv": [52, 40], "uv_size": [0.125, 0.125]},
								"up": {"uv": [5, 52], "uv_size": [0.875, 0.125]},
								"down": {"uv": [52, 5.125], "uv_size": [0.875, -0.125]}
							}
						},
						{
							"origin": [-0.02068, 4.47186, -1.56511],
							"size": [0.1, 1.1, 0.1],
							"pivot": [0.02932, 4.52186, -1.51511],
							"rotation": [-12.5, 0, 0],
							"uv": {
								"north": {"uv": [29, 51], "uv_size": [0.125, 1.125]},
								"east": {"uv": [30, 51], "uv_size": [0.125, 1.125]},
								"south": {"uv": [51, 30], "uv_size": [0.125, 1.125]},
								"west": {"uv": [32, 51], "uv_size": [0.125, 1.125]},
								"up": {"uv": [48, 52], "uv_size": [0.125, 0.125]},
								"down": {"uv": [52, 48.125], "uv_size": [0.125, -0.125]}
							}
						},
						{
							"origin": [0.00432, 5.48384, -1.22558],
							"size": [0.05, 0.05, 7.85],
							"pivot": [0.00432, 5.56031, -1.1511],
							"rotation": [2.5, 0, 0],
							"uv": {
								"north": {"uv": [49, 52], "uv_size": [0.125, 0.125]},
								"east": {"uv": [44, 3], "uv_size": [7.875, 0.125]},
								"south": {"uv": [52, 49], "uv_size": [0.125, 0.125]},
								"west": {"uv": [44, 4], "uv_size": [7.875, 0.125]},
								"up": {"uv": [4, 44], "uv_size": [0.125, 7.875]},
								"down": {"uv": [5, 51.875], "uv_size": [0.125, -7.875]}
							}
						},
						{
							"origin": [-0.40913, 4.5426, -1.98781],
							"size": [0.85, 0.1, 0.1],
							"uv": {
								"north": {"uv": [52, 6], "uv_size": [0.875, 0.125]},
								"east": {"uv": [41, 52], "uv_size": [0.125, 0.125]},
								"south": {"uv": [7, 52], "uv_size": [0.875, 0.125]},
								"west": {"uv": [52, 41], "uv_size": [0.125, 0.125]},
								"up": {"uv": [52, 7], "uv_size": [0.875, 0.125]},
								"down": {"uv": [52, 8.125], "uv_size": [0.875, -0.125]}
							}
						},
						{
							"origin": [-0.40916, 4.5426, -0.81508],
							"size": [0.85, 0.1, 0.1],
							"uv": {
								"north": {"uv": [51, 47], "uv_size": [0.875, 0.125]},
								"east": {"uv": [33, 52], "uv_size": [0.125, 0.125]},
								"south": {"uv": [51, 48], "uv_size": [0.875, 0.125]},
								"west": {"uv": [52, 33], "uv_size": [0.125, 0.125]},
								"up": {"uv": [51, 49], "uv_size": [0.875, 0.125]},
								"down": {"uv": [51, 50.125], "uv_size": [0.875, -0.125]}
							}
						},
						{
							"origin": [-0.40916, 4.5426, -3.18832],
							"size": [0.85, 0.1, 0.1],
							"uv": {
								"north": {"uv": [51, 51], "uv_size": [0.875, 0.125]},
								"east": {"uv": [34, 52], "uv_size": [0.125, 0.125]},
								"south": {"uv": [52, 0], "uv_size": [0.875, 0.125]},
								"west": {"uv": [52, 34], "uv_size": [0.125, 0.125]},
								"up": {"uv": [52, 1], "uv_size": [0.875, 0.125]},
								"down": {"uv": [52, 3.125], "uv_size": [0.875, -0.125]}
							}
						},
						{
							"origin": [-0.50916, 4.5426, -3.18832],
							"size": [0.1, 0.1, 2.47324],
							"uv": {
								"north": {"uv": [35, 52], "uv_size": [0.125, 0.125]},
								"east": {"uv": [48, 34], "uv_size": [2.5, 0.125]},
								"south": {"uv": [52, 35], "uv_size": [0.125, 0.125]},
								"west": {"uv": [35, 48], "uv_size": [2.5, 0.125]},
								"up": {"uv": [38, 48], "uv_size": [0.125, 2.5]},
								"down": {"uv": [39, 50.5], "uv_size": [0.125, -2.5]}
							}
						},
						{
							"origin": [0.44084, 4.5426, -3.18832],
							"size": [0.1, 0.1, 2.47324],
							"uv": {
								"north": {"uv": [36, 52], "uv_size": [0.125, 0.125]},
								"east": {"uv": [48, 35], "uv_size": [2.5, 0.125]},
								"south": {"uv": [52, 36], "uv_size": [0.125, 0.125]},
								"west": {"uv": [48, 37], "uv_size": [2.5, 0.125]},
								"up": {"uv": [40, 48], "uv_size": [0.125, 2.5]},
								"down": {"uv": [41, 50.5], "uv_size": [0.125, -2.5]}
							}
						},
						{
							"origin": [-0.63182, 1.74149, 0.42057],
							"size": [0.76038, 1.71086, 0.92671],
							"uv": {
								"north": {"uv": [28, 42], "uv_size": [0.75, 1.75]},
								"east": {"uv": [14, 36], "uv_size": [0.875, 1.75]},
								"south": {"uv": [29, 42], "uv_size": [0.75, 1.75]},
								"west": {"uv": [24, 37], "uv_size": [0.875, 1.75]},
								"up": {"uv": [9, 45], "uv_size": [0.75, 0.875]},
								"down": {"uv": [10, 45.875], "uv_size": [0.75, -0.875]}
							}
						},
						{
							"origin": [-0.63182, 1.74149, 1.37104],
							"size": [0.76038, 1.21186, 3.32667],
							"uv": {
								"north": {"uv": [44, 5], "uv_size": [0.75, 1.25]},
								"east": {"uv": [31, 27], "uv_size": [3.375, 1.25]},
								"south": {"uv": [6, 44], "uv_size": [0.75, 1.25]},
								"west": {"uv": [29, 31], "uv_size": [3.375, 1.25]},
								"up": {"uv": [7, 36], "uv_size": [0.75, 3.375]},
								"down": {"uv": [13, 39.375], "uv_size": [0.75, -3.375]}
							}
						},
						{
							"origin": [-0.08941, 2.66665, 1.38933],
							"size": [0.82288, 0.92671, 6.43948],
							"pivot": [0.73347, 3.59337, 1.38933],
							"rotation": [-2.50238, -2.1, 0.10912],
							"uv": {
								"north": {"uv": [39, 44], "uv_size": [0.875, 0.875]},
								"east": {"uv": [27, 4], "uv_size": [6.5, 0.875]},
								"south": {"uv": [40, 44], "uv_size": [0.875, 0.875]},
								"west": {"uv": [27, 5], "uv_size": [6.5, 0.875]},
								"up": {"uv": [1, 27], "uv_size": [0.875, 6.5]},
								"down": {"uv": [2, 33.5], "uv_size": [0.875, -6.5]}
							}
						},
						{
							"origin": [-0.76354, 2.66665, 1.38933],
							"size": [0.72913, 0.92671, 6.43948],
							"pivot": [-0.76354, 3.59337, 1.38933],
							"rotation": [-2.50238, 2.1, -0.10912],
							"uv": {
								"north": {"uv": [16, 45], "uv_size": [0.75, 0.875]},
								"east": {"uv": [27, 6], "uv_size": [6.5, 0.875]},
								"south": {"uv": [26, 45], "uv_size": [0.75, 0.875]},
								"west": {"uv": [27, 7], "uv_size": [6.5, 0.875]},
								"up": {"uv": [3, 27], "uv_size": [0.75, 6.5]},
								"down": {"uv": [22, 33.5], "uv_size": [0.75, -6.5]}
							}
						},
						{
							"origin": [-0.57604, 2.66665, 1.38933],
							"size": [0.47913, 0.92671, 3.09573],
							"pivot": [-0.57604, 3.59337, 1.38933],
							"rotation": [-2.50238, 2.1, -0.10912],
							"uv": {
								"north": {"uv": [16, 47], "uv_size": [0.5, 0.875]},
								"east": {"uv": [9, 36], "uv_size": [3.125, 0.875]},
								"south": {"uv": [47, 17], "uv_size": [0.5, 0.875]},
								"west": {"uv": [29, 36], "uv_size": [3.125, 0.875]},
								"up": {"uv": [9, 41], "uv_size": [0.5, 3.125]},
								"down": {"uv": [10, 44.125], "uv_size": [0.5, -3.125]}
							}
						},
						{
							"origin": [-0.24835, 0.94133, 0.44433],
							"size": [0.91663, 0.73662, 7.51366],
							"pivot": [0.18453, 0.94133, 0.44433],
							"rotation": [8.25, -1, 0],
							"uv": {
								"north": {"uv": [45, 43], "uv_size": [0.875, 0.75]},
								"east": {"uv": [27, 8], "uv_size": [7.5, 0.75]},
								"south": {"uv": [45, 45], "uv_size": [0.875, 0.75]},
								"west": {"uv": [27, 9], "uv_size": [7.5, 0.75]},
								"up": {"uv": [14, 25], "uv_size": [0.875, 7.5]},
								"down": {"uv": [0, 34.5], "uv_size": [0.875, -7.5]}
							}
						},
						{
							"origin": [-0.56157, 2.01948, 5.37388],
							"size": [1.1, 1.28, 2.51366],
							"uv": {
								"north": {"uv": [36, 41], "uv_size": [1.125, 1.25]},
								"east": {"uv": [1, 34], "uv_size": [2.5, 1.25]},
								"south": {"uv": [38, 41], "uv_size": [1.125, 1.25]},
								"west": {"uv": [9, 34], "uv_size": [2.5, 1.25]},
								"up": {"uv": [35, 27], "uv_size": [1.125, 2.5]},
								"down": {"uv": [1, 38.5], "uv_size": [1.125, -2.5]}
							}
						},
						{
							"origin": [-0.72767, 2.3802, 5.37388],
							"size": [1.5, 0.28, 2.51366],
							"uv": {
								"north": {"uv": [48, 14], "uv_size": [1.5, 0.25]},
								"east": {"uv": [22, 46], "uv_size": [2.5, 0.25]},
								"south": {"uv": [48, 15], "uv_size": [1.5, 0.25]},
								"west": {"uv": [46, 27], "uv_size": [2.5, 0.25]},
								"up": {"uv": [29, 33], "uv_size": [1.5, 2.5]},
								"down": {"uv": [31, 35.5], "uv_size": [1.5, -2.5]}
							}
						},
						{
							"origin": [-0.63584, 0.94133, 0.44433],
							"size": [0.47913, 0.73662, 7.51366],
							"pivot": [-0.65209, 0.94133, 0.44433],
							"rotation": [8.25, 1, 0],
							"uv": {
								"north": {"uv": [48, 10], "uv_size": [0.5, 0.75]},
								"east": {"uv": [27, 10], "uv_size": [7.5, 0.75]},
								"south": {"uv": [11, 48], "uv_size": [0.5, 0.75]},
								"west": {"uv": [27, 11], "uv_size": [7.5, 0.75]},
								"up": {"uv": [28, 32], "uv_size": [0.5, 7.5]},
								"down": {"uv": [8, 40.5], "uv_size": [0.5, -7.5]}
							}
						},
						{
							"origin": [-0.14557, 2.27786, 4.8224],
							"size": [0.31413, 3.39795, 1.35443],
							"pivot": [-0.00162, 3.59665, 5.85605],
							"rotation": [-32.5, 0, 0],
							"uv": {
								"north": {"uv": [34, 42], "uv_size": [0.375, 3.375]},
								"east": {"uv": [29, 22], "uv_size": [1.375, 3.375]},
								"south": {"uv": [35, 42], "uv_size": [0.375, 3.375]},
								"west": {"uv": [29, 26], "uv_size": [1.375, 3.375]},
								"up": {"uv": [34, 46], "uv_size": [0.375, 1.375]},
								"down": {"uv": [35, 47.375], "uv_size": [0.375, -1.375]}
							}
						},
						{
							"origin": [-0.14557, -0.22214, 5.0724],
							"size": [0.31413, 3.39795, 1.35443],
							"pivot": [-0.00162, 3.59665, 5.85605],
							"rotation": [-75, 0, 0],
							"uv": {
								"north": {"uv": [42, 41], "uv_size": [0.375, 3.375]},
								"east": {"uv": [16, 30], "uv_size": [1.375, 3.375]},
								"south": {"uv": [0, 43], "uv_size": [0.375, 3.375]},
								"west": {"uv": [18, 30], "uv_size": [1.375, 3.375]},
								"up": {"uv": [37, 46], "uv_size": [0.375, 1.375]},
								"down": {"uv": [38, 47.375], "uv_size": [0.375, -1.375]}
							}
						},
						{
							"origin": [-0.15057, 2.81653, 6.10142],
							"size": [0.31913, 3.08905, 1.7],
							"uv": {
								"north": {"uv": [27, 43], "uv_size": [0.375, 3.125]},
								"east": {"uv": [27, 16], "uv_size": [1.75, 3.125]},
								"south": {"uv": [36, 43], "uv_size": [0.375, 3.125]},
								"west": {"uv": [20, 27], "uv_size": [1.75, 3.125]},
								"up": {"uv": [1, 46], "uv_size": [0.375, 1.75]},
								"down": {"uv": [2, 47.75], "uv_size": [0.375, -1.75]}
							}
						},
						{
							"origin": [-0.14557, 2.81653, 5.84003],
							"size": [0.31413, 0.6891, 1.02176],
							"uv": {
								"north": {"uv": [49, 7], "uv_size": [0.375, 0.75]},
								"east": {"uv": [3, 45], "uv_size": [1, 0.75]},
								"south": {"uv": [8, 49], "uv_size": [0.375, 0.75]},
								"west": {"uv": [45, 5], "uv_size": [1, 0.75]},
								"up": {"uv": [48, 11], "uv_size": [0.375, 1]},
								"down": {"uv": [12, 49], "uv_size": [0.375, -1]}
							}
						},
						{
							"origin": [0.82253, 2.53414, -4.44081],
							"size": [8.4307, 0.19541, 1.69571],
							"pivot": [9.25323, 2.53414, -4.44081],
							"rotation": [0, -5, -3.5],
							"uv": {
								"north": {"uv": [29, 38], "uv_size": [8.375, 0.25]},
								"east": {"uv": [47, 18], "uv_size": [1.75, 0.25]},
								"south": {"uv": [38, 36], "uv_size": [8.375, 0.25]},
								"west": {"uv": [47, 19], "uv_size": [1.75, 0.25]},
								"up": {"uv": [9, 18], "uv_size": [8.375, 1.75]},
								"down": {"uv": [18, 11.75], "uv_size": [8.375, -1.75]}
							}
						},
						{
							"origin": [-9.1946, 2.53414, -4.44081],
							"size": [8.4307, 0.19541, 1.69571],
							"pivot": [-9.1946, 2.53414, -4.44081],
							"rotation": [0, 5, 3.5],
							"uv": {
								"north": {"uv": [39, 23], "uv_size": [8.375, 0.25]},
								"east": {"uv": [39, 47], "uv_size": [1.75, 0.25]},
								"south": {"uv": [39, 24], "uv_size": [8.375, 0.25]},
								"west": {"uv": [47, 39], "uv_size": [1.75, 0.25]},
								"up": {"uv": [18, 16], "uv_size": [8.375, 1.75]},
								"down": {"uv": [18, 19.75], "uv_size": [8.375, -1.75]}
							}
						},
						{
							"origin": [0.84478, 2.53513, -4.4408],
							"size": [8.4307, 0.19541, 2.94571],
							"pivot": [9.27548, 2.28513, -2.99509],
							"rotation": [0, 0, -3.5],
							"uv": {
								"north": {"uv": [38, 38], "uv_size": [8.375, 0.25]},
								"east": {"uv": [45, 6], "uv_size": [3, 0.25]},
								"south": {"uv": [39, 8], "uv_size": [8.375, 0.25]},
								"west": {"uv": [45, 7], "uv_size": [3, 0.25]},
								"up": {"uv": [0, 0], "uv_size": [8.375, 3]},
								"down": {"uv": [0, 6], "uv_size": [8.375, -3]}
							}
						},
						{
							"origin": [-9.21684, 2.53513, -4.4408],
							"size": [8.4307, 0.19541, 2.94571],
							"pivot": [-9.21684, 2.28513, -2.99509],
							"rotation": [0, 0, 3.5],
							"uv": {
								"north": {"uv": [39, 25], "uv_size": [8.375, 0.25]},
								"east": {"uv": [23, 45], "uv_size": [3, 0.25]},
								"south": {"uv": [39, 26], "uv_size": [8.375, 0.25]},
								"west": {"uv": [45, 32], "uv_size": [3, 0.25]},
								"up": {"uv": [9, 6], "uv_size": [8.375, 3]},
								"down": {"uv": [9, 12], "uv_size": [8.375, -3]}
							}
						},
						{
							"origin": [0.32424, 2.53418, -3.1908],
							"size": [8.92945, 0.19541, 1.69571],
							"pivot": [9.25369, 2.53418, -1.49509],
							"rotation": [0, 10, -3.5],
							"uv": {
								"north": {"uv": [36, 35], "uv_size": [8.875, 0.25]},
								"east": {"uv": [20, 47], "uv_size": [1.75, 0.25]},
								"south": {"uv": [37, 14], "uv_size": [8.875, 0.25]},
								"west": {"uv": [22, 47], "uv_size": [1.75, 0.25]},
								"up": {"uv": [0, 12], "uv_size": [8.875, 1.75]},
								"down": {"uv": [9, 13.75], "uv_size": [8.875, -1.75]}
							}
						},
						{
							"origin": [-9.21684, 2.53513, -3.1908],
							"size": [8.92945, 0.19541, 1.69571],
							"pivot": [-9.21684, 2.28513, -1.49509],
							"rotation": [0, -10, 3.5],
							"uv": {
								"north": {"uv": [37, 28], "uv_size": [8.875, 0.25]},
								"east": {"uv": [47, 40], "uv_size": [1.75, 0.25]},
								"south": {"uv": [37, 29], "uv_size": [8.875, 0.25]},
								"west": {"uv": [41, 47], "uv_size": [1.75, 0.25]},
								"up": {"uv": [18, 2], "uv_size": [8.875, 1.75]},
								"down": {"uv": [18, 5.75], "uv_size": [8.875, -1.75]}
							}
						},
						{
							"origin": [0.80967, 2.26765, -4.4408],
							"size": [8.4307, 0.19541, 1.69571],
							"pivot": [4.88065, 2.72598, -1.91294],
							"rotation": [0, 0, -3.5],
							"uv": {
								"north": {"uv": [39, 9], "uv_size": [8.375, 0.25]},
								"east": {"uv": [24, 47], "uv_size": [1.75, 0.25]},
								"south": {"uv": [39, 10], "uv_size": [8.375, 0.25]},
								"west": {"uv": [26, 47], "uv_size": [1.75, 0.25]},
								"up": {"uv": [18, 12], "uv_size": [8.375, 1.75]},
								"down": {"uv": [18, 15.75], "uv_size": [8.375, -1.75]}
							}
						},
						{
							"origin": [0.72231, 2.38502, -4.4408],
							"size": [8.40445, 0.19541, 2.97196],
							"pivot": [5.63329, 2.20022, -2.16294],
							"rotation": [0, 0, -2.5],
							"uv": {
								"north": {"uv": [39, 11], "uv_size": [8.375, 0.25]},
								"east": {"uv": [45, 12], "uv_size": [3, 0.25]},
								"south": {"uv": [39, 20], "uv_size": [8.375, 0.25]},
								"west": {"uv": [13, 45], "uv_size": [3, 0.25]},
								"up": {"uv": [0, 6], "uv_size": [8.375, 3]},
								"down": {"uv": [0, 12], "uv_size": [8.375, -3]}
							}
						},
						{
							"origin": [-9.06812, 2.38502, -4.4408],
							"size": [8.40445, 0.19541, 2.97196],
							"pivot": [-5.57465, 2.20022, -2.16294],
							"rotation": [0, 0, 2.5],
							"uv": {
								"north": {"uv": [39, 21], "uv_size": [8.375, 0.25]},
								"east": {"uv": [45, 13], "uv_size": [3, 0.25]},
								"south": {"uv": [39, 22], "uv_size": [8.375, 0.25]},
								"west": {"uv": [20, 45], "uv_size": [3, 0.25]},
								"up": {"uv": [9, 0], "uv_size": [8.375, 3]},
								"down": {"uv": [9, 6], "uv_size": [8.375, -3]}
							}
						},
						{
							"origin": [0.29385, 2.53704, -3.1908],
							"size": [8.92945, 0.19541, 1.72196],
							"pivot": [9.22331, 2.73245, -1.46884],
							"rotation": [0, 10, -2.5],
							"uv": {
								"north": {"uv": [37, 15], "uv_size": [8.875, 0.25]},
								"east": {"uv": [28, 47], "uv_size": [1.75, 0.25]},
								"south": {"uv": [37, 16], "uv_size": [8.875, 0.25]},
								"west": {"uv": [47, 28], "uv_size": [1.75, 0.25]},
								"up": {"uv": [0, 14], "uv_size": [8.875, 1.75]},
								"down": {"uv": [9, 15.75], "uv_size": [8.875, -1.75]}
							}
						},
						{
							"origin": [-9.16466, 2.53704, -3.1908],
							"size": [8.92945, 0.19541, 1.72196],
							"pivot": [-9.16467, 2.73245, -1.46884],
							"rotation": [0, -10, 2.5],
							"uv": {
								"north": {"uv": [37, 30], "uv_size": [8.875, 0.25]},
								"east": {"uv": [43, 47], "uv_size": [1.75, 0.25]},
								"south": {"uv": [37, 31], "uv_size": [8.875, 0.25]},
								"west": {"uv": [47, 43], "uv_size": [1.75, 0.25]},
								"up": {"uv": [18, 6], "uv_size": [8.875, 1.75]},
								"down": {"uv": [18, 9.75], "uv_size": [8.875, -1.75]}
							}
						},
						{
							"origin": [-5.05236, 2.42186, -8.6908],
							"size": [3.92945, 0.35, 1.72196],
							"pivot": [-9.30237, 2.73245, -1.46884],
							"rotation": [0, -60, 2.5],
							"uv": {
								"north": {"uv": [28, 41], "uv_size": [3.875, 0.375]},
								"east": {"uv": [12, 46], "uv_size": [1.75, 0.375]},
								"south": {"uv": [32, 41], "uv_size": [3.875, 0.375]},
								"west": {"uv": [14, 46], "uv_size": [1.75, 0.375]},
								"up": {"uv": [20, 25], "uv_size": [3.875, 1.75]},
								"down": {"uv": [25, 23.75], "uv_size": [3.875, -1.75]}
							}
						},
						{
							"origin": [1.18155, 2.42186, -8.6908],
							"size": [3.92945, 0.35, 1.72196],
							"pivot": [9.36101, 2.73245, -1.46884],
							"rotation": [0, 60, -2.5],
							"uv": {
								"north": {"uv": [41, 32], "uv_size": [3.875, 0.375]},
								"east": {"uv": [46, 14], "uv_size": [1.75, 0.375]},
								"south": {"uv": [41, 33], "uv_size": [3.875, 0.375]},
								"west": {"uv": [46, 15], "uv_size": [1.75, 0.375]},
								"up": {"uv": [25, 24], "uv_size": [3.875, 1.75]},
								"down": {"uv": [25, 27.75], "uv_size": [3.875, -1.75]}
							}
						},
						{
							"origin": [0.1774, 2.53704, -4.4408],
							"size": [8.92945, 0.19541, 1.72196],
							"pivot": [9.10685, 2.73245, -4.42509],
							"rotation": [0, -5, -2.5],
							"uv": {
								"north": {"uv": [37, 17], "uv_size": [8.875, 0.25]},
								"east": {"uv": [47, 29], "uv_size": [1.75, 0.25]},
								"south": {"uv": [37, 18], "uv_size": [8.875, 0.25]},
								"west": {"uv": [30, 47], "uv_size": [1.75, 0.25]},
								"up": {"uv": [0, 16], "uv_size": [8.875, 1.75]},
								"down": {"uv": [9, 17.75], "uv_size": [8.875, -1.75]}
							}
						},
						{
							"origin": [-9.04821, 2.53704, -4.4408],
							"size": [8.92945, 0.19541, 1.72196],
							"pivot": [-9.04821, 2.73245, -4.42509],
							"rotation": [0, 5, 2.5],
							"uv": {
								"north": {"uv": [37, 19], "uv_size": [8.875, 0.25]},
								"east": {"uv": [47, 36], "uv_size": [1.75, 0.25]},
								"south": {"uv": [37, 27], "uv_size": [8.875, 0.25]},
								"west": {"uv": [47, 38], "uv_size": [1.75, 0.25]},
								"up": {"uv": [0, 18], "uv_size": [8.875, 1.75]},
								"down": {"uv": [18, 1.75], "uv_size": [8.875, -1.75]}
							}
						},
						{
							"origin": [-3.55081, 2.3848, 5.16096],
							"size": [2.75, 0.25, 1.15],
							"pivot": [-0.80081, 1.6348, 5.16096],
							"rotation": [0, 22.5, 0],
							"uv": {
								"north": {"uv": [39, 45], "uv_size": [2.75, 0.25]},
								"east": {"uv": [49, 8], "uv_size": [1.125, 0.25]},
								"south": {"uv": [45, 41], "uv_size": [2.75, 0.25]},
								"west": {"uv": [49, 9], "uv_size": [1.125, 0.25]},
								"up": {"uv": [12, 34], "uv_size": [2.75, 1.125]},
								"down": {"uv": [34, 15.125], "uv_size": [2.75, -1.125]}
							}
						},
						{
							"origin": [0.70781, 2.3848, 5.16096],
							"size": [2.75, 0.25, 1.15],
							"pivot": [0.70781, 1.6348, 5.16096],
							"rotation": [0, -22.5, 0],
							"uv": {
								"north": {"uv": [42, 45], "uv_size": [2.75, 0.25]},
								"east": {"uv": [49, 10], "uv_size": [1.125, 0.25]},
								"south": {"uv": [45, 42], "uv_size": [2.75, 0.25]},
								"west": {"uv": [11, 49], "uv_size": [1.125, 0.25]},
								"up": {"uv": [16, 34], "uv_size": [2.75, 1.125]},
								"down": {"uv": [33, 35.125], "uv_size": [2.75, -1.125]}
							}
						},
						{
							"origin": [-3.31346, 2.3848, 6.272],
							"size": [6.6, 0.25, 1.5],
							"uv": {
								"north": {"uv": [33, 40], "uv_size": [6.625, 0.25]},
								"east": {"uv": [48, 12], "uv_size": [1.5, 0.25]},
								"south": {"uv": [40, 40], "uv_size": [6.625, 0.25]},
								"west": {"uv": [48, 13], "uv_size": [1.5, 0.25]},
								"up": {"uv": [20, 20], "uv_size": [6.625, 1.5]},
								"down": {"uv": [0, 23.5], "uv_size": [6.625, -1.5]}
							}
						},
						{
							"origin": [6.34552, 2.17186, -4.29609],
							"size": [2.8, 0.3, 2.8],
							"pivot": [3.09864, 2.1724, -2.73359],
							"rotation": [0, 0, -2.5],
							"uv": {
								"north": {"uv": [45, 1], "uv_size": [3.375, 0.25]},
								"east": {"uv": [45, 33], "uv_size": [2.875, 0.25]},
								"south": {"uv": [45, 2], "uv_size": [3.375, 0.25]},
								"west": {"uv": [45, 35], "uv_size": [2.875, 0.25]},
								"up": {"uv": [7.25, 22], "uv_size": [2.625, 2.875]},
								"down": {"uv": [7.25, 24.875], "uv_size": [2.625, -2.875]}
							}
						},
						{
							"origin": [-9.08688, 2.17186, -4.29609],
							"size": [2.8, 0.3, 2.8],
							"pivot": [-3.04, 2.1724, -2.73359],
							"rotation": [0, 0, 2.5],
							"uv": {
								"north": {"uv": [48.375, 1], "uv_size": [-3.375, 0.25]},
								"east": {"uv": [47.875, 35], "uv_size": [-2.875, 0.25]},
								"south": {"uv": [48.375, 2], "uv_size": [-3.375, 0.25]},
								"west": {"uv": [47.875, 33], "uv_size": [-2.875, 0.25]},
								"up": {"uv": [9.875, 22], "uv_size": [-2.625, 2.875]},
								"down": {"uv": [9.875, 24.875], "uv_size": [-2.625, -2.875]}
							}
						},
						{
							"origin": [-0.49325, 2.36496, -2.02765],
							"size": [1, 1.34375, 0.21875],
							"pivot": [-0.087, 3.24978, -1.63781],
							"rotation": [-10, 0, 0],
							"uv": {
								"north": {"uv": [17, 41], "uv_size": [1, 1.375]},
								"east": {"uv": [13, 48], "uv_size": [0.25, 1.375]},
								"south": {"uv": [40, 41], "uv_size": [1, 1.375]},
								"west": {"uv": [16, 48], "uv_size": [0.25, 1.375]},
								"up": {"uv": [49, 23], "uv_size": [1, 0.25]},
								"down": {"uv": [24, 49.25], "uv_size": [1, -0.25]}
							}
						},
						{
							"origin": [-0.49325, 2.36496, -0.52765],
							"size": [1, 1.34375, 0.21875],
							"pivot": [-0.087, 3.24978, -0.13781],
							"rotation": [-10, 0, 0],
							"uv": {
								"north": {"uv": [41, 41], "uv_size": [1, 1.375]},
								"east": {"uv": [20, 48], "uv_size": [0.25, 1.375]},
								"south": {"uv": [42, 0], "uv_size": [1, 1.375]},
								"west": {"uv": [48, 20], "uv_size": [0.25, 1.375]},
								"up": {"uv": [31, 49], "uv_size": [1, 0.25]},
								"down": {"uv": [49, 32.25], "uv_size": [1, -0.25]}
							}
						},
						{
							"origin": [-0.49325, 2.60635, -2.97116],
							"size": [1, 0.25, 0.96875],
							"uv": {
								"north": {"uv": [49, 24], "uv_size": [1, 0.25]},
								"east": {"uv": [25, 49], "uv_size": [1, 0.25]},
								"south": {"uv": [49, 25], "uv_size": [1, 0.25]},
								"west": {"uv": [26, 49], "uv_size": [1, 0.25]},
								"up": {"uv": [9, 33], "uv_size": [1, 1]},
								"down": {"uv": [14, 34], "uv_size": [1, -1]}
							}
						},
						{
							"origin": [-0.49325, 2.60635, -1.47116],
							"size": [1, 0.25, 0.96875],
							"uv": {
								"north": {"uv": [49, 33], "uv_size": [1, 0.25]},
								"east": {"uv": [34, 49], "uv_size": [1, 0.25]},
								"south": {"uv": [35, 49], "uv_size": [1, 0.25]},
								"west": {"uv": [36, 49], "uv_size": [1, 0.25]},
								"up": {"uv": [44, 2], "uv_size": [1, 1]},
								"down": {"uv": [3, 45], "uv_size": [1, -1]}
							}
						}
					]
				},
				{
					"name": "LeftLandingGear",
					"parent": "Plane",
					"pivot": [2.03453, 1.89456, -4.9037],
					"cubes": [
						{
							"origin": [1.88453, -0.55867, -4.39811],
							"size": [0.3, 2.54254, 0.5],
							"pivot": [2.03453, 0.4626, -4.14811],
							"rotation": [0, 0, -7.5],
							"uv": {
								"north": {"uv": [17, 46], "uv_size": [0.25, 2.5]},
								"east": {"uv": [43, 0], "uv_size": [0.5, 2.5]},
								"south": {"uv": [46, 17], "uv_size": [0.25, 2.5]},
								"west": {"uv": [43, 3], "uv_size": [0.5, 2.5]},
								"up": {"uv": [51, 38], "uv_size": [0.25, 0.5]},
								"down": {"uv": [39, 51.5], "uv_size": [0.25, -0.5]}
							}
						}
					]
				},
				{
					"name": "WheelGuard",
					"parent": "LeftLandingGear",
					"pivot": [2.02928, -0.35469, -4.59809],
					"rotation": [0.07019, -12.6562, 89.97889],
					"cubes": [
						{
							"origin": [1.68068, -0.62944, -4.38212],
							"size": [0.86, 0.64, 0.39],
							"pivot": [1.51049, 0.01056, -3.99212],
							"rotation": [0, -65, 0],
							"uv": {
								"north": {"uv": [30, 46], "uv_size": [0.875, 0.625]},
								"east": {"uv": [45, 49], "uv_size": [0.375, 0.625]},
								"south": {"uv": [46, 30], "uv_size": [0.875, 0.625]},
								"west": {"uv": [49, 45], "uv_size": [0.375, 0.625]},
								"up": {"uv": [26, 48], "uv_size": [0.875, 0.375]},
								"down": {"uv": [48, 26.375], "uv_size": [0.875, -0.375]}
							}
						},
						{
							"origin": [1.95732, -0.62944, -4.74297],
							"size": [0.53019, 0.64, 1.7],
							"uv": {
								"north": {"uv": [48, 41], "uv_size": [0.5, 0.625]},
								"east": {"uv": [43, 7], "uv_size": [1.75, 0.625]},
								"south": {"uv": [42, 48], "uv_size": [0.5, 0.625]},
								"west": {"uv": [37, 43], "uv_size": [1.75, 0.625]},
								"up": {"uv": [28, 44], "uv_size": [0.5, 1.75]},
								"down": {"uv": [29, 45.75], "uv_size": [0.5, -1.75]}
							}
						},
						{
							"origin": [1.92932, -0.51202, -4.59259],
							"size": [0.8, 0.4, 0.8],
							"uv": {
								"north": {"uv": [9, 49], "uv_size": [0.75, 0.375]},
								"east": {"uv": [49, 11], "uv_size": [0.75, 0.375]},
								"south": {"uv": [17, 49], "uv_size": [0.75, 0.375]},
								"west": {"uv": [49, 17], "uv_size": [0.75, 0.375]},
								"up": {"uv": [28, 46], "uv_size": [0.75, 0.75]},
								"down": {"uv": [46, 28.75], "uv_size": [0.75, -0.75]}
							}
						},
						{
							"origin": [1.58242, -0.62944, -4.36807],
							"size": [0.64, 0.64, 0.53019],
							"pivot": [2.22242, -5.42944, -4.10297],
							"rotation": [0, -45, 0],
							"uv": {
								"north": {"uv": [36, 47], "uv_size": [0.625, 0.625]},
								"east": {"uv": [48, 42], "uv_size": [0.5, 0.625]},
								"south": {"uv": [47, 44], "uv_size": [0.625, 0.625]},
								"west": {"uv": [43, 48], "uv_size": [0.5, 0.625]},
								"up": {"uv": [44, 48], "uv_size": [0.625, 0.5]},
								"down": {"uv": [48, 44.5], "uv_size": [0.625, -0.5]}
							}
						},
						{
							"origin": [1.58242, -0.62944, -4.36807],
							"size": [0.64, 0.64, 0.53019],
							"uv": {
								"north": {"uv": [45, 47], "uv_size": [0.625, 0.625]},
								"east": {"uv": [45, 48], "uv_size": [0.5, 0.625]},
								"south": {"uv": [47, 45], "uv_size": [0.625, 0.625]},
								"west": {"uv": [48, 45], "uv_size": [0.5, 0.625]},
								"up": {"uv": [46, 48], "uv_size": [0.625, 0.5]},
								"down": {"uv": [48, 46.5], "uv_size": [0.625, -0.5]}
							}
						}
					]
				},
				{
					"name": "RightLandingGear",
					"parent": "Plane",
					"pivot": [-1.97589, 1.89456, -4.9037],
					"cubes": [
						{
							"origin": [-2.12589, -0.55867, -4.39811],
							"size": [0.3, 2.54254, 0.5],
							"pivot": [-1.97589, 0.4626, -4.14811],
							"rotation": [0, 0, 7.5],
							"uv": {
								"north": {"uv": [18, 46], "uv_size": [0.25, 2.5]},
								"east": {"uv": [17, 43], "uv_size": [0.5, 2.5]},
								"south": {"uv": [19, 46], "uv_size": [0.25, 2.5]},
								"west": {"uv": [18, 43], "uv_size": [0.5, 2.5]},
								"up": {"uv": [51, 39], "uv_size": [0.25, 0.5]},
								"down": {"uv": [40, 51.5], "uv_size": [0.25, -0.5]}
							}
						}
					]
				},
				{
					"name": "WheelGuard2",
					"parent": "RightLandingGear",
					"pivot": [-1.97064, -0.35469, -4.59809],
					"rotation": [0.07019, 12.6562, -89.97889],
					"cubes": [
						{
							"origin": [-2.81076, -0.62944, -3.8681],
							"size": [0.86, 0.64, 0.64],
							"pivot": [-2.21585, -5.42944, -3.8681],
							"rotation": [0, 65, 0],
							"uv": {
								"north": {"uv": [31, 46], "uv_size": [0.875, 0.625]},
								"east": {"uv": [46, 47], "uv_size": [0.625, 0.625]},
								"south": {"uv": [46, 31], "uv_size": [0.875, 0.625]},
								"west": {"uv": [47, 46], "uv_size": [0.625, 0.625]},
								"up": {"uv": [32, 46], "uv_size": [0.875, 0.625]},
								"down": {"uv": [33, 46.625], "uv_size": [0.875, -0.625]}
							}
						},
						{
							"origin": [-2.42888, -0.62944, -4.74297],
							"size": [0.53019, 0.64, 1.7],
							"uv": {
								"north": {"uv": [47, 48], "uv_size": [0.5, 0.625]},
								"east": {"uv": [39, 43], "uv_size": [1.75, 0.625]},
								"south": {"uv": [48, 47], "uv_size": [0.5, 0.625]},
								"west": {"uv": [43, 41], "uv_size": [1.75, 0.625]},
								"up": {"uv": [37, 44], "uv_size": [0.5, 1.75]},
								"down": {"uv": [38, 45.75], "uv_size": [0.5, -1.75]}
							}
						},
						{
							"origin": [-2.67358, -0.51209, -4.53015],
							"size": [0.8, 0.4, 0.8],
							"uv": {
								"north": {"uv": [18, 49], "uv_size": [0.75, 0.375]},
								"east": {"uv": [49, 18], "uv_size": [0.75, 0.375]},
								"south": {"uv": [19, 49], "uv_size": [0.75, 0.375]},
								"west": {"uv": [49, 19], "uv_size": [0.75, 0.375]},
								"up": {"uv": [29, 46], "uv_size": [0.75, 0.75]},
								"down": {"uv": [46, 29.75], "uv_size": [0.75, -0.75]}
							}
						},
						{
							"origin": [-2.16378, -0.62944, -4.36807],
							"size": [0.64, 0.64, 0.53019],
							"pivot": [-2.16378, -5.42944, -4.10297],
							"rotation": [0, 45, 0],
							"uv": {
								"north": {"uv": [47, 47], "uv_size": [0.625, 0.625]},
								"east": {"uv": [48, 48], "uv_size": [0.5, 0.625]},
								"south": {"uv": [1, 48], "uv_size": [0.625, 0.625]},
								"west": {"uv": [0, 49], "uv_size": [0.5, 0.625]},
								"up": {"uv": [49, 0], "uv_size": [0.625, 0.5]},
								"down": {"uv": [1, 49.5], "uv_size": [0.625, -0.5]}
							}
						},
						{
							"origin": [-2.16378, -0.62944, -4.36807],
							"size": [0.64, 0.64, 0.53019],
							"uv": {
								"north": {"uv": [2, 48], "uv_size": [0.625, 0.625]},
								"east": {"uv": [49, 1], "uv_size": [0.5, 0.625]},
								"south": {"uv": [48, 6], "uv_size": [0.625, 0.625]},
								"west": {"uv": [2, 49], "uv_size": [0.5, 0.625]},
								"up": {"uv": [49, 2], "uv_size": [0.625, 0.5]},
								"down": {"uv": [3, 49.5], "uv_size": [0.625, -0.5]}
							}
						}
					]
				},
				{
					"name": "Propellers",
					"parent": "Plane",
					"pivot": [-0.03953, 2.20535, -7.69121],
					"cubes": [
						{
							"origin": [-0.33953, 1.8256, -7.63984],
							"size": [0.6, 0.6, 1.5625],
							"uv": {
								"north": {"uv": [48, 7], "uv_size": [0.625, 0.625]},
								"east": {"uv": [43, 42], "uv_size": [1.625, 0.625]},
								"south": {"uv": [8, 48], "uv_size": [0.625, 0.625]},
								"west": {"uv": [43, 43], "uv_size": [1.625, 0.625]},
								"up": {"uv": [41, 43], "uv_size": [0.625, 1.625]},
								"down": {"uv": [44, 1.625], "uv_size": [0.625, -1.625]}
							}
						},
						{
							"origin": [-0.68713, 2.1256, -7.35859],
							"size": [0.6, 2, 0.1],
							"pivot": [-0.31497, 2.44626, -7.21726],
							"rotation": [0, 0, -45],
							"uv": {
								"north": {"uv": [43, 12], "uv_size": [0.625, 2]},
								"east": {"uv": [49, 26], "uv_size": [0.125, 2]},
								"south": {"uv": [22, 43], "uv_size": [0.625, 2]},
								"west": {"uv": [27, 49], "uv_size": [0.125, 2]},
								"up": {"uv": [52, 9], "uv_size": [0.625, 0.125]},
								"down": {"uv": [52, 10.125], "uv_size": [0.625, -0.125]}
							}
						},
						{
							"origin": [0.00807, 2.1256, -7.35859],
							"size": [0.6, 2, 0.1],
							"pivot": [0.23591, 2.44626, -7.21726],
							"rotation": [0, 0, 45],
							"uv": {
								"north": {"uv": [23, 43], "uv_size": [0.625, 2]},
								"east": {"uv": [28, 49], "uv_size": [0.125, 2]},
								"south": {"uv": [24, 43], "uv_size": [0.625, 2]},
								"west": {"uv": [49, 28], "uv_size": [0.125, 2]},
								"up": {"uv": [52, 11], "uv_size": [0.625, 0.125]},
								"down": {"uv": [12, 52.125], "uv_size": [0.625, -0.125]}
							}
						},
						{
							"origin": [-0.33953, 0.1256, -7.35859],
							"size": [0.6, 2, 0.1],
							"uv": {
								"north": {"uv": [25, 43], "uv_size": [0.625, 2]},
								"east": {"uv": [29, 49], "uv_size": [0.125, 2]},
								"south": {"uv": [26, 43], "uv_size": [0.625, 2]},
								"west": {"uv": [30, 49], "uv_size": [0.125, 2]},
								"up": {"uv": [52, 12], "uv_size": [0.625, 0.125]},
								"down": {"uv": [13, 52.125], "uv_size": [0.625, -0.125]}
							}
						}
					]
				}
			]
		}
	]
}