{
	"format_version": "1.12.0",
	"minecraft:geometry": [
		{
			"description": {
				"identifier": "geometry.bomb",
				"texture_width": 16,
				"texture_height": 16,
				"visible_bounds_width": 2,
				"visible_bounds_height": 1.5,
				"visible_bounds_offset": [0, 0.25, 0]
			},
			"bones": [
				{
					"name": "bb_main",
					"pivot": [0, 0, 0],
					"cubes": [
						{"origin": [-1.25, -1.25, -2.875], "size": [2.5, 2.5, 4.75], "uv": [0, 0]},
						{"origin": [-1.25, -1.25, 4.875], "size": [0.25, 2.5, 1.25], "uv": [5, 6]},
						{"origin": [-0.125, -1.5, 4.875], "size": [0.25, 3, 1.25], "pivot": [0, 0, 5.5], "rotation": [0, 0, 45], "uv": [2, 0]},
						{"origin": [-0.125, -1.5, 4.875], "size": [0.25, 3, 1.25], "pivot": [0, 0, 5.5], "rotation": [0, 0, -45], "uv": [0, 0]},
						{"origin": [1, -1.25, 4.875], "size": [0.25, 2.5, 1.25], "uv": [0, 5]},
						{"origin": [-1, 1, 4.875], "size": [2, 0.25, 1.25], "uv": [8, 6]},
						{"origin": [-1, -1.25, 4.875], "size": [2, 0.25, 1.25], "uv": [4, 6]},
						{"origin": [-0.75, -0.75, -4.125], "size": [1.5, 1.5, 1.25], "uv": [12, 12]},
						{"origin": [-0.75, -0.77169, 3.68067], "size": [1.5, 1.5, 1.25], "uv": [10, 7]},
						{"origin": [-0.75, -0.75, -4.125], "size": [1.5, 1.5, 1.35], "pivot": [0.75, 0.75, -4.125], "rotation": [22.5, 0, 0], "uv": [12, 10]},
						{"origin": [-0.75, -0.23338, 1.87776], "size": [1.5, 1.5, 3.1], "pivot": [0.75, 1.26662, 1.87776], "rotation": [-10, 0, 0], "uv": [5, 7]},
						{"origin": [-0.75, -1.26662, 1.87776], "size": [1.5, 1.5, 3.1], "pivot": [0.75, -1.26662, 1.87776], "rotation": [10, 0, 0], "uv": [0, 6]},
						{"origin": [-0.75, -0.75, -4.125], "size": [1.5, 1.5, 1.35], "pivot": [0.75, 0.75, -4.125], "rotation": [0, 22.5, 0], "uv": [9, 11]},
						{"origin": [-0.75, -0.75, -4.125], "size": [1.5, 1.5, 1.35], "pivot": [-0.75, 0.75, -4.125], "rotation": [0, -22.5, 0], "uv": [5, 11]},
						{"origin": [-1.26662, -0.75, 1.87776], "size": [1, 1.5, 3.1], "pivot": [-1.26662, 0.75, 1.87776], "rotation": [0, 10, 0], "uv": [0, 10]},
						{"origin": [0.26662, -0.75, 1.87776], "size": [1, 1.5, 3.1], "pivot": [1.26662, 0.75, 1.87776], "rotation": [0, -10, 0], "uv": [8, 0]},
						{"origin": [-0.75, -0.75, -4.125], "size": [1.5, 1.5, 1.35], "pivot": [0.75, -0.75, -4.125], "rotation": [-22.5, 0, 0], "uv": [12, 4]}
					]
				}
			]
		}
	]
}