{
	"format_version": "1.12.0",
	"minecraft:geometry": [
		{
			"description": {
				"identifier": "geometry.browning_machine_gun",
				"texture_width": 32,
				"texture_height": 32,
				"visible_bounds_width": 2,
				"visible_bounds_height": 1.5,
				"visible_bounds_offset": [0, 0.25, 0]
			},
			"bones": [
				{
					"name": "Gun",
					"pivot": [0, 1.75, 0.25],
					"rotation": [0, 0, 0],
					"cubes": [
						{
							"origin": [-0.4, 1.8961, -0.52799],
							"size": [0.8, 1.4, 4.75],
							"uv": {
								"north": {"uv": [0, 14], "uv_size": [0.75, 1.5]},
								"east": {"uv": [0, 0], "uv_size": [4.75, 1.5]},
								"south": {"uv": [1, 14], "uv_size": [0.75, 1.5]},
								"west": {"uv": [0, 2], "uv_size": [4.75, 1.5]},
								"up": {"uv": [0, 4], "uv_size": [0.75, 4.75]},
								"down": {"uv": [1, 8.75], "uv_size": [0.75, -4.75]}
							}
						},
						{
							"origin": [0.1, 3.19611, -0.27799],
							"size": [0.1, 0.3, 0.2],
							"uv": {
								"north": {"uv": [21, 6], "uv_size": [0.25, 0.25]},
								"east": {"uv": [7, 21], "uv_size": [0.25, 0.25]},
								"south": {"uv": [21, 7], "uv_size": [0.25, 0.25]},
								"west": {"uv": [8, 21], "uv_size": [0.25, 0.25]},
								"up": {"uv": [21, 8], "uv_size": [0.25, 0.25]},
								"down": {"uv": [9, 21.25], "uv_size": [0.25, -0.25]}
							}
						},
						{
							"origin": [0.1, 3.19611, 3.72201],
							"size": [0.1, 0.3, 0.2],
							"uv": {
								"north": {"uv": [21, 9], "uv_size": [0.25, 0.25]},
								"east": {"uv": [10, 21], "uv_size": [0.25, 0.25]},
								"south": {"uv": [21, 10], "uv_size": [0.25, 0.25]},
								"west": {"uv": [11, 21], "uv_size": [0.25, 0.25]},
								"up": {"uv": [21, 11], "uv_size": [0.25, 0.25]},
								"down": {"uv": [12, 21.25], "uv_size": [0.25, -0.25]}
							}
						},
						{
							"origin": [-2.61354, 2.33071, -0.27799],
							"size": [0.1, 0.1, 0.2],
							"pivot": [0, 0, 0],
							"rotation": [0, 0, 45],
							"uv": {
								"north": {"uv": [21, 12], "uv_size": [0.25, 0.25]},
								"east": {"uv": [13, 21], "uv_size": [0.25, 0.25]},
								"south": {"uv": [21, 13], "uv_size": [0.25, 0.25]},
								"west": {"uv": [14, 21], "uv_size": [0.25, 0.25]},
								"up": {"uv": [21, 14], "uv_size": [0.25, 0.25]},
								"down": {"uv": [15, 21.25], "uv_size": [0.25, -0.25]}
							}
						},
						{
							"origin": [-2.61354, 2.33071, 3.72201],
							"size": [0.1, 0.1, 0.2],
							"pivot": [0, 0, 0],
							"rotation": [0, 0, 45],
							"uv": {
								"north": {"uv": [21, 15], "uv_size": [0.25, 0.25]},
								"east": {"uv": [16, 21], "uv_size": [0.25, 0.25]},
								"south": {"uv": [21, 16], "uv_size": [0.25, 0.25]},
								"west": {"uv": [17, 21], "uv_size": [0.25, 0.25]},
								"up": {"uv": [21, 17], "uv_size": [0.25, 0.25]},
								"down": {"uv": [18, 21.25], "uv_size": [0.25, -0.25]}
							}
						},
						{
							"origin": [-0.12071, 3.46682, -0.27799],
							"size": [0.25, 0.1, 0.2],
							"uv": {
								"north": {"uv": [21, 18], "uv_size": [0.25, 0.25]},
								"east": {"uv": [19, 21], "uv_size": [0.25, 0.25]},
								"south": {"uv": [21, 19], "uv_size": [0.25, 0.25]},
								"west": {"uv": [20, 21], "uv_size": [0.25, 0.25]},
								"up": {"uv": [21, 20], "uv_size": [0.25, 0.25]},
								"down": {"uv": [21, 21.25], "uv_size": [0.25, -0.25]}
							}
						},
						{
							"origin": [-0.12071, 3.46682, 3.72201],
							"size": [0.25, 0.1, 0.2],
							"uv": {
								"north": {"uv": [0, 22], "uv_size": [0.25, 0.25]},
								"east": {"uv": [22, 0], "uv_size": [0.25, 0.25]},
								"south": {"uv": [1, 22], "uv_size": [0.25, 0.25]},
								"west": {"uv": [22, 1], "uv_size": [0.25, 0.25]},
								"up": {"uv": [2, 22], "uv_size": [0.25, 0.25]},
								"down": {"uv": [22, 2.25], "uv_size": [0.25, -0.25]}
							}
						},
						{
							"origin": [2.51354, 2.33071, -0.27799],
							"size": [0.1, 0.1, 0.2],
							"pivot": [0, 0, 0],
							"rotation": [0, 0, -45],
							"uv": {
								"north": {"uv": [3, 22], "uv_size": [0.25, 0.25]},
								"east": {"uv": [22, 3], "uv_size": [0.25, 0.25]},
								"south": {"uv": [4, 22], "uv_size": [0.25, 0.25]},
								"west": {"uv": [22, 4], "uv_size": [0.25, 0.25]},
								"up": {"uv": [5, 22], "uv_size": [0.25, 0.25]},
								"down": {"uv": [22, 5.25], "uv_size": [0.25, -0.25]}
							}
						},
						{
							"origin": [2.51354, 2.33071, 3.72201],
							"size": [0.1, 0.1, 0.2],
							"pivot": [0, 0, 0],
							"rotation": [0, 0, -45],
							"uv": {
								"north": {"uv": [6, 22], "uv_size": [0.25, 0.25]},
								"east": {"uv": [22, 6], "uv_size": [0.25, 0.25]},
								"south": {"uv": [7, 22], "uv_size": [0.25, 0.25]},
								"west": {"uv": [22, 7], "uv_size": [0.25, 0.25]},
								"up": {"uv": [8, 22], "uv_size": [0.25, 0.25]},
								"down": {"uv": [22, 8.25], "uv_size": [0.25, -0.25]}
							}
						},
						{
							"origin": [-0.2, 3.19611, -0.27799],
							"size": [0.1, 0.3, 0.2],
							"uv": {
								"north": {"uv": [9, 22], "uv_size": [0.25, 0.25]},
								"east": {"uv": [22, 9], "uv_size": [0.25, 0.25]},
								"south": {"uv": [10, 22], "uv_size": [0.25, 0.25]},
								"west": {"uv": [22, 10], "uv_size": [0.25, 0.25]},
								"up": {"uv": [11, 22], "uv_size": [0.25, 0.25]},
								"down": {"uv": [22, 11.25], "uv_size": [0.25, -0.25]}
							}
						},
						{
							"origin": [-0.2, 3.19611, 3.72201],
							"size": [0.1, 0.3, 0.2],
							"uv": {
								"north": {"uv": [12, 22], "uv_size": [0.25, 0.25]},
								"east": {"uv": [22, 12], "uv_size": [0.25, 0.25]},
								"south": {"uv": [13, 22], "uv_size": [0.25, 0.25]},
								"west": {"uv": [22, 13], "uv_size": [0.25, 0.25]},
								"up": {"uv": [14, 22], "uv_size": [0.25, 0.25]},
								"down": {"uv": [22, 14.25], "uv_size": [0.25, -0.25]}
							}
						},
						{
							"origin": [-0.7, 2, 4.5],
							"size": [0.2, 1, 0.2],
							"uv": {
								"north": {"uv": [18, 16], "uv_size": [0.25, 1]},
								"east": {"uv": [17, 18], "uv_size": [0.25, 1]},
								"south": {"uv": [18, 17], "uv_size": [0.25, 1]},
								"west": {"uv": [18, 18], "uv_size": [0.25, 1]},
								"up": {"uv": [15, 22], "uv_size": [0.25, 0.25]},
								"down": {"uv": [22, 15.25], "uv_size": [0.25, -0.25]}
							}
						},
						{
							"origin": [0.5, 2, 4.5],
							"size": [0.2, 1, 0.2],
							"uv": {
								"north": {"uv": [0, 19], "uv_size": [0.25, 1]},
								"east": {"uv": [19, 0], "uv_size": [0.25, 1]},
								"south": {"uv": [1, 19], "uv_size": [0.25, 1]},
								"west": {"uv": [19, 1], "uv_size": [0.25, 1]},
								"up": {"uv": [16, 22], "uv_size": [0.25, 0.25]},
								"down": {"uv": [22, 16.25], "uv_size": [0.25, -0.25]}
							}
						},
						{
							"origin": [-2.20769, 2.1, 3.38769],
							"size": [0.2, 0.1, 0.7],
							"pivot": [0, 0, 0],
							"rotation": [0, 35, 0],
							"uv": {
								"north": {"uv": [17, 22], "uv_size": [0.25, 0.25]},
								"east": {"uv": [2, 20], "uv_size": [0.75, 0.25]},
								"south": {"uv": [22, 17], "uv_size": [0.25, 0.25]},
								"west": {"uv": [20, 2], "uv_size": [0.75, 0.25]},
								"up": {"uv": [3, 20], "uv_size": [0.25, 0.75]},
								"down": {"uv": [20, 3.75], "uv_size": [0.25, -0.75]}
							}
						},
						{
							"origin": [2.00769, 2.1, 3.38769],
							"size": [0.2, 0.1, 0.7],
							"pivot": [0, 0, 0],
							"rotation": [0, -35, 0],
							"uv": {
								"north": {"uv": [18, 22], "uv_size": [0.25, 0.25]},
								"east": {"uv": [4, 20], "uv_size": [0.75, 0.25]},
								"south": {"uv": [22, 18], "uv_size": [0.25, 0.25]},
								"west": {"uv": [20, 4], "uv_size": [0.75, 0.25]},
								"up": {"uv": [5, 20], "uv_size": [0.25, 0.75]},
								"down": {"uv": [20, 5.75], "uv_size": [0.25, -0.75]}
							}
						},
						{
							"origin": [-2.20769, 2.8, 3.38769],
							"size": [0.2, 0.1, 0.7],
							"pivot": [0, 0, 0],
							"rotation": [0, 35, 0],
							"uv": {
								"north": {"uv": [19, 22], "uv_size": [0.25, 0.25]},
								"east": {"uv": [6, 20], "uv_size": [0.75, 0.25]},
								"south": {"uv": [22, 19], "uv_size": [0.25, 0.25]},
								"west": {"uv": [20, 6], "uv_size": [0.75, 0.25]},
								"up": {"uv": [7, 20], "uv_size": [0.25, 0.75]},
								"down": {"uv": [20, 7.75], "uv_size": [0.25, -0.75]}
							}
						},
						{
							"origin": [2.00769, 2.8, 3.38769],
							"size": [0.2, 0.1, 0.7],
							"pivot": [0, 0, 0],
							"rotation": [0, -35, 0],
							"uv": {
								"north": {"uv": [20, 22], "uv_size": [0.25, 0.25]},
								"east": {"uv": [8, 20], "uv_size": [0.75, 0.25]},
								"south": {"uv": [22, 20], "uv_size": [0.25, 0.25]},
								"west": {"uv": [20, 8], "uv_size": [0.75, 0.25]},
								"up": {"uv": [9, 20], "uv_size": [0.25, 0.75]},
								"down": {"uv": [20, 9.75], "uv_size": [0.25, -0.75]}
							}
						},
						{
							"origin": [-0.2, 2.5, 4],
							"size": [0.4, 0.4, 0.5],
							"uv": {
								"north": {"uv": [13, 19], "uv_size": [0.5, 0.5]},
								"east": {"uv": [14, 19], "uv_size": [0.5, 0.5]},
								"south": {"uv": [19, 14], "uv_size": [0.5, 0.5]},
								"west": {"uv": [15, 19], "uv_size": [0.5, 0.5]},
								"up": {"uv": [19, 15], "uv_size": [0.5, 0.5]},
								"down": {"uv": [16, 19.5], "uv_size": [0.5, -0.5]}
							}
						},
						{
							"origin": [-0.15, 2.55, 4.5],
							"size": [0.3, 0.3, 0.1],
							"uv": {
								"north": {"uv": [22, 22], "uv_size": [0.25, 0.25]},
								"east": {"uv": [0, 23], "uv_size": [0.25, 0.25]},
								"south": {"uv": [23, 0], "uv_size": [0.25, 0.25]},
								"west": {"uv": [1, 23], "uv_size": [0.25, 0.25]},
								"up": {"uv": [23, 1], "uv_size": [0.25, 0.25]},
								"down": {"uv": [2, 23.25], "uv_size": [0.25, -0.25]}
							}
						}
					]
				},
				{
					"name": "Bolt",
					"parent": "Gun",
					"pivot": [-0.625, 2.95, 2.85],
					"cubes": [
						{
							"origin": [-1, 2.85, 2.75],
							"size": [0.75, 0.2, 0.2],
							"uv": {
								"north": {"uv": [29.75, 1.25], "uv_size": [0.75, 0.2]},
								"east": {"uv": [29.75, 1.25], "uv_size": [0.2, 0.2]},
								"south": {"uv": [29.75, 1.25], "uv_size": [0.75, 0.2]},
								"west": {"uv": [29.75, 1.25], "uv_size": [0.2, 0.2]},
								"up": {"uv": [30.5, 1.45], "uv_size": [-0.75, -0.2]},
								"down": {"uv": [30.5, 1.45], "uv_size": [-0.75, -0.2]}
							}
						}
					]
				},
				{
					"name": "octagon",
					"parent": "Gun",
					"pivot": [0, 2.5, -0.75],
					"rotation": [0, 90, 0],
					"cubes": [
						{
							"origin": [-0.3116, 2.35157, -1.10834],
							"size": [2.1482, 0.29686, 0.71668],
							"pivot": [0, 2.5, -0.75],
							"rotation": [-45, 0, 0],
							"uv": {
								"north": {"uv": [16, 5], "uv_size": [2.25, 0.25]},
								"east": {"uv": [10, 20], "uv_size": [0.75, 0.25]},
								"south": {"uv": [15, 16], "uv_size": [2.25, 0.25]},
								"west": {"uv": [20, 10], "uv_size": [0.75, 0.25]},
								"up": {"uv": [10, 8], "uv_size": [2.25, 0.75]},
								"down": {"uv": [10, 9.75], "uv_size": [2.25, -0.75]}
							}
						},
						{
							"origin": [-0.3116, 2.35157, -1.10834],
							"size": [2.1482, 0.29686, 0.71668],
							"uv": {
								"north": {"uv": [0, 17], "uv_size": [2.25, 0.25]},
								"east": {"uv": [11, 20], "uv_size": [0.75, 0.25]},
								"south": {"uv": [3, 17], "uv_size": [2.25, 0.25]},
								"west": {"uv": [20, 11], "uv_size": [0.75, 0.25]},
								"up": {"uv": [10, 10], "uv_size": [2.25, 0.75]},
								"down": {"uv": [11, 7.75], "uv_size": [2.25, -0.75]}
							}
						},
						{
							"origin": [-0.3116, 2.14166, -0.89843],
							"size": [2.1482, 0.71668, 0.29686],
							"pivot": [0, 2.5, -0.75],
							"rotation": [-45, 0, 0],
							"uv": {
								"north": {"uv": [10, 11], "uv_size": [2.25, 0.75]},
								"east": {"uv": [12, 20], "uv_size": [0.25, 0.75]},
								"south": {"uv": [10, 12], "uv_size": [2.25, 0.75]},
								"west": {"uv": [20, 12], "uv_size": [0.25, 0.75]},
								"up": {"uv": [17, 7], "uv_size": [2.25, 0.25]},
								"down": {"uv": [17, 13.25], "uv_size": [2.25, -0.25]}
							}
						},
						{
							"origin": [-0.3116, 2.14166, -0.89843],
							"size": [2.1482, 0.71668, 0.29686],
							"uv": {
								"north": {"uv": [13, 0], "uv_size": [2.25, 0.75]},
								"east": {"uv": [13, 20], "uv_size": [0.25, 0.75]},
								"south": {"uv": [13, 1], "uv_size": [2.25, 0.75]},
								"west": {"uv": [20, 13], "uv_size": [0.25, 0.75]},
								"up": {"uv": [15, 17], "uv_size": [2.25, 0.25]},
								"down": {"uv": [0, 18.25], "uv_size": [2.25, -0.25]}
							}
						}
					]
				},
				{
					"name": "octagon2",
					"parent": "Gun",
					"pivot": [0, 2.5, -3.75],
					"rotation": [0, 90, 0],
					"cubes": [
						{
							"origin": [-1.2407, 2.41659, -3.95137],
							"size": [4.87621, 0.16682, 0.40274],
							"pivot": [-0.3456, 2.5, -3.75],
							"rotation": [-45, 0, 0],
							"uv": {
								"north": {"uv": [13, 6], "uv_size": [5, 0.25]},
								"east": {"uv": [16, 20], "uv_size": [0.5, 0.25]},
								"south": {"uv": [7, 13], "uv_size": [5, 0.25]},
								"west": {"uv": [20, 16], "uv_size": [0.5, 0.25]},
								"up": {"uv": [8, 0], "uv_size": [5, 0.5]},
								"down": {"uv": [8, 1.5], "uv_size": [5, -0.5]}
							}
						},
						{
							"origin": [-1.2407, 2.41659, -3.95137],
							"size": [4.87621, 0.16682, 0.40274],
							"uv": {
								"north": {"uv": [13, 8], "uv_size": [5, 0.25]},
								"east": {"uv": [17, 20], "uv_size": [0.5, 0.25]},
								"south": {"uv": [13, 9], "uv_size": [5, 0.25]},
								"west": {"uv": [20, 17], "uv_size": [0.5, 0.25]},
								"up": {"uv": [2, 8], "uv_size": [5, 0.5]},
								"down": {"uv": [8, 2.5], "uv_size": [5, -0.5]}
							}
						},
						{
							"origin": [-1.2407, 2.29863, -3.83341],
							"size": [4.87621, 0.40274, 0.16682],
							"pivot": [-0.3456, 2.5, -3.75],
							"rotation": [-45, 0, 0],
							"uv": {
								"north": {"uv": [8, 3], "uv_size": [5, 0.5]},
								"east": {"uv": [18, 20], "uv_size": [0.25, 0.5]},
								"south": {"uv": [8, 4], "uv_size": [5, 0.5]},
								"west": {"uv": [20, 18], "uv_size": [0.25, 0.5]},
								"up": {"uv": [13, 10], "uv_size": [5, 0.25]},
								"down": {"uv": [13, 11.25], "uv_size": [5, -0.25]}
							}
						},
						{
							"origin": [-1.2407, 2.29863, -3.83341],
							"size": [4.8763, 0.40274, 0.16682],
							"uv": {
								"north": {"uv": [8, 5], "uv_size": [5, 0.5]},
								"east": {"uv": [19, 20], "uv_size": [0.25, 0.5]},
								"south": {"uv": [8, 6], "uv_size": [5, 0.5]},
								"west": {"uv": [20, 19], "uv_size": [0.25, 0.5]},
								"up": {"uv": [12, 13], "uv_size": [5, 0.25]},
								"down": {"uv": [13, 12.25], "uv_size": [5, -0.25]}
							}
						}
					]
				},
				{
					"name": "Ammo",
					"parent": "Gun",
					"pivot": [2.26856, 0.95564, 0.25],
					"cubes": [
						{
							"origin": [0.90186, 0.09556, -0.2],
							"size": [2.25, 1.26, 0.9],
							"uv": {
								"north": {"uv": [2, 4], "uv_size": [2.25, 1.25]},
								"east": {"uv": [4, 12], "uv_size": [1, 1.25]},
								"south": {"uv": [5, 0], "uv_size": [2.25, 1.25]},
								"west": {"uv": [5, 12], "uv_size": [1, 1.25]},
								"up": {"uv": [7, 8], "uv_size": [2.25, 1]},
								"down": {"uv": [8, 8], "uv_size": [2.25, -1]}
							}
						},
						{
							"origin": [3.15186, 0.09556, -0.29],
							"size": [0.09, 1.35, 1.08],
							"uv": {
								"north": {"uv": [7, 18], "uv_size": [0.25, 1.25]},
								"east": {"uv": [13, 4], "uv_size": [1, 1.25]},
								"south": {"uv": [8, 18], "uv_size": [0.25, 1.25]},
								"west": {"uv": [6, 13], "uv_size": [1, 1.25]},
								"up": {"uv": [19, 17], "uv_size": [0.25, 1]},
								"down": {"uv": [18, 20], "uv_size": [0.25, -1]}
							}
						},
						{
							"origin": [0.90186, 0.09556, 0.7],
							"size": [2.25, 1.35, 0.09],
							"uv": {
								"north": {"uv": [5, 2], "uv_size": [2.25, 1.25]},
								"east": {"uv": [18, 8], "uv_size": [0.25, 1.25]},
								"south": {"uv": [5, 4], "uv_size": [2.25, 1.25]},
								"west": {"uv": [9, 18], "uv_size": [0.25, 1.25]},
								"up": {"uv": [16, 1], "uv_size": [2.25, 0.25]},
								"down": {"uv": [16, 2.25], "uv_size": [2.25, -0.25]}
							}
						},
						{
							"origin": [0.90186, 0.09556, -0.29],
							"size": [2.25, 1.35, 0.09],
							"uv": {
								"north": {"uv": [2, 6], "uv_size": [2.25, 1.25]},
								"east": {"uv": [10, 18], "uv_size": [0.25, 1.25]},
								"south": {"uv": [5, 6], "uv_size": [2.25, 1.25]},
								"west": {"uv": [18, 10], "uv_size": [0.25, 1.25]},
								"up": {"uv": [16, 3], "uv_size": [2.25, 0.25]},
								"down": {"uv": [16, 4.25], "uv_size": [2.25, -0.25]}
							}
						},
						{
							"origin": [0.10031, 2.06333, -0.29],
							"size": [2.25, 0.09, 1.08],
							"pivot": [0.45186, -0.80444, 0.25],
							"rotation": [0, 0, 17.5],
							"uv": {
								"north": {"uv": [15, 15], "uv_size": [2.25, 0.25]},
								"east": {"uv": [19, 16], "uv_size": [1, 0.25]},
								"south": {"uv": [16, 0], "uv_size": [2.25, 0.25]},
								"west": {"uv": [17, 19], "uv_size": [1, 0.25]},
								"up": {"uv": [0, 9], "uv_size": [2.25, 1]},
								"down": {"uv": [3, 10], "uv_size": [2.25, -1]}
							}
						}
					]
				},
				{
					"name": "Clip",
					"parent": "Ammo",
					"pivot": [1.26856, 1.20564, 0.5],
					"cubes": [
						{
							"origin": [-0.73144, 1.20564, 0],
							"size": [2, 0.2, 0.75],
							"pivot": [1.26856, 1.20564, -0.25],
							"rotation": [0, 0, 60],
							"uv": {
								"north": {"uv": [0, 16], "uv_size": [2, 0.25]},
								"east": {"uv": [14, 20], "uv_size": [0.75, 0.25]},
								"south": {"uv": [5, 16], "uv_size": [2, 0.25]},
								"west": {"uv": [20, 14], "uv_size": [0.75, 0.25]},
								"up": {"uv": [4, 10], "uv_size": [2, 0.75]},
								"down": {"uv": [4, 11.75], "uv_size": [2, -0.75]}
							}
						}
					]
				},
				{
					"name": "Stand",
					"pivot": [0, 0, 0],
					"cubes": [
						{
							"origin": [-0.42895, -3.65842, 1.37079],
							"size": [0.5, 3.5, 0.5],
							"pivot": [0, 0, 0],
							"rotation": [76.73489, 24.77164, -3.48303],
							"uv": {
								"north": {"uv": [0, 10], "uv_size": [0.5, 3.5]},
								"east": {"uv": [1, 10], "uv_size": [0.5, 3.5]},
								"south": {"uv": [2, 10], "uv_size": [0.5, 3.5]},
								"west": {"uv": [3, 10], "uv_size": [0.5, 3.5]},
								"up": {"uv": [12, 18], "uv_size": [0.5, 0.5]},
								"down": {"uv": [18, 12.5], "uv_size": [0.5, -0.5]}
							}
						},
						{
							"origin": [-0.3, 1.3, 0],
							"size": [0.5, 0.5, 0.5],
							"uv": {
								"north": {"uv": [13, 18], "uv_size": [0.5, 0.5]},
								"east": {"uv": [14, 18], "uv_size": [0.5, 0.5]},
								"south": {"uv": [18, 14], "uv_size": [0.5, 0.5]},
								"west": {"uv": [15, 18], "uv_size": [0.5, 0.5]},
								"up": {"uv": [18, 15], "uv_size": [0.5, 0.5]},
								"down": {"uv": [16, 18.5], "uv_size": [0.5, -0.5]}
							}
						},
						{
							"origin": [-0.5, 1.8, 0],
							"size": [1, 0.1, 0.6],
							"uv": {
								"north": {"uv": [19, 18], "uv_size": [1, 0.25]},
								"east": {"uv": [20, 20], "uv_size": [0.5, 0.25]},
								"south": {"uv": [19, 19], "uv_size": [1, 0.25]},
								"west": {"uv": [0, 21], "uv_size": [0.5, 0.25]},
								"up": {"uv": [5, 15], "uv_size": [1, 0.5]},
								"down": {"uv": [6, 15.5], "uv_size": [1, -0.5]}
							}
						},
						{
							"origin": [0.4, 1.9, 0],
							"size": [0.1, 0.5, 0.6],
							"uv": {
								"north": {"uv": [21, 0], "uv_size": [0.25, 0.5]},
								"east": {"uv": [0, 20], "uv_size": [0.5, 0.5]},
								"south": {"uv": [1, 21], "uv_size": [0.25, 0.5]},
								"west": {"uv": [20, 0], "uv_size": [0.5, 0.5]},
								"up": {"uv": [21, 1], "uv_size": [0.25, 0.5]},
								"down": {"uv": [2, 21.5], "uv_size": [0.25, -0.5]}
							}
						},
						{
							"origin": [-0.5, 1.9, 0],
							"size": [0.1, 0.5, 0.6],
							"uv": {
								"north": {"uv": [21, 2], "uv_size": [0.25, 0.5]},
								"east": {"uv": [1, 20], "uv_size": [0.5, 0.5]},
								"south": {"uv": [3, 21], "uv_size": [0.25, 0.5]},
								"west": {"uv": [20, 1], "uv_size": [0.5, 0.5]},
								"up": {"uv": [21, 3], "uv_size": [0.25, 0.5]},
								"down": {"uv": [4, 21.5], "uv_size": [0.25, -0.5]}
							}
						},
						{
							"origin": [-0.5, 2.4, 0.25],
							"size": [0.1, 0.25, 0.35],
							"pivot": [-0.5, 2.4, 0.6],
							"rotation": [40, 0, 0],
							"uv": {
								"north": {"uv": [23, 2], "uv_size": [0.25, 0.25]},
								"east": {"uv": [3, 23], "uv_size": [0.25, 0.25]},
								"south": {"uv": [23, 3], "uv_size": [0.25, 0.25]},
								"west": {"uv": [4, 23], "uv_size": [0.25, 0.25]},
								"up": {"uv": [23, 4], "uv_size": [0.25, 0.25]},
								"down": {"uv": [5, 23.25], "uv_size": [0.25, -0.25]}
							}
						},
						{
							"origin": [0.4, 2.4, 0.25],
							"size": [0.1, 0.25, 0.35],
							"pivot": [0.5, 2.4, 0.6],
							"rotation": [40, 0, 0],
							"uv": {
								"north": {"uv": [23, 14], "uv_size": [0.25, 0.25]},
								"east": {"uv": [15, 23], "uv_size": [0.25, 0.25]},
								"south": {"uv": [23, 15], "uv_size": [0.25, 0.25]},
								"west": {"uv": [16, 23], "uv_size": [0.25, 0.25]},
								"up": {"uv": [23, 16], "uv_size": [0.25, 0.25]},
								"down": {"uv": [17, 23.25], "uv_size": [0.25, -0.25]}
							}
						},
						{
							"origin": [-0.5, 2.4, 0],
							"size": [0.1, 0.25, 0.35],
							"pivot": [-0.5, 2.4, 0],
							"rotation": [-40, 0, 0],
							"uv": {
								"north": {"uv": [23, 5], "uv_size": [0.25, 0.25]},
								"east": {"uv": [6, 23], "uv_size": [0.25, 0.25]},
								"south": {"uv": [23, 6], "uv_size": [0.25, 0.25]},
								"west": {"uv": [7, 23], "uv_size": [0.25, 0.25]},
								"up": {"uv": [23, 7], "uv_size": [0.25, 0.25]},
								"down": {"uv": [8, 23.25], "uv_size": [0.25, -0.25]}
							}
						},
						{
							"origin": [0.4, 2.4, 0],
							"size": [0.1, 0.25, 0.35],
							"pivot": [0.5, 2.4, 0],
							"rotation": [-40, 0, 0],
							"uv": {
								"north": {"uv": [23, 11], "uv_size": [0.25, 0.25]},
								"east": {"uv": [12, 23], "uv_size": [0.25, 0.25]},
								"south": {"uv": [23, 12], "uv_size": [0.25, 0.25]},
								"west": {"uv": [13, 23], "uv_size": [0.25, 0.25]},
								"up": {"uv": [23, 13], "uv_size": [0.25, 0.25]},
								"down": {"uv": [14, 23.25], "uv_size": [0.25, -0.25]}
							}
						},
						{
							"origin": [-0.5, 2.34151, 0.1593],
							"size": [0.1, 0.25, 0.28],
							"uv": {
								"north": {"uv": [23, 8], "uv_size": [0.25, 0.25]},
								"east": {"uv": [9, 23], "uv_size": [0.25, 0.25]},
								"south": {"uv": [23, 9], "uv_size": [0.25, 0.25]},
								"west": {"uv": [10, 23], "uv_size": [0.25, 0.25]},
								"up": {"uv": [23, 10], "uv_size": [0.25, 0.25]},
								"down": {"uv": [11, 23.25], "uv_size": [0.25, -0.25]}
							}
						},
						{
							"origin": [0.4, 2.34151, 0.1593],
							"size": [0.1, 0.25, 0.28],
							"uv": {
								"north": {"uv": [23, 17], "uv_size": [0.25, 0.25]},
								"east": {"uv": [18, 23], "uv_size": [0.25, 0.25]},
								"south": {"uv": [23, 18], "uv_size": [0.25, 0.25]},
								"west": {"uv": [19, 23], "uv_size": [0.25, 0.25]},
								"up": {"uv": [23, 19], "uv_size": [0.25, 0.25]},
								"down": {"uv": [20, 23.25], "uv_size": [0.25, -0.25]}
							}
						},
						{
							"origin": [2.3, 0, 6],
							"size": [1, 0.2, 1],
							"uv": {
								"north": {"uv": [19, 6], "uv_size": [1, 0.25]},
								"east": {"uv": [19, 8], "uv_size": [1, 0.25]},
								"south": {"uv": [19, 9], "uv_size": [1, 0.25]},
								"west": {"uv": [19, 10], "uv_size": [1, 0.25]},
								"up": {"uv": [4, 14], "uv_size": [1, 1]},
								"down": {"uv": [14, 5], "uv_size": [1, -1]}
							}
						},
						{
							"origin": [-0.3, -0.46756, -1.47447],
							"size": [0.5, 1.5, 0.5],
							"pivot": [0, 0, 0],
							"rotation": [-55, 0, 0],
							"uv": {
								"north": {"uv": [2, 15], "uv_size": [0.5, 1.5]},
								"east": {"uv": [3, 15], "uv_size": [0.5, 1.5]},
								"south": {"uv": [4, 15], "uv_size": [0.5, 1.5]},
								"west": {"uv": [15, 4], "uv_size": [0.5, 1.5]},
								"up": {"uv": [2, 19], "uv_size": [0.5, 0.5]},
								"down": {"uv": [19, 2.5], "uv_size": [0.5, -0.5]}
							}
						},
						{
							"origin": [-0.2, -1.96756, -1.37447],
							"size": [0.3, 1.5, 0.3],
							"pivot": [0, 0, 0],
							"rotation": [-55, 0, 0],
							"uv": {
								"north": {"uv": [6, 17], "uv_size": [0.25, 1.5]},
								"east": {"uv": [3, 18], "uv_size": [0.25, 1.5]},
								"south": {"uv": [4, 18], "uv_size": [0.25, 1.5]},
								"west": {"uv": [5, 18], "uv_size": [0.25, 1.5]},
								"up": {"uv": [21, 22], "uv_size": [0.25, 0.25]},
								"down": {"uv": [22, 21.25], "uv_size": [0.25, -0.25]}
							}
						},
						{
							"origin": [-0.08947, -7.15842, 1.47496],
							"size": [0.3, 3.5, 0.3],
							"pivot": [0, 0, 0],
							"rotation": [76.73489, -24.77164, 3.48303],
							"uv": {
								"north": {"uv": [11, 14], "uv_size": [0.25, 3.5]},
								"east": {"uv": [12, 14], "uv_size": [0.25, 3.5]},
								"south": {"uv": [13, 14], "uv_size": [0.25, 3.5]},
								"west": {"uv": [14, 14], "uv_size": [0.25, 3.5]},
								"up": {"uv": [21, 5], "uv_size": [0.25, 0.25]},
								"down": {"uv": [6, 21.25], "uv_size": [0.25, -0.25]}
							}
						},
						{
							"origin": [-0.5, 0, -2.5],
							"size": [1, 0.2, 1],
							"uv": {
								"north": {"uv": [19, 3], "uv_size": [1, 0.25]},
								"east": {"uv": [19, 4], "uv_size": [1, 0.25]},
								"south": {"uv": [19, 5], "uv_size": [1, 0.25]},
								"west": {"uv": [6, 19], "uv_size": [1, 0.25]},
								"up": {"uv": [2, 14], "uv_size": [1, 1]},
								"down": {"uv": [3, 15], "uv_size": [1, -1]}
							}
						},
						{
							"origin": [-0.31053, -7.15842, 1.47496],
							"size": [0.3, 3.5, 0.3],
							"pivot": [0, 0, 0],
							"rotation": [76.73489, 24.77164, -3.48303],
							"uv": {
								"north": {"uv": [7, 14], "uv_size": [0.25, 3.5]},
								"east": {"uv": [8, 14], "uv_size": [0.25, 3.5]},
								"south": {"uv": [9, 14], "uv_size": [0.25, 3.5]},
								"west": {"uv": [10, 14], "uv_size": [0.25, 3.5]},
								"up": {"uv": [21, 4], "uv_size": [0.25, 0.25]},
								"down": {"uv": [5, 21.25], "uv_size": [0.25, -0.25]}
							}
						},
						{
							"origin": [-0.16168, -3.70052, 1.37447],
							"size": [0.5, 3.5, 0.5],
							"pivot": [0, 0, 0],
							"rotation": [76.73489, -24.77164, 3.48303],
							"uv": {
								"north": {"uv": [6, 9], "uv_size": [0.5, 3.5]},
								"east": {"uv": [7, 9], "uv_size": [0.5, 3.5]},
								"south": {"uv": [8, 9], "uv_size": [0.5, 3.5]},
								"west": {"uv": [9, 9], "uv_size": [0.5, 3.5]},
								"up": {"uv": [18, 6], "uv_size": [0.5, 0.5]},
								"down": {"uv": [11, 18.5], "uv_size": [0.5, -0.5]}
							}
						},
						{
							"origin": [-1.28158, -3.11273, 1.46928],
							"size": [2.5, 0.5, 0.3],
							"pivot": [0, 0, 0],
							"rotation": [77.92331, 0, 0],
							"uv": {
								"north": {"uv": [13, 2], "uv_size": [2.5, 0.5]},
								"east": {"uv": [15, 20], "uv_size": [0.25, 0.5]},
								"south": {"uv": [13, 3], "uv_size": [2.5, 0.5]},
								"west": {"uv": [20, 15], "uv_size": [0.25, 0.5]},
								"up": {"uv": [14, 7], "uv_size": [2.5, 0.25]},
								"down": {"uv": [15, 14.25], "uv_size": [2.5, -0.25]}
							}
						},
						{
							"origin": [-3.5, 0, 6],
							"size": [1, 0.2, 1],
							"uv": {
								"north": {"uv": [11, 19], "uv_size": [1, 0.25]},
								"east": {"uv": [19, 11], "uv_size": [1, 0.25]},
								"south": {"uv": [12, 19], "uv_size": [1, 0.25]},
								"west": {"uv": [19, 12], "uv_size": [1, 0.25]},
								"up": {"uv": [5, 14], "uv_size": [1, 1]},
								"down": {"uv": [14, 6], "uv_size": [1, -1]}
							}
						}
					]
				}
			]
		}
	]
}