{
	"format_version": "1.12.0",
	"minecraft:geometry": [
		{
			"description": {
				"identifier": "geometry.char_b1",
				"texture_width": 64,
				"texture_height": 64,
				"visible_bounds_width": 15,
				"visible_bounds_height": 15,
				"visible_bounds_offset": [0, 0.25, 0]
			},
			"bones": [
				{
					"name": "LeftTrack",
					"pivot": [4.3125, -0.28125, 0],
					"cubes": [
						{
							"origin": [1.5, 0, -3.65625],
							"size": [1.0625, 0.25, 7.8125],
							"uv": {
								"north": {"uv": [43, 10], "uv_size": [1, 0.25]},
								"east": {"uv": [25, 21], "uv_size": [7.75, 0.25]},
								"south": {"uv": [11, 43], "uv_size": [1, 0.25]},
								"west": {"uv": [25, 22], "uv_size": [7.75, 0.25]},
								"up": {"uv": [8, 12], "uv_size": [1, 7.75]},
								"down": {"uv": [9, 19.75], "uv_size": [1, -7.75]}
							}
						},
						{
							"origin": [1.5, 2.72393, -1.77504],
							"size": [1.0625, 0.25, 4.375],
							"uv": {
								"north": {"uv": [43, 9], "uv_size": [1, 0.25]},
								"east": {"uv": [31, 15], "uv_size": [4.5, 0.25]},
								"south": {"uv": [10, 43], "uv_size": [1, 0.25]},
								"west": {"uv": [31, 16], "uv_size": [4.5, 0.25]},
								"up": {"uv": [1, 17], "uv_size": [1, 4.5]},
								"down": {"uv": [2, 21.5], "uv_size": [1, -4.5]}
							}
						},
						{
							"origin": [1.5, -1.01705, -5.29198],
							"size": [1.0625, 0.25, 2.25],
							"pivot": [1.875, 1.48696, -0.04518],
							"rotation": [-17.5, 0, 0],
							"uv": {
								"north": {"uv": [43, 8], "uv_size": [1, 0.25]},
								"east": {"uv": [37, 21], "uv_size": [2.25, 0.25]},
								"south": {"uv": [9, 43], "uv_size": [1, 0.25]},
								"west": {"uv": [37, 24], "uv_size": [2.25, 0.25]},
								"up": {"uv": [24, 16], "uv_size": [1, 2.25]},
								"down": {"uv": [17, 26.25], "uv_size": [1, -2.25]}
							}
						},
						{
							"origin": [1.5, -1.19457, 3.51466],
							"size": [1.0625, 0.25, 1.625],
							"pivot": [1.875, 1.48696, -0.04518],
							"rotation": [17.5, 0, 0],
							"uv": {
								"north": {"uv": [43, 7], "uv_size": [1, 0.25]},
								"east": {"uv": [32, 39], "uv_size": [1.5, 0.25]},
								"south": {"uv": [8, 43], "uv_size": [1, 0.25]},
								"west": {"uv": [39, 32], "uv_size": [1.5, 0.25]},
								"up": {"uv": [9, 28], "uv_size": [1, 1.5]},
								"down": {"uv": [28, 13.5], "uv_size": [1, -1.5]}
							}
						},
						{
							"origin": [1.5, -3.89996, 2.20298],
							"size": [1.0625, 0.25, 0.71875],
							"pivot": [1.875, 1.48696, -0.04518],
							"rotation": [57.5, 0, 0],
							"uv": {
								"north": {"uv": [6, 43], "uv_size": [1, 0.25]},
								"east": {"uv": [45, 35], "uv_size": [0.75, 0.25]},
								"south": {"uv": [7, 43], "uv_size": [1, 0.25]},
								"west": {"uv": [36, 45], "uv_size": [0.75, 0.25]},
								"up": {"uv": [9, 34], "uv_size": [1, 0.75]},
								"down": {"uv": [10, 34.75], "uv_size": [1, -0.75]}
							}
						},
						{
							"origin": [1.5, -4.65044, -0.43731],
							"size": [1.0625, 0.25, 0.71875],
							"pivot": [1.875, 1.48696, -0.04518],
							"rotation": [90, 0, 0],
							"uv": {
								"north": {"uv": [43, 4], "uv_size": [1, 0.25]},
								"east": {"uv": [45, 34], "uv_size": [0.75, 0.25]},
								"south": {"uv": [5, 43], "uv_size": [1, 0.25]},
								"west": {"uv": [35, 45], "uv_size": [0.75, 0.25]},
								"up": {"uv": [7, 34], "uv_size": [1, 0.75]},
								"down": {"uv": [8, 34.75], "uv_size": [1, -0.75]}
							}
						},
						{
							"origin": [1.5, -2.30086, -4.88531],
							"size": [1.0625, 0.25, 0.96875],
							"pivot": [1.875, 1.48696, -0.04518],
							"rotation": [145, 0, 0],
							"uv": {
								"north": {"uv": [43, 1], "uv_size": [1, 0.25]},
								"east": {"uv": [43, 2], "uv_size": [1, 0.25]},
								"south": {"uv": [43, 3], "uv_size": [1, 0.25]},
								"west": {"uv": [4, 43], "uv_size": [1, 0.25]},
								"up": {"uv": [0, 21], "uv_size": [1, 1]},
								"down": {"uv": [3, 23], "uv_size": [1, -1]}
							}
						},
						{
							"origin": [1.5, -0.53102, -5.07141],
							"size": [1.0625, 0.25, 2.78125],
							"pivot": [1.875, 1.48696, -0.04518],
							"rotation": [167.5, 0, 0],
							"uv": {
								"north": {"uv": [43, 0], "uv_size": [1, 0.25]},
								"east": {"uv": [4, 36], "uv_size": [2.75, 0.25]},
								"south": {"uv": [1, 43], "uv_size": [1, 0.25]},
								"west": {"uv": [36, 4], "uv_size": [2.75, 0.25]},
								"up": {"uv": [18, 23], "uv_size": [1, 2.75]},
								"down": {"uv": [22, 25.75], "uv_size": [1, -2.75]}
							}
						},
						{
							"origin": [1.5, -3.57364, -3.53187],
							"size": [1.0625, 0.25, 0.625],
							"pivot": [1.875, 1.48696, -0.04518],
							"rotation": [-52.5, 0, 0],
							"uv": {
								"north": {"uv": [42, 42], "uv_size": [1, 0.25]},
								"east": {"uv": [45, 33], "uv_size": [0.75, 0.25]},
								"south": {"uv": [0, 43], "uv_size": [1, 0.25]},
								"west": {"uv": [34, 45], "uv_size": [0.75, 0.25]},
								"up": {"uv": [6, 34], "uv_size": [1, 0.75]},
								"down": {"uv": [34, 6.75], "uv_size": [1, -0.75]}
							}
						},
						{
							"origin": [1.5, -4.65044, -0.2619],
							"size": [1.0625, 0.25, 0.53125],
							"pivot": [1.875, 1.48696, -0.04518],
							"rotation": [-90, 0, 0],
							"uv": {
								"north": {"uv": [41, 42], "uv_size": [1, 0.25]},
								"east": {"uv": [23, 46], "uv_size": [0.5, 0.25]},
								"south": {"uv": [42, 41], "uv_size": [1, 0.25]},
								"west": {"uv": [46, 23], "uv_size": [0.5, 0.25]},
								"up": {"uv": [21, 38], "uv_size": [1, 0.5]},
								"down": {"uv": [23, 38.5], "uv_size": [1, -0.5]}
							}
						},
						{
							"origin": [1.5, -3.5141, 2.80035],
							"size": [1.0625, 0.25, 0.71875],
							"pivot": [1.875, 1.48696, -0.04518],
							"rotation": [-127.5, 0, 0],
							"uv": {
								"north": {"uv": [39, 42], "uv_size": [1, 0.25]},
								"east": {"uv": [45, 32], "uv_size": [0.75, 0.25]},
								"south": {"uv": [40, 42], "uv_size": [1, 0.25]},
								"west": {"uv": [33, 45], "uv_size": [0.75, 0.25]},
								"up": {"uv": [5, 34], "uv_size": [1, 0.75]},
								"down": {"uv": [34, 5.75], "uv_size": [1, -0.75]}
							}
						},
						{
							"origin": [1.5, -0.2778, 1.40018],
							"size": [1.0625, 0.25, 4.03125],
							"pivot": [1.875, 1.48696, -0.04518],
							"rotation": [-170, 0, 0],
							"uv": {
								"north": {"uv": [37, 42], "uv_size": [1, 0.25]},
								"east": {"uv": [32, 9], "uv_size": [4, 0.25]},
								"south": {"uv": [38, 42], "uv_size": [1, 0.25]},
								"west": {"uv": [32, 10], "uv_size": [4, 0.25]},
								"up": {"uv": [19, 12], "uv_size": [1, 4]},
								"down": {"uv": [19, 20], "uv_size": [1, -4]}
							}
						}
					]
				},
				{
					"name": "Hull",
					"pivot": [-0.00898, 1.89917, -0.77297],
					"cubes": [
						{
							"origin": [-1.48437, 0.39626, -3.08655],
							"size": [2.96875, 2.90625, 6.8125],
							"uv": {
								"north": {"uv": [11, 6], "uv_size": [3, 3]},
								"east": {"uv": [0, 0], "uv_size": [6.75, 3]},
								"south": {"uv": [11, 9], "uv_size": [3, 3]},
								"west": {"uv": [0, 3], "uv_size": [6.75, 3]},
								"up": {"uv": [0, 6], "uv_size": [3, 6.75]},
								"down": {"uv": [3, 12.75], "uv_size": [3, -6.75]}
							}
						},
						{
							"origin": [1.48438, 3.17751, -2.14905],
							"size": [1.09375, 0.125, 5.875],
							"uv": {
								"north": {"uv": [43, 13], "uv_size": [1, 0.25]},
								"east": {"uv": [25, 28], "uv_size": [6, 0.25]},
								"south": {"uv": [14, 43], "uv_size": [1, 0.25]},
								"west": {"uv": [28, 26], "uv_size": [6, 0.25]},
								"up": {"uv": [4, 13], "uv_size": [1, 6]},
								"down": {"uv": [5, 19], "uv_size": [1, -6]}
							}
						},
						{
							"origin": [-2.45312, 3.20876, -2.14905],
							"size": [0.96875, 0.09375, 5.875],
							"uv": {
								"north": {"uv": [43, 14], "uv_size": [1, 0.25]},
								"east": {"uv": [28, 27], "uv_size": [6, 0.25]},
								"south": {"uv": [15, 43], "uv_size": [1, 0.25]},
								"west": {"uv": [29, 7], "uv_size": [6, 0.25]},
								"up": {"uv": [13, 14], "uv_size": [1, 6]},
								"down": {"uv": [14, 20], "uv_size": [1, -6]}
							}
						},
						{
							"origin": [-1.48437, 0.39626, -4.4303],
							"size": [2.96875, 1.75, 2.28125],
							"uv": {
								"north": {"uv": [15, 4], "uv_size": [3, 1.75]},
								"east": {"uv": [8, 20], "uv_size": [2.25, 1.75]},
								"south": {"uv": [15, 14], "uv_size": [3, 1.75]},
								"west": {"uv": [11, 20], "uv_size": [2.25, 1.75]},
								"up": {"uv": [12, 0], "uv_size": [3, 2.25]},
								"down": {"uv": [12, 5.25], "uv_size": [3, -2.25]}
							}
						},
						{
							"origin": [-1.48437, 0.89626, 3.72595],
							"size": [2.96875, 1.90625, 1.84375],
							"uv": {
								"north": {"uv": [1, 13], "uv_size": [3, 2]},
								"east": {"uv": [21, 6], "uv_size": [1.75, 2]},
								"south": {"uv": [13, 12], "uv_size": [3, 2]},
								"west": {"uv": [21, 8], "uv_size": [1.75, 2]},
								"up": {"uv": [1, 15], "uv_size": [3, 1.75]},
								"down": {"uv": [15, 3.75], "uv_size": [3, -1.75]}
							}
						},
						{
							"origin": [-1.48437, 2.80251, 3.72595],
							"size": [2.96875, 0.5, 1.90625],
							"pivot": [-0.39062, 3.30251, 3.72595],
							"rotation": [-15, 0, 0],
							"uv": {
								"north": {"uv": [29, 8], "uv_size": [3, 0.5]},
								"east": {"uv": [15, 32], "uv_size": [2, 0.5]},
								"south": {"uv": [29, 9], "uv_size": [3, 0.5]},
								"west": {"uv": [19, 32], "uv_size": [2, 0.5]},
								"up": {"uv": [14, 10], "uv_size": [3, 2]},
								"down": {"uv": [15, 2], "uv_size": [3, -2]}
							}
						},
						{
							"origin": [1.06563, 3.27126, 3.78845],
							"size": [0.45, 0.45, 1.90625],
							"pivot": [-0.35937, 3.77126, 3.78845],
							"rotation": [-15, 0, 0],
							"uv": {
								"north": {"uv": [47, 29], "uv_size": [0.25, 0.25]},
								"east": {"uv": [38, 36], "uv_size": [2, 0.25]},
								"south": {"uv": [30, 47], "uv_size": [0.25, 0.25]},
								"west": {"uv": [38, 37], "uv_size": [2, 0.25]},
								"up": {"uv": [38, 38], "uv_size": [0.25, 2]},
								"down": {"uv": [39, 4], "uv_size": [0.25, -2]}
							}
						},
						{
							"origin": [-1.39062, 2.74188, 5.39057],
							"size": [0.2, 0.2, 0.625],
							"pivot": [-1.29062, 2.84188, 5.70307],
							"rotation": [-35, 0, 0],
							"uv": {
								"north": {"uv": [47.25, 29], "uv_size": [-0.25, 0.25]},
								"east": {"uv": [40, 37], "uv_size": [-2, 0.25]},
								"south": {"uv": [9.1875, 25.75], "uv_size": [-0.5625, 1]},
								"west": {"uv": [40, 36], "uv_size": [-2, 0.25]},
								"up": {"uv": [38.25, 38], "uv_size": [-0.25, 2]},
								"down": {"uv": [39.25, 4], "uv_size": [-0.25, -2]}
							}
						},
						{
							"origin": [1.20313, 2.74188, 5.39057],
							"size": [0.2, 0.2, 0.625],
							"pivot": [1.30313, 2.84188, 5.70307],
							"rotation": [-35, 0, 0],
							"uv": {
								"north": {"uv": [47.25, 29], "uv_size": [-0.25, 0.25]},
								"east": {"uv": [40, 37], "uv_size": [-2, 0.25]},
								"south": {"uv": [9.1875, 25.75], "uv_size": [-0.5625, 1]},
								"west": {"uv": [40, 36], "uv_size": [-2, 0.25]},
								"up": {"uv": [38.25, 38], "uv_size": [-0.25, 2]},
								"down": {"uv": [39.25, 4], "uv_size": [-0.25, -2]}
							}
						},
						{
							"origin": [-1.49063, 3.27807, 2.83044],
							"size": [0.4, 0.4, 0.90625],
							"uv": {
								"north": {"uv": [47, 31], "uv_size": [0.25, 0.25]},
								"east": {"uv": [4, 44], "uv_size": [1, 0.25]},
								"south": {"uv": [32, 47], "uv_size": [0.25, 0.25]},
								"west": {"uv": [44, 4], "uv_size": [1, 0.25]},
								"up": {"uv": [5, 44], "uv_size": [0.25, 1]},
								"down": {"uv": [44, 6], "uv_size": [0.25, -1]}
							}
						},
						{
							"origin": [-1.09687, 3.27807, 2.83044],
							"size": [2.175, 0.4, 0.4],
							"uv": {
								"north": {"uv": [36, 23], "uv_size": [2.5, 0.25]},
								"east": {"uv": [47, 32], "uv_size": [0.25, 0.25]},
								"south": {"uv": [36, 25], "uv_size": [2.5, 0.25]},
								"west": {"uv": [33, 47], "uv_size": [0.25, 0.25]},
								"up": {"uv": [36, 26], "uv_size": [2.5, 0.25]},
								"down": {"uv": [36, 31.25], "uv_size": [2.5, -0.25]}
							}
						},
						{
							"origin": [1.08438, 3.27807, 2.8304],
							"size": [0.4, 0.4, 0.9063],
							"uv": {
								"north": {"uv": [47, 33], "uv_size": [0.25, 0.25]},
								"east": {"uv": [6, 44], "uv_size": [1, 0.25]},
								"south": {"uv": [34, 47], "uv_size": [0.25, 0.25]},
								"west": {"uv": [44, 6], "uv_size": [1, 0.25]},
								"up": {"uv": [7, 44], "uv_size": [0.25, 1]},
								"down": {"uv": [44, 8], "uv_size": [0.25, -1]}
							}
						},
						{
							"origin": [-1.50937, 3.27126, 3.78845],
							"size": [0.45, 0.45, 1.90625],
							"pivot": [0.51563, 3.77126, 3.78845],
							"rotation": [-15, 0, 0],
							"uv": {
								"north": {"uv": [47, 30], "uv_size": [0.25, 0.25]},
								"east": {"uv": [3, 39], "uv_size": [2, 0.25]},
								"south": {"uv": [31, 47], "uv_size": [0.25, 0.25]},
								"west": {"uv": [39, 4], "uv_size": [2, 0.25]},
								"up": {"uv": [5, 39], "uv_size": [0.25, 2]},
								"down": {"uv": [39, 7], "uv_size": [0.25, -2]}
							}
						},
						{
							"origin": [1.48438, 3.17751, 3.72595],
							"size": [1.09375, 0.125, 1.90625],
							"pivot": [-0.85937, 3.30251, 3.72595],
							"rotation": [-15, 0, 0],
							"uv": {
								"north": {"uv": [43, 15], "uv_size": [1, 0.25]},
								"east": {"uv": [24, 38], "uv_size": [2, 0.25]},
								"south": {"uv": [16, 43], "uv_size": [1, 0.25]},
								"west": {"uv": [26, 38], "uv_size": [2, 0.25]},
								"up": {"uv": [19, 4], "uv_size": [1, 2]},
								"down": {"uv": [17, 23], "uv_size": [1, -2]}
							}
						},
						{
							"origin": [1.48438, 2.68413, 5.56725],
							"size": [1.09375, 0.125, 0.40625],
							"pivot": [-0.85937, 2.80913, 5.56725],
							"rotation": [-45, 0, 0],
							"uv": {
								"north": {"uv": [0, 44], "uv_size": [1, 0.25]},
								"east": {"uv": [30, 46], "uv_size": [0.5, 0.25]},
								"south": {"uv": [44, 0], "uv_size": [1, 0.25]},
								"west": {"uv": [46, 30], "uv_size": [0.5, 0.25]},
								"up": {"uv": [33, 38], "uv_size": [1, 0.5]},
								"down": {"uv": [38, 33.5], "uv_size": [1, -0.5]}
							}
						},
						{
							"origin": [-2.45312, 2.68413, 5.56725],
							"size": [1.09375, 0.125, 0.40625],
							"pivot": [0.98438, 2.80913, 5.56725],
							"rotation": [-45, 0, 0],
							"uv": {
								"north": {"uv": [1, 44], "uv_size": [1, 0.25]},
								"east": {"uv": [31, 46], "uv_size": [0.5, 0.25]},
								"south": {"uv": [44, 1], "uv_size": [1, 0.25]},
								"west": {"uv": [46, 31], "uv_size": [0.5, 0.25]},
								"up": {"uv": [34, 38], "uv_size": [1, 0.5]},
								"down": {"uv": [36, 38.5], "uv_size": [1, -0.5]}
							}
						},
						{
							"origin": [-2.45312, 3.17751, 3.72595],
							"size": [0.96875, 0.125, 1.90625],
							"pivot": [1.32813, 3.30251, 3.72595],
							"rotation": [-15, 0, 0],
							"uv": {
								"north": {"uv": [43, 16], "uv_size": [1, 0.25]},
								"east": {"uv": [38, 27], "uv_size": [2, 0.25]},
								"south": {"uv": [17, 43], "uv_size": [1, 0.25]},
								"west": {"uv": [28, 38], "uv_size": [2, 0.25]},
								"up": {"uv": [14, 25], "uv_size": [1, 2]},
								"down": {"uv": [19, 27], "uv_size": [1, -2]}
							}
						},
						{
							"origin": [-1.48437, 1.95876, -4.64905],
							"size": [2.96875, 1.34375, 1.5625],
							"pivot": [-0.39062, 3.30251, -3.08655],
							"rotation": [25, 0, 0],
							"uv": {
								"north": {"uv": [20, 12], "uv_size": [3, 1.25]},
								"east": {"uv": [20, 25], "uv_size": [1.5, 1.25]},
								"south": {"uv": [20, 14], "uv_size": [3, 1.25]},
								"west": {"uv": [26, 1], "uv_size": [1.5, 1.25]},
								"up": {"uv": [16, 12], "uv_size": [3, 1.5]},
								"down": {"uv": [17, 7.5], "uv_size": [3, -1.5]}
							}
						},
						{
							"origin": [0.01563, 2.02126, -4.21155],
							"size": [1.375, 1.34375, 1.15625],
							"uv": {
								"north": {"uv": [6, 26], "uv_size": [1.5, 1.25]},
								"east": {"uv": [28, 3], "uv_size": [1.25, 1.25]},
								"south": {"uv": [26, 7], "uv_size": [1.5, 1.25]},
								"west": {"uv": [4, 28], "uv_size": [1.25, 1.25]},
								"up": {"uv": [26, 12], "uv_size": [1.5, 1.25]},
								"down": {"uv": [22, 27.25], "uv_size": [1.5, -1.25]}
							}
						},
						{
							"origin": [0.01563, 2.05251, -5.3678],
							"size": [1.375, 1.34375, 1.125],
							"pivot": [-0.39062, 3.39626, -4.21155],
							"rotation": [67.5, 0, 0],
							"uv": {
								"north": {"uv": [24, 26], "uv_size": [1.5, 1.25]},
								"east": {"uv": [28, 5], "uv_size": [1.25, 1.25]},
								"south": {"uv": [26, 26], "uv_size": [1.5, 1.25]},
								"west": {"uv": [6, 28], "uv_size": [1.25, 1.25]},
								"up": {"uv": [0, 27], "uv_size": [1.5, 1.25]},
								"down": {"uv": [27, 10.25], "uv_size": [1.5, -1.25]}
							}
						},
						{
							"origin": [1.48438, 3.20876, -4.4928],
							"size": [1.09375, 0.09375, 2.34375],
							"pivot": [-0.85937, 3.30251, -2.14905],
							"rotation": [15, 0, 0],
							"uv": {
								"north": {"uv": [43, 11], "uv_size": [1, 0.25]},
								"east": {"uv": [26, 37], "uv_size": [2.25, 0.25]},
								"south": {"uv": [12, 43], "uv_size": [1, 0.25]},
								"west": {"uv": [37, 28], "uv_size": [2.25, 0.25]},
								"up": {"uv": [24, 20], "uv_size": [1, 2.25]},
								"down": {"uv": [24, 25.25], "uv_size": [1, -2.25]}
							}
						},
						{
							"origin": [-2.45312, 3.20876, -4.4928],
							"size": [0.96875, 0.09375, 2.34375],
							"pivot": [1.32813, 3.30251, -2.14905],
							"rotation": [15, 0, 0],
							"uv": {
								"north": {"uv": [43, 12], "uv_size": [1, 0.25]},
								"east": {"uv": [29, 37], "uv_size": [2.25, 0.25]},
								"south": {"uv": [13, 43], "uv_size": [1, 0.25]},
								"west": {"uv": [37, 29], "uv_size": [2.25, 0.25]},
								"up": {"uv": [25, 0], "uv_size": [1, 2.25]},
								"down": {"uv": [3, 27.25], "uv_size": [1, -2.25]}
							}
						},
						{
							"origin": [-1.48437, 1.42342, -5.31515],
							"size": [1.40625, 1.21875, 0.8125],
							"pivot": [-0.39062, 2.64217, -4.50265],
							"rotation": [60, 0, 0],
							"uv": {
								"north": {"uv": [26, 3], "uv_size": [1.5, 1.25]},
								"east": {"uv": [14, 33], "uv_size": [0.75, 1.25]},
								"south": {"uv": [26, 5], "uv_size": [1.5, 1.25]},
								"west": {"uv": [15, 33], "uv_size": [0.75, 1.25]},
								"up": {"uv": [31, 17], "uv_size": [1.5, 0.75]},
								"down": {"uv": [31, 19.75], "uv_size": [1.5, -0.75]}
							}
						},
						{
							"origin": [-0.07812, 1.42342, -6.4089],
							"size": [1.5625, 1.21875, 1.90625],
							"pivot": [-0.39062, 2.64217, -4.50265],
							"rotation": [60, 0, 0],
							"uv": {
								"north": {"uv": [10, 27], "uv_size": [1.5, 1.25]},
								"east": {"uv": [24, 4], "uv_size": [2, 1.25]},
								"south": {"uv": [12, 27], "uv_size": [1.5, 1.25]},
								"west": {"uv": [6, 24], "uv_size": [2, 1.25]},
								"up": {"uv": [13, 23], "uv_size": [1.5, 2]},
								"down": {"uv": [23, 16], "uv_size": [1.5, -2]}
							}
						},
						{
							"origin": [-1.45317, 0.92406, -5.24813],
							"size": [1.37505, 0.2, 0.2],
							"uv": {
								"north": {"uv": [40, 5], "uv_size": [1.5, 0.25]},
								"east": {"uv": [47, 26], "uv_size": [0.25, 0.25]},
								"south": {"uv": [6, 40], "uv_size": [1.5, 0.25]},
								"west": {"uv": [27, 47], "uv_size": [0.25, 0.25]},
								"up": {"uv": [40, 6], "uv_size": [1.5, 0.25]},
								"down": {"uv": [40, 7.25], "uv_size": [1.5, -0.25]}
							}
						},
						{
							"origin": [-1.48437, 0.39626, 3.72595],
							"size": [2.96875, 0.5, 1.90625],
							"pivot": [-0.39062, 0.39626, 3.72595],
							"rotation": [15, 0, 0],
							"uv": {
								"north": {"uv": [28, 19], "uv_size": [3, 0.5]},
								"east": {"uv": [32, 11], "uv_size": [2, 0.5]},
								"south": {"uv": [22, 28], "uv_size": [3, 0.5]},
								"west": {"uv": [13, 32], "uv_size": [2, 0.5]},
								"up": {"uv": [14, 6], "uv_size": [3, 2]},
								"down": {"uv": [14, 10], "uv_size": [3, -2]}
							}
						},
						{
							"origin": [-2.54687, 0.37875, -2.07493],
							"size": [0.21875, 2.28125, 4.53125],
							"uv": {
								"north": {"uv": [19, 37], "uv_size": [0.25, 2.25]},
								"east": {"uv": [6, 6], "uv_size": [4.5, 2.25]},
								"south": {"uv": [22, 37], "uv_size": [0.25, 2.25]},
								"west": {"uv": [7, 0], "uv_size": [4.5, 2.25]},
								"up": {"uv": [18, 31], "uv_size": [0.25, 4.5]},
								"down": {"uv": [23, 35.5], "uv_size": [0.25, -4.5]}
							}
						},
						{
							"origin": [-2.54687, 0.37875, 2.45632],
							"size": [0.21875, 1.1875, 1.25],
							"uv": {
								"north": {"uv": [14, 41], "uv_size": [0.25, 1.25]},
								"east": {"uv": [14, 27], "uv_size": [1.25, 1.25]},
								"south": {"uv": [15, 41], "uv_size": [0.25, 1.25]},
								"west": {"uv": [27, 14], "uv_size": [1.25, 1.25]},
								"up": {"uv": [41, 15], "uv_size": [0.25, 1.25]},
								"down": {"uv": [16, 42.25], "uv_size": [0.25, -1.25]}
							}
						},
						{
							"origin": [2.32813, 0.37875, 2.45632],
							"size": [0.21875, 1.1875, 1.25],
							"uv": {
								"north": {"uv": [29, 41], "uv_size": [0.25, 1.25]},
								"east": {"uv": [28, 1], "uv_size": [1.25, 1.25]},
								"south": {"uv": [41, 29], "uv_size": [0.25, 1.25]},
								"west": {"uv": [2, 28], "uv_size": [1.25, 1.25]},
								"up": {"uv": [30, 41], "uv_size": [0.25, 1.25]},
								"down": {"uv": [31, 42.25], "uv_size": [0.25, -1.25]}
							}
						},
						{
							"origin": [-2.54687, 0.74001, 2.78845],
							"size": [0.21875, 1.1875, 1.25],
							"uv": {
								"north": {"uv": [17, 41], "uv_size": [0.25, 1.25]},
								"east": {"uv": [16, 27], "uv_size": [1.25, 1.25]},
								"south": {"uv": [41, 17], "uv_size": [0.25, 1.25]},
								"west": {"uv": [27, 16], "uv_size": [1.25, 1.25]},
								"up": {"uv": [18, 41], "uv_size": [0.25, 1.25]},
								"down": {"uv": [19, 42.25], "uv_size": [0.25, -1.25]}
							}
						},
						{
							"origin": [2.32813, 0.74001, 2.78845],
							"size": [0.21875, 1.1875, 1.25],
							"uv": {
								"north": {"uv": [26, 41], "uv_size": [0.25, 1.25]},
								"east": {"uv": [18, 27], "uv_size": [1.25, 1.25]},
								"south": {"uv": [27, 41], "uv_size": [0.25, 1.25]},
								"west": {"uv": [20, 27], "uv_size": [1.25, 1.25]},
								"up": {"uv": [41, 27], "uv_size": [0.25, 1.25]},
								"down": {"uv": [28, 42.25], "uv_size": [0.25, -1.25]}
							}
						},
						{
							"origin": [-2.54687, 1.04077, -5.76043],
							"size": [0.21875, 0.65625, 0.1875],
							"uv": {
								"north": {"uv": [45, 38], "uv_size": [0.25, 0.75]},
								"east": {"uv": [39, 45], "uv_size": [0.25, 0.75]},
								"south": {"uv": [45, 39], "uv_size": [0.25, 0.75]},
								"west": {"uv": [40, 45], "uv_size": [0.25, 0.75]},
								"up": {"uv": [47, 24], "uv_size": [0.25, 0.25]},
								"down": {"uv": [25, 47.25], "uv_size": [0.25, -0.25]}
							}
						},
						{
							"origin": [-1.48437, 1.04077, -5.76043],
							"size": [0.21875, 0.65625, 0.1875],
							"uv": {
								"north": {"uv": [9, 46], "uv_size": [0.25, 0.75]},
								"east": {"uv": [46, 9], "uv_size": [0.25, 0.75]},
								"south": {"uv": [10, 46], "uv_size": [0.25, 0.75]},
								"west": {"uv": [46, 10], "uv_size": [0.25, 0.75]},
								"up": {"uv": [47, 27], "uv_size": [0.25, 0.25]},
								"down": {"uv": [28, 47.25], "uv_size": [0.25, -0.25]}
							}
						},
						{
							"origin": [1.26563, 1.04077, -5.76043],
							"size": [0.21875, 0.65625, 0.1875],
							"uv": {
								"north": {"uv": [12, 46], "uv_size": [0.25, 0.75]},
								"east": {"uv": [46, 12], "uv_size": [0.25, 0.75]},
								"south": {"uv": [13, 46], "uv_size": [0.25, 0.75]},
								"west": {"uv": [46, 13], "uv_size": [0.25, 0.75]},
								"up": {"uv": [47, 28], "uv_size": [0.25, 0.25]},
								"down": {"uv": [29, 47.25], "uv_size": [0.25, -0.25]}
							}
						},
						{
							"origin": [2.32813, 1.04077, -5.76043],
							"size": [0.21875, 0.65625, 0.1875],
							"uv": {
								"north": {"uv": [4, 46], "uv_size": [0.25, 0.75]},
								"east": {"uv": [46, 4], "uv_size": [0.25, 0.75]},
								"south": {"uv": [5, 46], "uv_size": [0.25, 0.75]},
								"west": {"uv": [46, 5], "uv_size": [0.25, 0.75]},
								"up": {"uv": [47, 25], "uv_size": [0.25, 0.25]},
								"down": {"uv": [26, 47.25], "uv_size": [0.25, -0.25]}
							}
						},
						{
							"origin": [-2.54687, 1.50375, -5.44993],
							"size": [0.21875, 1.15625, 3.375],
							"pivot": [-1.73437, 2.66, -2.07493],
							"rotation": [12.5, 0, 0],
							"uv": {
								"north": {"uv": [4, 41], "uv_size": [0.25, 1.25]},
								"east": {"uv": [17, 8], "uv_size": [3.25, 1.25]},
								"south": {"uv": [5, 41], "uv_size": [0.25, 1.25]},
								"west": {"uv": [17, 10], "uv_size": [3.25, 1.25]},
								"up": {"uv": [30, 33], "uv_size": [0.25, 3.25]},
								"down": {"uv": [31, 36.25], "uv_size": [0.25, -3.25]}
							}
						},
						{
							"origin": [-1.48437, 1.66, -5.44993],
							"size": [0.21875, 1, 0.84375],
							"pivot": [-0.67187, 2.66, -2.07493],
							"rotation": [12.5, 0, 0],
							"uv": {
								"north": {"uv": [2, 44], "uv_size": [0.25, 1]},
								"east": {"uv": [34, 27], "uv_size": [0.75, 1]},
								"south": {"uv": [44, 2], "uv_size": [0.25, 1]},
								"west": {"uv": [34, 30], "uv_size": [0.75, 1]},
								"up": {"uv": [7, 46], "uv_size": [0.25, 0.75]},
								"down": {"uv": [46, 7.75], "uv_size": [0.25, -0.75]}
							}
						},
						{
							"origin": [1.26563, 1.66, -5.44993],
							"size": [0.21875, 1, 0.84375],
							"pivot": [2.07813, 2.66, -2.07493],
							"rotation": [12.5, 0, 0],
							"uv": {
								"north": {"uv": [3, 44], "uv_size": [0.25, 1]},
								"east": {"uv": [34, 31], "uv_size": [0.75, 1]},
								"south": {"uv": [44, 3], "uv_size": [0.25, 1]},
								"west": {"uv": [34, 33], "uv_size": [0.75, 1]},
								"up": {"uv": [15, 46], "uv_size": [0.25, 0.75]},
								"down": {"uv": [46, 15.75], "uv_size": [0.25, -0.75]}
							}
						},
						{
							"origin": [2.32813, 1.50375, -5.44993],
							"size": [0.21875, 1.15625, 3.375],
							"pivot": [1.73438, 2.66, -2.07493],
							"rotation": [12.5, 0, 0],
							"uv": {
								"north": {"uv": [41, 19], "uv_size": [0.25, 1.25]},
								"east": {"uv": [19, 0], "uv_size": [3.25, 1.25]},
								"south": {"uv": [20, 41], "uv_size": [0.25, 1.25]},
								"west": {"uv": [19, 2], "uv_size": [3.25, 1.25]},
								"up": {"uv": [32, 33], "uv_size": [0.25, 3.25]},
								"down": {"uv": [33, 36.25], "uv_size": [0.25, -3.25]}
							}
						},
						{
							"origin": [-2.54687, 1.50375, 2.45632],
							"size": [0.21875, 1.15625, 1.75],
							"pivot": [-1.73437, 2.66, 2.45632],
							"rotation": [-15, 0, 0],
							"uv": {
								"north": {"uv": [9, 41], "uv_size": [0.25, 1.25]},
								"east": {"uv": [10, 25], "uv_size": [1.75, 1.25]},
								"south": {"uv": [41, 10], "uv_size": [0.25, 1.25]},
								"west": {"uv": [12, 25], "uv_size": [1.75, 1.25]},
								"up": {"uv": [20, 39], "uv_size": [0.25, 1.75]},
								"down": {"uv": [21, 40.75], "uv_size": [0.25, -1.75]}
							}
						},
						{
							"origin": [2.32813, 1.50375, 2.45632],
							"size": [0.21875, 1.15625, 1.75],
							"pivot": [1.73438, 2.66, 2.45632],
							"rotation": [-15, 0, 0],
							"uv": {
								"north": {"uv": [41, 23], "uv_size": [0.25, 1.25]},
								"east": {"uv": [25, 14], "uv_size": [1.75, 1.25]},
								"south": {"uv": [24, 41], "uv_size": [0.25, 1.25]},
								"west": {"uv": [25, 16], "uv_size": [1.75, 1.25]},
								"up": {"uv": [39, 22], "uv_size": [0.25, 1.75]},
								"down": {"uv": [23, 40.75], "uv_size": [0.25, -1.75]}
							}
						},
						{
							"origin": [-2.54687, 0.37875, 3.70632],
							"size": [0.21875, 1.15625, 0.46875],
							"pivot": [-1.73437, 0.37875, 3.70632],
							"rotation": [15, 0, 0],
							"uv": {
								"north": {"uv": [12, 41], "uv_size": [0.25, 1.25]},
								"east": {"uv": [18, 36], "uv_size": [0.5, 1.25]},
								"south": {"uv": [13, 41], "uv_size": [0.25, 1.25]},
								"west": {"uv": [20, 36], "uv_size": [0.5, 1.25]},
								"up": {"uv": [25, 46], "uv_size": [0.25, 0.5]},
								"down": {"uv": [46, 25.5], "uv_size": [0.25, -0.5]}
							}
						},
						{
							"origin": [2.32813, 0.37875, 3.70632],
							"size": [0.21875, 1.15625, 0.46875],
							"pivot": [1.73438, 0.37875, 3.70632],
							"rotation": [15, 0, 0],
							"uv": {
								"north": {"uv": [25, 41], "uv_size": [0.25, 1.25]},
								"east": {"uv": [21, 36], "uv_size": [0.5, 1.25]},
								"south": {"uv": [41, 25], "uv_size": [0.25, 1.25]},
								"west": {"uv": [23, 36], "uv_size": [0.5, 1.25]},
								"up": {"uv": [29, 46], "uv_size": [0.25, 0.5]},
								"down": {"uv": [46, 29.5], "uv_size": [0.25, -0.5]}
							}
						},
						{
							"origin": [-2.54687, 1.27326, -5.80743],
							"size": [0.21875, 0.65625, 0.4375],
							"pivot": [-1.73437, 1.92951, -5.36993],
							"rotation": [30, 0, 0],
							"uv": {
								"north": {"uv": [45, 37], "uv_size": [0.25, 0.75]},
								"east": {"uv": [39, 33], "uv_size": [0.5, 0.75]},
								"south": {"uv": [38, 45], "uv_size": [0.25, 0.75]},
								"west": {"uv": [34, 39], "uv_size": [0.5, 0.75]},
								"up": {"uv": [24, 46], "uv_size": [0.25, 0.5]},
								"down": {"uv": [46, 24.5], "uv_size": [0.25, -0.5]}
							}
						},
						{
							"origin": [1.26563, 1.27326, -5.80743],
							"size": [0.21875, 0.65625, 0.4375],
							"pivot": [2.07813, 1.92951, -5.36993],
							"rotation": [30, 0, 0],
							"uv": {
								"north": {"uv": [8, 46], "uv_size": [0.25, 0.75]},
								"east": {"uv": [4, 40], "uv_size": [0.5, 0.75]},
								"south": {"uv": [46, 8], "uv_size": [0.25, 0.75]},
								"west": {"uv": [8, 40], "uv_size": [0.5, 0.75]},
								"up": {"uv": [32, 46], "uv_size": [0.25, 0.5]},
								"down": {"uv": [46, 32.5], "uv_size": [0.25, -0.5]}
							}
						},
						{
							"origin": [-1.48437, 1.27326, -5.80743],
							"size": [0.21875, 0.65625, 0.4375],
							"pivot": [-0.67187, 1.92951, -5.36993],
							"rotation": [30, 0, 0],
							"uv": {
								"north": {"uv": [14, 46], "uv_size": [0.25, 0.75]},
								"east": {"uv": [40, 8], "uv_size": [0.5, 0.75]},
								"south": {"uv": [46, 14], "uv_size": [0.25, 0.75]},
								"west": {"uv": [9, 40], "uv_size": [0.5, 0.75]},
								"up": {"uv": [34, 46], "uv_size": [0.25, 0.5]},
								"down": {"uv": [46, 34.5], "uv_size": [0.25, -0.5]}
							}
						},
						{
							"origin": [2.32813, 1.27326, -5.80743],
							"size": [0.21875, 0.65625, 0.4375],
							"pivot": [1.73438, 1.92951, -5.36993],
							"rotation": [30, 0, 0],
							"uv": {
								"north": {"uv": [3, 46], "uv_size": [0.25, 0.75]},
								"east": {"uv": [40, 2], "uv_size": [0.5, 0.75]},
								"south": {"uv": [46, 3], "uv_size": [0.25, 0.75]},
								"west": {"uv": [40, 3], "uv_size": [0.5, 0.75]},
								"up": {"uv": [28, 46], "uv_size": [0.25, 0.5]},
								"down": {"uv": [46, 28.5], "uv_size": [0.25, -0.5]}
							}
						},
						{
							"origin": [-2.54687, 0.37875, -4.73118],
							"size": [0.21875, 1.15625, 2.65625],
							"pivot": [-1.73437, 0.37875, -2.07493],
							"rotation": [-5, 0, 0],
							"uv": {
								"north": {"uv": [6, 41], "uv_size": [0.25, 1.25]},
								"east": {"uv": [21, 10], "uv_size": [2.75, 1.25]},
								"south": {"uv": [7, 41], "uv_size": [0.25, 1.25]},
								"west": {"uv": [14, 21], "uv_size": [2.75, 1.25]},
								"up": {"uv": [7, 36], "uv_size": [0.25, 2.75]},
								"down": {"uv": [36, 10.75], "uv_size": [0.25, -2.75]}
							}
						},
						{
							"origin": [-1.48437, 0.37875, -4.73118],
							"size": [0.21875, 1.15625, 0.4375],
							"pivot": [-0.67187, 0.37875, -2.07493],
							"rotation": [-5, 0, 0],
							"uv": {
								"north": {"uv": [33, 41], "uv_size": [0.25, 1.25]},
								"east": {"uv": [24, 36], "uv_size": [0.5, 1.25]},
								"south": {"uv": [41, 33], "uv_size": [0.25, 1.25]},
								"west": {"uv": [25, 36], "uv_size": [0.5, 1.25]},
								"up": {"uv": [33, 46], "uv_size": [0.25, 0.5]},
								"down": {"uv": [46, 33.5], "uv_size": [0.25, -0.5]}
							}
						},
						{
							"origin": [2.32813, 0.37875, -4.73118],
							"size": [0.21875, 1.15625, 2.65625],
							"pivot": [1.73438, 0.37875, -2.07493],
							"rotation": [-5, 0, 0],
							"uv": {
								"north": {"uv": [22, 41], "uv_size": [0.25, 1.25]},
								"east": {"uv": [0, 22], "uv_size": [2.75, 1.25]},
								"south": {"uv": [23, 41], "uv_size": [0.25, 1.25]},
								"west": {"uv": [8, 22], "uv_size": [2.75, 1.25]},
								"up": {"uv": [10, 36], "uv_size": [0.25, 2.75]},
								"down": {"uv": [11, 38.75], "uv_size": [0.25, -2.75]}
							}
						},
						{
							"origin": [-2.54687, 0.61026, -5.84607],
							"size": [0.21875, 0.78125, 1.125],
							"pivot": [-1.73437, 0.61026, -4.72107],
							"rotation": [-22.5, 0, 0],
							"uv": {
								"north": {"uv": [45, 36], "uv_size": [0.25, 0.75]},
								"east": {"uv": [16, 33], "uv_size": [1.25, 0.75]},
								"south": {"uv": [37, 45], "uv_size": [0.25, 0.75]},
								"west": {"uv": [33, 17], "uv_size": [1.25, 0.75]},
								"up": {"uv": [8, 41], "uv_size": [0.25, 1.25]},
								"down": {"uv": [41, 9.25], "uv_size": [0.25, -1.25]}
							}
						},
						{
							"origin": [-1.48437, 0.61026, -5.84607],
							"size": [0.21875, 0.78125, 1.125],
							"pivot": [-0.67187, 0.61026, -4.72107],
							"rotation": [-22.5, 0, 0],
							"uv": {
								"north": {"uv": [11, 46], "uv_size": [0.25, 0.75]},
								"east": {"uv": [33, 19], "uv_size": [1.25, 0.75]},
								"south": {"uv": [46, 11], "uv_size": [0.25, 0.75]},
								"west": {"uv": [33, 20], "uv_size": [1.25, 0.75]},
								"up": {"uv": [41, 31], "uv_size": [0.25, 1.25]},
								"down": {"uv": [32, 42.25], "uv_size": [0.25, -1.25]}
							}
						},
						{
							"origin": [1.26563, 0.61026, -5.84607],
							"size": [0.21875, 0.78125, 1.125],
							"pivot": [2.07813, 0.61026, -4.72107],
							"rotation": [-22.5, 0, 0],
							"uv": {
								"north": {"uv": [16, 46], "uv_size": [0.25, 0.75]},
								"east": {"uv": [21, 33], "uv_size": [1.25, 0.75]},
								"south": {"uv": [46, 16], "uv_size": [0.25, 0.75]},
								"west": {"uv": [33, 21], "uv_size": [1.25, 0.75]},
								"up": {"uv": [34, 41], "uv_size": [0.25, 1.25]},
								"down": {"uv": [35, 42.25], "uv_size": [0.25, -1.25]}
							}
						},
						{
							"origin": [2.32813, 0.61026, -5.84607],
							"size": [0.21875, 0.78125, 1.125],
							"pivot": [1.73438, 0.61026, -4.72107],
							"rotation": [-22.5, 0, 0],
							"uv": {
								"north": {"uv": [6, 46], "uv_size": [0.25, 0.75]},
								"east": {"uv": [33, 18], "uv_size": [1.25, 0.75]},
								"south": {"uv": [46, 6], "uv_size": [0.25, 0.75]},
								"west": {"uv": [19, 33], "uv_size": [1.25, 0.75]},
								"up": {"uv": [21, 41], "uv_size": [0.25, 1.25]},
								"down": {"uv": [41, 22.25], "uv_size": [0.25, -1.25]}
							}
						},
						{
							"origin": [2.32815, 0.37875, -2.07493],
							"size": [0.21875, 2.28125, 4.53125],
							"uv": {
								"north": {"uv": [35, 37], "uv_size": [0.25, 2.25]},
								"east": {"uv": [7, 3], "uv_size": [4.5, 2.25]},
								"south": {"uv": [37, 36], "uv_size": [0.25, 2.25]},
								"west": {"uv": [6, 9], "uv_size": [4.5, 2.25]},
								"up": {"uv": [2, 32], "uv_size": [0.25, 4.5]},
								"down": {"uv": [3, 36.5], "uv_size": [0.25, -4.5]}
							}
						},
						{
							"origin": [2.5469, 1.06625, -0.07493],
							"size": [0.0625, 1.59375, 2.53125],
							"uv": {
								"north": {"uv": [40, 9], "uv_size": [0.25, 1.5]},
								"east": {"uv": [20, 16], "uv_size": [2.5, 1.5]},
								"south": {"uv": [10, 40], "uv_size": [0.25, 1.5]},
								"west": {"uv": [20, 18], "uv_size": [2.5, 1.5]},
								"up": {"uv": [36, 28], "uv_size": [0.25, 2.5]},
								"down": {"uv": [36, 37.5], "uv_size": [0.25, -2.5]}
							}
						},
						{
							"origin": [-2.6094, 1.06625, -0.07493],
							"size": [0.0625, 1.59375, 2.53125],
							"uv": {
								"north": {"uv": [11, 40], "uv_size": [0.25, 1.5]},
								"east": {"uv": [19, 20], "uv_size": [2.5, 1.5]},
								"south": {"uv": [40, 11], "uv_size": [0.25, 1.5]},
								"west": {"uv": [21, 4], "uv_size": [2.5, 1.5]},
								"up": {"uv": [37, 1], "uv_size": [0.25, 2.5]},
								"down": {"uv": [2, 39.5], "uv_size": [0.25, -2.5]}
							}
						}
					]
				},
				{
					"name": "HullGun",
					"parent": "Hull",
					"pivot": [-0.64062, 1.75, -4.78125],
					"cubes": [
						{
							"origin": [-1.00588, 1.50172, -5.38065],
							"size": [0.73052, 0.49656, 1.1988],
							"pivot": [-0.40648, 1.75, -4.78125],
							"rotation": [-45, 0, 0],
							"uv": {
								"north": {"uv": [0, 41], "uv_size": [0.75, 0.5]},
								"east": {"uv": [36, 32], "uv_size": [1.25, 0.5]},
								"south": {"uv": [41, 0], "uv_size": [0.75, 0.5]},
								"west": {"uv": [3, 37], "uv_size": [1.25, 0.5]},
								"up": {"uv": [33, 22], "uv_size": [0.75, 1.25]},
								"down": {"uv": [24, 34.25], "uv_size": [0.75, -1.25]}
							}
						},
						{
							"origin": [-1.00588, 1.50172, -5.38065],
							"size": [0.73052, 0.49656, 1.1988],
							"uv": {
								"north": {"uv": [1, 41], "uv_size": [0.75, 0.5]},
								"east": {"uv": [5, 37], "uv_size": [1.25, 0.5]},
								"south": {"uv": [41, 1], "uv_size": [0.75, 0.5]},
								"west": {"uv": [37, 6], "uv_size": [1.25, 0.5]},
								"up": {"uv": [33, 24], "uv_size": [0.75, 1.25]},
								"down": {"uv": [25, 34.25], "uv_size": [0.75, -1.25]}
							}
						},
						{
							"origin": [-0.80037, 1.5861, -5.97127],
							"size": [0.3, 0.3, 1.1988],
							"uv": {
								"north": {"uv": [14, 48], "uv_size": [0.25, 0.25]},
								"east": {"uv": [42, 5], "uv_size": [1.25, 0.25]},
								"south": {"uv": [48, 14], "uv_size": [0.25, 0.25]},
								"west": {"uv": [42, 6], "uv_size": [1.25, 0.25]},
								"up": {"uv": [42, 7], "uv_size": [0.25, 1.25]},
								"down": {"uv": [42, 10.25], "uv_size": [0.25, -1.25]}
							}
						},
						{
							"origin": [-1.00588, 1.1506, -5.02953],
							"size": [0.73052, 1.1988, 0.49656],
							"pivot": [-0.40648, 1.75, -4.78125],
							"rotation": [-45, 0, 0],
							"uv": {
								"north": {"uv": [26, 33], "uv_size": [0.75, 1.25]},
								"east": {"uv": [37, 7], "uv_size": [0.5, 1.25]},
								"south": {"uv": [27, 33], "uv_size": [0.75, 1.25]},
								"west": {"uv": [8, 37], "uv_size": [0.5, 1.25]},
								"up": {"uv": [2, 41], "uv_size": [0.75, 0.5]},
								"down": {"uv": [41, 2.5], "uv_size": [0.75, -0.5]}
							}
						},
						{
							"origin": [-1.00588, 1.1506, -5.02953],
							"size": [0.73052, 1.1988, 0.49656],
							"uv": {
								"north": {"uv": [28, 33], "uv_size": [0.75, 1.25]},
								"east": {"uv": [9, 37], "uv_size": [0.5, 1.25]},
								"south": {"uv": [29, 33], "uv_size": [0.75, 1.25]},
								"west": {"uv": [37, 9], "uv_size": [0.5, 1.25]},
								"up": {"uv": [3, 41], "uv_size": [0.75, 0.5]},
								"down": {"uv": [41, 3.5], "uv_size": [0.75, -0.5]}
							}
						}
					]
				},
				{
					"name": "RightTrack",
					"pivot": [-4.3125, -0.28125, 0],
					"cubes": [
						{
							"origin": [-2.5625, 0, -3.65625],
							"size": [1.0625, 0.25, 7.8125],
							"uv": {
								"north": {"uv": [43, 30], "uv_size": [1, 0.25]},
								"east": {"uv": [25, 25], "uv_size": [7.75, 0.25]},
								"south": {"uv": [31, 43], "uv_size": [1, 0.25]},
								"west": {"uv": [26, 0], "uv_size": [7.75, 0.25]},
								"up": {"uv": [12, 12], "uv_size": [1, 7.75]},
								"down": {"uv": [0, 20.75], "uv_size": [1, -7.75]}
							}
						},
						{
							"origin": [-2.5625, 2.72393, -1.77504],
							"size": [1.0625, 0.25, 4.375],
							"uv": {
								"north": {"uv": [43, 31], "uv_size": [1, 0.25]},
								"east": {"uv": [29, 31], "uv_size": [4.5, 0.25]},
								"south": {"uv": [32, 43], "uv_size": [1, 0.25]},
								"west": {"uv": [31, 29], "uv_size": [4.5, 0.25]},
								"up": {"uv": [18, 0], "uv_size": [1, 4.5]},
								"down": {"uv": [18, 18.5], "uv_size": [1, -4.5]}
							}
						},
						{
							"origin": [-2.5625, -1.01705, -5.29198],
							"size": [1.0625, 0.25, 2.25],
							"pivot": [-1.875, 1.48696, -0.04518],
							"rotation": [-17.5, 0, 0],
							"uv": {
								"north": {"uv": [43, 32], "uv_size": [1, 0.25]},
								"east": {"uv": [37, 34], "uv_size": [2.25, 0.25]},
								"south": {"uv": [33, 43], "uv_size": [1, 0.25]},
								"west": {"uv": [37, 35], "uv_size": [2.25, 0.25]},
								"up": {"uv": [8, 25], "uv_size": [1, 2.25]},
								"down": {"uv": [9, 27.25], "uv_size": [1, -2.25]}
							}
						},
						{
							"origin": [-2.5625, -1.19457, 3.51466],
							"size": [1.0625, 0.25, 1.625],
							"pivot": [-1.875, 1.48696, -0.04518],
							"rotation": [17.5, 0, 0],
							"uv": {
								"north": {"uv": [43, 33], "uv_size": [1, 0.25]},
								"east": {"uv": [39, 39], "uv_size": [1.5, 0.25]},
								"south": {"uv": [34, 43], "uv_size": [1, 0.25]},
								"west": {"uv": [2, 40], "uv_size": [1.5, 0.25]},
								"up": {"uv": [10, 29], "uv_size": [1, 1.5]},
								"down": {"uv": [29, 11.5], "uv_size": [1, -1.5]}
							}
						},
						{
							"origin": [-2.5625, -3.89996, 2.20298],
							"size": [1.0625, 0.25, 0.71875],
							"pivot": [-1.875, 1.48696, -0.04518],
							"rotation": [57.5, 0, 0],
							"uv": {
								"north": {"uv": [43, 34], "uv_size": [1, 0.25]},
								"east": {"uv": [45, 44], "uv_size": [0.75, 0.25]},
								"south": {"uv": [35, 43], "uv_size": [1, 0.25]},
								"west": {"uv": [45, 45], "uv_size": [0.75, 0.25]},
								"up": {"uv": [20, 34], "uv_size": [1, 0.75]},
								"down": {"uv": [21, 34.75], "uv_size": [1, -0.75]}
							}
						},
						{
							"origin": [-2.5625, -4.65044, -0.43731],
							"size": [1.0625, 0.25, 0.71875],
							"pivot": [-1.875, 1.48696, -0.04518],
							"rotation": [90, 0, 0],
							"uv": {
								"north": {"uv": [43, 35], "uv_size": [1, 0.25]},
								"east": {"uv": [0, 46], "uv_size": [0.75, 0.25]},
								"south": {"uv": [36, 43], "uv_size": [1, 0.25]},
								"west": {"uv": [46, 0], "uv_size": [0.75, 0.25]},
								"up": {"uv": [22, 34], "uv_size": [1, 0.75]},
								"down": {"uv": [34, 22.75], "uv_size": [1, -0.75]}
							}
						},
						{
							"origin": [-2.5625, -2.30086, -4.88531],
							"size": [1.0625, 0.25, 0.96875],
							"pivot": [-1.875, 1.48696, -0.04518],
							"rotation": [145, 0, 0],
							"uv": {
								"north": {"uv": [43, 36], "uv_size": [1, 0.25]},
								"east": {"uv": [37, 43], "uv_size": [1, 0.25]},
								"south": {"uv": [43, 37], "uv_size": [1, 0.25]},
								"west": {"uv": [38, 43], "uv_size": [1, 0.25]},
								"up": {"uv": [18, 26], "uv_size": [1, 1]},
								"down": {"uv": [2, 28], "uv_size": [1, -1]}
							}
						},
						{
							"origin": [-2.5625, -0.53102, -5.07141],
							"size": [1.0625, 0.25, 2.78125],
							"pivot": [-1.875, 1.48696, -0.04518],
							"rotation": [167.5, 0, 0],
							"uv": {
								"north": {"uv": [43, 38], "uv_size": [1, 0.25]},
								"east": {"uv": [36, 12], "uv_size": [2.75, 0.25]},
								"south": {"uv": [39, 43], "uv_size": [1, 0.25]},
								"west": {"uv": [36, 13], "uv_size": [2.75, 0.25]},
								"up": {"uv": [1, 24], "uv_size": [1, 2.75]},
								"down": {"uv": [2, 26.75], "uv_size": [1, -2.75]}
							}
						},
						{
							"origin": [-2.5625, -3.57364, -3.53187],
							"size": [1.0625, 0.25, 0.625],
							"pivot": [-1.875, 1.48696, -0.04518],
							"rotation": [-52.5, 0, 0],
							"uv": {
								"north": {"uv": [43, 39], "uv_size": [1, 0.25]},
								"east": {"uv": [1, 46], "uv_size": [0.75, 0.25]},
								"south": {"uv": [40, 43], "uv_size": [1, 0.25]},
								"west": {"uv": [46, 1], "uv_size": [0.75, 0.25]},
								"up": {"uv": [34, 23], "uv_size": [1, 0.75]},
								"down": {"uv": [34, 24.75], "uv_size": [1, -0.75]}
							}
						},
						{
							"origin": [-2.5625, -4.65044, -0.2619],
							"size": [1.0625, 0.25, 0.53125],
							"pivot": [-1.875, 1.48696, -0.04518],
							"rotation": [-90, 0, 0],
							"uv": {
								"north": {"uv": [43, 40], "uv_size": [1, 0.25]},
								"east": {"uv": [27, 46], "uv_size": [0.5, 0.25]},
								"south": {"uv": [41, 43], "uv_size": [1, 0.25]},
								"west": {"uv": [46, 27], "uv_size": [0.5, 0.25]},
								"up": {"uv": [32, 38], "uv_size": [1, 0.5]},
								"down": {"uv": [38, 32.5], "uv_size": [1, -0.5]}
							}
						},
						{
							"origin": [-2.5625, -3.5141, 2.80035],
							"size": [1.0625, 0.25, 0.71875],
							"pivot": [-1.875, 1.48696, -0.04518],
							"rotation": [-127.5, 0, 0],
							"uv": {
								"north": {"uv": [43, 41], "uv_size": [1, 0.25]},
								"east": {"uv": [2, 46], "uv_size": [0.75, 0.25]},
								"south": {"uv": [42, 43], "uv_size": [1, 0.25]},
								"west": {"uv": [46, 2], "uv_size": [0.75, 0.25]},
								"up": {"uv": [34, 25], "uv_size": [1, 0.75]},
								"down": {"uv": [34, 26.75], "uv_size": [1, -0.75]}
							}
						},
						{
							"origin": [-2.5625, -0.2778, 1.40018],
							"size": [1.0625, 0.25, 4.03125],
							"pivot": [-1.875, 1.48696, -0.04518],
							"rotation": [-170, 0, 0],
							"uv": {
								"north": {"uv": [43, 42], "uv_size": [1, 0.25]},
								"east": {"uv": [32, 32], "uv_size": [4, 0.25]},
								"south": {"uv": [43, 43], "uv_size": [1, 0.25]},
								"west": {"uv": [33, 1], "uv_size": [4, 0.25]},
								"up": {"uv": [6, 20], "uv_size": [1, 4]},
								"down": {"uv": [7, 24], "uv_size": [1, -4]}
							}
						}
					]
				},
				{
					"name": "Turret",
					"pivot": [0.60075, 3.92509, -1.73108],
					"cubes": [
						{
							"origin": [-0.36803, 3.31438, -3.1348],
							"size": [1.14323, 0.24625, 2.76],
							"pivot": [0.20359, 2.64063, -1.7548],
							"rotation": [0, -45, 0],
							"uv": {
								"north": {"uv": [41, 4], "uv_size": [1.25, 0.25]},
								"east": {"uv": [36, 14], "uv_size": [2.75, 0.25]},
								"south": {"uv": [41, 12], "uv_size": [1.25, 0.25]},
								"west": {"uv": [36, 15], "uv_size": [2.75, 0.25]},
								"up": {"uv": [11, 22], "uv_size": [1.25, 2.75]},
								"down": {"uv": [19, 24.75], "uv_size": [1.25, -2.75]}
							}
						},
						{
							"origin": [-0.36803, 3.31438, -3.1348],
							"size": [1.14323, 0.24625, 2.76],
							"uv": {
								"north": {"uv": [41, 35], "uv_size": [1.25, 0.25]},
								"east": {"uv": [36, 16], "uv_size": [2.75, 0.25]},
								"south": {"uv": [36, 41], "uv_size": [1.25, 0.25]},
								"west": {"uv": [36, 17], "uv_size": [2.75, 0.25]},
								"up": {"uv": [22, 20], "uv_size": [1.25, 2.75]},
								"down": {"uv": [23, 2.75], "uv_size": [1.25, -2.75]}
							}
						},
						{
							"origin": [-1.17641, 3.31438, -2.32641],
							"size": [2.76, 0.24625, 1.14323],
							"pivot": [0.20359, 2.64063, -1.7548],
							"rotation": [0, -45, 0],
							"uv": {
								"north": {"uv": [36, 18], "uv_size": [2.75, 0.25]},
								"east": {"uv": [41, 36], "uv_size": [1.25, 0.25]},
								"south": {"uv": [36, 19], "uv_size": [2.75, 0.25]},
								"west": {"uv": [41, 37], "uv_size": [1.25, 0.25]},
								"up": {"uv": [3, 23], "uv_size": [2.75, 1.25]},
								"down": {"uv": [23, 7.25], "uv_size": [2.75, -1.25]}
							}
						},
						{
							"origin": [-1.17641, 3.31438, -2.32641],
							"size": [2.76, 0.24625, 1.14323],
							"uv": {
								"north": {"uv": [36, 20], "uv_size": [2.75, 0.25]},
								"east": {"uv": [38, 41], "uv_size": [1.25, 0.25]},
								"south": {"uv": [36, 22], "uv_size": [2.75, 0.25]},
								"west": {"uv": [41, 38], "uv_size": [1.25, 0.25]},
								"up": {"uv": [23, 8], "uv_size": [2.75, 1.25]},
								"down": {"uv": [23, 13.25], "uv_size": [2.75, -1.25]}
							}
						},
						{
							"origin": [-1.30141, 3.56438, -2.01391],
							"size": [3.01, 0.12125, 1.08073],
							"uv": {
								"north": {"uv": [34, 34], "uv_size": [3, 0.25]},
								"east": {"uv": [8, 44], "uv_size": [1, 0.25]},
								"south": {"uv": [35, 0], "uv_size": [3, 0.25]},
								"west": {"uv": [44, 8], "uv_size": [1, 0.25]},
								"up": {"uv": [23, 3], "uv_size": [3, 1]},
								"down": {"uv": [15, 24], "uv_size": [3, -1]}
							}
						},
						{
							"origin": [-0.98891, 3.68938, -2.01391],
							"size": [2.385, 0.99625, 1.01823],
							"uv": {
								"north": {"uv": [23, 19], "uv_size": [2.5, 1]},
								"east": {"uv": [6, 32], "uv_size": [1, 1]},
								"south": {"uv": [8, 24], "uv_size": [2.5, 1]},
								"west": {"uv": [17, 32], "uv_size": [1, 1]},
								"up": {"uv": [24, 10], "uv_size": [2.5, 1]},
								"down": {"uv": [24, 12], "uv_size": [2.5, -1]}
							}
						},
						{
							"origin": [0.22984, 4.00188, -1.95141],
							"size": [1.0725, 0.99625, 0.98698],
							"uv": {
								"north": {"uv": [9, 33], "uv_size": [1, 1]},
								"east": {"uv": [10, 33], "uv_size": [1, 1]},
								"south": {"uv": [11, 33], "uv_size": [1, 1]},
								"west": {"uv": [12, 33], "uv_size": [1, 1]},
								"up": {"uv": [33, 12], "uv_size": [1, 1]},
								"down": {"uv": [13, 34], "uv_size": [1, -1]}
							}
						},
						{
							"origin": [1.04234, 3.62688, -2.01391],
							"size": [0.35375, 1.05875, 1.01823],
							"pivot": [1.39609, 4.68563, -0.96443],
							"rotation": [0, 0, -17.5],
							"uv": {
								"north": {"uv": [17, 44], "uv_size": [0.25, 1]},
								"east": {"uv": [21, 32], "uv_size": [1, 1]},
								"south": {"uv": [44, 17], "uv_size": [0.25, 1]},
								"west": {"uv": [22, 32], "uv_size": [1, 1]},
								"up": {"uv": [18, 44], "uv_size": [0.25, 1]},
								"down": {"uv": [44, 19], "uv_size": [0.25, -1]}
							}
						},
						{
							"origin": [-0.98984, 3.62688, -2.01391],
							"size": [0.35375, 1.05875, 1.01823],
							"pivot": [-0.98984, 4.68563, -0.96443],
							"rotation": [0, 0, 17.5],
							"uv": {
								"north": {"uv": [43, 44], "uv_size": [0.25, 1]},
								"east": {"uv": [7, 33], "uv_size": [1, 1]},
								"south": {"uv": [44, 43], "uv_size": [0.25, 1]},
								"west": {"uv": [8, 33], "uv_size": [1, 1]},
								"up": {"uv": [44, 44], "uv_size": [0.25, 1]},
								"down": {"uv": [0, 46], "uv_size": [0.25, -1]}
							}
						},
						{
							"origin": [1.03718, 3.63436, -1.06006],
							"size": [0.35375, 1.05875, 0.08073],
							"pivot": [1.39093, 4.69311, -1.01059],
							"rotation": [2.5, 0, -17.5],
							"uv": {
								"north": {"uv": [28, 44], "uv_size": [0.25, 1]},
								"east": {"uv": [44, 28], "uv_size": [0.25, 1]},
								"south": {"uv": [29, 44], "uv_size": [0.25, 1]},
								"west": {"uv": [44, 29], "uv_size": [0.25, 1]},
								"up": {"uv": [47, 37], "uv_size": [0.25, 0.25]},
								"down": {"uv": [38, 47.25], "uv_size": [0.25, -0.25]}
							}
						},
						{
							"origin": [-0.98468, 3.63436, -1.06006],
							"size": [0.35375, 1.05875, 0.08073],
							"pivot": [-0.98468, 4.69311, -1.01059],
							"rotation": [2.5, 0, 17.5],
							"uv": {
								"north": {"uv": [45, 12], "uv_size": [0.25, 1]},
								"east": {"uv": [13, 45], "uv_size": [0.25, 1]},
								"south": {"uv": [45, 13], "uv_size": [0.25, 1]},
								"west": {"uv": [14, 45], "uv_size": [0.25, 1]},
								"up": {"uv": [47, 44], "uv_size": [0.25, 0.25]},
								"down": {"uv": [45, 47.25], "uv_size": [0.25, -0.25]}
							}
						},
						{
							"origin": [-0.49542, 3.65812, -3.08517],
							"size": [1.41625, 0.6525, 1.08073],
							"uv": {
								"north": {"uv": [31, 30], "uv_size": [1.5, 0.75]},
								"east": {"uv": [0, 35], "uv_size": [1, 0.75]},
								"south": {"uv": [32, 3], "uv_size": [1.5, 0.75]},
								"west": {"uv": [1, 35], "uv_size": [1, 0.75]},
								"up": {"uv": [14, 29], "uv_size": [1.5, 1]},
								"down": {"uv": [29, 15], "uv_size": [1.5, -1]}
							}
						},
						{
							"origin": [0.91083, 3.68563, -3.08517],
							"size": [0.16625, 0.6525, 1.08073],
							"pivot": [1.07708, 3.68562, -3.08517],
							"rotation": [0, 0, -15],
							"uv": {
								"north": {"uv": [17, 46], "uv_size": [0.25, 0.75]},
								"east": {"uv": [4, 35], "uv_size": [1, 0.75]},
								"south": {"uv": [46, 17], "uv_size": [0.25, 0.75]},
								"west": {"uv": [35, 4], "uv_size": [1, 0.75]},
								"up": {"uv": [24, 44], "uv_size": [0.25, 1]},
								"down": {"uv": [44, 25], "uv_size": [0.25, -1]}
							}
						},
						{
							"origin": [-0.67083, 3.68563, -3.08517],
							"size": [0.16625, 0.6525, 1.08073],
							"pivot": [-0.67083, 3.68562, -3.08517],
							"rotation": [0, 0, 15],
							"uv": {
								"north": {"uv": [20, 46], "uv_size": [0.25, 0.75]},
								"east": {"uv": [5, 35], "uv_size": [1, 0.75]},
								"south": {"uv": [46, 20], "uv_size": [0.25, 0.75]},
								"west": {"uv": [35, 5], "uv_size": [1, 0.75]},
								"up": {"uv": [45, 2], "uv_size": [0.25, 1]},
								"down": {"uv": [3, 46], "uv_size": [0.25, -1]}
							}
						},
						{
							"origin": [-0.68292, 3.56437, -3.08517],
							"size": [1.76, 0.12125, 1.08073],
							"uv": {
								"north": {"uv": [39, 26], "uv_size": [1.75, 0.25]},
								"east": {"uv": [23, 44], "uv_size": [1, 0.25]},
								"south": {"uv": [28, 39], "uv_size": [1.75, 0.25]},
								"west": {"uv": [44, 23], "uv_size": [1, 0.25]},
								"up": {"uv": [26, 19], "uv_size": [1.75, 1]},
								"down": {"uv": [27, 12], "uv_size": [1.75, -1]}
							}
						},
						{
							"origin": [-0.68292, 4.31437, -2.36642],
							"size": [1.85375, 0.37125, 0.36198],
							"uv": {
								"north": {"uv": [39, 20], "uv_size": [1.75, 0.25]},
								"east": {"uv": [47, 35], "uv_size": [0.25, 0.25]},
								"south": {"uv": [24, 39], "uv_size": [1.75, 0.25]},
								"west": {"uv": [36, 47], "uv_size": [0.25, 0.25]},
								"up": {"uv": [39, 25], "uv_size": [1.75, 0.25]},
								"down": {"uv": [26, 39.25], "uv_size": [1.75, -0.25]}
							}
						},
						{
							"origin": [-0.49542, 3.84968, -3.22946],
							"size": [1.41625, 0.49625, 0.79948],
							"pivot": [0.98333, 4.62312, -3.08517],
							"rotation": [27.5, 0, 0],
							"uv": {
								"north": {"uv": [35, 2], "uv_size": [1.5, 0.5]},
								"east": {"uv": [40, 15], "uv_size": [0.75, 0.5]},
								"south": {"uv": [35, 3], "uv_size": [1.5, 0.5]},
								"west": {"uv": [16, 40], "uv_size": [0.75, 0.5]},
								"up": {"uv": [4, 32], "uv_size": [1.5, 0.75]},
								"down": {"uv": [32, 6.75], "uv_size": [1.5, -0.75]}
							}
						},
						{
							"origin": [0.87958, 3.84968, -2.72946],
							"size": [0.22875, 0.49625, 0.29948],
							"pivot": [0.98333, 4.62312, -3.08517],
							"rotation": [27.5, 0, 0],
							"uv": {
								"north": {"uv": [40, 46], "uv_size": [0.25, 0.5]},
								"east": {"uv": [46, 40], "uv_size": [0.25, 0.5]},
								"south": {"uv": [41, 46], "uv_size": [0.25, 0.5]},
								"west": {"uv": [46, 41], "uv_size": [0.25, 0.5]},
								"up": {"uv": [47, 36], "uv_size": [0.25, 0.25]},
								"down": {"uv": [37, 47.25], "uv_size": [0.25, -0.25]}
							}
						},
						{
							"origin": [-0.65167, 3.84968, -2.72946],
							"size": [0.22875, 0.49625, 0.29948],
							"pivot": [-0.54792, 4.62312, -3.08517],
							"rotation": [27.5, 0, 0],
							"uv": {
								"north": {"uv": [47, 0], "uv_size": [0.25, 0.5]},
								"east": {"uv": [1, 47], "uv_size": [0.25, 0.5]},
								"south": {"uv": [47, 1], "uv_size": [0.25, 0.5]},
								"west": {"uv": [2, 47], "uv_size": [0.25, 0.5]},
								"up": {"uv": [47, 41], "uv_size": [0.25, 0.25]},
								"down": {"uv": [42, 47.25], "uv_size": [0.25, -0.25]}
							}
						},
						{
							"origin": [0.75458, 3.81437, -3.08517],
							"size": [0.16625, 0.49625, 0.83073],
							"pivot": [0.92083, 4.31062, -3.08517],
							"rotation": [28.9854, 17.66046, 9.54013],
							"uv": {
								"north": {"uv": [39, 46], "uv_size": [0.25, 0.5]},
								"east": {"uv": [40, 18], "uv_size": [0.75, 0.5]},
								"south": {"uv": [46, 39], "uv_size": [0.25, 0.5]},
								"west": {"uv": [19, 40], "uv_size": [0.75, 0.5]},
								"up": {"uv": [18, 46], "uv_size": [0.25, 0.75]},
								"down": {"uv": [46, 18.75], "uv_size": [0.25, -0.75]}
							}
						},
						{
							"origin": [-0.51458, 3.81437, -3.08517],
							"size": [0.16625, 0.49625, 0.83073],
							"pivot": [-0.51458, 4.31062, -3.08517],
							"rotation": [28.9854, -17.66046, -9.54013],
							"uv": {
								"north": {"uv": [46, 46], "uv_size": [0.25, 0.5]},
								"east": {"uv": [40, 34], "uv_size": [0.75, 0.5]},
								"south": {"uv": [0, 47], "uv_size": [0.25, 0.5]},
								"west": {"uv": [35, 40], "uv_size": [0.75, 0.5]},
								"up": {"uv": [21, 46], "uv_size": [0.25, 0.75]},
								"down": {"uv": [46, 21.75], "uv_size": [0.25, -0.75]}
							}
						},
						{
							"origin": [-0.48861, 3.81437, -3.04655],
							"size": [0.16625, 0.49625, 0.83073],
							"pivot": [-0.38251, 4.31062, -3.08517],
							"rotation": [28.9854, -17.66046, -9.54013],
							"uv": {
								"north": {"uv": [44, 46], "uv_size": [0.25, 0.5]},
								"east": {"uv": [26, 40], "uv_size": [0.75, 0.5]},
								"south": {"uv": [46, 44], "uv_size": [0.25, 0.5]},
								"west": {"uv": [27, 40], "uv_size": [0.75, 0.5]},
								"up": {"uv": [19, 46], "uv_size": [0.25, 0.75]},
								"down": {"uv": [46, 19.75], "uv_size": [0.25, -0.75]}
							}
						},
						{
							"origin": [1.04234, 3.62687, -0.99568],
							"size": [0.35375, 1.05875, 0.29948],
							"pivot": [1.39609, 4.68563, -0.99568],
							"rotation": [7.98205, -23.7695, -19.18246],
							"uv": {
								"north": {"uv": [9, 44], "uv_size": [0.25, 1]},
								"east": {"uv": [44, 9], "uv_size": [0.25, 1]},
								"south": {"uv": [10, 44], "uv_size": [0.25, 1]},
								"west": {"uv": [44, 10], "uv_size": [0.25, 1]},
								"up": {"uv": [47, 34], "uv_size": [0.25, 0.25]},
								"down": {"uv": [35, 47.25], "uv_size": [0.25, -0.25]}
							}
						},
						{
							"origin": [-0.98984, 3.62687, -0.99568],
							"size": [0.35375, 1.05875, 0.29948],
							"pivot": [-0.98984, 4.68563, -0.99568],
							"rotation": [7.98205, 23.7695, 19.18246],
							"uv": {
								"north": {"uv": [41, 44], "uv_size": [0.25, 1]},
								"east": {"uv": [44, 41], "uv_size": [0.25, 1]},
								"south": {"uv": [42, 44], "uv_size": [0.25, 1]},
								"west": {"uv": [44, 42], "uv_size": [0.25, 1]},
								"up": {"uv": [47, 40], "uv_size": [0.25, 0.25]},
								"down": {"uv": [41, 47.25], "uv_size": [0.25, -0.25]}
							}
						},
						{
							"origin": [0.94702, 3.62687, -0.77374],
							"size": [0.3225, 1.05875, 0.04948],
							"pivot": [1.26952, 4.68562, -0.72426],
							"rotation": [10.48205, -23.7695, -19.18246],
							"uv": {
								"north": {"uv": [36, 44], "uv_size": [0.25, 1]},
								"east": {"uv": [44, 36], "uv_size": [0.25, 1]},
								"south": {"uv": [37, 44], "uv_size": [0.25, 1]},
								"west": {"uv": [44, 37], "uv_size": [0.25, 1]},
								"up": {"uv": [47, 39], "uv_size": [0.25, 0.25]},
								"down": {"uv": [40, 47.25], "uv_size": [0.25, -0.25]}
							}
						},
						{
							"origin": [-0.86327, 3.62687, -0.77374],
							"size": [0.3225, 1.05875, 0.04948],
							"pivot": [-0.86327, 4.68562, -0.72426],
							"rotation": [10.48205, 23.7695, 19.18246],
							"uv": {
								"north": {"uv": [45, 9], "uv_size": [0.25, 1]},
								"east": {"uv": [10, 45], "uv_size": [0.25, 1]},
								"south": {"uv": [45, 10], "uv_size": [0.25, 1]},
								"west": {"uv": [11, 45], "uv_size": [0.25, 1]},
								"up": {"uv": [47, 43], "uv_size": [0.25, 0.25]},
								"down": {"uv": [44, 47.25], "uv_size": [0.25, -0.25]}
							}
						},
						{
							"origin": [0.41734, 3.65812, -0.99568],
							"size": [0.97875, 1.0275, 0.29948],
							"pivot": [1.39609, 4.68562, -0.99568],
							"rotation": [0, -25, 0],
							"uv": {
								"north": {"uv": [33, 2], "uv_size": [1, 1]},
								"east": {"uv": [34, 44], "uv_size": [0.25, 1]},
								"south": {"uv": [4, 33], "uv_size": [1, 1]},
								"west": {"uv": [44, 34], "uv_size": [0.25, 1]},
								"up": {"uv": [35, 44], "uv_size": [1, 0.25]},
								"down": {"uv": [44, 35.25], "uv_size": [1, -0.25]}
							}
						},
						{
							"origin": [-0.98891, 3.65812, -0.99568],
							"size": [0.97875, 1.0275, 0.29948],
							"pivot": [-0.98891, 4.68562, -0.99568],
							"rotation": [0, 25, 0],
							"uv": {
								"north": {"uv": [33, 5], "uv_size": [1, 1]},
								"east": {"uv": [38, 44], "uv_size": [0.25, 1]},
								"south": {"uv": [6, 33], "uv_size": [1, 1]},
								"west": {"uv": [44, 38], "uv_size": [0.25, 1]},
								"up": {"uv": [39, 44], "uv_size": [1, 0.25]},
								"down": {"uv": [44, 39.25], "uv_size": [1, -0.25]}
							}
						},
						{
							"origin": [1.00678, 3.63434, -0.9821],
							"size": [0.385, 1.0275, 0.11198],
							"pivot": [1.39178, 4.66184, -0.9821],
							"rotation": [2.98205, -23.7695, -19.18246],
							"uv": {
								"north": {"uv": [39, 13], "uv_size": [0.5, 1]},
								"east": {"uv": [30, 44], "uv_size": [0.25, 1]},
								"south": {"uv": [14, 39], "uv_size": [0.5, 1]},
								"west": {"uv": [44, 30], "uv_size": [0.25, 1]},
								"up": {"uv": [43, 46], "uv_size": [0.5, 0.25]},
								"down": {"uv": [46, 43.25], "uv_size": [0.5, -0.25]}
							}
						},
						{
							"origin": [-0.98553, 3.63434, -0.9821],
							"size": [0.385, 1.0275, 0.11198],
							"pivot": [-0.98553, 4.66184, -0.9821],
							"rotation": [2.98205, 23.7695, 19.18246],
							"uv": {
								"north": {"uv": [39, 18], "uv_size": [0.5, 1]},
								"east": {"uv": [45, 11], "uv_size": [0.25, 1]},
								"south": {"uv": [39, 19], "uv_size": [0.5, 1]},
								"west": {"uv": [12, 45], "uv_size": [0.25, 1]},
								"up": {"uv": [47, 3], "uv_size": [0.5, 0.25]},
								"down": {"uv": [4, 47.25], "uv_size": [0.5, -0.25]}
							}
						},
						{
							"origin": [0.72984, 3.56438, -0.93318],
							"size": [0.97875, 0.12125, 0.42448],
							"pivot": [1.70859, 3.68563, -0.93318],
							"rotation": [0, -25, 0],
							"uv": {
								"north": {"uv": [27, 44], "uv_size": [1, 0.25]},
								"east": {"uv": [42, 46], "uv_size": [0.5, 0.25]},
								"south": {"uv": [44, 27], "uv_size": [1, 0.25]},
								"west": {"uv": [46, 42], "uv_size": [0.5, 0.25]},
								"up": {"uv": [39, 12], "uv_size": [1, 0.5]},
								"down": {"uv": [13, 39.5], "uv_size": [1, -0.5]}
							}
						},
						{
							"origin": [-1.25096, 3.56438, -1.16135],
							"size": [0.97875, 0.12125, 0.45573],
							"pivot": [-0.76159, 3.625, -0.93349],
							"rotation": [0, 25, 0],
							"uv": {
								"north": {"uv": [13, 44], "uv_size": [1, 0.25]},
								"east": {"uv": [35, 46], "uv_size": [0.5, 0.25]},
								"south": {"uv": [44, 13], "uv_size": [1, 0.25]},
								"west": {"uv": [46, 35], "uv_size": [0.5, 0.25]},
								"up": {"uv": [6, 39], "uv_size": [1, 0.5]},
								"down": {"uv": [7, 39.5], "uv_size": [1, -0.5]}
							}
						},
						{
							"origin": [-1.30141, 3.56438, -3.25089],
							"size": [0.97875, 0.12125, 1.23698],
							"pivot": [-1.30141, 3.68563, -2.01391],
							"rotation": [0, -30, 0],
							"uv": {
								"north": {"uv": [14, 44], "uv_size": [1, 0.25]},
								"east": {"uv": [41, 39], "uv_size": [1.25, 0.25]},
								"south": {"uv": [44, 14], "uv_size": [1, 0.25]},
								"west": {"uv": [40, 41], "uv_size": [1.25, 0.25]},
								"up": {"uv": [21, 30], "uv_size": [1, 1.25]},
								"down": {"uv": [22, 31.25], "uv_size": [1, -1.25]}
							}
						},
						{
							"origin": [0.72984, 3.56438, -3.25089],
							"size": [0.97875, 0.12125, 1.23698],
							"pivot": [1.70859, 3.68563, -2.01391],
							"rotation": [0, 30, 0],
							"uv": {
								"north": {"uv": [15, 44], "uv_size": [1, 0.25]},
								"east": {"uv": [41, 40], "uv_size": [1.25, 0.25]},
								"south": {"uv": [44, 15], "uv_size": [1, 0.25]},
								"west": {"uv": [0, 42], "uv_size": [1.25, 0.25]},
								"up": {"uv": [30, 29], "uv_size": [1, 1.25]},
								"down": {"uv": [0, 32.25], "uv_size": [1, -1.25]}
							}
						},
						{
							"origin": [1.22984, 3.68938, -2.59464],
							"size": [0.47875, 1.0275, 0.42448],
							"pivot": [1.70859, 3.68563, -2.01391],
							"rotation": [-8.49878, 28.87909, -17.19212],
							"uv": {
								"north": {"uv": [39, 8], "uv_size": [0.5, 1]},
								"east": {"uv": [9, 39], "uv_size": [0.5, 1]},
								"south": {"uv": [39, 9], "uv_size": [0.5, 1]},
								"west": {"uv": [10, 39], "uv_size": [0.5, 1]},
								"up": {"uv": [19, 44], "uv_size": [0.5, 0.5]},
								"down": {"uv": [44, 19.5], "uv_size": [0.5, -0.5]}
							}
						},
						{
							"origin": [-1.30234, 3.68938, -2.59464],
							"size": [0.47875, 1.0275, 0.42448],
							"pivot": [-1.30234, 3.68563, -2.01391],
							"rotation": [-8.49878, -28.87909, 17.19212],
							"uv": {
								"north": {"uv": [39, 14], "uv_size": [0.5, 1]},
								"east": {"uv": [15, 39], "uv_size": [0.5, 1]},
								"south": {"uv": [39, 15], "uv_size": [0.5, 1]},
								"west": {"uv": [16, 39], "uv_size": [0.5, 1]},
								"up": {"uv": [45, 4], "uv_size": [0.5, 0.5]},
								"down": {"uv": [5, 45.5], "uv_size": [0.5, -0.5]}
							}
						},
						{
							"origin": [0.93863, 3.68925, -3.15958],
							"size": [0.47875, 0.62125, 0.64323],
							"pivot": [1.41738, 3.68925, -2.51635],
							"rotation": [-8.49878, 28.87909, -17.19212],
							"uv": {
								"north": {"uv": [22, 44], "uv_size": [0.5, 0.5]},
								"east": {"uv": [40, 16], "uv_size": [0.75, 0.5]},
								"south": {"uv": [44, 22], "uv_size": [0.5, 0.5]},
								"west": {"uv": [17, 40], "uv_size": [0.75, 0.5]},
								"up": {"uv": [40, 17], "uv_size": [0.5, 0.75]},
								"down": {"uv": [18, 40.75], "uv_size": [0.5, -0.75]}
							}
						},
						{
							"origin": [-1.01113, 3.68925, -3.15958],
							"size": [0.47875, 0.62125, 0.64323],
							"pivot": [-1.01113, 3.68925, -2.51635],
							"rotation": [-8.49878, -28.87909, 17.19212],
							"uv": {
								"north": {"uv": [45, 0], "uv_size": [0.5, 0.5]},
								"east": {"uv": [40, 27], "uv_size": [0.75, 0.5]},
								"south": {"uv": [1, 45], "uv_size": [0.5, 0.5]},
								"west": {"uv": [28, 40], "uv_size": [0.75, 0.5]},
								"up": {"uv": [40, 28], "uv_size": [0.5, 0.75]},
								"down": {"uv": [29, 40.75], "uv_size": [0.5, -0.75]}
							}
						},
						{
							"origin": [0.44208, 3.68937, -3.08517],
							"size": [0.47875, 0.62125, 0.86198],
							"pivot": [0.92083, 4.31062, -3.08517],
							"rotation": [20.27769, 28.03867, -14.51389],
							"uv": {
								"north": {"uv": [26, 44], "uv_size": [0.5, 0.5]},
								"east": {"uv": [40, 23], "uv_size": [0.75, 0.5]},
								"south": {"uv": [44, 26], "uv_size": [0.5, 0.5]},
								"west": {"uv": [24, 40], "uv_size": [0.75, 0.5]},
								"up": {"uv": [40, 24], "uv_size": [0.5, 0.75]},
								"down": {"uv": [25, 40.75], "uv_size": [0.5, -0.75]}
							}
						},
						{
							"origin": [-0.51458, 3.68937, -3.08517],
							"size": [0.47875, 0.62125, 0.86198],
							"pivot": [-0.51458, 4.31062, -3.08517],
							"rotation": [20.27769, -28.03867, 14.51389],
							"uv": {
								"north": {"uv": [45, 3], "uv_size": [0.5, 0.5]},
								"east": {"uv": [32, 40], "uv_size": [0.75, 0.5]},
								"south": {"uv": [4, 45], "uv_size": [0.5, 0.5]},
								"west": {"uv": [33, 40], "uv_size": [0.75, 0.5]},
								"up": {"uv": [40, 33], "uv_size": [0.5, 0.75]},
								"down": {"uv": [34, 40.75], "uv_size": [0.5, -0.75]}
							}
						},
						{
							"origin": [0.61702, 3.68925, -3.07341],
							"size": [0.47875, 0.62125, 0.73698],
							"pivot": [1.09577, 3.68925, -3.07341],
							"rotation": [-0.59814, 28.42725, -16.22846],
							"uv": {
								"north": {"uv": [25, 44], "uv_size": [0.5, 0.5]},
								"east": {"uv": [40, 19], "uv_size": [0.75, 0.5]},
								"south": {"uv": [44, 25], "uv_size": [0.5, 0.5]},
								"west": {"uv": [40, 21], "uv_size": [0.75, 0.5]},
								"up": {"uv": [22, 40], "uv_size": [0.5, 0.75]},
								"down": {"uv": [40, 22.75], "uv_size": [0.5, -0.75]}
							}
						},
						{
							"origin": [-0.68952, 3.68925, -3.07341],
							"size": [0.47875, 0.62125, 0.73698],
							"pivot": [-0.68952, 3.68925, -3.07341],
							"rotation": [-0.59814, -28.42725, 16.22846],
							"uv": {
								"north": {"uv": [45, 1], "uv_size": [0.5, 0.5]},
								"east": {"uv": [40, 29], "uv_size": [0.75, 0.5]},
								"south": {"uv": [2, 45], "uv_size": [0.5, 0.5]},
								"west": {"uv": [30, 40], "uv_size": [0.75, 0.5]},
								"up": {"uv": [40, 30], "uv_size": [0.5, 0.75]},
								"down": {"uv": [31, 40.75], "uv_size": [0.5, -0.75]}
							}
						},
						{
							"origin": [1.1803, 3.65812, -2.45782],
							"size": [0.29125, 1.0275, 0.42448],
							"pivot": [1.47155, 3.65437, -1.87709],
							"rotation": [0, 28.87909, 0],
							"uv": {
								"north": {"uv": [21, 44], "uv_size": [0.25, 1]},
								"east": {"uv": [39, 11], "uv_size": [0.5, 1]},
								"south": {"uv": [44, 21], "uv_size": [0.25, 1]},
								"west": {"uv": [12, 39], "uv_size": [0.5, 1]},
								"up": {"uv": [38, 46], "uv_size": [0.25, 0.5]},
								"down": {"uv": [46, 38.5], "uv_size": [0.25, -0.5]}
							}
						},
						{
							"origin": [-1.0653, 3.65812, -2.45782],
							"size": [0.29125, 1.0275, 0.42448],
							"pivot": [-1.0653, 3.65437, -1.87709],
							"rotation": [0, -28.87909, 0],
							"uv": {
								"north": {"uv": [45, 6], "uv_size": [0.25, 1]},
								"east": {"uv": [39, 17], "uv_size": [0.5, 1]},
								"south": {"uv": [7, 45], "uv_size": [0.25, 1]},
								"west": {"uv": [18, 39], "uv_size": [0.5, 1]},
								"up": {"uv": [47, 2], "uv_size": [0.25, 0.5]},
								"down": {"uv": [3, 47.5], "uv_size": [0.25, -0.5]}
							}
						},
						{
							"origin": [1.26109, 3.68938, -2.15714],
							"size": [0.4475, 1.0275, 0.14323],
							"pivot": [1.70859, 3.68563, -2.01391],
							"rotation": [-0.99878, 28.87909, -17.19212],
							"uv": {
								"north": {"uv": [39, 10], "uv_size": [0.5, 1]},
								"east": {"uv": [20, 44], "uv_size": [0.25, 1]},
								"south": {"uv": [11, 39], "uv_size": [0.5, 1]},
								"west": {"uv": [44, 20], "uv_size": [0.25, 1]},
								"up": {"uv": [37, 46], "uv_size": [0.5, 0.25]},
								"down": {"uv": [46, 37.25], "uv_size": [0.5, -0.25]}
							}
						},
						{
							"origin": [-1.30234, 3.68938, -2.15714],
							"size": [0.4475, 1.0275, 0.14323],
							"pivot": [-1.30234, 3.68563, -2.01391],
							"rotation": [-0.99878, -28.87909, 17.19212],
							"uv": {
								"north": {"uv": [39, 16], "uv_size": [0.5, 1]},
								"east": {"uv": [45, 5], "uv_size": [0.25, 1]},
								"south": {"uv": [17, 39], "uv_size": [0.5, 1]},
								"west": {"uv": [6, 45], "uv_size": [0.25, 1]},
								"up": {"uv": [45, 46], "uv_size": [0.5, 0.25]},
								"down": {"uv": [46, 45.25], "uv_size": [0.5, -0.25]}
							}
						},
						{
							"origin": [-1.05141, 3.68938, -3.25089],
							"size": [0.5725, 0.12125, 1.01823],
							"pivot": [-1.45766, 3.81063, -2.01391],
							"rotation": [0, -30, 0],
							"uv": {
								"north": {"uv": [36, 46], "uv_size": [0.5, 0.25]},
								"east": {"uv": [16, 44], "uv_size": [1, 0.25]},
								"south": {"uv": [46, 36], "uv_size": [0.5, 0.25]},
								"west": {"uv": [44, 16], "uv_size": [1, 0.25]},
								"up": {"uv": [39, 7], "uv_size": [0.5, 1]},
								"down": {"uv": [8, 40], "uv_size": [0.5, -1]}
							}
						},
						{
							"origin": [0.55045, 3.56438, -0.54847],
							"size": [0.97875, 0.12125, 1.51823],
							"pivot": [1.5292, 3.68563, -0.54847],
							"rotation": [0, -62.5, 0],
							"uv": {
								"north": {"uv": [11, 44], "uv_size": [1, 0.25]},
								"east": {"uv": [12, 40], "uv_size": [1.5, 0.25]},
								"south": {"uv": [44, 11], "uv_size": [1, 0.25]},
								"west": {"uv": [40, 13], "uv_size": [1.5, 0.25]},
								"up": {"uv": [11, 29], "uv_size": [1, 1.5]},
								"down": {"uv": [12, 30.5], "uv_size": [1, -1.5]}
							}
						},
						{
							"origin": [0.91577, 3.62687, -0.72426],
							"size": [0.35375, 1.05875, 1.20573],
							"pivot": [1.26952, 4.68562, -0.72426],
							"rotation": [26.43596, -58.95768, -30.12627],
							"uv": {
								"north": {"uv": [31, 44], "uv_size": [0.25, 1]},
								"east": {"uv": [31, 1], "uv_size": [1.25, 1]},
								"south": {"uv": [44, 31], "uv_size": [0.25, 1]},
								"west": {"uv": [31, 2], "uv_size": [1.25, 1]},
								"up": {"uv": [42, 0], "uv_size": [0.25, 1.25]},
								"down": {"uv": [2, 43.25], "uv_size": [0.25, -1.25]}
							}
						},
						{
							"origin": [-0.87577, 3.62303, -0.72155],
							"size": [0.35375, 1.05875, 1.20573],
							"pivot": [-0.86142, 4.68562, -0.72426],
							"rotation": [26.43596, 58.95768, 30.12627],
							"uv": {
								"north": {"uv": [40, 44], "uv_size": [0.25, 1]},
								"east": {"uv": [12, 31], "uv_size": [1.25, 1]},
								"south": {"uv": [44, 40], "uv_size": [0.25, 1]},
								"west": {"uv": [31, 12], "uv_size": [1.25, 1]},
								"up": {"uv": [42, 2], "uv_size": [0.25, 1.25]},
								"down": {"uv": [3, 43.25], "uv_size": [0.25, -1.25]}
							}
						},
						{
							"origin": [0.20362, 3.62687, -0.51507],
							"size": [0.35375, 1.05875, 0.36198],
							"pivot": [0.20362, 4.68562, -0.15309],
							"rotation": [33.93596, 58.95768, 30.12627],
							"uv": {
								"north": {"uv": [45, 14], "uv_size": [0.25, 1]},
								"east": {"uv": [15, 45], "uv_size": [0.25, 1]},
								"south": {"uv": [45, 15], "uv_size": [0.25, 1]},
								"west": {"uv": [16, 45], "uv_size": [0.25, 1]},
								"up": {"uv": [47, 45], "uv_size": [0.25, 0.25]},
								"down": {"uv": [46, 47.25], "uv_size": [0.25, -0.25]}
							}
						},
						{
							"origin": [-0.18237, 3.62687, -0.51507],
							"size": [0.35375, 1.05875, 0.36198],
							"pivot": [0.17138, 4.68562, -0.15309],
							"rotation": [33.93596, -58.95768, -30.12627],
							"uv": {
								"north": {"uv": [45, 16], "uv_size": [0.25, 1]},
								"east": {"uv": [17, 45], "uv_size": [0.25, 1]},
								"south": {"uv": [45, 17], "uv_size": [0.25, 1]},
								"west": {"uv": [18, 45], "uv_size": [0.25, 1]},
								"up": {"uv": [47, 46], "uv_size": [0.25, 0.25]},
								"down": {"uv": [47, 47.25], "uv_size": [0.25, -0.25]}
							}
						},
						{
							"origin": [0.29077, 3.65812, -0.72426],
							"size": [0.97875, 1.0275, 1.20573],
							"pivot": [1.26952, 4.68562, -0.72426],
							"rotation": [0, -62.5, 0],
							"uv": {
								"north": {"uv": [0, 33], "uv_size": [1, 1]},
								"east": {"uv": [4, 31], "uv_size": [1.25, 1]},
								"south": {"uv": [1, 33], "uv_size": [1, 1]},
								"west": {"uv": [31, 4], "uv_size": [1.25, 1]},
								"up": {"uv": [1, 31], "uv_size": [1, 1.25]},
								"down": {"uv": [7, 32.25], "uv_size": [1, -1.25]}
							}
						},
						{
							"origin": [-0.86235, 3.65812, -0.72426],
							"size": [0.97875, 1.0275, 1.20573],
							"pivot": [-0.86235, 4.68562, -0.72426],
							"rotation": [0, 62.5, 0],
							"uv": {
								"north": {"uv": [33, 4], "uv_size": [1, 1]},
								"east": {"uv": [31, 5], "uv_size": [1.25, 1]},
								"south": {"uv": [5, 33], "uv_size": [1, 1]},
								"west": {"uv": [10, 31], "uv_size": [1.25, 1]},
								"up": {"uv": [8, 31], "uv_size": [1, 1.25]},
								"down": {"uv": [31, 11.25], "uv_size": [1, -1.25]}
							}
						},
						{
							"origin": [0.91577, 3.62687, -0.72426],
							"size": [0.35375, 1.05875, 0.14323],
							"pivot": [1.26952, 4.68562, -0.72426],
							"rotation": [18.93596, -58.95768, -30.12627],
							"uv": {
								"north": {"uv": [32, 44], "uv_size": [0.25, 1]},
								"east": {"uv": [44, 32], "uv_size": [0.25, 1]},
								"south": {"uv": [33, 44], "uv_size": [0.25, 1]},
								"west": {"uv": [44, 33], "uv_size": [0.25, 1]},
								"up": {"uv": [47, 38], "uv_size": [0.25, 0.25]},
								"down": {"uv": [39, 47.25], "uv_size": [0.25, -0.25]}
							}
						},
						{
							"origin": [-0.86327, 3.62687, -0.72426],
							"size": [0.35375, 1.05875, 0.14323],
							"pivot": [-0.86327, 4.68562, -0.72426],
							"rotation": [18.93596, 58.95768, 30.12627],
							"uv": {
								"north": {"uv": [45, 7], "uv_size": [0.25, 1]},
								"east": {"uv": [8, 45], "uv_size": [0.25, 1]},
								"south": {"uv": [45, 8], "uv_size": [0.25, 1]},
								"west": {"uv": [9, 45], "uv_size": [0.25, 1]},
								"up": {"uv": [47, 42], "uv_size": [0.25, 0.25]},
								"down": {"uv": [43, 47.25], "uv_size": [0.25, -0.25]}
							}
						},
						{
							"origin": [-1.10881, 3.56438, -0.52015],
							"size": [0.97875, 0.12125, 1.45573],
							"pivot": [-1.10881, 3.68563, -0.52015],
							"rotation": [0, 62.5, 0],
							"uv": {
								"north": {"uv": [12, 44], "uv_size": [1, 0.25]},
								"east": {"uv": [14, 40], "uv_size": [1.5, 0.25]},
								"south": {"uv": [44, 12], "uv_size": [1, 0.25]},
								"west": {"uv": [40, 14], "uv_size": [1.5, 0.25]},
								"up": {"uv": [29, 12], "uv_size": [1, 1.5]},
								"down": {"uv": [13, 30.5], "uv_size": [1, -1.5]}
							}
						}
					]
				},
				{
					"name": "Gun",
					"parent": "Turret",
					"pivot": [0.20359, 2.64063, -1.7548],
					"cubes": [
						{
							"origin": [-0.17146, 3.92188, -5.0673],
							"size": [0.2188, 0.21875, 2.21875],
							"uv": {
								"north": {"uv": [0, 48], "uv_size": [0.25, 0.25]},
								"east": {"uv": [38, 0], "uv_size": [2.25, 0.25]},
								"south": {"uv": [48, 0], "uv_size": [0.25, 0.25]},
								"west": {"uv": [38, 1], "uv_size": [2.25, 0.25]},
								"up": {"uv": [0, 38], "uv_size": [0.25, 2.25]},
								"down": {"uv": [1, 40.25], "uv_size": [0.25, -2.25]}
							}
						},
						{
							"origin": [-0.20271, 3.89063, -5.09855],
							"size": [0.2813, 0.28125, 0.34375],
							"uv": {
								"north": {"uv": [1, 48], "uv_size": [0.25, 0.25]},
								"east": {"uv": [48, 1], "uv_size": [0.25, 0.25]},
								"south": {"uv": [2, 48], "uv_size": [0.25, 0.25]},
								"west": {"uv": [48, 2], "uv_size": [0.25, 0.25]},
								"up": {"uv": [3, 48], "uv_size": [0.25, 0.25]},
								"down": {"uv": [48, 3.25], "uv_size": [0.25, -0.25]}
							}
						},
						{
							"origin": [-0.32771, 3.60938, -3.22355],
							"size": [0.5313, 0.75, 0.375],
							"uv": {
								"north": {"uv": [40, 35], "uv_size": [0.5, 0.75]},
								"east": {"uv": [36, 40], "uv_size": [0.5, 0.75]},
								"south": {"uv": [40, 36], "uv_size": [0.5, 0.75]},
								"west": {"uv": [37, 40], "uv_size": [0.5, 0.75]},
								"up": {"uv": [45, 18], "uv_size": [0.5, 0.5]},
								"down": {"uv": [19, 45.5], "uv_size": [0.5, -0.5]}
							}
						},
						{
							"origin": [-0.26521, 3.82813, -3.47355],
							"size": [0.4063, 0.40625, 0.28125],
							"uv": {
								"north": {"uv": [40, 35], "uv_size": [0.5, 0.75]},
								"east": {"uv": [36, 40], "uv_size": [0.5, 0.75]},
								"south": {"uv": [40, 36], "uv_size": [0.5, 0.75]},
								"west": {"uv": [37, 40], "uv_size": [0.5, 0.75]},
								"up": {"uv": [45, 18], "uv_size": [0.5, 0.5]},
								"down": {"uv": [19, 45.5], "uv_size": [0.5, -0.5]}
							}
						},
						{
							"origin": [0.26604, 3.64063, -3.22355],
							"size": [0.37505, 0.65625, 0.375],
							"uv": {
								"north": {"uv": [40, 37], "uv_size": [0.5, 0.75]},
								"east": {"uv": [38, 40], "uv_size": [0.5, 0.75]},
								"south": {"uv": [39, 40], "uv_size": [0.5, 0.75]},
								"west": {"uv": [40, 40], "uv_size": [0.5, 0.75]},
								"up": {"uv": [45, 19], "uv_size": [0.5, 0.5]},
								"down": {"uv": [20, 45.5], "uv_size": [0.5, -0.5]}
							}
						},
						{
							"origin": [0.43484, 4.01563, -3.6923],
							"size": [0.05, 0.05, 0.375],
							"uv": {
								"north": {"uv": [4, 48], "uv_size": [0.25, 0.25]},
								"east": {"uv": [47, 4], "uv_size": [0.5, 0.25]},
								"south": {"uv": [48, 4], "uv_size": [0.25, 0.25]},
								"west": {"uv": [5, 47], "uv_size": [0.5, 0.25]},
								"up": {"uv": [47, 5], "uv_size": [0.25, 0.5]},
								"down": {"uv": [6, 47.5], "uv_size": [0.25, -0.5]}
							}
						},
						{
							"origin": [0.35984, 3.95313, -3.59855],
							"size": [0.1875, 0.1875, 0.375],
							"uv": {
								"north": {"uv": [5, 48], "uv_size": [0.25, 0.25]},
								"east": {"uv": [47, 6], "uv_size": [0.5, 0.25]},
								"south": {"uv": [48, 5], "uv_size": [0.25, 0.25]},
								"west": {"uv": [7, 47], "uv_size": [0.5, 0.25]},
								"up": {"uv": [47, 7], "uv_size": [0.25, 0.5]},
								"down": {"uv": [8, 47.5], "uv_size": [0.25, -0.5]}
							}
						},
						{
							"origin": [0.35984, 3.95313, -3.59855],
							"size": [0.1875, 0.1875, 0.53125],
							"pivot": [0.54734, 4.14063, -3.59855],
							"rotation": [0, 10, 0],
							"uv": {
								"north": {"uv": [6, 48], "uv_size": [0.25, 0.25]},
								"east": {"uv": [47, 8], "uv_size": [0.5, 0.25]},
								"south": {"uv": [48, 6], "uv_size": [0.25, 0.25]},
								"west": {"uv": [9, 47], "uv_size": [0.5, 0.25]},
								"up": {"uv": [47, 9], "uv_size": [0.25, 0.5]},
								"down": {"uv": [10, 47.5], "uv_size": [0.25, -0.5]}
							}
						},
						{
							"origin": [0.35984, 3.95313, -3.59855],
							"size": [0.1875, 0.1875, 0.53125],
							"pivot": [0.54734, 4.14063, -3.59855],
							"rotation": [10, 0, 0],
							"uv": {
								"north": {"uv": [8, 48], "uv_size": [0.25, 0.25]},
								"east": {"uv": [47, 12], "uv_size": [0.5, 0.25]},
								"south": {"uv": [48, 8], "uv_size": [0.25, 0.25]},
								"west": {"uv": [13, 47], "uv_size": [0.5, 0.25]},
								"up": {"uv": [47, 13], "uv_size": [0.25, 0.5]},
								"down": {"uv": [14, 47.5], "uv_size": [0.25, -0.5]}
							}
						},
						{
							"origin": [0.35984, 3.95312, -3.59855],
							"size": [0.1875, 0.1875, 0.53125],
							"pivot": [0.54734, 3.95312, -3.59855],
							"rotation": [-10, 0, 0],
							"uv": {
								"north": {"uv": [12, 48], "uv_size": [0.25, 0.25]},
								"east": {"uv": [47, 20], "uv_size": [0.5, 0.25]},
								"south": {"uv": [48, 12], "uv_size": [0.25, 0.25]},
								"west": {"uv": [21, 47], "uv_size": [0.5, 0.25]},
								"up": {"uv": [47, 21], "uv_size": [0.25, 0.5]},
								"down": {"uv": [22, 47.5], "uv_size": [0.25, -0.5]}
							}
						},
						{
							"origin": [0.35984, 3.95313, -3.59855],
							"size": [0.1875, 0.1875, 0.53125],
							"pivot": [0.54734, 4.14063, -3.59855],
							"rotation": [10, 10, 0],
							"uv": {
								"north": {"uv": [9, 48], "uv_size": [0.25, 0.25]},
								"east": {"uv": [47, 14], "uv_size": [0.5, 0.25]},
								"south": {"uv": [48, 9], "uv_size": [0.25, 0.25]},
								"west": {"uv": [15, 47], "uv_size": [0.5, 0.25]},
								"up": {"uv": [47, 15], "uv_size": [0.25, 0.5]},
								"down": {"uv": [16, 47.5], "uv_size": [0.25, -0.5]}
							}
						},
						{
							"origin": [0.35984, 3.95312, -3.59855],
							"size": [0.1875, 0.1875, 0.53125],
							"pivot": [0.54734, 3.95312, -3.59855],
							"rotation": [-10, 10, 0],
							"uv": {
								"north": {"uv": [11, 48], "uv_size": [0.25, 0.25]},
								"east": {"uv": [47, 18], "uv_size": [0.5, 0.25]},
								"south": {"uv": [48, 11], "uv_size": [0.25, 0.25]},
								"west": {"uv": [19, 47], "uv_size": [0.5, 0.25]},
								"up": {"uv": [47, 19], "uv_size": [0.25, 0.5]},
								"down": {"uv": [20, 47.5], "uv_size": [0.25, -0.5]}
							}
						},
						{
							"origin": [0.35699, 3.95313, -3.56599],
							"size": [0.1875, 0.1875, 0.53125],
							"pivot": [0.54449, 4.14063, -3.56599],
							"rotation": [10, -10, 0],
							"uv": {
								"north": {"uv": [7, 48], "uv_size": [0.25, 0.25]},
								"east": {"uv": [47, 10], "uv_size": [0.5, 0.25]},
								"south": {"uv": [48, 7], "uv_size": [0.25, 0.25]},
								"west": {"uv": [11, 47], "uv_size": [0.5, 0.25]},
								"up": {"uv": [47, 11], "uv_size": [0.25, 0.5]},
								"down": {"uv": [12, 47.5], "uv_size": [0.25, -0.5]}
							}
						},
						{
							"origin": [0.35699, 3.95312, -3.56599],
							"size": [0.1875, 0.1875, 0.53125],
							"pivot": [0.54449, 3.95312, -3.56599],
							"rotation": [-10, -10, 0],
							"uv": {
								"north": {"uv": [13, 48], "uv_size": [0.25, 0.25]},
								"east": {"uv": [47, 22], "uv_size": [0.5, 0.25]},
								"south": {"uv": [48, 13], "uv_size": [0.25, 0.25]},
								"west": {"uv": [23, 47], "uv_size": [0.5, 0.25]},
								"up": {"uv": [47, 23], "uv_size": [0.25, 0.5]},
								"down": {"uv": [24, 47.5], "uv_size": [0.25, -0.5]}
							}
						},
						{
							"origin": [0.35699, 3.95313, -3.56599],
							"size": [0.1875, 0.1875, 0.53125],
							"pivot": [0.54449, 4.14063, -3.56599],
							"rotation": [0, -10, 0],
							"uv": {
								"north": {"uv": [10, 48], "uv_size": [0.25, 0.25]},
								"east": {"uv": [47, 16], "uv_size": [0.5, 0.25]},
								"south": {"uv": [48, 10], "uv_size": [0.25, 0.25]},
								"west": {"uv": [17, 47], "uv_size": [0.5, 0.25]},
								"up": {"uv": [47, 17], "uv_size": [0.25, 0.5]},
								"down": {"uv": [18, 47.5], "uv_size": [0.25, -0.5]}
							}
						}
					]
				},
				{
					"name": "Cogs",
					"pivot": [0, -0.21875, 0]
				},
				{
					"name": "FrontCogs",
					"parent": "Cogs",
					"pivot": [0, -0.21875, 0]
				},
				{
					"name": "FrontCog2",
					"parent": "FrontCogs",
					"pivot": [1.65625, 1.4375, -5.125],
					"cubes": [
						{
							"origin": [1.8092, 1.14788, -5.8242],
							"size": [0.54625, 0.57924, 1.3984],
							"pivot": [1.65625, 1.4375, -5.125],
							"rotation": [45, 0, 0],
							"uv": {
								"north": {"uv": [45, 24], "uv_size": [0.5, 0.5]},
								"east": {"uv": [20, 35], "uv_size": [1.5, 0.5]},
								"south": {"uv": [25, 45], "uv_size": [0.5, 0.5]},
								"west": {"uv": [35, 21], "uv_size": [1.5, 0.5]},
								"up": {"uv": [22, 35], "uv_size": [0.5, 1.5]},
								"down": {"uv": [35, 23.5], "uv_size": [0.5, -1.5]}
							}
						},
						{
							"origin": [1.8092, 1.14788, -5.8242],
							"size": [0.54625, 0.57924, 1.3984],
							"uv": {
								"north": {"uv": [45, 25], "uv_size": [0.5, 0.5]},
								"east": {"uv": [24, 35], "uv_size": [1.5, 0.5]},
								"south": {"uv": [26, 45], "uv_size": [0.5, 0.5]},
								"west": {"uv": [35, 24], "uv_size": [1.5, 0.5]},
								"up": {"uv": [35, 25], "uv_size": [0.5, 1.5]},
								"down": {"uv": [26, 36.5], "uv_size": [0.5, -1.5]}
							}
						},
						{
							"origin": [1.8092, 0.7383, -5.41462],
							"size": [0.54625, 1.3984, 0.57924],
							"pivot": [1.65625, 1.4375, -5.125],
							"rotation": [45, 0, 0],
							"uv": {
								"north": {"uv": [27, 35], "uv_size": [0.5, 1.5]},
								"east": {"uv": [28, 35], "uv_size": [0.5, 1.5]},
								"south": {"uv": [29, 35], "uv_size": [0.5, 1.5]},
								"west": {"uv": [35, 30], "uv_size": [0.5, 1.5]},
								"up": {"uv": [45, 26], "uv_size": [0.5, 0.5]},
								"down": {"uv": [27, 45.5], "uv_size": [0.5, -0.5]}
							}
						},
						{
							"origin": [1.8092, 0.7383, -5.41462],
							"size": [0.54625, 1.3984, 0.57924],
							"uv": {
								"north": {"uv": [34, 35], "uv_size": [0.5, 1.5]},
								"east": {"uv": [35, 35], "uv_size": [0.5, 1.5]},
								"south": {"uv": [0, 36], "uv_size": [0.5, 1.5]},
								"west": {"uv": [1, 36], "uv_size": [0.5, 1.5]},
								"up": {"uv": [45, 27], "uv_size": [0.5, 0.5]},
								"down": {"uv": [28, 45.5], "uv_size": [0.5, -0.5]}
							}
						}
					]
				},
				{
					"name": "FrontCog",
					"parent": "FrontCogs",
					"pivot": [-1.4375, 1.4375, -5.125],
					"cubes": [
						{
							"origin": [-2.1367, 1.14788, -5.8242],
							"size": [0.54625, 0.57924, 1.3984],
							"pivot": [-1.4375, 1.4375, -5.125],
							"rotation": [45, 0, 0],
							"uv": {
								"north": {"uv": [45, 20], "uv_size": [0.5, 0.5]},
								"east": {"uv": [6, 35], "uv_size": [1.5, 0.5]},
								"south": {"uv": [21, 45], "uv_size": [0.5, 0.5]},
								"west": {"uv": [35, 6], "uv_size": [1.5, 0.5]},
								"up": {"uv": [8, 35], "uv_size": [0.5, 1.5]},
								"down": {"uv": [9, 36.5], "uv_size": [0.5, -1.5]}
							}
						},
						{
							"origin": [-2.1367, 1.14788, -5.8242],
							"size": [0.54625, 0.57924, 1.3984],
							"uv": {
								"north": {"uv": [45, 21], "uv_size": [0.5, 0.5]},
								"east": {"uv": [35, 7], "uv_size": [1.5, 0.5]},
								"south": {"uv": [22, 45], "uv_size": [0.5, 0.5]},
								"west": {"uv": [10, 35], "uv_size": [1.5, 0.5]},
								"up": {"uv": [35, 11], "uv_size": [0.5, 1.5]},
								"down": {"uv": [12, 36.5], "uv_size": [0.5, -1.5]}
							}
						},
						{
							"origin": [-2.1367, 0.7383, -5.41462],
							"size": [0.54625, 1.3984, 0.57924],
							"pivot": [-1.4375, 1.4375, -5.125],
							"rotation": [45, 0, 0],
							"uv": {
								"north": {"uv": [13, 35], "uv_size": [0.5, 1.5]},
								"east": {"uv": [14, 35], "uv_size": [0.5, 1.5]},
								"south": {"uv": [15, 35], "uv_size": [0.5, 1.5]},
								"west": {"uv": [16, 35], "uv_size": [0.5, 1.5]},
								"up": {"uv": [45, 22], "uv_size": [0.5, 0.5]},
								"down": {"uv": [23, 45.5], "uv_size": [0.5, -0.5]}
							}
						},
						{
							"origin": [-2.1367, 0.7383, -5.41462],
							"size": [0.54625, 1.3984, 0.57924],
							"uv": {
								"north": {"uv": [17, 35], "uv_size": [0.5, 1.5]},
								"east": {"uv": [35, 17], "uv_size": [0.5, 1.5]},
								"south": {"uv": [19, 35], "uv_size": [0.5, 1.5]},
								"west": {"uv": [35, 19], "uv_size": [0.5, 1.5]},
								"up": {"uv": [45, 23], "uv_size": [0.5, 0.5]},
								"down": {"uv": [24, 45.5], "uv_size": [0.5, -0.5]}
							}
						}
					]
				},
				{
					"name": "BackCogs",
					"parent": "Cogs",
					"pivot": [0, -0.21875, 0]
				},
				{
					"name": "BackCog2",
					"parent": "BackCogs",
					"pivot": [-1.4375, 1.4375, 4.71875],
					"cubes": [
						{
							"origin": [-2.3575, 1.05642, 3.79875],
							"size": [0.71875, 0.76215, 1.84],
							"pivot": [-1.4375, 1.4375, 4.71875],
							"rotation": [-45, 0, 0],
							"uv": {
								"north": {"uv": [38, 9], "uv_size": [0.75, 0.75]},
								"east": {"uv": [30, 3], "uv_size": [1.75, 0.75]},
								"south": {"uv": [38, 10], "uv_size": [0.75, 0.75]},
								"west": {"uv": [4, 30], "uv_size": [1.75, 0.75]},
								"up": {"uv": [30, 4], "uv_size": [0.75, 1.75]},
								"down": {"uv": [6, 31.75], "uv_size": [0.75, -1.75]}
							}
						},
						{
							"origin": [-2.3575, 1.05642, 3.79875],
							"size": [0.71875, 0.76215, 1.84],
							"uv": {
								"north": {"uv": [12, 38], "uv_size": [0.75, 0.75]},
								"east": {"uv": [30, 6], "uv_size": [1.75, 0.75]},
								"south": {"uv": [13, 38], "uv_size": [0.75, 0.75]},
								"west": {"uv": [7, 30], "uv_size": [1.75, 0.75]},
								"up": {"uv": [9, 30], "uv_size": [0.75, 1.75]},
								"down": {"uv": [30, 11.75], "uv_size": [0.75, -1.75]}
							}
						},
						{
							"origin": [-2.3575, 0.5175, 4.33767],
							"size": [0.71875, 1.84, 0.76215],
							"pivot": [-1.4375, 1.4375, 4.71875],
							"rotation": [-45, 0, 0],
							"uv": {
								"north": {"uv": [30, 12], "uv_size": [0.75, 1.75]},
								"east": {"uv": [14, 30], "uv_size": [0.75, 1.75]},
								"south": {"uv": [15, 30], "uv_size": [0.75, 1.75]},
								"west": {"uv": [16, 30], "uv_size": [0.75, 1.75]},
								"up": {"uv": [14, 38], "uv_size": [0.75, 0.75]},
								"down": {"uv": [15, 38.75], "uv_size": [0.75, -0.75]}
							}
						},
						{
							"origin": [-2.3575, 0.5175, 4.33767],
							"size": [0.71875, 1.84, 0.76215],
							"uv": {
								"north": {"uv": [30, 16], "uv_size": [0.75, 1.75]},
								"east": {"uv": [17, 30], "uv_size": [0.75, 1.75]},
								"south": {"uv": [19, 30], "uv_size": [0.75, 1.75]},
								"west": {"uv": [20, 30], "uv_size": [0.75, 1.75]},
								"up": {"uv": [16, 38], "uv_size": [0.75, 0.75]},
								"down": {"uv": [17, 38.75], "uv_size": [0.75, -0.75]}
							}
						}
					]
				},
				{
					"name": "BackCog",
					"parent": "BackCogs",
					"pivot": [1.375, 1.4375, 4.71875],
					"cubes": [
						{
							"origin": [1.57625, 1.05642, 3.79875],
							"size": [0.71875, 0.76215, 1.84],
							"pivot": [1.375, 1.4375, 4.71875],
							"rotation": [-45, 0, 0],
							"uv": {
								"north": {"uv": [38, 2], "uv_size": [0.75, 0.75]},
								"east": {"uv": [29, 15], "uv_size": [1.75, 0.75]},
								"south": {"uv": [3, 38], "uv_size": [0.75, 0.75]},
								"west": {"uv": [16, 29], "uv_size": [1.75, 0.75]},
								"up": {"uv": [29, 16], "uv_size": [0.75, 1.75]},
								"down": {"uv": [18, 30.75], "uv_size": [0.75, -1.75]}
							}
						},
						{
							"origin": [1.57625, 1.05642, 3.79875],
							"size": [0.71875, 0.76215, 1.84],
							"uv": {
								"north": {"uv": [38, 3], "uv_size": [0.75, 0.75]},
								"east": {"uv": [19, 29], "uv_size": [1.75, 0.75]},
								"south": {"uv": [4, 38], "uv_size": [0.75, 0.75]},
								"west": {"uv": [21, 29], "uv_size": [1.75, 0.75]},
								"up": {"uv": [23, 29], "uv_size": [0.75, 1.75]},
								"down": {"uv": [24, 30.75], "uv_size": [0.75, -1.75]}
							}
						},
						{
							"origin": [1.57625, 0.5175, 4.33767],
							"size": [0.71875, 1.84, 0.76215],
							"pivot": [1.375, 1.4375, 4.71875],
							"rotation": [-45, 0, 0],
							"uv": {
								"north": {"uv": [25, 29], "uv_size": [0.75, 1.75]},
								"east": {"uv": [26, 29], "uv_size": [0.75, 1.75]},
								"south": {"uv": [27, 29], "uv_size": [0.75, 1.75]},
								"west": {"uv": [28, 29], "uv_size": [0.75, 1.75]},
								"up": {"uv": [5, 38], "uv_size": [0.75, 0.75]},
								"down": {"uv": [6, 38.75], "uv_size": [0.75, -0.75]}
							}
						},
						{
							"origin": [1.57625, 0.5175, 4.33767],
							"size": [0.71875, 1.84, 0.76215],
							"uv": {
								"north": {"uv": [29, 29], "uv_size": [0.75, 1.75]},
								"east": {"uv": [30, 1], "uv_size": [0.75, 1.75]},
								"south": {"uv": [2, 30], "uv_size": [0.75, 1.75]},
								"west": {"uv": [3, 30], "uv_size": [0.75, 1.75]},
								"up": {"uv": [38, 7], "uv_size": [0.75, 0.75]},
								"down": {"uv": [38, 8.75], "uv_size": [0.75, -0.75]}
							}
						}
					]
				}
			]
		}
	]
}
