{
	"format_version": "1.12.0",
	"minecraft:geometry": [
		{
			"description": {
				"identifier": "geometry.flak_38",
				"texture_width": 64,
				"texture_height": 64,
				"visible_bounds_width": 10,
				"visible_bounds_height": 10,
				"visible_bounds_offset": [0, 0.25, 0]
			},
			"bones": [
				{
					"name": "bb_main",
					"pivot": [0, 0, 0],
					"cubes": [
						{
							"origin": [-0.5, 0.15, -0.5],
							"size": [1, 0.15, 1],
							"uv": {
								"north": {"uv": [4, 2], "uv_size": [1, 1]},
								"east": {"uv": [3, 4], "uv_size": [1, 1]},
								"south": {"uv": [4, 3], "uv_size": [1, 1]},
								"west": {"uv": [4, 4], "uv_size": [1, 1]},
								"up": {"uv": [5, 0], "uv_size": [1, 1]},
								"down": {"uv": [1, 6], "uv_size": [1, -1]}
							}
						},
						{
							"origin": [-0.66947, 0.3, -0.49144],
							"size": [1.3, 0.05, 1.3],
							"uv": {
								"north": {"uv": [2, 6], "uv_size": [1, 1]},
								"east": {"uv": [6, 2], "uv_size": [1, 1]},
								"south": {"uv": [3, 6], "uv_size": [1, 1]},
								"west": {"uv": [6, 3], "uv_size": [1, 1]},
								"up": {"uv": [4, 6], "uv_size": [1, 1]},
								"down": {"uv": [6, 5], "uv_size": [1, -1]}
							}
						},
						{
							"origin": [-0.63, 0.55, -0.45],
							"size": [1.2, 0.05, 1.2],
							"uv": {
								"north": {"uv": [4, 16], "uv_size": [1, 1]},
								"east": {"uv": [16, 4], "uv_size": [1, 1]},
								"south": {"uv": [5, 16], "uv_size": [1, 1]},
								"west": {"uv": [16, 5], "uv_size": [1, 1]},
								"up": {"uv": [6, 16], "uv_size": [1, 1]},
								"down": {"uv": [16, 7], "uv_size": [1, -1]}
							}
						},
						{
							"origin": [-0.15, 0.15, 0.48289],
							"size": [0.3, 0.15, 1.5],
							"uv": {
								"north": {"uv": [5, 3], "uv_size": [1, 1]},
								"east": {"uv": [1, 2], "uv_size": [2, 1]},
								"south": {"uv": [4, 5], "uv_size": [1, 1]},
								"west": {"uv": [3, 0], "uv_size": [2, 1]},
								"up": {"uv": [1, 3], "uv_size": [1, 2]},
								"down": {"uv": [3, 3], "uv_size": [1, -2]}
							}
						},
						{
							"origin": [-0.5, 0.15, -0.5],
							"size": [0.2, 0.15, 2],
							"pivot": [-0.5, 0.3, -0.5],
							"rotation": [0, 10, 0],
							"uv": {
								"north": {"uv": [5, 2], "uv_size": [1, 1]},
								"east": {"uv": [0, 0], "uv_size": [2, 1]},
								"south": {"uv": [3, 5], "uv_size": [1, 1]},
								"west": {"uv": [0, 1], "uv_size": [2, 1]},
								"up": {"uv": [0, 2], "uv_size": [1, 2]},
								"down": {"uv": [2, 2], "uv_size": [1, -2]}
							}
						},
						{
							"origin": [0.3, 0.15, -0.5],
							"size": [0.2, 0.15, 2],
							"pivot": [0.5, 0.3, -0.5],
							"rotation": [0, -10, 0],
							"uv": {
								"north": {"uv": [0, 16], "uv_size": [1, 1]},
								"east": {"uv": [2, 3], "uv_size": [2, 1]},
								"south": {"uv": [16, 0], "uv_size": [1, 1]},
								"west": {"uv": [4, 1], "uv_size": [2, 1]},
								"up": {"uv": [0, 4], "uv_size": [1, 2]},
								"down": {"uv": [2, 6], "uv_size": [1, -2]}
							}
						},
						{
							"origin": [0.44467, 0.15, -0.96538],
							"size": [0.15, 0.15, 1.2],
							"pivot": [0.59467, 0.3, -0.26538],
							"rotation": [0, -40, 0],
							"uv": {
								"north": {"uv": [5, 4], "uv_size": [1, 1]},
								"east": {"uv": [5, 5], "uv_size": [1, 1]},
								"south": {"uv": [0, 6], "uv_size": [1, 1]},
								"west": {"uv": [6, 0], "uv_size": [1, 1]},
								"up": {"uv": [1, 6], "uv_size": [1, 1]},
								"down": {"uv": [6, 2], "uv_size": [1, -1]}
							}
						},
						{
							"origin": [-0.59467, 0.15, -0.96538],
							"size": [0.15, 0.15, 1.2],
							"pivot": [-0.59467, 0.3, -0.26538],
							"rotation": [0, 40, 0],
							"uv": {
								"north": {"uv": [7, 4], "uv_size": [1, 1]},
								"east": {"uv": [5, 7], "uv_size": [1, 1]},
								"south": {"uv": [7, 5], "uv_size": [1, 1]},
								"west": {"uv": [6, 7], "uv_size": [1, 1]},
								"up": {"uv": [7, 6], "uv_size": [1, 1]},
								"down": {"uv": [7, 8], "uv_size": [1, -1]}
							}
						},
						{
							"origin": [-0.98411, 0.3, -0.8396],
							"size": [0.1, 0.15, 0.1],
							"uv": {
								"north": {"uv": [0, 8], "uv_size": [1, 1]},
								"east": {"uv": [8, 0], "uv_size": [1, 1]},
								"south": {"uv": [1, 8], "uv_size": [1, 1]},
								"west": {"uv": [8, 1], "uv_size": [1, 1]},
								"up": {"uv": [2, 8], "uv_size": [1, 1]},
								"down": {"uv": [8, 3], "uv_size": [1, -1]}
							}
						},
						{
							"origin": [0.88411, 0.3, -0.8396],
							"size": [0.1, 0.15, 0.1],
							"uv": {
								"north": {"uv": [3, 8], "uv_size": [1, 1]},
								"east": {"uv": [8, 3], "uv_size": [1, 1]},
								"south": {"uv": [4, 8], "uv_size": [1, 1]},
								"west": {"uv": [8, 4], "uv_size": [1, 1]},
								"up": {"uv": [5, 8], "uv_size": [1, 1]},
								"down": {"uv": [8, 6], "uv_size": [1, -1]}
							}
						},
						{
							"origin": [-0.05, 0.3, 1.8],
							"size": [0.1, 0.15, 0.1],
							"uv": {
								"north": {"uv": [7, 20], "uv_size": [1, 1]},
								"east": {"uv": [20, 7], "uv_size": [1, 1]},
								"south": {"uv": [8, 20], "uv_size": [1, 1]},
								"west": {"uv": [20, 8], "uv_size": [1, 1]},
								"up": {"uv": [9, 20], "uv_size": [1, 1]},
								"down": {"uv": [20, 10], "uv_size": [1, -1]}
							}
						},
						{
							"origin": [-0.02, 0, 1.83],
							"size": [0.05, 0.15, 0.05],
							"uv": {
								"north": {"uv": [13, 20], "uv_size": [1, 1]},
								"east": {"uv": [20, 13], "uv_size": [1, 1]},
								"south": {"uv": [14, 20], "uv_size": [1, 1]},
								"west": {"uv": [20, 14], "uv_size": [1, 1]},
								"up": {"uv": [15, 20], "uv_size": [1, 1]},
								"down": {"uv": [20, 16], "uv_size": [1, -1]}
							}
						},
						{
							"origin": [-0.15, 0, 1.7],
							"size": [0.3, 0.05, 0.3],
							"uv": {
								"north": {"uv": [10, 20], "uv_size": [1, 1]},
								"east": {"uv": [20, 10], "uv_size": [1, 1]},
								"south": {"uv": [11, 20], "uv_size": [1, 1]},
								"west": {"uv": [20, 11], "uv_size": [1, 1]},
								"up": {"uv": [12, 20], "uv_size": [1, 1]},
								"down": {"uv": [20, 13], "uv_size": [1, -1]}
							}
						},
						{
							"origin": [0.9, 0, -0.83],
							"size": [0.05, 0.15, 0.05],
							"uv": {
								"north": {"uv": [6, 8], "uv_size": [1, 1]},
								"east": {"uv": [8, 6], "uv_size": [1, 1]},
								"south": {"uv": [7, 8], "uv_size": [1, 1]},
								"west": {"uv": [8, 7], "uv_size": [1, 1]},
								"up": {"uv": [8, 8], "uv_size": [1, 1]},
								"down": {"uv": [0, 10], "uv_size": [1, -1]}
							}
						},
						{
							"origin": [-0.95, 0, -0.83],
							"size": [0.05, 0.15, 0.05],
							"uv": {
								"north": {"uv": [1, 20], "uv_size": [1, 1]},
								"east": {"uv": [20, 1], "uv_size": [1, 1]},
								"south": {"uv": [2, 20], "uv_size": [1, 1]},
								"west": {"uv": [20, 2], "uv_size": [1, 1]},
								"up": {"uv": [3, 20], "uv_size": [1, 1]},
								"down": {"uv": [20, 4], "uv_size": [1, -1]}
							}
						},
						{
							"origin": [0.77, 0, -0.93],
							"size": [0.3, 0.05, 0.3],
							"uv": {
								"north": {"uv": [9, 0], "uv_size": [1, 1]},
								"east": {"uv": [1, 9], "uv_size": [1, 1]},
								"south": {"uv": [9, 1], "uv_size": [1, 1]},
								"west": {"uv": [2, 9], "uv_size": [1, 1]},
								"up": {"uv": [9, 2], "uv_size": [1, 1]},
								"down": {"uv": [3, 10], "uv_size": [1, -1]}
							}
						},
						{
							"origin": [-1.07, 0, -0.93],
							"size": [0.3, 0.05, 0.3],
							"uv": {
								"north": {"uv": [4, 20], "uv_size": [1, 1]},
								"east": {"uv": [20, 4], "uv_size": [1, 1]},
								"south": {"uv": [5, 20], "uv_size": [1, 1]},
								"west": {"uv": [20, 5], "uv_size": [1, 1]},
								"up": {"uv": [6, 20], "uv_size": [1, 1]},
								"down": {"uv": [20, 7], "uv_size": [1, -1]}
							}
						},
						{
							"origin": [0.36486, 0.15, -1.15822],
							"size": [0.15, 0.15, 0.7],
							"pivot": [0.36486, 0.3, -0.45822],
							"rotation": [0, -52.5, 0],
							"uv": {
								"north": {"uv": [5, 6], "uv_size": [1, 1]},
								"east": {"uv": [6, 5], "uv_size": [1, 1]},
								"south": {"uv": [6, 6], "uv_size": [1, 1]},
								"west": {"uv": [0, 7], "uv_size": [1, 1]},
								"up": {"uv": [7, 0], "uv_size": [1, 1]},
								"down": {"uv": [1, 8], "uv_size": [1, -1]}
							}
						},
						{
							"origin": [-0.51486, 0.15, -1.15822],
							"size": [0.15, 0.15, 0.7],
							"pivot": [-0.36486, 0.3, -0.45822],
							"rotation": [0, 52.5, 0],
							"uv": {
								"north": {"uv": [7, 1], "uv_size": [1, 1]},
								"east": {"uv": [2, 7], "uv_size": [1, 1]},
								"south": {"uv": [7, 2], "uv_size": [1, 1]},
								"west": {"uv": [3, 7], "uv_size": [1, 1]},
								"up": {"uv": [7, 3], "uv_size": [1, 1]},
								"down": {"uv": [4, 8], "uv_size": [1, -1]}
							}
						}
					]
				},
				{
					"name": "Turret",
					"pivot": [0, 0.70148, 0.18763],
					"rotation": [0, 0, 0],
					"cubes": [
						{
							"origin": [-0.2, 1, -0.05],
							"size": [0.4, 0.2, 0.6],
							"uv": {
								"north": {"uv": [17, 5], "uv_size": [1, 1]},
								"east": {"uv": [6, 17], "uv_size": [1, 1]},
								"south": {"uv": [17, 6], "uv_size": [1, 1]},
								"west": {"uv": [7, 17], "uv_size": [1, 1]},
								"up": {"uv": [17, 7], "uv_size": [1, 1]},
								"down": {"uv": [8, 18], "uv_size": [1, -1]}
							}
						},
						{
							"origin": [-0.2, 0.6, -0.25],
							"size": [0.4, 0.4, 0.8],
							"uv": {
								"north": {"uv": [7, 16], "uv_size": [1, 1]},
								"east": {"uv": [16, 7], "uv_size": [1, 1]},
								"south": {"uv": [8, 16], "uv_size": [1, 1]},
								"west": {"uv": [16, 8], "uv_size": [1, 1]},
								"up": {"uv": [9, 16], "uv_size": [1, 1]},
								"down": {"uv": [16, 10], "uv_size": [1, -1]}
							}
						},
						{
							"origin": [-0.15, 0.8, 0.55],
							"size": [0.3, 0.05, 0.3],
							"uv": {
								"north": {"uv": [21, 13], "uv_size": [1, 1]},
								"east": {"uv": [14, 21], "uv_size": [1, 1]},
								"south": {"uv": [21, 14], "uv_size": [1, 1]},
								"west": {"uv": [15, 21], "uv_size": [1, 1]},
								"up": {"uv": [21, 15], "uv_size": [1, 1]},
								"down": {"uv": [16, 22], "uv_size": [1, -1]}
							}
						},
						{
							"origin": [-0.15, 0.8, 0.85],
							"size": [0.3, 0.05, 0.3],
							"pivot": [-0.15, 0.8, 0.85],
							"rotation": [72.5, 0, 0],
							"uv": {
								"north": {"uv": [21, 16], "uv_size": [1, 1]},
								"east": {"uv": [17, 21], "uv_size": [1, 1]},
								"south": {"uv": [21, 17], "uv_size": [1, 1]},
								"west": {"uv": [18, 21], "uv_size": [1, 1]},
								"up": {"uv": [21, 18], "uv_size": [1, 1]},
								"down": {"uv": [19, 22], "uv_size": [1, -1]}
							}
						},
						{
							"origin": [-0.2, 1.1262, -0.23204],
							"size": [0.4, 0.2, 0.2],
							"pivot": [-0.03, 1.1262, -0.23204],
							"rotation": [-67.5, 0, 0],
							"uv": {
								"north": {"uv": [17, 2], "uv_size": [1, 1]},
								"east": {"uv": [3, 17], "uv_size": [1, 1]},
								"south": {"uv": [17, 3], "uv_size": [1, 1]},
								"west": {"uv": [4, 17], "uv_size": [1, 1]},
								"up": {"uv": [17, 4], "uv_size": [1, 1]},
								"down": {"uv": [5, 18], "uv_size": [1, -1]}
							}
						},
						{
							"origin": [-0.2, 0.98478, -0.37346],
							"size": [0.4, 0.2, 0.2],
							"pivot": [-0.03, 0.98478, -0.37346],
							"rotation": [-45, 0, 0],
							"uv": {
								"north": {"uv": [16, 16], "uv_size": [1, 1]},
								"east": {"uv": [0, 17], "uv_size": [1, 1]},
								"south": {"uv": [17, 0], "uv_size": [1, 1]},
								"west": {"uv": [1, 17], "uv_size": [1, 1]},
								"up": {"uv": [17, 1], "uv_size": [1, 1]},
								"down": {"uv": [2, 18], "uv_size": [1, -1]}
							}
						},
						{
							"origin": [-0.2, 0.8, -0.45],
							"size": [0.4, 0.2, 0.2],
							"pivot": [-0.03, 0.8, -0.45],
							"rotation": [-22.5, 0, 0],
							"uv": {
								"north": {"uv": [13, 16], "uv_size": [1, 1]},
								"east": {"uv": [16, 13], "uv_size": [1, 1]},
								"south": {"uv": [14, 16], "uv_size": [1, 1]},
								"west": {"uv": [16, 14], "uv_size": [1, 1]},
								"up": {"uv": [15, 16], "uv_size": [1, 1]},
								"down": {"uv": [16, 16], "uv_size": [1, -1]}
							}
						},
						{
							"origin": [-0.2, 0.6, -0.45],
							"size": [0.4, 0.2, 0.2],
							"uv": {
								"north": {"uv": [10, 16], "uv_size": [1, 1]},
								"east": {"uv": [16, 10], "uv_size": [1, 1]},
								"south": {"uv": [11, 16], "uv_size": [1, 1]},
								"west": {"uv": [16, 11], "uv_size": [1, 1]},
								"up": {"uv": [12, 16], "uv_size": [1, 1]},
								"down": {"uv": [16, 13], "uv_size": [1, -1]}
							}
						},
						{
							"origin": [-0.3, 0.35, -0.25],
							"size": [0.6, 0.2, 0.6],
							"uv": {
								"north": {"uv": [1, 16], "uv_size": [1, 1]},
								"east": {"uv": [16, 1], "uv_size": [1, 1]},
								"south": {"uv": [2, 16], "uv_size": [1, 1]},
								"west": {"uv": [16, 2], "uv_size": [1, 1]},
								"up": {"uv": [3, 16], "uv_size": [1, 1]},
								"down": {"uv": [16, 4], "uv_size": [1, -1]}
							}
						},
						{
							"origin": [-0.2, 0.60489, 0.76616],
							"size": [0.1, 0.7, 0.05],
							"pivot": [-0.15, 1.45489, 0.79116],
							"rotation": [-47.5, 0, 0],
							"uv": {
								"north": {"uv": [21, 7], "uv_size": [1, 1]},
								"east": {"uv": [8, 21], "uv_size": [1, 1]},
								"south": {"uv": [21, 8], "uv_size": [1, 1]},
								"west": {"uv": [9, 21], "uv_size": [1, 1]},
								"up": {"uv": [21, 9], "uv_size": [1, 1]},
								"down": {"uv": [10, 22], "uv_size": [1, -1]}
							}
						},
						{
							"origin": [0.1, 0.60489, 0.76616],
							"size": [0.1, 0.7, 0.05],
							"pivot": [0.15, 1.45489, 0.79116],
							"rotation": [-47.5, 0, 0],
							"uv": {
								"north": {"uv": [21, 10], "uv_size": [1, 1]},
								"east": {"uv": [11, 21], "uv_size": [1, 1]},
								"south": {"uv": [21, 11], "uv_size": [1, 1]},
								"west": {"uv": [12, 21], "uv_size": [1, 1]},
								"up": {"uv": [21, 12], "uv_size": [1, 1]},
								"down": {"uv": [13, 22], "uv_size": [1, -1]}
							}
						}
					]
				},
				{
					"name": "LeftPanel",
					"parent": "Turret",
					"pivot": [0.81473, 1.03399, -0.45064],
					"rotation": [0, -27.5, 0],
					"cubes": [
						{
							"origin": [0.3, 1, -0.5],
							"size": [0.5, 0.5, 0.05],
							"pivot": [0.65, 1.25, -0.475],
							"rotation": [-25, 0, 0],
							"uv": {
								"north": {"uv": [13, 1], "uv_size": [1, 1]},
								"east": {"uv": [2, 13], "uv_size": [1, 1]},
								"south": {"uv": [13, 2], "uv_size": [1, 1]},
								"west": {"uv": [3, 13], "uv_size": [1, 1]},
								"up": {"uv": [13, 3], "uv_size": [1, 1]},
								"down": {"uv": [4, 14], "uv_size": [1, -1]}
							}
						},
						{
							"origin": [0.75, 0.98714, -0.392],
							"size": [0.05, 0.5, 0.05],
							"pivot": [0.8, 1.48714, -0.392],
							"rotation": [-24.66569, -4.20854, -9.07947],
							"uv": {
								"north": {"uv": [13, 4], "uv_size": [1, 1]},
								"east": {"uv": [5, 13], "uv_size": [1, 1]},
								"south": {"uv": [13, 5], "uv_size": [1, 1]},
								"west": {"uv": [6, 13], "uv_size": [1, 1]},
								"up": {"uv": [13, 6], "uv_size": [1, 1]},
								"down": {"uv": [7, 14], "uv_size": [1, -1]}
							}
						},
						{
							"origin": [0.75, 0.58083, -0.392],
							"size": [0.05, 0.5, 0.05],
							"pivot": [0.8, 0.58083, -0.392],
							"rotation": [24.66569, -4.20854, 9.07947],
							"uv": {
								"north": {"uv": [13, 7], "uv_size": [1, 1]},
								"east": {"uv": [8, 13], "uv_size": [1, 1]},
								"south": {"uv": [13, 8], "uv_size": [1, 1]},
								"west": {"uv": [9, 13], "uv_size": [1, 1]},
								"up": {"uv": [13, 9], "uv_size": [1, 1]},
								"down": {"uv": [10, 14], "uv_size": [1, -1]}
							}
						},
						{
							"origin": [0.90385, 1, -0.78723],
							"size": [0.05, 0.2, 0.05],
							"pivot": [0.45385, 1.25, -0.76223],
							"rotation": [-25, -37.5, 0],
							"uv": {
								"north": {"uv": [13, 10], "uv_size": [1, 1]},
								"east": {"uv": [11, 13], "uv_size": [1, 1]},
								"south": {"uv": [13, 11], "uv_size": [1, 1]},
								"west": {"uv": [12, 13], "uv_size": [1, 1]},
								"up": {"uv": [13, 12], "uv_size": [1, 1]},
								"down": {"uv": [13, 14], "uv_size": [1, -1]}
							}
						},
						{
							"origin": [0.90385, 0.86798, -0.78723],
							"size": [0.05, 0.2, 0.05],
							"pivot": [0.45385, 0.81798, -0.76223],
							"rotation": [25, -37.5, 0],
							"uv": {
								"north": {"uv": [0, 14], "uv_size": [1, 1]},
								"east": {"uv": [14, 0], "uv_size": [1, 1]},
								"south": {"uv": [1, 14], "uv_size": [1, 1]},
								"west": {"uv": [14, 1], "uv_size": [1, 1]},
								"up": {"uv": [2, 14], "uv_size": [1, 1]},
								"down": {"uv": [14, 3], "uv_size": [1, -1]}
							}
						},
						{
							"origin": [0.86826, 1.18126, -0.708],
							"size": [0.03, 0.2, 0.05],
							"pivot": [0.41826, 1.43126, -0.683],
							"rotation": [-25, -37.5, 0],
							"uv": {
								"north": {"uv": [3, 14], "uv_size": [1, 1]},
								"east": {"uv": [14, 3], "uv_size": [1, 1]},
								"south": {"uv": [4, 14], "uv_size": [1, 1]},
								"west": {"uv": [14, 4], "uv_size": [1, 1]},
								"up": {"uv": [5, 14], "uv_size": [1, 1]},
								"down": {"uv": [14, 6], "uv_size": [1, -1]}
							}
						},
						{
							"origin": [0.86826, 0.68672, -0.708],
							"size": [0.03, 0.2, 0.05],
							"pivot": [0.41826, 0.63672, -0.683],
							"rotation": [25, -37.5, 0],
							"uv": {
								"north": {"uv": [6, 14], "uv_size": [1, 1]},
								"east": {"uv": [14, 6], "uv_size": [1, 1]},
								"south": {"uv": [7, 14], "uv_size": [1, 1]},
								"west": {"uv": [14, 7], "uv_size": [1, 1]},
								"up": {"uv": [8, 14], "uv_size": [1, 1]},
								"down": {"uv": [14, 9], "uv_size": [1, -1]}
							}
						},
						{
							"origin": [0.8, 1.18126, -0.41548],
							"size": [0.03, 0.2, 0.05],
							"pivot": [0.35, 1.43126, -0.39048],
							"rotation": [-25, 0, 0],
							"uv": {
								"north": {"uv": [9, 14], "uv_size": [1, 1]},
								"east": {"uv": [14, 9], "uv_size": [1, 1]},
								"south": {"uv": [10, 14], "uv_size": [1, 1]},
								"west": {"uv": [14, 10], "uv_size": [1, 1]},
								"up": {"uv": [11, 14], "uv_size": [1, 1]},
								"down": {"uv": [14, 12], "uv_size": [1, -1]}
							}
						},
						{
							"origin": [0.8, 0.68672, -0.41548],
							"size": [0.03, 0.2, 0.05],
							"pivot": [0.35, 0.63672, -0.39048],
							"rotation": [25, 0, 0],
							"uv": {
								"north": {"uv": [12, 14], "uv_size": [1, 1]},
								"east": {"uv": [14, 12], "uv_size": [1, 1]},
								"south": {"uv": [13, 14], "uv_size": [1, 1]},
								"west": {"uv": [14, 13], "uv_size": [1, 1]},
								"up": {"uv": [14, 14], "uv_size": [1, 1]},
								"down": {"uv": [0, 16], "uv_size": [1, -1]}
							}
						},
						{
							"origin": [0.8, 1, -0.5],
							"size": [0.05, 0.2, 0.05],
							"pivot": [0.35, 1.25, -0.475],
							"rotation": [-25, 0, 0],
							"uv": {
								"north": {"uv": [15, 0], "uv_size": [1, 1]},
								"east": {"uv": [1, 15], "uv_size": [1, 1]},
								"south": {"uv": [15, 1], "uv_size": [1, 1]},
								"west": {"uv": [2, 15], "uv_size": [1, 1]},
								"up": {"uv": [15, 2], "uv_size": [1, 1]},
								"down": {"uv": [3, 16], "uv_size": [1, -1]}
							}
						},
						{
							"origin": [0.8, 0.86798, -0.5],
							"size": [0.05, 0.2, 0.05],
							"pivot": [0.35, 0.81798, -0.475],
							"rotation": [25, 0, 0],
							"uv": {
								"north": {"uv": [15, 3], "uv_size": [1, 1]},
								"east": {"uv": [4, 15], "uv_size": [1, 1]},
								"south": {"uv": [15, 4], "uv_size": [1, 1]},
								"west": {"uv": [5, 15], "uv_size": [1, 1]},
								"up": {"uv": [15, 5], "uv_size": [1, 1]},
								"down": {"uv": [6, 16], "uv_size": [1, -1]}
							}
						},
						{
							"origin": [0.67601, 0.98714, -0.02675],
							"size": [0.5, 0.5, 0.05],
							"pivot": [1.27601, 1.48714, -0.02675],
							"rotation": [-25, -37.5, 0],
							"uv": {
								"north": {"uv": [15, 6], "uv_size": [1, 1]},
								"east": {"uv": [7, 15], "uv_size": [1, 1]},
								"south": {"uv": [15, 7], "uv_size": [1, 1]},
								"west": {"uv": [8, 15], "uv_size": [1, 1]},
								"up": {"uv": [15, 8], "uv_size": [1, 1]},
								"down": {"uv": [9, 16], "uv_size": [1, -1]}
							}
						},
						{
							"origin": [0.67601, 0.58083, -0.02675],
							"size": [0.5, 0.5, 0.05],
							"pivot": [1.27601, 0.58083, -0.02675],
							"rotation": [25, -37.5, 0],
							"uv": {
								"north": {"uv": [15, 9], "uv_size": [1, 1]},
								"east": {"uv": [10, 15], "uv_size": [1, 1]},
								"south": {"uv": [15, 10], "uv_size": [1, 1]},
								"west": {"uv": [11, 15], "uv_size": [1, 1]},
								"up": {"uv": [15, 11], "uv_size": [1, 1]},
								"down": {"uv": [12, 16], "uv_size": [1, -1]}
							}
						},
						{
							"origin": [0.3, 0.56798, -0.5],
							"size": [0.5, 0.5, 0.05],
							"pivot": [0.65, 0.81798, -0.475],
							"rotation": [25, 0, 0],
							"uv": {
								"north": {"uv": [15, 12], "uv_size": [1, 1]},
								"east": {"uv": [13, 15], "uv_size": [1, 1]},
								"south": {"uv": [15, 13], "uv_size": [1, 1]},
								"west": {"uv": [14, 15], "uv_size": [1, 1]},
								"up": {"uv": [15, 14], "uv_size": [1, 1]},
								"down": {"uv": [15, 16], "uv_size": [1, -1]}
							}
						}
					]
				},
				{
					"name": "Guns",
					"parent": "Turret",
					"pivot": [0, 0.97114, -0.21789],
					"cubes": [
						{
							"origin": [-0.4, 1.1262, -0.3],
							"size": [0.2, 0.2, 0.05],
							"pivot": [-0.63, 1.1262, -0.23204],
							"rotation": [-67.5, 0, 0],
							"uv": {
								"north": {"uv": [17, 8], "uv_size": [1, 1]},
								"east": {"uv": [9, 17], "uv_size": [1, 1]},
								"south": {"uv": [17, 9], "uv_size": [1, 1]},
								"west": {"uv": [10, 17], "uv_size": [1, 1]},
								"up": {"uv": [17, 10], "uv_size": [1, 1]},
								"down": {"uv": [11, 18], "uv_size": [1, -1]}
							}
						},
						{
							"origin": [0.2, 1.1262, -0.3],
							"size": [0.2, 0.2, 0.05],
							"pivot": [0.63, 1.1262, -0.23204],
							"rotation": [-67.5, 0, 0],
							"uv": {
								"north": {"uv": [12, 18], "uv_size": [1, 1]},
								"east": {"uv": [18, 12], "uv_size": [1, 1]},
								"south": {"uv": [13, 18], "uv_size": [1, 1]},
								"west": {"uv": [18, 13], "uv_size": [1, 1]},
								"up": {"uv": [14, 18], "uv_size": [1, 1]},
								"down": {"uv": [18, 15], "uv_size": [1, -1]}
							}
						},
						{
							"origin": [-0.4, 1.14704, -0.68963],
							"size": [0.2, 0.2, 0.05],
							"pivot": [-0.4, 0.74704, -0.66463],
							"rotation": [-45, 0, 0],
							"uv": {
								"north": {"uv": [17, 11], "uv_size": [1, 1]},
								"east": {"uv": [12, 17], "uv_size": [1, 1]},
								"south": {"uv": [17, 12], "uv_size": [1, 1]},
								"west": {"uv": [13, 17], "uv_size": [1, 1]},
								"up": {"uv": [17, 13], "uv_size": [1, 1]},
								"down": {"uv": [14, 18], "uv_size": [1, -1]}
							}
						},
						{
							"origin": [0.2, 1.14704, -0.68963],
							"size": [0.2, 0.2, 0.05],
							"pivot": [0.4, 0.74704, -0.66463],
							"rotation": [-45, 0, 0],
							"uv": {
								"north": {"uv": [9, 18], "uv_size": [1, 1]},
								"east": {"uv": [18, 9], "uv_size": [1, 1]},
								"south": {"uv": [10, 18], "uv_size": [1, 1]},
								"west": {"uv": [18, 10], "uv_size": [1, 1]},
								"up": {"uv": [11, 18], "uv_size": [1, 1]},
								"down": {"uv": [18, 12], "uv_size": [1, -1]}
							}
						},
						{
							"origin": [-0.4, 0.88367, -0.63098],
							"size": [0.2, 0.2, 0.05],
							"pivot": [-0.4, 0.48367, -0.60598],
							"rotation": [-22.5, 0, 0],
							"uv": {
								"north": {"uv": [17, 14], "uv_size": [1, 1]},
								"east": {"uv": [15, 17], "uv_size": [1, 1]},
								"south": {"uv": [17, 15], "uv_size": [1, 1]},
								"west": {"uv": [16, 17], "uv_size": [1, 1]},
								"up": {"uv": [17, 16], "uv_size": [1, 1]},
								"down": {"uv": [17, 18], "uv_size": [1, -1]}
							}
						},
						{
							"origin": [0.2, 0.88367, -0.63098],
							"size": [0.2, 0.2, 0.05],
							"pivot": [0.4, 0.48367, -0.60598],
							"rotation": [-22.5, 0, 0],
							"uv": {
								"north": {"uv": [6, 18], "uv_size": [1, 1]},
								"east": {"uv": [18, 6], "uv_size": [1, 1]},
								"south": {"uv": [7, 18], "uv_size": [1, 1]},
								"west": {"uv": [18, 7], "uv_size": [1, 1]},
								"up": {"uv": [8, 18], "uv_size": [1, 1]},
								"down": {"uv": [18, 9], "uv_size": [1, -1]}
							}
						},
						{
							"origin": [0.25, 0.83, -0.9],
							"size": [0.1, 0.1, 0.3],
							"pivot": [0.4, 0.48367, -0.60598],
							"rotation": [-22.5, 0, 0],
							"uv": {
								"north": {"uv": [15, 18], "uv_size": [1, 1]},
								"east": {"uv": [18, 15], "uv_size": [1, 1]},
								"south": {"uv": [16, 18], "uv_size": [1, 1]},
								"west": {"uv": [18, 16], "uv_size": [1, 1]},
								"up": {"uv": [17, 18], "uv_size": [1, 1]},
								"down": {"uv": [18, 18], "uv_size": [1, -1]}
							}
						},
						{
							"origin": [-0.35, 0.83, -0.9],
							"size": [0.1, 0.1, 0.3],
							"pivot": [-0.4, 0.48367, -0.60598],
							"rotation": [-22.5, 0, 0],
							"uv": {
								"north": {"uv": [19, 14], "uv_size": [1, 1]},
								"east": {"uv": [15, 19], "uv_size": [1, 1]},
								"south": {"uv": [19, 15], "uv_size": [1, 1]},
								"west": {"uv": [16, 19], "uv_size": [1, 1]},
								"up": {"uv": [19, 16], "uv_size": [1, 1]},
								"down": {"uv": [17, 20], "uv_size": [1, -1]}
							}
						},
						{
							"origin": [0.25, 1.05, -0.9],
							"size": [0.1, 0.1, 0.3],
							"pivot": [0.4, 0.48367, -0.60598],
							"rotation": [-22.5, 0, 0],
							"uv": {
								"north": {"uv": [19, 2], "uv_size": [1, 1]},
								"east": {"uv": [3, 19], "uv_size": [1, 1]},
								"south": {"uv": [19, 3], "uv_size": [1, 1]},
								"west": {"uv": [4, 19], "uv_size": [1, 1]},
								"up": {"uv": [19, 4], "uv_size": [1, 1]},
								"down": {"uv": [5, 20], "uv_size": [1, -1]}
							}
						},
						{
							"origin": [-0.38, 1.12, -0.58478],
							"size": [0.13, 0.13, 0.5],
							"pivot": [-0.4, 0.5602, -0.79076],
							"rotation": [-22.5, 0, 0],
							"uv": {
								"north": {"uv": [19, 11], "uv_size": [1, 1]},
								"east": {"uv": [51, 60], "uv_size": [9, 4]},
								"south": {"uv": [19, 12], "uv_size": [1, 1]},
								"west": {"uv": [13, 19], "uv_size": [1, 1]},
								"up": {"uv": [19, 13], "uv_size": [1, 1]},
								"down": {"uv": [14, 20], "uv_size": [1, -1]}
							}
						},
						{
							"origin": [0.25, 1.12, -0.58478],
							"size": [0.13, 0.13, 0.5],
							"pivot": [0.4, 0.5602, -0.79076],
							"rotation": [-22.5, 0, 0],
							"uv": {
								"north": {"uv": [19, 20], "uv_size": [1, 1]},
								"east": {"uv": [20, 19], "uv_size": [1, 1]},
								"south": {"uv": [20, 20], "uv_size": [1, 1]},
								"west": {"uv": [55, 60], "uv_size": [9, 4]},
								"up": {"uv": [21, 0], "uv_size": [1, 1]},
								"down": {"uv": [1, 22], "uv_size": [1, -1]}
							}
						},
						{
							"origin": [0.25, 0.9, -0.58478],
							"size": [0.13, 0.13, 0.5],
							"pivot": [0.4, 0.5602, -0.79076],
							"rotation": [-22.5, 0, 0],
							"uv": {
								"north": {"uv": [21, 1], "uv_size": [1, 1]},
								"east": {"uv": [2, 21], "uv_size": [1, 1]},
								"south": {"uv": [21, 2], "uv_size": [1, 1]},
								"west": {"uv": [55, 60], "uv_size": [9, 4]},
								"up": {"uv": [21, 3], "uv_size": [1, 1]},
								"down": {"uv": [4, 22], "uv_size": [1, -1]}
							}
						},
						{
							"origin": [-0.38, 0.9, -0.58478],
							"size": [0.13, 0.13, 0.5],
							"pivot": [-0.4, 0.5602, -0.79076],
							"rotation": [-22.5, 0, 0],
							"uv": {
								"north": {"uv": [21, 4], "uv_size": [1, 1]},
								"east": {"uv": [51, 60], "uv_size": [9, 4]},
								"south": {"uv": [21, 5], "uv_size": [1, 1]},
								"west": {"uv": [6, 21], "uv_size": [1, 1]},
								"up": {"uv": [21, 6], "uv_size": [1, 1]},
								"down": {"uv": [7, 22], "uv_size": [1, -1]}
							}
						},
						{
							"origin": [-0.35, 1.05, -0.9],
							"size": [0.1, 0.1, 0.3],
							"pivot": [-0.4, 0.48367, -0.60598],
							"rotation": [-22.5, 0, 0],
							"uv": {
								"north": {"uv": [16, 20], "uv_size": [1, 1]},
								"east": {"uv": [20, 16], "uv_size": [1, 1]},
								"south": {"uv": [17, 20], "uv_size": [1, 1]},
								"west": {"uv": [20, 17], "uv_size": [1, 1]},
								"up": {"uv": [18, 20], "uv_size": [1, 1]},
								"down": {"uv": [20, 19], "uv_size": [1, -1]}
							}
						},
						{
							"origin": [0.27, 1, -1.71522],
							"size": [0.05, 0.05, 0.8],
							"pivot": [0.4, 0.40713, -0.42121],
							"rotation": [-22.5, 0, 0],
							"uv": {
								"north": {"uv": [18, 18], "uv_size": [1, 1]},
								"east": {"uv": [0, 19], "uv_size": [1, 1]},
								"south": {"uv": [19, 0], "uv_size": [1, 1]},
								"west": {"uv": [1, 19], "uv_size": [1, 1]},
								"up": {"uv": [19, 1], "uv_size": [1, 1]},
								"down": {"uv": [2, 20], "uv_size": [1, -1]}
							}
						},
						{
							"origin": [-0.32, 1, -1.71522],
							"size": [0.05, 0.05, 0.8],
							"pivot": [-0.4, 0.40713, -0.42121],
							"rotation": [-22.5, 0, 0],
							"uv": {
								"north": {"uv": [19, 8], "uv_size": [1, 1]},
								"east": {"uv": [9, 19], "uv_size": [1, 1]},
								"south": {"uv": [19, 9], "uv_size": [1, 1]},
								"west": {"uv": [10, 19], "uv_size": [1, 1]},
								"up": {"uv": [19, 10], "uv_size": [1, 1]},
								"down": {"uv": [11, 20], "uv_size": [1, -1]}
							}
						},
						{
							"origin": [0.27, 0.78, -1.71522],
							"size": [0.05, 0.05, 0.8],
							"pivot": [0.4, 0.40713, -0.42121],
							"rotation": [-22.5, 0, 0],
							"uv": {
								"north": {"uv": [19, 5], "uv_size": [1, 1]},
								"east": {"uv": [6, 19], "uv_size": [1, 1]},
								"south": {"uv": [19, 6], "uv_size": [1, 1]},
								"west": {"uv": [7, 19], "uv_size": [1, 1]},
								"up": {"uv": [19, 7], "uv_size": [1, 1]},
								"down": {"uv": [8, 20], "uv_size": [1, -1]}
							}
						},
						{
							"origin": [-0.32, 0.78, -1.71522],
							"size": [0.05, 0.05, 0.8],
							"pivot": [-0.4, 0.40713, -0.42121],
							"rotation": [-22.5, 0, 0],
							"uv": {
								"north": {"uv": [19, 17], "uv_size": [1, 1]},
								"east": {"uv": [18, 19], "uv_size": [1, 1]},
								"south": {"uv": [19, 18], "uv_size": [1, 1]},
								"west": {"uv": [19, 19], "uv_size": [1, 1]},
								"up": {"uv": [0, 20], "uv_size": [1, 1]},
								"down": {"uv": [20, 1], "uv_size": [1, -1]}
							}
						},
						{
							"origin": [-0.4, 0.66279, -0.47601],
							"size": [0.2, 0.2, 0.05],
							"uv": {
								"north": {"uv": [0, 18], "uv_size": [1, 1]},
								"east": {"uv": [18, 0], "uv_size": [1, 1]},
								"south": {"uv": [1, 18], "uv_size": [1, 1]},
								"west": {"uv": [18, 1], "uv_size": [1, 1]},
								"up": {"uv": [2, 18], "uv_size": [1, 1]},
								"down": {"uv": [18, 3], "uv_size": [1, -1]}
							}
						},
						{
							"origin": [0.2, 0.66279, -0.47601],
							"size": [0.2, 0.2, 0.05],
							"uv": {
								"north": {"uv": [3, 18], "uv_size": [1, 1]},
								"east": {"uv": [18, 3], "uv_size": [1, 1]},
								"south": {"uv": [4, 18], "uv_size": [1, 1]},
								"west": {"uv": [18, 4], "uv_size": [1, 1]},
								"up": {"uv": [5, 18], "uv_size": [1, 1]},
								"down": {"uv": [18, 6], "uv_size": [1, -1]}
							}
						}
					]
				},
				{
					"name": "RightPanel",
					"parent": "Turret",
					"pivot": [-0.81473, 1.03399, -0.45064],
					"rotation": [0, 25, 0],
					"cubes": [
						{
							"origin": [-0.8, 1, -0.5],
							"size": [0.5, 0.5, 0.05],
							"pivot": [-0.65, 1.25, -0.475],
							"rotation": [-25, 0, 0],
							"uv": {
								"north": {"uv": [0, 42], "uv_size": [22, 22]},
								"east": {"uv": [4, 9], "uv_size": [1, 1]},
								"south": {"uv": [9, 4], "uv_size": [1, 1]},
								"west": {"uv": [5, 9], "uv_size": [1, 1]},
								"up": {"uv": [9, 5], "uv_size": [1, 1]},
								"down": {"uv": [6, 10], "uv_size": [1, -1]}
							}
						},
						{
							"origin": [-0.8, 0.98714, -0.392],
							"size": [0.05, 0.5, 0.05],
							"pivot": [-0.8, 1.48714, -0.392],
							"rotation": [-24.66569, 4.20854, 9.07947],
							"uv": {
								"north": {"uv": [8, 12], "uv_size": [1, 1]},
								"east": {"uv": [12, 8], "uv_size": [1, 1]},
								"south": {"uv": [9, 12], "uv_size": [1, 1]},
								"west": {"uv": [12, 9], "uv_size": [1, 1]},
								"up": {"uv": [10, 12], "uv_size": [1, 1]},
								"down": {"uv": [12, 11], "uv_size": [1, -1]}
							}
						},
						{
							"origin": [-0.8, 0.58083, -0.392],
							"size": [0.05, 0.5, 0.05],
							"pivot": [-0.8, 0.58083, -0.392],
							"rotation": [24.66569, 4.20854, -9.07947],
							"uv": {
								"north": {"uv": [11, 12], "uv_size": [1, 1]},
								"east": {"uv": [12, 11], "uv_size": [1, 1]},
								"south": {"uv": [12, 12], "uv_size": [1, 1]},
								"west": {"uv": [0, 13], "uv_size": [1, 1]},
								"up": {"uv": [13, 0], "uv_size": [1, 1]},
								"down": {"uv": [1, 14], "uv_size": [1, -1]}
							}
						},
						{
							"origin": [-0.95385, 1, -0.78723],
							"size": [0.05, 0.2, 0.05],
							"pivot": [-0.45385, 1.25, -0.76223],
							"rotation": [-25, 37.5, 0],
							"uv": {
								"north": {"uv": [6, 10], "uv_size": [1, 1]},
								"east": {"uv": [10, 6], "uv_size": [1, 1]},
								"south": {"uv": [7, 10], "uv_size": [1, 1]},
								"west": {"uv": [10, 7], "uv_size": [1, 1]},
								"up": {"uv": [8, 10], "uv_size": [1, 1]},
								"down": {"uv": [10, 9], "uv_size": [1, -1]}
							}
						},
						{
							"origin": [-0.95385, 0.86798, -0.78723],
							"size": [0.05, 0.2, 0.05],
							"pivot": [-0.45385, 0.81798, -0.76223],
							"rotation": [25, 37.5, 0],
							"uv": {
								"north": {"uv": [11, 10], "uv_size": [1, 1]},
								"east": {"uv": [11, 11], "uv_size": [1, 1]},
								"south": {"uv": [0, 12], "uv_size": [1, 1]},
								"west": {"uv": [12, 0], "uv_size": [1, 1]},
								"up": {"uv": [1, 12], "uv_size": [1, 1]},
								"down": {"uv": [12, 2], "uv_size": [1, -1]}
							}
						},
						{
							"origin": [-0.89826, 1.18126, -0.708],
							"size": [0.03, 0.2, 0.05],
							"pivot": [-0.41826, 1.43126, -0.683],
							"rotation": [-25, 37.5, 0],
							"uv": {
								"north": {"uv": [11, 1], "uv_size": [1, 1]},
								"east": {"uv": [2, 11], "uv_size": [1, 1]},
								"south": {"uv": [11, 2], "uv_size": [1, 1]},
								"west": {"uv": [3, 11], "uv_size": [1, 1]},
								"up": {"uv": [11, 3], "uv_size": [1, 1]},
								"down": {"uv": [4, 12], "uv_size": [1, -1]}
							}
						},
						{
							"origin": [-0.89826, 0.68672, -0.708],
							"size": [0.03, 0.2, 0.05],
							"pivot": [-0.41826, 0.63672, -0.683],
							"rotation": [25, 37.5, 0],
							"uv": {
								"north": {"uv": [2, 12], "uv_size": [1, 1]},
								"east": {"uv": [12, 2], "uv_size": [1, 1]},
								"south": {"uv": [3, 12], "uv_size": [1, 1]},
								"west": {"uv": [12, 3], "uv_size": [1, 1]},
								"up": {"uv": [4, 12], "uv_size": [1, 1]},
								"down": {"uv": [12, 5], "uv_size": [1, -1]}
							}
						},
						{
							"origin": [-0.83, 1.18126, -0.41548],
							"size": [0.03, 0.2, 0.05],
							"pivot": [-0.35, 1.43126, -0.39048],
							"rotation": [-25, 0, 0],
							"uv": {
								"north": {"uv": [11, 4], "uv_size": [1, 1]},
								"east": {"uv": [5, 11], "uv_size": [1, 1]},
								"south": {"uv": [11, 5], "uv_size": [1, 1]},
								"west": {"uv": [6, 11], "uv_size": [1, 1]},
								"up": {"uv": [11, 6], "uv_size": [1, 1]},
								"down": {"uv": [7, 12], "uv_size": [1, -1]}
							}
						},
						{
							"origin": [-0.83, 0.68672, -0.41548],
							"size": [0.03, 0.2, 0.05],
							"pivot": [-0.35, 0.63672, -0.39048],
							"rotation": [25, 0, 0],
							"uv": {
								"north": {"uv": [5, 12], "uv_size": [1, 1]},
								"east": {"uv": [12, 5], "uv_size": [1, 1]},
								"south": {"uv": [6, 12], "uv_size": [1, 1]},
								"west": {"uv": [12, 6], "uv_size": [1, 1]},
								"up": {"uv": [7, 12], "uv_size": [1, 1]},
								"down": {"uv": [12, 8], "uv_size": [1, -1]}
							}
						},
						{
							"origin": [-0.85, 1, -0.5],
							"size": [0.05, 0.2, 0.05],
							"pivot": [-0.35, 1.25, -0.475],
							"rotation": [-25, 0, 0],
							"uv": {
								"north": {"uv": [9, 10], "uv_size": [1, 1]},
								"east": {"uv": [10, 9], "uv_size": [1, 1]},
								"south": {"uv": [10, 10], "uv_size": [1, 1]},
								"west": {"uv": [0, 11], "uv_size": [1, 1]},
								"up": {"uv": [11, 0], "uv_size": [1, 1]},
								"down": {"uv": [1, 12], "uv_size": [1, -1]}
							}
						},
						{
							"origin": [-0.85, 0.86798, -0.5],
							"size": [0.05, 0.2, 0.05],
							"pivot": [-0.35, 0.81798, -0.475],
							"rotation": [25, 0, 0],
							"uv": {
								"north": {"uv": [11, 7], "uv_size": [1, 1]},
								"east": {"uv": [8, 11], "uv_size": [1, 1]},
								"south": {"uv": [11, 8], "uv_size": [1, 1]},
								"west": {"uv": [9, 11], "uv_size": [1, 1]},
								"up": {"uv": [11, 9], "uv_size": [1, 1]},
								"down": {"uv": [10, 12], "uv_size": [1, -1]}
							}
						},
						{
							"origin": [-1.17601, 0.98714, -0.02675],
							"size": [0.5, 0.5, 0.05],
							"pivot": [-1.27601, 1.48714, -0.02675],
							"rotation": [-25, 37.5, 0],
							"uv": {
								"north": {"uv": [0, 10], "uv_size": [1, 1]},
								"east": {"uv": [10, 0], "uv_size": [1, 1]},
								"south": {"uv": [1, 10], "uv_size": [1, 1]},
								"west": {"uv": [10, 1], "uv_size": [1, 1]},
								"up": {"uv": [2, 10], "uv_size": [1, 1]},
								"down": {"uv": [10, 3], "uv_size": [1, -1]}
							}
						},
						{
							"origin": [-1.17601, 0.58083, -0.02675],
							"size": [0.5, 0.5, 0.05],
							"pivot": [-1.27601, 0.58083, -0.02675],
							"rotation": [25, 37.5, 0],
							"uv": {
								"north": {"uv": [3, 10], "uv_size": [1, 1]},
								"east": {"uv": [10, 3], "uv_size": [1, 1]},
								"south": {"uv": [4, 10], "uv_size": [1, 1]},
								"west": {"uv": [10, 4], "uv_size": [1, 1]},
								"up": {"uv": [5, 10], "uv_size": [1, 1]},
								"down": {"uv": [10, 6], "uv_size": [1, -1]}
							}
						},
						{
							"origin": [-0.8, 0.56798, -0.5],
							"size": [0.5, 0.5, 0.05],
							"pivot": [-0.65, 0.81798, -0.475],
							"rotation": [25, 0, 0],
							"uv": {
								"north": {"uv": [9, 6], "uv_size": [1, 1]},
								"east": {"uv": [7, 9], "uv_size": [1, 1]},
								"south": {"uv": [9, 7], "uv_size": [1, 1]},
								"west": {"uv": [8, 9], "uv_size": [1, 1]},
								"up": {"uv": [9, 8], "uv_size": [1, 1]},
								"down": {"uv": [9, 10], "uv_size": [1, -1]}
							}
						}
					]
				}
			]
		}
	]
}