{
	"format_version": "1.12.0",
	"minecraft:geometry": [
		{
			"description": {
				"identifier": "geometry.gaz_aaa",
				"texture_width": 32,
				"texture_height": 32,
				"visible_bounds_width": 2,
				"visible_bounds_height": 1.5,
				"visible_bounds_offset": [0, 0.25, 0]
			},
			"bones": [
				{
					"name": "bb_main",
					"pivot": [0, 0, 0],
					"cubes": [
						{
							"origin": [1, 0, -2.38],
							"size": [0.5, 1, 1],
							"uv": {
								"north": {"uv": [11, 18], "uv_size": [0.5, 1]},
								"east": {"uv": [28, 29], "uv_size": [3, 3]},
								"south": {"uv": [11, 18], "uv_size": [0.5, 1]},
								"west": {"uv": [28, 29], "uv_size": [3, 3]},
								"up": {"uv": [11.5, 19], "uv_size": [-0.5, -1]},
								"down": {"uv": [11.5, 19], "uv_size": [-0.5, -1]}
							}
						},
						{
							"origin": [-1.5, 0, -2.38],
							"size": [0.5, 1, 1],
							"uv": {
								"north": {"uv": [21, 20], "uv_size": [0.5, 1]},
								"east": {"uv": [28, 29], "uv_size": [3, 3]},
								"south": {"uv": [21, 20], "uv_size": [0.5, 1]},
								"west": {"uv": [28, 29], "uv_size": [3, 3]},
								"up": {"uv": [21.5, 21], "uv_size": [-0.5, -1]},
								"down": {"uv": [21.5, 21], "uv_size": [-0.5, -1]}
							}
						},
						{
							"origin": [-1.5, 0, 2],
							"size": [0.5, 1, 1],
							"uv": {
								"north": {"uv": [3.5, 22], "uv_size": [-0.5, 1]},
								"east": {"uv": [28, 29], "uv_size": [3, 3]},
								"south": {"uv": [3.5, 22], "uv_size": [-0.5, 1]},
								"west": {"uv": [28, 29], "uv_size": [3, 3]},
								"up": {"uv": [3, 23], "uv_size": [0.5, -1]},
								"down": {"uv": [3, 23], "uv_size": [0.5, -1]}
							}
						},
						{
							"origin": [1, 0, 2],
							"size": [0.5, 1, 1],
							"uv": {
								"north": {"uv": [22, 4], "uv_size": [0.5, 1]},
								"east": {"uv": [28, 29], "uv_size": [3, 3]},
								"south": {"uv": [22, 4], "uv_size": [0.5, 1]},
								"west": {"uv": [28, 29], "uv_size": [3, 3]},
								"up": {"uv": [22.5, 5], "uv_size": [-0.5, -1]},
								"down": {"uv": [22.5, 5], "uv_size": [-0.5, -1]}
							}
						},
						{
							"origin": [1, 0, 3.5],
							"size": [0.5, 1, 1],
							"uv": {
								"north": {"uv": [22, 6], "uv_size": [0.5, 1]},
								"east": {"uv": [28, 29], "uv_size": [3, 3]},
								"south": {"uv": [28, 31], "uv_size": [0.5, 1]},
								"west": {"uv": [28, 29], "uv_size": [3, 3]},
								"up": {"uv": [22.5, 7], "uv_size": [-0.5, -1]},
								"down": {"uv": [22.5, 7], "uv_size": [-0.5, -1]}
							}
						},
						{
							"origin": [-1.5, 0, 3.5],
							"size": [0.5, 1, 1],
							"uv": {
								"north": {"uv": [9, 22], "uv_size": [0.5, 1]},
								"east": {"uv": [28, 29], "uv_size": [3, 3]},
								"south": {"uv": [9, 22], "uv_size": [0.5, 1]},
								"west": {"uv": [28, 29], "uv_size": [3, 3]},
								"up": {"uv": [9.5, 23], "uv_size": [-0.5, -1]},
								"down": {"uv": [9.5, 23], "uv_size": [-0.5, -1]}
							}
						},
						{
							"origin": [-0.5, 0.5, -2.74],
							"size": [1, 0.5, 7.54],
							"uv": {
								"north": {"uv": [12, 22], "uv_size": [1, 0.5]},
								"east": {"uv": [2, 8], "uv_size": [8, 0.5]},
								"south": {"uv": [13, 22], "uv_size": [1, 0.5]},
								"west": {"uv": [8, 3], "uv_size": [8, 0.5]},
								"up": {"uv": [6, 0], "uv_size": [1, 8]},
								"down": {"uv": [7, 8], "uv_size": [1, -8]}
							}
						},
						{
							"origin": [-1, 0.8, -3],
							"size": [2, 0.2, 0.2],
							"uv": {
								"north": {"uv": [22, 13], "uv_size": [2, 0.25]},
								"east": {"uv": [27, 12], "uv_size": [0.25, 0.25]},
								"south": {"uv": [14, 22], "uv_size": [2, 0.25]},
								"west": {"uv": [13, 27], "uv_size": [0.25, 0.25]},
								"up": {"uv": [16, 22], "uv_size": [2, 0.25]},
								"down": {"uv": [18, 22.25], "uv_size": [2, -0.25]}
							}
						},
						{
							"origin": [-0.5, 1, -2.54],
							"size": [1, 1, 1.68],
							"uv": {
								"north": {"uv": [2, 13], "uv_size": [1, 1]},
								"east": {"uv": [10, 0], "uv_size": [1.75, 1]},
								"south": {"uv": [3, 13], "uv_size": [1, 1]},
								"west": {"uv": [10, 1], "uv_size": [1.75, 1]},
								"up": {"uv": [10, 4], "uv_size": [1, 1.75]},
								"down": {"uv": [6, 11.75], "uv_size": [1, -1.75]}
							}
						},
						{
							"origin": [0.4, 1, -2.64],
							"size": [0.1, 1, 0.1],
							"uv": {
								"north": {"uv": [20, 23], "uv_size": [0.25, 1]},
								"east": {"uv": [21, 23], "uv_size": [0.25, 1]},
								"south": {"uv": [22, 23], "uv_size": [0.25, 1]},
								"west": {"uv": [23, 23], "uv_size": [0.25, 1]},
								"up": {"uv": [27, 13], "uv_size": [0.25, 0.25]},
								"down": {"uv": [14, 27.25], "uv_size": [0.25, -0.25]}
							}
						},
						{
							"origin": [-0.5, 1, -2.64],
							"size": [0.1, 1, 0.1],
							"uv": {
								"north": {"uv": [0, 24], "uv_size": [0.25, 1]},
								"east": {"uv": [1, 24], "uv_size": [0.25, 1]},
								"south": {"uv": [24, 1], "uv_size": [0.25, 1]},
								"west": {"uv": [2, 24], "uv_size": [0.25, 1]},
								"up": {"uv": [27, 14], "uv_size": [0.25, 0.25]},
								"down": {"uv": [15, 27.25], "uv_size": [0.25, -0.25]}
							}
						},
						{
							"origin": [-0.3, 1, -2.64],
							"size": [0.1, 1, 0.1],
							"uv": {
								"north": {"uv": [24, 2], "uv_size": [0.25, 1]},
								"east": {"uv": [3, 24], "uv_size": [0.25, 1]},
								"south": {"uv": [24, 4], "uv_size": [0.25, 1]},
								"west": {"uv": [5, 24], "uv_size": [0.25, 1]},
								"up": {"uv": [27, 15], "uv_size": [0.25, 0.25]},
								"down": {"uv": [16, 27.25], "uv_size": [0.25, -0.25]}
							}
						},
						{
							"origin": [0.2, 1, -2.64],
							"size": [0.1, 1, 0.1],
							"uv": {
								"north": {"uv": [24, 5], "uv_size": [0.25, 1]},
								"east": {"uv": [6, 24], "uv_size": [0.25, 1]},
								"south": {"uv": [7, 24], "uv_size": [0.25, 1]},
								"west": {"uv": [8, 24], "uv_size": [0.25, 1]},
								"up": {"uv": [27, 16], "uv_size": [0.25, 0.25]},
								"down": {"uv": [17, 27.25], "uv_size": [0.25, -0.25]}
							}
						},
						{
							"origin": [-0.1, 1, -2.64],
							"size": [0.1, 1, 0.1],
							"uv": {
								"north": {"uv": [24, 8], "uv_size": [0.25, 1]},
								"east": {"uv": [24, 10], "uv_size": [0.25, 1]},
								"south": {"uv": [24, 11], "uv_size": [0.25, 1]},
								"west": {"uv": [13, 24], "uv_size": [0.25, 1]},
								"up": {"uv": [27, 17], "uv_size": [0.25, 0.25]},
								"down": {"uv": [18, 27.25], "uv_size": [0.25, -0.25]}
							}
						},
						{
							"origin": [0, 1, -2.64],
							"size": [0.1, 1, 0.1],
							"uv": {
								"north": {"uv": [24, 13], "uv_size": [0.25, 1]},
								"east": {"uv": [14, 24], "uv_size": [0.25, 1]},
								"south": {"uv": [24, 14], "uv_size": [0.25, 1]},
								"west": {"uv": [15, 24], "uv_size": [0.25, 1]},
								"up": {"uv": [27, 18], "uv_size": [0.25, 0.25]},
								"down": {"uv": [19, 27.25], "uv_size": [0.25, -0.25]}
							}
						},
						{
							"origin": [-0.5, 1.8, -2.64],
							"size": [1, 0.2, 0.1],
							"uv": {
								"north": {"uv": [24, 15], "uv_size": [1, 0.25]},
								"east": {"uv": [27, 19], "uv_size": [0.25, 0.25]},
								"south": {"uv": [16, 24], "uv_size": [1, 0.25]},
								"west": {"uv": [20, 27], "uv_size": [0.25, 0.25]},
								"up": {"uv": [17, 24], "uv_size": [1, 0.25]},
								"down": {"uv": [24, 17.25], "uv_size": [1, -0.25]}
							}
						},
						{
							"origin": [-0.5, 1, -2.64],
							"size": [1, 0.1, 0.1],
							"uv": {
								"north": {"uv": [18, 24], "uv_size": [1, 0.25]},
								"east": {"uv": [27, 20], "uv_size": [0.25, 0.25]},
								"south": {"uv": [24, 18], "uv_size": [1, 0.25]},
								"west": {"uv": [21, 27], "uv_size": [0.25, 0.25]},
								"up": {"uv": [19, 24], "uv_size": [1, 0.25]},
								"down": {"uv": [24, 19.25], "uv_size": [1, -0.25]}
							}
						},
						{
							"origin": [0.5, 1.5, -2.82],
							"size": [0.3, 0.3, 0.26],
							"uv": {
								"north": {"uv": [27, 21], "uv_size": [0.25, 0.25]},
								"east": {"uv": [22, 27], "uv_size": [0.25, 0.25]},
								"south": {"uv": [27, 22], "uv_size": [0.25, 0.25]},
								"west": {"uv": [23, 27], "uv_size": [0.25, 0.25]},
								"up": {"uv": [27, 23], "uv_size": [0.25, 0.25]},
								"down": {"uv": [24, 27.25], "uv_size": [0.25, -0.25]}
							}
						},
						{
							"origin": [-0.8, 1.5, -2.82],
							"size": [0.3, 0.3, 0.26],
							"uv": {
								"north": {"uv": [18, 28], "uv_size": [0.25, 0.25]},
								"east": {"uv": [28, 18], "uv_size": [0.25, 0.25]},
								"south": {"uv": [19, 28], "uv_size": [0.25, 0.25]},
								"west": {"uv": [28, 19], "uv_size": [0.25, 0.25]},
								"up": {"uv": [20, 28], "uv_size": [0.25, 0.25]},
								"down": {"uv": [28, 20.25], "uv_size": [0.25, -0.25]}
							}
						},
						{
							"origin": [0.72885, 1, -2.29133],
							"size": [0.68, 1, 1.7],
							"pivot": [0.02002, 0, 0.96],
							"rotation": [0, 15, 0],
							"uv": {
								"north": {"uv": [5, 13], "uv_size": [1, 1]},
								"east": {"uv": [10, 2], "uv_size": [1.75, 1]},
								"south": {"uv": [13, 5], "uv_size": [1, 1]},
								"west": {"uv": [10, 6], "uv_size": [1.75, 1]},
								"up": {"uv": [7, 10], "uv_size": [1, 1.75]},
								"down": {"uv": [10, 8.75], "uv_size": [1, -1.75]}
							}
						},
						{
							"origin": [-1.38883, 1, -2.29133],
							"size": [0.68, 1, 1.7],
							"pivot": [0, 0, 0.96],
							"rotation": [0, -15, 0],
							"uv": {
								"north": {"uv": [6, 13], "uv_size": [1, 1]},
								"east": {"uv": [8, 10], "uv_size": [1.75, 1]},
								"south": {"uv": [13, 6], "uv_size": [1, 1]},
								"west": {"uv": [10, 9], "uv_size": [1.75, 1]},
								"up": {"uv": [10, 10], "uv_size": [1, 1.75]},
								"down": {"uv": [0, 12.75], "uv_size": [1, -1.75]}
							}
						},
						{
							"origin": [-0.93999, 1, -1.25793],
							"size": [1.9, 0.17, 2.6],
							"uv": {
								"north": {"uv": [20, 22], "uv_size": [2, 0.25]},
								"east": {"uv": [0, 21], "uv_size": [2.5, 0.25]},
								"south": {"uv": [22, 20], "uv_size": [2, 0.25]},
								"west": {"uv": [21, 1], "uv_size": [2.5, 0.25]},
								"up": {"uv": [0, 8], "uv_size": [2, 2.5]},
								"down": {"uv": [8, 2.5], "uv_size": [2, -2.5]}
							}
						},
						{
							"origin": [-0.93999, 1, -0.89793],
							"size": [1.9, 1, 0.12],
							"uv": {
								"north": {"uv": [6, 9], "uv_size": [2, 1]},
								"east": {"uv": [20, 24], "uv_size": [0.25, 1]},
								"south": {"uv": [8, 9], "uv_size": [2, 1]},
								"west": {"uv": [24, 20], "uv_size": [0.25, 1]},
								"up": {"uv": [22, 21], "uv_size": [2, 0.25]},
								"down": {"uv": [22, 22.25], "uv_size": [2, -0.25]}
							}
						},
						{
							"origin": [0.86001, 1, -0.77793],
							"size": [0.1, 1, 1.4],
							"uv": {
								"north": {"uv": [21, 24], "uv_size": [0.25, 1]},
								"east": {"uv": [1, 11], "uv_size": [1.5, 1]},
								"south": {"uv": [24, 21], "uv_size": [0.25, 1]},
								"west": {"uv": [3, 11], "uv_size": [1.5, 1]},
								"up": {"uv": [9, 23], "uv_size": [0.25, 1.5]},
								"down": {"uv": [10, 24.5], "uv_size": [0.25, -1.5]}
							}
						},
						{
							"origin": [-0.93999, 1, -0.77793],
							"size": [0.1, 1, 1.4],
							"uv": {
								"north": {"uv": [22, 24], "uv_size": [0.25, 1]},
								"east": {"uv": [11, 4], "uv_size": [1.5, 1]},
								"south": {"uv": [24, 22], "uv_size": [0.25, 1]},
								"west": {"uv": [11, 5], "uv_size": [1.5, 1]},
								"up": {"uv": [11, 23], "uv_size": [0.25, 1.5]},
								"down": {"uv": [12, 24.5], "uv_size": [0.25, -1.5]}
							}
						},
						{
							"origin": [-0.82, 2, -0.77793],
							"size": [0, 0.8, 1.4],
							"uv": {
								"north": {"uv": [0, 0], "uv_size": [0, 0.75]},
								"east": {"uv": [8, 11], "uv_size": [1.5, 0.75]},
								"south": {"uv": [0, 0], "uv_size": [0, 0.75]},
								"west": {"uv": [12, 1], "uv_size": [1.5, 0.75]},
								"up": {"uv": [0, 0], "uv_size": [0, 1.5]},
								"down": {"uv": [0, 1.5], "uv_size": [0, -1.5]}
							}
						},
						{
							"origin": [0.82, 2, -0.77793],
							"size": [0, 0.8, 1.4],
							"uv": {
								"north": {"uv": [0, 0], "uv_size": [0, 0.75]},
								"east": {"uv": [13.5, 1], "uv_size": [-1.5, 0.75]},
								"south": {"uv": [0, 0], "uv_size": [0, 0.75]},
								"west": {"uv": [9.5, 11], "uv_size": [-1.5, 0.75]},
								"up": {"uv": [0, 0], "uv_size": [0, 1.5]},
								"down": {"uv": [0, 1.5], "uv_size": [0, -1.5]}
							}
						},
						{
							"origin": [-1.2, 1.03962, -0.63546],
							"size": [0.5, 0.5, 0.1],
							"pivot": [0, -0.05, 0.08659],
							"rotation": [30, 0, 0],
							"uv": {
								"north": {"uv": [23, 24], "uv_size": [0.5, 0.5]},
								"east": {"uv": [10, 26], "uv_size": [0.25, 0.5]},
								"south": {"uv": [24, 23], "uv_size": [0.5, 0.5]},
								"west": {"uv": [26, 10], "uv_size": [0.25, 0.5]},
								"up": {"uv": [11, 26], "uv_size": [0.5, 0.25]},
								"down": {"uv": [26, 11.25], "uv_size": [0.5, -0.25]}
							}
						},
						{
							"origin": [0.7, 1.08962, -0.72205],
							"size": [0.5, 0.5, 0.1],
							"pivot": [0, 0, 0],
							"rotation": [30, 0, 0],
							"uv": {
								"north": {"uv": [24, 24], "uv_size": [0.5, 0.5]},
								"east": {"uv": [12, 26], "uv_size": [0.25, 0.5]},
								"south": {"uv": [0, 25], "uv_size": [0.5, 0.5]},
								"west": {"uv": [26, 12], "uv_size": [0.25, 0.5]},
								"up": {"uv": [13, 26], "uv_size": [0.5, 0.25]},
								"down": {"uv": [26, 13.25], "uv_size": [0.5, -0.25]}
							}
						},
						{
							"origin": [-1.2, 1.63768, 0.24269],
							"size": [0.5, 0.5, 0.1],
							"pivot": [0, -0.05, 0.0866],
							"rotation": [60, 0, 0],
							"uv": {
								"north": {"uv": [25, 0], "uv_size": [0.5, 0.5]},
								"east": {"uv": [14, 26], "uv_size": [0.25, 0.5]},
								"south": {"uv": [1, 25], "uv_size": [0.5, 0.5]},
								"west": {"uv": [26, 14], "uv_size": [0.25, 0.5]},
								"up": {"uv": [15, 26], "uv_size": [0.5, 0.25]},
								"down": {"uv": [26, 15.25], "uv_size": [0.5, -0.25]}
							}
						},
						{
							"origin": [0.7, 1.68768, 0.15609],
							"size": [0.5, 0.5, 0.1],
							"pivot": [0, 0, 0],
							"rotation": [60, 0, 0],
							"uv": {
								"north": {"uv": [25, 1], "uv_size": [0.5, 0.5]},
								"east": {"uv": [16, 26], "uv_size": [0.25, 0.5]},
								"south": {"uv": [2, 25], "uv_size": [0.5, 0.5]},
								"west": {"uv": [26, 16], "uv_size": [0.25, 0.5]},
								"up": {"uv": [17, 26], "uv_size": [0.5, 0.25]},
								"down": {"uv": [26, 17.25], "uv_size": [0.5, -0.25]}
							}
						},
						{
							"origin": [-1.2, -3.11654, -0.42902],
							"size": [0.5, 0.5, 0.1],
							"pivot": [0, -0.05, 0.8866],
							"rotation": [-90, 0, 0],
							"uv": {
								"north": {"uv": [25, 2], "uv_size": [0.5, 0.5]},
								"east": {"uv": [18, 26], "uv_size": [0.25, 0.5]},
								"south": {"uv": [3, 25], "uv_size": [0.5, 0.5]},
								"west": {"uv": [26, 18], "uv_size": [0.25, 0.5]},
								"up": {"uv": [19, 26], "uv_size": [0.5, 0.25]},
								"down": {"uv": [26, 19.25], "uv_size": [0.5, -0.25]}
							}
						},
						{
							"origin": [0.7, -2.26654, -1.31562],
							"size": [0.5, 0.5, 0.1],
							"pivot": [0, 0, 0],
							"rotation": [-90, 0, 0],
							"uv": {
								"north": {"uv": [25, 3], "uv_size": [0.5, 0.5]},
								"east": {"uv": [20, 26], "uv_size": [0.25, 0.5]},
								"south": {"uv": [4, 25], "uv_size": [0.5, 0.5]},
								"west": {"uv": [26, 20], "uv_size": [0.25, 0.5]},
								"up": {"uv": [21, 26], "uv_size": [0.5, 0.25]},
								"down": {"uv": [26, 21.25], "uv_size": [0.5, -0.25]}
							}
						},
						{
							"origin": [-1.2, -1.85508, -2.18604],
							"size": [0.5, 0.5, 0.1],
							"pivot": [0, -0.05001, 0.0866],
							"rotation": [-60, 0, 0],
							"uv": {
								"north": {"uv": [25, 4], "uv_size": [0.5, 0.5]},
								"east": {"uv": [22, 26], "uv_size": [0.25, 0.5]},
								"south": {"uv": [5, 25], "uv_size": [0.5, 0.5]},
								"west": {"uv": [26, 22], "uv_size": [0.25, 0.5]},
								"up": {"uv": [23, 26], "uv_size": [0.5, 0.25]},
								"down": {"uv": [26, 23.25], "uv_size": [0.5, -0.25]}
							}
						},
						{
							"origin": [0.7, -1.80507, -2.27264],
							"size": [0.5, 0.5, 0.1],
							"pivot": [0, 0, 0],
							"rotation": [-60, 0, 0],
							"uv": {
								"north": {"uv": [25, 5], "uv_size": [0.5, 0.5]},
								"east": {"uv": [24, 26], "uv_size": [0.25, 0.5]},
								"south": {"uv": [6, 25], "uv_size": [0.5, 0.5]},
								"west": {"uv": [26, 24], "uv_size": [0.25, 0.5]},
								"up": {"uv": [25, 26], "uv_size": [0.5, 0.25]},
								"down": {"uv": [26, 25.25], "uv_size": [0.5, -0.25]}
							}
						},
						{
							"origin": [-1.2, 0.53261, -1.08353],
							"size": [0.5, 0.1, 1.6],
							"uv": {
								"north": {"uv": [26, 26], "uv_size": [0.5, 0.25]},
								"east": {"uv": [23, 9], "uv_size": [1.5, 0.25]},
								"south": {"uv": [0, 27], "uv_size": [0.5, 0.25]},
								"west": {"uv": [23, 12], "uv_size": [1.5, 0.25]},
								"up": {"uv": [8, 16], "uv_size": [0.5, 1.5]},
								"down": {"uv": [16, 16.5], "uv_size": [0.5, -1.5]}
							}
						},
						{
							"origin": [0.7, 0.53261, -1.08353],
							"size": [0.5, 0.1, 1.6],
							"uv": {
								"north": {"uv": [27, 0], "uv_size": [0.5, 0.25]},
								"east": {"uv": [13, 23], "uv_size": [1.5, 0.25]},
								"south": {"uv": [1, 27], "uv_size": [0.5, 0.25]},
								"west": {"uv": [15, 23], "uv_size": [1.5, 0.25]},
								"up": {"uv": [17, 14], "uv_size": [0.5, 1.5]},
								"down": {"uv": [16, 18.5], "uv_size": [0.5, -1.5]}
							}
						},
						{
							"origin": [0.86001, 2.02284, -0.89274],
							"size": [0.1, 0.54, 0.1],
							"uv": {
								"north": {"uv": [25, 9], "uv_size": [0.25, 0.75]},
								"east": {"uv": [10, 25], "uv_size": [0.25, 0.75]},
								"south": {"uv": [25, 10], "uv_size": [0.25, 0.75]},
								"west": {"uv": [11, 25], "uv_size": [0.25, 0.75]},
								"up": {"uv": [27, 24], "uv_size": [0.25, 0.25]},
								"down": {"uv": [25, 27.25], "uv_size": [0.25, -0.25]}
							}
						},
						{
							"origin": [-0.96001, 2.02284, -0.89274],
							"size": [0.1, 0.54, 0.1],
							"uv": {
								"north": {"uv": [25, 11], "uv_size": [0.25, 0.75]},
								"east": {"uv": [12, 25], "uv_size": [0.25, 0.75]},
								"south": {"uv": [25, 12], "uv_size": [0.25, 0.75]},
								"west": {"uv": [13, 25], "uv_size": [0.25, 0.75]},
								"up": {"uv": [27, 25], "uv_size": [0.25, 0.25]},
								"down": {"uv": [26, 27.25], "uv_size": [0.25, -0.25]}
							}
						},
						{
							"origin": [-0.1, 2.02284, -0.89274],
							"size": [0.1, 0.54, 0.1],
							"uv": {
								"north": {"uv": [25, 13], "uv_size": [0.25, 0.75]},
								"east": {"uv": [14, 25], "uv_size": [0.25, 0.75]},
								"south": {"uv": [25, 14], "uv_size": [0.25, 0.75]},
								"west": {"uv": [15, 25], "uv_size": [0.25, 0.75]},
								"up": {"uv": [27, 26], "uv_size": [0.25, 0.25]},
								"down": {"uv": [27, 27.25], "uv_size": [0.25, -0.25]}
							}
						},
						{
							"origin": [-0.93999, 1.83025, -1.83023],
							"size": [1.9, 0.3, 0.1],
							"pivot": [0, -0.16, 0.47999],
							"rotation": [-22.5, 0, 0],
							"uv": {
								"north": {"uv": [0, 23], "uv_size": [2, 0.25]},
								"east": {"uv": [0, 28], "uv_size": [0.25, 0.25]},
								"south": {"uv": [23, 0], "uv_size": [2, 0.25]},
								"west": {"uv": [28, 0], "uv_size": [0.25, 0.25]},
								"up": {"uv": [2, 23], "uv_size": [2, 0.25]},
								"down": {"uv": [23, 3.25], "uv_size": [2, -0.25]}
							}
						},
						{
							"origin": [-0.93999, 1, 0.62207],
							"size": [1.9, 1.84, 0.12],
							"uv": {
								"north": {"uv": [8, 4], "uv_size": [2, 2]},
								"east": {"uv": [4, 23], "uv_size": [0.25, 2]},
								"south": {"uv": [8, 6], "uv_size": [2, 2]},
								"west": {"uv": [23, 4], "uv_size": [0.25, 2]},
								"up": {"uv": [5, 23], "uv_size": [2, 0.25]},
								"down": {"uv": [23, 6.25], "uv_size": [2, -0.25]}
							}
						},
						{
							"origin": [-0.93999, 2.64, -0.77793],
							"size": [1.9, 0.2, 1.4],
							"uv": {
								"north": {"uv": [7, 23], "uv_size": [2, 0.25]},
								"east": {"uv": [23, 16], "uv_size": [1.5, 0.25]},
								"south": {"uv": [23, 7], "uv_size": [2, 0.25]},
								"west": {"uv": [17, 23], "uv_size": [1.5, 0.25]},
								"up": {"uv": [2, 9], "uv_size": [2, 1.5]},
								"down": {"uv": [4, 10.5], "uv_size": [2, -1.5]}
							}
						},
						{
							"origin": [-1.5, 1, 1],
							"size": [3, 0.1, 4],
							"uv": {
								"north": {"uv": [17, 9], "uv_size": [3, 0.25]},
								"east": {"uv": [7, 13], "uv_size": [4, 0.25]},
								"south": {"uv": [17, 12], "uv_size": [3, 0.25]},
								"west": {"uv": [13, 9], "uv_size": [4, 0.25]},
								"up": {"uv": [0, 0], "uv_size": [3, 4]},
								"down": {"uv": [3, 4], "uv_size": [3, -4]}
							}
						},
						{
							"origin": [-1.5, 1.3, 1],
							"size": [3, 0.1, 4],
							"uv": {
								"north": {"uv": [17, 16], "uv_size": [3, 0.25]},
								"east": {"uv": [11, 13], "uv_size": [4, 0.25]},
								"south": {"uv": [17, 17], "uv_size": [3, 0.25]},
								"west": {"uv": [13, 12], "uv_size": [4, 0.25]},
								"up": {"uv": [0, 4], "uv_size": [3, 4]},
								"down": {"uv": [3, 8], "uv_size": [3, -4]}
							}
						},
						{
							"origin": [-1.499, 1.1, 0.999],
							"size": [2.999, 0.45, 0.1],
							"uv": {
								"north": {"uv": [11, 7], "uv_size": [3, 0.5]},
								"east": {"uv": [27, 1], "uv_size": [0.25, 0.5]},
								"south": {"uv": [11, 8], "uv_size": [3, 0.5]},
								"west": {"uv": [2, 27], "uv_size": [0.25, 0.5]},
								"up": {"uv": [18, 1], "uv_size": [3, 0.25]},
								"down": {"uv": [18, 2.25], "uv_size": [3, -0.25]}
							}
						},
						{
							"origin": [-1.499, 1.1, 4.999],
							"size": [2.999, 0.45, 0.1],
							"uv": {
								"north": {"uv": [12, 0], "uv_size": [3, 0.5]},
								"east": {"uv": [27, 11], "uv_size": [0.25, 0.5]},
								"south": {"uv": [1, 12], "uv_size": [3, 0.5]},
								"west": {"uv": [12, 27], "uv_size": [0.25, 0.5]},
								"up": {"uv": [20, 18], "uv_size": [3, 0.25]},
								"down": {"uv": [20, 19.25], "uv_size": [3, -0.25]}
							}
						},
						{
							"origin": [1.4, 1.4, 1.099],
							"size": [0.1, 0.15, 3.94],
							"uv": {
								"north": {"uv": [9, 28], "uv_size": [0.25, 0.25]},
								"east": {"uv": [0, 14], "uv_size": [4, 0.25]},
								"south": {"uv": [28, 9], "uv_size": [0.25, 0.25]},
								"west": {"uv": [14, 1], "uv_size": [4, 0.25]},
								"up": {"uv": [4, 14], "uv_size": [0.25, 4]},
								"down": {"uv": [14, 8], "uv_size": [0.25, -4]}
							}
						},
						{
							"origin": [-1.5, 1.4, 1.099],
							"size": [0.1, 0.15, 3.94],
							"uv": {
								"north": {"uv": [16, 28], "uv_size": [0.25, 0.25]},
								"east": {"uv": [15, 13], "uv_size": [4, 0.25]},
								"south": {"uv": [28, 16], "uv_size": [0.25, 0.25]},
								"west": {"uv": [16, 3], "uv_size": [4, 0.25]},
								"up": {"uv": [6, 16], "uv_size": [0.25, 4]},
								"down": {"uv": [7, 20], "uv_size": [0.25, -4]}
							}
						},
						{
							"origin": [1.4, 1.63, 1.1],
							"size": [0.1, 0.2, 3.94],
							"uv": {
								"north": {"uv": [10, 28], "uv_size": [0.25, 0.25]},
								"east": {"uv": [14, 2], "uv_size": [4, 0.25]},
								"south": {"uv": [28, 10], "uv_size": [0.25, 0.25]},
								"west": {"uv": [5, 14], "uv_size": [4, 0.25]},
								"up": {"uv": [9, 14], "uv_size": [0.25, 4]},
								"down": {"uv": [10, 18], "uv_size": [0.25, -4]}
							}
						},
						{
							"origin": [-1.5, 1.63, 1.1],
							"size": [0.1, 0.2, 3.94],
							"uv": {
								"north": {"uv": [15, 28], "uv_size": [0.25, 0.25]},
								"east": {"uv": [15, 6], "uv_size": [4, 0.25]},
								"south": {"uv": [28, 15], "uv_size": [0.25, 0.25]},
								"west": {"uv": [15, 7], "uv_size": [4, 0.25]},
								"up": {"uv": [15, 15], "uv_size": [0.25, 4]},
								"down": {"uv": [5, 20], "uv_size": [0.25, -4]}
							}
						},
						{
							"origin": [1.4, 1.87, 1.1],
							"size": [0.1, 0.2, 3.94],
							"uv": {
								"north": {"uv": [11, 28], "uv_size": [0.25, 0.25]},
								"east": {"uv": [14, 8], "uv_size": [4, 0.25]},
								"south": {"uv": [28, 11], "uv_size": [0.25, 0.25]},
								"west": {"uv": [14, 10], "uv_size": [4, 0.25]},
								"up": {"uv": [11, 14], "uv_size": [0.25, 4]},
								"down": {"uv": [12, 18], "uv_size": [0.25, -4]}
							}
						},
						{
							"origin": [-1.5, 1.87, 1.1],
							"size": [0.1, 0.2, 3.94],
							"uv": {
								"north": {"uv": [14, 28], "uv_size": [0.25, 0.25]},
								"east": {"uv": [5, 15], "uv_size": [4, 0.25]},
								"south": {"uv": [28, 14], "uv_size": [0.25, 0.25]},
								"west": {"uv": [15, 5], "uv_size": [4, 0.25]},
								"up": {"uv": [13, 15], "uv_size": [0.25, 4]},
								"down": {"uv": [14, 19], "uv_size": [0.25, -4]}
							}
						},
						{
							"origin": [1.4, 2.13, 1.1],
							"size": [0.1, 0.2, 3.94],
							"uv": {
								"north": {"uv": [12, 28], "uv_size": [0.25, 0.25]},
								"east": {"uv": [14, 11], "uv_size": [4, 0.25]},
								"south": {"uv": [28, 12], "uv_size": [0.25, 0.25]},
								"west": {"uv": [13, 14], "uv_size": [4, 0.25]},
								"up": {"uv": [0, 15], "uv_size": [0.25, 4]},
								"down": {"uv": [1, 19], "uv_size": [0.25, -4]}
							}
						},
						{
							"origin": [-1.5, 2.13, 1.1],
							"size": [0.1, 0.2, 3.94],
							"uv": {
								"north": {"uv": [13, 28], "uv_size": [0.25, 0.25]},
								"east": {"uv": [15, 0], "uv_size": [4, 0.25]},
								"south": {"uv": [28, 13], "uv_size": [0.25, 0.25]},
								"west": {"uv": [15, 4], "uv_size": [4, 0.25]},
								"up": {"uv": [2, 15], "uv_size": [0.25, 4]},
								"down": {"uv": [3, 19], "uv_size": [0.25, -4]}
							}
						},
						{
							"origin": [-1.499, 1.63, 1],
							"size": [2.999, 0.2, 0.1],
							"uv": {
								"north": {"uv": [17, 18], "uv_size": [3, 0.25]},
								"east": {"uv": [6, 28], "uv_size": [0.25, 0.25]},
								"south": {"uv": [0, 19], "uv_size": [3, 0.25]},
								"west": {"uv": [28, 6], "uv_size": [0.25, 0.25]},
								"up": {"uv": [19, 0], "uv_size": [3, 0.25]},
								"down": {"uv": [19, 4.25], "uv_size": [3, -0.25]}
							}
						},
						{
							"origin": [-1.499, 1.63, 5],
							"size": [2.999, 0.2, 0.1],
							"uv": {
								"north": {"uv": [9, 20], "uv_size": [3, 0.25]},
								"east": {"uv": [29, 0], "uv_size": [0.25, 0.25]},
								"south": {"uv": [20, 9], "uv_size": [3, 0.25]},
								"west": {"uv": [1, 29], "uv_size": [0.25, 0.25]},
								"up": {"uv": [12, 20], "uv_size": [3, 0.25]},
								"down": {"uv": [20, 12.25], "uv_size": [3, -0.25]}
							}
						},
						{
							"origin": [1.4, 1.55, 0.999],
							"size": [0.1, 0.7, 0.1],
							"uv": {
								"north": {"uv": [25, 19], "uv_size": [0.25, 0.75]},
								"east": {"uv": [20, 25], "uv_size": [0.25, 0.75]},
								"south": {"uv": [25, 20], "uv_size": [0.25, 0.75]},
								"west": {"uv": [21, 25], "uv_size": [0.25, 0.75]},
								"up": {"uv": [17, 28], "uv_size": [0.25, 0.25]},
								"down": {"uv": [28, 17.25], "uv_size": [0.25, -0.25]}
							}
						},
						{
							"origin": [-1.5, 1.55, 0.999],
							"size": [0.1, 0.7, 0.1],
							"uv": {
								"north": {"uv": [25, 21], "uv_size": [0.25, 0.75]},
								"east": {"uv": [22, 25], "uv_size": [0.25, 0.75]},
								"south": {"uv": [25, 22], "uv_size": [0.25, 0.75]},
								"west": {"uv": [23, 25], "uv_size": [0.25, 0.75]},
								"up": {"uv": [21, 28], "uv_size": [0.25, 0.25]},
								"down": {"uv": [28, 21.25], "uv_size": [0.25, -0.25]}
							}
						},
						{
							"origin": [-1.5, 1.39, 4.999],
							"size": [0.1, 0.86, 0.1],
							"uv": {
								"north": {"uv": [25, 23], "uv_size": [0.25, 0.75]},
								"east": {"uv": [24, 25], "uv_size": [0.25, 0.75]},
								"south": {"uv": [25, 24], "uv_size": [0.25, 0.75]},
								"west": {"uv": [25, 25], "uv_size": [0.25, 0.75]},
								"up": {"uv": [22, 28], "uv_size": [0.25, 0.25]},
								"down": {"uv": [28, 22.25], "uv_size": [0.25, -0.25]}
							}
						},
						{
							"origin": [1.4, 1.39, 4.999],
							"size": [0.1, 0.86, 0.1],
							"uv": {
								"north": {"uv": [8, 26], "uv_size": [0.25, 0.75]},
								"east": {"uv": [26, 8], "uv_size": [0.25, 0.75]},
								"south": {"uv": [9, 26], "uv_size": [0.25, 0.75]},
								"west": {"uv": [26, 9], "uv_size": [0.25, 0.75]},
								"up": {"uv": [27, 28], "uv_size": [0.25, 0.25]},
								"down": {"uv": [28, 27.25], "uv_size": [0.25, -0.25]}
							}
						},
						{
							"origin": [-1.5, 1.55, 3.559],
							"size": [0.1, 0.7, 0.1],
							"uv": {
								"north": {"uv": [0, 26], "uv_size": [0.25, 0.75]},
								"east": {"uv": [26, 0], "uv_size": [0.25, 0.75]},
								"south": {"uv": [1, 26], "uv_size": [0.25, 0.75]},
								"west": {"uv": [26, 1], "uv_size": [0.25, 0.75]},
								"up": {"uv": [23, 28], "uv_size": [0.25, 0.25]},
								"down": {"uv": [28, 23.25], "uv_size": [0.25, -0.25]}
							}
						},
						{
							"origin": [1.4, 1.55, 3.559],
							"size": [0.1, 0.7, 0.1],
							"uv": {
								"north": {"uv": [6, 26], "uv_size": [0.25, 0.75]},
								"east": {"uv": [26, 6], "uv_size": [0.25, 0.75]},
								"south": {"uv": [7, 26], "uv_size": [0.25, 0.75]},
								"west": {"uv": [26, 7], "uv_size": [0.25, 0.75]},
								"up": {"uv": [26, 28], "uv_size": [0.25, 0.25]},
								"down": {"uv": [28, 26.25], "uv_size": [0.25, -0.25]}
							}
						},
						{
							"origin": [-1.5, 1.55, 2.599],
							"size": [0.1, 0.7, 0.1],
							"uv": {
								"north": {"uv": [2, 26], "uv_size": [0.25, 0.75]},
								"east": {"uv": [26, 2], "uv_size": [0.25, 0.75]},
								"south": {"uv": [3, 26], "uv_size": [0.25, 0.75]},
								"west": {"uv": [26, 3], "uv_size": [0.25, 0.75]},
								"up": {"uv": [24, 28], "uv_size": [0.25, 0.25]},
								"down": {"uv": [28, 24.25], "uv_size": [0.25, -0.25]}
							}
						},
						{
							"origin": [1.4, 1.55, 2.599],
							"size": [0.1, 0.7, 0.1],
							"uv": {
								"north": {"uv": [4, 26], "uv_size": [0.25, 0.75]},
								"east": {"uv": [26, 4], "uv_size": [0.25, 0.75]},
								"south": {"uv": [5, 26], "uv_size": [0.25, 0.75]},
								"west": {"uv": [26, 5], "uv_size": [0.25, 0.75]},
								"up": {"uv": [25, 28], "uv_size": [0.25, 0.25]},
								"down": {"uv": [28, 25.25], "uv_size": [0.25, -0.25]}
							}
						},
						{
							"origin": [-1.499, 1.87, 1],
							"size": [2.999, 0.2, 0.1],
							"uv": {
								"north": {"uv": [19, 5], "uv_size": [3, 0.25]},
								"east": {"uv": [7, 28], "uv_size": [0.25, 0.25]},
								"south": {"uv": [19, 6], "uv_size": [3, 0.25]},
								"west": {"uv": [28, 7], "uv_size": [0.25, 0.25]},
								"up": {"uv": [19, 7], "uv_size": [3, 0.25]},
								"down": {"uv": [8, 19.25], "uv_size": [3, -0.25]}
							}
						},
						{
							"origin": [-1.499, 1.87, 5],
							"size": [2.999, 0.2, 0.1],
							"uv": {
								"north": {"uv": [15, 20], "uv_size": [3, 0.25]},
								"east": {"uv": [29, 1], "uv_size": [0.25, 0.25]},
								"south": {"uv": [20, 16], "uv_size": [3, 0.25]},
								"west": {"uv": [2, 29], "uv_size": [0.25, 0.25]},
								"up": {"uv": [20, 17], "uv_size": [3, 0.25]},
								"down": {"uv": [18, 20.25], "uv_size": [3, -0.25]}
							}
						},
						{
							"origin": [-1.499, 2.13, 1],
							"size": [2.999, 0.2, 0.1],
							"uv": {
								"north": {"uv": [11, 19], "uv_size": [3, 0.25]},
								"east": {"uv": [8, 28], "uv_size": [0.25, 0.25]},
								"south": {"uv": [19, 13], "uv_size": [3, 0.25]},
								"west": {"uv": [28, 8], "uv_size": [0.25, 0.25]},
								"up": {"uv": [14, 19], "uv_size": [3, 0.25]},
								"down": {"uv": [17, 19.25], "uv_size": [3, -0.25]}
							}
						},
						{
							"origin": [-1.499, 2.13, 5],
							"size": [2.999, 0.2, 0.1],
							"uv": {
								"north": {"uv": [0, 20], "uv_size": [3, 0.25]},
								"east": {"uv": [28, 28], "uv_size": [0.25, 0.25]},
								"south": {"uv": [3, 20], "uv_size": [3, 0.25]},
								"west": {"uv": [0, 29], "uv_size": [0.25, 0.25]},
								"up": {"uv": [20, 3], "uv_size": [3, 0.25]},
								"down": {"uv": [6, 20.25], "uv_size": [3, -0.25]}
							}
						},
						{
							"origin": [-1.5, 1.1, 3],
							"size": [3, 0.2, 0.2],
							"uv": {
								"north": {"uv": [8, 18], "uv_size": [3, 0.25]},
								"east": {"uv": [1, 28], "uv_size": [0.25, 0.25]},
								"south": {"uv": [18, 8], "uv_size": [3, 0.25]},
								"west": {"uv": [28, 1], "uv_size": [0.25, 0.25]},
								"up": {"uv": [18, 10], "uv_size": [3, 0.25]},
								"down": {"uv": [18, 11.25], "uv_size": [3, -0.25]}
							}
						},
						{
							"origin": [-1.5, 1, 5],
							"size": [3, 0.4, 0.2],
							"uv": {
								"north": {"uv": [11, 10], "uv_size": [3, 0.5]},
								"east": {"uv": [27, 2], "uv_size": [0.25, 0.5]},
								"south": {"uv": [11, 11], "uv_size": [3, 0.5]},
								"west": {"uv": [3, 27], "uv_size": [0.25, 0.5]},
								"up": {"uv": [18, 14], "uv_size": [3, 0.25]},
								"down": {"uv": [18, 15.25], "uv_size": [3, -0.25]}
							}
						},
						{
							"origin": [-1.2, 0.3, -2.04],
							"size": [2.2, 0.2, 0.2],
							"uv": {
								"north": {"uv": [3, 21], "uv_size": [2.25, 0.25]},
								"east": {"uv": [3, 21], "uv_size": [2.25, 0.25]},
								"south": {"uv": [3, 21], "uv_size": [2.25, 0.25]},
								"west": {"uv": [3, 21], "uv_size": [2.25, 0.25]},
								"up": {"uv": [5.25, 21.25], "uv_size": [-2.25, -0.25]},
								"down": {"uv": [5.25, 21.25], "uv_size": [-2.25, -0.25]}
							}
						},
						{
							"origin": [-1.2, 0.3, 2.4],
							"size": [2.2, 0.2, 0.2],
							"uv": {
								"north": {"uv": [14.25, 21], "uv_size": [-2.25, 0.25]},
								"east": {"uv": [14.25, 21], "uv_size": [-2.25, 0.25]},
								"south": {"uv": [14.25, 21], "uv_size": [-2.25, 0.25]},
								"west": {"uv": [14.25, 21], "uv_size": [-2.25, 0.25]},
								"up": {"uv": [12, 21.25], "uv_size": [2.25, -0.25]},
								"down": {"uv": [12, 21.25], "uv_size": [2.25, -0.25]}
							}
						},
						{
							"origin": [-1.2, 0.3, 3.9],
							"size": [2.2, 0.2, 0.2],
							"uv": {
								"north": {"uv": [20.25, 21], "uv_size": [-2.25, 0.25]},
								"east": {"uv": [20.25, 21], "uv_size": [-2.25, 0.25]},
								"south": {"uv": [20.25, 21], "uv_size": [-2.25, 0.25]},
								"west": {"uv": [20.25, 21], "uv_size": [-2.25, 0.25]},
								"up": {"uv": [18, 21.25], "uv_size": [2.25, -0.25]},
								"down": {"uv": [18, 21.25], "uv_size": [2.25, -0.25]}
							}
						},
						{
							"origin": [0.2, 1.2, -0.52],
							"size": [0.6, 0.2, 0.6],
							"uv": {
								"north": {"uv": [27, 5], "uv_size": [0.5, 0.25]},
								"east": {"uv": [6, 27], "uv_size": [0.5, 0.25]},
								"south": {"uv": [27, 6], "uv_size": [0.5, 0.25]},
								"west": {"uv": [7, 27], "uv_size": [0.5, 0.25]},
								"up": {"uv": [25, 7], "uv_size": [0.5, 0.5]},
								"down": {"uv": [8, 25.5], "uv_size": [0.5, -0.5]}
							}
						},
						{
							"origin": [-0.8, 1.2, -0.52],
							"size": [0.6, 0.2, 0.6],
							"uv": {
								"north": {"uv": [27.5, 5], "uv_size": [-0.5, 0.25]},
								"east": {"uv": [7.5, 27], "uv_size": [-0.5, 0.25]},
								"south": {"uv": [27.5, 6], "uv_size": [-0.5, 0.25]},
								"west": {"uv": [6.5, 27], "uv_size": [-0.5, 0.25]},
								"up": {"uv": [25.5, 7], "uv_size": [-0.5, 0.5]},
								"down": {"uv": [8.5, 25.5], "uv_size": [-0.5, -0.5]}
							}
						},
						{
							"origin": [4.8, 1.2, -0.72],
							"size": [0.6, 0.2, 0.8],
							"pivot": [2.8, 1.2, 0.08],
							"rotation": [102.5, 0, 180],
							"uv": {
								"north": {"uv": [27, 7], "uv_size": [0.5, 0.25]},
								"east": {"uv": [25, 15], "uv_size": [0.75, 0.25]},
								"south": {"uv": [8, 27], "uv_size": [0.5, 0.25]},
								"west": {"uv": [16, 25], "uv_size": [0.75, 0.25]},
								"up": {"uv": [23, 17], "uv_size": [0.5, 0.75]},
								"down": {"uv": [23, 18.75], "uv_size": [0.5, -0.75]}
							}
						},
						{
							"origin": [-5.4, 1.2, -0.72],
							"size": [0.6, 0.2, 0.8],
							"pivot": [-2.8, 1.2, 0.08],
							"rotation": [102.5, 0, -180],
							"uv": {
								"north": {"uv": [27.5, 7], "uv_size": [-0.5, 0.25]},
								"east": {"uv": [16.75, 25], "uv_size": [-0.75, 0.25]},
								"south": {"uv": [8.5, 27], "uv_size": [-0.5, 0.25]},
								"west": {"uv": [25.75, 15], "uv_size": [-0.75, 0.25]},
								"up": {"uv": [23.5, 17], "uv_size": [-0.5, 0.75]},
								"down": {"uv": [23.5, 18.75], "uv_size": [-0.5, -0.75]}
							}
						},
						{
							"origin": [0.4, 1.75929, -0.36349],
							"size": [0.2, 0.2, 0.7],
							"pivot": [0, 0, 0],
							"rotation": [30, 0, 0],
							"uv": {
								"north": {"uv": [5, 28], "uv_size": [0.25, 0.25]},
								"east": {"uv": [25, 17], "uv_size": [0.75, 0.25]},
								"south": {"uv": [28, 5], "uv_size": [0.25, 0.25]},
								"west": {"uv": [18, 25], "uv_size": [0.75, 0.25]},
								"up": {"uv": [25, 18], "uv_size": [0.25, 0.75]},
								"down": {"uv": [19, 25.75], "uv_size": [0.25, -0.75]}
							}
						},
						{
							"origin": [0.3, 1.6993, 0.3365],
							"size": [0.4, 0.4, 0.1],
							"pivot": [0, 0, 0],
							"rotation": [30, 0, 0],
							"uv": {
								"north": {"uv": [0, 29], "uv_size": [3, 3]},
								"east": {"uv": [27, 9], "uv_size": [0.25, 0.5]},
								"south": {"uv": [0, 29], "uv_size": [3, 3]},
								"west": {"uv": [10, 27], "uv_size": [0.25, 0.5]},
								"up": {"uv": [27, 10], "uv_size": [0.5, 0.25]},
								"down": {"uv": [11, 27.25], "uv_size": [0.5, -0.25]}
							}
						}
					]
				}
			]
		}
	]
}