{
	"format_version": "1.12.0",
	"minecraft:geometry": [
		{
			"description": {
				"identifier": "geometry.gmc_truck",
				"texture_width": 64,
				"texture_height": 64,
				"visible_bounds_width": 2,
				"visible_bounds_height": 1.5,
				"visible_bounds_offset": [0, 0.25, 0]
			},
			"bones": [
				{
					"name": "bb_main",
					"pivot": [0, 0, 0],
					"cubes": [
						{
							"origin": [-0.5, 0.7, -3.6],
							"size": [1, 0.3, 8.3],
							"uv": {
								"north": {"uv": [19, 24], "uv_size": [1, 0.5]},
								"east": {"uv": [2, 4], "uv_size": [8.5, 0.5]},
								"south": {"uv": [24, 19], "uv_size": [1, 0.5]},
								"west": {"uv": [2, 5], "uv_size": [8.5, 0.5]},
								"up": {"uv": [0, 4], "uv_size": [1, 8.5]},
								"down": {"uv": [1, 12.5], "uv_size": [1, -8.5]}
							}
						},
						{
							"origin": [0.5, 0.7, -1.35],
							"size": [0.25, 0.3, 2.05],
							"uv": {
								"north": {"uv": [19, 24], "uv_size": [1, 0.5]},
								"east": {"uv": [2, 4], "uv_size": [8.5, 0.5]},
								"south": {"uv": [24, 19], "uv_size": [1, 0.5]},
								"west": {"uv": [2, 5], "uv_size": [8.5, 0.5]},
								"up": {"uv": [0, 4], "uv_size": [1, 8.5]},
								"down": {"uv": [1, 12.5], "uv_size": [1, -8.5]}
							}
						},
						{
							"origin": [-0.75, 0.7, -1.35],
							"size": [0.25, 0.3, 2.05],
							"uv": {
								"north": {"uv": [20, 24], "uv_size": [-1, 0.5]},
								"east": {"uv": [10.5, 5], "uv_size": [-8.5, 0.5]},
								"south": {"uv": [25, 19], "uv_size": [-1, 0.5]},
								"west": {"uv": [10.5, 4], "uv_size": [-8.5, 0.5]},
								"up": {"uv": [1, 4], "uv_size": [-1, 8.5]},
								"down": {"uv": [2, 12.5], "uv_size": [-1, -8.5]}
							}
						},
						{
							"origin": [-0.5, 1, 0.9],
							"size": [1, 0.3, 3.8],
							"uv": {
								"north": {"uv": [25, 5], "uv_size": [1, 0.5]},
								"east": {"uv": [16, 1], "uv_size": [4, 0.5]},
								"south": {"uv": [25, 6], "uv_size": [1, 0.5]},
								"west": {"uv": [16, 5], "uv_size": [4, 0.5]},
								"up": {"uv": [6, 6], "uv_size": [1, 4]},
								"down": {"uv": [7, 10], "uv_size": [1, -4]}
							}
						},
						{
							"origin": [-1.2, 0.55, -3.7],
							"size": [2.4, 0.45, 0.1],
							"uv": {
								"north": {"uv": [62, 0], "uv_size": [2, 0.5]},
								"east": {"uv": [62, 0], "uv_size": [2, 0.5]},
								"south": {"uv": [62, 0], "uv_size": [2, 0.5]},
								"west": {"uv": [62, 0], "uv_size": [2, 0.5]},
								"up": {"uv": [64, 0.5], "uv_size": [-2, -0.5]},
								"down": {"uv": [64, 0.5], "uv_size": [-2, -0.5]}
							}
						},
						{
							"origin": [-1.35, 0.55, -3.7],
							"size": [0.15, 0.45, 0.1],
							"pivot": [-1.2, 1, -3.7],
							"rotation": [0, 42.5, 0],
							"uv": {
								"north": {"uv": [64, 0], "uv_size": [-2, 0.5]},
								"east": {"uv": [64, 0], "uv_size": [-2, 0.5]},
								"south": {"uv": [64, 0], "uv_size": [-2, 0.5]},
								"west": {"uv": [64, 0], "uv_size": [-2, 0.5]},
								"up": {"uv": [62, 0.5], "uv_size": [2, -0.5]},
								"down": {"uv": [62, 0.5], "uv_size": [2, -0.5]}
							}
						},
						{
							"origin": [1.2, 0.55, -3.7],
							"size": [0.15, 0.45, 0.1],
							"pivot": [1.2, 1, -3.7],
							"rotation": [0, -42.5, 0],
							"uv": {
								"north": {"uv": [62, 0], "uv_size": [2, 0.5]},
								"east": {"uv": [62, 0], "uv_size": [2, 0.5]},
								"south": {"uv": [62, 0], "uv_size": [2, 0.5]},
								"west": {"uv": [62, 0], "uv_size": [2, 0.5]},
								"up": {"uv": [64, 0.5], "uv_size": [-2, -0.5]},
								"down": {"uv": [64, 0.5], "uv_size": [-2, -0.5]}
							}
						},
						{
							"origin": [-0.5, 1, -3.5],
							"size": [1, 1, 2],
							"uv": {
								"north": {"uv": [46, 19], "uv_size": [14.5, 10]},
								"east": {"uv": [4, 16], "uv_size": [2, 1]},
								"south": {"uv": [3, 24], "uv_size": [1, 1]},
								"west": {"uv": [16, 6], "uv_size": [2, 1]},
								"up": {"uv": [16, 7], "uv_size": [1, 2]},
								"down": {"uv": [11, 18], "uv_size": [1, -2]}
							}
						},
						{
							"origin": [-0.5, 2, -2.75],
							"size": [1, 0.001, 1],
							"uv": {
								"north": {"uv": [5, 2], "uv_size": [1, 0]},
								"east": {"uv": [4, 16], "uv_size": [2, 1]},
								"south": {"uv": [3, 24], "uv_size": [1, 1]},
								"west": {"uv": [16, 6], "uv_size": [2, 1]},
								"up": {"uv": [22.5, 58], "uv_size": [4.5, 5]},
								"down": {"uv": [11, 18], "uv_size": [1, -2]}
							}
						},
						{
							"origin": [-1.1, 1.5, -3.2],
							"size": [0.35, 0.35, 0.1],
							"uv": {
								"north": {"uv": [46, 61], "uv_size": [-3, 3]},
								"east": {"uv": [16.5, 27], "uv_size": [-0.5, 0.5]},
								"south": {"uv": [27.5, 15], "uv_size": [-0.5, 0.5]},
								"west": {"uv": [15.5, 27], "uv_size": [-0.5, 0.5]},
								"up": {"uv": [27.5, 16], "uv_size": [-0.5, 0.5]},
								"down": {"uv": [17.5, 27.5], "uv_size": [-0.5, -0.5]}
							}
						},
						{
							"origin": [0.75, 1.5, -3.2],
							"size": [0.35, 0.35, 0.1],
							"uv": {
								"north": {"uv": [43, 61], "uv_size": [3, 3]},
								"east": {"uv": [15, 27], "uv_size": [0.5, 0.5]},
								"south": {"uv": [27, 15], "uv_size": [0.5, 0.5]},
								"west": {"uv": [16, 27], "uv_size": [0.5, 0.5]},
								"up": {"uv": [27, 16], "uv_size": [0.5, 0.5]},
								"down": {"uv": [17, 27.5], "uv_size": [0.5, -0.5]}
							}
						},
						{
							"origin": [-0.02897, 1, -3.5657],
							"size": [1, 1, 1.7],
							"pivot": [1.00002, 2, -1.85793],
							"rotation": [0, 15, 0],
							"uv": {
								"north": {"uv": [0, 22], "uv_size": [1, 1]},
								"east": {"uv": [16, 12], "uv_size": [1.5, 1]},
								"south": {"uv": [1, 22], "uv_size": [1, 1]},
								"west": {"uv": [16, 13], "uv_size": [1.5, 1]},
								"up": {"uv": [15, 16], "uv_size": [1, 1.5]},
								"down": {"uv": [16, 17.5], "uv_size": [1, -1.5]}
							}
						},
						{
							"origin": [-1.35, 1.4, -3.15793],
							"size": [1.5, 0.1, 1.3],
							"uv": {
								"north": {"uv": [24, 10], "uv_size": [1.5, 0.5]},
								"east": {"uv": [11, 24], "uv_size": [1.5, 0.5]},
								"south": {"uv": [24, 11], "uv_size": [1.5, 0.5]},
								"west": {"uv": [24, 12], "uv_size": [1.5, 0.5]},
								"up": {"uv": [8, 2], "uv_size": [1.5, 1.5]},
								"down": {"uv": [4, 9.5], "uv_size": [1.5, -1.5]}
							}
						},
						{
							"origin": [0.05, 1.4, -3.15793],
							"size": [1.3, 0.1, 1.3],
							"uv": {
								"north": {"uv": [24, 13], "uv_size": [1.5, 0.5]},
								"east": {"uv": [24, 14], "uv_size": [1.5, 0.5]},
								"south": {"uv": [24, 15], "uv_size": [1.5, 0.5]},
								"west": {"uv": [16, 24], "uv_size": [1.5, 0.5]},
								"up": {"uv": [8, 6], "uv_size": [1.5, 1.5]},
								"down": {"uv": [8, 9.5], "uv_size": [1.5, -1.5]}
							}
						},
						{
							"origin": [-0.95933, 1, -3.55275],
							"size": [1, 1, 1.7],
							"pivot": [-0.93999, 2, -1.85793],
							"rotation": [0, -15, 0],
							"uv": {
								"north": {"uv": [2, 22], "uv_size": [1, 1]},
								"east": {"uv": [0, 17], "uv_size": [1.5, 1]},
								"south": {"uv": [3, 22], "uv_size": [1, 1]},
								"west": {"uv": [4, 17], "uv_size": [1.5, 1]},
								"up": {"uv": [17, 7], "uv_size": [1, 1.5]},
								"down": {"uv": [17, 17.5], "uv_size": [1, -1.5]}
							}
						},
						{
							"origin": [-0.93999, 1, -1.85793],
							"size": [1.91, 1, 0.6],
							"uv": {
								"north": {"uv": [10, 0], "uv_size": [2, 1]},
								"east": {"uv": [24, 21], "uv_size": [0.5, 1]},
								"south": {"uv": [10, 1], "uv_size": [2, 1]},
								"west": {"uv": [22, 24], "uv_size": [0.5, 1]},
								"up": {"uv": [22, 9], "uv_size": [2, 0.5]},
								"down": {"uv": [10, 22.5], "uv_size": [2, -0.5]}
							}
						},
						{
							"origin": [0.86001, 1, -1.25793],
							"size": [0.1, 1, 1.4],
							"uv": {
								"north": {"uv": [24, 22], "uv_size": [0.5, 1]},
								"east": {"uv": [17, 14], "uv_size": [1.5, 1]},
								"south": {"uv": [23, 24], "uv_size": [0.5, 1]},
								"west": {"uv": [19, 57], "uv_size": [11, 7]},
								"up": {"uv": [5, 24], "uv_size": [0.5, 1.5]},
								"down": {"uv": [6, 25.5], "uv_size": [0.5, -1.5]}
							}
						},
						{
							"origin": [-0.93999, 1, -1.25793],
							"size": [0.1, 1, 1.4],
							"uv": {
								"north": {"uv": [24, 23], "uv_size": [0.5, 1]},
								"east": {"uv": [31, 57], "uv_size": [11, 7]},
								"south": {"uv": [24, 24], "uv_size": [0.5, 1]},
								"west": {"uv": [18, 3], "uv_size": [1.5, 1]},
								"up": {"uv": [7, 24], "uv_size": [0.5, 1.5]},
								"down": {"uv": [8, 25.5], "uv_size": [0.5, -1.5]}
							}
						},
						{
							"origin": [0.85, 1.4, -1.85793],
							"size": [0.5, 0.1, 0.6],
							"pivot": [1.23999, 1.5, -1.85793],
							"rotation": [-30, 0, 0],
							"uv": {
								"north": {"uv": [27, 17], "uv_size": [0.5, 0.5]},
								"east": {"uv": [18, 27], "uv_size": [0.5, 0.5]},
								"south": {"uv": [27, 18], "uv_size": [0.5, 0.5]},
								"west": {"uv": [19, 27], "uv_size": [0.5, 0.5]},
								"up": {"uv": [27, 19], "uv_size": [0.5, 0.5]},
								"down": {"uv": [20, 27.5], "uv_size": [0.5, -0.5]}
							}
						},
						{
							"origin": [-1.35, 1.5, -3.15793],
							"size": [1, 0.1, 0.35],
							"pivot": [-1.06001, 1.5, -3.15793],
							"rotation": [-162.5, 0, 0],
							"uv": {
								"north": {"uv": [25, 7], "uv_size": [1, 0.5]},
								"east": {"uv": [7, 32], "uv_size": [0.5, 0.5]},
								"south": {"uv": [25, 8], "uv_size": [1, 0.5]},
								"west": {"uv": [32, 7], "uv_size": [0.5, 0.5]},
								"up": {"uv": [9, 25], "uv_size": [1, 0.5]},
								"down": {"uv": [10, 25.5], "uv_size": [1, -0.5]}
							}
						},
						{
							"origin": [0.35, 1.5, -3.15793],
							"size": [1, 0.1, 0.35],
							"pivot": [1.15, 1.5, -3.15793],
							"rotation": [-162.5, 0, 0],
							"uv": {
								"north": {"uv": [11, 25], "uv_size": [1, 0.5]},
								"east": {"uv": [8, 32], "uv_size": [0.5, 0.5]},
								"south": {"uv": [12, 25], "uv_size": [1, 0.5]},
								"west": {"uv": [32, 8], "uv_size": [0.5, 0.5]},
								"up": {"uv": [13, 25], "uv_size": [1, 0.5]},
								"down": {"uv": [14, 25.5], "uv_size": [1, -0.5]}
							}
						},
						{
							"origin": [-1.35, 1.4, -1.85793],
							"size": [0.5, 0.1, 0.6],
							"pivot": [-1.23999, 1.5, -1.85793],
							"rotation": [-30, 0, 0],
							"uv": {
								"north": {"uv": [31, 29], "uv_size": [0.5, 0.5]},
								"east": {"uv": [30, 31], "uv_size": [0.5, 0.5]},
								"south": {"uv": [31, 30], "uv_size": [0.5, 0.5]},
								"west": {"uv": [31, 31], "uv_size": [0.5, 0.5]},
								"up": {"uv": [0, 32], "uv_size": [0.5, 0.5]},
								"down": {"uv": [32, 0.5], "uv_size": [0.5, -0.5]}
							}
						},
						{
							"origin": [0.85, 0.7, -1.43831],
							"size": [0.5, 0.5, 0.1],
							"uv": {
								"north": {"uv": [27, 20], "uv_size": [0.5, 0.5]},
								"east": {"uv": [21, 27], "uv_size": [0.5, 0.5]},
								"south": {"uv": [27, 21], "uv_size": [0.5, 0.5]},
								"west": {"uv": [22, 27], "uv_size": [0.5, 0.5]},
								"up": {"uv": [27, 22], "uv_size": [0.5, 0.5]},
								"down": {"uv": [23, 27.5], "uv_size": [0.5, -0.5]}
							}
						},
						{
							"origin": [-1.35, 0.7, -1.43831],
							"size": [0.5, 0.5, 0.1],
							"uv": {
								"north": {"uv": [1, 32], "uv_size": [0.5, 0.5]},
								"east": {"uv": [32, 1], "uv_size": [0.5, 0.5]},
								"south": {"uv": [2, 32], "uv_size": [0.5, 0.5]},
								"west": {"uv": [32, 2], "uv_size": [0.5, 0.5]},
								"up": {"uv": [3, 32], "uv_size": [0.5, 0.5]},
								"down": {"uv": [32, 3.5], "uv_size": [0.5, -0.5]}
							}
						},
						{
							"origin": [0.85, 0.7, -1.33831],
							"size": [0.5, 0.1, 2.1],
							"uv": {
								"north": {"uv": [27, 23], "uv_size": [0.5, 0.5]},
								"east": {"uv": [22, 10], "uv_size": [2, 0.5]},
								"south": {"uv": [24, 27], "uv_size": [0.5, 0.5]},
								"west": {"uv": [22, 11], "uv_size": [2, 0.5]},
								"up": {"uv": [12, 22], "uv_size": [0.5, 2]},
								"down": {"uv": [13, 24], "uv_size": [0.5, -2]}
							}
						},
						{
							"origin": [-1.35, 0.7, -1.33831],
							"size": [0.5, 0.1, 2.1],
							"uv": {
								"north": {"uv": [4, 32], "uv_size": [0.5, 0.5]},
								"east": {"uv": [23, 8], "uv_size": [2, 0.5]},
								"south": {"uv": [32, 4], "uv_size": [0.5, 0.5]},
								"west": {"uv": [10, 23], "uv_size": [2, 0.5]},
								"up": {"uv": [14, 23], "uv_size": [0.5, 2]},
								"down": {"uv": [15, 25], "uv_size": [0.5, -2]}
							}
						},
						{
							"origin": [-0.96001, 0.7, -1.33831],
							"size": [0.5, 0.1, 2.1],
							"pivot": [-0.96001, 0.7, 0.76169],
							"rotation": [0, 0, -65],
							"uv": {
								"north": {"uv": [5, 32], "uv_size": [0.5, 0.5]},
								"east": {"uv": [16, 23], "uv_size": [2, 0.5]},
								"south": {"uv": [32, 5], "uv_size": [0.5, 0.5]},
								"west": {"uv": [23, 18], "uv_size": [2, 0.5]},
								"up": {"uv": [20, 23], "uv_size": [0.5, 2]},
								"down": {"uv": [21, 25], "uv_size": [0.5, -2]}
							}
						},
						{
							"origin": [0.46001, 0.7, -1.33831],
							"size": [0.5, 0.1, 2.1],
							"pivot": [0.96001, 0.7, 0.76169],
							"rotation": [0, 0, 65],
							"uv": {
								"north": {"uv": [6, 32], "uv_size": [0.5, 0.5]},
								"east": {"uv": [23, 20], "uv_size": [2, 0.5]},
								"south": {"uv": [32, 6], "uv_size": [0.5, 0.5]},
								"west": {"uv": [22, 23], "uv_size": [2, 0.5]},
								"up": {"uv": [0, 24], "uv_size": [0.5, 2]},
								"down": {"uv": [1, 26], "uv_size": [0.5, -2]}
							}
						},
						{
							"origin": [-0.96001, 2.51893, -1.45307],
							"size": [0.1, 0.5, 0.2],
							"pivot": [-0.01001, 2.51893, -1.40307],
							"rotation": [-22.5, 0, 0],
							"uv": {
								"north": {"uv": [27, 24], "uv_size": [0.5, 0.5]},
								"east": {"uv": [25, 27], "uv_size": [0.5, 0.5]},
								"south": {"uv": [27, 25], "uv_size": [0.5, 0.5]},
								"west": {"uv": [26, 27], "uv_size": [0.5, 0.5]},
								"up": {"uv": [27, 26], "uv_size": [0.5, 0.5]},
								"down": {"uv": [27, 27.5], "uv_size": [0.5, -0.5]}
							}
						},
						{
							"origin": [0.86001, 2.51893, -1.45307],
							"size": [0.1, 0.5, 0.2],
							"pivot": [0.01001, 2.51893, -1.40307],
							"rotation": [-22.5, 0, 0],
							"uv": {
								"north": {"uv": [0, 28], "uv_size": [0.5, 0.5]},
								"east": {"uv": [28, 0], "uv_size": [0.5, 0.5]},
								"south": {"uv": [1, 28], "uv_size": [0.5, 0.5]},
								"west": {"uv": [28, 1], "uv_size": [0.5, 0.5]},
								"up": {"uv": [2, 28], "uv_size": [0.5, 0.5]},
								"down": {"uv": [28, 2.5], "uv_size": [0.5, -0.5]}
							}
						},
						{
							"origin": [-0.96001, 1.93806, -1.44926],
							"size": [0.1, 0.6, 0.2],
							"uv": {
								"north": {"uv": [3, 28], "uv_size": [0.5, 0.5]},
								"east": {"uv": [28, 3], "uv_size": [0.5, 0.5]},
								"south": {"uv": [4, 28], "uv_size": [0.5, 0.5]},
								"west": {"uv": [28, 4], "uv_size": [0.5, 0.5]},
								"up": {"uv": [5, 28], "uv_size": [0.5, 0.5]},
								"down": {"uv": [28, 5.5], "uv_size": [0.5, -0.5]}
							}
						},
						{
							"origin": [0.86001, 1.93806, -1.44926],
							"size": [0.1, 0.6, 0.2],
							"uv": {
								"north": {"uv": [6, 28], "uv_size": [0.5, 0.5]},
								"east": {"uv": [28, 6], "uv_size": [0.5, 0.5]},
								"south": {"uv": [7, 28], "uv_size": [0.5, 0.5]},
								"west": {"uv": [28, 7], "uv_size": [0.5, 0.5]},
								"up": {"uv": [8, 28], "uv_size": [0.5, 0.5]},
								"down": {"uv": [28, 8.5], "uv_size": [0.5, -0.5]}
							}
						},
						{
							"origin": [-0.1, 1.93806, -1.44926],
							"size": [0.1, 0.6, 0.2],
							"uv": {
								"north": {"uv": [32, 32], "uv_size": [0.5, 0.5]},
								"east": {"uv": [0, 33], "uv_size": [0.5, 0.5]},
								"south": {"uv": [33, 0], "uv_size": [0.5, 0.5]},
								"west": {"uv": [1, 33], "uv_size": [0.5, 0.5]},
								"up": {"uv": [33, 1], "uv_size": [0.5, 0.5]},
								"down": {"uv": [2, 33.5], "uv_size": [0.5, -0.5]}
							}
						},
						{
							"origin": [-0.1, 2.51893, -1.45307],
							"size": [0.1, 0.5, 0.2],
							"pivot": [-0.01001, 2.51893, -1.40307],
							"rotation": [-22.5, 0, 0],
							"uv": {
								"north": {"uv": [9, 28], "uv_size": [0.5, 0.5]},
								"east": {"uv": [28, 9], "uv_size": [0.5, 0.5]},
								"south": {"uv": [10, 28], "uv_size": [0.5, 0.5]},
								"west": {"uv": [28, 10], "uv_size": [0.5, 0.5]},
								"up": {"uv": [11, 28], "uv_size": [0.5, 0.5]},
								"down": {"uv": [28, 11.5], "uv_size": [0.5, -0.5]}
							}
						},
						{
							"origin": [-0.93999, 2.7037, -1.37654],
							"size": [1.8, 0.3, 0.1],
							"pivot": [-0.15, 2.7037, -1.32654],
							"rotation": [-22.5, 0, 0],
							"uv": {
								"north": {"uv": [14, 22], "uv_size": [2, 0.5]},
								"east": {"uv": [12, 28], "uv_size": [0.5, 0.5]},
								"south": {"uv": [22, 14], "uv_size": [2, 0.5]},
								"west": {"uv": [28, 12], "uv_size": [0.5, 0.5]},
								"up": {"uv": [22, 15], "uv_size": [2, 0.5]},
								"down": {"uv": [16, 22.5], "uv_size": [2, -0.5]}
							}
						},
						{
							"origin": [-0.93999, 1, 0.14207],
							"size": [1.9, 2, 0.6],
							"uv": {
								"north": {"uv": [6, 2], "uv_size": [2, 2]},
								"east": {"uv": [18, 22], "uv_size": [0.5, 2]},
								"south": {"uv": [4, 6], "uv_size": [2, 2]},
								"west": {"uv": [19, 22], "uv_size": [0.5, 2]},
								"up": {"uv": [22, 19], "uv_size": [2, 0.5]},
								"down": {"uv": [20, 22.5], "uv_size": [2, -0.5]}
							}
						},
						{
							"origin": [-0.93999, 2.8, -1.25793],
							"size": [1.9, 0.2, 1.4],
							"uv": {
								"north": {"uv": [22, 21], "uv_size": [2, 0.5]},
								"east": {"uv": [9, 24], "uv_size": [1.5, 0.5]},
								"south": {"uv": [22, 22], "uv_size": [2, 0.5]},
								"west": {"uv": [24, 9], "uv_size": [1.5, 0.5]},
								"up": {"uv": [8, 0], "uv_size": [2, 1.5]},
								"down": {"uv": [2, 9.5], "uv_size": [2, -1.5]}
							}
						},
						{
							"origin": [-0.68999, 3, -0.75793],
							"size": [1.4, 0.45, 0.65],
							"pivot": [0.01001, 3.225, -0.43293],
							"rotation": [0, 17.5, 0],
							"uv": {
								"north": {"uv": [2, 64.5], "uv_size": [-2, -1.5]},
								"east": {"uv": [2, 64.5], "uv_size": [-2, -1.5]},
								"south": {"uv": [2, 64.5], "uv_size": [-2, -1.5]},
								"west": {"uv": [2, 64.5], "uv_size": [-2, -1.5]},
								"up": {"uv": [0, 63], "uv_size": [2, 1.5]},
								"down": {"uv": [0, 63], "uv_size": [2, 1.5]}
							}
						},
						{
							"origin": [-1.2, 0.5, -2.5],
							"size": [2.2, 0.2, 0.2],
							"uv": {
								"north": {"uv": [0, 23], "uv_size": [2, 0.5]},
								"east": {"uv": [13, 28], "uv_size": [0.5, 0.5]},
								"south": {"uv": [23, 0], "uv_size": [2, 0.5]},
								"west": {"uv": [28, 13], "uv_size": [0.5, 0.5]},
								"up": {"uv": [23, 1], "uv_size": [2, 0.5]},
								"down": {"uv": [2, 23.5], "uv_size": [2, -0.5]}
							}
						},
						{
							"origin": [-1.2, 0.5, 2.4],
							"size": [2.2, 0.2, 0.2],
							"uv": {
								"north": {"uv": [23, 2], "uv_size": [2, 0.5]},
								"east": {"uv": [14, 28], "uv_size": [0.5, 0.5]},
								"south": {"uv": [23, 3], "uv_size": [2, 0.5]},
								"west": {"uv": [28, 14], "uv_size": [0.5, 0.5]},
								"up": {"uv": [4, 23], "uv_size": [2, 0.5]},
								"down": {"uv": [23, 5.5], "uv_size": [2, -0.5]}
							}
						},
						{
							"origin": [-1.2, 0.5, 3.9],
							"size": [2.2, 0.2, 0.2],
							"uv": {
								"north": {"uv": [6, 23], "uv_size": [2, 0.5]},
								"east": {"uv": [15, 28], "uv_size": [0.5, 0.5]},
								"south": {"uv": [23, 6], "uv_size": [2, 0.5]},
								"west": {"uv": [28, 15], "uv_size": [0.5, 0.5]},
								"up": {"uv": [23, 7], "uv_size": [2, 0.5]},
								"down": {"uv": [8, 23.5], "uv_size": [2, -0.5]}
							}
						},
						{
							"origin": [-0.8, 1.2, -0.6],
							"size": [1.6, 0.2, 0.6],
							"uv": {
								"north": {"uv": [19, 28], "uv_size": [0.5, 0.5]},
								"east": {"uv": [28, 19], "uv_size": [0.5, 0.5]},
								"south": {"uv": [20, 28], "uv_size": [0.5, 0.5]},
								"west": {"uv": [28, 20], "uv_size": [0.5, 0.5]},
								"up": {"uv": [21, 28], "uv_size": [0.5, 0.5]},
								"down": {"uv": [28, 21.5], "uv_size": [0.5, -0.5]}
							}
						},
						{
							"origin": [-1.8, 0.7, -1.1],
							"size": [1.6, 0.2, 0.8],
							"pivot": [-0.5, 1.2, -0.3],
							"rotation": [90, 0, 180],
							"uv": {
								"north": {"uv": [22, 28], "uv_size": [0.5, 0.5]},
								"east": {"uv": [25, 0], "uv_size": [1, 0.5]},
								"south": {"uv": [28, 22], "uv_size": [0.5, 0.5]},
								"west": {"uv": [25, 1], "uv_size": [1, 0.5]},
								"up": {"uv": [2, 25], "uv_size": [0.5, 1]},
								"down": {"uv": [25, 3], "uv_size": [0.5, -1]}
							}
						},
						{
							"origin": [0.4, 2.5, -2.5],
							"size": [0.2, 0.2, 0.7],
							"pivot": [-0.2, 3.7, 0.25],
							"rotation": [30, 0, 0],
							"uv": {
								"north": {"uv": [24, 28], "uv_size": [0.5, 0.5]},
								"east": {"uv": [28, 24], "uv_size": [0.5, 0.5]},
								"south": {"uv": [25, 28], "uv_size": [0.5, 0.5]},
								"west": {"uv": [28, 25], "uv_size": [0.5, 0.5]},
								"up": {"uv": [26, 28], "uv_size": [0.5, 0.5]},
								"down": {"uv": [28, 26.5], "uv_size": [0.5, -0.5]}
							}
						},
						{
							"origin": [0.3, 1.62147, -1.0287],
							"size": [0.4, 0.4, 0.05],
							"pivot": [0.5, 1.82147, -1.0037],
							"rotation": [30, 0, 0],
							"uv": {
								"north": {"uv": [60, 60], "uv_size": [4, 4]},
								"east": {"uv": [28, 27], "uv_size": [0.5, 0.5]},
								"south": {"uv": [60, 60], "uv_size": [4, 4]},
								"west": {"uv": [0, 29], "uv_size": [0.5, 0.5]},
								"up": {"uv": [29, 0], "uv_size": [0.5, 0.5]},
								"down": {"uv": [1, 29.5], "uv_size": [0.5, -0.5]}
							}
						}
					]
				},
				{
					"name": "bone2",
					"parent": "bb_main",
					"pivot": [-1.15, 0.64059, -2.35343],
					"cubes": [
						{
							"origin": [-1.3, 0, -2.6],
							"size": [0.3, 1.2, 0.5],
							"uv": {
								"north": {"uv": [13, 24], "uv_size": [0.5, 1]},
								"east": {"uv": [24, 16], "uv_size": [0.5, 1]},
								"south": {"uv": [24, 17], "uv_size": [0.5, 1]},
								"west": {"uv": [18, 24], "uv_size": [0.5, 1]},
								"up": {"uv": [27, 9], "uv_size": [0.5, 0.5]},
								"down": {"uv": [10, 27.5], "uv_size": [0.5, -0.5]}
							}
						},
						{
							"origin": [-1.3, -0.00711, -2.51716],
							"size": [0.3, 1.2, 0.5],
							"pivot": [-1.15, 0.49289, -2.31716],
							"rotation": [45, 0, 0],
							"uv": {
								"north": {"uv": [15, 25], "uv_size": [0.5, 1]},
								"east": {"uv": [16, 25], "uv_size": [0.5, 1]},
								"south": {"uv": [25, 16], "uv_size": [0.5, 1]},
								"west": {"uv": [17, 25], "uv_size": [0.5, 1]},
								"up": {"uv": [9, 32], "uv_size": [0.5, 0.5]},
								"down": {"uv": [32, 9.5], "uv_size": [0.5, -0.5]}
							}
						},
						{
							"origin": [-1.3, 0.0636, -2.65355],
							"size": [0.3, 1.2, 0.5],
							"pivot": [-1.15, 0.5636, -2.45355],
							"rotation": [-45, 0, 0],
							"uv": {
								"north": {"uv": [25, 17], "uv_size": [0.5, 1]},
								"east": {"uv": [18, 25], "uv_size": [0.5, 1]},
								"south": {"uv": [25, 18], "uv_size": [0.5, 1]},
								"west": {"uv": [19, 25], "uv_size": [0.5, 1]},
								"up": {"uv": [10, 32], "uv_size": [0.5, 0.5]},
								"down": {"uv": [32, 10.5], "uv_size": [0.5, -0.5]}
							}
						},
						{
							"origin": [-1.3, 0.14645, -2.64645],
							"size": [0.3, 1.2, 0.5],
							"pivot": [-1.15, 0.64645, -2.44645],
							"rotation": [-90, 0, 0],
							"uv": {
								"north": {"uv": [25, 19], "uv_size": [0.5, 1]},
								"east": {"uv": [20, 25], "uv_size": [0.5, 1]},
								"south": {"uv": [25, 20], "uv_size": [0.5, 1]},
								"west": {"uv": [21, 25], "uv_size": [0.5, 1]},
								"up": {"uv": [11, 32], "uv_size": [0.5, 0.5]},
								"down": {"uv": [32, 11.5], "uv_size": [0.5, -0.5]}
							}
						},
						{
							"origin": [-1.31, 0.05, -2.9],
							"size": [0.32, 1.1, 1.1],
							"uv": {
								"north": {"uv": [35, 0], "uv_size": [1, 1]},
								"east": {"uv": [59, 54], "uv_size": [5, 5]},
								"south": {"uv": [36, 0], "uv_size": [1, 1]},
								"west": {"uv": [59, 54], "uv_size": [5, 5]},
								"up": {"uv": [36, 1], "uv_size": [-1, -1]},
								"down": {"uv": [36, 1], "uv_size": [-1, -1]}
							}
						}
					]
				},
				{
					"name": "bone3",
					"parent": "bb_main",
					"pivot": [1.15, 0.64059, 3.89657],
					"cubes": [
						{
							"origin": [1, 0, 3.65],
							"size": [0.3, 1.2, 0.5],
							"uv": {
								"north": {"uv": [25, 21], "uv_size": [0.5, 1]},
								"east": {"uv": [22, 25], "uv_size": [0.5, 1]},
								"south": {"uv": [25, 22], "uv_size": [0.5, 1]},
								"west": {"uv": [23, 25], "uv_size": [0.5, 1]},
								"up": {"uv": [12, 32], "uv_size": [0.5, 0.5]},
								"down": {"uv": [32, 12.5], "uv_size": [0.5, -0.5]}
							}
						},
						{
							"origin": [1, -0.00711, 3.73284],
							"size": [0.3, 1.2, 0.5],
							"pivot": [1.15, 0.49289, 3.93284],
							"rotation": [45, 0, 0],
							"uv": {
								"north": {"uv": [25, 23], "uv_size": [0.5, 1]},
								"east": {"uv": [24, 25], "uv_size": [0.5, 1]},
								"south": {"uv": [25, 24], "uv_size": [0.5, 1]},
								"west": {"uv": [25, 25], "uv_size": [0.5, 1]},
								"up": {"uv": [13, 32], "uv_size": [0.5, 0.5]},
								"down": {"uv": [32, 13.5], "uv_size": [0.5, -0.5]}
							}
						},
						{
							"origin": [1, 0.0636, 3.59645],
							"size": [0.3, 1.2, 0.5],
							"pivot": [1.15, 0.5636, 3.79645],
							"rotation": [-45, 0, 0],
							"uv": {
								"north": {"uv": [0, 26], "uv_size": [0.5, 1]},
								"east": {"uv": [26, 0], "uv_size": [0.5, 1]},
								"south": {"uv": [1, 26], "uv_size": [0.5, 1]},
								"west": {"uv": [26, 1], "uv_size": [0.5, 1]},
								"up": {"uv": [14, 32], "uv_size": [0.5, 0.5]},
								"down": {"uv": [32, 14.5], "uv_size": [0.5, -0.5]}
							}
						},
						{
							"origin": [1, 0.14645, 3.60355],
							"size": [0.3, 1.2, 0.5],
							"pivot": [1.15, 0.64645, 3.80355],
							"rotation": [-90, 0, 0],
							"uv": {
								"north": {"uv": [2, 26], "uv_size": [0.5, 1]},
								"east": {"uv": [26, 2], "uv_size": [0.5, 1]},
								"south": {"uv": [3, 26], "uv_size": [0.5, 1]},
								"west": {"uv": [26, 3], "uv_size": [0.5, 1]},
								"up": {"uv": [15, 32], "uv_size": [0.5, 0.5]},
								"down": {"uv": [32, 15.5], "uv_size": [0.5, -0.5]}
							}
						},
						{
							"origin": [0.99, 0.05, 3.35],
							"size": [0.32, 1.1, 1.1],
							"uv": {
								"north": {"uv": [36, 0], "uv_size": [-1, 1]},
								"east": {"uv": [64, 54], "uv_size": [-5, 5]},
								"south": {"uv": [37, 0], "uv_size": [-1, 1]},
								"west": {"uv": [64, 54], "uv_size": [-5, 5]},
								"up": {"uv": [35, 1], "uv_size": [1, -1]},
								"down": {"uv": [35, 1], "uv_size": [1, -1]}
							}
						}
					]
				},
				{
					"name": "bone7",
					"parent": "bb_main",
					"pivot": [-1.15, 0.64059, 3.89657],
					"cubes": [
						{
							"origin": [-1.3, 0, 3.65],
							"size": [0.3, 1.2, 0.5],
							"uv": {
								"north": {"uv": [27, 1], "uv_size": [0.5, 1]},
								"east": {"uv": [2, 27], "uv_size": [0.5, 1]},
								"south": {"uv": [27, 2], "uv_size": [0.5, 1]},
								"west": {"uv": [3, 27], "uv_size": [0.5, 1]},
								"up": {"uv": [28, 32], "uv_size": [0.5, 0.5]},
								"down": {"uv": [32, 28.5], "uv_size": [0.5, -0.5]}
							}
						},
						{
							"origin": [-1.3, -0.00711, 3.73284],
							"size": [0.3, 1.2, 0.5],
							"pivot": [-1.15, 0.49289, 3.93284],
							"rotation": [45, 0, 0],
							"uv": {
								"north": {"uv": [27, 3], "uv_size": [0.5, 1]},
								"east": {"uv": [4, 27], "uv_size": [0.5, 1]},
								"south": {"uv": [27, 4], "uv_size": [0.5, 1]},
								"west": {"uv": [5, 27], "uv_size": [0.5, 1]},
								"up": {"uv": [29, 32], "uv_size": [0.5, 0.5]},
								"down": {"uv": [32, 29.5], "uv_size": [0.5, -0.5]}
							}
						},
						{
							"origin": [-1.3, 0.0636, 3.59645],
							"size": [0.3, 1.2, 0.5],
							"pivot": [-1.15, 0.5636, 3.79645],
							"rotation": [-45, 0, 0],
							"uv": {
								"north": {"uv": [27, 5], "uv_size": [0.5, 1]},
								"east": {"uv": [6, 27], "uv_size": [0.5, 1]},
								"south": {"uv": [27, 6], "uv_size": [0.5, 1]},
								"west": {"uv": [7, 27], "uv_size": [0.5, 1]},
								"up": {"uv": [30, 32], "uv_size": [0.5, 0.5]},
								"down": {"uv": [32, 30.5], "uv_size": [0.5, -0.5]}
							}
						},
						{
							"origin": [-1.3, 0.14645, 3.60355],
							"size": [0.3, 1.2, 0.5],
							"pivot": [-1.15, 0.64645, 3.80355],
							"rotation": [-90, 0, 0],
							"uv": {
								"north": {"uv": [27, 7], "uv_size": [0.5, 1]},
								"east": {"uv": [8, 27], "uv_size": [0.5, 1]},
								"south": {"uv": [27, 8], "uv_size": [0.5, 1]},
								"west": {"uv": [9, 27], "uv_size": [0.5, 1]},
								"up": {"uv": [31, 32], "uv_size": [0.5, 0.5]},
								"down": {"uv": [32, 31.5], "uv_size": [0.5, -0.5]}
							}
						},
						{
							"origin": [-1.31, 0.05, 3.35],
							"size": [0.32, 1.1, 1.1],
							"uv": {
								"north": {"uv": [35, 0], "uv_size": [1, 1]},
								"east": {"uv": [59, 54], "uv_size": [5, 5]},
								"south": {"uv": [36, 0], "uv_size": [1, 1]},
								"west": {"uv": [59, 54], "uv_size": [5, 5]},
								"up": {"uv": [36, 1], "uv_size": [-1, -1]},
								"down": {"uv": [36, 1], "uv_size": [-1, -1]}
							}
						}
					]
				},
				{
					"name": "bone4",
					"parent": "bb_main",
					"pivot": [1.15, 0.82917, 2.70645],
					"cubes": [
						{
							"origin": [1, 0, 2.2],
							"size": [0.3, 1.2, 0.5],
							"uv": {
								"north": {"uv": [4, 26], "uv_size": [0.5, 1]},
								"east": {"uv": [26, 4], "uv_size": [0.5, 1]},
								"south": {"uv": [5, 26], "uv_size": [0.5, 1]},
								"west": {"uv": [26, 5], "uv_size": [0.5, 1]},
								"up": {"uv": [16, 32], "uv_size": [0.5, 0.5]},
								"down": {"uv": [32, 16.5], "uv_size": [0.5, -0.5]}
							}
						},
						{
							"origin": [1, -0.51421, 2.49289],
							"size": [0.3, 1.2, 0.5],
							"pivot": [1.15, -0.01421, 1.97574],
							"rotation": [45, 0, 0],
							"uv": {
								"north": {"uv": [6, 26], "uv_size": [0.5, 1]},
								"east": {"uv": [26, 6], "uv_size": [0.5, 1]},
								"south": {"uv": [7, 26], "uv_size": [0.5, 1]},
								"west": {"uv": [26, 7], "uv_size": [0.5, 1]},
								"up": {"uv": [17, 32], "uv_size": [0.5, 0.5]},
								"down": {"uv": [32, 17.5], "uv_size": [0.5, -0.5]}
							}
						},
						{
							"origin": [1, 0.66716, 2.39645],
							"size": [0.3, 1.2, 0.5],
							"pivot": [1.15, 1.16716, 1.74289],
							"rotation": [-45, 0, 0],
							"uv": {
								"north": {"uv": [8, 26], "uv_size": [0.5, 1]},
								"east": {"uv": [26, 8], "uv_size": [0.5, 1]},
								"south": {"uv": [9, 26], "uv_size": [0.5, 1]},
								"west": {"uv": [26, 9], "uv_size": [0.5, 1]},
								"up": {"uv": [18, 32], "uv_size": [0.5, 0.5]},
								"down": {"uv": [32, 18.5], "uv_size": [0.5, -0.5]}
							}
						},
						{
							"origin": [1, 0.99289, 2.99289],
							"size": [0.3, 1.2, 0.5],
							"pivot": [1.15, 1.49289, 2.34645],
							"rotation": [-90, 0, 0],
							"uv": {
								"north": {"uv": [10, 26], "uv_size": [0.5, 1]},
								"east": {"uv": [26, 10], "uv_size": [0.5, 1]},
								"south": {"uv": [11, 26], "uv_size": [0.5, 1]},
								"west": {"uv": [26, 11], "uv_size": [0.5, 1]},
								"up": {"uv": [19, 32], "uv_size": [0.5, 0.5]},
								"down": {"uv": [32, 19.5], "uv_size": [0.5, -0.5]}
							}
						},
						{
							"origin": [0.99, 0.05, 1.9],
							"size": [0.32, 1.1, 1.1],
							"uv": {
								"north": {"uv": [36, 0], "uv_size": [-1, 1]},
								"east": {"uv": [64, 54], "uv_size": [-5, 5]},
								"south": {"uv": [37, 0], "uv_size": [-1, 1]},
								"west": {"uv": [64, 54], "uv_size": [-5, 5]},
								"up": {"uv": [35, 1], "uv_size": [1, -1]},
								"down": {"uv": [35, 1], "uv_size": [1, -1]}
							}
						}
					]
				},
				{
					"name": "bone6",
					"parent": "bb_main",
					"pivot": [-1.15, 0.82917, 2.70645],
					"cubes": [
						{
							"origin": [-1.3, 0, 2.2],
							"size": [0.3, 1.2, 0.5],
							"uv": {
								"north": {"uv": [20, 26], "uv_size": [0.5, 1]},
								"east": {"uv": [26, 20], "uv_size": [0.5, 1]},
								"south": {"uv": [21, 26], "uv_size": [0.5, 1]},
								"west": {"uv": [26, 21], "uv_size": [0.5, 1]},
								"up": {"uv": [24, 32], "uv_size": [0.5, 0.5]},
								"down": {"uv": [32, 24.5], "uv_size": [0.5, -0.5]}
							}
						},
						{
							"origin": [-1.3, -0.51421, 2.49289],
							"size": [0.3, 1.2, 0.5],
							"pivot": [-1.15, -0.01421, 1.97574],
							"rotation": [45, 0, 0],
							"uv": {
								"north": {"uv": [22, 26], "uv_size": [0.5, 1]},
								"east": {"uv": [26, 22], "uv_size": [0.5, 1]},
								"south": {"uv": [23, 26], "uv_size": [0.5, 1]},
								"west": {"uv": [26, 23], "uv_size": [0.5, 1]},
								"up": {"uv": [25, 32], "uv_size": [0.5, 0.5]},
								"down": {"uv": [32, 25.5], "uv_size": [0.5, -0.5]}
							}
						},
						{
							"origin": [-1.3, 0.66716, 2.39645],
							"size": [0.3, 1.2, 0.5],
							"pivot": [-1.15, 1.16716, 1.74289],
							"rotation": [-45, 0, 0],
							"uv": {
								"north": {"uv": [24, 26], "uv_size": [0.5, 1]},
								"east": {"uv": [26, 24], "uv_size": [0.5, 1]},
								"south": {"uv": [25, 26], "uv_size": [0.5, 1]},
								"west": {"uv": [26, 25], "uv_size": [0.5, 1]},
								"up": {"uv": [26, 32], "uv_size": [0.5, 0.5]},
								"down": {"uv": [32, 26.5], "uv_size": [0.5, -0.5]}
							}
						},
						{
							"origin": [-1.3, 0.99289, 2.99289],
							"size": [0.3, 1.2, 0.5],
							"pivot": [-1.15, 1.49289, 2.34645],
							"rotation": [-90, 0, 0],
							"uv": {
								"north": {"uv": [26, 26], "uv_size": [0.5, 1]},
								"east": {"uv": [0, 27], "uv_size": [0.5, 1]},
								"south": {"uv": [27, 0], "uv_size": [0.5, 1]},
								"west": {"uv": [1, 27], "uv_size": [0.5, 1]},
								"up": {"uv": [27, 32], "uv_size": [0.5, 0.5]},
								"down": {"uv": [32, 27.5], "uv_size": [0.5, -0.5]}
							}
						},
						{
							"origin": [-1.31, 0.05, 1.9],
							"size": [0.32, 1.1, 1.1],
							"uv": {
								"north": {"uv": [35, 0], "uv_size": [1, 1]},
								"east": {"uv": [59, 54], "uv_size": [5, 5]},
								"south": {"uv": [36, 0], "uv_size": [1, 1]},
								"west": {"uv": [59, 54], "uv_size": [5, 5]},
								"up": {"uv": [36, 1], "uv_size": [-1, -1]},
								"down": {"uv": [36, 1], "uv_size": [-1, -1]}
							}
						}
					]
				},
				{
					"name": "bone5",
					"parent": "bb_main",
					"pivot": [1.15, 0.83243, -2.09456],
					"cubes": [
						{
							"origin": [1, 0, -2.6],
							"size": [0.3, 1.2, 0.5],
							"uv": {
								"north": {"uv": [12, 26], "uv_size": [0.5, 1]},
								"east": {"uv": [26, 12], "uv_size": [0.5, 1]},
								"south": {"uv": [13, 26], "uv_size": [0.5, 1]},
								"west": {"uv": [26, 13], "uv_size": [0.5, 1]},
								"up": {"uv": [20, 32], "uv_size": [0.5, 0.5]},
								"down": {"uv": [32, 20.5], "uv_size": [0.5, -0.5]}
							}
						},
						{
							"origin": [1, -0.5071, -2.30711],
							"size": [0.3, 1.2, 0.5],
							"pivot": [1.15, -0.0071, -2.82426],
							"rotation": [45, 0, 0],
							"uv": {
								"north": {"uv": [14, 26], "uv_size": [0.5, 1]},
								"east": {"uv": [26, 14], "uv_size": [0.5, 1]},
								"south": {"uv": [15, 26], "uv_size": [0.5, 1]},
								"west": {"uv": [26, 15], "uv_size": [0.5, 1]},
								"up": {"uv": [21, 32], "uv_size": [0.5, 0.5]},
								"down": {"uv": [32, 21.5], "uv_size": [0.5, -0.5]}
							}
						},
						{
							"origin": [1, 0.66924, -2.40858],
							"size": [0.3, 1.2, 0.5],
							"pivot": [1.15, 1.16924, -3.06214],
							"rotation": [-45, 0, 0],
							"uv": {
								"north": {"uv": [16, 26], "uv_size": [0.5, 1]},
								"east": {"uv": [26, 16], "uv_size": [0.5, 1]},
								"south": {"uv": [17, 26], "uv_size": [0.5, 1]},
								"west": {"uv": [26, 17], "uv_size": [0.5, 1]},
								"up": {"uv": [22, 32], "uv_size": [0.5, 0.5]},
								"down": {"uv": [32, 22.5], "uv_size": [0.5, -0.5]}
							}
						},
						{
							"origin": [1, 0.99999, -1.80711],
							"size": [0.3, 1.2, 0.5],
							"pivot": [1.15, 1.49999, -2.45355],
							"rotation": [-90, 0, 0],
							"uv": {
								"north": {"uv": [18, 26], "uv_size": [0.5, 1]},
								"east": {"uv": [26, 18], "uv_size": [0.5, 1]},
								"south": {"uv": [19, 26], "uv_size": [0.5, 1]},
								"west": {"uv": [26, 19], "uv_size": [0.5, 1]},
								"up": {"uv": [23, 32], "uv_size": [0.5, 0.5]},
								"down": {"uv": [32, 23.5], "uv_size": [0.5, -0.5]}
							}
						},
						{
							"origin": [0.99, 0.05, -2.9],
							"size": [0.32, 1.1, 1.1],
							"uv": {
								"north": {"uv": [36, 0], "uv_size": [-1, 1]},
								"east": {"uv": [64, 54], "uv_size": [-5, 5]},
								"south": {"uv": [37, 0], "uv_size": [-1, 1]},
								"west": {"uv": [64, 54], "uv_size": [-5, 5]},
								"up": {"uv": [35, 1], "uv_size": [1, -1]},
								"down": {"uv": [35, 1], "uv_size": [1, -1]}
							}
						}
					]
				},
				{
					"name": "bone",
					"parent": "bb_main",
					"pivot": [-0.4, 2.15, 3.85],
					"cubes": [
						{
							"origin": [-1.35, 1.3, 0.85],
							"size": [2.7, 0.1, 4],
							"uv": {
								"north": {"uv": [10, 18], "uv_size": [3, 0.5]},
								"east": {"uv": [2, 10], "uv_size": [4, 0.5]},
								"south": {"uv": [18, 12], "uv_size": [3, 0.5]},
								"west": {"uv": [10, 2], "uv_size": [4, 0.5]},
								"up": {"uv": [0, 0], "uv_size": [3, 4]},
								"down": {"uv": [3, 4], "uv_size": [3, -4]}
							}
						},
						{
							"origin": [-1.1, 1.4, 0.85],
							"size": [2.45, 0.5, 0.1],
							"uv": {
								"north": {"uv": [18, 13], "uv_size": [3, 0.5]},
								"east": {"uv": [29, 15], "uv_size": [0.5, 0.5]},
								"south": {"uv": [15, 18], "uv_size": [3, 0.5]},
								"west": {"uv": [16, 29], "uv_size": [0.5, 0.5]},
								"up": {"uv": [18, 16], "uv_size": [3, 0.5]},
								"down": {"uv": [18, 17.5], "uv_size": [3, -0.5]}
							}
						},
						{
							"origin": [-1.35, 1.4, 4.75],
							"size": [2.6, 0.5, 0.1],
							"uv": {
								"north": {"uv": [18, 18], "uv_size": [3, 0.5]},
								"east": {"uv": [29, 16], "uv_size": [0.5, 0.5]},
								"south": {"uv": [4, 19], "uv_size": [3, 0.5]},
								"west": {"uv": [17, 29], "uv_size": [0.5, 0.5]},
								"up": {"uv": [19, 4], "uv_size": [3, 0.5]},
								"down": {"uv": [7, 19.5], "uv_size": [3, -0.5]}
							}
						},
						{
							"origin": [-1.35, 1.4, 3.75],
							"size": [0.1, 0.5, 0.1],
							"uv": {
								"north": {"uv": [29, 26], "uv_size": [0.5, 0.5]},
								"east": {"uv": [27, 29], "uv_size": [0.5, 0.5]},
								"south": {"uv": [29, 27], "uv_size": [0.5, 0.5]},
								"west": {"uv": [28, 29], "uv_size": [0.5, 0.5]},
								"up": {"uv": [29, 28], "uv_size": [0.5, 0.5]},
								"down": {"uv": [29, 29.5], "uv_size": [0.5, -0.5]}
							}
						},
						{
							"origin": [1.25, 1.4, 3.75],
							"size": [0.1, 0.5, 0.1],
							"uv": {
								"north": {"uv": [29.5, 26], "uv_size": [-0.5, 0.5]},
								"east": {"uv": [28.5, 29], "uv_size": [-0.5, 0.5]},
								"south": {"uv": [29.5, 27], "uv_size": [-0.5, 0.5]},
								"west": {"uv": [27.5, 29], "uv_size": [-0.5, 0.5]},
								"up": {"uv": [29.5, 28], "uv_size": [-0.5, 0.5]},
								"down": {"uv": [29.5, 29.5], "uv_size": [-0.5, -0.5]}
							}
						},
						{
							"origin": [1.15, 2, 4.75],
							"size": [0.1, 0.85, 0.1],
							"uv": {
								"north": {"uv": [31, 6], "uv_size": [0.5, 0.5]},
								"east": {"uv": [31, 6], "uv_size": [0.5, 0.5]},
								"south": {"uv": [31, 6], "uv_size": [0.5, 0.5]},
								"west": {"uv": [31, 6], "uv_size": [0.5, 0.5]},
								"up": {"uv": [31.5, 6.5], "uv_size": [-0.5, -0.5]},
								"down": {"uv": [31.5, 6.5], "uv_size": [-0.5, -0.5]}
							}
						},
						{
							"origin": [-1.25, 2, 4.75],
							"size": [0.1, 0.85, 0.1],
							"uv": {
								"north": {"uv": [31, 10], "uv_size": [0.5, 0.5]},
								"east": {"uv": [31, 10], "uv_size": [0.5, 0.5]},
								"south": {"uv": [31, 10], "uv_size": [0.5, 0.5]},
								"west": {"uv": [31, 10], "uv_size": [0.5, 0.5]},
								"up": {"uv": [31.5, 10.5], "uv_size": [-0.5, -0.5]},
								"down": {"uv": [31.5, 10.5], "uv_size": [-0.5, -0.5]}
							}
						},
						{
							"origin": [-1.25, 2, 3.75],
							"size": [0.1, 0.85, 0.1],
							"uv": {
								"north": {"uv": [31, 10], "uv_size": [0.5, 0.5]},
								"east": {"uv": [31, 10], "uv_size": [0.5, 0.5]},
								"south": {"uv": [31, 10], "uv_size": [0.5, 0.5]},
								"west": {"uv": [31, 10], "uv_size": [0.5, 0.5]},
								"up": {"uv": [31.5, 10.5], "uv_size": [-0.5, -0.5]},
								"down": {"uv": [31.5, 10.5], "uv_size": [-0.5, -0.5]}
							}
						},
						{
							"origin": [-1.25, 2, 2.75],
							"size": [0.1, 0.85, 0.1],
							"uv": {
								"north": {"uv": [31, 10], "uv_size": [0.5, 0.5]},
								"east": {"uv": [31, 10], "uv_size": [0.5, 0.5]},
								"south": {"uv": [31, 10], "uv_size": [0.5, 0.5]},
								"west": {"uv": [31, 10], "uv_size": [0.5, 0.5]},
								"up": {"uv": [31.5, 10.5], "uv_size": [-0.5, -0.5]},
								"down": {"uv": [31.5, 10.5], "uv_size": [-0.5, -0.5]}
							}
						},
						{
							"origin": [1.15, 2, 2.75],
							"size": [0.1, 0.85, 0.1],
							"uv": {
								"north": {"uv": [31.5, 10], "uv_size": [-0.5, 0.5]},
								"east": {"uv": [31.5, 10], "uv_size": [-0.5, 0.5]},
								"south": {"uv": [31.5, 10], "uv_size": [-0.5, 0.5]},
								"west": {"uv": [31.5, 10], "uv_size": [-0.5, 0.5]},
								"up": {"uv": [31, 10.5], "uv_size": [0.5, -0.5]},
								"down": {"uv": [31, 10.5], "uv_size": [0.5, -0.5]}
							}
						},
						{
							"origin": [1.15, 2, 1.75],
							"size": [0.1, 0.85, 0.1],
							"uv": {
								"north": {"uv": [31.5, 10], "uv_size": [-0.5, 0.5]},
								"east": {"uv": [31.5, 10], "uv_size": [-0.5, 0.5]},
								"south": {"uv": [31.5, 10], "uv_size": [-0.5, 0.5]},
								"west": {"uv": [31.5, 10], "uv_size": [-0.5, 0.5]},
								"up": {"uv": [31, 10.5], "uv_size": [0.5, -0.5]},
								"down": {"uv": [31, 10.5], "uv_size": [0.5, -0.5]}
							}
						},
						{
							"origin": [-1.25, 2, 1.75],
							"size": [0.1, 0.85, 0.1],
							"uv": {
								"north": {"uv": [31, 10], "uv_size": [0.5, 0.5]},
								"east": {"uv": [31, 10], "uv_size": [0.5, 0.5]},
								"south": {"uv": [31, 10], "uv_size": [0.5, 0.5]},
								"west": {"uv": [31, 10], "uv_size": [0.5, 0.5]},
								"up": {"uv": [31.5, 10.5], "uv_size": [-0.5, -0.5]},
								"down": {"uv": [31.5, 10.5], "uv_size": [-0.5, -0.5]}
							}
						},
						{
							"origin": [-1.25, 2, 0.75],
							"size": [0.1, 0.85, 0.1],
							"uv": {
								"north": {"uv": [31, 10], "uv_size": [0.5, 0.5]},
								"east": {"uv": [31, 10], "uv_size": [0.5, 0.5]},
								"south": {"uv": [31, 10], "uv_size": [0.5, 0.5]},
								"west": {"uv": [31, 10], "uv_size": [0.5, 0.5]},
								"up": {"uv": [31.5, 10.5], "uv_size": [-0.5, -0.5]},
								"down": {"uv": [31.5, 10.5], "uv_size": [-0.5, -0.5]}
							}
						},
						{
							"origin": [1.15, 2, 0.75],
							"size": [0.1, 0.85, 0.1],
							"uv": {
								"north": {"uv": [31.5, 10], "uv_size": [-0.5, 0.5]},
								"east": {"uv": [31.5, 10], "uv_size": [-0.5, 0.5]},
								"south": {"uv": [31.5, 10], "uv_size": [-0.5, 0.5]},
								"west": {"uv": [31.5, 10], "uv_size": [-0.5, 0.5]},
								"up": {"uv": [31, 10.5], "uv_size": [0.5, -0.5]},
								"down": {"uv": [31, 10.5], "uv_size": [0.5, -0.5]}
							}
						},
						{
							"origin": [1.15, 2, 3.75],
							"size": [0.1, 0.85, 0.1],
							"uv": {
								"north": {"uv": [31.5, 10], "uv_size": [-0.5, 0.5]},
								"east": {"uv": [31.5, 10], "uv_size": [-0.5, 0.5]},
								"south": {"uv": [31.5, 10], "uv_size": [-0.5, 0.5]},
								"west": {"uv": [31.5, 10], "uv_size": [-0.5, 0.5]},
								"up": {"uv": [31, 10.5], "uv_size": [0.5, -0.5]},
								"down": {"uv": [31, 10.5], "uv_size": [0.5, -0.5]}
							}
						},
						{
							"origin": [1.15, 2.85, 4.75],
							"size": [0.1, 0.35, 0.1],
							"pivot": [1.25, 2.85, 4.85],
							"rotation": [0, 0, -25],
							"uv": {
								"north": {"uv": [10.5, 31], "uv_size": [-0.5, 0.5]},
								"east": {"uv": [10.5, 31], "uv_size": [-0.5, 0.5]},
								"south": {"uv": [10.5, 31], "uv_size": [-0.5, 0.5]},
								"west": {"uv": [10.5, 31], "uv_size": [-0.5, 0.5]},
								"up": {"uv": [10, 31.5], "uv_size": [0.5, -0.5]},
								"down": {"uv": [10, 31.5], "uv_size": [0.5, -0.5]}
							}
						},
						{
							"origin": [-1.25, 2.85, 4.75],
							"size": [0.1, 0.35, 0.1],
							"pivot": [-1.25, 2.85, 4.85],
							"rotation": [0, 0, 25],
							"uv": {
								"north": {"uv": [10, 31], "uv_size": [0.5, 0.5]},
								"east": {"uv": [10, 31], "uv_size": [0.5, 0.5]},
								"south": {"uv": [10, 31], "uv_size": [0.5, 0.5]},
								"west": {"uv": [10, 31], "uv_size": [0.5, 0.5]},
								"up": {"uv": [10.5, 31.5], "uv_size": [-0.5, -0.5]},
								"down": {"uv": [10.5, 31.5], "uv_size": [-0.5, -0.5]}
							}
						},
						{
							"origin": [-1.25, 2.85, 3.75],
							"size": [0.1, 0.35, 0.1],
							"pivot": [-1.25, 2.85, 4.85],
							"rotation": [0, 0, 25],
							"uv": {
								"north": {"uv": [10, 31], "uv_size": [0.5, 0.5]},
								"east": {"uv": [10, 31], "uv_size": [0.5, 0.5]},
								"south": {"uv": [10, 31], "uv_size": [0.5, 0.5]},
								"west": {"uv": [10, 31], "uv_size": [0.5, 0.5]},
								"up": {"uv": [10.5, 31.5], "uv_size": [-0.5, -0.5]},
								"down": {"uv": [10.5, 31.5], "uv_size": [-0.5, -0.5]}
							}
						},
						{
							"origin": [-1.25, 2.85, 2.75],
							"size": [0.1, 0.35, 0.1],
							"pivot": [-1.25, 2.85, 4.85],
							"rotation": [0, 0, 25],
							"uv": {
								"north": {"uv": [10, 31], "uv_size": [0.5, 0.5]},
								"east": {"uv": [10, 31], "uv_size": [0.5, 0.5]},
								"south": {"uv": [10, 31], "uv_size": [0.5, 0.5]},
								"west": {"uv": [10, 31], "uv_size": [0.5, 0.5]},
								"up": {"uv": [10.5, 31.5], "uv_size": [-0.5, -0.5]},
								"down": {"uv": [10.5, 31.5], "uv_size": [-0.5, -0.5]}
							}
						},
						{
							"origin": [1.15, 2.85, 2.75],
							"size": [0.1, 0.35, 0.1],
							"pivot": [1.25, 2.85, 4.85],
							"rotation": [0, 0, -25],
							"uv": {
								"north": {"uv": [10.5, 31], "uv_size": [-0.5, 0.5]},
								"east": {"uv": [10.5, 31], "uv_size": [-0.5, 0.5]},
								"south": {"uv": [10.5, 31], "uv_size": [-0.5, 0.5]},
								"west": {"uv": [10.5, 31], "uv_size": [-0.5, 0.5]},
								"up": {"uv": [10, 31.5], "uv_size": [0.5, -0.5]},
								"down": {"uv": [10, 31.5], "uv_size": [0.5, -0.5]}
							}
						},
						{
							"origin": [1.15, 2.85, 1.75],
							"size": [0.1, 0.35, 0.1],
							"pivot": [1.25, 2.85, 4.85],
							"rotation": [0, 0, -25],
							"uv": {
								"north": {"uv": [10.5, 31], "uv_size": [-0.5, 0.5]},
								"east": {"uv": [10.5, 31], "uv_size": [-0.5, 0.5]},
								"south": {"uv": [10.5, 31], "uv_size": [-0.5, 0.5]},
								"west": {"uv": [10.5, 31], "uv_size": [-0.5, 0.5]},
								"up": {"uv": [10, 31.5], "uv_size": [0.5, -0.5]},
								"down": {"uv": [10, 31.5], "uv_size": [0.5, -0.5]}
							}
						},
						{
							"origin": [-1.25, 2.85, 1.75],
							"size": [0.1, 0.35, 0.1],
							"pivot": [-1.25, 2.85, 4.85],
							"rotation": [0, 0, 25],
							"uv": {
								"north": {"uv": [10, 31], "uv_size": [0.5, 0.5]},
								"east": {"uv": [10, 31], "uv_size": [0.5, 0.5]},
								"south": {"uv": [10, 31], "uv_size": [0.5, 0.5]},
								"west": {"uv": [10, 31], "uv_size": [0.5, 0.5]},
								"up": {"uv": [10.5, 31.5], "uv_size": [-0.5, -0.5]},
								"down": {"uv": [10.5, 31.5], "uv_size": [-0.5, -0.5]}
							}
						},
						{
							"origin": [-1.25, 2.85, 0.75],
							"size": [0.1, 0.35, 0.1],
							"pivot": [-1.25, 2.85, 4.85],
							"rotation": [0, 0, 25],
							"uv": {
								"north": {"uv": [10, 31], "uv_size": [0.5, 0.5]},
								"east": {"uv": [10, 31], "uv_size": [0.5, 0.5]},
								"south": {"uv": [10, 31], "uv_size": [0.5, 0.5]},
								"west": {"uv": [10, 31], "uv_size": [0.5, 0.5]},
								"up": {"uv": [10.5, 31.5], "uv_size": [-0.5, -0.5]},
								"down": {"uv": [10.5, 31.5], "uv_size": [-0.5, -0.5]}
							}
						},
						{
							"origin": [1.15, 2.85, 0.75],
							"size": [0.1, 0.35, 0.1],
							"pivot": [1.25, 2.85, 4.85],
							"rotation": [0, 0, -25],
							"uv": {
								"north": {"uv": [10.5, 31], "uv_size": [-0.5, 0.5]},
								"east": {"uv": [10.5, 31], "uv_size": [-0.5, 0.5]},
								"south": {"uv": [10.5, 31], "uv_size": [-0.5, 0.5]},
								"west": {"uv": [10.5, 31], "uv_size": [-0.5, 0.5]},
								"up": {"uv": [10, 31.5], "uv_size": [0.5, -0.5]},
								"down": {"uv": [10, 31.5], "uv_size": [0.5, -0.5]}
							}
						},
						{
							"origin": [1.15, 2.85, 3.75],
							"size": [0.1, 0.35, 0.1],
							"pivot": [1.25, 2.85, 4.85],
							"rotation": [0, 0, -25],
							"uv": {
								"north": {"uv": [10.5, 31], "uv_size": [-0.5, 0.5]},
								"east": {"uv": [10.5, 31], "uv_size": [-0.5, 0.5]},
								"south": {"uv": [10.5, 31], "uv_size": [-0.5, 0.5]},
								"west": {"uv": [10.5, 31], "uv_size": [-0.5, 0.5]},
								"up": {"uv": [10, 31.5], "uv_size": [0.5, -0.5]},
								"down": {"uv": [10, 31.5], "uv_size": [0.5, -0.5]}
							}
						},
						{
							"origin": [-1.10208, 3.16721, 4.75],
							"size": [0.1, 0.35, 0.1],
							"pivot": [-1.10208, 3.16721, 4.85],
							"rotation": [0, 0, 70],
							"uv": {
								"north": {"uv": [10, 31], "uv_size": [0.5, 0.5]},
								"east": {"uv": [10, 31], "uv_size": [0.5, 0.5]},
								"south": {"uv": [10, 31], "uv_size": [0.5, 0.5]},
								"west": {"uv": [10, 31], "uv_size": [0.5, 0.5]},
								"up": {"uv": [10.5, 31.5], "uv_size": [-0.5, -0.5]},
								"down": {"uv": [10.5, 31.5], "uv_size": [-0.5, -0.5]}
							}
						},
						{
							"origin": [-1.10208, 3.16721, 3.75],
							"size": [0.1, 0.35, 0.1],
							"pivot": [-1.10208, 3.16721, 4.85],
							"rotation": [0, 0, 70],
							"uv": {
								"north": {"uv": [10, 31], "uv_size": [0.5, 0.5]},
								"east": {"uv": [10, 31], "uv_size": [0.5, 0.5]},
								"south": {"uv": [10, 31], "uv_size": [0.5, 0.5]},
								"west": {"uv": [10, 31], "uv_size": [0.5, 0.5]},
								"up": {"uv": [10.5, 31.5], "uv_size": [-0.5, -0.5]},
								"down": {"uv": [10.5, 31.5], "uv_size": [-0.5, -0.5]}
							}
						},
						{
							"origin": [-1.10208, 3.16721, 2.75],
							"size": [0.1, 0.35, 0.1],
							"pivot": [-1.10208, 3.16721, 4.85],
							"rotation": [0, 0, 70],
							"uv": {
								"north": {"uv": [10, 31], "uv_size": [0.5, 0.5]},
								"east": {"uv": [10, 31], "uv_size": [0.5, 0.5]},
								"south": {"uv": [10, 31], "uv_size": [0.5, 0.5]},
								"west": {"uv": [10, 31], "uv_size": [0.5, 0.5]},
								"up": {"uv": [10.5, 31.5], "uv_size": [-0.5, -0.5]},
								"down": {"uv": [10.5, 31.5], "uv_size": [-0.5, -0.5]}
							}
						},
						{
							"origin": [1.00208, 3.16721, 2.75],
							"size": [0.1, 0.35, 0.1],
							"pivot": [1.10208, 3.16721, 4.85],
							"rotation": [0, 0, -70],
							"uv": {
								"north": {"uv": [10.5, 31], "uv_size": [-0.5, 0.5]},
								"east": {"uv": [10.5, 31], "uv_size": [-0.5, 0.5]},
								"south": {"uv": [10.5, 31], "uv_size": [-0.5, 0.5]},
								"west": {"uv": [10.5, 31], "uv_size": [-0.5, 0.5]},
								"up": {"uv": [10, 31.5], "uv_size": [0.5, -0.5]},
								"down": {"uv": [10, 31.5], "uv_size": [0.5, -0.5]}
							}
						},
						{
							"origin": [1.00208, 3.16721, 1.75],
							"size": [0.1, 0.35, 0.1],
							"pivot": [1.10208, 3.16721, 4.85],
							"rotation": [0, 0, -70],
							"uv": {
								"north": {"uv": [10.5, 31], "uv_size": [-0.5, 0.5]},
								"east": {"uv": [10.5, 31], "uv_size": [-0.5, 0.5]},
								"south": {"uv": [10.5, 31], "uv_size": [-0.5, 0.5]},
								"west": {"uv": [10.5, 31], "uv_size": [-0.5, 0.5]},
								"up": {"uv": [10, 31.5], "uv_size": [0.5, -0.5]},
								"down": {"uv": [10, 31.5], "uv_size": [0.5, -0.5]}
							}
						},
						{
							"origin": [-1.10208, 3.16721, 1.75],
							"size": [0.1, 0.35, 0.1],
							"pivot": [-1.10208, 3.16721, 4.85],
							"rotation": [0, 0, 70],
							"uv": {
								"north": {"uv": [10, 31], "uv_size": [0.5, 0.5]},
								"east": {"uv": [10, 31], "uv_size": [0.5, 0.5]},
								"south": {"uv": [10, 31], "uv_size": [0.5, 0.5]},
								"west": {"uv": [10, 31], "uv_size": [0.5, 0.5]},
								"up": {"uv": [10.5, 31.5], "uv_size": [-0.5, -0.5]},
								"down": {"uv": [10.5, 31.5], "uv_size": [-0.5, -0.5]}
							}
						},
						{
							"origin": [-1.10208, 3.16721, 0.75],
							"size": [0.1, 0.35, 0.1],
							"pivot": [-1.10208, 3.16721, 4.85],
							"rotation": [0, 0, 70],
							"uv": {
								"north": {"uv": [10, 31], "uv_size": [0.5, 0.5]},
								"east": {"uv": [10, 31], "uv_size": [0.5, 0.5]},
								"south": {"uv": [10, 31], "uv_size": [0.5, 0.5]},
								"west": {"uv": [10, 31], "uv_size": [0.5, 0.5]},
								"up": {"uv": [10.5, 31.5], "uv_size": [-0.5, -0.5]},
								"down": {"uv": [10.5, 31.5], "uv_size": [-0.5, -0.5]}
							}
						},
						{
							"origin": [1.00208, 3.16721, 0.75],
							"size": [0.1, 0.35, 0.1],
							"pivot": [1.10208, 3.16721, 4.85],
							"rotation": [0, 0, -70],
							"uv": {
								"north": {"uv": [10.5, 31], "uv_size": [-0.5, 0.5]},
								"east": {"uv": [10.5, 31], "uv_size": [-0.5, 0.5]},
								"south": {"uv": [10.5, 31], "uv_size": [-0.5, 0.5]},
								"west": {"uv": [10.5, 31], "uv_size": [-0.5, 0.5]},
								"up": {"uv": [10, 31.5], "uv_size": [0.5, -0.5]},
								"down": {"uv": [10, 31.5], "uv_size": [0.5, -0.5]}
							}
						},
						{
							"origin": [1.00208, 3.16721, 3.75],
							"size": [0.1, 0.35, 0.1],
							"pivot": [1.10208, 3.16721, 4.85],
							"rotation": [0, 0, -70],
							"uv": {
								"north": {"uv": [10.5, 31], "uv_size": [-0.5, 0.5]},
								"east": {"uv": [10.5, 31], "uv_size": [-0.5, 0.5]},
								"south": {"uv": [10.5, 31], "uv_size": [-0.5, 0.5]},
								"west": {"uv": [10.5, 31], "uv_size": [-0.5, 0.5]},
								"up": {"uv": [10, 31.5], "uv_size": [0.5, -0.5]},
								"down": {"uv": [10, 31.5], "uv_size": [0.5, -0.5]}
							}
						},
						{
							"origin": [1.00208, 3.16721, 4.75],
							"size": [0.1, 0.35, 0.1],
							"pivot": [1.10208, 3.16721, 4.85],
							"rotation": [0, 0, -70],
							"uv": {
								"north": {"uv": [10.5, 31], "uv_size": [-0.5, 0.5]},
								"east": {"uv": [10.5, 31], "uv_size": [-0.5, 0.5]},
								"south": {"uv": [10.5, 31], "uv_size": [-0.5, 0.5]},
								"west": {"uv": [10.5, 31], "uv_size": [-0.5, 0.5]},
								"up": {"uv": [10, 31.5], "uv_size": [0.5, -0.5]},
								"down": {"uv": [10, 31.5], "uv_size": [0.5, -0.5]}
							}
						},
						{
							"origin": [-0.62319, 2.93691, 4.75],
							"size": [0.1, 1.55, 0.1],
							"pivot": [-0.52319, 3.18691, 4.85],
							"rotation": [0, 0, 90],
							"uv": {
								"north": {"uv": [11.5, 31], "uv_size": [-0.5, 0.5]},
								"east": {"uv": [11.5, 31], "uv_size": [-0.5, 0.5]},
								"south": {"uv": [11.5, 31], "uv_size": [-0.5, 0.5]},
								"west": {"uv": [11.5, 31], "uv_size": [-0.5, 0.5]},
								"up": {"uv": [11, 31.5], "uv_size": [0.5, -0.5]},
								"down": {"uv": [11, 31.5], "uv_size": [0.5, -0.5]}
							}
						},
						{
							"origin": [-0.62319, 2.93691, 3.75],
							"size": [0.1, 1.55, 0.1],
							"pivot": [-0.52319, 3.18691, 4.85],
							"rotation": [0, 0, 90],
							"uv": {
								"north": {"uv": [11.5, 31], "uv_size": [-0.5, 0.5]},
								"east": {"uv": [11.5, 31], "uv_size": [-0.5, 0.5]},
								"south": {"uv": [11.5, 31], "uv_size": [-0.5, 0.5]},
								"west": {"uv": [11.5, 31], "uv_size": [-0.5, 0.5]},
								"up": {"uv": [11, 31.5], "uv_size": [0.5, -0.5]},
								"down": {"uv": [11, 31.5], "uv_size": [0.5, -0.5]}
							}
						},
						{
							"origin": [-0.62319, 2.93691, 2.75],
							"size": [0.1, 1.55, 0.1],
							"pivot": [-0.52319, 3.18691, 4.85],
							"rotation": [0, 0, 90],
							"uv": {
								"north": {"uv": [11.5, 31], "uv_size": [-0.5, 0.5]},
								"east": {"uv": [11.5, 31], "uv_size": [-0.5, 0.5]},
								"south": {"uv": [11.5, 31], "uv_size": [-0.5, 0.5]},
								"west": {"uv": [11.5, 31], "uv_size": [-0.5, 0.5]},
								"up": {"uv": [11, 31.5], "uv_size": [0.5, -0.5]},
								"down": {"uv": [11, 31.5], "uv_size": [0.5, -0.5]}
							}
						},
						{
							"origin": [-0.62319, 2.93691, 1.75],
							"size": [0.1, 1.55, 0.1],
							"pivot": [-0.52319, 3.18691, 4.85],
							"rotation": [0, 0, 90],
							"uv": {
								"north": {"uv": [11.5, 31], "uv_size": [-0.5, 0.5]},
								"east": {"uv": [11.5, 31], "uv_size": [-0.5, 0.5]},
								"south": {"uv": [11.5, 31], "uv_size": [-0.5, 0.5]},
								"west": {"uv": [11.5, 31], "uv_size": [-0.5, 0.5]},
								"up": {"uv": [11, 31.5], "uv_size": [0.5, -0.5]},
								"down": {"uv": [11, 31.5], "uv_size": [0.5, -0.5]}
							}
						},
						{
							"origin": [-0.62319, 2.93691, 0.75],
							"size": [0.1, 1.55, 0.1],
							"pivot": [-0.52319, 3.18691, 4.85],
							"rotation": [0, 0, 90],
							"uv": {
								"north": {"uv": [11.5, 31], "uv_size": [-0.5, 0.5]},
								"east": {"uv": [11.5, 31], "uv_size": [-0.5, 0.5]},
								"south": {"uv": [11.5, 31], "uv_size": [-0.5, 0.5]},
								"west": {"uv": [11.5, 31], "uv_size": [-0.5, 0.5]},
								"up": {"uv": [11, 31.5], "uv_size": [0.5, -0.5]},
								"down": {"uv": [11, 31.5], "uv_size": [0.5, -0.5]}
							}
						},
						{
							"origin": [-1.35, 1.4, 2.75],
							"size": [0.1, 0.5, 0.1],
							"uv": {
								"north": {"uv": [0, 30], "uv_size": [0.5, 0.5]},
								"east": {"uv": [30, 0], "uv_size": [0.5, 0.5]},
								"south": {"uv": [1, 30], "uv_size": [0.5, 0.5]},
								"west": {"uv": [30, 1], "uv_size": [0.5, 0.5]},
								"up": {"uv": [2, 30], "uv_size": [0.5, 0.5]},
								"down": {"uv": [30, 2.5], "uv_size": [0.5, -0.5]}
							}
						},
						{
							"origin": [1.25, 1.4, 2.75],
							"size": [0.1, 0.5, 0.1],
							"uv": {
								"north": {"uv": [0.5, 30], "uv_size": [-0.5, 0.5]},
								"east": {"uv": [30.5, 1], "uv_size": [-0.5, 0.5]},
								"south": {"uv": [1.5, 30], "uv_size": [-0.5, 0.5]},
								"west": {"uv": [30.5, 0], "uv_size": [-0.5, 0.5]},
								"up": {"uv": [2.5, 30], "uv_size": [-0.5, 0.5]},
								"down": {"uv": [30.5, 2.5], "uv_size": [-0.5, -0.5]}
							}
						},
						{
							"origin": [-1.35, 1.4, 1.75],
							"size": [0.1, 0.5, 0.1],
							"uv": {
								"north": {"uv": [3, 30], "uv_size": [0.5, 0.5]},
								"east": {"uv": [30, 3], "uv_size": [0.5, 0.5]},
								"south": {"uv": [4, 30], "uv_size": [0.5, 0.5]},
								"west": {"uv": [30, 4], "uv_size": [0.5, 0.5]},
								"up": {"uv": [5, 30], "uv_size": [0.5, 0.5]},
								"down": {"uv": [30, 5.5], "uv_size": [0.5, -0.5]}
							}
						},
						{
							"origin": [1.25, 1.4, 1.75],
							"size": [0.1, 0.5, 0.1],
							"uv": {
								"north": {"uv": [3.5, 30], "uv_size": [-0.5, 0.5]},
								"east": {"uv": [30.5, 4], "uv_size": [-0.5, 0.5]},
								"south": {"uv": [4.5, 30], "uv_size": [-0.5, 0.5]},
								"west": {"uv": [30.5, 3], "uv_size": [-0.5, 0.5]},
								"up": {"uv": [5.5, 30], "uv_size": [-0.5, 0.5]},
								"down": {"uv": [30.5, 5.5], "uv_size": [-0.5, -0.5]}
							}
						},
						{
							"origin": [-1.25, 1.4, 0.95],
							"size": [0.1, 0.5, 3.8],
							"uv": {
								"north": {"uv": [29, 18], "uv_size": [0.5, 0.5]},
								"east": {"uv": [2, 11], "uv_size": [4, 0.5]},
								"south": {"uv": [19, 29], "uv_size": [0.5, 0.5]},
								"west": {"uv": [11, 4], "uv_size": [4, 0.5]},
								"up": {"uv": [11, 5], "uv_size": [0.5, 4]},
								"down": {"uv": [6, 15], "uv_size": [0.5, -4]}
							}
						},
						{
							"origin": [1.15, 1.4, 0.95],
							"size": [0.1, 0.5, 3.8],
							"uv": {
								"north": {"uv": [29.5, 18], "uv_size": [-0.5, 0.5]},
								"east": {"uv": [15, 4], "uv_size": [-4, 0.5]},
								"south": {"uv": [19.5, 29], "uv_size": [-0.5, 0.5]},
								"west": {"uv": [6, 11], "uv_size": [-4, 0.5]},
								"up": {"uv": [11.5, 5], "uv_size": [-0.5, 4]},
								"down": {"uv": [6.5, 15], "uv_size": [-0.5, -4]}
							}
						},
						{
							"origin": [0.55, 1.4, 0.95],
							"size": [0.6, 0.4, 3.8],
							"uv": {
								"north": {"uv": [8, 64], "uv_size": [0.5, -4]},
								"east": {"uv": [8, 64], "uv_size": [0.5, -4]},
								"south": {"uv": [8, 64], "uv_size": [0.5, -4]},
								"west": {"uv": [8, 64], "uv_size": [0.5, -4]},
								"up": {"uv": [8.5, 60], "uv_size": [-0.5, 4]},
								"down": {"uv": [8.5, 60], "uv_size": [-0.5, 4]}
							}
						},
						{
							"origin": [-1.15, 1.4, 0.95],
							"size": [0.6, 0.4, 3.8],
							"uv": {
								"north": {"uv": [8.5, 64], "uv_size": [-0.5, -4]},
								"east": {"uv": [8.5, 64], "uv_size": [-0.5, -4]},
								"south": {"uv": [8.5, 64], "uv_size": [-0.5, -4]},
								"west": {"uv": [8.5, 64], "uv_size": [-0.5, -4]},
								"up": {"uv": [8, 60], "uv_size": [0.5, 4]},
								"down": {"uv": [8, 60], "uv_size": [0.5, 4]}
							}
						},
						{
							"origin": [-1.35, 1.9, 0.75],
							"size": [0.2, 0.1, 4.2],
							"uv": {
								"north": {"uv": [29, 19], "uv_size": [0.5, 0.5]},
								"east": {"uv": [11, 9], "uv_size": [4, 0.5]},
								"south": {"uv": [20, 29], "uv_size": [0.5, 0.5]},
								"west": {"uv": [11, 10], "uv_size": [4, 0.5]},
								"up": {"uv": [7, 11], "uv_size": [0.5, 4]},
								"down": {"uv": [8, 15], "uv_size": [0.5, -4]}
							}
						},
						{
							"origin": [1.15, 1.9, 0.75],
							"size": [0.2, 0.1, 4.2],
							"uv": {
								"north": {"uv": [29.5, 19], "uv_size": [-0.5, 0.5]},
								"east": {"uv": [15, 10], "uv_size": [-4, 0.5]},
								"south": {"uv": [20.5, 29], "uv_size": [-0.5, 0.5]},
								"west": {"uv": [15, 9], "uv_size": [-4, 0.5]},
								"up": {"uv": [7.5, 11], "uv_size": [-0.5, 4]},
								"down": {"uv": [8.5, 15], "uv_size": [-0.5, -4]}
							}
						},
						{
							"origin": [-1.15, 1.9, 0.75],
							"size": [2.3, 0.1, 0.2],
							"uv": {
								"north": {"uv": [19, 9], "uv_size": [3, 0.5]},
								"east": {"uv": [2, 1], "uv_size": [0.5, 0.5]},
								"south": {"uv": [10, 19], "uv_size": [3, 0.5]},
								"west": {"uv": [4, 2], "uv_size": [0.5, 0.5]},
								"up": {"uv": [19, 10], "uv_size": [3, 0.5]},
								"down": {"uv": [19, 11.5], "uv_size": [3, -0.5]}
							}
						},
						{
							"origin": [-1.15, 1.9, 4.75],
							"size": [2.3, 0.1, 0.2],
							"uv": {
								"north": {"uv": [13, 19], "uv_size": [3, 0.5]},
								"east": {"uv": [29, 22], "uv_size": [0.5, 0.5]},
								"south": {"uv": [19, 14], "uv_size": [3, 0.5]},
								"west": {"uv": [23, 29], "uv_size": [0.5, 0.5]},
								"up": {"uv": [19, 15], "uv_size": [3, 0.5]},
								"down": {"uv": [16, 19.5], "uv_size": [3, -0.5]}
							}
						},
						{
							"origin": [-0.75355, 0.94645, 4.75],
							"size": [1.5, 0.4, 0.1],
							"uv": {
								"north": {"uv": [21, 13], "uv_size": [2.5, 0.5]},
								"east": {"uv": [29, 8], "uv_size": [0.5, 0.5]},
								"south": {"uv": [15, 21], "uv_size": [2.5, 0.5]},
								"west": {"uv": [9, 29], "uv_size": [0.5, 0.5]},
								"up": {"uv": [21, 16], "uv_size": [2.5, 0.5]},
								"down": {"uv": [21, 17.5], "uv_size": [2.5, -0.5]}
							}
						},
						{
							"origin": [-0.75355, 0.94645, 0.85],
							"size": [1.5, 0.4, 0.1],
							"uv": {
								"north": {"uv": [21, 13], "uv_size": [2.5, 0.5]},
								"east": {"uv": [29, 8], "uv_size": [0.5, 0.5]},
								"south": {"uv": [15, 21], "uv_size": [2.5, 0.5]},
								"west": {"uv": [9, 29], "uv_size": [0.5, 0.5]},
								"up": {"uv": [21, 16], "uv_size": [2.5, 0.5]},
								"down": {"uv": [21, 17.5], "uv_size": [2.5, -0.5]}
							}
						},
						{
							"origin": [-1.24645, 0.94645, 4.75],
							"size": [0.5, 0.3, 0.1],
							"pivot": [-0.74645, 0.94645, 0.75],
							"rotation": [0, 0, 45],
							"uv": {
								"north": {"uv": [29, 9], "uv_size": [0.5, 0.5]},
								"east": {"uv": [10, 29], "uv_size": [0.5, 0.5]},
								"south": {"uv": [29, 10], "uv_size": [0.5, 0.5]},
								"west": {"uv": [11, 29], "uv_size": [0.5, 0.5]},
								"up": {"uv": [29, 11], "uv_size": [0.5, 0.5]},
								"down": {"uv": [12, 29.5], "uv_size": [0.5, -0.5]}
							}
						},
						{
							"origin": [0.74645, 0.94645, 4.75],
							"size": [0.5, 0.3, 0.1],
							"pivot": [0.74645, 0.94645, 0.75],
							"rotation": [0, 0, -45],
							"uv": {
								"north": {"uv": [29, 12], "uv_size": [0.5, 0.5]},
								"east": {"uv": [13, 29], "uv_size": [0.5, 0.5]},
								"south": {"uv": [29, 13], "uv_size": [0.5, 0.5]},
								"west": {"uv": [14, 29], "uv_size": [0.5, 0.5]},
								"up": {"uv": [29, 14], "uv_size": [0.5, 0.5]},
								"down": {"uv": [15, 29.5], "uv_size": [0.5, -0.5]}
							}
						},
						{
							"origin": [0.74645, 0.94645, 0.85],
							"size": [0.5, 0.3, 0.1],
							"pivot": [0.74645, 0.94645, -3.15],
							"rotation": [0, 0, -45],
							"uv": {
								"north": {"uv": [29, 12], "uv_size": [0.5, 0.5]},
								"east": {"uv": [13, 29], "uv_size": [0.5, 0.5]},
								"south": {"uv": [29, 13], "uv_size": [0.5, 0.5]},
								"west": {"uv": [14, 29], "uv_size": [0.5, 0.5]},
								"up": {"uv": [29, 14], "uv_size": [0.5, 0.5]},
								"down": {"uv": [15, 29.5], "uv_size": [0.5, -0.5]}
							}
						},
						{
							"origin": [-1.24645, 0.94645, 0.85],
							"size": [0.5, 0.3, 0.1],
							"pivot": [-0.74645, 0.94645, -3.15],
							"rotation": [0, 0, 45],
							"uv": {
								"north": {"uv": [29.5, 12], "uv_size": [-0.5, 0.5]},
								"east": {"uv": [14.5, 29], "uv_size": [-0.5, 0.5]},
								"south": {"uv": [29.5, 13], "uv_size": [-0.5, 0.5]},
								"west": {"uv": [13.5, 29], "uv_size": [-0.5, 0.5]},
								"up": {"uv": [29.5, 14], "uv_size": [-0.5, 0.5]},
								"down": {"uv": [15.5, 29.5], "uv_size": [-0.5, -0.5]}
							}
						}
					]
				}
			]
		}
	]
}