{
	"format_version": "1.12.0",
	"minecraft:geometry": [
		{
			"description": {
				"identifier": "geometry.kar98k",
				"texture_width": 64,
				"texture_height": 64,
				"visible_bounds_width": 5,
				"visible_bounds_height": 2.5,
				"visible_bounds_offset": [0, 0.75, 0]
			},
			"bones": [
				{
					"name": "root",
					"pivot": [0, 0, 0]
				},
				{
					"name": "waist",
					"parent": "root",
					"pivot": [0, 0, 0]
				},
				{
					"name": "body",
					"parent": "waist",
					"pivot": [0, 0, 0]
				},
				{
					"name": "head",
					"parent": "body",
					"pivot": [0, 1, 0]
				},
				{
					"name": "hat",
					"parent": "head",
					"pivot": [0, 0, 0]
				},
				{
					"name": "cape",
					"parent": "body",
					"pivot": [0, 0, 0]
				},
				{
					"name": "leftArm",
					"parent": "body",
					"pivot": [5, 22, 0]
				},
				{
					"name": "leftSleeve",
					"parent": "leftArm",
					"pivot": [0, 0, 0]
				},
				{
					"name": "leftItem",
					"parent": "leftArm",
					"pivot": [0, 0, 0]
				},
				{
					"name": "rightArm",
					"parent": "body",
					"pivot": [-5, 22, 0]
				},
				{
					"name": "rightSleeve",
					"parent": "rightArm",
					"pivot": [0, 0, 0]
				},
				{
					"name": "rightItem",
					"parent": "rightArm",
					"pivot": [-6, 7, 0]
				},
				{
					"name": "gun",
					"parent": "rightItem",
					"pivot": [-6, 7, 0],
					"rotation": [90, 0, 0],
					"cubes": [
						{
							"origin": [-6, 9, -3.09375],
							"size": [0.34375, 0.4375, 5.3125],
							"uv": {
								"north": {"uv": [52, 48], "uv_size": [1, 2]},
								"east": {"uv": [0, 16], "uv_size": [21, 2]},
								"south": {"uv": [52, 52], "uv_size": [1, 2]},
								"west": {"uv": [0, 20], "uv_size": [21, 2]},
								"up": {"uv": [16, 28], "uv_size": [1, 21]},
								"down": {"uv": [20, 49], "uv_size": [1, -21]}
							}
						},
						{
							"origin": [-5.9688, 9.4375, -6],
							"size": [0.18755, 0.1875, 7.5625],
							"pivot": [-5.82815, 9.57813, -3.34375],
							"rotation": [0, 0, -45],
							"uv": {
								"north": {"uv": [60, 16], "uv_size": [1, 1]},
								"east": {"uv": [0, 24], "uv_size": [30, 1]},
								"south": {"uv": [20, 60], "uv_size": [1, 1]},
								"west": {"uv": [24, 8], "uv_size": [30, 1]},
								"up": {"uv": [0, 28], "uv_size": [1, 30]},
								"down": {"uv": [4, 58], "uv_size": [1, -30]}
							}
						},
						{
							"origin": [-5.9688, 9.625, -5.9375],
							"size": [0.18755, 0.1875, 0.25],
							"pivot": [-5.82815, 9.76563, -3.34375],
							"rotation": [0, 0, -45],
							"uv": {
								"north": {"uv": [60, 20], "uv_size": [1, 1]},
								"east": {"uv": [24, 60], "uv_size": [1, 1]},
								"south": {"uv": [60, 24], "uv_size": [1, 1]},
								"west": {"uv": [28, 60], "uv_size": [1, 1]},
								"up": {"uv": [60, 28], "uv_size": [1, 1]},
								"down": {"uv": [32, 61], "uv_size": [1, -1]}
							}
						},
						{
							"origin": [-5.94375, 9.15625, -5.84375],
							"size": [0.1, 0.1, 0.84375],
							"pivot": [-5.89065, 9.29688, -2.65625],
							"rotation": [0, 0, -45],
							"uv": {
								"north": {"uv": [60, 36], "uv_size": [1, 1]},
								"east": {"uv": [52, 36], "uv_size": [3, 1]},
								"south": {"uv": [40, 60], "uv_size": [1, 1]},
								"west": {"uv": [40, 52], "uv_size": [3, 1]},
								"up": {"uv": [52, 40], "uv_size": [1, 3]},
								"down": {"uv": [44, 55], "uv_size": [1, -3]}
							}
						},
						{
							"origin": [-6, 9.4375, 0.03125],
							"size": [0.34375, 0.15625, 1.03125],
							"uv": {
								"north": {"uv": [48, 56], "uv_size": [1, 1]},
								"east": {"uv": [48, 4], "uv_size": [4, 1]},
								"south": {"uv": [56, 48], "uv_size": [1, 1]},
								"west": {"uv": [32, 48], "uv_size": [4, 1]},
								"up": {"uv": [48, 32], "uv_size": [1, 4]},
								"down": {"uv": [36, 52], "uv_size": [1, -4]}
							}
						},
						{
							"origin": [-6, 9.4375, -1.40625],
							"size": [0.34375, 0.09375, 1.4375],
							"uv": {
								"north": {"uv": [56, 56], "uv_size": [1, 1]},
								"east": {"uv": [44, 0], "uv_size": [6, 1]},
								"south": {"uv": [0, 60], "uv_size": [1, 1]},
								"west": {"uv": [44, 12], "uv_size": [6, 1]},
								"up": {"uv": [44, 16], "uv_size": [1, 6]},
								"down": {"uv": [44, 30], "uv_size": [1, -6]}
							}
						},
						{
							"origin": [-6, 9.4375, -3.09375],
							"size": [0.34375, 0.34375, 1.6875],
							"uv": {
								"north": {"uv": [52, 56], "uv_size": [1, 1]},
								"east": {"uv": [32, 4], "uv_size": [7, 1]},
								"south": {"uv": [56, 52], "uv_size": [1, 1]},
								"west": {"uv": [40, 4], "uv_size": [7, 1]},
								"up": {"uv": [32, 40], "uv_size": [1, 7]},
								"down": {"uv": [40, 43], "uv_size": [1, -7]}
							}
						},
						{
							"origin": [-5.9375, 9.4375, -1.40625],
							"size": [0.21875, 0.3125, 2.65625],
							"uv": {
								"north": {"uv": [60, 40], "uv_size": [1, 1]},
								"east": {"uv": [28, 28], "uv_size": [11, 1]},
								"south": {"uv": [44, 60], "uv_size": [1, 1]},
								"west": {"uv": [32, 0], "uv_size": [11, 1]},
								"up": {"uv": [32, 12], "uv_size": [1, 11]},
								"down": {"uv": [28, 43], "uv_size": [1, -11]}
							}
						},
						{
							"origin": [-5.96875, 9.4375, -0.03125],
							"size": [0.28125, 0.375, 0.53125],
							"uv": {
								"north": {"uv": [36, 56], "uv_size": [1, 2]},
								"east": {"uv": [52, 0], "uv_size": [2, 2]},
								"south": {"uv": [56, 36], "uv_size": [1, 2]},
								"west": {"uv": [52, 4], "uv_size": [2, 2]},
								"up": {"uv": [40, 56], "uv_size": [1, 2]},
								"down": {"uv": [56, 42], "uv_size": [1, -2]}
							}
						},
						{
							"origin": [-5.96875, 9.4375, 1.25],
							"size": [0.28125, 0.40625, 0.8125],
							"uv": {
								"north": {"uv": [44, 56], "uv_size": [1, 2]},
								"east": {"uv": [44, 40], "uv_size": [3, 2]},
								"south": {"uv": [56, 44], "uv_size": [1, 2]},
								"west": {"uv": [44, 44], "uv_size": [3, 2]},
								"up": {"uv": [52, 44], "uv_size": [1, 3]},
								"down": {"uv": [48, 55], "uv_size": [1, -3]}
							}
						},
						{
							"origin": [-5.96875, 9.46875, 2.0625],
							"size": [0.28125, 0.25, 0.15625],
							"uv": {
								"north": {"uv": [60, 44], "uv_size": [1, 1]},
								"east": {"uv": [48, 60], "uv_size": [1, 1]},
								"south": {"uv": [60, 48], "uv_size": [1, 1]},
								"west": {"uv": [52, 60], "uv_size": [1, 1]},
								"up": {"uv": [60, 52], "uv_size": [1, 1]},
								"down": {"uv": [56, 61], "uv_size": [1, -1]}
							}
						},
						{
							"origin": [-6, 9.03125, -3.28125],
							"size": [0.34375, 0.71875, 0.1875],
							"uv": {
								"north": {"uv": [52, 16], "uv_size": [1, 3]},
								"east": {"uv": [20, 52], "uv_size": [1, 3]},
								"south": {"uv": [52, 20], "uv_size": [1, 3]},
								"west": {"uv": [52, 24], "uv_size": [1, 3]},
								"up": {"uv": [60, 0], "uv_size": [1, 1]},
								"down": {"uv": [4, 61], "uv_size": [1, -1]}
							}
						},
						{
							"origin": [-6, 9.03125, -4.5625],
							"size": [0.34375, 0.65625, 0.4375],
							"uv": {
								"north": {"uv": [52, 32], "uv_size": [1, 3]},
								"east": {"uv": [44, 36], "uv_size": [2, 3]},
								"south": {"uv": [36, 52], "uv_size": [1, 3]},
								"west": {"uv": [40, 44], "uv_size": [2, 3]},
								"up": {"uv": [24, 56], "uv_size": [1, 2]},
								"down": {"uv": [56, 26], "uv_size": [1, -2]}
							}
						},
						{
							"origin": [-6, 9.15625, -5],
							"size": [0.34375, 0.34375, 0.4375],
							"uv": {
								"north": {"uv": [60, 32], "uv_size": [1, 1]},
								"east": {"uv": [28, 56], "uv_size": [2, 1]},
								"south": {"uv": [36, 60], "uv_size": [1, 1]},
								"west": {"uv": [56, 28], "uv_size": [2, 1]},
								"up": {"uv": [32, 56], "uv_size": [1, 2]},
								"down": {"uv": [56, 34], "uv_size": [1, -2]}
							}
						},
						{
							"origin": [-6, 9.0625, -4.125],
							"size": [0.34375, 0.46875, 0.84375],
							"uv": {
								"north": {"uv": [20, 56], "uv_size": [1, 2]},
								"east": {"uv": [44, 32], "uv_size": [3, 2]},
								"south": {"uv": [56, 20], "uv_size": [1, 2]},
								"west": {"uv": [36, 44], "uv_size": [3, 2]},
								"up": {"uv": [52, 28], "uv_size": [1, 3]},
								"down": {"uv": [32, 55], "uv_size": [1, -3]}
							}
						},
						{
							"origin": [-6, 9.53125, -3.4375],
							"size": [0.34375, 0.1875, 0.15625],
							"uv": {
								"north": {"uv": [60, 4], "uv_size": [1, 1]},
								"east": {"uv": [8, 60], "uv_size": [1, 1]},
								"south": {"uv": [60, 8], "uv_size": [1, 1]},
								"west": {"uv": [12, 60], "uv_size": [1, 1]},
								"up": {"uv": [60, 12], "uv_size": [1, 1]},
								"down": {"uv": [16, 61], "uv_size": [1, -1]}
							}
						},
						{
							"origin": [-6, 9, -3.09375],
							"size": [0.34375, 0.4375, 6.375],
							"pivot": [-5.5, 9, -3.09375],
							"rotation": [-5, 0, 0],
							"uv": {
								"north": {"uv": [12, 56], "uv_size": [1, 2]},
								"east": {"uv": [0, 0], "uv_size": [26, 2]},
								"south": {"uv": [56, 12], "uv_size": [1, 2]},
								"west": {"uv": [0, 4], "uv_size": [26, 2]},
								"up": {"uv": [8, 28], "uv_size": [1, 26]},
								"down": {"uv": [12, 54], "uv_size": [1, -26]}
							}
						},
						{
							"origin": [-6, 8.9375, 2.21875],
							"size": [0.34375, 0.5, 0.8125],
							"pivot": [-5, 9.4375, 2.21875],
							"rotation": [-25, 0, 0],
							"uv": {
								"north": {"uv": [16, 56], "uv_size": [1, 2]},
								"east": {"uv": [32, 24], "uv_size": [3, 2]},
								"south": {"uv": [56, 16], "uv_size": [1, 2]},
								"west": {"uv": [28, 44], "uv_size": [3, 2]},
								"up": {"uv": [52, 12], "uv_size": [1, 3]},
								"down": {"uv": [16, 55], "uv_size": [1, -3]}
							}
						},
						{
							"origin": [-6, 7.78125, 3.28125],
							"size": [0.34375, 1.3125, 2.15625],
							"pivot": [-5.5, 8.59375, 4.5],
							"rotation": [-5, 0, 0],
							"uv": {
								"north": {"uv": [48, 24], "uv_size": [1, 5]},
								"east": {"uv": [0, 8], "uv_size": [9, 5]},
								"south": {"uv": [28, 48], "uv_size": [1, 5]},
								"west": {"uv": [12, 8], "uv_size": [9, 5]},
								"up": {"uv": [24, 36], "uv_size": [1, 9]},
								"down": {"uv": [36, 41], "uv_size": [1, -9]}
							}
						},
						{
							"origin": [-6, 7.04139, 4.94626],
							"size": [0.34375, 1.96875, 0.53125],
							"uv": {
								"north": {"uv": [36, 20], "uv_size": [1, 8]},
								"east": {"uv": [28, 0], "uv_size": [2, 8]},
								"south": {"uv": [40, 12], "uv_size": [1, 8]},
								"west": {"uv": [24, 28], "uv_size": [2, 8]},
								"up": {"uv": [8, 56], "uv_size": [1, 2]},
								"down": {"uv": [56, 10], "uv_size": [1, -2]}
							}
						},
						{
							"origin": [-6, 7.89056, 2.87132],
							"size": [0.34375, 1.1875, 0.4375],
							"uv": {
								"north": {"uv": [48, 16], "uv_size": [1, 5]},
								"east": {"uv": [32, 32], "uv_size": [2, 5]},
								"south": {"uv": [24, 48], "uv_size": [1, 5]},
								"west": {"uv": [36, 12], "uv_size": [2, 5]},
								"up": {"uv": [56, 0], "uv_size": [1, 2]},
								"down": {"uv": [56, 6], "uv_size": [1, -2]}
							}
						},
						{
							"origin": [-6, 7.89056, 1.96507],
							"size": [0.34375, 1.03125, 0.90625],
							"pivot": [-5, 7.89056, 2.87132],
							"rotation": [-60, 0, 0],
							"uv": {
								"north": {"uv": [48, 40], "uv_size": [1, 4]},
								"east": {"uv": [24, 20], "uv_size": [4, 4]},
								"south": {"uv": [44, 48], "uv_size": [1, 4]},
								"west": {"uv": [28, 20], "uv_size": [4, 4]},
								"up": {"uv": [48, 44], "uv_size": [1, 4]},
								"down": {"uv": [48, 52], "uv_size": [1, -4]}
							}
						},
						{
							"origin": [-6, 7.5, 3.90625],
							"size": [0.34375, 1.03125, 1.6875],
							"pivot": [-5.5, 8.5, 4.40625],
							"rotation": [-30, 0, 0],
							"uv": {
								"north": {"uv": [48, 36], "uv_size": [1, 4]},
								"east": {"uv": [24, 12], "uv_size": [7, 4]},
								"south": {"uv": [40, 48], "uv_size": [1, 4]},
								"west": {"uv": [24, 16], "uv_size": [7, 4]},
								"up": {"uv": [40, 20], "uv_size": [1, 7]},
								"down": {"uv": [40, 35], "uv_size": [1, -7]}
							}
						}
					]
				},
				{
					"name": "jacket",
					"parent": "body",
					"pivot": [0, 0, 0]
				}
			]
		}
	]
}