{
	"format_version": "1.12.0",
	"minecraft:geometry": [
		{
			"description": {
				"identifier": "geometry.m3_37mm",
				"texture_width": 32,
				"texture_height": 32,
				"visible_bounds_width": 2,
				"visible_bounds_height": 1.5,
				"visible_bounds_offset": [0, 0.25, 0]
			},
			"bones": [
				{
					"name": "bb_main",
					"pivot": [0, 0, 0],
					"cubes": [
						{
							"origin": [-1.3, -0.00104, -0.50251],
							"size": [0.3, 1.2, 0.5],
							"pivot": [-1.15, 0.59896, -0.25251],
							"rotation": [45, 0, 0],
							"uv": {
								"north": {"uv": [32, 8], "uv_size": [-2, -1.5]},
								"east": {"uv": [31, 7], "uv_size": [1, -0.5]},
								"south": {"uv": [32, 8], "uv_size": [-1, -2.5]},
								"west": {"uv": [32, 8], "uv_size": [-2, -2.5]},
								"up": {"uv": [6, 13.5], "uv_size": [0.25, -0.5]},
								"down": {"uv": [6, 13.5], "uv_size": [0.25, -0.5]}
							}
						},
						{
							"origin": [-1.3, -0.00104, -0.50251],
							"size": [0.3, 1.2, 0.5],
							"uv": {
								"north": {"uv": [32, 8], "uv_size": [-2, -1.5]},
								"east": {"uv": [31, 7], "uv_size": [1, -0.5]},
								"south": {"uv": [32, 8], "uv_size": [-1, -2.5]},
								"west": {"uv": [32, 8], "uv_size": [-2, -2.5]},
								"up": {"uv": [6, 13.5], "uv_size": [0.25, -0.5]},
								"down": {"uv": [6, 13.5], "uv_size": [0.25, -0.5]}
							}
						},
						{
							"origin": [-1.3, -0.00104, -0.50251],
							"size": [0.3, 1.2, 0.5],
							"pivot": [-1.15, 0.59896, -0.25251],
							"rotation": [-45, 0, 0],
							"uv": {
								"north": {"uv": [32, 8], "uv_size": [-2, -1.5]},
								"east": {"uv": [31, 7], "uv_size": [1, -0.5]},
								"south": {"uv": [32, 8], "uv_size": [-1, -2.5]},
								"west": {"uv": [32, 8], "uv_size": [-2, -2.5]},
								"up": {"uv": [6, 13.5], "uv_size": [0.25, -0.5]},
								"down": {"uv": [6, 13.5], "uv_size": [0.25, -0.5]}
							}
						},
						{
							"origin": [-1.3, -0.00104, -0.50251],
							"size": [0.3, 1.2, 0.5],
							"pivot": [-1.15, 0.59896, -0.25251],
							"rotation": [-90, 0, 0],
							"uv": {
								"north": {"uv": [32, 8], "uv_size": [-2, -1.5]},
								"east": {"uv": [31, 7], "uv_size": [1, -0.5]},
								"south": {"uv": [32, 8], "uv_size": [-1, -2.5]},
								"west": {"uv": [32, 8], "uv_size": [-2, -2.5]},
								"up": {"uv": [6, 13.5], "uv_size": [0.25, -0.5]},
								"down": {"uv": [6, 13.5], "uv_size": [0.25, -0.5]}
							}
						},
						{
							"origin": [1, -0.00104, -0.49749],
							"size": [0.3, 1.2, 0.5],
							"uv": {
								"north": {"uv": [32, 5.5], "uv_size": [0, 1.5]},
								"east": {"uv": [32, 5.5], "uv_size": [-1, 2.5]},
								"south": {"uv": [32, 6.5], "uv_size": [-0.25, -0.5]},
								"west": {"uv": [32, 5.5], "uv_size": [-2, 2.5]},
								"up": {"uv": [12, 8], "uv_size": [0.25, 0.5]},
								"down": {"uv": [12, 8], "uv_size": [0.25, 0.5]}
							}
						},
						{
							"origin": [1, -0.00104, -0.49749],
							"size": [0.3, 1.2, 0.5],
							"pivot": [1.15, 0.59896, -0.24749],
							"rotation": [45, 0, 0],
							"uv": {
								"north": {"uv": [32, 5.5], "uv_size": [0, 1.5]},
								"east": {"uv": [32, 5.5], "uv_size": [-1, 2.5]},
								"south": {"uv": [32, 6.5], "uv_size": [-0.25, -0.5]},
								"west": {"uv": [32, 5.5], "uv_size": [-2, 2.5]},
								"up": {"uv": [12, 8], "uv_size": [0.25, 0.5]},
								"down": {"uv": [12, 8], "uv_size": [0.25, 0.5]}
							}
						},
						{
							"origin": [1, -0.00104, -0.49749],
							"size": [0.3, 1.2, 0.5],
							"pivot": [1.15, 0.59896, -0.24749],
							"rotation": [90, 0, 0],
							"uv": {
								"north": {"uv": [32, 5.5], "uv_size": [0, 1.5]},
								"east": {"uv": [32, 5.5], "uv_size": [-1, 2.5]},
								"south": {"uv": [32, 6.5], "uv_size": [-0.25, -0.5]},
								"west": {"uv": [32, 5.5], "uv_size": [-2, 2.5]},
								"up": {"uv": [12, 8], "uv_size": [0.25, 0.5]},
								"down": {"uv": [12, 8], "uv_size": [0.25, 0.5]}
							}
						},
						{
							"origin": [1, -0.00104, -0.49749],
							"size": [0.3, 1.2, 0.5],
							"pivot": [1.15, 0.59896, -0.24749],
							"rotation": [135, 0, 0],
							"uv": {
								"north": {"uv": [32, 5.5], "uv_size": [0, 1.5]},
								"east": {"uv": [32, 5.5], "uv_size": [-1, 2.5]},
								"south": {"uv": [32, 6.5], "uv_size": [-0.25, -0.5]},
								"west": {"uv": [32, 5.5], "uv_size": [-2, 2.5]},
								"up": {"uv": [12, 8], "uv_size": [0.25, 0.5]},
								"down": {"uv": [12, 8], "uv_size": [0.25, 0.5]}
							}
						},
						{
							"origin": [-1, 0.5, -0.35],
							"size": [2, 0.2, 0.2],
							"uv": {
								"north": {"uv": [8, 5.25], "uv_size": [-2, -0.25]},
								"east": {"uv": [8, 5.25], "uv_size": [-2, -0.25]},
								"south": {"uv": [8, 5.25], "uv_size": [-2, -0.25]},
								"west": {"uv": [8, 5.25], "uv_size": [-2, -0.25]},
								"up": {"uv": [6, 5], "uv_size": [2, 0.25]},
								"down": {"uv": [6, 5], "uv_size": [2, 0.25]}
							}
						},
						{
							"origin": [-0.75, 0.5, -0.13],
							"size": [1.5, 0.2, 0.2],
							"uv": {
								"north": {"uv": [7, 1], "uv_size": [1.5, 0.25]},
								"east": {"uv": [7, 1], "uv_size": [1.5, 0.25]},
								"south": {"uv": [7, 1], "uv_size": [1.5, 0.25]},
								"west": {"uv": [7, 1], "uv_size": [1.5, 0.25]},
								"up": {"uv": [8.5, 1.25], "uv_size": [-1.5, -0.25]},
								"down": {"uv": [8.5, 1.25], "uv_size": [-1.5, -0.25]}
							}
						},
						{
							"origin": [-1, 0.45, -0.75],
							"size": [2, 0.05, 0.4],
							"uv": {
								"north": {"uv": [10, 4], "uv_size": [2, 0.125]},
								"east": {"uv": [15, 9], "uv_size": [0.375, 0.125]},
								"south": {"uv": [2, 11], "uv_size": [2, 0.125]},
								"west": {"uv": [10, 15], "uv_size": [0.375, 0.125]},
								"up": {"uv": [0, 0], "uv_size": [2, 0.375]},
								"down": {"uv": [0, 1.375], "uv_size": [2, -0.375]}
							}
						},
						{
							"origin": [0.99, 0, -0.85],
							"size": [0.32, 1.2, 1.2],
							"uv": {
								"north": {"uv": [27, 27], "uv_size": [1, 1]},
								"east": {"uv": [27, 26], "uv_size": [1, 1]},
								"south": {"uv": [27, 27], "uv_size": [1, 1]},
								"west": {"uv": [27, 26], "uv_size": [1, 1]},
								"up": {"uv": [28, 28], "uv_size": [-1, -1]},
								"down": {"uv": [28, 28], "uv_size": [-1, -1]}
							}
						},
						{
							"origin": [-1.31, 0, -0.85],
							"size": [0.32, 1.2, 1.2],
							"uv": {
								"north": {"uv": [28, 27], "uv_size": [-1, 1]},
								"east": {"uv": [28, 26], "uv_size": [-1, 1]},
								"south": {"uv": [28, 27], "uv_size": [-1, 1]},
								"west": {"uv": [28, 26], "uv_size": [-1, 1]},
								"up": {"uv": [27, 28], "uv_size": [1, -1]},
								"down": {"uv": [27, 28], "uv_size": [1, -1]}
							}
						}
					]
				},
				{
					"name": "Gun",
					"pivot": [0, 0, 0],
					"cubes": [
						{
							"origin": [0.15, 0.9, -0.3],
							"size": [0.8, 0.5, 0.05],
							"uv": {
								"north": {"uv": [6, 7], "uv_size": [0.75, 0.5]},
								"east": {"uv": [6, 7], "uv_size": [0.75, 0.5]},
								"south": {"uv": [6, 7], "uv_size": [0.75, 0.5]},
								"west": {"uv": [6, 7], "uv_size": [0.75, 0.5]},
								"up": {"uv": [6.75, 7.5], "uv_size": [-0.75, -0.5]},
								"down": {"uv": [6.75, 7.5], "uv_size": [-0.75, -0.5]}
							}
						},
						{
							"origin": [-0.95, 1.4, -0.3],
							"size": [1.4, 0.3, 0.05],
							"uv": {
								"north": {"uv": [13, 24], "uv_size": [1.375, 0.25]},
								"east": {"uv": [13, 24], "uv_size": [1.375, 0.25]},
								"south": {"uv": [13, 24], "uv_size": [1.375, 0.25]},
								"west": {"uv": [13, 24], "uv_size": [1.375, 0.25]},
								"up": {"uv": [14.375, 24.25], "uv_size": [-1.375, -0.25]},
								"down": {"uv": [14.375, 24.25], "uv_size": [-1.375, -0.25]}
							}
						},
						{
							"origin": [-0.95, 0.9, -0.3],
							"size": [0.8, 0.5, 0.05],
							"uv": {
								"north": {"uv": [14, 25], "uv_size": [0.75, 2.5]},
								"east": {"uv": [14, 25], "uv_size": [0.75, 2.5]},
								"south": {"uv": [14, 25], "uv_size": [0.75, 2.5]},
								"west": {"uv": [14, 25], "uv_size": [0.75, 2.5]},
								"up": {"uv": [14.75, 27.5], "uv_size": [-0.75, -2.5]},
								"down": {"uv": [14.75, 27.5], "uv_size": [-0.75, -2.5]}
							}
						},
						{
							"origin": [0.10076, 0.89132, -0.3],
							"size": [0.85, 0.15, 0.05],
							"pivot": [0.90076, 0.89132, -0.3],
							"rotation": [0, 0, -10],
							"uv": {
								"north": {"uv": [13, 11], "uv_size": [0.875, 0.125]},
								"east": {"uv": [13, 11], "uv_size": [0.875, 0.125]},
								"south": {"uv": [13, 11], "uv_size": [0.875, 0.125]},
								"west": {"uv": [13, 11], "uv_size": [0.875, 0.125]},
								"up": {"uv": [13.875, 11.125], "uv_size": [-0.875, -0.125]},
								"down": {"uv": [13.875, 11.125], "uv_size": [-0.875, -0.125]}
							}
						},
						{
							"origin": [-0.95076, 0.89132, -0.3],
							"size": [0.85, 0.15, 0.05],
							"pivot": [-0.90076, 0.89132, -0.3],
							"rotation": [0, 0, 10],
							"uv": {
								"north": {"uv": [13, 9], "uv_size": [0.875, 0.125]},
								"east": {"uv": [13, 9], "uv_size": [0.875, 0.125]},
								"south": {"uv": [13, 9], "uv_size": [0.875, 0.125]},
								"west": {"uv": [13, 9], "uv_size": [0.875, 0.125]},
								"up": {"uv": [13.875, 9.125], "uv_size": [-0.875, -0.125]},
								"down": {"uv": [13.875, 9.125], "uv_size": [-0.875, -0.125]}
							}
						},
						{
							"origin": [0.65, 1.4, -0.3],
							"size": [0.3, 0.3, 0.05],
							"uv": {
								"north": {"uv": [6, 30], "uv_size": [1.25, 1.25]},
								"east": {"uv": [10, 30], "uv_size": [4.25, 1.25]},
								"south": {"uv": [19, 27], "uv_size": [-7.75, -3.75]},
								"west": {"uv": [16, 23], "uv_size": [-0.75, 3.25]},
								"up": {"uv": [17.25, 30.25], "uv_size": [-2.25, -3.25]},
								"down": {"uv": [7.25, 31.25], "uv_size": [-1.25, -1.25]}
							}
						},
						{
							"origin": [-0.15, 0.7, -0.4],
							"size": [0.3, 0.2, 0.5],
							"uv": {
								"north": {"uv": [4, 14], "uv_size": [0.25, 0.25]},
								"east": {"uv": [12, 10], "uv_size": [0.5, 0.25]},
								"south": {"uv": [14, 4], "uv_size": [0.25, 0.25]},
								"west": {"uv": [11, 12], "uv_size": [0.5, 0.25]},
								"up": {"uv": [12, 11], "uv_size": [0.25, 0.5]},
								"down": {"uv": [12, 12.5], "uv_size": [0.25, -0.5]}
							}
						}
					]
				},
				{
					"name": "Barrel",
					"parent": "Gun",
					"pivot": [0, 1, 0],
					"cubes": [
						{
							"origin": [-0.1, 0.85, -1],
							"size": [0.2, 0.2, 1.2],
							"uv": {
								"north": {"uv": [9, 6], "uv_size": [1.25, 0.25]},
								"east": {"uv": [9, 6], "uv_size": [1.25, 0.25]},
								"south": {"uv": [9, 6], "uv_size": [1.25, 0.25]},
								"west": {"uv": [9, 6], "uv_size": [1.25, 0.25]},
								"up": {"uv": [10.25, 6.25], "uv_size": [-1.25, -0.25]},
								"down": {"uv": [10.25, 6.25], "uv_size": [-1.25, -0.25]}
							}
						},
						{
							"origin": [-0.1, 1.1, -0.8],
							"size": [0.2, 0.2, 1],
							"uv": {
								"north": {"uv": [4.25, 12], "uv_size": [-0.25, -1]},
								"east": {"uv": [4.25, 12], "uv_size": [-0.25, -1]},
								"south": {"uv": [4.25, 12], "uv_size": [-0.25, -1]},
								"west": {"uv": [4.25, 12], "uv_size": [-0.25, -1]},
								"up": {"uv": [4, 11], "uv_size": [0.25, 1]},
								"down": {"uv": [4, 11], "uv_size": [0.25, 1]}
							}
						},
						{
							"origin": [-0.15, 1.05, -0.9],
							"size": [0.3, 0.1, 1.1],
							"uv": {
								"north": {"uv": [2, 16], "uv_size": [0.25, 0.125]},
								"east": {"uv": [12, 3], "uv_size": [1.125, 0.125]},
								"south": {"uv": [16, 2], "uv_size": [0.25, 0.125]},
								"west": {"uv": [12, 4], "uv_size": [1.125, 0.125]},
								"up": {"uv": [11, 0], "uv_size": [0.25, 1.125]},
								"down": {"uv": [1, 12.125], "uv_size": [0.25, -1.125]}
							}
						},
						{
							"origin": [-0.15, 1.05, 0.2],
							"size": [0.3, 0.3, 0.2],
							"uv": {
								"north": {"uv": [9, 14], "uv_size": [0.25, 0.25]},
								"east": {"uv": [14, 9], "uv_size": [0.25, 0.25]},
								"south": {"uv": [10, 14], "uv_size": [0.25, 0.25]},
								"west": {"uv": [14, 10], "uv_size": [0.25, 0.25]},
								"up": {"uv": [11, 14], "uv_size": [0.25, 0.25]},
								"down": {"uv": [14, 11.25], "uv_size": [0.25, -0.25]}
							}
						},
						{
							"origin": [-0.15, 1.05, 0.4],
							"size": [0.3, 0.1, 0.3],
							"uv": {
								"north": {"uv": [3, 16], "uv_size": [0.25, 0.125]},
								"east": {"uv": [16, 3], "uv_size": [0.25, 0.125]},
								"south": {"uv": [4, 16], "uv_size": [0.25, 0.125]},
								"west": {"uv": [16, 4], "uv_size": [0.25, 0.125]},
								"up": {"uv": [13, 14], "uv_size": [0.25, 0.25]},
								"down": {"uv": [14, 13.25], "uv_size": [0.25, -0.25]}
							}
						},
						{
							"origin": [0.1, 1.15, 0.4],
							"size": [0.05, 0.2, 0.3],
							"uv": {
								"north": {"uv": [5, 16], "uv_size": [0.125, 0.25]},
								"east": {"uv": [14, 14], "uv_size": [0.25, 0.25]},
								"south": {"uv": [16, 5], "uv_size": [0.125, 0.25]},
								"west": {"uv": [0, 15], "uv_size": [0.25, 0.25]},
								"up": {"uv": [6, 16], "uv_size": [0.125, 0.25]},
								"down": {"uv": [16, 6.25], "uv_size": [0.125, -0.25]}
							}
						},
						{
							"origin": [-0.15, 1.15, 0.4],
							"size": [0.05, 0.2, 0.3],
							"uv": {
								"north": {"uv": [7, 16], "uv_size": [0.125, 0.25]},
								"east": {"uv": [15, 0], "uv_size": [0.25, 0.25]},
								"south": {"uv": [16, 7], "uv_size": [0.125, 0.25]},
								"west": {"uv": [1, 15], "uv_size": [0.25, 0.25]},
								"up": {"uv": [8, 16], "uv_size": [0.125, 0.25]},
								"down": {"uv": [16, 8.25], "uv_size": [0.125, -0.25]}
							}
						},
						{
							"origin": [-0.075, 1.125, -2.8],
							"size": [0.15, 0.15, 2],
							"uv": {
								"north": {"uv": [5.125, 5], "uv_size": [-0.125, -1]},
								"east": {"uv": [11.125, 9], "uv_size": [-0.125, -2]},
								"south": {"uv": [11.125, 9], "uv_size": [-0.125, -2]},
								"west": {"uv": [11.125, 9], "uv_size": [-0.125, -2]},
								"up": {"uv": [11, 7], "uv_size": [0.125, 2]},
								"down": {"uv": [11, 7], "uv_size": [0.125, 2]}
							}
						}
					],
					"locators": {
						"locator": [0, 1.2, -3]
					}
				},
				{
					"name": "Supports",
					"pivot": [0, 0, 0]
				},
				{
					"name": "RightSupport",
					"parent": "Supports",
					"pivot": [-0.35, 0.62, 0.1],
					"rotation": [-10.15108, -9.84655, 1.75378],
					"cubes": [
						{
							"origin": [-0.4, 0.5, 0.1],
							"size": [0.1, 0.2, 3],
							"uv": {
								"north": {"uv": [2, 0], "uv_size": [3, 0.25]},
								"east": {"uv": [2, 0], "uv_size": [3, 0.25]},
								"south": {"uv": [2, 0], "uv_size": [3, 0.25]},
								"west": {"uv": [2, 0], "uv_size": [3, 0.25]},
								"up": {"uv": [5, 0.25], "uv_size": [-3, -0.25]},
								"down": {"uv": [5, 0.25], "uv_size": [-3, -0.25]}
							}
						},
						{
							"origin": [-0.79532, 0.3, 3.12113],
							"size": [0.45, 0.4, 0.05],
							"pivot": [-0.44532, 0.7, 3.12113],
							"rotation": [0, 25, 0],
							"uv": {
								"north": {"uv": [9, 11], "uv_size": [0.5, 0.375]},
								"east": {"uv": [15, 10], "uv_size": [0.125, 0.375]},
								"south": {"uv": [11, 9], "uv_size": [0.5, 0.375]},
								"west": {"uv": [11, 15], "uv_size": [0.125, 0.375]},
								"up": {"uv": [15, 1], "uv_size": [0.5, 0.125]},
								"down": {"uv": [2, 15.125], "uv_size": [0.5, -0.125]}
							}
						},
						{
							"origin": [-0.79532, 0.7, 3.12113],
							"size": [0.45, 0.1, 0.2],
							"pivot": [-0.44532, 1.1, 3.12113],
							"rotation": [0, 25, 0],
							"uv": {
								"north": {"uv": [15, 3], "uv_size": [0.5, 0.125]},
								"east": {"uv": [10, 16], "uv_size": [0.25, 0.125]},
								"south": {"uv": [4, 15], "uv_size": [0.5, 0.125]},
								"west": {"uv": [16, 10], "uv_size": [0.25, 0.125]},
								"up": {"uv": [0, 13], "uv_size": [0.5, 0.25]},
								"down": {"uv": [13, 0.25], "uv_size": [0.5, -0.25]}
							}
						},
						{
							"origin": [-0.35, 0.7, 3.1],
							"size": [0.45, 0.1, 0.2],
							"pivot": [-0.3, 1.1, 3.1],
							"rotation": [0, -25, 0],
							"uv": {
								"north": {"uv": [15, 4], "uv_size": [0.5, 0.125]},
								"east": {"uv": [11, 16], "uv_size": [0.25, 0.125]},
								"south": {"uv": [5, 15], "uv_size": [0.5, 0.125]},
								"west": {"uv": [16, 11], "uv_size": [0.25, 0.125]},
								"up": {"uv": [1, 13], "uv_size": [0.5, 0.25]},
								"down": {"uv": [13, 1.25], "uv_size": [0.5, -0.25]}
							}
						},
						{
							"origin": [-0.41558, 0.3, 2.80417],
							"size": [0.45, 0.4, 0.05],
							"pivot": [-1, 0.7, 3.1],
							"rotation": [0, -25, 0],
							"uv": {
								"north": {"uv": [10, 11], "uv_size": [0.5, 0.375]},
								"east": {"uv": [15, 11], "uv_size": [0.125, 0.375]},
								"south": {"uv": [11, 10], "uv_size": [0.5, 0.375]},
								"west": {"uv": [12, 15], "uv_size": [0.125, 0.375]},
								"up": {"uv": [15, 2], "uv_size": [0.5, 0.125]},
								"down": {"uv": [3, 15.125], "uv_size": [0.5, -0.125]}
							}
						}
					]
				},
				{
					"name": "LeftSupport",
					"parent": "Supports",
					"pivot": [0.35, 0.62, 0.1],
					"rotation": [-10.15108, 9.84655, -1.75378],
					"cubes": [
						{
							"origin": [0.3, 0.5, 0.1],
							"size": [0.1, 0.2, 3],
							"uv": {
								"north": {"uv": [3.125, 8], "uv_size": [-0.125, 3]},
								"east": {"uv": [3.125, 8], "uv_size": [-0.125, 3]},
								"south": {"uv": [3.125, 8], "uv_size": [-0.125, 3]},
								"west": {"uv": [3.125, 8], "uv_size": [-0.125, 3]},
								"up": {"uv": [3, 11], "uv_size": [0.125, -3]},
								"down": {"uv": [3, 11], "uv_size": [0.125, -3]}
							}
						},
						{
							"origin": [0.34532, 0.3, 3.12113],
							"size": [0.45, 0.4, 0.05],
							"pivot": [0.44532, 0.7, 3.12113],
							"rotation": [0, -25, 0],
							"uv": {
								"north": {"uv": [11, 11], "uv_size": [0.5, 0.375]},
								"east": {"uv": [15, 12], "uv_size": [0.125, 0.375]},
								"south": {"uv": [12, 0], "uv_size": [0.5, 0.375]},
								"west": {"uv": [13, 15], "uv_size": [0.125, 0.375]},
								"up": {"uv": [15, 5], "uv_size": [0.5, 0.125]},
								"down": {"uv": [6, 15.125], "uv_size": [0.5, -0.125]}
							}
						},
						{
							"origin": [0.34532, 0.7, 3.12113],
							"size": [0.45, 0.1, 0.2],
							"pivot": [0.44532, 1.1, 3.12113],
							"rotation": [0, -25, 0],
							"uv": {
								"north": {"uv": [15, 6], "uv_size": [0.5, 0.125]},
								"east": {"uv": [13, 16], "uv_size": [0.25, 0.125]},
								"south": {"uv": [7, 15], "uv_size": [0.5, 0.125]},
								"west": {"uv": [16, 13], "uv_size": [0.25, 0.125]},
								"up": {"uv": [2, 13], "uv_size": [0.5, 0.25]},
								"down": {"uv": [3, 13.25], "uv_size": [0.5, -0.25]}
							}
						},
						{
							"origin": [-0.1, 0.7, 3.1],
							"size": [0.45, 0.1, 0.2],
							"pivot": [0.3, 1.1, 3.1],
							"rotation": [0, 25, 0],
							"uv": {
								"north": {"uv": [15, 7], "uv_size": [0.5, 0.125]},
								"east": {"uv": [14, 16], "uv_size": [0.25, 0.125]},
								"south": {"uv": [8, 15], "uv_size": [0.5, 0.125]},
								"west": {"uv": [16, 14], "uv_size": [0.25, 0.125]},
								"up": {"uv": [4, 13], "uv_size": [0.5, 0.25]},
								"down": {"uv": [5, 13.25], "uv_size": [0.5, -0.25]}
							}
						},
						{
							"origin": [-0.03442, 0.3, 2.80417],
							"size": [0.45, 0.4, 0.05],
							"pivot": [1, 0.7, 3.1],
							"rotation": [0, 25, 0],
							"uv": {
								"north": {"uv": [12, 1], "uv_size": [0.5, 0.375]},
								"east": {"uv": [15, 13], "uv_size": [0.125, 0.375]},
								"south": {"uv": [2, 12], "uv_size": [0.5, 0.375]},
								"west": {"uv": [14, 15], "uv_size": [0.125, 0.375]},
								"up": {"uv": [15, 8], "uv_size": [0.5, 0.125]},
								"down": {"uv": [9, 15.125], "uv_size": [0.5, -0.125]}
							}
						}
					]
				}
			]
		}
	]
}