{
	"format_version": "1.12.0",
	"minecraft:geometry": [
		{
			"description": {
				"identifier": "geometry.m3_halftrack",
				"texture_width": 64,
				"texture_height": 64,
				"visible_bounds_width": 2,
				"visible_bounds_height": 1.5,
				"visible_bounds_offset": [0, 0.25, 0]
			},
			"bones": [
				{
					"name": "bb_main",
					"pivot": [0, 0, 0],
					"cubes": [
						{
							"origin": [-0.66, 0.7, -3.12],
							"size": [1.32, 0.3, 7.82],
							"uv": {
								"north": {"uv": [19, 24], "uv_size": [1, 0.5]},
								"east": {"uv": [2, 4], "uv_size": [8.5, 0.5]},
								"south": {"uv": [24, 19], "uv_size": [1, 0.5]},
								"west": {"uv": [2, 5], "uv_size": [8.5, 0.5]},
								"up": {"uv": [0, 4], "uv_size": [1, 8.5]},
								"down": {"uv": [1, 12.5], "uv_size": [1, -8.5]}
							}
						},
						{
							"origin": [0.5, 0.7, -1.35],
							"size": [0.25, 0.3, 2.05],
							"uv": {
								"north": {"uv": [19, 24], "uv_size": [1, 0.5]},
								"east": {"uv": [2, 4], "uv_size": [8.5, 0.5]},
								"south": {"uv": [24, 19], "uv_size": [1, 0.5]},
								"west": {"uv": [2, 5], "uv_size": [8.5, 0.5]},
								"up": {"uv": [0, 4], "uv_size": [1, 8.5]},
								"down": {"uv": [1, 12.5], "uv_size": [1, -8.5]}
							}
						},
						{
							"origin": [-0.75, 0.7, -1.35],
							"size": [0.25, 0.3, 2.05],
							"uv": {
								"north": {"uv": [20, 24], "uv_size": [-1, 0.5]},
								"east": {"uv": [10.5, 5], "uv_size": [-8.5, 0.5]},
								"south": {"uv": [25, 19], "uv_size": [-1, 0.5]},
								"west": {"uv": [10.5, 4], "uv_size": [-8.5, 0.5]},
								"up": {"uv": [1, 4], "uv_size": [-1, 8.5]},
								"down": {"uv": [2, 12.5], "uv_size": [-1, -8.5]}
							}
						},
						{
							"origin": [-0.66, 1, 0.74],
							"size": [1.32, 0.3, 3.96],
							"uv": {
								"north": {"uv": [25, 5], "uv_size": [1, 0.5]},
								"east": {"uv": [16, 1], "uv_size": [4, 0.5]},
								"south": {"uv": [25, 6], "uv_size": [1, 0.5]},
								"west": {"uv": [16, 5], "uv_size": [4, 0.5]},
								"up": {"uv": [6, 6], "uv_size": [1, 4]},
								"down": {"uv": [7, 10], "uv_size": [1, -4]}
							}
						},
						{
							"origin": [-1.2, 0.55, -3.22],
							"size": [2.4, 0.45, 0.1],
							"uv": {
								"north": {"uv": [62, 0], "uv_size": [2, 0.5]},
								"east": {"uv": [62, 0], "uv_size": [2, 0.5]},
								"south": {"uv": [62, 0], "uv_size": [2, 0.5]},
								"west": {"uv": [62, 0], "uv_size": [2, 0.5]},
								"up": {"uv": [64, 0.5], "uv_size": [-2, -0.5]},
								"down": {"uv": [64, 0.5], "uv_size": [-2, -0.5]}
							}
						},
						{
							"origin": [-1.35, 0.55, -3.22],
							"size": [0.15, 0.45, 0.1],
							"pivot": [-1.2, 1, -3.22],
							"rotation": [0, 42.5, 0],
							"uv": {
								"north": {"uv": [64, 0], "uv_size": [-2, 0.5]},
								"east": {"uv": [64, 0], "uv_size": [-2, 0.5]},
								"south": {"uv": [64, 0], "uv_size": [-2, 0.5]},
								"west": {"uv": [64, 0], "uv_size": [-2, 0.5]},
								"up": {"uv": [62, 0.5], "uv_size": [2, -0.5]},
								"down": {"uv": [62, 0.5], "uv_size": [2, -0.5]}
							}
						},
						{
							"origin": [1.2, 0.55, -3.22],
							"size": [0.15, 0.45, 0.1],
							"pivot": [1.2, 1, -3.22],
							"rotation": [0, -42.5, 0],
							"uv": {
								"north": {"uv": [62, 0], "uv_size": [2, 0.5]},
								"east": {"uv": [62, 0], "uv_size": [2, 0.5]},
								"south": {"uv": [62, 0], "uv_size": [2, 0.5]},
								"west": {"uv": [62, 0], "uv_size": [2, 0.5]},
								"up": {"uv": [64, 0.5], "uv_size": [-2, -0.5]},
								"down": {"uv": [64, 0.5], "uv_size": [-2, -0.5]}
							}
						},
						{
							"origin": [-0.5, 1, -3.02],
							"size": [1, 1, 1.52],
							"uv": {
								"north": {"uv": [52, 19], "uv_size": [4, 5]},
								"east": {"uv": [4, 16], "uv_size": [2, 1]},
								"south": {"uv": [3, 24], "uv_size": [1, 1]},
								"west": {"uv": [16, 6], "uv_size": [2, 1]},
								"up": {"uv": [16, 7], "uv_size": [1, 2]},
								"down": {"uv": [11, 18], "uv_size": [1, -2]}
							}
						},
						{
							"origin": [-0.5, 2, -2.25],
							"size": [1, 0.001, 1],
							"uv": {
								"north": {"uv": [5, 2], "uv_size": [1, 0]},
								"east": {"uv": [4, 16], "uv_size": [2, 1]},
								"south": {"uv": [3, 24], "uv_size": [1, 1]},
								"west": {"uv": [16, 6], "uv_size": [2, 1]},
								"up": {"uv": [22.5, 58], "uv_size": [4.5, 5]},
								"down": {"uv": [11, 18], "uv_size": [1, -2]}
							}
						},
						{
							"origin": [0.9, 1.34, -2.56],
							"size": [0.2, 0.2, 0.26],
							"uv": {
								"north": {"uv": [43, 61], "uv_size": [3, 3]},
								"east": {"uv": [15, 27], "uv_size": [0.5, 0.5]},
								"south": {"uv": [27, 15], "uv_size": [0.5, 0.5]},
								"west": {"uv": [16, 27], "uv_size": [0.5, 0.5]},
								"up": {"uv": [27, 16], "uv_size": [0.5, 0.5]},
								"down": {"uv": [17, 27.5], "uv_size": [0.5, -0.5]}
							}
						},
						{
							"origin": [-1.1, 1.34, -2.56],
							"size": [0.2, 0.2, 0.26],
							"uv": {
								"north": {"uv": [46, 61], "uv_size": [-3, 3]},
								"east": {"uv": [16.5, 27], "uv_size": [-0.5, 0.5]},
								"south": {"uv": [27.5, 15], "uv_size": [-0.5, 0.5]},
								"west": {"uv": [15.5, 27], "uv_size": [-0.5, 0.5]},
								"up": {"uv": [27.5, 16], "uv_size": [-0.5, 0.5]},
								"down": {"uv": [17.5, 27.5], "uv_size": [-0.5, -0.5]}
							}
						},
						{
							"origin": [-0.02897, 1, -3.0857],
							"size": [1, 1, 1.7],
							"pivot": [1.00002, 2, -1.37793],
							"rotation": [0, 15, 0],
							"uv": {
								"north": {"uv": [0, 22], "uv_size": [1, 1]},
								"east": {"uv": [16, 12], "uv_size": [1.5, 1]},
								"south": {"uv": [1, 22], "uv_size": [1, 1]},
								"west": {"uv": [16, 13], "uv_size": [1.5, 1]},
								"up": {"uv": [15, 16], "uv_size": [1, 1.5]},
								"down": {"uv": [16, 17.5], "uv_size": [1, -1.5]}
							}
						},
						{
							"origin": [0.05, 1.32, -1.81936],
							"size": [1.3, 0.1, 0.42],
							"pivot": [1.35, 1.42, -1.39936],
							"rotation": [-7.5, 0, 0],
							"uv": {
								"north": {"uv": [24, 13], "uv_size": [1.5, 0.5]},
								"east": {"uv": [24, 14], "uv_size": [1.5, 0.5]},
								"south": {"uv": [24, 15], "uv_size": [1.5, 0.5]},
								"west": {"uv": [16, 24], "uv_size": [1.5, 0.5]},
								"up": {"uv": [8, 6], "uv_size": [1.5, 1.5]},
								"down": {"uv": [8, 9.5], "uv_size": [1.5, -1.5]}
							}
						},
						{
							"origin": [-1.35, 1.32, -1.81936],
							"size": [1.3, 0.1, 0.42],
							"pivot": [-1.35, 1.42, -1.39936],
							"rotation": [-7.5, 0, 0],
							"uv": {
								"north": {"uv": [25.5, 13], "uv_size": [-1.5, 0.5]},
								"east": {"uv": [17.5, 24], "uv_size": [-1.5, 0.5]},
								"south": {"uv": [25.5, 15], "uv_size": [-1.5, 0.5]},
								"west": {"uv": [25.5, 14], "uv_size": [-1.5, 0.5]},
								"up": {"uv": [9.5, 6], "uv_size": [-1.5, 1.5]},
								"down": {"uv": [9.5, 9.5], "uv_size": [-1.5, -1.5]}
							}
						},
						{
							"origin": [0.05, 1.37482, -2.23577],
							"size": [1.3, 0.1, 0.42],
							"pivot": [1.35, 1.47482, -1.81577],
							"rotation": [2.5, 0, 0],
							"uv": {
								"north": {"uv": [24, 13], "uv_size": [1.5, 0.5]},
								"east": {"uv": [24, 14], "uv_size": [1.5, 0.5]},
								"south": {"uv": [24, 15], "uv_size": [1.5, 0.5]},
								"west": {"uv": [16, 24], "uv_size": [1.5, 0.5]},
								"up": {"uv": [8, 6], "uv_size": [1.5, 1.5]},
								"down": {"uv": [8, 9.5], "uv_size": [1.5, -1.5]}
							}
						},
						{
							"origin": [-1.35, 1.37482, -2.23577],
							"size": [1.3, 0.1, 0.42],
							"pivot": [-1.35, 1.47482, -1.81577],
							"rotation": [2.5, 0, 0],
							"uv": {
								"north": {"uv": [25.5, 13], "uv_size": [-1.5, 0.5]},
								"east": {"uv": [17.5, 24], "uv_size": [-1.5, 0.5]},
								"south": {"uv": [25.5, 15], "uv_size": [-1.5, 0.5]},
								"west": {"uv": [25.5, 14], "uv_size": [-1.5, 0.5]},
								"up": {"uv": [9.5, 6], "uv_size": [-1.5, 1.5]},
								"down": {"uv": [9.5, 9.5], "uv_size": [-1.5, -1.5]}
							}
						},
						{
							"origin": [-0.93931, 1, -3.07275],
							"size": [1, 1, 1.7],
							"pivot": [-0.91997, 2, -1.37793],
							"rotation": [0, -15, 0],
							"uv": {
								"north": {"uv": [2, 22], "uv_size": [1, 1]},
								"east": {"uv": [0, 17], "uv_size": [1.5, 1]},
								"south": {"uv": [3, 22], "uv_size": [1, 1]},
								"west": {"uv": [4, 17], "uv_size": [1.5, 1]},
								"up": {"uv": [17, 7], "uv_size": [1, 1.5]},
								"down": {"uv": [17, 17.5], "uv_size": [1, -1.5]}
							}
						},
						{
							"origin": [-0.93999, 1, -1.37793],
							"size": [1.91, 1, 0.6],
							"uv": {
								"north": {"uv": [10, 0], "uv_size": [2, 1]},
								"east": {"uv": [24, 21], "uv_size": [0.5, 1]},
								"south": {"uv": [10, 1], "uv_size": [2, 1]},
								"west": {"uv": [22, 24], "uv_size": [0.5, 1]},
								"up": {"uv": [22, 9], "uv_size": [2, 0.5]},
								"down": {"uv": [10, 22.5], "uv_size": [2, -0.5]}
							}
						},
						{
							"origin": [0.86001, 1, -0.77793],
							"size": [0.1, 1, 1.4],
							"uv": {
								"north": {"uv": [24, 22], "uv_size": [0.5, 1]},
								"east": {"uv": [17, 14], "uv_size": [1.5, 1]},
								"south": {"uv": [23, 24], "uv_size": [0.5, 1]},
								"west": {"uv": [19, 57], "uv_size": [11, 7]},
								"up": {"uv": [5, 24], "uv_size": [0.5, 1.5]},
								"down": {"uv": [6, 25.5], "uv_size": [0.5, -1.5]}
							}
						},
						{
							"origin": [0.86001, 2, 0.42207],
							"size": [0.1, 0.5, 0.2],
							"uv": {
								"north": {"uv": [24, 22], "uv_size": [0.5, 1]},
								"east": {"uv": [17, 14], "uv_size": [1.5, 1]},
								"south": {"uv": [23, 24], "uv_size": [0.5, 1]},
								"west": {"uv": [19, 57], "uv_size": [11, 7]},
								"up": {"uv": [5, 24], "uv_size": [0.5, 1.5]},
								"down": {"uv": [6, 25.5], "uv_size": [0.5, -1.5]}
							}
						},
						{
							"origin": [-0.96001, 2, 0.42207],
							"size": [0.1, 0.5, 0.2],
							"uv": {
								"north": {"uv": [24.5, 22], "uv_size": [-0.5, 1]},
								"east": {"uv": [30, 57], "uv_size": [-11, 7]},
								"south": {"uv": [23.5, 24], "uv_size": [-0.5, 1]},
								"west": {"uv": [18.5, 14], "uv_size": [-1.5, 1]},
								"up": {"uv": [5.5, 24], "uv_size": [-0.5, 1.5]},
								"down": {"uv": [6.5, 25.5], "uv_size": [-0.5, -1.5]}
							}
						},
						{
							"origin": [-0.93999, 1, -0.77793],
							"size": [0.1, 1, 1.4],
							"uv": {
								"north": {"uv": [24, 23], "uv_size": [0.5, 1]},
								"east": {"uv": [31, 57], "uv_size": [11, 7]},
								"south": {"uv": [24, 24], "uv_size": [0.5, 1]},
								"west": {"uv": [18, 3], "uv_size": [1.5, 1]},
								"up": {"uv": [7, 24], "uv_size": [0.5, 1.5]},
								"down": {"uv": [8, 25.5], "uv_size": [0.5, -1.5]}
							}
						},
						{
							"origin": [0.85, 1.4, -1.37793],
							"size": [0.5, 0.1, 0.44],
							"pivot": [1.23999, 1.5, -1.53793],
							"rotation": [-30, 0, 0],
							"uv": {
								"north": {"uv": [27, 17], "uv_size": [0.5, 0.5]},
								"east": {"uv": [18, 27], "uv_size": [0.5, 0.5]},
								"south": {"uv": [27, 18], "uv_size": [0.5, 0.5]},
								"west": {"uv": [19, 27], "uv_size": [0.5, 0.5]},
								"up": {"uv": [27, 19], "uv_size": [0.5, 0.5]},
								"down": {"uv": [20, 27.5], "uv_size": [0.5, -0.5]}
							}
						},
						{
							"origin": [-1.35, 1.4, -1.37793],
							"size": [0.5, 0.1, 0.44],
							"pivot": [-1.23999, 1.5, -1.53793],
							"rotation": [-30, 0, 0],
							"uv": {
								"north": {"uv": [27.5, 17], "uv_size": [-0.5, 0.5]},
								"east": {"uv": [19.5, 27], "uv_size": [-0.5, 0.5]},
								"south": {"uv": [27.5, 18], "uv_size": [-0.5, 0.5]},
								"west": {"uv": [18.5, 27], "uv_size": [-0.5, 0.5]},
								"up": {"uv": [27.5, 19], "uv_size": [-0.5, 0.5]},
								"down": {"uv": [20.5, 27.5], "uv_size": [-0.5, -0.5]}
							}
						},
						{
							"origin": [0.35, 1.4565, -2.23537],
							"size": [1, 0.1, 0.35],
							"pivot": [1.15, 1.4565, -2.23537],
							"rotation": [-162.5, 0, 0],
							"uv": {
								"north": {"uv": [11, 25], "uv_size": [1, 0.5]},
								"east": {"uv": [8, 32], "uv_size": [0.5, 0.5]},
								"south": {"uv": [12, 25], "uv_size": [1, 0.5]},
								"west": {"uv": [32, 8], "uv_size": [0.5, 0.5]},
								"up": {"uv": [13, 25], "uv_size": [1, 0.5]},
								"down": {"uv": [14, 25.5], "uv_size": [1, -0.5]}
							}
						},
						{
							"origin": [-1.35, 1.4565, -2.23537],
							"size": [1, 0.1, 0.35],
							"pivot": [-1.15, 1.4565, -2.23537],
							"rotation": [-162.5, 0, 0],
							"uv": {
								"north": {"uv": [12, 25], "uv_size": [-1, 0.5]},
								"east": {"uv": [32.5, 8], "uv_size": [-0.5, 0.5]},
								"south": {"uv": [13, 25], "uv_size": [-1, 0.5]},
								"west": {"uv": [8.5, 32], "uv_size": [-0.5, 0.5]},
								"up": {"uv": [14, 25], "uv_size": [-1, 0.5]},
								"down": {"uv": [15, 25.5], "uv_size": [-1, -0.5]}
							}
						},
						{
							"origin": [0.35, 1.35125, -2.56917],
							"size": [1, 0.1, 0.35],
							"pivot": [1.35, 1.35125, -2.56917],
							"rotation": [-120, 0, 0],
							"uv": {
								"north": {"uv": [11, 25], "uv_size": [1, 0.5]},
								"east": {"uv": [8, 32], "uv_size": [0.5, 0.5]},
								"south": {"uv": [12, 25], "uv_size": [1, 0.5]},
								"west": {"uv": [32, 8], "uv_size": [0.5, 0.5]},
								"up": {"uv": [13, 25], "uv_size": [1, 0.5]},
								"down": {"uv": [14, 25.5], "uv_size": [1, -0.5]}
							}
						},
						{
							"origin": [-1.35, 1.35125, -2.56917],
							"size": [1, 0.1, 0.35],
							"pivot": [-1.35, 1.35125, -2.56917],
							"rotation": [-120, 0, 0],
							"uv": {
								"north": {"uv": [12, 25], "uv_size": [-1, 0.5]},
								"east": {"uv": [32.5, 8], "uv_size": [-0.5, 0.5]},
								"south": {"uv": [13, 25], "uv_size": [-1, 0.5]},
								"west": {"uv": [8.5, 32], "uv_size": [-0.5, 0.5]},
								"up": {"uv": [14, 25], "uv_size": [-1, 0.5]},
								"down": {"uv": [15, 25.5], "uv_size": [-1, -0.5]}
							}
						},
						{
							"origin": [0.85, 0.7, -1.11831],
							"size": [0.5, 0.5, 0.1],
							"uv": {
								"north": {"uv": [27, 20], "uv_size": [0.5, 0.5]},
								"east": {"uv": [21, 27], "uv_size": [0.5, 0.5]},
								"south": {"uv": [27, 21], "uv_size": [0.5, 0.5]},
								"west": {"uv": [22, 27], "uv_size": [0.5, 0.5]},
								"up": {"uv": [27, 22], "uv_size": [0.5, 0.5]},
								"down": {"uv": [23, 27.5], "uv_size": [0.5, -0.5]}
							}
						},
						{
							"origin": [-1.35, 0.7, -1.11831],
							"size": [0.5, 0.5, 0.1],
							"uv": {
								"north": {"uv": [27.5, 20], "uv_size": [-0.5, 0.5]},
								"east": {"uv": [22.5, 27], "uv_size": [-0.5, 0.5]},
								"south": {"uv": [27.5, 21], "uv_size": [-0.5, 0.5]},
								"west": {"uv": [21.5, 27], "uv_size": [-0.5, 0.5]},
								"up": {"uv": [27.5, 22], "uv_size": [-0.5, 0.5]},
								"down": {"uv": [23.5, 27.5], "uv_size": [-0.5, -0.5]}
							}
						},
						{
							"origin": [0.85, 0.7, -1.01831],
							"size": [0.5, 0.1, 1.78],
							"uv": {
								"north": {"uv": [27, 23], "uv_size": [0.5, 0.5]},
								"east": {"uv": [22, 10], "uv_size": [2, 0.5]},
								"south": {"uv": [24, 27], "uv_size": [0.5, 0.5]},
								"west": {"uv": [22, 11], "uv_size": [2, 0.5]},
								"up": {"uv": [12, 22], "uv_size": [0.5, 2]},
								"down": {"uv": [13, 24], "uv_size": [0.5, -2]}
							}
						},
						{
							"origin": [-1.35, 0.7, -1.01831],
							"size": [0.5, 0.1, 1.78],
							"uv": {
								"north": {"uv": [4, 32], "uv_size": [0.5, 0.5]},
								"east": {"uv": [23, 8], "uv_size": [2, 0.5]},
								"south": {"uv": [32, 4], "uv_size": [0.5, 0.5]},
								"west": {"uv": [10, 23], "uv_size": [2, 0.5]},
								"up": {"uv": [14, 23], "uv_size": [0.5, 2]},
								"down": {"uv": [15, 25], "uv_size": [0.5, -2]}
							}
						},
						{
							"origin": [-0.96001, 0.7, -1.01831],
							"size": [0.5, 0.1, 1.78],
							"pivot": [-0.96001, 0.7, 0.76169],
							"rotation": [0, 0, -65],
							"uv": {
								"north": {"uv": [5, 32], "uv_size": [0.5, 0.5]},
								"east": {"uv": [16, 23], "uv_size": [2, 0.5]},
								"south": {"uv": [32, 5], "uv_size": [0.5, 0.5]},
								"west": {"uv": [23, 18], "uv_size": [2, 0.5]},
								"up": {"uv": [20, 23], "uv_size": [0.5, 2]},
								"down": {"uv": [21, 25], "uv_size": [0.5, -2]}
							}
						},
						{
							"origin": [0.46001, 0.7, -1.01831],
							"size": [0.5, 0.1, 1.78],
							"pivot": [0.96001, 0.7, 0.76169],
							"rotation": [0, 0, 65],
							"uv": {
								"north": {"uv": [6, 32], "uv_size": [0.5, 0.5]},
								"east": {"uv": [23, 20], "uv_size": [2, 0.5]},
								"south": {"uv": [32, 6], "uv_size": [0.5, 0.5]},
								"west": {"uv": [22, 23], "uv_size": [2, 0.5]},
								"up": {"uv": [0, 24], "uv_size": [0.5, 2]},
								"down": {"uv": [1, 26], "uv_size": [0.5, -2]}
							}
						},
						{
							"origin": [-0.93999, 1.83893, -0.97308],
							"size": [0.1, 0.82, 0.2],
							"pivot": [0.01001, 2.15893, -0.92308],
							"rotation": [-22.5, 0, 0],
							"uv": {
								"north": {"uv": [27, 24], "uv_size": [0.5, 0.5]},
								"east": {"uv": [25, 27], "uv_size": [0.5, 0.5]},
								"south": {"uv": [27, 25], "uv_size": [0.5, 0.5]},
								"west": {"uv": [26, 27], "uv_size": [0.5, 0.5]},
								"up": {"uv": [27, 26], "uv_size": [0.5, 0.5]},
								"down": {"uv": [27, 27.5], "uv_size": [0.5, -0.5]}
							}
						},
						{
							"origin": [0.86001, 1.83893, -0.97308],
							"size": [0.1, 0.82, 0.2],
							"pivot": [0.01001, 2.15893, -0.92308],
							"rotation": [-22.5, 0, 0],
							"uv": {
								"north": {"uv": [0, 28], "uv_size": [0.5, 0.5]},
								"east": {"uv": [28, 0], "uv_size": [0.5, 0.5]},
								"south": {"uv": [1, 28], "uv_size": [0.5, 0.5]},
								"west": {"uv": [28, 1], "uv_size": [0.5, 0.5]},
								"up": {"uv": [2, 28], "uv_size": [0.5, 0.5]},
								"down": {"uv": [28, 2.5], "uv_size": [0.5, -0.5]}
							}
						},
						{
							"origin": [-0.05, 1.9026, -0.93654],
							"size": [0.1, 0.98, 0.2],
							"pivot": [-0.75, 2.3826, -1.36651],
							"rotation": [-22.5, 0, 0],
							"uv": {
								"north": {"uv": [9, 28], "uv_size": [0.5, 0.5]},
								"east": {"uv": [28, 9], "uv_size": [0.5, 0.5]},
								"south": {"uv": [10, 28], "uv_size": [0.5, 0.5]},
								"west": {"uv": [28, 10], "uv_size": [0.5, 0.5]},
								"up": {"uv": [11, 28], "uv_size": [0.5, 0.5]},
								"down": {"uv": [28, 11.5], "uv_size": [0.5, -0.5]}
							}
						},
						{
							"origin": [-0.93999, 2.3437, -0.89654],
							"size": [1.8, 0.3, 0.1],
							"pivot": [-0.15, 2.3437, -0.84654],
							"rotation": [-22.5, 0, 0],
							"uv": {
								"north": {"uv": [14, 22], "uv_size": [2, 0.5]},
								"east": {"uv": [12, 28], "uv_size": [0.5, 0.5]},
								"south": {"uv": [22, 14], "uv_size": [2, 0.5]},
								"west": {"uv": [28, 12], "uv_size": [0.5, 0.5]},
								"up": {"uv": [22, 15], "uv_size": [2, 0.5]},
								"down": {"uv": [16, 22.5], "uv_size": [2, -0.5]}
							}
						},
						{
							"origin": [-0.93999, 2.44, -0.77793],
							"size": [1.9, 0.2, 1.4],
							"uv": {
								"north": {"uv": [22, 21], "uv_size": [2, 0.5]},
								"east": {"uv": [9, 24], "uv_size": [1.5, 0.5]},
								"south": {"uv": [22, 22], "uv_size": [2, 0.5]},
								"west": {"uv": [24, 9], "uv_size": [1.5, 0.5]},
								"up": {"uv": [8, 0], "uv_size": [2, 1.5]},
								"down": {"uv": [2, 9.5], "uv_size": [2, -1.5]}
							}
						},
						{
							"origin": [-0.77999, 2.68, 1.14142],
							"size": [1, 0.2, 0.1],
							"uv": {
								"north": {"uv": [22, 21], "uv_size": [2, 0.5]},
								"east": {"uv": [9, 24], "uv_size": [1.5, 0.5]},
								"south": {"uv": [22, 22], "uv_size": [2, 0.5]},
								"west": {"uv": [24, 9], "uv_size": [1.5, 0.5]},
								"up": {"uv": [8, 0], "uv_size": [2, 1.5]},
								"down": {"uv": [2, 9.5], "uv_size": [2, -1.5]}
							}
						},
						{
							"origin": [0.19072, 2.68, 0.17071],
							"size": [0.1, 0.2, 1],
							"uv": {
								"north": {"uv": [22, 21], "uv_size": [2, 0.5]},
								"east": {"uv": [9, 24], "uv_size": [1.5, 0.5]},
								"south": {"uv": [22, 22], "uv_size": [2, 0.5]},
								"west": {"uv": [24, 9], "uv_size": [1.5, 0.5]},
								"up": {"uv": [8, 0], "uv_size": [2, 1.5]},
								"down": {"uv": [2, 9.5], "uv_size": [2, -1.5]}
							}
						},
						{
							"origin": [-0.8507, 2.68, 0.17071],
							"size": [0.1, 0.2, 1],
							"uv": {
								"north": {"uv": [22, 21], "uv_size": [2, 0.5]},
								"east": {"uv": [9, 24], "uv_size": [1.5, 0.5]},
								"south": {"uv": [22, 22], "uv_size": [2, 0.5]},
								"west": {"uv": [24, 9], "uv_size": [1.5, 0.5]},
								"up": {"uv": [8, 0], "uv_size": [2, 1.5]},
								"down": {"uv": [2, 9.5], "uv_size": [2, -1.5]}
							}
						},
						{
							"origin": [0.17001, 2.68, 0.12071],
							"size": [0.1, 0.2, 0.1],
							"pivot": [0.22001, 2.78, 0.17071],
							"rotation": [0, -45, 0],
							"uv": {
								"north": {"uv": [22, 21], "uv_size": [2, 0.5]},
								"east": {"uv": [9, 24], "uv_size": [1.5, 0.5]},
								"south": {"uv": [22, 22], "uv_size": [2, 0.5]},
								"west": {"uv": [24, 9], "uv_size": [1.5, 0.5]},
								"up": {"uv": [8, 0], "uv_size": [2, 1.5]},
								"down": {"uv": [2, 9.5], "uv_size": [2, -1.5]}
							}
						},
						{
							"origin": [-0.82999, 2.68, 1.12071],
							"size": [0.1, 0.2, 0.1],
							"pivot": [-0.77999, 2.78, 1.17071],
							"rotation": [0, -45, 0],
							"uv": {
								"north": {"uv": [22, 21], "uv_size": [2, 0.5]},
								"east": {"uv": [9, 24], "uv_size": [1.5, 0.5]},
								"south": {"uv": [22, 22], "uv_size": [2, 0.5]},
								"west": {"uv": [24, 9], "uv_size": [1.5, 0.5]},
								"up": {"uv": [8, 0], "uv_size": [2, 1.5]},
								"down": {"uv": [2, 9.5], "uv_size": [2, -1.5]}
							}
						},
						{
							"origin": [0.17001, 2.68, 1.12071],
							"size": [0.1, 0.2, 0.1],
							"pivot": [0.22001, 2.78, 1.17071],
							"rotation": [0, -45, 0],
							"uv": {
								"north": {"uv": [22, 21], "uv_size": [2, 0.5]},
								"east": {"uv": [9, 24], "uv_size": [1.5, 0.5]},
								"south": {"uv": [22, 22], "uv_size": [2, 0.5]},
								"west": {"uv": [24, 9], "uv_size": [1.5, 0.5]},
								"up": {"uv": [8, 0], "uv_size": [2, 1.5]},
								"down": {"uv": [2, 9.5], "uv_size": [2, -1.5]}
							}
						},
						{
							"origin": [-0.82999, 2.68, 0.12071],
							"size": [0.1, 0.2, 0.1],
							"pivot": [-0.77999, 2.78, 0.17071],
							"rotation": [0, -45, 0],
							"uv": {
								"north": {"uv": [22, 21], "uv_size": [2, 0.5]},
								"east": {"uv": [9, 24], "uv_size": [1.5, 0.5]},
								"south": {"uv": [22, 22], "uv_size": [2, 0.5]},
								"west": {"uv": [24, 9], "uv_size": [1.5, 0.5]},
								"up": {"uv": [8, 0], "uv_size": [2, 1.5]},
								"down": {"uv": [2, 9.5], "uv_size": [2, -1.5]}
							}
						},
						{
							"origin": [-0.77999, 2.68, 0.1],
							"size": [1, 0.2, 0.1],
							"uv": {
								"north": {"uv": [22, 21], "uv_size": [2, 0.5]},
								"east": {"uv": [9, 24], "uv_size": [1.5, 0.5]},
								"south": {"uv": [22, 22], "uv_size": [2, 0.5]},
								"west": {"uv": [24, 9], "uv_size": [1.5, 0.5]},
								"up": {"uv": [8, 0], "uv_size": [2, 1.5]},
								"down": {"uv": [2, 9.5], "uv_size": [2, -1.5]}
							}
						},
						{
							"origin": [-1.2, 0.5, -2.5],
							"size": [2.2, 0.2, 0.2],
							"uv": {
								"north": {"uv": [0, 23], "uv_size": [2, 0.5]},
								"east": {"uv": [13, 28], "uv_size": [0.5, 0.5]},
								"south": {"uv": [23, 0], "uv_size": [2, 0.5]},
								"west": {"uv": [28, 13], "uv_size": [0.5, 0.5]},
								"up": {"uv": [23, 1], "uv_size": [2, 0.5]},
								"down": {"uv": [2, 23.5], "uv_size": [2, -0.5]}
							}
						},
						{
							"origin": [0.16, 1.2, -0.28],
							"size": [0.64, 0.2, 0.6],
							"uv": {
								"north": {"uv": [19, 28], "uv_size": [0.5, 0.5]},
								"east": {"uv": [28, 19], "uv_size": [0.5, 0.5]},
								"south": {"uv": [20, 28], "uv_size": [0.5, 0.5]},
								"west": {"uv": [28, 20], "uv_size": [0.5, 0.5]},
								"up": {"uv": [21, 28], "uv_size": [0.5, 0.5]},
								"down": {"uv": [28, 21.5], "uv_size": [0.5, -0.5]}
							}
						},
						{
							"origin": [-0.8, 1.2, -0.28],
							"size": [0.64, 0.2, 0.6],
							"uv": {
								"north": {"uv": [19.5, 28], "uv_size": [-0.5, 0.5]},
								"east": {"uv": [28.5, 20], "uv_size": [-0.5, 0.5]},
								"south": {"uv": [20.5, 28], "uv_size": [-0.5, 0.5]},
								"west": {"uv": [28.5, 19], "uv_size": [-0.5, 0.5]},
								"up": {"uv": [21.5, 28], "uv_size": [-0.5, 0.5]},
								"down": {"uv": [28.5, 21.5], "uv_size": [-0.5, -0.5]}
							}
						},
						{
							"origin": [-1.8, 0.38, -1.1],
							"size": [0.64, 0.2, 0.8],
							"pivot": [-0.5, 1.2, -0.3],
							"rotation": [90, 0, 180],
							"uv": {
								"north": {"uv": [22, 28], "uv_size": [0.5, 0.5]},
								"east": {"uv": [25, 0], "uv_size": [1, 0.5]},
								"south": {"uv": [28, 22], "uv_size": [0.5, 0.5]},
								"west": {"uv": [25, 1], "uv_size": [1, 0.5]},
								"up": {"uv": [2, 25], "uv_size": [0.5, 1]},
								"down": {"uv": [25, 3], "uv_size": [0.5, -1]}
							}
						},
						{
							"origin": [1.16, 0.38, -1.1],
							"size": [0.64, 0.2, 0.8],
							"pivot": [0.5, 1.2, -0.3],
							"rotation": [90, 0, -180],
							"uv": {
								"north": {"uv": [22.5, 28], "uv_size": [-0.5, 0.5]},
								"east": {"uv": [26, 1], "uv_size": [-1, 0.5]},
								"south": {"uv": [28.5, 22], "uv_size": [-0.5, 0.5]},
								"west": {"uv": [26, 0], "uv_size": [-1, 0.5]},
								"up": {"uv": [2.5, 25], "uv_size": [-0.5, 1]},
								"down": {"uv": [25.5, 3], "uv_size": [-0.5, -1]}
							}
						},
						{
							"origin": [0.4, 2.34, -2.24],
							"size": [0.2, 0.2, 0.7],
							"pivot": [-0.2, 3.7, 0.25],
							"rotation": [30, 0, 0],
							"uv": {
								"north": {"uv": [24, 28], "uv_size": [0.5, 0.5]},
								"east": {"uv": [28, 24], "uv_size": [0.5, 0.5]},
								"south": {"uv": [25, 28], "uv_size": [0.5, 0.5]},
								"west": {"uv": [28, 25], "uv_size": [0.5, 0.5]},
								"up": {"uv": [26, 28], "uv_size": [0.5, 0.5]},
								"down": {"uv": [28, 26.5], "uv_size": [0.5, -0.5]}
							}
						},
						{
							"origin": [0.3, 1.30147, -0.8087],
							"size": [0.4, 0.4, 0.05],
							"pivot": [0.5, 1.82147, -1.0037],
							"rotation": [30, 0, 0],
							"uv": {
								"north": {"uv": [60, 60], "uv_size": [4, 4]},
								"east": {"uv": [28, 27], "uv_size": [0.5, 0.5]},
								"south": {"uv": [60, 60], "uv_size": [4, 4]},
								"west": {"uv": [0, 29], "uv_size": [0.5, 0.5]},
								"up": {"uv": [29, 0], "uv_size": [0.5, 0.5]},
								"down": {"uv": [1, 29.5], "uv_size": [0.5, -0.5]}
							}
						}
					]
				},
				{
					"name": "bone4",
					"parent": "bb_main",
					"pivot": [-1.07071, 0.2, 0.59071],
					"cubes": [
						{
							"origin": [-0.8507, 2.88, 0.17071],
							"size": [0.1, 0.2, 0.1],
							"uv": {
								"north": {"uv": [35, 0], "uv_size": [1, 1]},
								"east": {"uv": [35, 0], "uv_size": [1, 1]},
								"south": {"uv": [35, 0], "uv_size": [1, 1]},
								"west": {"uv": [35, 0], "uv_size": [1, 1]},
								"up": {"uv": [36, 1], "uv_size": [-1, -1]},
								"down": {"uv": [36, 1], "uv_size": [-1, -1]}
							}
						},
						{
							"origin": [-0.9, 3.1, -0.16],
							"size": [0.1, 0.15, 0.66],
							"pivot": [-0.805, 3.225, 0.17],
							"rotation": [0, 40, 0],
							"uv": {
								"north": {"uv": [35, 0], "uv_size": [1, 1]},
								"east": {"uv": [35, 0], "uv_size": [1, 1]},
								"south": {"uv": [35, 0], "uv_size": [1, 1]},
								"west": {"uv": [35, 0], "uv_size": [1, 1]},
								"up": {"uv": [36, 1], "uv_size": [-1, -1]},
								"down": {"uv": [36, 1], "uv_size": [-1, -1]}
							}
						},
						{
							"origin": [-0.32728, 3.099, 0.36295],
							"size": [0.05, 0.15, 0.05],
							"pivot": [-0.28228, 3.224, 0.69295],
							"rotation": [0, 40, 0],
							"uv": {
								"north": {"uv": [35, 0], "uv_size": [1, 1]},
								"east": {"uv": [35, 0], "uv_size": [1, 1]},
								"south": {"uv": [35, 0], "uv_size": [1, 1]},
								"west": {"uv": [35, 0], "uv_size": [1, 1]},
								"up": {"uv": [36, 1], "uv_size": [-1, -1]},
								"down": {"uv": [36, 1], "uv_size": [-1, -1]}
							}
						},
						{
							"origin": [-0.66565, 3.1, 0.58386],
							"size": [0.05, 0.15, 0.05],
							"uv": {
								"north": {"uv": [35, 0], "uv_size": [1, 1]},
								"east": {"uv": [35, 0], "uv_size": [1, 1]},
								"south": {"uv": [35, 0], "uv_size": [1, 1]},
								"west": {"uv": [35, 0], "uv_size": [1, 1]},
								"up": {"uv": [36, 1], "uv_size": [-1, -1]},
								"down": {"uv": [36, 1], "uv_size": [-1, -1]}
							}
						},
						{
							"origin": [-0.66565, 3.099, 0.48386],
							"size": [0.02, 0, 0.1],
							"uv": {
								"north": {"uv": [35, 0], "uv_size": [1, 1]},
								"east": {"uv": [35, 0], "uv_size": [1, 1]},
								"south": {"uv": [35, 0], "uv_size": [1, 1]},
								"west": {"uv": [35, 0], "uv_size": [1, 1]},
								"up": {"uv": [36, 1], "uv_size": [-1, -1]},
								"down": {"uv": [36, 1], "uv_size": [-1, -1]}
							}
						},
						{
							"origin": [-0.66565, 3.249, 0.48386],
							"size": [0.02, 0, 0.1],
							"uv": {
								"north": {"uv": [35, 0], "uv_size": [1, 1]},
								"east": {"uv": [35, 0], "uv_size": [1, 1]},
								"south": {"uv": [35, 0], "uv_size": [1, 1]},
								"west": {"uv": [35, 0], "uv_size": [1, 1]},
								"up": {"uv": [36, 1], "uv_size": [-1, -1]},
								"down": {"uv": [36, 1], "uv_size": [-1, -1]}
							}
						},
						{
							"origin": [-0.91021, 3.249, 0.68067],
							"size": [0.02, 0, 0.1],
							"pivot": [-0.89521, 3.374, 0.37067],
							"rotation": [0, 80, 0],
							"uv": {
								"north": {"uv": [35, 0], "uv_size": [1, 1]},
								"east": {"uv": [35, 0], "uv_size": [1, 1]},
								"south": {"uv": [35, 0], "uv_size": [1, 1]},
								"west": {"uv": [35, 0], "uv_size": [1, 1]},
								"up": {"uv": [36, 1], "uv_size": [-1, -1]},
								"down": {"uv": [36, 1], "uv_size": [-1, -1]}
							}
						},
						{
							"origin": [-0.91021, 3.1, 0.68067],
							"size": [0.02, 0, 0.1],
							"pivot": [-0.89521, 3.225, 0.37067],
							"rotation": [0, 80, 0],
							"uv": {
								"north": {"uv": [35, 0], "uv_size": [1, 1]},
								"east": {"uv": [35, 0], "uv_size": [1, 1]},
								"south": {"uv": [35, 0], "uv_size": [1, 1]},
								"west": {"uv": [35, 0], "uv_size": [1, 1]},
								"up": {"uv": [36, 1], "uv_size": [-1, -1]},
								"down": {"uv": [36, 1], "uv_size": [-1, -1]}
							}
						},
						{
							"origin": [-0.89, 3.15, -0.65532],
							"size": [0.05, 0.05, 0.5],
							"pivot": [-0.81786, 3.225, 0.15468],
							"rotation": [0, 40, 0],
							"uv": {
								"north": {"uv": [38, 0], "uv_size": [1, 1]},
								"east": {"uv": [35, 0], "uv_size": [1, 1]},
								"south": {"uv": [38, 0], "uv_size": [1, 1]},
								"west": {"uv": [35, 0], "uv_size": [1, 1]},
								"up": {"uv": [36, 1], "uv_size": [-1, -1]},
								"down": {"uv": [36, 1], "uv_size": [-1, -1]}
							}
						},
						{
							"origin": [-0.6, 2.95, 0.43071],
							"size": [0.4, 0.25, 0.2],
							"pivot": [-1.27071, 2.99, 0.69071],
							"rotation": [0, 40, 0],
							"uv": {
								"north": {"uv": [0, 0], "uv_size": [0.4, 0.25]},
								"east": {"uv": [0, 0], "uv_size": [0.2, 0.25]},
								"south": {"uv": [0, 0], "uv_size": [0.4, 0.25]},
								"west": {"uv": [0, 0], "uv_size": [0.2, 0.25]},
								"up": {"uv": [64, 2], "uv_size": [-4, -2]},
								"down": {"uv": [0.4, 0.2], "uv_size": [-0.4, -0.2]}
							}
						}
					]
				},
				{
					"name": "bone2",
					"parent": "bb_main",
					"pivot": [-1.15, 0.64059, -1.87343],
					"cubes": [
						{
							"origin": [-1.3, 0, -2.12],
							"size": [0.3, 1.2, 0.5],
							"uv": {
								"north": {"uv": [13, 24], "uv_size": [0.5, 1]},
								"east": {"uv": [24, 16], "uv_size": [0.5, 1]},
								"south": {"uv": [24, 17], "uv_size": [0.5, 1]},
								"west": {"uv": [18, 24], "uv_size": [0.5, 1]},
								"up": {"uv": [27, 9], "uv_size": [0.5, 0.5]},
								"down": {"uv": [10, 27.5], "uv_size": [0.5, -0.5]}
							}
						},
						{
							"origin": [-1.3, -0.00711, -2.03716],
							"size": [0.3, 1.2, 0.5],
							"pivot": [-1.15, 0.49289, -1.83716],
							"rotation": [45, 0, 0],
							"uv": {
								"north": {"uv": [15, 25], "uv_size": [0.5, 1]},
								"east": {"uv": [16, 25], "uv_size": [0.5, 1]},
								"south": {"uv": [25, 16], "uv_size": [0.5, 1]},
								"west": {"uv": [17, 25], "uv_size": [0.5, 1]},
								"up": {"uv": [9, 32], "uv_size": [0.5, 0.5]},
								"down": {"uv": [32, 9.5], "uv_size": [0.5, -0.5]}
							}
						},
						{
							"origin": [-1.3, 0.0636, -2.17355],
							"size": [0.3, 1.2, 0.5],
							"pivot": [-1.15, 0.5636, -1.97355],
							"rotation": [-45, 0, 0],
							"uv": {
								"north": {"uv": [25, 17], "uv_size": [0.5, 1]},
								"east": {"uv": [18, 25], "uv_size": [0.5, 1]},
								"south": {"uv": [25, 18], "uv_size": [0.5, 1]},
								"west": {"uv": [19, 25], "uv_size": [0.5, 1]},
								"up": {"uv": [10, 32], "uv_size": [0.5, 0.5]},
								"down": {"uv": [32, 10.5], "uv_size": [0.5, -0.5]}
							}
						},
						{
							"origin": [-1.3, 0.14645, -2.16645],
							"size": [0.3, 1.2, 0.5],
							"pivot": [-1.15, 0.64645, -1.96645],
							"rotation": [-90, 0, 0],
							"uv": {
								"north": {"uv": [25, 19], "uv_size": [0.5, 1]},
								"east": {"uv": [20, 25], "uv_size": [0.5, 1]},
								"south": {"uv": [25, 20], "uv_size": [0.5, 1]},
								"west": {"uv": [21, 25], "uv_size": [0.5, 1]},
								"up": {"uv": [11, 32], "uv_size": [0.5, 0.5]},
								"down": {"uv": [32, 11.5], "uv_size": [0.5, -0.5]}
							}
						},
						{
							"origin": [-1.31, 0.05, -2.42],
							"size": [0.32, 1.1, 1.1],
							"uv": {
								"north": {"uv": [35, 3], "uv_size": [1, 1]},
								"east": {"uv": [59, 54], "uv_size": [5, 5]},
								"south": {"uv": [36, 3], "uv_size": [1, 1]},
								"west": {"uv": [59, 54], "uv_size": [5, 5]},
								"up": {"uv": [36, 4], "uv_size": [-1, -1]},
								"down": {"uv": [36, 5], "uv_size": [-1, -1]}
							}
						}
					]
				},
				{
					"name": "bone3",
					"parent": "bb_main",
					"pivot": [1.15, 0.64059, 3.89657]
				},
				{
					"name": "LeftTrack",
					"parent": "bb_main",
					"pivot": [0.99, 0.82917, 2.22645],
					"cubes": [
						{
							"origin": [0.65, 0.05, 1.42],
							"size": [0.5, 0.1, 2.06],
							"uv": {
								"north": {"uv": [59, 63], "uv_size": [-1, 1]},
								"east": {"uv": [59, 63], "uv_size": [-1, 1]},
								"south": {"uv": [59, 63], "uv_size": [-1, 1]},
								"west": {"uv": [59, 63], "uv_size": [-1, 1]},
								"up": {"uv": [58, 64], "uv_size": [1, -1]},
								"down": {"uv": [58, 64], "uv_size": [1, -1]}
							}
						},
						{
							"origin": [0.65, 1.09304, 0.99525],
							"size": [0.5, 0.1, 2.86],
							"uv": {
								"north": {"uv": [59, 63], "uv_size": [-1, 1]},
								"east": {"uv": [59, 63], "uv_size": [-1, 1]},
								"south": {"uv": [59, 63], "uv_size": [-1, 1]},
								"west": {"uv": [59, 63], "uv_size": [-1, 1]},
								"up": {"uv": [58, 64], "uv_size": [1, -1]},
								"down": {"uv": [58, 64], "uv_size": [1, -1]}
							}
						},
						{
							"origin": [0.65, 0.05, 3.48],
							"size": [0.5, 0.1, 0.94],
							"pivot": [1.15, 0.05, 3.48],
							"rotation": [47.5, 0, 0],
							"uv": {
								"north": {"uv": [59, 63], "uv_size": [-1, 1]},
								"east": {"uv": [59, 63], "uv_size": [-1, 1]},
								"south": {"uv": [59, 63], "uv_size": [-1, 1]},
								"west": {"uv": [59, 63], "uv_size": [-1, 1]},
								"up": {"uv": [58, 64], "uv_size": [1, -1]},
								"down": {"uv": [58, 64], "uv_size": [1, -1]}
							}
						},
						{
							"origin": [0.65, 0.05, 0.48],
							"size": [0.5, 0.1, 0.94],
							"pivot": [1.15, 0.05, 1.42],
							"rotation": [-47.5, 0, 0],
							"uv": {
								"north": {"uv": [59, 64], "uv_size": [-1, -1]},
								"east": {"uv": [59, 64], "uv_size": [-1, -1]},
								"south": {"uv": [59, 64], "uv_size": [-1, -1]},
								"west": {"uv": [59, 64], "uv_size": [-1, -1]},
								"up": {"uv": [58, 63], "uv_size": [1, 1]},
								"down": {"uv": [58, 63], "uv_size": [1, 1]}
							}
						},
						{
							"origin": [0.65, 0.74304, 4.11505],
							"size": [0.5, 0.1, 0.3],
							"pivot": [1.15, 0.74304, 4.11505],
							"rotation": [90, 0, 0],
							"uv": {
								"north": {"uv": [59, 63], "uv_size": [-1, 1]},
								"east": {"uv": [59, 63], "uv_size": [-1, 1]},
								"south": {"uv": [59, 63], "uv_size": [-1, 1]},
								"west": {"uv": [59, 63], "uv_size": [-1, 1]},
								"up": {"uv": [58, 64], "uv_size": [1, -1]},
								"down": {"uv": [58, 64], "uv_size": [1, -1]}
							}
						},
						{
							"origin": [0.65, 0.74304, 0.88495],
							"size": [0.5, 0.1, 0.3],
							"pivot": [1.15, 0.74304, 0.88495],
							"rotation": [90, 0, 0],
							"uv": {
								"north": {"uv": [59, 63], "uv_size": [-1, 1]},
								"east": {"uv": [59, 63], "uv_size": [-1, 1]},
								"south": {"uv": [59, 63], "uv_size": [-1, 1]},
								"west": {"uv": [59, 63], "uv_size": [-1, 1]},
								"up": {"uv": [58, 64], "uv_size": [1, -1]},
								"down": {"uv": [58, 64], "uv_size": [1, -1]}
							}
						},
						{
							"origin": [0.65, 1.04304, 4.11505],
							"size": [0.5, 0.1, 0.3],
							"pivot": [1.15, 1.04304, 4.11505],
							"rotation": [150, 0, 0],
							"uv": {
								"north": {"uv": [59, 63], "uv_size": [-1, 1]},
								"east": {"uv": [59, 63], "uv_size": [-1, 1]},
								"south": {"uv": [59, 63], "uv_size": [-1, 1]},
								"west": {"uv": [59, 63], "uv_size": [-1, 1]},
								"up": {"uv": [58, 64], "uv_size": [1, -1]},
								"down": {"uv": [58, 64], "uv_size": [1, -1]}
							}
						},
						{
							"origin": [0.65, 1.19304, 1.04475],
							"size": [0.5, 0.1, 0.3],
							"pivot": [1.15, 1.19304, 1.04475],
							"rotation": [-150, 0, 0],
							"uv": {
								"north": {"uv": [59, 63], "uv_size": [-1, 1]},
								"east": {"uv": [59, 63], "uv_size": [-1, 1]},
								"south": {"uv": [59, 63], "uv_size": [-1, 1]},
								"west": {"uv": [59, 63], "uv_size": [-1, 1]},
								"up": {"uv": [58, 64], "uv_size": [1, -1]},
								"down": {"uv": [58, 64], "uv_size": [1, -1]}
							}
						}
					]
				},
				{
					"name": "Cogs",
					"parent": "LeftTrack",
					"pivot": [-0.16, 0, -0.48],
					"cubes": [
						{
							"origin": [0.92, 0.15, 1.55],
							"size": [0.2, 0.35, 0.15],
							"uv": {
								"north": {"uv": [0, 0], "uv_size": [0.2, 0.35]},
								"east": {"uv": [0, 0], "uv_size": [0.15, 0.35]},
								"south": {"uv": [0, 0], "uv_size": [0.2, 0.35]},
								"west": {"uv": [0, 0], "uv_size": [0.15, 0.35]},
								"up": {"uv": [1.2, 2.15], "uv_size": [-0.2, -0.15]},
								"down": {"uv": [1.2, 2.15], "uv_size": [-0.2, -0.15]}
							}
						},
						{
							"origin": [0.92, 0.15, 2.03],
							"size": [0.2, 0.35, 0.15],
							"uv": {
								"north": {"uv": [0, 0], "uv_size": [0.2, 0.35]},
								"east": {"uv": [0, 0], "uv_size": [0.15, 0.35]},
								"south": {"uv": [0, 0], "uv_size": [0.2, 0.35]},
								"west": {"uv": [0, 0], "uv_size": [0.15, 0.35]},
								"up": {"uv": [1.2, 2.15], "uv_size": [-0.2, -0.15]},
								"down": {"uv": [1.2, 2.15], "uv_size": [-0.2, -0.15]}
							}
						},
						{
							"origin": [0.92, 0.24393, 1.50607],
							"size": [0.2, 0.35, 0.15],
							"pivot": [1.02, 0.34393, 1.55607],
							"rotation": [-90, 0, 0],
							"uv": {
								"north": {"uv": [0, 0], "uv_size": [0.2, 0.35]},
								"east": {"uv": [0, 0], "uv_size": [0.15, 0.35]},
								"south": {"uv": [0, 0], "uv_size": [0.2, 0.35]},
								"west": {"uv": [0, 0], "uv_size": [0.15, 0.35]},
								"up": {"uv": [1.2, 2.15], "uv_size": [-0.2, -0.15]},
								"down": {"uv": [1.2, 2.15], "uv_size": [-0.2, -0.15]}
							}
						},
						{
							"origin": [0.92, 0.72393, 1.50607],
							"size": [0.2, 0.35, 0.15],
							"pivot": [1.02, 0.34393, 1.55607],
							"rotation": [-90, 0, 0],
							"uv": {
								"north": {"uv": [0, 0], "uv_size": [0.2, 0.35]},
								"east": {"uv": [0, 0], "uv_size": [0.15, 0.35]},
								"south": {"uv": [0, 0], "uv_size": [0.2, 0.35]},
								"west": {"uv": [0, 0], "uv_size": [0.15, 0.35]},
								"up": {"uv": [1.2, 2.15], "uv_size": [-0.2, -0.15]},
								"down": {"uv": [1.2, 2.15], "uv_size": [-0.2, -0.15]}
							}
						},
						{
							"origin": [0.92, 0.18787, 1.50858],
							"size": [0.2, 0.35, 0.15],
							"pivot": [1.02, 0.28787, 1.55858],
							"rotation": [-45, 0, 0],
							"uv": {
								"north": {"uv": [0, 0], "uv_size": [0.2, 0.35]},
								"east": {"uv": [0, 0], "uv_size": [0.15, 0.35]},
								"south": {"uv": [0, 0], "uv_size": [0.2, 0.35]},
								"west": {"uv": [0, 0], "uv_size": [0.15, 0.35]},
								"up": {"uv": [1.2, 2.15], "uv_size": [-0.2, -0.15]},
								"down": {"uv": [1.2, 2.15], "uv_size": [-0.2, -0.15]}
							}
						},
						{
							"origin": [0.92, 0.18787, 1.98858],
							"size": [0.2, 0.35, 0.15],
							"pivot": [1.02, 0.28787, 2.03858],
							"rotation": [-45, 0, 0],
							"uv": {
								"north": {"uv": [0, 0], "uv_size": [0.2, 0.35]},
								"east": {"uv": [0, 0], "uv_size": [0.15, 0.35]},
								"south": {"uv": [0, 0], "uv_size": [0.2, 0.35]},
								"west": {"uv": [0, 0], "uv_size": [0.15, 0.35]},
								"up": {"uv": [1.2, 2.15], "uv_size": [-0.2, -0.15]},
								"down": {"uv": [1.2, 2.15], "uv_size": [-0.2, -0.15]}
							}
						},
						{
							"origin": [0.92, 0.15251, 1.60607],
							"size": [0.2, 0.35, 0.15],
							"pivot": [1.02, 0.25251, 1.65607],
							"rotation": [45, 0, 0],
							"uv": {
								"north": {"uv": [0, 0], "uv_size": [0.2, 0.35]},
								"east": {"uv": [0, 0], "uv_size": [0.15, 0.35]},
								"south": {"uv": [0, 0], "uv_size": [0.2, 0.35]},
								"west": {"uv": [0, 0], "uv_size": [0.15, 0.35]},
								"up": {"uv": [1.2, 2.15], "uv_size": [-0.2, -0.15]},
								"down": {"uv": [1.2, 2.15], "uv_size": [-0.2, -0.15]}
							}
						},
						{
							"origin": [0.92, 0.15, 2.67],
							"size": [0.2, 0.35, 0.15],
							"uv": {
								"north": {"uv": [0, 0], "uv_size": [0.2, 0.35]},
								"east": {"uv": [0, 0], "uv_size": [0.15, 0.35]},
								"south": {"uv": [0, 0], "uv_size": [0.2, 0.35]},
								"west": {"uv": [0, 0], "uv_size": [0.15, 0.35]},
								"up": {"uv": [1.2, 2.15], "uv_size": [-0.2, -0.15]},
								"down": {"uv": [1.2, 2.15], "uv_size": [-0.2, -0.15]}
							}
						},
						{
							"origin": [0.92, 0.15, 3.15],
							"size": [0.2, 0.35, 0.15],
							"uv": {
								"north": {"uv": [0, 0], "uv_size": [0.2, 0.35]},
								"east": {"uv": [0, 0], "uv_size": [0.15, 0.35]},
								"south": {"uv": [0, 0], "uv_size": [0.2, 0.35]},
								"west": {"uv": [0, 0], "uv_size": [0.15, 0.35]},
								"up": {"uv": [1.2, 2.15], "uv_size": [-0.2, -0.15]},
								"down": {"uv": [1.2, 2.15], "uv_size": [-0.2, -0.15]}
							}
						},
						{
							"origin": [0.92, 0.24393, 2.62607],
							"size": [0.2, 0.35, 0.15],
							"pivot": [1.02, 0.34393, 2.67607],
							"rotation": [-90, 0, 0],
							"uv": {
								"north": {"uv": [0, 0], "uv_size": [0.2, 0.35]},
								"east": {"uv": [0, 0], "uv_size": [0.15, 0.35]},
								"south": {"uv": [0, 0], "uv_size": [0.2, 0.35]},
								"west": {"uv": [0, 0], "uv_size": [0.15, 0.35]},
								"up": {"uv": [1.2, 2.15], "uv_size": [-0.2, -0.15]},
								"down": {"uv": [1.2, 2.15], "uv_size": [-0.2, -0.15]}
							}
						},
						{
							"origin": [0.92, 0.72393, 2.62607],
							"size": [0.2, 0.35, 0.15],
							"pivot": [1.02, 0.34393, 2.67607],
							"rotation": [-90, 0, 0],
							"uv": {
								"north": {"uv": [0, 0], "uv_size": [0.2, 0.35]},
								"east": {"uv": [0, 0], "uv_size": [0.15, 0.35]},
								"south": {"uv": [0, 0], "uv_size": [0.2, 0.35]},
								"west": {"uv": [0, 0], "uv_size": [0.15, 0.35]},
								"up": {"uv": [1.2, 2.15], "uv_size": [-0.2, -0.15]},
								"down": {"uv": [1.2, 2.15], "uv_size": [-0.2, -0.15]}
							}
						},
						{
							"origin": [0.92, 0.18787, 2.62858],
							"size": [0.2, 0.35, 0.15],
							"pivot": [1.02, 0.28787, 2.67858],
							"rotation": [-45, 0, 0],
							"uv": {
								"north": {"uv": [0, 0], "uv_size": [0.2, 0.35]},
								"east": {"uv": [0, 0], "uv_size": [0.15, 0.35]},
								"south": {"uv": [0, 0], "uv_size": [0.2, 0.35]},
								"west": {"uv": [0, 0], "uv_size": [0.15, 0.35]},
								"up": {"uv": [1.2, 2.15], "uv_size": [-0.2, -0.15]},
								"down": {"uv": [1.2, 2.15], "uv_size": [-0.2, -0.15]}
							}
						},
						{
							"origin": [0.92, 0.18787, 3.10858],
							"size": [0.2, 0.35, 0.15],
							"pivot": [1.02, 0.28787, 3.15858],
							"rotation": [-45, 0, 0],
							"uv": {
								"north": {"uv": [0, 0], "uv_size": [0.2, 0.35]},
								"east": {"uv": [0, 0], "uv_size": [0.15, 0.35]},
								"south": {"uv": [0, 0], "uv_size": [0.2, 0.35]},
								"west": {"uv": [0, 0], "uv_size": [0.15, 0.35]},
								"up": {"uv": [1.2, 2.15], "uv_size": [-0.2, -0.15]},
								"down": {"uv": [1.2, 2.15], "uv_size": [-0.2, -0.15]}
							}
						},
						{
							"origin": [0.92, 0.15251, 2.72607],
							"size": [0.2, 0.35, 0.15],
							"pivot": [1.02, 0.25251, 2.77607],
							"rotation": [45, 0, 0],
							"uv": {
								"north": {"uv": [0, 0], "uv_size": [0.2, 0.35]},
								"east": {"uv": [0, 0], "uv_size": [0.15, 0.35]},
								"south": {"uv": [0, 0], "uv_size": [0.2, 0.35]},
								"west": {"uv": [0, 0], "uv_size": [0.15, 0.35]},
								"up": {"uv": [1.2, 2.15], "uv_size": [-0.2, -0.15]},
								"down": {"uv": [1.2, 2.15], "uv_size": [-0.2, -0.15]}
							}
						},
						{
							"origin": [0.92, 0.15251, 3.20607],
							"size": [0.2, 0.35, 0.15],
							"pivot": [1.02, 0.25251, 3.25607],
							"rotation": [45, 0, 0],
							"uv": {
								"north": {"uv": [0, 0], "uv_size": [0.2, 0.35]},
								"east": {"uv": [0, 0], "uv_size": [0.15, 0.35]},
								"south": {"uv": [0, 0], "uv_size": [0.2, 0.35]},
								"west": {"uv": [0, 0], "uv_size": [0.15, 0.35]},
								"up": {"uv": [1.2, 2.15], "uv_size": [-0.2, -0.15]},
								"down": {"uv": [1.2, 2.15], "uv_size": [-0.2, -0.15]}
							}
						},
						{
							"origin": [0.92, 0.15251, 2.08607],
							"size": [0.2, 0.35, 0.15],
							"pivot": [1.02, 0.25251, 2.13607],
							"rotation": [45, 0, 0],
							"uv": {
								"north": {"uv": [0, 0], "uv_size": [0.2, 0.35]},
								"east": {"uv": [0, 0], "uv_size": [0.15, 0.35]},
								"south": {"uv": [0, 0], "uv_size": [0.2, 0.35]},
								"west": {"uv": [0, 0], "uv_size": [0.15, 0.35]},
								"up": {"uv": [1.2, 2.15], "uv_size": [-0.2, -0.15]},
								"down": {"uv": [1.2, 2.15], "uv_size": [-0.2, -0.15]}
							}
						},
						{
							"origin": [0.76, 0.64, 3.68],
							"size": [0.36, 0.5, 0.2],
							"uv": {
								"north": {"uv": [0, 0], "uv_size": [0.36, 0.5]},
								"east": {"uv": [0, 0], "uv_size": [0.2, 0.5]},
								"south": {"uv": [0, 0], "uv_size": [0.36, 0.5]},
								"west": {"uv": [0, 0], "uv_size": [0.2, 0.5]},
								"up": {"uv": [1.36, 2.2], "uv_size": [-0.36, -0.2]},
								"down": {"uv": [1.36, 2.2], "uv_size": [-0.36, -0.2]}
							}
						},
						{
							"origin": [0.76, 0.63142, 0.95142],
							"size": [0.36, 0.5, 0.2],
							"uv": {
								"north": {"uv": [0, 0], "uv_size": [0.36, 0.5]},
								"east": {"uv": [0, 0], "uv_size": [0.2, 0.5]},
								"south": {"uv": [0, 0], "uv_size": [0.36, 0.5]},
								"west": {"uv": [0, 0], "uv_size": [0.2, 0.5]},
								"up": {"uv": [1.36, 2.2], "uv_size": [-0.36, -0.2]},
								"down": {"uv": [1.36, 2.2], "uv_size": [-0.36, -0.2]}
							}
						},
						{
							"origin": [0.76, 0.64, 3.68],
							"size": [0.36, 0.5, 0.2],
							"pivot": [0.94, 0.89, 3.78],
							"rotation": [-45, 0, 0],
							"uv": {
								"north": {"uv": [0, 0], "uv_size": [0.36, 0.5]},
								"east": {"uv": [0, 0], "uv_size": [0.2, 0.5]},
								"south": {"uv": [0, 0], "uv_size": [0.36, 0.5]},
								"west": {"uv": [0, 0], "uv_size": [0.2, 0.5]},
								"up": {"uv": [1.36, 2.2], "uv_size": [-0.36, -0.2]},
								"down": {"uv": [1.36, 2.2], "uv_size": [-0.36, -0.2]}
							}
						},
						{
							"origin": [0.76, 0.63393, 0.96251],
							"size": [0.36, 0.5, 0.2],
							"pivot": [0.94, 0.88393, 1.06251],
							"rotation": [-45, 0, 0],
							"uv": {
								"north": {"uv": [0, 0], "uv_size": [0.36, 0.5]},
								"east": {"uv": [0, 0], "uv_size": [0.2, 0.5]},
								"south": {"uv": [0, 0], "uv_size": [0.36, 0.5]},
								"west": {"uv": [0, 0], "uv_size": [0.2, 0.5]},
								"up": {"uv": [1.36, 2.2], "uv_size": [-0.36, -0.2]},
								"down": {"uv": [1.36, 2.2], "uv_size": [-0.36, -0.2]}
							}
						},
						{
							"origin": [0.76, 0.64, 3.68],
							"size": [0.36, 0.5, 0.2],
							"pivot": [0.94, 0.89, 3.78],
							"rotation": [-90, 0, 0],
							"uv": {
								"north": {"uv": [0, 0], "uv_size": [0.36, 0.5]},
								"east": {"uv": [0, 0], "uv_size": [0.2, 0.5]},
								"south": {"uv": [0, 0], "uv_size": [0.36, 0.5]},
								"west": {"uv": [0, 0], "uv_size": [0.2, 0.5]},
								"up": {"uv": [1.36, 2.2], "uv_size": [-0.36, -0.2]},
								"down": {"uv": [1.36, 2.2], "uv_size": [-0.36, -0.2]}
							}
						},
						{
							"origin": [0.76, -2.08, 3.68],
							"size": [0.36, 0.5, 0.2],
							"pivot": [0.94, 0.89, 3.78],
							"rotation": [-90, 0, 0],
							"uv": {
								"north": {"uv": [0, 0], "uv_size": [0.36, 0.5]},
								"east": {"uv": [0, 0], "uv_size": [0.2, 0.5]},
								"south": {"uv": [0, 0], "uv_size": [0.36, 0.5]},
								"west": {"uv": [0, 0], "uv_size": [0.2, 0.5]},
								"up": {"uv": [1.36, 2.2], "uv_size": [-0.36, -0.2]},
								"down": {"uv": [1.36, 2.2], "uv_size": [-0.36, -0.2]}
							}
						},
						{
							"origin": [0.76, 0.64, 3.68],
							"size": [0.36, 0.5, 0.2],
							"pivot": [0.94, 0.89, 3.78],
							"rotation": [45, 0, 0],
							"uv": {
								"north": {"uv": [0, 0], "uv_size": [0.36, 0.5]},
								"east": {"uv": [0, 0], "uv_size": [0.2, 0.5]},
								"south": {"uv": [0, 0], "uv_size": [0.36, 0.5]},
								"west": {"uv": [0, 0], "uv_size": [0.2, 0.5]},
								"up": {"uv": [1.36, 2.2], "uv_size": [-0.36, -0.2]},
								"down": {"uv": [1.36, 2.2], "uv_size": [-0.36, -0.2]}
							}
						},
						{
							"origin": [0.76, 0.63393, 0.95749],
							"size": [0.36, 0.5, 0.2],
							"pivot": [0.94, 0.88393, 1.05749],
							"rotation": [45, 0, 0],
							"uv": {
								"north": {"uv": [0, 0], "uv_size": [0.36, 0.5]},
								"east": {"uv": [0, 0], "uv_size": [0.2, 0.5]},
								"south": {"uv": [0, 0], "uv_size": [0.36, 0.5]},
								"west": {"uv": [0, 0], "uv_size": [0.2, 0.5]},
								"up": {"uv": [1.36, 2.2], "uv_size": [-0.36, -0.2]},
								"down": {"uv": [1.36, 2.2], "uv_size": [-0.36, -0.2]}
							}
						},
						{
							"origin": [0.64, 0.5, 2.24],
							"size": [0.4, 0.5, 0.4],
							"uv": {
								"north": {"uv": [0, 0], "uv_size": [0.4, 0.5]},
								"east": {"uv": [0, 0], "uv_size": [0.4, 0.5]},
								"south": {"uv": [0, 0], "uv_size": [0.4, 0.5]},
								"west": {"uv": [0, 0], "uv_size": [0.4, 0.5]},
								"up": {"uv": [1.4, 2.4], "uv_size": [-0.4, -0.4]},
								"down": {"uv": [1.4, 2.4], "uv_size": [-0.4, -0.4]}
							}
						},
						{
							"origin": [1.1, 0.3, 1.5],
							"size": [0.1, 0.15, 0.9],
							"pivot": [1.23, 0.305, 1.94],
							"rotation": [7.5, 0, 0],
							"uv": {
								"north": {"uv": [0, 0], "uv_size": [0.1, 0.15]},
								"east": {"uv": [0, 0], "uv_size": [0.9, 0.15]},
								"south": {"uv": [0, 0], "uv_size": [0.1, 0.15]},
								"west": {"uv": [0, 0], "uv_size": [0.9, 0.15]},
								"up": {"uv": [1.1, 2.9], "uv_size": [-0.1, -0.9]},
								"down": {"uv": [1.1, 2.9], "uv_size": [-0.1, -0.9]}
							}
						},
						{
							"origin": [1.1, 0.27486, 2.34],
							"size": [0.1, 0.15, 1],
							"pivot": [1.15, 0.34986, 3.00011],
							"rotation": [-7.5, 0, 0],
							"uv": {
								"north": {"uv": [0, 0], "uv_size": [0.1, 0.15]},
								"east": {"uv": [0, 0], "uv_size": [1, 0.15]},
								"south": {"uv": [0, 0], "uv_size": [0.1, 0.15]},
								"west": {"uv": [0, 0], "uv_size": [1, 0.15]},
								"up": {"uv": [1.1, 3], "uv_size": [-0.1, -1]},
								"down": {"uv": [1.1, 3], "uv_size": [-0.1, -1]}
							}
						}
					]
				},
				{
					"name": "RightTrack",
					"parent": "bb_main",
					"pivot": [-0.99, 0.82917, 2.22645],
					"cubes": [
						{
							"origin": [-1.15, 0.05, 1.42],
							"size": [0.5, 0.1, 2.06],
							"uv": {
								"north": {"uv": [58, 63], "uv_size": [1, 1]},
								"east": {"uv": [58, 63], "uv_size": [1, 1]},
								"south": {"uv": [58, 63], "uv_size": [1, 1]},
								"west": {"uv": [58, 63], "uv_size": [1, 1]},
								"up": {"uv": [59, 64], "uv_size": [-1, -1]},
								"down": {"uv": [59, 64], "uv_size": [-1, -1]}
							}
						},
						{
							"origin": [-1.15, 1.09304, 0.99525],
							"size": [0.5, 0.1, 2.86],
							"uv": {
								"north": {"uv": [58, 63], "uv_size": [1, 1]},
								"east": {"uv": [58, 63], "uv_size": [1, 1]},
								"south": {"uv": [58, 63], "uv_size": [1, 1]},
								"west": {"uv": [58, 63], "uv_size": [1, 1]},
								"up": {"uv": [59, 64], "uv_size": [-1, -1]},
								"down": {"uv": [59, 64], "uv_size": [-1, -1]}
							}
						},
						{
							"origin": [-1.15, 0.05, 3.48],
							"size": [0.5, 0.1, 0.94],
							"pivot": [-1.15, 0.05, 3.48],
							"rotation": [47.5, 0, 0],
							"uv": {
								"north": {"uv": [58, 63], "uv_size": [1, 1]},
								"east": {"uv": [58, 63], "uv_size": [1, 1]},
								"south": {"uv": [58, 63], "uv_size": [1, 1]},
								"west": {"uv": [58, 63], "uv_size": [1, 1]},
								"up": {"uv": [59, 64], "uv_size": [-1, -1]},
								"down": {"uv": [59, 64], "uv_size": [-1, -1]}
							}
						},
						{
							"origin": [-1.15, 0.05, 0.48],
							"size": [0.5, 0.1, 0.94],
							"pivot": [-1.15, 0.05, 1.42],
							"rotation": [-47.5, 0, 0],
							"uv": {
								"north": {"uv": [58, 64], "uv_size": [1, -1]},
								"east": {"uv": [58, 64], "uv_size": [1, -1]},
								"south": {"uv": [58, 64], "uv_size": [1, -1]},
								"west": {"uv": [58, 64], "uv_size": [1, -1]},
								"up": {"uv": [59, 63], "uv_size": [-1, 1]},
								"down": {"uv": [59, 63], "uv_size": [-1, 1]}
							}
						},
						{
							"origin": [-1.15, 0.74304, 4.11505],
							"size": [0.5, 0.1, 0.3],
							"pivot": [-1.15, 0.74304, 4.11505],
							"rotation": [90, 0, 0],
							"uv": {
								"north": {"uv": [58, 63], "uv_size": [1, 1]},
								"east": {"uv": [58, 63], "uv_size": [1, 1]},
								"south": {"uv": [58, 63], "uv_size": [1, 1]},
								"west": {"uv": [58, 63], "uv_size": [1, 1]},
								"up": {"uv": [59, 64], "uv_size": [-1, -1]},
								"down": {"uv": [59, 64], "uv_size": [-1, -1]}
							}
						},
						{
							"origin": [-1.15, 0.74304, 0.88495],
							"size": [0.5, 0.1, 0.3],
							"pivot": [-1.15, 0.74304, 0.88495],
							"rotation": [90, 0, 0],
							"uv": {
								"north": {"uv": [58, 63], "uv_size": [1, 1]},
								"east": {"uv": [58, 63], "uv_size": [1, 1]},
								"south": {"uv": [58, 63], "uv_size": [1, 1]},
								"west": {"uv": [58, 63], "uv_size": [1, 1]},
								"up": {"uv": [59, 64], "uv_size": [-1, -1]},
								"down": {"uv": [59, 64], "uv_size": [-1, -1]}
							}
						},
						{
							"origin": [-1.15, 1.04304, 4.11505],
							"size": [0.5, 0.1, 0.3],
							"pivot": [-1.15, 1.04304, 4.11505],
							"rotation": [150, 0, 0],
							"uv": {
								"north": {"uv": [58, 63], "uv_size": [1, 1]},
								"east": {"uv": [58, 63], "uv_size": [1, 1]},
								"south": {"uv": [58, 63], "uv_size": [1, 1]},
								"west": {"uv": [58, 63], "uv_size": [1, 1]},
								"up": {"uv": [59, 64], "uv_size": [-1, -1]},
								"down": {"uv": [59, 64], "uv_size": [-1, -1]}
							}
						},
						{
							"origin": [-1.15, 1.19304, 1.04475],
							"size": [0.5, 0.1, 0.3],
							"pivot": [-1.15, 1.19304, 1.04475],
							"rotation": [-150, 0, 0],
							"uv": {
								"north": {"uv": [58, 63], "uv_size": [1, 1]},
								"east": {"uv": [58, 63], "uv_size": [1, 1]},
								"south": {"uv": [58, 63], "uv_size": [1, 1]},
								"west": {"uv": [58, 63], "uv_size": [1, 1]},
								"up": {"uv": [59, 64], "uv_size": [-1, -1]},
								"down": {"uv": [59, 64], "uv_size": [-1, -1]}
							}
						}
					]
				},
				{
					"name": "Cogs2",
					"parent": "RightTrack",
					"pivot": [-0.83926, 0.46487, 2.48238],
					"cubes": [
						{
							"origin": [-0.96, 0.15, 1.55],
							"size": [0.2, 0.35, 0.15],
							"uv": {
								"north": {"uv": [0.2, 0], "uv_size": [0.2, 0.35]},
								"east": {"uv": [0.15, 0], "uv_size": [0.15, 0.35]},
								"south": {"uv": [0.2, 0], "uv_size": [0.2, 0.35]},
								"west": {"uv": [0.15, 0], "uv_size": [0.15, 0.35]},
								"up": {"uv": [1.2, 2.15], "uv_size": [-0.2, -0.15]},
								"down": {"uv": [1.2, 2.15], "uv_size": [-0.2, -0.15]}
							}
						},
						{
							"origin": [-0.96, 0.15, 2.03],
							"size": [0.2, 0.35, 0.15],
							"uv": {
								"north": {"uv": [0.2, 0], "uv_size": [0.2, 0.35]},
								"east": {"uv": [0.15, 0], "uv_size": [0.15, 0.35]},
								"south": {"uv": [0.2, 0], "uv_size": [0.2, 0.35]},
								"west": {"uv": [0.15, 0], "uv_size": [0.15, 0.35]},
								"up": {"uv": [1.2, 2.15], "uv_size": [-0.2, -0.15]},
								"down": {"uv": [1.2, 2.15], "uv_size": [-0.2, -0.15]}
							}
						},
						{
							"origin": [-0.96, 0.24393, 1.50607],
							"size": [0.2, 0.35, 0.15],
							"pivot": [-0.86, 0.34393, 1.55607],
							"rotation": [-90, 0, 0],
							"uv": {
								"north": {"uv": [0.2, 0], "uv_size": [0.2, 0.35]},
								"east": {"uv": [0.15, 0], "uv_size": [0.15, 0.35]},
								"south": {"uv": [0.2, 0], "uv_size": [0.2, 0.35]},
								"west": {"uv": [0.15, 0], "uv_size": [0.15, 0.35]},
								"up": {"uv": [1.2, 2.15], "uv_size": [-0.2, -0.15]},
								"down": {"uv": [1.2, 2.15], "uv_size": [-0.2, -0.15]}
							}
						},
						{
							"origin": [-0.96, 0.72393, 1.50607],
							"size": [0.2, 0.35, 0.15],
							"pivot": [-0.86, 0.34393, 1.55607],
							"rotation": [-90, 0, 0],
							"uv": {
								"north": {"uv": [0.2, 0], "uv_size": [0.2, 0.35]},
								"east": {"uv": [0.15, 0], "uv_size": [0.15, 0.35]},
								"south": {"uv": [0.2, 0], "uv_size": [0.2, 0.35]},
								"west": {"uv": [0.15, 0], "uv_size": [0.15, 0.35]},
								"up": {"uv": [1.2, 2.15], "uv_size": [-0.2, -0.15]},
								"down": {"uv": [1.2, 2.15], "uv_size": [-0.2, -0.15]}
							}
						},
						{
							"origin": [-0.96, 0.18787, 1.50858],
							"size": [0.2, 0.35, 0.15],
							"pivot": [-0.86, 0.28787, 1.55858],
							"rotation": [-45, 0, 0],
							"uv": {
								"north": {"uv": [0.2, 0], "uv_size": [0.2, 0.35]},
								"east": {"uv": [0.15, 0], "uv_size": [0.15, 0.35]},
								"south": {"uv": [0.2, 0], "uv_size": [0.2, 0.35]},
								"west": {"uv": [0.15, 0], "uv_size": [0.15, 0.35]},
								"up": {"uv": [1.2, 2.15], "uv_size": [-0.2, -0.15]},
								"down": {"uv": [1.2, 2.15], "uv_size": [-0.2, -0.15]}
							}
						},
						{
							"origin": [-0.96, 0.18787, 1.98858],
							"size": [0.2, 0.35, 0.15],
							"pivot": [-0.86, 0.28787, 2.03858],
							"rotation": [-45, 0, 0],
							"uv": {
								"north": {"uv": [0.2, 0], "uv_size": [0.2, 0.35]},
								"east": {"uv": [0.15, 0], "uv_size": [0.15, 0.35]},
								"south": {"uv": [0.2, 0], "uv_size": [0.2, 0.35]},
								"west": {"uv": [0.15, 0], "uv_size": [0.15, 0.35]},
								"up": {"uv": [1.2, 2.15], "uv_size": [-0.2, -0.15]},
								"down": {"uv": [1.2, 2.15], "uv_size": [-0.2, -0.15]}
							}
						},
						{
							"origin": [-0.96, 0.15251, 1.60607],
							"size": [0.2, 0.35, 0.15],
							"pivot": [-0.86, 0.25251, 1.65607],
							"rotation": [45, 0, 0],
							"uv": {
								"north": {"uv": [0.2, 0], "uv_size": [0.2, 0.35]},
								"east": {"uv": [0.15, 0], "uv_size": [0.15, 0.35]},
								"south": {"uv": [0.2, 0], "uv_size": [0.2, 0.35]},
								"west": {"uv": [0.15, 0], "uv_size": [0.15, 0.35]},
								"up": {"uv": [1.2, 2.15], "uv_size": [-0.2, -0.15]},
								"down": {"uv": [1.2, 2.15], "uv_size": [-0.2, -0.15]}
							}
						},
						{
							"origin": [-0.96, 0.15, 2.67],
							"size": [0.2, 0.35, 0.15],
							"uv": {
								"north": {"uv": [0.2, 0], "uv_size": [0.2, 0.35]},
								"east": {"uv": [0.15, 0], "uv_size": [0.15, 0.35]},
								"south": {"uv": [0.2, 0], "uv_size": [0.2, 0.35]},
								"west": {"uv": [0.15, 0], "uv_size": [0.15, 0.35]},
								"up": {"uv": [1.2, 2.15], "uv_size": [-0.2, -0.15]},
								"down": {"uv": [1.2, 2.15], "uv_size": [-0.2, -0.15]}
							}
						},
						{
							"origin": [-0.96, 0.15, 3.15],
							"size": [0.2, 0.35, 0.15],
							"uv": {
								"north": {"uv": [0.2, 0], "uv_size": [0.2, 0.35]},
								"east": {"uv": [0.15, 0], "uv_size": [0.15, 0.35]},
								"south": {"uv": [0.2, 0], "uv_size": [0.2, 0.35]},
								"west": {"uv": [0.15, 0], "uv_size": [0.15, 0.35]},
								"up": {"uv": [1.2, 2.15], "uv_size": [-0.2, -0.15]},
								"down": {"uv": [1.2, 2.15], "uv_size": [-0.2, -0.15]}
							}
						},
						{
							"origin": [-0.96, 0.24393, 2.62607],
							"size": [0.2, 0.35, 0.15],
							"pivot": [-0.86, 0.34393, 2.67607],
							"rotation": [-90, 0, 0],
							"uv": {
								"north": {"uv": [0.2, 0], "uv_size": [0.2, 0.35]},
								"east": {"uv": [0.15, 0], "uv_size": [0.15, 0.35]},
								"south": {"uv": [0.2, 0], "uv_size": [0.2, 0.35]},
								"west": {"uv": [0.15, 0], "uv_size": [0.15, 0.35]},
								"up": {"uv": [1.2, 2.15], "uv_size": [-0.2, -0.15]},
								"down": {"uv": [1.2, 2.15], "uv_size": [-0.2, -0.15]}
							}
						},
						{
							"origin": [-0.96, 0.72393, 2.62607],
							"size": [0.2, 0.35, 0.15],
							"pivot": [-0.86, 0.34393, 2.67607],
							"rotation": [-90, 0, 0],
							"uv": {
								"north": {"uv": [0.2, 0], "uv_size": [0.2, 0.35]},
								"east": {"uv": [0.15, 0], "uv_size": [0.15, 0.35]},
								"south": {"uv": [0.2, 0], "uv_size": [0.2, 0.35]},
								"west": {"uv": [0.15, 0], "uv_size": [0.15, 0.35]},
								"up": {"uv": [1.2, 2.15], "uv_size": [-0.2, -0.15]},
								"down": {"uv": [1.2, 2.15], "uv_size": [-0.2, -0.15]}
							}
						},
						{
							"origin": [-0.96, 0.18787, 2.62858],
							"size": [0.2, 0.35, 0.15],
							"pivot": [-0.86, 0.28787, 2.67858],
							"rotation": [-45, 0, 0],
							"uv": {
								"north": {"uv": [0.2, 0], "uv_size": [0.2, 0.35]},
								"east": {"uv": [0.15, 0], "uv_size": [0.15, 0.35]},
								"south": {"uv": [0.2, 0], "uv_size": [0.2, 0.35]},
								"west": {"uv": [0.15, 0], "uv_size": [0.15, 0.35]},
								"up": {"uv": [1.2, 2.15], "uv_size": [-0.2, -0.15]},
								"down": {"uv": [1.2, 2.15], "uv_size": [-0.2, -0.15]}
							}
						},
						{
							"origin": [-0.96, 0.18787, 3.10858],
							"size": [0.2, 0.35, 0.15],
							"pivot": [-0.86, 0.28787, 3.15858],
							"rotation": [-45, 0, 0],
							"uv": {
								"north": {"uv": [0.2, 0], "uv_size": [0.2, 0.35]},
								"east": {"uv": [0.15, 0], "uv_size": [0.15, 0.35]},
								"south": {"uv": [0.2, 0], "uv_size": [0.2, 0.35]},
								"west": {"uv": [0.15, 0], "uv_size": [0.15, 0.35]},
								"up": {"uv": [1.2, 2.15], "uv_size": [-0.2, -0.15]},
								"down": {"uv": [1.2, 2.15], "uv_size": [-0.2, -0.15]}
							}
						},
						{
							"origin": [-0.96, 0.15251, 2.72607],
							"size": [0.2, 0.35, 0.15],
							"pivot": [-0.86, 0.25251, 2.77607],
							"rotation": [45, 0, 0],
							"uv": {
								"north": {"uv": [0.2, 0], "uv_size": [0.2, 0.35]},
								"east": {"uv": [0.15, 0], "uv_size": [0.15, 0.35]},
								"south": {"uv": [0.2, 0], "uv_size": [0.2, 0.35]},
								"west": {"uv": [0.15, 0], "uv_size": [0.15, 0.35]},
								"up": {"uv": [1.2, 2.15], "uv_size": [-0.2, -0.15]},
								"down": {"uv": [1.2, 2.15], "uv_size": [-0.2, -0.15]}
							}
						},
						{
							"origin": [-0.96, 0.15251, 3.20607],
							"size": [0.2, 0.35, 0.15],
							"pivot": [-0.86, 0.25251, 3.25607],
							"rotation": [45, 0, 0],
							"uv": {
								"north": {"uv": [0.2, 0], "uv_size": [0.2, 0.35]},
								"east": {"uv": [0.15, 0], "uv_size": [0.15, 0.35]},
								"south": {"uv": [0.2, 0], "uv_size": [0.2, 0.35]},
								"west": {"uv": [0.15, 0], "uv_size": [0.15, 0.35]},
								"up": {"uv": [1.2, 2.15], "uv_size": [-0.2, -0.15]},
								"down": {"uv": [1.2, 2.15], "uv_size": [-0.2, -0.15]}
							}
						},
						{
							"origin": [-0.96, 0.15251, 2.08607],
							"size": [0.2, 0.35, 0.15],
							"pivot": [-0.86, 0.25251, 2.13607],
							"rotation": [45, 0, 0],
							"uv": {
								"north": {"uv": [0.2, 0], "uv_size": [0.2, 0.35]},
								"east": {"uv": [0.15, 0], "uv_size": [0.15, 0.35]},
								"south": {"uv": [0.2, 0], "uv_size": [0.2, 0.35]},
								"west": {"uv": [0.15, 0], "uv_size": [0.15, 0.35]},
								"up": {"uv": [1.2, 2.15], "uv_size": [-0.2, -0.15]},
								"down": {"uv": [1.2, 2.15], "uv_size": [-0.2, -0.15]}
							}
						},
						{
							"origin": [-0.96, 0.64, 3.68],
							"size": [0.36, 0.5, 0.2],
							"uv": {
								"north": {"uv": [0.36, 0], "uv_size": [0.36, 0.5]},
								"east": {"uv": [0.2, 0], "uv_size": [0.2, 0.5]},
								"south": {"uv": [0.36, 0], "uv_size": [0.36, 0.5]},
								"west": {"uv": [0.2, 0], "uv_size": [0.2, 0.5]},
								"up": {"uv": [1.36, 2.2], "uv_size": [-0.36, -0.2]},
								"down": {"uv": [1.36, 2.2], "uv_size": [-0.36, -0.2]}
							}
						},
						{
							"origin": [-0.96, 0.63142, 0.95142],
							"size": [0.36, 0.5, 0.2],
							"uv": {
								"north": {"uv": [0.36, 0], "uv_size": [0.36, 0.5]},
								"east": {"uv": [0.2, 0], "uv_size": [0.2, 0.5]},
								"south": {"uv": [0.36, 0], "uv_size": [0.36, 0.5]},
								"west": {"uv": [0.2, 0], "uv_size": [0.2, 0.5]},
								"up": {"uv": [1.36, 2.2], "uv_size": [-0.36, -0.2]},
								"down": {"uv": [1.36, 2.2], "uv_size": [-0.36, -0.2]}
							}
						},
						{
							"origin": [-0.96, 0.64, 3.68],
							"size": [0.36, 0.5, 0.2],
							"pivot": [-0.78, 0.89, 3.78],
							"rotation": [-45, 0, 0],
							"uv": {
								"north": {"uv": [0.36, 0], "uv_size": [0.36, 0.5]},
								"east": {"uv": [0.2, 0], "uv_size": [0.2, 0.5]},
								"south": {"uv": [0.36, 0], "uv_size": [0.36, 0.5]},
								"west": {"uv": [0.2, 0], "uv_size": [0.2, 0.5]},
								"up": {"uv": [1.36, 2.2], "uv_size": [-0.36, -0.2]},
								"down": {"uv": [1.36, 2.2], "uv_size": [-0.36, -0.2]}
							}
						},
						{
							"origin": [-0.96, 0.63393, 0.96251],
							"size": [0.36, 0.5, 0.2],
							"pivot": [-0.78, 0.88393, 1.06251],
							"rotation": [-45, 0, 0],
							"uv": {
								"north": {"uv": [0.36, 0], "uv_size": [0.36, 0.5]},
								"east": {"uv": [0.2, 0], "uv_size": [0.2, 0.5]},
								"south": {"uv": [0.36, 0], "uv_size": [0.36, 0.5]},
								"west": {"uv": [0.2, 0], "uv_size": [0.2, 0.5]},
								"up": {"uv": [1.36, 2.2], "uv_size": [-0.36, -0.2]},
								"down": {"uv": [1.36, 2.2], "uv_size": [-0.36, -0.2]}
							}
						},
						{
							"origin": [-0.96, 0.64, 3.68],
							"size": [0.36, 0.5, 0.2],
							"pivot": [-0.78, 0.89, 3.78],
							"rotation": [-90, 0, 0],
							"uv": {
								"north": {"uv": [0.36, 0], "uv_size": [0.36, 0.5]},
								"east": {"uv": [0.2, 0], "uv_size": [0.2, 0.5]},
								"south": {"uv": [0.36, 0], "uv_size": [0.36, 0.5]},
								"west": {"uv": [0.2, 0], "uv_size": [0.2, 0.5]},
								"up": {"uv": [1.36, 2.2], "uv_size": [-0.36, -0.2]},
								"down": {"uv": [1.36, 2.2], "uv_size": [-0.36, -0.2]}
							}
						},
						{
							"origin": [-0.96, -2.08, 3.68],
							"size": [0.36, 0.5, 0.2],
							"pivot": [-0.78, 0.89, 3.78],
							"rotation": [-90, 0, 0],
							"uv": {
								"north": {"uv": [0.36, 0], "uv_size": [0.36, 0.5]},
								"east": {"uv": [0.2, 0], "uv_size": [0.2, 0.5]},
								"south": {"uv": [0.36, 0], "uv_size": [0.36, 0.5]},
								"west": {"uv": [0.2, 0], "uv_size": [0.2, 0.5]},
								"up": {"uv": [1.36, 2.2], "uv_size": [-0.36, -0.2]},
								"down": {"uv": [1, 2], "uv_size": [0, 0]}
							}
						},
						{
							"origin": [-0.96, 0.64, 3.68],
							"size": [0.36, 0.5, 0.2],
							"pivot": [-0.78, 0.89, 3.78],
							"rotation": [45, 0, 0],
							"uv": {
								"north": {"uv": [0.36, 0], "uv_size": [0.36, 0.5]},
								"east": {"uv": [0.2, 0], "uv_size": [0.2, 0.5]},
								"south": {"uv": [0.36, 0], "uv_size": [0.36, 0.5]},
								"west": {"uv": [0.2, 0], "uv_size": [0.2, 0.5]},
								"up": {"uv": [1.36, 2.2], "uv_size": [-0.36, -0.2]},
								"down": {"uv": [1.36, 2.2], "uv_size": [-0.36, -0.2]}
							}
						},
						{
							"origin": [-0.96, 0.63393, 0.95749],
							"size": [0.36, 0.5, 0.2],
							"pivot": [-0.78, 0.88393, 1.05749],
							"rotation": [45, 0, 0],
							"uv": {
								"north": {"uv": [0.36, 0], "uv_size": [0.36, 0.5]},
								"east": {"uv": [0.2, 0], "uv_size": [0.2, 0.5]},
								"south": {"uv": [0.36, 0], "uv_size": [0.36, 0.5]},
								"west": {"uv": [0.2, 0], "uv_size": [0.2, 0.5]},
								"up": {"uv": [1.36, 2.2], "uv_size": [-0.36, -0.2]},
								"down": {"uv": [1.36, 2.2], "uv_size": [-0.36, -0.2]}
							}
						},
						{
							"origin": [-0.88, 0.5, 2.24],
							"size": [0.4, 0.5, 0.4],
							"uv": {
								"north": {"uv": [5, 2], "uv_size": [0.4, 0.4]},
								"east": {"uv": [5, 2], "uv_size": [0.4, 0.4]},
								"south": {"uv": [5, 2], "uv_size": [0.4, 0.4]},
								"west": {"uv": [5, 2], "uv_size": [0.4, 0.4]},
								"up": {"uv": [5.4, 2.4], "uv_size": [-0.4, -0.4]},
								"down": {"uv": [5.4, 2.4], "uv_size": [-0.4, -0.4]}
							}
						},
						{
							"origin": [-1.04, 0.3, 1.5],
							"size": [0.1, 0.15, 0.9],
							"pivot": [-1.07, 0.305, 1.94],
							"rotation": [7.5, 0, 0],
							"uv": {
								"north": {"uv": [6, 3], "uv_size": [0.9, 0.15]},
								"east": {"uv": [6, 3], "uv_size": [0.9, 0.15]},
								"south": {"uv": [6, 3], "uv_size": [0.9, 0.15]},
								"west": {"uv": [6, 3], "uv_size": [0.9, 0.15]},
								"up": {"uv": [6.9, 3.15], "uv_size": [-0.9, -0.15]},
								"down": {"uv": [6.9, 3.15], "uv_size": [-0.9, -0.15]}
							}
						},
						{
							"origin": [-1.04, 0.27486, 2.34],
							"size": [0.1, 0.15, 1],
							"pivot": [-0.99, 0.34986, 3.00011],
							"rotation": [-7.5, 0, 0],
							"uv": {
								"north": {"uv": [5, 2], "uv_size": [1, 0.15]},
								"east": {"uv": [5, 2], "uv_size": [1, 0.15]},
								"south": {"uv": [5, 2], "uv_size": [1, 0.15]},
								"west": {"uv": [5, 2], "uv_size": [1, 0.15]},
								"up": {"uv": [6, 2.15], "uv_size": [-1, -0.15]},
								"down": {"uv": [6, 2.15], "uv_size": [-1, -0.15]}
							}
						}
					]
				},
				{
					"name": "bone5",
					"parent": "bb_main",
					"pivot": [1.15, 0.83243, -1.61456],
					"cubes": [
						{
							"origin": [1, 0, -2.12],
							"size": [0.3, 1.2, 0.5],
							"uv": {
								"north": {"uv": [12, 26], "uv_size": [0.5, 1]},
								"east": {"uv": [26, 12], "uv_size": [0.5, 1]},
								"south": {"uv": [13, 26], "uv_size": [0.5, 1]},
								"west": {"uv": [26, 13], "uv_size": [0.5, 1]},
								"up": {"uv": [20, 32], "uv_size": [0.5, 0.5]},
								"down": {"uv": [32, 20.5], "uv_size": [0.5, -0.5]}
							}
						},
						{
							"origin": [1, -0.5071, -1.82711],
							"size": [0.3, 1.2, 0.5],
							"pivot": [1.15, -0.0071, -2.34426],
							"rotation": [45, 0, 0],
							"uv": {
								"north": {"uv": [14, 26], "uv_size": [0.5, 1]},
								"east": {"uv": [26, 14], "uv_size": [0.5, 1]},
								"south": {"uv": [15, 26], "uv_size": [0.5, 1]},
								"west": {"uv": [26, 15], "uv_size": [0.5, 1]},
								"up": {"uv": [21, 32], "uv_size": [0.5, 0.5]},
								"down": {"uv": [32, 21.5], "uv_size": [0.5, -0.5]}
							}
						},
						{
							"origin": [1, 0.66924, -1.92858],
							"size": [0.3, 1.2, 0.5],
							"pivot": [1.15, 1.16924, -2.58214],
							"rotation": [-45, 0, 0],
							"uv": {
								"north": {"uv": [16, 26], "uv_size": [0.5, 1]},
								"east": {"uv": [26, 16], "uv_size": [0.5, 1]},
								"south": {"uv": [17, 26], "uv_size": [0.5, 1]},
								"west": {"uv": [26, 17], "uv_size": [0.5, 1]},
								"up": {"uv": [22, 32], "uv_size": [0.5, 0.5]},
								"down": {"uv": [32, 22.5], "uv_size": [0.5, -0.5]}
							}
						},
						{
							"origin": [1, 0.99999, -1.32711],
							"size": [0.3, 1.2, 0.5],
							"pivot": [1.15, 1.49999, -1.97355],
							"rotation": [-90, 0, 0],
							"uv": {
								"north": {"uv": [18, 26], "uv_size": [0.5, 1]},
								"east": {"uv": [26, 18], "uv_size": [0.5, 1]},
								"south": {"uv": [19, 26], "uv_size": [0.5, 1]},
								"west": {"uv": [26, 19], "uv_size": [0.5, 1]},
								"up": {"uv": [23, 32], "uv_size": [0.5, 0.5]},
								"down": {"uv": [32, 23.5], "uv_size": [0.5, -0.5]}
							}
						},
						{
							"origin": [0.99, 0.05, -2.42],
							"size": [0.32, 1.1, 1.1],
							"uv": {
								"north": {"uv": [36, 2], "uv_size": [-1, 1]},
								"east": {"uv": [64, 54], "uv_size": [-5, 5]},
								"south": {"uv": [36, 2], "uv_size": [-1, 1]},
								"west": {"uv": [64, 54], "uv_size": [-5, 5]},
								"up": {"uv": [35, 3], "uv_size": [1, -1]},
								"down": {"uv": [35, 3], "uv_size": [1, -1]}
							}
						}
					]
				},
				{
					"name": "bone",
					"parent": "bb_main",
					"pivot": [-0.4, 2.15, 3.85],
					"cubes": [
						{
							"origin": [-0.93999, 1.28, 0.6],
							"size": [1.9, 0.1, 4],
							"uv": {
								"north": {"uv": [10, 18], "uv_size": [3, 0.5]},
								"east": {"uv": [2, 10], "uv_size": [4, 0.5]},
								"south": {"uv": [18, 12], "uv_size": [3, 0.5]},
								"west": {"uv": [10, 2], "uv_size": [4, 0.5]},
								"up": {"uv": [0, 0], "uv_size": [3, 4]},
								"down": {"uv": [3, 4], "uv_size": [3, -4]}
							}
						},
						{
							"origin": [-0.93999, 1.28, 4.6],
							"size": [1.9, 1.3, 0.1],
							"uv": {
								"north": {"uv": [18, 18], "uv_size": [3, 0.5]},
								"east": {"uv": [29, 16], "uv_size": [0.5, 0.5]},
								"south": {"uv": [4, 19], "uv_size": [3, 0.5]},
								"west": {"uv": [17, 29], "uv_size": [0.5, 0.5]},
								"up": {"uv": [19, 4], "uv_size": [3, 0.5]},
								"down": {"uv": [7, 19.5], "uv_size": [3, -0.5]}
							}
						},
						{
							"origin": [-0.93999, 0.78, 4.6],
							"size": [0.56, 0.5, 0.1],
							"uv": {
								"north": {"uv": [18, 18], "uv_size": [3, 0.5]},
								"east": {"uv": [29, 16], "uv_size": [0.5, 0.5]},
								"south": {"uv": [4, 19], "uv_size": [3, 0.5]},
								"west": {"uv": [17, 29], "uv_size": [0.5, 0.5]},
								"up": {"uv": [19, 4], "uv_size": [3, 0.5]},
								"down": {"uv": [7, 19.5], "uv_size": [3, -0.5]}
							}
						},
						{
							"origin": [-0.93999, 0.78, 4.6],
							"size": [0.56, 0.66, 0.1],
							"pivot": [-0.93999, 0.78, 4.6],
							"rotation": [45, 0, 0],
							"uv": {
								"north": {"uv": [18, 18], "uv_size": [3, 0.5]},
								"east": {"uv": [29, 16], "uv_size": [0.5, 0.5]},
								"south": {"uv": [4, 19], "uv_size": [3, 0.5]},
								"west": {"uv": [17, 29], "uv_size": [0.5, 0.5]},
								"up": {"uv": [19, 4], "uv_size": [3, 0.5]},
								"down": {"uv": [7, 19.5], "uv_size": [3, -0.5]}
							}
						},
						{
							"origin": [0.37999, 0.78, 4.6],
							"size": [0.56, 0.66, 0.1],
							"pivot": [0.93999, 0.78, 4.6],
							"rotation": [45, 0, 0],
							"uv": {
								"north": {"uv": [21, 18], "uv_size": [-3, 0.5]},
								"east": {"uv": [17.5, 29], "uv_size": [-0.5, 0.5]},
								"south": {"uv": [7, 19], "uv_size": [-3, 0.5]},
								"west": {"uv": [29.5, 16], "uv_size": [-0.5, 0.5]},
								"up": {"uv": [22, 4], "uv_size": [-3, 0.5]},
								"down": {"uv": [10, 19.5], "uv_size": [-3, -0.5]}
							}
						},
						{
							"origin": [-0.93999, 0.94, 4.74142],
							"size": [0.56, 0.6, 0.1],
							"pivot": [-0.93999, 0.78, 4.74142],
							"rotation": [45, 0, 0],
							"uv": {
								"north": {"uv": [18, 18], "uv_size": [3, 0.5]},
								"east": {"uv": [29, 16], "uv_size": [0.5, 0.5]},
								"south": {"uv": [4, 19], "uv_size": [3, 0.5]},
								"west": {"uv": [17, 29], "uv_size": [0.5, 0.5]},
								"up": {"uv": [19, 4], "uv_size": [3, 0.5]},
								"down": {"uv": [7, 19.5], "uv_size": [3, -0.5]}
							}
						},
						{
							"origin": [0.37999, 0.94, 4.74142],
							"size": [0.56, 0.6, 0.1],
							"pivot": [0.93999, 0.78, 4.74142],
							"rotation": [45, 0, 0],
							"uv": {
								"north": {"uv": [21, 18], "uv_size": [-3, 0.5]},
								"east": {"uv": [17.5, 29], "uv_size": [-0.5, 0.5]},
								"south": {"uv": [7, 19], "uv_size": [-3, 0.5]},
								"west": {"uv": [29.5, 16], "uv_size": [-0.5, 0.5]},
								"up": {"uv": [22, 4], "uv_size": [-3, 0.5]},
								"down": {"uv": [10, 19.5], "uv_size": [-3, -0.5]}
							}
						},
						{
							"origin": [-0.93999, 1.08142, 4.74142],
							"size": [0.56, 0.5, 0.1],
							"pivot": [-0.93999, 0.92142, 4.74142],
							"rotation": [45, 0, 0],
							"uv": {
								"north": {"uv": [18, 18], "uv_size": [3, 0.5]},
								"east": {"uv": [29, 16], "uv_size": [0.5, 0.5]},
								"south": {"uv": [4, 19], "uv_size": [3, 0.5]},
								"west": {"uv": [17, 29], "uv_size": [0.5, 0.5]},
								"up": {"uv": [19, 4], "uv_size": [3, 0.5]},
								"down": {"uv": [7, 19.5], "uv_size": [3, -0.5]}
							}
						},
						{
							"origin": [0.37999, 1.08142, 4.74142],
							"size": [0.56, 0.5, 0.1],
							"pivot": [0.93999, 0.92142, 4.74142],
							"rotation": [45, 0, 0],
							"uv": {
								"north": {"uv": [21, 18], "uv_size": [-3, 0.5]},
								"east": {"uv": [17.5, 29], "uv_size": [-0.5, 0.5]},
								"south": {"uv": [7, 19], "uv_size": [-3, 0.5]},
								"west": {"uv": [29.5, 16], "uv_size": [-0.5, 0.5]},
								"up": {"uv": [22, 4], "uv_size": [-3, 0.5]},
								"down": {"uv": [10, 19.5], "uv_size": [-3, -0.5]}
							}
						},
						{
							"origin": [-0.93999, 1.22284, 4.74142],
							"size": [0.56, 0.4, 0.1],
							"pivot": [-0.93999, 1.06284, 4.74142],
							"rotation": [45, 0, 0],
							"uv": {
								"north": {"uv": [18, 18], "uv_size": [3, 0.5]},
								"east": {"uv": [29, 16], "uv_size": [0.5, 0.5]},
								"south": {"uv": [4, 19], "uv_size": [3, 0.5]},
								"west": {"uv": [17, 29], "uv_size": [0.5, 0.5]},
								"up": {"uv": [19, 4], "uv_size": [3, 0.5]},
								"down": {"uv": [7, 19.5], "uv_size": [3, -0.5]}
							}
						},
						{
							"origin": [0.37999, 1.22284, 4.74142],
							"size": [0.56, 0.4, 0.1],
							"pivot": [0.93999, 1.06284, 4.74142],
							"rotation": [45, 0, 0],
							"uv": {
								"north": {"uv": [21, 18], "uv_size": [-3, 0.5]},
								"east": {"uv": [17.5, 29], "uv_size": [-0.5, 0.5]},
								"south": {"uv": [7, 19], "uv_size": [-3, 0.5]},
								"west": {"uv": [29.5, 16], "uv_size": [-0.5, 0.5]},
								"up": {"uv": [22, 4], "uv_size": [-3, 0.5]},
								"down": {"uv": [10, 19.5], "uv_size": [-3, -0.5]}
							}
						},
						{
							"origin": [0.37999, 0.78, 4.6],
							"size": [0.56, 0.5, 0.1],
							"uv": {
								"north": {"uv": [21, 18], "uv_size": [-3, 0.5]},
								"east": {"uv": [17.5, 29], "uv_size": [-0.5, 0.5]},
								"south": {"uv": [7, 19], "uv_size": [-3, 0.5]},
								"west": {"uv": [29.5, 16], "uv_size": [-0.5, 0.5]},
								"up": {"uv": [22, 4], "uv_size": [-3, 0.5]},
								"down": {"uv": [10, 19.5], "uv_size": [-3, -0.5]}
							}
						},
						{
							"origin": [0.89998, 2.56029, 4.33],
							"size": [0.1, 0.35, 0.1],
							"pivot": [0.71001, 2.53, 4.84207],
							"rotation": [0, 0, -25],
							"uv": {
								"north": {"uv": [10.5, 31], "uv_size": [-0.5, 0.5]},
								"east": {"uv": [10.5, 31], "uv_size": [-0.5, 0.5]},
								"south": {"uv": [10.5, 31], "uv_size": [-0.5, 0.5]},
								"west": {"uv": [10.5, 31], "uv_size": [-0.5, 0.5]},
								"up": {"uv": [10, 31.5], "uv_size": [0.5, -0.5]},
								"down": {"uv": [10, 31.5], "uv_size": [0.5, -0.5]}
							}
						},
						{
							"origin": [0.89998, 2.56029, 2.75],
							"size": [0.1, 0.35, 0.1],
							"pivot": [0.71001, 2.53, 4.84207],
							"rotation": [0, 0, -25],
							"uv": {
								"north": {"uv": [10.5, 31], "uv_size": [-0.5, 0.5]},
								"east": {"uv": [10.5, 31], "uv_size": [-0.5, 0.5]},
								"south": {"uv": [10.5, 31], "uv_size": [-0.5, 0.5]},
								"west": {"uv": [10.5, 31], "uv_size": [-0.5, 0.5]},
								"up": {"uv": [10, 31.5], "uv_size": [0.5, -0.5]},
								"down": {"uv": [10, 31.5], "uv_size": [0.5, -0.5]}
							}
						},
						{
							"origin": [0.89998, 2.56029, 1.33],
							"size": [0.1, 0.35, 0.1],
							"pivot": [0.71001, 2.53, 4.84207],
							"rotation": [0, 0, -25],
							"uv": {
								"north": {"uv": [10.5, 31], "uv_size": [-0.5, 0.5]},
								"east": {"uv": [10.5, 31], "uv_size": [-0.5, 0.5]},
								"south": {"uv": [10.5, 31], "uv_size": [-0.5, 0.5]},
								"west": {"uv": [10.5, 31], "uv_size": [-0.5, 0.5]},
								"up": {"uv": [10, 31.5], "uv_size": [0.5, -0.5]},
								"down": {"uv": [10, 31.5], "uv_size": [0.5, -0.5]}
							}
						},
						{
							"origin": [-0.97996, 2.56029, 4.33],
							"size": [0.1, 0.35, 0.1],
							"pivot": [-0.68999, 2.53, 4.84207],
							"rotation": [0, 0, 25],
							"uv": {
								"north": {"uv": [10, 31], "uv_size": [0.5, 0.5]},
								"east": {"uv": [10, 31], "uv_size": [0.5, 0.5]},
								"south": {"uv": [10, 31], "uv_size": [0.5, 0.5]},
								"west": {"uv": [10, 31], "uv_size": [0.5, 0.5]},
								"up": {"uv": [10.5, 31.5], "uv_size": [-0.5, -0.5]},
								"down": {"uv": [10.5, 31.5], "uv_size": [-0.5, -0.5]}
							}
						},
						{
							"origin": [-0.97996, 2.56029, 2.75],
							"size": [0.1, 0.35, 0.1],
							"pivot": [-0.68999, 2.53, 4.84207],
							"rotation": [0, 0, 25],
							"uv": {
								"north": {"uv": [10, 31], "uv_size": [0.5, 0.5]},
								"east": {"uv": [10, 31], "uv_size": [0.5, 0.5]},
								"south": {"uv": [10, 31], "uv_size": [0.5, 0.5]},
								"west": {"uv": [10, 31], "uv_size": [0.5, 0.5]},
								"up": {"uv": [10.5, 31.5], "uv_size": [-0.5, -0.5]},
								"down": {"uv": [10.5, 31.5], "uv_size": [-0.5, -0.5]}
							}
						},
						{
							"origin": [-0.97996, 2.56029, 1.33],
							"size": [0.1, 0.35, 0.1],
							"pivot": [-0.68999, 2.53, 4.84207],
							"rotation": [0, 0, 25],
							"uv": {
								"north": {"uv": [10, 31], "uv_size": [0.5, 0.5]},
								"east": {"uv": [10, 31], "uv_size": [0.5, 0.5]},
								"south": {"uv": [10, 31], "uv_size": [0.5, 0.5]},
								"west": {"uv": [10, 31], "uv_size": [0.5, 0.5]},
								"up": {"uv": [10.5, 31.5], "uv_size": [-0.5, -0.5]},
								"down": {"uv": [10.5, 31.5], "uv_size": [-0.5, -0.5]}
							}
						},
						{
							"origin": [-0.76854, 2.66359, 4.33],
							"size": [0.1, 0.35, 0.1],
							"pivot": [-0.54208, 2.84721, 4.65],
							"rotation": [0, 0, 70],
							"uv": {
								"north": {"uv": [10, 31], "uv_size": [0.5, 0.5]},
								"east": {"uv": [10, 31], "uv_size": [0.5, 0.5]},
								"south": {"uv": [10, 31], "uv_size": [0.5, 0.5]},
								"west": {"uv": [10, 31], "uv_size": [0.5, 0.5]},
								"up": {"uv": [10.5, 31.5], "uv_size": [-0.5, -0.5]},
								"down": {"uv": [10.5, 31.5], "uv_size": [-0.5, -0.5]}
							}
						},
						{
							"origin": [-0.76854, 2.66359, 2.75],
							"size": [0.1, 0.35, 0.1],
							"pivot": [-0.54208, 2.84721, 4.65],
							"rotation": [0, 0, 70],
							"uv": {
								"north": {"uv": [10, 31], "uv_size": [0.5, 0.5]},
								"east": {"uv": [10, 31], "uv_size": [0.5, 0.5]},
								"south": {"uv": [10, 31], "uv_size": [0.5, 0.5]},
								"west": {"uv": [10, 31], "uv_size": [0.5, 0.5]},
								"up": {"uv": [10.5, 31.5], "uv_size": [-0.5, -0.5]},
								"down": {"uv": [10.5, 31.5], "uv_size": [-0.5, -0.5]}
							}
						},
						{
							"origin": [-0.76854, 2.66359, 1.33],
							"size": [0.1, 0.35, 0.1],
							"pivot": [-0.54208, 2.84721, 4.65],
							"rotation": [0, 0, 70],
							"uv": {
								"north": {"uv": [10, 31], "uv_size": [0.5, 0.5]},
								"east": {"uv": [10, 31], "uv_size": [0.5, 0.5]},
								"south": {"uv": [10, 31], "uv_size": [0.5, 0.5]},
								"west": {"uv": [10, 31], "uv_size": [0.5, 0.5]},
								"up": {"uv": [10.5, 31.5], "uv_size": [-0.5, -0.5]},
								"down": {"uv": [10.5, 31.5], "uv_size": [-0.5, -0.5]}
							}
						},
						{
							"origin": [0.71209, 2.99721, 4.33],
							"size": [0.1, 0.35, 0.1],
							"pivot": [0.81209, 2.99721, 4.75],
							"rotation": [0, 0, -70],
							"uv": {
								"north": {"uv": [10.5, 31], "uv_size": [-0.5, 0.5]},
								"east": {"uv": [10.5, 31], "uv_size": [-0.5, 0.5]},
								"south": {"uv": [10.5, 31], "uv_size": [-0.5, 0.5]},
								"west": {"uv": [10.5, 31], "uv_size": [-0.5, 0.5]},
								"up": {"uv": [10, 31.5], "uv_size": [0.5, -0.5]},
								"down": {"uv": [10, 31.5], "uv_size": [0.5, -0.5]}
							}
						},
						{
							"origin": [0.71209, 2.99721, 2.75],
							"size": [0.1, 0.35, 0.1],
							"pivot": [0.81209, 2.99721, 4.75],
							"rotation": [0, 0, -70],
							"uv": {
								"north": {"uv": [10.5, 31], "uv_size": [-0.5, 0.5]},
								"east": {"uv": [10.5, 31], "uv_size": [-0.5, 0.5]},
								"south": {"uv": [10.5, 31], "uv_size": [-0.5, 0.5]},
								"west": {"uv": [10.5, 31], "uv_size": [-0.5, 0.5]},
								"up": {"uv": [10, 31.5], "uv_size": [0.5, -0.5]},
								"down": {"uv": [10, 31.5], "uv_size": [0.5, -0.5]}
							}
						},
						{
							"origin": [0.71209, 2.99721, 1.33],
							"size": [0.1, 0.35, 0.1],
							"pivot": [0.81209, 2.99721, 4.75],
							"rotation": [0, 0, -70],
							"uv": {
								"north": {"uv": [10.5, 31], "uv_size": [-0.5, 0.5]},
								"east": {"uv": [10.5, 31], "uv_size": [-0.5, 0.5]},
								"south": {"uv": [10.5, 31], "uv_size": [-0.5, 0.5]},
								"west": {"uv": [10.5, 31], "uv_size": [-0.5, 0.5]},
								"up": {"uv": [10, 31.5], "uv_size": [0.5, -0.5]},
								"down": {"uv": [10, 31.5], "uv_size": [0.5, -0.5]}
							}
						},
						{
							"origin": [-0.9568, 3.40691, 4.33],
							"size": [0.1, 0.95, 0.1],
							"pivot": [-0.8568, 3.01691, 4.75],
							"rotation": [0, 0, 90],
							"uv": {
								"north": {"uv": [11.5, 31], "uv_size": [-0.5, 0.5]},
								"east": {"uv": [11.5, 31], "uv_size": [-0.5, 0.5]},
								"south": {"uv": [11.5, 31], "uv_size": [-0.5, 0.5]},
								"west": {"uv": [11.5, 31], "uv_size": [-0.5, 0.5]},
								"up": {"uv": [11, 31.5], "uv_size": [0.5, -0.5]},
								"down": {"uv": [11, 31.5], "uv_size": [0.5, -0.5]}
							}
						},
						{
							"origin": [-0.9568, 3.40691, 2.75],
							"size": [0.1, 0.95, 0.1],
							"pivot": [-0.8568, 3.01691, 4.75],
							"rotation": [0, 0, 90],
							"uv": {
								"north": {"uv": [11.5, 31], "uv_size": [-0.5, 0.5]},
								"east": {"uv": [11.5, 31], "uv_size": [-0.5, 0.5]},
								"south": {"uv": [11.5, 31], "uv_size": [-0.5, 0.5]},
								"west": {"uv": [11.5, 31], "uv_size": [-0.5, 0.5]},
								"up": {"uv": [11, 31.5], "uv_size": [0.5, -0.5]},
								"down": {"uv": [11, 31.5], "uv_size": [0.5, -0.5]}
							}
						},
						{
							"origin": [-0.9568, 3.40691, 1.33],
							"size": [0.1, 0.95, 0.1],
							"pivot": [-0.8568, 3.01691, 4.75],
							"rotation": [0, 0, 90],
							"uv": {
								"north": {"uv": [11.5, 31], "uv_size": [-0.5, 0.5]},
								"east": {"uv": [11.5, 31], "uv_size": [-0.5, 0.5]},
								"south": {"uv": [11.5, 31], "uv_size": [-0.5, 0.5]},
								"west": {"uv": [11.5, 31], "uv_size": [-0.5, 0.5]},
								"up": {"uv": [11, 31.5], "uv_size": [0.5, -0.5]},
								"down": {"uv": [11, 31.5], "uv_size": [0.5, -0.5]}
							}
						},
						{
							"origin": [-0.9568, 3.40691, 2.75],
							"size": [0.1, 0.95, 0.1],
							"pivot": [-0.8568, 3.01691, 4.75],
							"rotation": [0, 0, 90],
							"uv": {
								"north": {"uv": [11.5, 31], "uv_size": [-0.5, 0.5]},
								"east": {"uv": [11.5, 31], "uv_size": [-0.5, 0.5]},
								"south": {"uv": [11.5, 31], "uv_size": [-0.5, 0.5]},
								"west": {"uv": [11.5, 31], "uv_size": [-0.5, 0.5]},
								"up": {"uv": [11, 31.5], "uv_size": [0.5, -0.5]},
								"down": {"uv": [11, 31.5], "uv_size": [0.5, -0.5]}
							}
						},
						{
							"origin": [-0.93999, 1.38, 0.62207],
							"size": [0.1, 1.3, 4],
							"uv": {
								"north": {"uv": [29, 18], "uv_size": [0.5, 0.5]},
								"east": {"uv": [2, 11], "uv_size": [4, 0.5]},
								"south": {"uv": [19, 29], "uv_size": [0.5, 0.5]},
								"west": {"uv": [11, 4], "uv_size": [4, 0.5]},
								"up": {"uv": [11, 5], "uv_size": [0.5, 4]},
								"down": {"uv": [6, 15], "uv_size": [0.5, -4]}
							}
						},
						{
							"origin": [0.86001, 1.38, 0.62207],
							"size": [0.1, 1.3, 4],
							"uv": {
								"north": {"uv": [29.5, 18], "uv_size": [-0.5, 0.5]},
								"east": {"uv": [15, 4], "uv_size": [-4, 0.5]},
								"south": {"uv": [19.5, 29], "uv_size": [-0.5, 0.5]},
								"west": {"uv": [6, 11], "uv_size": [-4, 0.5]},
								"up": {"uv": [11.5, 5], "uv_size": [-0.5, 4]},
								"down": {"uv": [6.5, 15], "uv_size": [-0.5, -4]}
							}
						},
						{
							"origin": [0.26001, 1.38, 0.82207],
							"size": [0.6, 0.4, 3.8],
							"uv": {
								"north": {"uv": [8, 64], "uv_size": [0.5, -4]},
								"east": {"uv": [8, 64], "uv_size": [0.5, -4]},
								"south": {"uv": [8, 64], "uv_size": [0.5, -4]},
								"west": {"uv": [8, 64], "uv_size": [0.5, -4]},
								"up": {"uv": [8.5, 60], "uv_size": [-0.5, 4]},
								"down": {"uv": [8.5, 60], "uv_size": [-0.5, 4]}
							}
						},
						{
							"origin": [-0.83999, 1.38, 0.78207],
							"size": [0.6, 0.4, 3.8],
							"uv": {
								"north": {"uv": [8.5, 64], "uv_size": [-0.5, -4]},
								"east": {"uv": [8.5, 64], "uv_size": [-0.5, -4]},
								"south": {"uv": [8.5, 64], "uv_size": [-0.5, -4]},
								"west": {"uv": [8.5, 64], "uv_size": [-0.5, -4]},
								"up": {"uv": [8, 60], "uv_size": [0.5, 4]},
								"down": {"uv": [8, 60], "uv_size": [0.5, 4]}
							}
						}
					]
				}
			]
		}
	]
}