{
	"format_version": "1.12.0",
	"minecraft:geometry": [
		{
			"description": {
				"identifier": "geometry.mg_42",
				"texture_width": 32,
				"texture_height": 32,
				"visible_bounds_width": 2,
				"visible_bounds_height": 1.5,
				"visible_bounds_offset": [0, 0.25, 0]
			},
			"bones": [
				{
					"name": "Gun",
					"pivot": [0, 2.25, -4.75],
					"cubes": [
						{
							"origin": [-0.3, 2.35, -6.1],
							"size": [0.6, 0.6, 0.1],
							"uv": {
								"north": {"uv": [15, 6], "uv_size": [0.5, 0.5]},
								"east": {"uv": [19, 5], "uv_size": [0.25, 0.5]},
								"south": {"uv": [16, 16], "uv_size": [0.5, 0.5]},
								"west": {"uv": [6, 19], "uv_size": [0.25, 0.5]},
								"up": {"uv": [19, 6], "uv_size": [0.5, 0.25]},
								"down": {"uv": [7, 19.25], "uv_size": [0.5, -0.25]}
							}
						},
						{
							"origin": [-0.3, 2.35, -5.5],
							"size": [0.6, 0.6, 0.1],
							"uv": {
								"north": {"uv": [17, 0], "uv_size": [0.5, 0.5]},
								"east": {"uv": [19, 7], "uv_size": [0.25, 0.5]},
								"south": {"uv": [17, 1], "uv_size": [0.5, 0.5]},
								"west": {"uv": [8, 19], "uv_size": [0.25, 0.5]},
								"up": {"uv": [19, 8], "uv_size": [0.5, 0.25]},
								"down": {"uv": [9, 19.25], "uv_size": [0.5, -0.25]}
							}
						},
						{
							"origin": [-0.3, 2.35, -5.75],
							"size": [0.6, 0.6, 0.1],
							"uv": {
								"north": {"uv": [17, 2], "uv_size": [0.5, 0.5]},
								"east": {"uv": [19, 9], "uv_size": [0.25, 0.5]},
								"south": {"uv": [17, 3], "uv_size": [0.5, 0.5]},
								"west": {"uv": [10, 19], "uv_size": [0.25, 0.5]},
								"up": {"uv": [19, 10], "uv_size": [0.5, 0.25]},
								"down": {"uv": [11, 19.25], "uv_size": [0.5, -0.25]}
							}
						},
						{
							"origin": [-0.3, 2.35, -5.25],
							"size": [0.6, 0.6, 0.1],
							"uv": {
								"north": {"uv": [4, 17], "uv_size": [0.5, 0.5]},
								"east": {"uv": [19, 11], "uv_size": [0.25, 0.5]},
								"south": {"uv": [17, 4], "uv_size": [0.5, 0.5]},
								"west": {"uv": [12, 19], "uv_size": [0.25, 0.5]},
								"up": {"uv": [19, 12], "uv_size": [0.5, 0.25]},
								"down": {"uv": [13, 19.25], "uv_size": [0.5, -0.25]}
							}
						},
						{
							"origin": [-0.25, 2.4, -6],
							"size": [0.5, 0.5, 8.5],
							"uv": {
								"north": {"uv": [5, 17], "uv_size": [0.5, 0.5]},
								"east": {"uv": [2, 2], "uv_size": [8.5, 0.5]},
								"south": {"uv": [17, 5], "uv_size": [0.5, 0.5]},
								"west": {"uv": [2, 3], "uv_size": [8.5, 0.5]},
								"up": {"uv": [2, 4], "uv_size": [0.5, 8.5]},
								"down": {"uv": [3, 12.5], "uv_size": [0.5, -8.5]}
							}
						},
						{
							"origin": [-0.31784, 2.31014, -7.03655],
							"size": [0.6, 0.6, 0.1],
							"uv": {
								"north": {"uv": [6, 17], "uv_size": [0.5, 0.5]},
								"east": {"uv": [19, 13], "uv_size": [0.25, 0.5]},
								"south": {"uv": [17, 6], "uv_size": [0.5, 0.5]},
								"west": {"uv": [14, 19], "uv_size": [0.25, 0.5]},
								"up": {"uv": [19, 14], "uv_size": [0.5, 0.25]},
								"down": {"uv": [15, 19.25], "uv_size": [0.5, -0.25]}
							}
						},
						{
							"origin": [-0.1, 2.55, -7],
							"size": [0.2, 0.2, 1],
							"uv": {
								"north": {"uv": [9, 20], "uv_size": [0.25, 0.25]},
								"east": {"uv": [7, 17], "uv_size": [1, 0.25]},
								"south": {"uv": [20, 9], "uv_size": [0.25, 0.25]},
								"west": {"uv": [17, 7], "uv_size": [1, 0.25]},
								"up": {"uv": [8, 17], "uv_size": [0.25, 1]},
								"down": {"uv": [17, 9], "uv_size": [0.25, -1]}
							}
						},
						{
							"origin": [-0.1, 2.55, -7],
							"size": [0.2, 0.2, 1],
							"pivot": [-0.1, 2.55, -6],
							"rotation": [0, -10, 0],
							"uv": {
								"north": {"uv": [10, 20], "uv_size": [0.25, 0.25]},
								"east": {"uv": [9, 17], "uv_size": [1, 0.25]},
								"south": {"uv": [20, 10], "uv_size": [0.25, 0.25]},
								"west": {"uv": [17, 9], "uv_size": [1, 0.25]},
								"up": {"uv": [17, 10], "uv_size": [0.25, 1]},
								"down": {"uv": [11, 18], "uv_size": [0.25, -1]}
							}
						},
						{
							"origin": [-0.1, 2.55, -7],
							"size": [0.2, 0.2, 1],
							"pivot": [0.1, 2.55, -6],
							"rotation": [-10, 10, 0],
							"uv": {
								"north": {"uv": [11, 20], "uv_size": [0.25, 0.25]},
								"east": {"uv": [17, 11], "uv_size": [1, 0.25]},
								"south": {"uv": [20, 11], "uv_size": [0.25, 0.25]},
								"west": {"uv": [17, 12], "uv_size": [1, 0.25]},
								"up": {"uv": [17, 13], "uv_size": [0.25, 1]},
								"down": {"uv": [17, 15], "uv_size": [0.25, -1]}
							}
						},
						{
							"origin": [-0.1, 2.55, -7],
							"size": [0.2, 0.2, 1],
							"pivot": [0.1, 2.55, -6],
							"rotation": [-9.99089, -9.70242, 3.45434],
							"uv": {
								"north": {"uv": [12, 20], "uv_size": [0.25, 0.25]},
								"east": {"uv": [17, 15], "uv_size": [1, 0.25]},
								"south": {"uv": [20, 12], "uv_size": [0.25, 0.25]},
								"west": {"uv": [16, 17], "uv_size": [1, 0.25]},
								"up": {"uv": [17, 16], "uv_size": [0.25, 1]},
								"down": {"uv": [17, 18], "uv_size": [0.25, -1]}
							}
						},
						{
							"origin": [-0.1, 2.55, -7],
							"size": [0.2, 0.2, 1],
							"pivot": [0.1, 2.55, -6],
							"rotation": [10.00911, -9.70242, 3.45434],
							"uv": {
								"north": {"uv": [13, 20], "uv_size": [0.25, 0.25]},
								"east": {"uv": [0, 18], "uv_size": [1, 0.25]},
								"south": {"uv": [20, 13], "uv_size": [0.25, 0.25]},
								"west": {"uv": [18, 0], "uv_size": [1, 0.25]},
								"up": {"uv": [1, 18], "uv_size": [0.25, 1]},
								"down": {"uv": [18, 2], "uv_size": [0.25, -1]}
							}
						},
						{
							"origin": [-0.1, 2.55, -7],
							"size": [0.2, 0.2, 1],
							"pivot": [0.1, 2.55, -6],
							"rotation": [10.0182, 9.99892, 6.9149],
							"uv": {
								"north": {"uv": [14, 20], "uv_size": [0.25, 0.25]},
								"east": {"uv": [2, 18], "uv_size": [1, 0.25]},
								"south": {"uv": [20, 14], "uv_size": [0.25, 0.25]},
								"west": {"uv": [18, 2], "uv_size": [1, 0.25]},
								"up": {"uv": [3, 18], "uv_size": [0.25, 1]},
								"down": {"uv": [18, 4], "uv_size": [0.25, -1]}
							}
						},
						{
							"origin": [-0.10608, 2.55, -7],
							"size": [0.2, 0.2, 1],
							"pivot": [-0.10304, 3.55, -6.03473],
							"rotation": [0, 10, 0],
							"uv": {
								"north": {"uv": [15, 20], "uv_size": [0.25, 0.25]},
								"east": {"uv": [4, 18], "uv_size": [1, 0.25]},
								"south": {"uv": [20, 15], "uv_size": [0.25, 0.25]},
								"west": {"uv": [18, 4], "uv_size": [1, 0.25]},
								"up": {"uv": [5, 18], "uv_size": [0.25, 1]},
								"down": {"uv": [18, 6], "uv_size": [0.25, -1]}
							}
						},
						{
							"origin": [-0.1, 2.55, -7],
							"size": [0.2, 0.2, 1],
							"pivot": [0.1, 2.75, -6],
							"rotation": [-10, 0, 0],
							"uv": {
								"north": {"uv": [16, 20], "uv_size": [0.25, 0.25]},
								"east": {"uv": [6, 18], "uv_size": [1, 0.25]},
								"south": {"uv": [20, 16], "uv_size": [0.25, 0.25]},
								"west": {"uv": [18, 6], "uv_size": [1, 0.25]},
								"up": {"uv": [7, 18], "uv_size": [0.25, 1]},
								"down": {"uv": [18, 8], "uv_size": [0.25, -1]}
							}
						},
						{
							"origin": [-0.1, 2.55, -7],
							"size": [0.2, 0.2, 1],
							"pivot": [0.1, 2.55, -6],
							"rotation": [10, 0, 0],
							"uv": {
								"north": {"uv": [17, 20], "uv_size": [0.25, 0.25]},
								"east": {"uv": [8, 18], "uv_size": [1, 0.25]},
								"south": {"uv": [20, 17], "uv_size": [0.25, 0.25]},
								"west": {"uv": [18, 8], "uv_size": [1, 0.25]},
								"up": {"uv": [9, 18], "uv_size": [0.25, 1]},
								"down": {"uv": [18, 10], "uv_size": [0.25, -1]}
							}
						},
						{
							"origin": [-0.4, 2.25, -5.25],
							"size": [0.8, 0.8, 7.25],
							"uv": {
								"north": {"uv": [4, 13], "uv_size": [0.75, 0.75]},
								"east": {"uv": [0, 0], "uv_size": [7, 0.75]},
								"south": {"uv": [5, 13], "uv_size": [0.75, 0.75]},
								"west": {"uv": [0, 1], "uv_size": [7, 0.75]},
								"up": {"uv": [0, 2], "uv_size": [0.75, 7]},
								"down": {"uv": [1, 9], "uv_size": [0.75, -7]}
							}
						},
						{
							"origin": [-0.5, 2.25, 2],
							"size": [1, 0.9, 3],
							"uv": {
								"north": {"uv": [11, 11], "uv_size": [1, 1]},
								"east": {"uv": [4, 4], "uv_size": [3, 1]},
								"south": {"uv": [12, 2], "uv_size": [1, 1]},
								"west": {"uv": [4, 5], "uv_size": [3, 1]},
								"up": {"uv": [4, 6], "uv_size": [1, 3]},
								"down": {"uv": [5, 9], "uv_size": [1, -3]}
							}
						},
						{
							"origin": [-0.5, 3.15, 3.5],
							"size": [1, 0.1, 1.5],
							"uv": {
								"north": {"uv": [12, 18], "uv_size": [1, 0.25]},
								"east": {"uv": [14, 7], "uv_size": [1.5, 0.25]},
								"south": {"uv": [18, 12], "uv_size": [1, 0.25]},
								"west": {"uv": [8, 14], "uv_size": [1.5, 0.25]},
								"up": {"uv": [10, 10], "uv_size": [1, 1.5]},
								"down": {"uv": [0, 12.5], "uv_size": [1, -1.5]}
							}
						},
						{
							"origin": [-0.5019, 2.55, 2.1],
							"size": [1.002, 0.9, 1.5],
							"pivot": [-0.5, 3.45, 2.1],
							"rotation": [-7.5, 0, 0],
							"uv": {
								"north": {"uv": [12, 3], "uv_size": [1, 1]},
								"east": {"uv": [11, 0], "uv_size": [1.5, 1]},
								"south": {"uv": [4, 12], "uv_size": [1, 1]},
								"west": {"uv": [11, 1], "uv_size": [1.5, 1]},
								"up": {"uv": [1, 11], "uv_size": [1, 1.5]},
								"down": {"uv": [11, 3.5], "uv_size": [1, -1.5]}
							}
						},
						{
							"origin": [0, 2.25, 5],
							"size": [0.5, 1, 1.5],
							"pivot": [0.5, 3.25, 5],
							"rotation": [0, -7.5, 0],
							"uv": {
								"north": {"uv": [14, 1], "uv_size": [0.5, 1]},
								"east": {"uv": [11, 5], "uv_size": [1.5, 1]},
								"south": {"uv": [14, 2], "uv_size": [0.5, 1]},
								"west": {"uv": [11, 10], "uv_size": [1.5, 1]},
								"up": {"uv": [8, 12], "uv_size": [0.5, 1.5]},
								"down": {"uv": [12, 9.5], "uv_size": [0.5, -1.5]}
							}
						},
						{
							"origin": [-0.5, 2.25, 5],
							"size": [0.5, 1, 1.5],
							"pivot": [-0.5, 3.25, 5],
							"rotation": [0, 7.5, 0],
							"uv": {
								"north": {"uv": [13, 9], "uv_size": [0.5, 1]},
								"east": {"uv": [4, 11], "uv_size": [1.5, 1]},
								"south": {"uv": [13, 10], "uv_size": [0.5, 1]},
								"west": {"uv": [11, 4], "uv_size": [1.5, 1]},
								"up": {"uv": [12, 6], "uv_size": [0.5, 1.5]},
								"down": {"uv": [7, 13.5], "uv_size": [0.5, -1.5]}
							}
						},
						{
							"origin": [0.34336, 3.41342, 5.82264],
							"size": [0.1, 1, 0.5],
							"pivot": [-0.66136, 3.37742, 5.33501],
							"rotation": [-35, -7.5, 0],
							"uv": {
								"north": {"uv": [14, 18], "uv_size": [0.25, 1]},
								"east": {"uv": [13, 13], "uv_size": [0.5, 1]},
								"south": {"uv": [18, 14], "uv_size": [0.25, 1]},
								"west": {"uv": [14, 0], "uv_size": [0.5, 1]},
								"up": {"uv": [2, 20], "uv_size": [0.25, 0.5]},
								"down": {"uv": [20, 2.5], "uv_size": [0.25, -0.5]}
							}
						},
						{
							"origin": [-0.43922, 3.41342, 5.75738],
							"size": [0.1, 1, 0.5],
							"pivot": [1.1655, 3.37742, 5.26975],
							"rotation": [-35, 7.5, 0],
							"uv": {
								"north": {"uv": [13, 18], "uv_size": [0.25, 1]},
								"east": {"uv": [13, 11], "uv_size": [0.5, 1]},
								"south": {"uv": [18, 13], "uv_size": [0.25, 1]},
								"west": {"uv": [13, 12], "uv_size": [0.5, 1]},
								"up": {"uv": [1, 20], "uv_size": [0.25, 0.5]},
								"down": {"uv": [20, 1.5], "uv_size": [0.25, -0.5]}
							}
						},
						{
							"origin": [-0.29579, 3.14618, 6.09667],
							"size": [0.6, 1, 0.5],
							"pivot": [0.00421, 3.46317, 5.96366],
							"rotation": [-35, 0, 0],
							"uv": {
								"north": {"uv": [14, 4], "uv_size": [0.5, 1]},
								"east": {"uv": [5, 14], "uv_size": [0.5, 1]},
								"south": {"uv": [14, 5], "uv_size": [0.5, 1]},
								"west": {"uv": [6, 14], "uv_size": [0.5, 1]},
								"up": {"uv": [16, 18], "uv_size": [0.5, 0.5]},
								"down": {"uv": [18, 16.5], "uv_size": [0.5, -0.5]}
							}
						},
						{
							"origin": [-0.2, 1.25, 3],
							"size": [0.3, 1.5, 0.5],
							"pivot": [-0.25, 2, 3.25],
							"rotation": [25, 0, 0],
							"uv": {
								"north": {"uv": [8, 15], "uv_size": [0.25, 1.5]},
								"east": {"uv": [9, 12], "uv_size": [0.5, 1.5]},
								"south": {"uv": [15, 8], "uv_size": [0.25, 1.5]},
								"west": {"uv": [10, 12], "uv_size": [0.5, 1.5]},
								"up": {"uv": [4, 20], "uv_size": [0.25, 0.5]},
								"down": {"uv": [20, 4.5], "uv_size": [0.25, -0.5]}
							}
						},
						{
							"origin": [-0.1, 2.25, 2.5],
							"size": [0.1, 0.6, -0.1],
							"pivot": [-0.05, 2.05, 2.35],
							"rotation": [-40, 0, 0],
							"uv": {
								"north": {"uv": [7, 20], "uv_size": [0.25, 0.5]},
								"east": {"uv": [20, 7], "uv_size": [0.25, 0.5]},
								"south": {"uv": [8, 20], "uv_size": [0.25, 0.5]},
								"west": {"uv": [20, 8], "uv_size": [0.25, 0.5]},
								"up": {"uv": [21, 4], "uv_size": [0.25, 0.25]},
								"down": {"uv": [5, 21.25], "uv_size": [0.25, -0.25]}
							}
						},
						{
							"origin": [-0.2, 1.25, 2.9],
							"size": [0.3, 1.5, 0.1],
							"pivot": [-0.25, 2, 3.25],
							"rotation": [25, 0, 0],
							"uv": {
								"north": {"uv": [9, 15], "uv_size": [0.25, 1.5]},
								"east": {"uv": [15, 10], "uv_size": [0.25, 1.5]},
								"south": {"uv": [11, 15], "uv_size": [0.25, 1.5]},
								"west": {"uv": [15, 12], "uv_size": [0.25, 1.5]},
								"up": {"uv": [20, 20], "uv_size": [0.25, 0.25]},
								"down": {"uv": [0, 21.25], "uv_size": [0.25, -0.25]}
							}
						},
						{
							"origin": [-0.2, 1.25, 3.5],
							"size": [0.3, 1.5, 0.1],
							"pivot": [-0.25, 2, 3.25],
							"rotation": [25, 0, 0],
							"uv": {
								"north": {"uv": [15, 14], "uv_size": [0.25, 1.5]},
								"east": {"uv": [0, 16], "uv_size": [0.25, 1.5]},
								"south": {"uv": [16, 0], "uv_size": [0.25, 1.5]},
								"west": {"uv": [1, 16], "uv_size": [0.25, 1.5]},
								"up": {"uv": [21, 0], "uv_size": [0.25, 0.25]},
								"down": {"uv": [1, 21.25], "uv_size": [0.25, -0.25]}
							}
						},
						{
							"origin": [-0.29579, 2.25, 6.48717],
							"size": [0.6, 1, 0.1],
							"uv": {
								"north": {"uv": [14, 3], "uv_size": [0.5, 1]},
								"east": {"uv": [15, 18], "uv_size": [0.25, 1]},
								"south": {"uv": [4, 14], "uv_size": [0.5, 1]},
								"west": {"uv": [18, 15], "uv_size": [0.25, 1]},
								"up": {"uv": [3, 20], "uv_size": [0.5, 0.25]},
								"down": {"uv": [20, 3.25], "uv_size": [0.5, -0.25]}
							}
						},
						{
							"origin": [-0.2, 1.75, 2.4],
							"size": [0.3, 0.1, 0.7],
							"uv": {
								"north": {"uv": [21, 2], "uv_size": [0.25, 0.25]},
								"east": {"uv": [19, 3], "uv_size": [0.75, 0.25]},
								"south": {"uv": [3, 21], "uv_size": [0.25, 0.25]},
								"west": {"uv": [4, 19], "uv_size": [0.75, 0.25]},
								"up": {"uv": [19, 4], "uv_size": [0.25, 0.75]},
								"down": {"uv": [5, 19.75], "uv_size": [0.25, -0.75]}
							}
						},
						{
							"origin": [-0.2, 1.11252, 2.73095],
							"size": [0.3, 0.1, 0.7],
							"pivot": [-0.25, 2.36252, 3.08095],
							"rotation": [25, 0, 0],
							"uv": {
								"north": {"uv": [21, 1], "uv_size": [0.25, 0.25]},
								"east": {"uv": [19, 1], "uv_size": [0.75, 0.25]},
								"south": {"uv": [2, 21], "uv_size": [0.25, 0.25]},
								"west": {"uv": [2, 19], "uv_size": [0.75, 0.25]},
								"up": {"uv": [19, 2], "uv_size": [0.25, 0.75]},
								"down": {"uv": [3, 19.75], "uv_size": [0.25, -0.75]}
							}
						},
						{
							"origin": [-0.2, 1.75, 2.4],
							"size": [0.3, 0.6, -0.1],
							"uv": {
								"north": {"uv": [5, 20], "uv_size": [0.25, 0.5]},
								"east": {"uv": [20, 5], "uv_size": [0.25, 0.5]},
								"south": {"uv": [6, 20], "uv_size": [0.25, 0.5]},
								"west": {"uv": [20, 6], "uv_size": [0.25, 0.5]},
								"up": {"uv": [21, 3], "uv_size": [0.25, 0.25]},
								"down": {"uv": [4, 21.25], "uv_size": [0.25, -0.25]}
							}
						},
						{
							"origin": [-0.5, 3.15, 2],
							"size": [1, 0.3, 0.1],
							"uv": {
								"north": {"uv": [17, 18], "uv_size": [1, 0.25]},
								"east": {"uv": [21, 5], "uv_size": [0.25, 0.25]},
								"south": {"uv": [18, 17], "uv_size": [1, 0.25]},
								"west": {"uv": [6, 21], "uv_size": [0.25, 0.25]},
								"up": {"uv": [18, 18], "uv_size": [1, 0.25]},
								"down": {"uv": [0, 19.25], "uv_size": [1, -0.25]}
							}
						},
						{
							"origin": [-0.4, 2.95, -5.25],
							"size": [0.2, 0.1, 7.25],
							"uv": {
								"north": {"uv": [24.75, 0.75], "uv_size": [0.2, 7.25]},
								"east": {"uv": [24.75, 0.75], "uv_size": [0.2, 7.25]},
								"south": {"uv": [24.75, 0.75], "uv_size": [0.2, 7.25]},
								"west": {"uv": [24.75, 0.75], "uv_size": [0.2, 7.25]},
								"up": {"uv": [24.95, 8], "uv_size": [-0.2, -7.25]},
								"down": {"uv": [24.95, 8], "uv_size": [-0.2, -7.25]}
							}
						},
						{
							"origin": [-0.4, 2.3, -5.25],
							"size": [0.2, 0.1, 7.25],
							"uv": {
								"north": {"uv": [24.75, 0], "uv_size": [0.2, 0.1]},
								"east": {"uv": [24.75, 0], "uv_size": [0.2, 0.1]},
								"south": {"uv": [24.75, 0], "uv_size": [0.2, 0.1]},
								"west": {"uv": [24.75, 0], "uv_size": [0.2, 0.1]},
								"up": {"uv": [24.95, 0.1], "uv_size": [-0.2, -0.1]},
								"down": {"uv": [24.95, 0.1], "uv_size": [-0.2, -0.1]}
							}
						},
						{
							"origin": [0.2, 2.3, -5.25],
							"size": [0.2, 0.1, 7.25],
							"uv": {
								"north": {"uv": [0, 0], "uv_size": [0.2, 0.1]},
								"east": {"uv": [0, 0], "uv_size": [7.25, 0.1]},
								"south": {"uv": [0, 0], "uv_size": [0.2, 0.1]},
								"west": {"uv": [0, 0], "uv_size": [7.25, 0.1]},
								"up": {"uv": [0.2, 7.25], "uv_size": [-0.2, -7.25]},
								"down": {"uv": [0.2, 7.25], "uv_size": [-0.2, -7.25]}
							}
						},
						{
							"origin": [0.2, 2.95, -5.25],
							"size": [0.2, 0.1, 7.25],
							"uv": {
								"north": {"uv": [24.75, 0], "uv_size": [0.2, 7.25]},
								"east": {"uv": [24.75, 0], "uv_size": [0.2, 7.25]},
								"south": {"uv": [24.75, 0], "uv_size": [0.2, 7.25]},
								"west": {"uv": [24.75, 0], "uv_size": [0.2, 7.25]},
								"up": {"uv": [24.95, 7.25], "uv_size": [-0.2, -7.25]},
								"down": {"uv": [24.95, 7.25], "uv_size": [-0.2, -7.25]}
							}
						},
						{
							"origin": [0.3, 2.85, -5.25],
							"size": [0.1, 0.1, 7.25],
							"uv": {
								"north": {"uv": [0, 0], "uv_size": [0.1, 0.1]},
								"east": {"uv": [0, 0], "uv_size": [7.25, 0.1]},
								"south": {"uv": [0, 0], "uv_size": [0.1, 0.1]},
								"west": {"uv": [0, 0], "uv_size": [7.25, 0.1]},
								"up": {"uv": [0.1, 7.25], "uv_size": [-0.1, -7.25]},
								"down": {"uv": [0.1, 7.25], "uv_size": [-0.1, -7.25]}
							}
						},
						{
							"origin": [-0.4, 2.85, -5.25],
							"size": [0.1, 0.1, 7.25],
							"uv": {
								"north": {"uv": [24.5, 0], "uv_size": [1.6, 8.1]},
								"east": {"uv": [24.5, 0], "uv_size": [1.6, 8.1]},
								"south": {"uv": [24.5, 0], "uv_size": [1.6, 8.1]},
								"west": {"uv": [24.5, 0], "uv_size": [1.6, 8.1]},
								"up": {"uv": [26.1, 8.1], "uv_size": [-1.6, -8.1]},
								"down": {"uv": [26.1, 8.1], "uv_size": [-1.6, -8.1]}
							}
						},
						{
							"origin": [-0.4, 2.4, -5.25],
							"size": [0.1, 0.1, 7.25],
							"uv": {
								"north": {"uv": [24.75, 0], "uv_size": [0.1, 0.1]},
								"east": {"uv": [24.75, 0], "uv_size": [0.1, 0.1]},
								"south": {"uv": [24.75, 0], "uv_size": [0.1, 0.1]},
								"west": {"uv": [24.75, 0], "uv_size": [0.1, 0.1]},
								"up": {"uv": [24.85, 0.1], "uv_size": [-0.1, -0.1]},
								"down": {"uv": [24.85, 0.1], "uv_size": [-0.1, -0.1]}
							}
						},
						{
							"origin": [0.3, 2.4, -5.25],
							"size": [0.1, 0.1, 7.25],
							"uv": {
								"north": {"uv": [24.75, 0], "uv_size": [0.1, 0.1]},
								"east": {"uv": [24.75, 0], "uv_size": [0.1, 0.1]},
								"south": {"uv": [24.75, 0], "uv_size": [0.1, 0.1]},
								"west": {"uv": [24.75, 0], "uv_size": [0.1, 0.1]},
								"up": {"uv": [24.85, 0.1], "uv_size": [-0.1, -0.1]},
								"down": {"uv": [24.85, 0.1], "uv_size": [-0.1, -0.1]}
							}
						}
					],
					"locators": {
						"locator": [0, 2.5, -7]
					}
				},
				{
					"name": "drum_mag",
					"parent": "Gun",
					"pivot": [1.75, 2.5, 3],
					"rotation": [0, 90, 0],
					"cubes": [
						{
							"origin": [0.81, 2.05224, 1.919],
							"size": [1.88, 0.89553, 2.162],
							"pivot": [1.75, 2.5, 3],
							"rotation": [-45, 0, 0],
							"uv": {
								"north": {"uv": [0, 0], "uv_size": [0.25, 0.25]},
								"east": {"uv": [0, 0], "uv_size": [0.25, 0.25]},
								"south": {"uv": [0, 0], "uv_size": [0.25, 0.25]},
								"west": {"uv": [0, 0], "uv_size": [0.25, 0.25]},
								"up": {"uv": [0.25, 0.25], "uv_size": [-0.25, -0.25]},
								"down": {"uv": [0.25, 0.25], "uv_size": [-0.25, -0.25]}
							}
						},
						{
							"origin": [0.81, 2.05224, 1.919],
							"size": [1.88, 0.89553, 2.162],
							"uv": {
								"north": {"uv": [0, 0], "uv_size": [0.25, 0.25]},
								"east": {"uv": [0, 0], "uv_size": [0.25, 0.25]},
								"south": {"uv": [0, 0], "uv_size": [0.25, 0.25]},
								"west": {"uv": [0, 0], "uv_size": [0.25, 0.25]},
								"up": {"uv": [0.25, 0.25], "uv_size": [-0.25, -0.25]},
								"down": {"uv": [0.25, 0.25], "uv_size": [-0.25, -0.25]}
							}
						},
						{
							"origin": [0.81, 1.419, 2.55224],
							"size": [1.88, 2.162, 0.89553],
							"pivot": [1.75, 2.5, 3],
							"rotation": [-45, 0, 0],
							"uv": {
								"north": {"uv": [0, 0], "uv_size": [0.25, 0.25]},
								"east": {"uv": [0, 0], "uv_size": [0.25, 0.25]},
								"south": {"uv": [0, 0], "uv_size": [0.25, 0.25]},
								"west": {"uv": [0, 0], "uv_size": [0.25, 0.25]},
								"up": {"uv": [0.25, 0.25], "uv_size": [-0.25, -0.25]},
								"down": {"uv": [0.25, 0.25], "uv_size": [-0.25, -0.25]}
							}
						},
						{
							"origin": [0.81, 1.419, 2.55224],
							"size": [1.88, 2.162, 0.89553],
							"uv": {
								"north": {"uv": [0, 0], "uv_size": [0.25, 0.25]},
								"east": {"uv": [0, 0], "uv_size": [0.25, 0.25]},
								"south": {"uv": [0, 0], "uv_size": [0.25, 0.25]},
								"west": {"uv": [0, 0], "uv_size": [0.25, 0.25]},
								"up": {"uv": [0.25, 0.25], "uv_size": [-0.25, -0.25]},
								"down": {"uv": [0.25, 0.25], "uv_size": [-0.25, -0.25]}
							}
						},
						{
							"origin": [1.5, 2.5, 1.45],
							"size": [1, 0.65, 1.25],
							"uv": {
								"north": {"uv": [25.25, 1.5], "uv_size": [1, 0.5]},
								"east": {"uv": [25.25, 1.5], "uv_size": [1, 0.5]},
								"south": {"uv": [25.25, 1.5], "uv_size": [1, 0.5]},
								"west": {"uv": [25.25, 1.5], "uv_size": [1, 0.5]},
								"up": {"uv": [26.25, 2], "uv_size": [-1, -0.5]},
								"down": {"uv": [26.25, 2], "uv_size": [-1, -0.5]}
							}
						}
					]
				},
				{
					"name": "Stand",
					"pivot": [0, 0, -5],
					"cubes": [
						{
							"origin": [1.5, 0, -5],
							"size": [0.5, 0.2, 0.5],
							"uv": {
								"north": {"uv": [19, 15], "uv_size": [0.5, 0.25]},
								"east": {"uv": [16, 19], "uv_size": [0.5, 0.25]},
								"south": {"uv": [19, 16], "uv_size": [0.5, 0.25]},
								"west": {"uv": [17, 19], "uv_size": [0.5, 0.25]},
								"up": {"uv": [10, 18], "uv_size": [0.5, 0.5]},
								"down": {"uv": [18, 10.5], "uv_size": [0.5, -0.5]}
							}
						},
						{
							"origin": [-2, 0, -5],
							"size": [0.5, 0.2, 0.5],
							"uv": {
								"north": {"uv": [19, 17], "uv_size": [0.5, 0.25]},
								"east": {"uv": [18, 19], "uv_size": [0.5, 0.25]},
								"south": {"uv": [19, 18], "uv_size": [0.5, 0.25]},
								"west": {"uv": [19, 19], "uv_size": [0.5, 0.25]},
								"up": {"uv": [11, 18], "uv_size": [0.5, 0.5]},
								"down": {"uv": [18, 11.5], "uv_size": [0.5, -0.5]}
							}
						},
						{
							"origin": [-1.9, 0, -4.9],
							"size": [0.3, 2.8, 0.3],
							"pivot": [-1.75, 0.15, -4.75],
							"rotation": [0, 0, 35],
							"uv": {
								"north": {"uv": [11, 12], "uv_size": [0.25, 2.75]},
								"east": {"uv": [12, 11], "uv_size": [0.25, 2.75]},
								"south": {"uv": [0, 13], "uv_size": [0.25, 2.75]},
								"west": {"uv": [13, 0], "uv_size": [0.25, 2.75]},
								"up": {"uv": [18, 20], "uv_size": [0.25, 0.25]},
								"down": {"uv": [20, 18.25], "uv_size": [0.25, -0.25]}
							}
						},
						{
							"origin": [1.6, 0, -4.9],
							"size": [0.3, 2.8, 0.3],
							"pivot": [1.75, 0.15, -4.75],
							"rotation": [0, 0, -35],
							"uv": {
								"north": {"uv": [1, 13], "uv_size": [0.25, 2.75]},
								"east": {"uv": [2, 13], "uv_size": [0.25, 2.75]},
								"south": {"uv": [3, 13], "uv_size": [0.25, 2.75]},
								"west": {"uv": [13, 3], "uv_size": [0.25, 2.75]},
								"up": {"uv": [19, 20], "uv_size": [0.25, 0.25]},
								"down": {"uv": [20, 19.25], "uv_size": [0.25, -0.25]}
							}
						},
						{
							"origin": [-0.3471, 1.90679, -4.9],
							"size": [0.7, 0.5, 0.3],
							"uv": {
								"north": {"uv": [14, 6], "uv_size": [0.75, 0.5]},
								"east": {"uv": [0, 20], "uv_size": [0.25, 0.5]},
								"south": {"uv": [7, 14], "uv_size": [0.75, 0.5]},
								"west": {"uv": [20, 0], "uv_size": [0.25, 0.5]},
								"up": {"uv": [19, 0], "uv_size": [0.75, 0.25]},
								"down": {"uv": [1, 19.25], "uv_size": [0.75, -0.25]}
							}
						}
					]
				}
			]
		}
	]
}