{
	"format_version": "1.12.0",
	"minecraft:geometry": [
		{
			"description": {
				"identifier": "geometry.mg_42",
				"texture_width": 32,
				"texture_height": 32,
				"visible_bounds_width": 2,
				"visible_bounds_height": 1.5,
				"visible_bounds_offset": [0, 0.25, 0]
			},
			"bones": [
				{
					"name": "bb_main2",
					"pivot": [0, 0, 0],
					"cubes": [
						{
							"origin": [-0.3, 2.1, -6],
							"size": [0.6, 0.6, 0.1],
							"uv": {
								"north": {"uv": [19, 4], "uv_size": [0.5, 0.5]},
								"east": {"uv": [4, 16], "uv_size": [1, 0.5]},
								"south": {"uv": [5, 19], "uv_size": [0.5, 0.5]},
								"west": {"uv": [5, 20], "uv_size": [1, 0.5]},
								"up": {"uv": [5, 16], "uv_size": [0.5, 1]},
								"down": {"uv": [16, 6], "uv_size": [0.5, -1]}
							}
						},
						{
							"origin": [-0.3, 2.1, -5.5],
							"size": [0.6, 0.6, 0.1],
							"uv": {
								"north": {"uv": [19, 4], "uv_size": [0.5, 0.5]},
								"east": {"uv": [4, 16], "uv_size": [1, 0.5]},
								"south": {"uv": [5, 19], "uv_size": [0.5, 0.5]},
								"west": {"uv": [5, 20], "uv_size": [0, 1]},
								"up": {"uv": [5, 20], "uv_size": [0.5, 1]},
								"down": {"uv": [16, 6], "uv_size": [0.5, -1]}
							}
						},
						{
							"origin": [-0.3, 2.1, -5.75],
							"size": [0.6, 0.6, 0.1],
							"uv": {
								"north": {"uv": [19, 4], "uv_size": [0.5, 0.5]},
								"east": {"uv": [4, 16], "uv_size": [1, 0.5]},
								"south": {"uv": [5, 19], "uv_size": [0.5, 0.5]},
								"west": {"uv": [5, 20], "uv_size": [0, 1]},
								"up": {"uv": [5, 20], "uv_size": [0.5, 1]},
								"down": {"uv": [16, 6], "uv_size": [0.5, -1]}
							}
						},
						{
							"origin": [-0.3, 2.1, -5.25],
							"size": [0.6, 0.6, 0.1],
							"uv": {
								"north": {"uv": [19, 4], "uv_size": [0.5, 0.5]},
								"east": {"uv": [4, 16], "uv_size": [1, 0.5]},
								"south": {"uv": [5, 19], "uv_size": [0.5, 0.5]},
								"west": {"uv": [5, 20], "uv_size": [0, 1]},
								"up": {"uv": [5, 16], "uv_size": [0.5, 1]},
								"down": {"uv": [16, 6], "uv_size": [0.5, -1]}
							}
						},
						{
							"origin": [-0.25, 2.15, -6],
							"size": [0.5, 0.5, 8.5],
							"uv": {
								"north": {"uv": [19, 4], "uv_size": [0.5, 0.5]},
								"east": {"uv": [4, 16], "uv_size": [1, 0.5]},
								"south": {"uv": [5, 19], "uv_size": [0.5, 0.5]},
								"west": {"uv": [16, 4], "uv_size": [1, 0.5]},
								"up": {"uv": [5, 16], "uv_size": [0.5, 1]},
								"down": {"uv": [16, 6], "uv_size": [0.5, -1]}
							}
						},
						{
							"origin": [-0.3, 2.1, -7.05],
							"size": [0.6, 0.6, 0.1],
							"uv": {
								"north": {"uv": [29, 24], "uv_size": [2, 2]},
								"east": {"uv": [16, 19], "uv_size": [0.5, 0.5]},
								"south": {"uv": [19, 16], "uv_size": [0.5, 0.5]},
								"west": {"uv": [17, 19], "uv_size": [0.5, 0.5]},
								"up": {"uv": [19, 17], "uv_size": [0.5, 0.5]},
								"down": {"uv": [18, 19.5], "uv_size": [0.5, -0.5]}
							}
						},
						{
							"origin": [-0.1, 2.3, -7],
							"size": [0.2, 0.2, 1],
							"uv": {
								"north": {"uv": [19, 6], "uv_size": [0.5, 0.5]},
								"east": {"uv": [9, 16], "uv_size": [1, 0.5]},
								"south": {"uv": [7, 19], "uv_size": [0.5, 0.5]},
								"west": {"uv": [16, 9], "uv_size": [1, 0.5]},
								"up": {"uv": [10, 16], "uv_size": [0.5, 1]},
								"down": {"uv": [16, 11], "uv_size": [0.5, -1]}
							}
						},
						{
							"origin": [-0.1, 2.3, -7],
							"size": [0.2, 0.2, 1],
							"pivot": [-0.1, 2.3, -6],
							"rotation": [0, -10, 0],
							"uv": {
								"north": {"uv": [19, 9], "uv_size": [0.5, 0.5]},
								"east": {"uv": [15, 16], "uv_size": [1, 0.5]},
								"south": {"uv": [10, 19], "uv_size": [0.5, 0.5]},
								"west": {"uv": [16, 15], "uv_size": [1, 0.5]},
								"up": {"uv": [16, 16], "uv_size": [0.5, 1]},
								"down": {"uv": [0, 18], "uv_size": [0.5, -1]}
							}
						},
						{
							"origin": [-0.1, 2.3, -7],
							"size": [0.2, 0.2, 1],
							"pivot": [0.1, 2.3, -6],
							"rotation": [-10, 10, 0],
							"uv": {
								"north": {"uv": [19, 10], "uv_size": [0.5, 0.5]},
								"east": {"uv": [17, 0], "uv_size": [1, 0.5]},
								"south": {"uv": [11, 19], "uv_size": [0.5, 0.5]},
								"west": {"uv": [1, 17], "uv_size": [1, 0.5]},
								"up": {"uv": [17, 1], "uv_size": [0.5, 1]},
								"down": {"uv": [2, 18], "uv_size": [0.5, -1]}
							}
						},
						{
							"origin": [-0.1, 2.3, -7],
							"size": [0.2, 0.2, 1],
							"pivot": [0.1, 2.3, -6],
							"rotation": [-9.99089, -9.70242, 3.45434],
							"uv": {
								"north": {"uv": [19, 12], "uv_size": [0.5, 0.5]},
								"east": {"uv": [17, 4], "uv_size": [1, 0.5]},
								"south": {"uv": [13, 19], "uv_size": [0.5, 0.5]},
								"west": {"uv": [5, 17], "uv_size": [1, 0.5]},
								"up": {"uv": [17, 5], "uv_size": [0.5, 1]},
								"down": {"uv": [6, 18], "uv_size": [0.5, -1]}
							}
						},
						{
							"origin": [-0.1, 2.3, -7],
							"size": [0.2, 0.2, 1],
							"pivot": [0.1, 2.3, -6],
							"rotation": [10.00911, -9.70242, 3.45434],
							"uv": {
								"north": {"uv": [19, 13], "uv_size": [0.5, 0.5]},
								"east": {"uv": [17, 6], "uv_size": [1, 0.5]},
								"south": {"uv": [14, 19], "uv_size": [0.5, 0.5]},
								"west": {"uv": [7, 17], "uv_size": [1, 0.5]},
								"up": {"uv": [17, 7], "uv_size": [0.5, 1]},
								"down": {"uv": [8, 18], "uv_size": [0.5, -1]}
							}
						},
						{
							"origin": [-0.1, 2.3, -7],
							"size": [0.2, 0.2, 1],
							"pivot": [0.1, 2.3, -6],
							"rotation": [10.0182, 9.99892, 6.9149],
							"uv": {
								"north": {"uv": [19, 14], "uv_size": [0.5, 0.5]},
								"east": {"uv": [17, 8], "uv_size": [1, 0.5]},
								"south": {"uv": [15, 19], "uv_size": [0.5, 0.5]},
								"west": {"uv": [9, 17], "uv_size": [1, 0.5]},
								"up": {"uv": [17, 9], "uv_size": [0.5, 1]},
								"down": {"uv": [10, 18], "uv_size": [0.5, -1]}
							}
						},
						{
							"origin": [-0.10608, 2.3, -7],
							"size": [0.2, 0.2, 1],
							"pivot": [-0.10304, 3.3, -6.03473],
							"rotation": [0, 10, 0],
							"uv": {
								"north": {"uv": [19, 11], "uv_size": [0.5, 0.5]},
								"east": {"uv": [17, 2], "uv_size": [1, 0.5]},
								"south": {"uv": [12, 19], "uv_size": [0.5, 0.5]},
								"west": {"uv": [3, 17], "uv_size": [1, 0.5]},
								"up": {"uv": [17, 3], "uv_size": [0.5, 1]},
								"down": {"uv": [4, 18], "uv_size": [0.5, -1]}
							}
						},
						{
							"origin": [-0.1, 2.3, -7],
							"size": [0.2, 0.2, 1],
							"pivot": [0.1, 2.5, -6],
							"rotation": [-10, 0, 0],
							"uv": {
								"north": {"uv": [19, 7], "uv_size": [0.5, 0.5]},
								"east": {"uv": [11, 16], "uv_size": [1, 0.5]},
								"south": {"uv": [8, 19], "uv_size": [0.5, 0.5]},
								"west": {"uv": [16, 11], "uv_size": [1, 0.5]},
								"up": {"uv": [12, 16], "uv_size": [0.5, 1]},
								"down": {"uv": [16, 13], "uv_size": [0.5, -1]}
							}
						},
						{
							"origin": [-0.1, 2.3, -7],
							"size": [0.2, 0.2, 1],
							"pivot": [0.1, 2.3, -6],
							"rotation": [10, 0, 0],
							"uv": {
								"north": {"uv": [19, 8], "uv_size": [0.5, 0.5]},
								"east": {"uv": [13, 16], "uv_size": [1, 0.5]},
								"south": {"uv": [9, 19], "uv_size": [0.5, 0.5]},
								"west": {"uv": [16, 13], "uv_size": [1, 0.5]},
								"up": {"uv": [14, 16], "uv_size": [0.5, 1]},
								"down": {"uv": [16, 15], "uv_size": [0.5, -1]}
							}
						}
					]
				},
				{
					"name": "bb_main",
					"pivot": [0, 0, 0],
					"cubes": [
						{
							"origin": [1.5, 0, -5],
							"size": [0.5, 0.2, 0.5],
							"uv": {
								"north": {"uv": [17, 10], "uv_size": [0.5, 0.5]},
								"east": {"uv": [11, 17], "uv_size": [0.5, 0.5]},
								"south": {"uv": [17, 11], "uv_size": [0.5, 0.5]},
								"west": {"uv": [12, 17], "uv_size": [0.5, 0.5]},
								"up": {"uv": [17, 12], "uv_size": [0.5, 0.5]},
								"down": {"uv": [13, 17.5], "uv_size": [0.5, -0.5]}
							}
						},
						{
							"origin": [-2, 0, -5],
							"size": [0.5, 0.2, 0.5],
							"uv": {
								"north": {"uv": [17, 13], "uv_size": [0.5, 0.5]},
								"east": {"uv": [14, 17], "uv_size": [0.5, 0.5]},
								"south": {"uv": [17, 14], "uv_size": [0.5, 0.5]},
								"west": {"uv": [15, 17], "uv_size": [0.5, 0.5]},
								"up": {"uv": [17, 15], "uv_size": [0.5, 0.5]},
								"down": {"uv": [16, 17.5], "uv_size": [0.5, -0.5]}
							}
						},
						{
							"origin": [-1.9, 0, -4.9],
							"size": [0.3, 2.8, 0.3],
							"pivot": [-1.75, 0.15, -4.75],
							"rotation": [0, 0, 35],
							"uv": {
								"north": {"uv": [9, 0], "uv_size": [0.5, 3]},
								"east": {"uv": [2, 9], "uv_size": [0.5, 3]},
								"south": {"uv": [3, 9], "uv_size": [0.5, 3]},
								"west": {"uv": [10, 0], "uv_size": [0.5, 3]},
								"up": {"uv": [17, 16], "uv_size": [0.5, 0.5]},
								"down": {"uv": [17, 17.5], "uv_size": [0.5, -0.5]}
							}
						},
						{
							"origin": [1.6, 0, -4.9],
							"size": [0.3, 2.8, 0.3],
							"pivot": [1.75, 0.15, -4.75],
							"rotation": [0, 0, -35],
							"uv": {
								"north": {"uv": [10, 3], "uv_size": [0.5, 3]},
								"east": {"uv": [4, 10], "uv_size": [0.5, 3]},
								"south": {"uv": [5, 10], "uv_size": [0.5, 3]},
								"west": {"uv": [6, 10], "uv_size": [0.5, 3]},
								"up": {"uv": [0, 18], "uv_size": [0.5, 0.5]},
								"down": {"uv": [18, 0.5], "uv_size": [0.5, -0.5]}
							}
						},
						{
							"origin": [-0.3471, 1.90679, -4.9],
							"size": [0.7, 0.5, 0.3],
							"uv": {
								"north": {"uv": [1, 18], "uv_size": [0.5, 0.5]},
								"east": {"uv": [18, 1], "uv_size": [0.5, 0.5]},
								"south": {"uv": [2, 18], "uv_size": [0.5, 0.5]},
								"west": {"uv": [18, 2], "uv_size": [0.5, 0.5]},
								"up": {"uv": [3, 18], "uv_size": [0.5, 0.5]},
								"down": {"uv": [18, 3.5], "uv_size": [0.5, -0.5]}
							}
						},
						{
							"origin": [-0.4, 2, -5],
							"size": [0.8, 0.8, 7],
							"uv": {
								"north": {"uv": [9, 3], "uv_size": [1, 1]},
								"east": {"uv": [21, 19], "uv_size": [11, 3]},
								"south": {"uv": [11, 4], "uv_size": [1, 1]},
								"west": {"uv": [21, 16], "uv_size": [11, 3]},
								"up": {"uv": [29, 5], "uv_size": [3, 11]},
								"down": {"uv": [29, 16], "uv_size": [3, -11]}
							}
						},
						{
							"origin": [-0.5, 2, 2],
							"size": [1, 0.9, 3],
							"uv": {
								"north": {"uv": [11, 5], "uv_size": [1, 1]},
								"east": {"uv": [2, 2], "uv_size": [3, 1]},
								"south": {"uv": [7, 11], "uv_size": [1, 1]},
								"west": {"uv": [2, 3], "uv_size": [3, 1]},
								"up": {"uv": [2, 4], "uv_size": [1, 3]},
								"down": {"uv": [3, 7], "uv_size": [1, -3]}
							}
						},
						{
							"origin": [-0.5, 2.9, 3.5],
							"size": [1, 0.1, 1.5],
							"uv": {
								"north": {"uv": [8, 16], "uv_size": [1, 0.5]},
								"east": {"uv": [15, 0], "uv_size": [1.5, 0.5]},
								"south": {"uv": [16, 8], "uv_size": [1, 0.5]},
								"west": {"uv": [15, 1], "uv_size": [1.5, 0.5]},
								"up": {"uv": [1, 11], "uv_size": [1, 1.5]},
								"down": {"uv": [11, 3.5], "uv_size": [1, -1.5]}
							}
						},
						{
							"origin": [-0.5, 2.3, 2.1],
							"size": [1, 0.9, 1.5],
							"pivot": [-0.5, 3.2, 2.1],
							"rotation": [-7.5, 0, 0],
							"uv": {
								"north": {"uv": [10, 11], "uv_size": [1, 1]},
								"east": {"uv": [9, 10], "uv_size": [1.5, 1]},
								"south": {"uv": [11, 10], "uv_size": [1, 1]},
								"west": {"uv": [10, 9], "uv_size": [1.5, 1]},
								"up": {"uv": [0, 11], "uv_size": [1, 1.5]},
								"down": {"uv": [11, 1.5], "uv_size": [1, -1.5]}
							}
						},
						{
							"origin": [1.2, 2, 2],
							"size": [0.3, 1.29, 1.5],
							"uv": {
								"north": {"uv": [11, 11], "uv_size": [0.5, 1.5]},
								"east": {"uv": [4, 4], "uv_size": [1.5, 1.5]},
								"south": {"uv": [12, 0], "uv_size": [0.5, 1.5]},
								"west": {"uv": [5, 2], "uv_size": [1.5, 1.5]},
								"up": {"uv": [2, 12], "uv_size": [0.5, 1.5]},
								"down": {"uv": [12, 3.5], "uv_size": [0.5, -1.5]}
							}
						},
						{
							"origin": [1.25773, 1.9872, 2],
							"size": [0.3, 1.29, 1.5],
							"pivot": [1.40773, 2.7372, 2.75],
							"rotation": [0, 0, 25],
							"uv": {
								"north": {"uv": [3, 12], "uv_size": [0.5, 1.5]},
								"east": {"uv": [4, 6], "uv_size": [1.5, 1.5]},
								"south": {"uv": [12, 4], "uv_size": [0.5, 1.5]},
								"west": {"uv": [6, 4], "uv_size": [1.5, 1.5]},
								"up": {"uv": [12, 6], "uv_size": [0.5, 1.5]},
								"down": {"uv": [7, 13.5], "uv_size": [0.5, -1.5]}
							}
						},
						{
							"origin": [1.3251, 1.9378, 2],
							"size": [0.3, 1.29, 1.5],
							"pivot": [1.4751, 2.6878, 2.75],
							"rotation": [0, 0, 47.5],
							"uv": {
								"north": {"uv": [8, 12], "uv_size": [0.5, 1.5]},
								"east": {"uv": [6, 6], "uv_size": [1.5, 1.5]},
								"south": {"uv": [12, 8], "uv_size": [0.5, 1.5]},
								"west": {"uv": [7, 0], "uv_size": [1.5, 1.5]},
								"up": {"uv": [9, 12], "uv_size": [0.5, 1.5]},
								"down": {"uv": [10, 13.5], "uv_size": [0.5, -1.5]}
							}
						},
						{
							"origin": [1.35467, 1.88659, 2],
							"size": [0.3, 1.29, 1.5],
							"pivot": [1.50467, 2.63659, 2.75],
							"rotation": [0, 0, 72.5],
							"uv": {
								"north": {"uv": [12, 10], "uv_size": [0.5, 1.5]},
								"east": {"uv": [2, 7], "uv_size": [1.5, 1.5]},
								"south": {"uv": [12, 12], "uv_size": [0.5, 1.5]},
								"west": {"uv": [7, 2], "uv_size": [1.5, 1.5]},
								"up": {"uv": [0, 13], "uv_size": [0.5, 1.5]},
								"down": {"uv": [13, 1.5], "uv_size": [0.5, -1.5]}
							}
						},
						{
							"origin": [1.35982, 1.82768, 2],
							"size": [0.3, 1.27, 1.5],
							"pivot": [1.50982, 2.57768, 2.75],
							"rotation": [0, 0, 97.5],
							"uv": {
								"north": {"uv": [1, 13], "uv_size": [0.5, 1.5]},
								"east": {"uv": [4, 8], "uv_size": [1.5, 1.5]},
								"south": {"uv": [13, 2], "uv_size": [0.5, 1.5]},
								"west": {"uv": [8, 4], "uv_size": [1.5, 1.5]},
								"up": {"uv": [4, 13], "uv_size": [0.5, 1.5]},
								"down": {"uv": [13, 5.5], "uv_size": [0.5, -1.5]}
							}
						},
						{
							"origin": [1.34214, 1.86052, 2],
							"size": [0.3, 1.29, 1.5],
							"pivot": [1.49214, 2.61052, 2.75],
							"rotation": [0, 0, 122.5],
							"uv": {
								"north": {"uv": [5, 13], "uv_size": [0.5, 1.5]},
								"east": {"uv": [6, 8], "uv_size": [1.5, 1.5]},
								"south": {"uv": [6, 13], "uv_size": [0.5, 1.5]},
								"west": {"uv": [8, 6], "uv_size": [1.5, 1.5]},
								"up": {"uv": [13, 6], "uv_size": [0.5, 1.5]},
								"down": {"uv": [13, 9.5], "uv_size": [0.5, -1.5]}
							}
						},
						{
							"origin": [1.20179, 1.79048, 2],
							"size": [0.35, 1.29, 1.5],
							"pivot": [1.40179, 2.54048, 2.75],
							"rotation": [0, 0, 150],
							"uv": {
								"north": {"uv": [13, 10], "uv_size": [0.5, 1.5]},
								"east": {"uv": [8, 8], "uv_size": [1.5, 1.5]},
								"south": {"uv": [11, 13], "uv_size": [0.5, 1.5]},
								"west": {"uv": [0, 9], "uv_size": [1.5, 1.5]},
								"up": {"uv": [13, 12], "uv_size": [0.5, 1.5]},
								"down": {"uv": [14, 1.5], "uv_size": [0.5, -1.5]}
							}
						},
						{
							"origin": [0.5, 2.5, 2.2],
							"size": [1, 0.4, 1],
							"uv": {
								"north": {"uv": [1, 15], "uv_size": [1, 0.5]},
								"east": {"uv": [15, 2], "uv_size": [1, 0.5]},
								"south": {"uv": [15, 3], "uv_size": [1, 0.5]},
								"west": {"uv": [4, 15], "uv_size": [1, 0.5]},
								"up": {"uv": [8, 11], "uv_size": [1, 1]},
								"down": {"uv": [9, 12], "uv_size": [1, -1]}
							}
						},
						{
							"origin": [-0.5, 2, 5],
							"size": [0.5, 1, 1.5],
							"pivot": [-0.5, 3, 5],
							"rotation": [0, 7.5, 0],
							"uv": {
								"north": {"uv": [15, 4], "uv_size": [0.5, 1]},
								"east": {"uv": [10, 6], "uv_size": [1.5, 1]},
								"south": {"uv": [5, 15], "uv_size": [0.5, 1]},
								"west": {"uv": [7, 10], "uv_size": [1.5, 1]},
								"up": {"uv": [2, 14], "uv_size": [0.5, 1.5]},
								"down": {"uv": [14, 3.5], "uv_size": [0.5, -1.5]}
							}
						},
						{
							"origin": [-0.43922, 3.16342, 5.75738],
							"size": [0.1, 1, 0.5],
							"pivot": [1.1655, 3.12742, 5.26975],
							"rotation": [-35, 7.5, 0],
							"uv": {
								"north": {"uv": [15, 5], "uv_size": [0.5, 1]},
								"east": {"uv": [6, 15], "uv_size": [0.5, 1]},
								"south": {"uv": [15, 6], "uv_size": [0.5, 1]},
								"west": {"uv": [15, 7], "uv_size": [0.5, 1]},
								"up": {"uv": [4, 18], "uv_size": [0.5, 0.5]},
								"down": {"uv": [18, 4.5], "uv_size": [0.5, -0.5]}
							}
						},
						{
							"origin": [0.34336, 3.16342, 5.82264],
							"size": [0.1, 1, 0.5],
							"pivot": [-0.66136, 3.12742, 5.33501],
							"rotation": [-35, -7.5, 0],
							"uv": {
								"north": {"uv": [15, 8], "uv_size": [0.5, 1]},
								"east": {"uv": [15, 9], "uv_size": [0.5, 1]},
								"south": {"uv": [15, 10], "uv_size": [0.5, 1]},
								"west": {"uv": [11, 15], "uv_size": [0.5, 1]},
								"up": {"uv": [5, 18], "uv_size": [0.5, 0.5]},
								"down": {"uv": [18, 5.5], "uv_size": [0.5, -0.5]}
							}
						},
						{
							"origin": [0, 2, 5],
							"size": [0.5, 1, 1.5],
							"pivot": [0.5, 3, 5],
							"rotation": [0, -7.5, 0],
							"uv": {
								"north": {"uv": [15, 11], "uv_size": [0.5, 1]},
								"east": {"uv": [10, 7], "uv_size": [1.5, 1]},
								"south": {"uv": [15, 12], "uv_size": [0.5, 1]},
								"west": {"uv": [10, 8], "uv_size": [1.5, 1]},
								"up": {"uv": [3, 14], "uv_size": [0.5, 1.5]},
								"down": {"uv": [14, 5.5], "uv_size": [0.5, -1.5]}
							}
						},
						{
							"origin": [-0.29579, 2, 6.48717],
							"size": [0.6, 1, 0.1],
							"uv": {
								"north": {"uv": [15, 13], "uv_size": [0.5, 1]},
								"east": {"uv": [15, 14], "uv_size": [0.5, 1]},
								"south": {"uv": [15, 15], "uv_size": [0.5, 1]},
								"west": {"uv": [1, 16], "uv_size": [0.5, 1]},
								"up": {"uv": [6, 18], "uv_size": [0.5, 0.5]},
								"down": {"uv": [18, 6.5], "uv_size": [0.5, -0.5]}
							}
						},
						{
							"origin": [-0.29579, 2.89618, 6.09667],
							"size": [0.6, 1, 0.5],
							"pivot": [0.00421, 3.21317, 5.96366],
							"rotation": [-35, 0, 0],
							"uv": {
								"north": {"uv": [2, 16], "uv_size": [0.5, 1]},
								"east": {"uv": [16, 2], "uv_size": [0.5, 1]},
								"south": {"uv": [3, 16], "uv_size": [0.5, 1]},
								"west": {"uv": [16, 3], "uv_size": [0.5, 1]},
								"up": {"uv": [7, 18], "uv_size": [0.5, 0.5]},
								"down": {"uv": [18, 7.5], "uv_size": [0.5, -0.5]}
							}
						},
						{
							"origin": [-0.2, 1, 3],
							"size": [0.3, 1.5, 0.5],
							"pivot": [-0.25, 1.75, 3.25],
							"rotation": [25, 0, 0],
							"uv": {
								"north": {"uv": [14, 6], "uv_size": [0.5, 1.5]},
								"east": {"uv": [7, 14], "uv_size": [0.5, 1.5]},
								"south": {"uv": [8, 14], "uv_size": [0.5, 1.5]},
								"west": {"uv": [14, 8], "uv_size": [0.5, 1.5]},
								"up": {"uv": [8, 18], "uv_size": [0.5, 0.5]},
								"down": {"uv": [18, 8.5], "uv_size": [0.5, -0.5]}
							}
						},
						{
							"origin": [-0.2, 1, 2.9],
							"size": [0.3, 1.5, 0.1],
							"pivot": [-0.25, 1.75, 3.25],
							"rotation": [25, 0, 0],
							"uv": {
								"north": {"uv": [9, 14], "uv_size": [0.5, 1.5]},
								"east": {"uv": [10, 14], "uv_size": [0.5, 1.5]},
								"south": {"uv": [14, 10], "uv_size": [0.5, 1.5]},
								"west": {"uv": [12, 14], "uv_size": [0.5, 1.5]},
								"up": {"uv": [9, 18], "uv_size": [0.5, 0.5]},
								"down": {"uv": [18, 9.5], "uv_size": [0.5, -0.5]}
							}
						},
						{
							"origin": [-0.2, 1, 3.5],
							"size": [0.3, 1.5, 0.1],
							"pivot": [-0.25, 1.75, 3.25],
							"rotation": [25, 0, 0],
							"uv": {
								"north": {"uv": [14, 12], "uv_size": [0.5, 1.5]},
								"east": {"uv": [13, 14], "uv_size": [0.5, 1.5]},
								"south": {"uv": [14, 14], "uv_size": [0.5, 1.5]},
								"west": {"uv": [0, 15], "uv_size": [0.5, 1.5]},
								"up": {"uv": [10, 18], "uv_size": [0.5, 0.5]},
								"down": {"uv": [18, 10.5], "uv_size": [0.5, -0.5]}
							}
						},
						{
							"origin": [-0.2, 0.86252, 2.73095],
							"size": [0.3, 0.1, 0.7],
							"pivot": [-0.25, 2.11252, 3.08095],
							"rotation": [25, 0, 0],
							"uv": {
								"north": {"uv": [11, 18], "uv_size": [0.5, 0.5]},
								"east": {"uv": [18, 11], "uv_size": [0.5, 0.5]},
								"south": {"uv": [12, 18], "uv_size": [0.5, 0.5]},
								"west": {"uv": [18, 12], "uv_size": [0.5, 0.5]},
								"up": {"uv": [13, 18], "uv_size": [0.5, 0.5]},
								"down": {"uv": [18, 13.5], "uv_size": [0.5, -0.5]}
							}
						},
						{
							"origin": [-0.2, 1.5, 2.4],
							"size": [0.3, 0.1, 0.7],
							"uv": {
								"north": {"uv": [14, 18], "uv_size": [0.5, 0.5]},
								"east": {"uv": [18, 14], "uv_size": [0.5, 0.5]},
								"south": {"uv": [15, 18], "uv_size": [0.5, 0.5]},
								"west": {"uv": [18, 15], "uv_size": [0.5, 0.5]},
								"up": {"uv": [16, 18], "uv_size": [0.5, 0.5]},
								"down": {"uv": [18, 16.5], "uv_size": [0.5, -0.5]}
							}
						},
						{
							"origin": [-0.2, 1.5, 2.4],
							"size": [0.3, 0.6, -0.1],
							"uv": {
								"north": {"uv": [17, 18], "uv_size": [0.5, 0.5]},
								"east": {"uv": [18, 17], "uv_size": [0.5, 0.5]},
								"south": {"uv": [18, 18], "uv_size": [0.5, 0.5]},
								"west": {"uv": [0, 19], "uv_size": [0.5, 0.5]},
								"up": {"uv": [19, 0], "uv_size": [0.5, 0.5]},
								"down": {"uv": [1, 19.5], "uv_size": [0.5, -0.5]}
							}
						},
						{
							"origin": [-0.1, 2, 2.5],
							"size": [0.1, 0.6, -0.1],
							"pivot": [-0.05, 1.8, 2.35],
							"rotation": [-40, 0, 0],
							"uv": {
								"north": {"uv": [19, 1], "uv_size": [0.5, 0.5]},
								"east": {"uv": [2, 19], "uv_size": [0.5, 0.5]},
								"south": {"uv": [19, 2], "uv_size": [0.5, 0.5]},
								"west": {"uv": [3, 19], "uv_size": [0.5, 0.5]},
								"up": {"uv": [19, 3], "uv_size": [0.5, 0.5]},
								"down": {"uv": [4, 19.5], "uv_size": [0.5, -0.5]}
							}
						},
						{
							"origin": [-0.5, 2.9, 2],
							"size": [1, 0.3, 0.1],
							"uv": {
								"north": {"uv": [6, 16], "uv_size": [1, 0.5]},
								"east": {"uv": [19, 5], "uv_size": [0.5, 0.5]},
								"south": {"uv": [16, 6], "uv_size": [1, 0.5]},
								"west": {"uv": [6, 19], "uv_size": [0.5, 0.5]},
								"up": {"uv": [7, 16], "uv_size": [1, 0.5]},
								"down": {"uv": [16, 7.5], "uv_size": [1, -0.5]}
							}
						}
					]
				}
			]
		}
	]
}