{
	"format_version": "1.12.0",
	"minecraft:geometry": [
		{
			"description": {
				"identifier": "geometry.opel_blitz",
				"texture_width": 64,
				"texture_height": 64,
				"visible_bounds_width": 2,
				"visible_bounds_height": 1.5,
				"visible_bounds_offset": [0, 0.25, 0]
			},
			"bones": [
				{
					"name": "bb_main2",
					"pivot": [0, 0, 0],
					"cubes": [
						{
							"origin": [-0.2, 1.7, -3.45],
							"size": [0.3, 0.1, 0.1],
							"pivot": [-0.15, 1.55, -3.45],
							"rotation": [0, 0, -25],
							"uv": {
								"north": {"uv": [0, 29], "uv_size": [0.3, 0.1]},
								"east": {"uv": [0, 29], "uv_size": [0.1, 0.1]},
								"south": {"uv": [0, 29], "uv_size": [0.3, 0.1]},
								"west": {"uv": [0, 29], "uv_size": [0.1, 0.1]},
								"up": {"uv": [0.3, 29.1], "uv_size": [-0.3, -0.1]},
								"down": {"uv": [0.3, 29.1], "uv_size": [-0.3, -0.1]}
							}
						},
						{
							"origin": [0, 1.6, -3.45],
							"size": [0.2, 0.1, 0.1],
							"pivot": [-0.15, 1.55, -3.45],
							"rotation": [0, 0, -25],
							"uv": {
								"north": {"uv": [0, 28], "uv_size": [2, 2]},
								"east": {"uv": [0, 29], "uv_size": [0.1, 0.1]},
								"south": {"uv": [0, 29], "uv_size": [0.2, 0.1]},
								"west": {"uv": [0, 29], "uv_size": [0.1, 0.1]},
								"up": {"uv": [0.2, 29.1], "uv_size": [-0.2, -0.1]},
								"down": {"uv": [0.2, 29.1], "uv_size": [-0.2, -0.1]}
							}
						}
					]
				},
				{
					"name": "bb_main",
					"pivot": [0, 0, 0],
					"cubes": [
						{
							"origin": [0.9, 0, -3],
							"size": [0.3, 1, 1],
							"uv": {
								"north": {"uv": [9, 15], "uv_size": [1, 1]},
								"east": {"uv": [56, 56], "uv_size": [8, 8]},
								"south": {"uv": [20, 5], "uv_size": [1, 1]},
								"west": {"uv": [56, 56], "uv_size": [8, 8]},
								"up": {"uv": [7, 20], "uv_size": [1, 1]},
								"down": {"uv": [20, 8], "uv_size": [1, -1]}
							}
						},
						{
							"origin": [-1.2, 0, -3],
							"size": [0.3, 1, 1],
							"uv": {
								"north": {"uv": [8, 20], "uv_size": [1, 1]},
								"east": {"uv": [56, 56], "uv_size": [8, 8]},
								"south": {"uv": [20, 9], "uv_size": [1, 1]},
								"west": {"uv": [56, 56], "uv_size": [8, 8]},
								"up": {"uv": [20, 10], "uv_size": [1, 1]},
								"down": {"uv": [11, 21], "uv_size": [1, -1]}
							}
						},
						{
							"origin": [1.2, 0, 3],
							"size": [0.3, 1, 1],
							"uv": {
								"north": {"uv": [20, 11], "uv_size": [1, 1]},
								"east": {"uv": [56, 56], "uv_size": [8, 8]},
								"south": {"uv": [20, 12], "uv_size": [1, 1]},
								"west": {"uv": [56, 56], "uv_size": [8, 8]},
								"up": {"uv": [20, 13], "uv_size": [1, 1]},
								"down": {"uv": [14, 21], "uv_size": [1, -1]}
							}
						},
						{
							"origin": [0.85, 0, 3],
							"size": [0.3, 1, 1],
							"uv": {
								"north": {"uv": [17, 24], "uv_size": [1, 1]},
								"east": {"uv": [56, 56], "uv_size": [8, 8]},
								"south": {"uv": [18, 24], "uv_size": [1, 1]},
								"west": {"uv": [56, 56], "uv_size": [8, 8]},
								"up": {"uv": [19, 24], "uv_size": [1, 1]},
								"down": {"uv": [24, 20], "uv_size": [1, -1]}
							}
						},
						{
							"origin": [0.7, 0.2, 1],
							"size": [0.3, 1, 1],
							"pivot": [0.15, 0.5, 2],
							"rotation": [0, 0, -90],
							"uv": {
								"north": {"uv": [20, 14], "uv_size": [1, 1]},
								"east": {"uv": [56, 56], "uv_size": [8, 8]},
								"south": {"uv": [16, 20], "uv_size": [1, 1]},
								"west": {"uv": [56, 56], "uv_size": [8, 8]},
								"up": {"uv": [18, 20], "uv_size": [1, 1]},
								"down": {"uv": [20, 19], "uv_size": [1, -1]}
							}
						},
						{
							"origin": [-1.5, 0, 3],
							"size": [0.3, 1, 1],
							"uv": {
								"north": {"uv": [20, 14], "uv_size": [1, 1]},
								"east": {"uv": [56, 56], "uv_size": [8, 8]},
								"south": {"uv": [16, 20], "uv_size": [1, 1]},
								"west": {"uv": [56, 56], "uv_size": [8, 8]},
								"up": {"uv": [18, 20], "uv_size": [1, 1]},
								"down": {"uv": [20, 19], "uv_size": [1, -1]}
							}
						},
						{
							"origin": [-1.15, 0, 3],
							"size": [0.3, 1, 1],
							"uv": {
								"north": {"uv": [20, 24], "uv_size": [1, 1]},
								"east": {"uv": [56, 56], "uv_size": [8, 8]},
								"south": {"uv": [21, 24], "uv_size": [1, 1]},
								"west": {"uv": [56, 56], "uv_size": [8, 8]},
								"up": {"uv": [22, 24], "uv_size": [1, 1]},
								"down": {"uv": [24, 23], "uv_size": [1, -1]}
							}
						},
						{
							"origin": [0.4, 0.9, -3.3],
							"size": [0.1, 0.2, 8.1],
							"uv": {
								"north": {"uv": [23, 18], "uv_size": [1, 1]},
								"east": {"uv": [0, 5], "uv_size": [8, 1]},
								"south": {"uv": [19, 23], "uv_size": [1, 1]},
								"west": {"uv": [0, 6], "uv_size": [8, 1]},
								"up": {"uv": [0, 7], "uv_size": [1, 8]},
								"down": {"uv": [1, 15], "uv_size": [1, -8]}
							}
						},
						{
							"origin": [-0.5, 0.9, -3.3],
							"size": [0.1, 0.2, 8.1],
							"uv": {
								"north": {"uv": [7, 26], "uv_size": [1, 1]},
								"east": {"uv": [6, 0], "uv_size": [8, 1]},
								"south": {"uv": [26, 7], "uv_size": [1, 1]},
								"west": {"uv": [6, 1], "uv_size": [8, 1]},
								"up": {"uv": [2, 7], "uv_size": [1, 8]},
								"down": {"uv": [3, 15], "uv_size": [1, -8]}
							}
						},
						{
							"origin": [-1, 1.3, -3],
							"size": [0.3, 0.3, 0.1],
							"uv": {
								"north": {"uv": [42, 37], "uv_size": [4, 4]},
								"east": {"uv": [20, 20], "uv_size": [1, 1]},
								"south": {"uv": [0, 21], "uv_size": [1, 1]},
								"west": {"uv": [21, 0], "uv_size": [1, 1]},
								"up": {"uv": [1, 21], "uv_size": [1, 1]},
								"down": {"uv": [2, 22], "uv_size": [1, -1]}
							}
						},
						{
							"origin": [0.7, 1.3, -3],
							"size": [0.3, 0.3, 0.1],
							"uv": {
								"north": {"uv": [42, 37], "uv_size": [4, 4]},
								"east": {"uv": [21, 3], "uv_size": [1, 1]},
								"south": {"uv": [21, 4], "uv_size": [1, 1]},
								"west": {"uv": [5, 21], "uv_size": [1, 1]},
								"up": {"uv": [21, 5], "uv_size": [1, 1]},
								"down": {"uv": [6, 22], "uv_size": [1, -1]}
							}
						},
						{
							"origin": [-1.3, 1.2, -3.05793],
							"size": [1, 0.1, 1.2],
							"uv": {
								"north": {"uv": [21, 6], "uv_size": [1, 1]},
								"east": {"uv": [7, 21], "uv_size": [1, 1]},
								"south": {"uv": [21, 7], "uv_size": [1, 1]},
								"west": {"uv": [8, 21], "uv_size": [1, 1]},
								"up": {"uv": [21, 8], "uv_size": [1, 1]},
								"down": {"uv": [9, 22], "uv_size": [1, -1]}
							}
						},
						{
							"origin": [-1.5, 1.2, 2.85793],
							"size": [0.5, 0.1, 1.2],
							"uv": {
								"north": {"uv": [23, 22], "uv_size": [1, 1]},
								"east": {"uv": [23, 23], "uv_size": [1, 1]},
								"south": {"uv": [0, 24], "uv_size": [1, 1]},
								"west": {"uv": [24, 0], "uv_size": [1, 1]},
								"up": {"uv": [1, 24], "uv_size": [1, 1]},
								"down": {"uv": [24, 2], "uv_size": [1, -1]}
							}
						},
						{
							"origin": [1, 1.2, 2.85793],
							"size": [0.5, 0.1, 1.2],
							"uv": {
								"north": {"uv": [8, 24], "uv_size": [1, 1]},
								"east": {"uv": [24, 8], "uv_size": [1, 1]},
								"south": {"uv": [9, 24], "uv_size": [1, 1]},
								"west": {"uv": [24, 9], "uv_size": [1, 1]},
								"up": {"uv": [10, 24], "uv_size": [1, 1]},
								"down": {"uv": [24, 11], "uv_size": [1, -1]}
							}
						},
						{
							"origin": [0.5, 1.2, -3.05793],
							"size": [0.8, 0.1, 1.2],
							"uv": {
								"north": {"uv": [21, 9], "uv_size": [1, 1]},
								"east": {"uv": [10, 21], "uv_size": [1, 1]},
								"south": {"uv": [21, 10], "uv_size": [1, 1]},
								"west": {"uv": [11, 21], "uv_size": [1, 1]},
								"up": {"uv": [21, 11], "uv_size": [1, 1]},
								"down": {"uv": [12, 22], "uv_size": [1, -1]}
							}
						},
						{
							"origin": [-0.83999, 1, -1.25793],
							"size": [1.7, 0.1, 1.4],
							"uv": {
								"north": {"uv": [1, 17], "uv_size": [2, 1]},
								"east": {"uv": [21, 12], "uv_size": [1, 1]},
								"south": {"uv": [6, 17], "uv_size": [2, 1]},
								"west": {"uv": [13, 21], "uv_size": [1, 1]},
								"up": {"uv": [8, 17], "uv_size": [2, 1]},
								"down": {"uv": [10, 18], "uv_size": [2, -1]}
							}
						},
						{
							"origin": [-0.93999, 1, -1.85793],
							"size": [1.9, 1, 0.6],
							"uv": {
								"north": {"uv": [12, 17], "uv_size": [2, 1]},
								"east": {"uv": [21, 13], "uv_size": [1, 1]},
								"south": {"uv": [14, 17], "uv_size": [2, 1]},
								"west": {"uv": [14, 21], "uv_size": [1, 1]},
								"up": {"uv": [17, 15], "uv_size": [2, 1]},
								"down": {"uv": [16, 18], "uv_size": [2, -1]}
							}
						},
						{
							"origin": [0.86001, 1, -1.25793],
							"size": [0.1, 1, 1.4],
							"uv": {
								"north": {"uv": [21, 14], "uv_size": [1, 1]},
								"east": {"uv": [15, 21], "uv_size": [1, 1]},
								"south": {"uv": [21, 15], "uv_size": [1, 1]},
								"west": {"uv": [27, 21], "uv_size": [14, 10]},
								"up": {"uv": [21, 16], "uv_size": [1, 1]},
								"down": {"uv": [17, 22], "uv_size": [1, -1]}
							}
						},
						{
							"origin": [-0.93999, 1, -1.25793],
							"size": [0.1, 1, 1.4],
							"uv": {
								"north": {"uv": [21, 17], "uv_size": [1, 1]},
								"east": {"uv": [41, 21], "uv_size": [14, 10]},
								"south": {"uv": [21, 18], "uv_size": [1, 1]},
								"west": {"uv": [19, 21], "uv_size": [1, 1]},
								"up": {"uv": [21, 19], "uv_size": [1, 1]},
								"down": {"uv": [20, 22], "uv_size": [1, -1]}
							}
						},
						{
							"origin": [-1.3, 0.34099, -4.08593],
							"size": [0.5, 0.1, 0.6],
							"pivot": [0.16001, -1.05901, -2.228],
							"rotation": [-60, 0, 0],
							"uv": {
								"north": {"uv": [21, 20], "uv_size": [1, 1]},
								"east": {"uv": [21, 21], "uv_size": [1, 1]},
								"south": {"uv": [0, 22], "uv_size": [1, 1]},
								"west": {"uv": [22, 0], "uv_size": [1, 1]},
								"up": {"uv": [1, 22], "uv_size": [1, 1]},
								"down": {"uv": [22, 2], "uv_size": [1, -1]}
							}
						},
						{
							"origin": [-1.5, 0.34099, 1.82993],
							"size": [0.5, 0.1, 0.6],
							"pivot": [-0.83999, -1.05901, 3.68786],
							"rotation": [-60, 0, 0],
							"uv": {
								"north": {"uv": [2, 24], "uv_size": [1, 1]},
								"east": {"uv": [24, 2], "uv_size": [1, 1]},
								"south": {"uv": [3, 24], "uv_size": [1, 1]},
								"west": {"uv": [24, 3], "uv_size": [1, 1]},
								"up": {"uv": [4, 24], "uv_size": [1, 1]},
								"down": {"uv": [24, 5], "uv_size": [1, -1]}
							}
						},
						{
							"origin": [1, 0.34099, 1.82993],
							"size": [0.5, 0.1, 0.6],
							"pivot": [0.83999, -1.05901, 3.68786],
							"rotation": [-60, 0, 0],
							"uv": {
								"north": {"uv": [11, 24], "uv_size": [1, 1]},
								"east": {"uv": [24, 11], "uv_size": [1, 1]},
								"south": {"uv": [12, 24], "uv_size": [1, 1]},
								"west": {"uv": [24, 12], "uv_size": [1, 1]},
								"up": {"uv": [13, 24], "uv_size": [1, 1]},
								"down": {"uv": [24, 14], "uv_size": [1, -1]}
							}
						},
						{
							"origin": [0.8, 0.34099, -4.08593],
							"size": [0.5, 0.1, 0.6],
							"pivot": [-0.06001, -1.05901, -2.228],
							"rotation": [-60, 0, 0],
							"uv": {
								"north": {"uv": [2, 22], "uv_size": [1, 1]},
								"east": {"uv": [22, 2], "uv_size": [1, 1]},
								"south": {"uv": [3, 22], "uv_size": [1, 1]},
								"west": {"uv": [22, 3], "uv_size": [1, 1]},
								"up": {"uv": [4, 22], "uv_size": [1, 1]},
								"down": {"uv": [22, 5], "uv_size": [1, -1]}
							}
						},
						{
							"origin": [-1.3, 1.09099, -0.13089],
							"size": [1, 0.1, 0.6],
							"pivot": [1, -1.80901, -1.38882],
							"rotation": [60, 0, 0],
							"uv": {
								"north": {"uv": [5, 22], "uv_size": [1, 1]},
								"east": {"uv": [22, 5], "uv_size": [1, 1]},
								"south": {"uv": [6, 22], "uv_size": [1, 1]},
								"west": {"uv": [22, 6], "uv_size": [1, 1]},
								"up": {"uv": [7, 22], "uv_size": [1, 1]},
								"down": {"uv": [22, 8], "uv_size": [1, -1]}
							}
						},
						{
							"origin": [-1.5, 1.09099, 5.78497],
							"size": [0.5, 0.1, 0.6],
							"pivot": [0, -1.80901, 4.52704],
							"rotation": [60, 0, 0],
							"uv": {
								"north": {"uv": [5, 24], "uv_size": [1, 1]},
								"east": {"uv": [24, 5], "uv_size": [1, 1]},
								"south": {"uv": [6, 24], "uv_size": [1, 1]},
								"west": {"uv": [24, 6], "uv_size": [1, 1]},
								"up": {"uv": [7, 24], "uv_size": [1, 1]},
								"down": {"uv": [24, 8], "uv_size": [1, -1]}
							}
						},
						{
							"origin": [1, 1.09099, 5.78497],
							"size": [0.5, 0.1, 0.6],
							"pivot": [0, -1.80901, 4.52704],
							"rotation": [60, 0, 0],
							"uv": {
								"north": {"uv": [14, 24], "uv_size": [1, 1]},
								"east": {"uv": [24, 14], "uv_size": [1, 1]},
								"south": {"uv": [15, 24], "uv_size": [1, 1]},
								"west": {"uv": [24, 15], "uv_size": [1, 1]},
								"up": {"uv": [16, 24], "uv_size": [1, 1]},
								"down": {"uv": [24, 17], "uv_size": [1, -1]}
							}
						},
						{
							"origin": [0.3, 1.09099, -0.13089],
							"size": [1, 0.1, 0.6],
							"pivot": [-1.06001, -1.80901, -1.38882],
							"rotation": [60, 0, 0],
							"uv": {
								"north": {"uv": [8, 22], "uv_size": [1, 1]},
								"east": {"uv": [22, 8], "uv_size": [1, 1]},
								"south": {"uv": [9, 22], "uv_size": [1, 1]},
								"west": {"uv": [22, 9], "uv_size": [1, 1]},
								"up": {"uv": [10, 22], "uv_size": [1, 1]},
								"down": {"uv": [22, 11], "uv_size": [1, -1]}
							}
						},
						{
							"origin": [-0.93999, 1.81893, -1.45308],
							"size": [0.1, 1, 0.2],
							"pivot": [0.01001, 2.31893, -1.40308],
							"rotation": [-22.5, 0, 0],
							"uv": {
								"north": {"uv": [11, 22], "uv_size": [1, 1]},
								"east": {"uv": [22, 11], "uv_size": [1, 1]},
								"south": {"uv": [12, 22], "uv_size": [1, 1]},
								"west": {"uv": [22, 12], "uv_size": [1, 1]},
								"up": {"uv": [13, 22], "uv_size": [1, 1]},
								"down": {"uv": [22, 14], "uv_size": [1, -1]}
							}
						},
						{
							"origin": [-0.93999, 2.59609, -1.33827],
							"size": [1.8, 0.2, 0.2],
							"pivot": [0.21001, 2.59609, -1.28827],
							"rotation": [-22.5, 0, 0],
							"uv": {
								"north": {"uv": [19, 4], "uv_size": [2, 1]},
								"east": {"uv": [23, 24], "uv_size": [1, 1]},
								"south": {"uv": [7, 19], "uv_size": [2, 1]},
								"west": {"uv": [24, 23], "uv_size": [1, 1]},
								"up": {"uv": [19, 8], "uv_size": [2, 1]},
								"down": {"uv": [9, 20], "uv_size": [2, -1]}
							}
						},
						{
							"origin": [0.86001, 1.81893, -1.45308],
							"size": [0.1, 1, 0.2],
							"pivot": [0.01001, 2.31893, -1.40308],
							"rotation": [-22.5, 0, 0],
							"uv": {
								"north": {"uv": [14, 22], "uv_size": [1, 1]},
								"east": {"uv": [22, 14], "uv_size": [1, 1]},
								"south": {"uv": [15, 22], "uv_size": [1, 1]},
								"west": {"uv": [22, 15], "uv_size": [1, 1]},
								"up": {"uv": [16, 22], "uv_size": [1, 1]},
								"down": {"uv": [22, 17], "uv_size": [1, -1]}
							}
						},
						{
							"origin": [-0.93999, 1, 0.14207],
							"size": [1.9, 1.8, 0.1],
							"uv": {
								"north": {"uv": [13, 5], "uv_size": [2, 2]},
								"east": {"uv": [3, 17], "uv_size": [1, 2]},
								"south": {"uv": [14, 0], "uv_size": [2, 2]},
								"west": {"uv": [1, 18], "uv_size": [1, 2]},
								"up": {"uv": [4, 18], "uv_size": [2, 1]},
								"down": {"uv": [18, 6], "uv_size": [2, -1]}
							}
						},
						{
							"origin": [-0.93999, 2.6, -1.25793],
							"size": [1.9, 0.2, 1.4],
							"uv": {
								"north": {"uv": [6, 18], "uv_size": [2, 1]},
								"east": {"uv": [17, 22], "uv_size": [1, 1]},
								"south": {"uv": [18, 6], "uv_size": [2, 1]},
								"west": {"uv": [22, 17], "uv_size": [1, 1]},
								"up": {"uv": [18, 7], "uv_size": [2, 1]},
								"down": {"uv": [8, 19], "uv_size": [2, -1]}
							}
						},
						{
							"origin": [-1.2, 0.8, -3.5],
							"size": [2.5, 0.2, 0.1],
							"uv": {
								"north": {"uv": [15, 11], "uv_size": [3, 1]},
								"east": {"uv": [20, 22], "uv_size": [1, 1]},
								"south": {"uv": [15, 12], "uv_size": [3, 1]},
								"west": {"uv": [22, 20], "uv_size": [1, 1]},
								"up": {"uv": [15, 13], "uv_size": [3, 1]},
								"down": {"uv": [14, 16], "uv_size": [3, -1]}
							}
						},
						{
							"origin": [-1, 0.4, -2.6],
							"size": [2, 0.2, 0.2],
							"uv": {
								"north": {"uv": [11, 19], "uv_size": [2, 1]},
								"east": {"uv": [20, 26], "uv_size": [1, 1]},
								"south": {"uv": [13, 19], "uv_size": [2, 1]},
								"west": {"uv": [26, 20], "uv_size": [1, 1]},
								"up": {"uv": [15, 19], "uv_size": [2, 1]},
								"down": {"uv": [19, 16], "uv_size": [2, -1]}
							}
						},
						{
							"origin": [-1.2, 0.4, 3.4],
							"size": [2.2, 0.2, 0.2],
							"uv": {
								"north": {"uv": [19, 16], "uv_size": [2, 1]},
								"east": {"uv": [21, 26], "uv_size": [1, 1]},
								"south": {"uv": [17, 19], "uv_size": [2, 1]},
								"west": {"uv": [26, 21], "uv_size": [1, 1]},
								"up": {"uv": [19, 17], "uv_size": [2, 1]},
								"down": {"uv": [19, 20], "uv_size": [2, -1]}
							}
						},
						{
							"origin": [-0.8, 1.2, -0.5],
							"size": [0.6, 0.2, 0.6],
							"uv": {
								"north": {"uv": [18, 9], "uv_size": [2, 1]},
								"east": {"uv": [21, 22], "uv_size": [1, 1]},
								"south": {"uv": [10, 18], "uv_size": [2, 1]},
								"west": {"uv": [22, 21], "uv_size": [1, 1]},
								"up": {"uv": [18, 10], "uv_size": [2, 1]},
								"down": {"uv": [18, 12], "uv_size": [2, -1]}
							}
						},
						{
							"origin": [0.2, 1.2, -0.5],
							"size": [0.6, 0.2, 0.6],
							"uv": {
								"north": {"uv": [20, 9], "uv_size": [-2, 1]},
								"east": {"uv": [23, 21], "uv_size": [-1, 1]},
								"south": {"uv": [12, 18], "uv_size": [-2, 1]},
								"west": {"uv": [22, 22], "uv_size": [-1, 1]},
								"up": {"uv": [20, 10], "uv_size": [-2, 1]},
								"down": {"uv": [20, 12], "uv_size": [-2, -1]}
							}
						},
						{
							"origin": [0.4, 2.5, -2.5],
							"size": [0.2, 0.2, 0.7],
							"pivot": [-0.2, 3.7, 0.25],
							"rotation": [30, 0, 0],
							"uv": {
								"north": {"uv": [23, 0], "uv_size": [1, 1]},
								"east": {"uv": [1, 23], "uv_size": [1, 1]},
								"south": {"uv": [23, 1], "uv_size": [1, 1]},
								"west": {"uv": [2, 23], "uv_size": [1, 1]},
								"up": {"uv": [23, 2], "uv_size": [1, 1]},
								"down": {"uv": [3, 24], "uv_size": [1, -1]}
							}
						},
						{
							"origin": [0.3, 2.35, -1.75981],
							"size": [0.4, 0.4, 0.1],
							"pivot": [-0.2, 3.55, -0.00981],
							"rotation": [30, 0, 0],
							"uv": {
								"north": {"uv": [56, 44], "uv_size": [7, 8]},
								"east": {"uv": [4, 23], "uv_size": [1, 1]},
								"south": {"uv": [56, 36], "uv_size": [7, 8]},
								"west": {"uv": [5, 23], "uv_size": [1, 1]},
								"up": {"uv": [23, 5], "uv_size": [1, 1]},
								"down": {"uv": [6, 24], "uv_size": [1, -1]}
							}
						},
						{
							"origin": [-0.44114, 1, -3.38388],
							"size": [0.9, 1, 1.6],
							"uv": {
								"north": {"uv": [34, 13], "uv_size": [9, 8]},
								"east": {"uv": [18, 14], "uv_size": [2, 1]},
								"south": {"uv": [20, 23], "uv_size": [1, 1]},
								"west": {"uv": [16, 18], "uv_size": [2, 1]},
								"up": {"uv": [2, 18], "uv_size": [1, 2]},
								"down": {"uv": [18, 18], "uv_size": [1, -2]}
							}
						},
						{
							"origin": [-0.93999, 1, -3.45793],
							"size": [0.6, 1, 1.6],
							"pivot": [-0.93999, 2, -1.85793],
							"rotation": [0, -17.5, 0],
							"uv": {
								"north": {"uv": [23, 20], "uv_size": [1, 1]},
								"east": {"uv": [45, 0], "uv_size": [19, 12]},
								"south": {"uv": [21, 23], "uv_size": [1, 1]},
								"west": {"uv": [19, 0], "uv_size": [2, 1]},
								"up": {"uv": [0, 19], "uv_size": [1, 2]},
								"down": {"uv": [19, 3], "uv_size": [1, -2]}
							}
						},
						{
							"origin": [0.33999, 1, -3.45793],
							"size": [0.6, 1, 1.6],
							"pivot": [0.93999, 2, -1.85793],
							"rotation": [0, 17.5, 0],
							"uv": {
								"north": {"uv": [23, 21], "uv_size": [1, 1]},
								"east": {"uv": [3, 19], "uv_size": [2, 1]},
								"south": {"uv": [22, 23], "uv_size": [1, 1]},
								"west": {"uv": [27, 0], "uv_size": [19, 12]},
								"up": {"uv": [5, 19], "uv_size": [1, 2]},
								"down": {"uv": [6, 21], "uv_size": [1, -2]}
							}
						},
						{
							"origin": [0.99663, -1.4182, 4.7],
							"size": [0.2, 0.65, 0.1],
							"pivot": [3.64663, 0.5818, 3.75],
							"rotation": [0, 0, 45],
							"uv": {
								"north": {"uv": [24, 24], "uv_size": [1, 1]},
								"east": {"uv": [0, 25], "uv_size": [1, 1]},
								"south": {"uv": [25, 0], "uv_size": [1, 1]},
								"west": {"uv": [1, 25], "uv_size": [1, 1]},
								"up": {"uv": [25, 1], "uv_size": [1, 1]},
								"down": {"uv": [2, 26], "uv_size": [1, -1]}
							}
						},
						{
							"origin": [-0.88284, 0.82426, 4.7],
							"size": [0.2, 0.65, 0.1],
							"pivot": [-0.78284, 1.32426, 4.75],
							"rotation": [0, 0, -45],
							"uv": {
								"north": {"uv": [25, 2], "uv_size": [1, 1]},
								"east": {"uv": [3, 25], "uv_size": [1, 1]},
								"south": {"uv": [25, 3], "uv_size": [1, 1]},
								"west": {"uv": [4, 25], "uv_size": [1, 1]},
								"up": {"uv": [25, 4], "uv_size": [1, 1]},
								"down": {"uv": [5, 26], "uv_size": [1, -1]}
							}
						},
						{
							"origin": [-1.07947, -1.70104, 3.7],
							"size": [0.2, 0.65, 0.1],
							"pivot": [-3.92947, 0.29896, 4.65],
							"rotation": [0, 0, -45],
							"uv": {
								"north": {"uv": [25, 5], "uv_size": [1, 1]},
								"east": {"uv": [6, 25], "uv_size": [1, 1]},
								"south": {"uv": [25, 6], "uv_size": [1, 1]},
								"west": {"uv": [7, 25], "uv_size": [1, 1]},
								"up": {"uv": [25, 7], "uv_size": [1, 1]},
								"down": {"uv": [8, 26], "uv_size": [1, -1]}
							}
						},
						{
							"origin": [0.99663, -1.4182, 3.7],
							"size": [0.2, 0.65, 0.1],
							"pivot": [3.64663, 0.5818, 3.75],
							"rotation": [0, 0, 45],
							"uv": {
								"north": {"uv": [25, 23], "uv_size": [1, 1]},
								"east": {"uv": [24, 25], "uv_size": [1, 1]},
								"south": {"uv": [25, 24], "uv_size": [1, 1]},
								"west": {"uv": [25, 25], "uv_size": [1, 1]},
								"up": {"uv": [0, 26], "uv_size": [1, 1]},
								"down": {"uv": [26, 1], "uv_size": [1, -1]}
							}
						},
						{
							"origin": [-1.25115, -1.28655, 3.2],
							"size": [0.2, 0.65, 0.1],
							"pivot": [-3.51498, 0.71345, 4.15],
							"rotation": [0, 0, -45],
							"uv": {
								"north": {"uv": [25, 8], "uv_size": [1, 1]},
								"east": {"uv": [9, 25], "uv_size": [1, 1]},
								"south": {"uv": [25, 9], "uv_size": [1, 1]},
								"west": {"uv": [10, 25], "uv_size": [1, 1]},
								"up": {"uv": [25, 10], "uv_size": [1, 1]},
								"down": {"uv": [11, 26], "uv_size": [1, -1]}
							}
						},
						{
							"origin": [0.99663, -1.4182, 3.2],
							"size": [0.2, 0.65, 0.1],
							"pivot": [3.64663, 0.5818, 3.75],
							"rotation": [0, 0, 45],
							"uv": {
								"north": {"uv": [1, 26], "uv_size": [1, 1]},
								"east": {"uv": [26, 1], "uv_size": [1, 1]},
								"south": {"uv": [2, 26], "uv_size": [1, 1]},
								"west": {"uv": [26, 2], "uv_size": [1, 1]},
								"up": {"uv": [3, 26], "uv_size": [1, 1]},
								"down": {"uv": [26, 4], "uv_size": [1, -1]}
							}
						},
						{
							"origin": [-1.22591, -1.34749, 1.7],
							"size": [0.2, 0.65, 0.1],
							"pivot": [-3.57591, 0.65251, 2.85],
							"rotation": [0, 0, -45],
							"uv": {
								"north": {"uv": [25, 11], "uv_size": [1, 1]},
								"east": {"uv": [12, 25], "uv_size": [1, 1]},
								"south": {"uv": [25, 12], "uv_size": [1, 1]},
								"west": {"uv": [13, 25], "uv_size": [1, 1]},
								"up": {"uv": [25, 13], "uv_size": [1, 1]},
								"down": {"uv": [14, 26], "uv_size": [1, -1]}
							}
						},
						{
							"origin": [0.99663, -1.4182, 1.7],
							"size": [0.2, 0.65, 0.1],
							"pivot": [3.64663, 0.5818, 3.75],
							"rotation": [0, 0, 45],
							"uv": {
								"north": {"uv": [25, 20], "uv_size": [1, 1]},
								"east": {"uv": [21, 25], "uv_size": [1, 1]},
								"south": {"uv": [25, 21], "uv_size": [1, 1]},
								"west": {"uv": [22, 25], "uv_size": [1, 1]},
								"up": {"uv": [25, 22], "uv_size": [1, 1]},
								"down": {"uv": [23, 26], "uv_size": [1, -1]}
							}
						},
						{
							"origin": [-1.22591, -1.34749, 0.7],
							"size": [0.2, 0.65, 0.1],
							"pivot": [-3.57591, 0.65251, 4.65],
							"rotation": [0, 0, -45],
							"uv": {
								"north": {"uv": [25, 14], "uv_size": [1, 1]},
								"east": {"uv": [15, 25], "uv_size": [1, 1]},
								"south": {"uv": [25, 15], "uv_size": [1, 1]},
								"west": {"uv": [16, 25], "uv_size": [1, 1]},
								"up": {"uv": [25, 16], "uv_size": [1, 1]},
								"down": {"uv": [17, 26], "uv_size": [1, -1]}
							}
						},
						{
							"origin": [-0.5, 0.9, 0.7],
							"size": [1, 0.1, 0.1],
							"uv": {
								"north": {"uv": [4, 26], "uv_size": [1, 1]},
								"east": {"uv": [26, 4], "uv_size": [1, 1]},
								"south": {"uv": [5, 26], "uv_size": [1, 1]},
								"west": {"uv": [26, 5], "uv_size": [1, 1]},
								"up": {"uv": [6, 26], "uv_size": [1, 1]},
								"down": {"uv": [26, 7], "uv_size": [1, -1]}
							}
						},
						{
							"origin": [-0.5, 0.9, 1.7],
							"size": [1, 0.1, 0.1],
							"uv": {
								"north": {"uv": [8, 26], "uv_size": [1, 1]},
								"east": {"uv": [26, 8], "uv_size": [1, 1]},
								"south": {"uv": [9, 26], "uv_size": [1, 1]},
								"west": {"uv": [26, 9], "uv_size": [1, 1]},
								"up": {"uv": [10, 26], "uv_size": [1, 1]},
								"down": {"uv": [26, 11], "uv_size": [1, -1]}
							}
						},
						{
							"origin": [-0.5, 0.9, 3.2],
							"size": [1, 0.1, 0.1],
							"uv": {
								"north": {"uv": [11, 26], "uv_size": [1, 1]},
								"east": {"uv": [26, 11], "uv_size": [1, 1]},
								"south": {"uv": [12, 26], "uv_size": [1, 1]},
								"west": {"uv": [26, 12], "uv_size": [1, 1]},
								"up": {"uv": [13, 26], "uv_size": [1, 1]},
								"down": {"uv": [26, 14], "uv_size": [1, -1]}
							}
						},
						{
							"origin": [-0.5, 0.9, 3.7],
							"size": [1, 0.1, 0.1],
							"uv": {
								"north": {"uv": [14, 26], "uv_size": [1, 1]},
								"east": {"uv": [26, 14], "uv_size": [1, 1]},
								"south": {"uv": [15, 26], "uv_size": [1, 1]},
								"west": {"uv": [26, 15], "uv_size": [1, 1]},
								"up": {"uv": [16, 26], "uv_size": [1, 1]},
								"down": {"uv": [26, 17], "uv_size": [1, -1]}
							}
						},
						{
							"origin": [-0.5, 0.9, 4.7],
							"size": [1, 0.1, 0.1],
							"uv": {
								"north": {"uv": [17, 26], "uv_size": [1, 1]},
								"east": {"uv": [26, 17], "uv_size": [1, 1]},
								"south": {"uv": [18, 26], "uv_size": [1, 1]},
								"west": {"uv": [26, 18], "uv_size": [1, 1]},
								"up": {"uv": [19, 26], "uv_size": [1, 1]},
								"down": {"uv": [26, 20], "uv_size": [1, -1]}
							}
						},
						{
							"origin": [0.99663, -1.4182, 0.7],
							"size": [0.2, 0.65, 0.1],
							"pivot": [3.64663, 0.5818, 3.75],
							"rotation": [0, 0, 45],
							"uv": {
								"north": {"uv": [25, 17], "uv_size": [1, 1]},
								"east": {"uv": [18, 25], "uv_size": [1, 1]},
								"south": {"uv": [25, 18], "uv_size": [1, 1]},
								"west": {"uv": [19, 25], "uv_size": [1, 1]},
								"up": {"uv": [25, 19], "uv_size": [1, 1]},
								"down": {"uv": [20, 26], "uv_size": [1, -1]}
							}
						}
					]
				},
				{
					"name": "bone",
					"parent": "bb_main",
					"pivot": [0.04615, 2.66154, 2.28846],
					"cubes": [
						{
							"origin": [-1.4, 2.1, 0.5],
							"size": [0.1, 1.1, 4.6],
							"uv": {
								"north": {"uv": [23, 11], "uv_size": [1, 1]},
								"east": {"uv": [48, 12], "uv_size": [16, 8]},
								"south": {"uv": [12, 23], "uv_size": [1, 1]},
								"west": {"uv": [48, 12], "uv_size": [16, 8]},
								"up": {"uv": [56, 20], "uv_size": [8, 16]},
								"down": {"uv": [0, 19], "uv_size": [1, -4]}
							}
						},
						{
							"origin": [1.3, 2.1, 0.5],
							"size": [0.1, 1.1, 4.6],
							"uv": {
								"north": {"uv": [23, 10], "uv_size": [1, 1]},
								"east": {"uv": [48, 12], "uv_size": [16, 8]},
								"south": {"uv": [11, 23], "uv_size": [1, 1]},
								"west": {"uv": [48, 12], "uv_size": [16, 8]},
								"up": {"uv": [8, 9], "uv_size": [1, 5]},
								"down": {"uv": [9, 14], "uv_size": [1, -5]}
							}
						},
						{
							"origin": [1.3, 1.5, 0.5],
							"size": [0.1, 0.6, 4.6],
							"uv": {
								"north": {"uv": [23, 9], "uv_size": [1, 1]},
								"east": {"uv": [8, 5], "uv_size": [5, 1]},
								"south": {"uv": [10, 23], "uv_size": [1, 1]},
								"west": {"uv": [6, 8], "uv_size": [5, 1]},
								"up": {"uv": [6, 9], "uv_size": [1, 5]},
								"down": {"uv": [7, 14], "uv_size": [1, -5]}
							}
						},
						{
							"origin": [-0.5, 3.2, 0.5],
							"size": [1.1, 0.1, 0.1],
							"uv": {
								"north": {"uv": [23, 15], "uv_size": [1, 1]},
								"east": {"uv": [16, 23], "uv_size": [1, 1]},
								"south": {"uv": [23, 16], "uv_size": [1, 1]},
								"west": {"uv": [17, 23], "uv_size": [1, 1]},
								"up": {"uv": [23, 17], "uv_size": [1, 1]},
								"down": {"uv": [18, 24], "uv_size": [1, -1]}
							}
						},
						{
							"origin": [-0.5, 3.3, 0.5],
							"size": [1.1, 0.1, 4.6],
							"uv": {
								"north": {"uv": [23, 14], "uv_size": [1, 1]},
								"east": {"uv": [48, 12], "uv_size": [16, 8]},
								"south": {"uv": [15, 23], "uv_size": [1, 1]},
								"west": {"uv": [48, 12], "uv_size": [16, 8]},
								"up": {"uv": [56, 20], "uv_size": [8, 16]},
								"down": {"uv": [56, 36], "uv_size": [8, -16]}
							}
						},
						{
							"origin": [-1.4, 1.5, 0.5],
							"size": [0.1, 0.6, 4.6],
							"uv": {
								"north": {"uv": [19, 22], "uv_size": [1, 1]},
								"east": {"uv": [6, 4], "uv_size": [5, 1]},
								"south": {"uv": [22, 19], "uv_size": [1, 1]},
								"west": {"uv": [4, 7], "uv_size": [5, 1]},
								"up": {"uv": [4, 8], "uv_size": [1, 5]},
								"down": {"uv": [5, 13], "uv_size": [1, -5]}
							}
						},
						{
							"origin": [-1.3, 3.2, 0.5],
							"size": [0.8, 0.1, 4.6],
							"uv": {
								"north": {"uv": [23, 12], "uv_size": [1, 1]},
								"east": {"uv": [48, 12], "uv_size": [16, 8]},
								"south": {"uv": [13, 23], "uv_size": [1, 1]},
								"west": {"uv": [48, 12], "uv_size": [16, 1]},
								"up": {"uv": [56, 20], "uv_size": [8, 16]},
								"down": {"uv": [56, 36], "uv_size": [8, -16]}
							}
						},
						{
							"origin": [0.6, 3.2, 0.5],
							"size": [0.8, 0.1, 4.6],
							"uv": {
								"north": {"uv": [23, 13], "uv_size": [0, 1]},
								"east": {"uv": [48, 12], "uv_size": [16, 1]},
								"south": {"uv": [14, 23], "uv_size": [1, 1]},
								"west": {"uv": [48, 12], "uv_size": [16, 8]},
								"up": {"uv": [56, 20], "uv_size": [8, 16]},
								"down": {"uv": [56, 36], "uv_size": [8, -16]}
							}
						},
						{
							"origin": [-1.3, 2, 0.5],
							"size": [2.6, 1.2, 0.1],
							"uv": {
								"north": {"uv": [53, 12], "uv_size": [11, 8]},
								"east": {"uv": [23, 7], "uv_size": [1, 1]},
								"south": {"uv": [48, 12], "uv_size": [11, 8]},
								"west": {"uv": [8, 23], "uv_size": [1, 1]},
								"up": {"uv": [16, 4], "uv_size": [3, 1]},
								"down": {"uv": [6, 17], "uv_size": [3, -1]}
							}
						},
						{
							"origin": [-1.2, 2, 0.4],
							"size": [2.5, 0.6, 0.1],
							"uv": {
								"north": {"uv": [15, 14], "uv_size": [3, 1]},
								"east": {"uv": [23, 6], "uv_size": [1, 1]},
								"south": {"uv": [16, 0], "uv_size": [3, 1]},
								"west": {"uv": [7, 23], "uv_size": [1, 1]},
								"up": {"uv": [1, 16], "uv_size": [3, 1]},
								"down": {"uv": [16, 2], "uv_size": [3, -1]}
							}
						},
						{
							"origin": [-1.4, 1.4, 5.1],
							"size": [2.8, 0.6, 0.1],
							"uv": {
								"north": {"uv": [16, 8], "uv_size": [3, 1]},
								"east": {"uv": [23, 8], "uv_size": [1, 1]},
								"south": {"uv": [9, 16], "uv_size": [3, 1]},
								"west": {"uv": [9, 23], "uv_size": [1, 1]},
								"up": {"uv": [12, 16], "uv_size": [3, 1]},
								"down": {"uv": [15, 17], "uv_size": [3, -1]}
							}
						},
						{
							"origin": [-1.4, 1.4, 0.6],
							"size": [2.8, 0.1, 4.5],
							"uv": {
								"north": {"uv": [1, 15], "uv_size": [3, 1]},
								"east": {"uv": [6, 2], "uv_size": [5, 1]},
								"south": {"uv": [15, 5], "uv_size": [3, 1]},
								"west": {"uv": [6, 3], "uv_size": [5, 1]},
								"up": {"uv": [0, 0], "uv_size": [3, 5]},
								"down": {"uv": [3, 5], "uv_size": [3, -5]}
							}
						},
						{
							"origin": [-1.4, 1.4, 0.4],
							"size": [2.8, 0.6, 0.2],
							"uv": {
								"north": {"uv": [6, 15], "uv_size": [3, 1]},
								"east": {"uv": [18, 22], "uv_size": [1, 1]},
								"south": {"uv": [15, 6], "uv_size": [3, 1]},
								"west": {"uv": [22, 18], "uv_size": [1, 1]},
								"up": {"uv": [15, 9], "uv_size": [3, 1]},
								"down": {"uv": [15, 11], "uv_size": [3, -1]}
							}
						}
					]
				}
			]
		}
	]
}