{
	"format_version": "1.12.0",
	"minecraft:geometry": [
		{
			"description": {
				"identifier": "geometry.p51_mustang",
				"texture_width": 64,
				"texture_height": 64,
				"visible_bounds_width": 2,
				"visible_bounds_height": 1.5,
				"visible_bounds_offset": [0, 0.25, 0]
			},
			"bones": [
				{
					"name": "Plane",
					"pivot": [0.55898, 2.26872, -0.60544],
					"rotation": [-9.90679, 1.46494, -0.61741],
					"cubes": [
						{
							"origin": [0.0625, 2.19964, -4.78392],
							"size": [1, 0.6875, 1.0625],
							"pivot": [1.0625, 2.88714, -3.72142],
							"rotation": [17.5, 0, 0],
							"uv": {
								"north": {"uv": [10, 21], "uv_size": [1, 0.75]},
								"east": {"uv": [21, 10], "uv_size": [1, 0.75]},
								"south": {"uv": [21, 11], "uv_size": [1, 0.75]},
								"west": {"uv": [21, 12], "uv_size": [1, 0.75]},
								"up": {"uv": [4, 19], "uv_size": [1, 1]},
								"down": {"uv": [5, 20], "uv_size": [1, -1]}
							}
						},
						{
							"origin": [0.0625, 0.91839, -4.37767],
							"size": [1, 0.6875, 0.65625],
							"pivot": [1.0625, 0.91839, -3.72142],
							"rotation": [-12.5, 0, 0],
							"uv": {
								"north": {"uv": [20, 8], "uv_size": [1, 0.75]},
								"east": {"uv": [23, 11], "uv_size": [0.75, 0.75]},
								"south": {"uv": [14, 20], "uv_size": [1, 0.75]},
								"west": {"uv": [23, 12], "uv_size": [0.75, 0.75]},
								"up": {"uv": [15, 20], "uv_size": [1, 0.75]},
								"down": {"uv": [16, 20.75], "uv_size": [1, -0.75]}
							}
						},
						{
							"origin": [0.78125, 1.20894, 1.71417],
							"size": [0.21875, 0.6875, 2.3125],
							"pivot": [1, 1.20894, 1.90167],
							"rotation": [9.78197, -2.50472, 0],
							"uv": {
								"north": {"uv": [13, 28], "uv_size": [0.25, 0.75]},
								"east": {"uv": [12, 9], "uv_size": [2.25, 0.75]},
								"south": {"uv": [28, 13], "uv_size": [0.25, 0.75]},
								"west": {"uv": [12, 11], "uv_size": [2.25, 0.75]},
								"up": {"uv": [13, 23], "uv_size": [0.25, 2.25]},
								"down": {"uv": [14, 25.25], "uv_size": [0.25, -2.25]}
							}
						},
						{
							"origin": [0.21875, 1.20894, 1.71417],
							"size": [0.6875, 0.6875, 2.3125],
							"pivot": [0.78125, 1.20894, 1.90167],
							"rotation": [9.78197, 0, 0],
							"uv": {
								"north": {"uv": [24, 4], "uv_size": [0.75, 0.75]},
								"east": {"uv": [13, 4], "uv_size": [2.25, 0.75]},
								"south": {"uv": [24, 5], "uv_size": [0.75, 0.75]},
								"west": {"uv": [13, 5], "uv_size": [2.25, 0.75]},
								"up": {"uv": [7, 13], "uv_size": [0.75, 2.25]},
								"down": {"uv": [8, 15.25], "uv_size": [0.75, -2.25]}
							}
						},
						{
							"origin": [0.51598, 0.74688, 1.49172],
							"size": [0.125, 1.3125, 0.15625],
							"pivot": [0.56809, 1.27978, 1.94538],
							"rotation": [32.28197, 0, 0],
							"uv": {
								"north": {"uv": [7, 27], "uv_size": [0.25, 1.25]},
								"east": {"uv": [8, 27], "uv_size": [0.25, 1.25]},
								"south": {"uv": [9, 27], "uv_size": [0.25, 1.25]},
								"west": {"uv": [10, 27], "uv_size": [0.25, 1.25]},
								"up": {"uv": [14, 32], "uv_size": [0.25, 0.25]},
								"down": {"uv": [32, 14.25], "uv_size": [0.25, -0.25]}
							}
						},
						{
							"origin": [0.45294, 0.49128, 1.73532],
							"size": [0.25, 0.28125, 0.2813],
							"pivot": [0.56435, 0.63306, 2.40705],
							"rotation": [9.78197, 0, 0],
							"uv": {
								"north": {"uv": [15, 32], "uv_size": [0.25, 0.25]},
								"east": {"uv": [32, 15], "uv_size": [0.25, 0.25]},
								"south": {"uv": [16, 32], "uv_size": [0.25, 0.25]},
								"west": {"uv": [32, 16], "uv_size": [0.25, 0.25]},
								"up": {"uv": [17, 32], "uv_size": [0.25, 0.25]},
								"down": {"uv": [32, 17.25], "uv_size": [0.25, -0.25]}
							}
						},
						{
							"origin": [0.09375, 1.20894, 1.71417],
							"size": [0.21875, 0.6875, 2.3125],
							"pivot": [0.09375, 1.20894, 1.90167],
							"rotation": [9.78197, 2.50472, 2.48097],
							"uv": {
								"north": {"uv": [21, 28], "uv_size": [0.25, 0.75]},
								"east": {"uv": [13, 0], "uv_size": [2.25, 0.75]},
								"south": {"uv": [28, 21], "uv_size": [0.25, 0.75]},
								"west": {"uv": [13, 1], "uv_size": [2.25, 0.75]},
								"up": {"uv": [20, 23], "uv_size": [0.25, 2.25]},
								"down": {"uv": [23, 23.25], "uv_size": [0.25, -2.25]}
							}
						},
						{
							"origin": [0.3125, 0.52219, 0.42892],
							"size": [0.75, 0.1875, 1.625],
							"pivot": [1.0625, 0.52219, 0.42892],
							"rotation": [25, -2.5, 0],
							"uv": {
								"north": {"uv": [14, 28], "uv_size": [0.75, 0.25]},
								"east": {"uv": [25, 14], "uv_size": [1.75, 0.25]},
								"south": {"uv": [28, 14], "uv_size": [0.75, 0.25]},
								"west": {"uv": [15, 25], "uv_size": [1.75, 0.25]},
								"up": {"uv": [14, 13], "uv_size": [0.75, 1.75]},
								"down": {"uv": [1, 16.75], "uv_size": [0.75, -1.75]}
							}
						},
						{
							"origin": [0.0625, 0.52219, 0.42892],
							"size": [0.75, 0.1875, 1.625],
							"pivot": [0.0625, 0.52219, 0.42892],
							"rotation": [25, 2.5, 0],
							"uv": {
								"north": {"uv": [23, 28], "uv_size": [0.75, 0.25]},
								"east": {"uv": [25, 17], "uv_size": [1.75, 0.25]},
								"south": {"uv": [28, 23], "uv_size": [0.75, 0.25]},
								"west": {"uv": [25, 18], "uv_size": [1.75, 0.25]},
								"up": {"uv": [2, 15], "uv_size": [0.75, 1.75]},
								"down": {"uv": [3, 16.75], "uv_size": [0.75, -1.75]}
							}
						},
						{
							"origin": [0.34375, 0.70969, 0.42892],
							"size": [0.71875, 0.1875, 1.5],
							"pivot": [1.0625, 0.70969, 0.42892],
							"rotation": [25, -2.5, 0],
							"uv": {
								"north": {"uv": [20, 28], "uv_size": [0.75, 0.25]},
								"east": {"uv": [24, 25], "uv_size": [1.5, 0.25]},
								"south": {"uv": [28, 20], "uv_size": [0.75, 0.25]},
								"west": {"uv": [25, 24], "uv_size": [1.5, 0.25]},
								"up": {"uv": [11, 16], "uv_size": [0.75, 1.5]},
								"down": {"uv": [12, 17.5], "uv_size": [0.75, -1.5]}
							}
						},
						{
							"origin": [0.0625, 0.70969, 0.42892],
							"size": [0.71875, 0.1875, 1.5],
							"pivot": [0.0625, 0.70969, 0.42892],
							"rotation": [25, 2.5, 0],
							"uv": {
								"north": {"uv": [22, 28], "uv_size": [0.75, 0.25]},
								"east": {"uv": [26, 2], "uv_size": [1.5, 0.25]},
								"south": {"uv": [28, 22], "uv_size": [0.75, 0.25]},
								"west": {"uv": [3, 26], "uv_size": [1.5, 0.25]},
								"up": {"uv": [13, 16], "uv_size": [0.75, 1.5]},
								"down": {"uv": [14, 17.5], "uv_size": [0.75, -1.5]}
							}
						},
						{
							"origin": [0.0625, 1.20894, -0.12958],
							"size": [1, 1.28125, 0.40625],
							"pivot": [1.0625, 1.20894, 1.90167],
							"rotation": [25, 0, 0],
							"uv": {
								"north": {"uv": [0, 16], "uv_size": [1, 1.25]},
								"east": {"uv": [18, 22], "uv_size": [0.5, 1.25]},
								"south": {"uv": [16, 0], "uv_size": [1, 1.25]},
								"west": {"uv": [22, 18], "uv_size": [0.5, 1.25]},
								"up": {"uv": [23, 24], "uv_size": [1, 0.5]},
								"down": {"uv": [24, 23.5], "uv_size": [1, -0.5]}
							}
						},
						{
							"origin": [0.0625, 0.3505, -0.90802],
							"size": [1, 0.59375, 0.96875],
							"uv": {
								"north": {"uv": [24, 16], "uv_size": [1, 0.5]},
								"east": {"uv": [24, 17], "uv_size": [1, 0.5]},
								"south": {"uv": [18, 24], "uv_size": [1, 0.5]},
								"west": {"uv": [24, 18], "uv_size": [1, 0.5]},
								"up": {"uv": [13, 18], "uv_size": [1, 1]},
								"down": {"uv": [14, 19], "uv_size": [1, -1]}
							}
						},
						{
							"origin": [0.0625, 0.3505, -1.62677],
							"size": [1, 0.5625, 0.71875],
							"pivot": [1.0625, 0.3505, -0.90802],
							"rotation": [-52.5, 0, 0],
							"uv": {
								"north": {"uv": [24, 19], "uv_size": [1, 0.5]},
								"east": {"uv": [18, 25], "uv_size": [0.75, 0.5]},
								"south": {"uv": [24, 20], "uv_size": [1, 0.5]},
								"west": {"uv": [21, 25], "uv_size": [0.75, 0.5]},
								"up": {"uv": [20, 16], "uv_size": [1, 0.75]},
								"down": {"uv": [17, 20.75], "uv_size": [1, -0.75]}
							}
						},
						{
							"origin": [0.0625, 1.06043, -4.89336],
							"size": [1, 0.46875, 0.53125],
							"pivot": [1.0625, 1.06043, -4.36211],
							"rotation": [-45, 0, 0],
							"uv": {
								"north": {"uv": [24, 6], "uv_size": [1, 0.5]},
								"east": {"uv": [27, 8], "uv_size": [0.5, 0.5]},
								"south": {"uv": [24, 7], "uv_size": [1, 0.5]},
								"west": {"uv": [11, 27], "uv_size": [0.5, 0.5]},
								"up": {"uv": [24, 8], "uv_size": [1, 0.5]},
								"down": {"uv": [24, 9.5], "uv_size": [1, -0.5]}
							}
						},
						{
							"origin": [0.0643, 1.44264, -4.73474],
							"size": [0.998, 1.125, 1.03125],
							"uv": {
								"north": {"uv": [4, 15], "uv_size": [1, 1.25]},
								"east": {"uv": [5, 15], "uv_size": [1, 1.25]},
								"south": {"uv": [6, 15], "uv_size": [1, 1.25]},
								"west": {"uv": [15, 14], "uv_size": [1, 1.25]},
								"up": {"uv": [2, 18], "uv_size": [1, 1]},
								"down": {"uv": [3, 19], "uv_size": [1, -1]}
							}
						},
						{
							"origin": [0.0625, 0.91839, -1.69017],
							"size": [0.09375, 1.46875, 2.0625],
							"uv": {
								"north": {"uv": [9, 13], "uv_size": [1, 1.5]},
								"east": {"uv": [46.125, 26.3125], "uv_size": [2, 1.5]},
								"south": {"uv": [10, 13], "uv_size": [1, 1.5]},
								"west": {"uv": [6, 5], "uv_size": [2, 1.5]},
								"up": {"uv": [11, 1], "uv_size": [1, 2]},
								"down": {"uv": [2, 13], "uv_size": [1, -2]}
							}
						},
						{
							"origin": [0.0625, 0.91839, -1.69017],
							"size": [1, 0.84375, 2.0625],
							"uv": {
								"north": {"uv": [9, 13], "uv_size": [1, 1.5]},
								"east": {"uv": [32.5625, 30.75], "uv_size": [2, 1.5]},
								"south": {"uv": [10, 13], "uv_size": [1, 1.5]},
								"west": {"uv": [52.59375, 26.84375], "uv_size": [2, 1.5]},
								"up": {"uv": [11, 1], "uv_size": [1, 2]},
								"down": {"uv": [2, 13], "uv_size": [1, -2]}
							}
						},
						{
							"origin": [0.19019, 1.16466, -1.07686],
							"size": [0.6875, 0.78125, 0.65625],
							"uv": {
								"north": {"uv": [64, 2], "uv_size": [-1, -2]},
								"east": {"uv": [64, 2], "uv_size": [-1, -2]},
								"south": {"uv": [64, 2], "uv_size": [-1, -2]},
								"west": {"uv": [64, 2], "uv_size": [-1, -2]},
								"up": {"uv": [63, 0], "uv_size": [1, 2]},
								"down": {"uv": [63, 0], "uv_size": [1, 2]}
							}
						},
						{
							"origin": [0.19019, 1.16466, -0.54561],
							"size": [0.6875, 1.625, 0.125],
							"uv": {
								"north": {"uv": [64, 2], "uv_size": [-1, -2]},
								"east": {"uv": [64, 2], "uv_size": [-1, -2]},
								"south": {"uv": [64, 2], "uv_size": [-1, -2]},
								"west": {"uv": [64, 2], "uv_size": [-1, -2]},
								"up": {"uv": [63, 0], "uv_size": [1, 2]},
								"down": {"uv": [63, 0], "uv_size": [1, 2]}
							}
						},
						{
							"origin": [0.0625, 0.91839, -1.69017],
							"size": [1, 1.46875, 0.25],
							"uv": {
								"north": {"uv": [9, 13], "uv_size": [1, 1.5]},
								"east": {"uv": [42.875, 36.65625], "uv_size": [2, 1.5]},
								"south": {"uv": [10, 13], "uv_size": [1, 1.5]},
								"west": {"uv": [44.65625, 32.15625], "uv_size": [2, 1.5]},
								"up": {"uv": [11, 1], "uv_size": [1, 2]},
								"down": {"uv": [2, 13], "uv_size": [1, -2]}
							}
						},
						{
							"origin": [0.9375, 0.91839, -1.69017],
							"size": [0.125, 1.46875, 2.0625],
							"uv": {
								"north": {"uv": [9, 13], "uv_size": [1, 1.5]},
								"east": {"uv": [6, 3], "uv_size": [2, 1.5]},
								"south": {"uv": [10, 13], "uv_size": [1, 1.5]},
								"west": {"uv": [55.5625, 16.8125], "uv_size": [2, 1.5]},
								"up": {"uv": [11, 1], "uv_size": [1, 2]},
								"down": {"uv": [2, 13], "uv_size": [1, -2]}
							}
						},
						{
							"origin": [0.0625, 0.54339, 0.24733],
							"size": [1, 1.84375, 0.1875],
							"uv": {
								"north": {"uv": [11, 11], "uv_size": [1, 1.75]},
								"east": {"uv": [25, 15], "uv_size": [0.25, 1.75]},
								"south": {"uv": [12, 0], "uv_size": [1, 1.75]},
								"west": {"uv": [17, 25], "uv_size": [0.25, 1.75]},
								"up": {"uv": [27, 17], "uv_size": [1, 0.25]},
								"down": {"uv": [18, 27.25], "uv_size": [1, -0.25]}
							}
						},
						{
							"origin": [0.40625, 0.91839, 0.34108],
							"size": [0.65625, 1.46875, 0.9375],
							"pivot": [1.0625, 2.38714, 0.34108],
							"rotation": [0, -2.5, 0],
							"uv": {
								"north": {"uv": [17, 3], "uv_size": [0.75, 1.5]},
								"east": {"uv": [13, 13], "uv_size": [1, 1.5]},
								"south": {"uv": [6, 17], "uv_size": [0.75, 1.5]},
								"west": {"uv": [0, 14], "uv_size": [1, 1.5]},
								"up": {"uv": [9, 21], "uv_size": [0.75, 1]},
								"down": {"uv": [21, 10], "uv_size": [0.75, -1]}
							}
						},
						{
							"origin": [0.40625, 1.13714, 1.27858],
							"size": [0.65625, 1.25, 0.40625],
							"pivot": [1.0625, 2.38714, 0.34108],
							"rotation": [0, -2.5, 0],
							"uv": {
								"north": {"uv": [6, 20], "uv_size": [0.75, 1.25]},
								"east": {"uv": [8, 23], "uv_size": [0.5, 1.25]},
								"south": {"uv": [11, 20], "uv_size": [0.75, 1.25]},
								"west": {"uv": [9, 23], "uv_size": [0.5, 1.25]},
								"up": {"uv": [1, 26], "uv_size": [0.75, 0.5]},
								"down": {"uv": [2, 26.5], "uv_size": [0.75, -0.5]}
							}
						},
						{
							"origin": [0.0625, 1.13714, 1.27858],
							"size": [0.65625, 1.25, 0.40625],
							"pivot": [0.0625, 2.38714, 0.34108],
							"rotation": [0, 2.5, 0],
							"uv": {
								"north": {"uv": [12, 20], "uv_size": [0.75, 1.25]},
								"east": {"uv": [23, 9], "uv_size": [0.5, 1.25]},
								"south": {"uv": [13, 20], "uv_size": [0.75, 1.25]},
								"west": {"uv": [10, 23], "uv_size": [0.5, 1.25]},
								"up": {"uv": [26, 3], "uv_size": [0.75, 0.5]},
								"down": {"uv": [26, 4.5], "uv_size": [0.75, -0.5]}
							}
						},
						{
							"origin": [0.0625, 0.91839, 0.34108],
							"size": [0.65625, 1.46875, 0.9375],
							"pivot": [0.0625, 2.38714, 0.34108],
							"rotation": [0, 2.5, 0],
							"uv": {
								"north": {"uv": [16, 2], "uv_size": [0.75, 1.5]},
								"east": {"uv": [11, 13], "uv_size": [1, 1.5]},
								"south": {"uv": [16, 4], "uv_size": [0.75, 1.5]},
								"west": {"uv": [12, 13], "uv_size": [1, 1.5]},
								"up": {"uv": [2, 21], "uv_size": [0.75, 1]},
								"down": {"uv": [3, 22], "uv_size": [0.75, -1]}
							}
						},
						{
							"origin": [0.21875, 1.56938, 3.31052],
							"size": [0.6875, 0.9375, 0.6875],
							"uv": {
								"north": {"uv": [18, 20], "uv_size": [0.75, 1]},
								"east": {"uv": [19, 20], "uv_size": [0.75, 1]},
								"south": {"uv": [20, 19], "uv_size": [0.75, 1]},
								"west": {"uv": [20, 20], "uv_size": [0.75, 1]},
								"up": {"uv": [23, 13], "uv_size": [0.75, 0.75]},
								"down": {"uv": [23, 15.75], "uv_size": [0.75, -0.75]}
							}
						},
						{
							"origin": [0.4375, 1.70147, 3.67053],
							"size": [0.21875, 2.75, 0.78125],
							"uv": {
								"north": {"uv": [5, 22], "uv_size": [0.25, 2.75]},
								"east": {"uv": [7, 10], "uv_size": [0.75, 2.75]},
								"south": {"uv": [6, 22], "uv_size": [0.25, 2.75]},
								"west": {"uv": [8, 10], "uv_size": [0.75, 2.75]},
								"up": {"uv": [17, 28], "uv_size": [0.25, 0.75]},
								"down": {"uv": [28, 17.75], "uv_size": [0.25, -0.75]}
							}
						},
						{
							"origin": [-1.5625, 2.48272, 3.73303],
							"size": [4.1875, 0.15625, 0.78125],
							"uv": {
								"north": {"uv": [18, 3], "uv_size": [4.25, 0.25]},
								"east": {"uv": [26, 28], "uv_size": [0.75, 0.25]},
								"south": {"uv": [18, 4], "uv_size": [4.25, 0.25]},
								"west": {"uv": [28, 26], "uv_size": [0.75, 0.25]},
								"up": {"uv": [6, 1], "uv_size": [4.25, 0.75]},
								"down": {"uv": [6, 2.75], "uv_size": [4.25, -0.75]}
							}
						},
						{
							"origin": [0.625, 2.48272, 3.73303],
							"size": [2, 0.15625, 0.78125],
							"pivot": [2.65625, 5.23272, 3.73303],
							"rotation": [0, -12.5, 0],
							"uv": {
								"north": {"uv": [25, 6], "uv_size": [2, 0.25]},
								"east": {"uv": [27, 28], "uv_size": [0.75, 0.25]},
								"south": {"uv": [25, 7], "uv_size": [2, 0.25]},
								"west": {"uv": [28, 27], "uv_size": [0.75, 0.25]},
								"up": {"uv": [1, 14], "uv_size": [2, 0.75]},
								"down": {"uv": [14, 2.75], "uv_size": [2, -0.75]}
							}
						},
						{
							"origin": [-1.5625, 2.48272, 3.73303],
							"size": [2, 0.15625, 0.78125],
							"pivot": [-1.59375, 5.23272, 3.73303],
							"rotation": [0, 12.5, 0],
							"uv": {
								"north": {"uv": [8, 25], "uv_size": [2, 0.25]},
								"east": {"uv": [29, 3], "uv_size": [0.75, 0.25]},
								"south": {"uv": [25, 8], "uv_size": [2, 0.25]},
								"west": {"uv": [4, 29], "uv_size": [0.75, 0.25]},
								"up": {"uv": [14, 3], "uv_size": [2, 0.75]},
								"down": {"uv": [14, 7.75], "uv_size": [2, -0.75]}
							}
						},
						{
							"origin": [2.15625, 2.48272, 3.73303],
							"size": [0.46875, 0.15625, 0.78125],
							"pivot": [2.625, 5.23272, 4.48303],
							"rotation": [0, 30, 0],
							"uv": {
								"north": {"uv": [10, 30], "uv_size": [0.5, 0.25]},
								"east": {"uv": [28, 28], "uv_size": [0.75, 0.25]},
								"south": {"uv": [30, 10], "uv_size": [0.5, 0.25]},
								"west": {"uv": [0, 29], "uv_size": [0.75, 0.25]},
								"up": {"uv": [26, 16], "uv_size": [0.5, 0.75]},
								"down": {"uv": [18, 26.75], "uv_size": [0.5, -0.75]}
							}
						},
						{
							"origin": [-1.54687, 2.48272, 3.73722],
							"size": [0.46875, 0.15625, 0.78125],
							"pivot": [-1.54687, 5.23272, 4.48722],
							"rotation": [0, -30, 0],
							"uv": {
								"north": {"uv": [11, 30], "uv_size": [0.5, 0.25]},
								"east": {"uv": [29, 2], "uv_size": [0.75, 0.25]},
								"south": {"uv": [30, 11], "uv_size": [0.5, 0.25]},
								"west": {"uv": [3, 29], "uv_size": [0.75, 0.25]},
								"up": {"uv": [25, 26], "uv_size": [0.5, 0.75]},
								"down": {"uv": [26, 25.75], "uv_size": [0.5, -0.75]}
							}
						},
						{
							"origin": [0.64093, 2.48272, 3.96322],
							"size": [1.59375, 0.15625, 0.78125],
							"pivot": [2.23468, 2.63897, 4.74447],
							"rotation": [0, 2.5, 0],
							"uv": {
								"north": {"uv": [19, 26], "uv_size": [1.5, 0.25]},
								"east": {"uv": [29, 0], "uv_size": [0.75, 0.25]},
								"south": {"uv": [21, 26], "uv_size": [1.5, 0.25]},
								"west": {"uv": [1, 29], "uv_size": [0.75, 0.25]},
								"up": {"uv": [17, 5], "uv_size": [1.5, 0.75]},
								"down": {"uv": [15, 17.75], "uv_size": [1.5, -0.75]}
							}
						},
						{
							"origin": [-1.15655, 2.48272, 3.96741],
							"size": [1.59375, 0.15625, 0.78125],
							"pivot": [-1.15655, 2.63897, 4.74866],
							"rotation": [0, -2.5, 0],
							"uv": {
								"north": {"uv": [23, 26], "uv_size": [1.5, 0.25]},
								"east": {"uv": [29, 1], "uv_size": [0.75, 0.25]},
								"south": {"uv": [26, 23], "uv_size": [1.5, 0.25]},
								"west": {"uv": [2, 29], "uv_size": [0.75, 0.25]},
								"up": {"uv": [17, 17], "uv_size": [1.5, 0.75]},
								"down": {"uv": [0, 18.75], "uv_size": [1.5, -0.75]}
							}
						},
						{
							"origin": [0.9377, 1.94964, -1.69017],
							"size": [0.125, 0.4375, 1.03125],
							"pivot": [1.0625, 2.38714, -1.69017],
							"rotation": [22.5, 0, 0],
							"uv": {
								"north": {"uv": [24, 10], "uv_size": [1, 0.5]},
								"east": {"uv": [11, 24], "uv_size": [1, 0.5]},
								"south": {"uv": [24, 11], "uv_size": [1, 0.5]},
								"west": {"uv": [51.71875, 25.28125], "uv_size": [1, 0.5]},
								"up": {"uv": [4, 18], "uv_size": [1, 1]},
								"down": {"uv": [5, 19], "uv_size": [1, -1]}
							}
						},
						{
							"origin": [0.0627, 1.94964, -1.69017],
							"size": [0.09375, 0.4375, 1.03125],
							"pivot": [1.0625, 2.38714, -1.69017],
							"rotation": [22.5, 0, 0],
							"uv": {
								"north": {"uv": [24, 10], "uv_size": [1, 0.5]},
								"east": {"uv": [31.0625, 50.84375], "uv_size": [1, 0.5]},
								"south": {"uv": [24, 11], "uv_size": [1, 0.5]},
								"west": {"uv": [24, 12], "uv_size": [1, 0.5]},
								"up": {"uv": [4, 18], "uv_size": [1, 1]},
								"down": {"uv": [5, 19], "uv_size": [1, -1]}
							}
						},
						{
							"origin": [0.15641, 2.29188, -1.68805],
							"size": [0.78125, 0.09375, 0.21875],
							"pivot": [1.0625, 2.38714, -1.69017],
							"rotation": [22.5, 0, 0],
							"uv": {
								"north": {"uv": [24, 10], "uv_size": [1, 0.5]},
								"east": {"uv": [11, 24], "uv_size": [1, 0.5]},
								"south": {"uv": [24, 11], "uv_size": [1, 0.5]},
								"west": {"uv": [24, 12], "uv_size": [1, 0.5]},
								"up": {"uv": [4, 18], "uv_size": [1, 1]},
								"down": {"uv": [5, 19], "uv_size": [1, -1]}
							}
						},
						{
							"origin": [0.0624, 2.44964, -1.69017],
							"size": [1, 0.4375, 0.46875],
							"pivot": [1.0625, 2.88714, -1.69017],
							"rotation": [-62.5, 0, 0],
							"uv": {
								"north": {"uv": [25, 9], "uv_size": [1, 0.5]},
								"east": {"uv": [28, 5], "uv_size": [0.5, 0.5]},
								"south": {"uv": [10, 25], "uv_size": [1, 0.5]},
								"west": {"uv": [28, 6], "uv_size": [0.5, 0.5]},
								"up": {"uv": [25, 10], "uv_size": [1, 0.5]},
								"down": {"uv": [11, 25.5], "uv_size": [1, -0.5]}
							}
						},
						{
							"origin": [0.15625, 2.79339, -1.75267],
							"size": [0.8125, 0, 0.625],
							"pivot": [1.0625, 2.88714, -1.84642],
							"rotation": [50, 0, 0],
							"uv": {
								"north": {"uv": [0, 0], "uv_size": [0.75, 0]},
								"east": {"uv": [0, 0], "uv_size": [0.75, 0]},
								"south": {"uv": [0, 0], "uv_size": [0.75, 0]},
								"west": {"uv": [0, 0], "uv_size": [0.75, 0]},
								"up": {"uv": [23, 19], "uv_size": [0.75, 0.75]},
								"down": {"uv": [0, 24.75], "uv_size": [0.75, -0.75]}
							}
						},
						{
							"origin": [0.96875, 2.79339, -1.84642],
							"size": [0.09375, 0.09375, 0.71875],
							"pivot": [1.0625, 2.88714, -1.84642],
							"rotation": [50, 0, 0],
							"uv": {
								"north": {"uv": [11, 32], "uv_size": [0.25, 0.25]},
								"east": {"uv": [29, 18], "uv_size": [0.75, 0.25]},
								"south": {"uv": [32, 11], "uv_size": [0.25, 0.25]},
								"west": {"uv": [19, 29], "uv_size": [0.75, 0.25]},
								"up": {"uv": [29, 19], "uv_size": [0.25, 0.75]},
								"down": {"uv": [20, 29.75], "uv_size": [0.25, -0.75]}
							}
						},
						{
							"origin": [0.96875, 1.98089, -1.90892],
							"size": [0, 0.90625, 0.78125],
							"pivot": [1.0625, 2.88714, -1.78392],
							"rotation": [50, 0, 0],
							"uv": {
								"north": {"uv": [0, 0], "uv_size": [0, 1]},
								"east": {"uv": [21, 15], "uv_size": [0.75, 1]},
								"south": {"uv": [0, 0], "uv_size": [0, 1]},
								"west": {"uv": [16, 21], "uv_size": [0.75, 1]},
								"up": {"uv": [0, 0], "uv_size": [0, 0.75]},
								"down": {"uv": [0, 0.75], "uv_size": [0, -0.75]}
							}
						},
						{
							"origin": [0.15558, 1.93309, -1.94918],
							"size": [0, 0.90625, 0.78125],
							"pivot": [0.0625, 2.88714, -1.78392],
							"rotation": [50, 0, 0],
							"uv": {
								"north": {"uv": [0, 0], "uv_size": [0, 1]},
								"east": {"uv": [21, 21], "uv_size": [0.75, 1]},
								"south": {"uv": [0, 0], "uv_size": [0, 1]},
								"west": {"uv": [22, 0], "uv_size": [0.75, 1]},
								"up": {"uv": [0, 0], "uv_size": [0, 0.75]},
								"down": {"uv": [0, 0.75], "uv_size": [0, -0.75]}
							}
						},
						{
							"origin": [0.96775, 2.48361, -1.36209],
							"size": [0, 0.90625, 0.78125],
							"pivot": [0.96775, 3.38986, -1.36209],
							"rotation": [7.5, 0, 0],
							"uv": {
								"north": {"uv": [0, 0], "uv_size": [0, 1]},
								"east": {"uv": [21, 16], "uv_size": [0.75, 1]},
								"south": {"uv": [0, 0], "uv_size": [0, 1]},
								"west": {"uv": [17, 21], "uv_size": [0.75, 1]},
								"up": {"uv": [0, 0], "uv_size": [0, 0.75]},
								"down": {"uv": [0, 0.75], "uv_size": [0, -0.75]}
							}
						},
						{
							"origin": [0.16769, 2.48271, -1.4025],
							"size": [0, 0.90625, 0.78125],
							"pivot": [0.15725, 3.38986, -1.36209],
							"rotation": [7.5, 0, 0],
							"uv": {
								"north": {"uv": [0, 0], "uv_size": [0, 1]},
								"east": {"uv": [20, 21], "uv_size": [0.75, 1]},
								"south": {"uv": [0, 0], "uv_size": [0, 1]},
								"west": {"uv": [21, 20], "uv_size": [0.75, 1]},
								"up": {"uv": [0, 0], "uv_size": [0, 0.75]},
								"down": {"uv": [0, 0.75], "uv_size": [0, -0.75]}
							}
						},
						{
							"origin": [0.15725, 3.38986, -1.36209],
							"size": [0.8125, 0, 0.78125],
							"pivot": [0.15725, 3.38986, -1.36209],
							"rotation": [7.5, 0, 0],
							"uv": {
								"north": {"uv": [0, 0], "uv_size": [0.75, 0]},
								"east": {"uv": [0, 0], "uv_size": [0.75, 0]},
								"south": {"uv": [0, 0], "uv_size": [0.75, 0]},
								"west": {"uv": [0, 0], "uv_size": [0.75, 0]},
								"up": {"uv": [24, 1], "uv_size": [0.75, 0.75]},
								"down": {"uv": [2, 24.75], "uv_size": [0.75, -0.75]}
							}
						},
						{
							"origin": [0.96775, 2.58558, -0.58752],
							"size": [0, 0.90625, 0.40625],
							"pivot": [0.96775, 3.49183, -0.58752],
							"rotation": [-5, 0, 0],
							"uv": {
								"north": {"uv": [0, 0], "uv_size": [0, 1]},
								"east": {"uv": [25, 11], "uv_size": [0.5, 1]},
								"south": {"uv": [0, 0], "uv_size": [0, 1]},
								"west": {"uv": [12, 25], "uv_size": [0.5, 1]},
								"up": {"uv": [0, 0], "uv_size": [0, 0.5]},
								"down": {"uv": [0, 0.5], "uv_size": [0, -0.5]}
							}
						},
						{
							"origin": [0.15725, 2.58558, -0.58752],
							"size": [0, 0.90625, 0.40625],
							"pivot": [0.15725, 3.49183, -0.58752],
							"rotation": [-5, 0, 0],
							"uv": {
								"north": {"uv": [0, 0], "uv_size": [0, 1]},
								"east": {"uv": [25, 12], "uv_size": [0.5, 1]},
								"south": {"uv": [0, 0], "uv_size": [0, 1]},
								"west": {"uv": [25, 13], "uv_size": [0.5, 1]},
								"up": {"uv": [0, 0], "uv_size": [0, 0.5]},
								"down": {"uv": [0, 0.5], "uv_size": [0, -0.5]}
							}
						},
						{
							"origin": [0.15725, 3.49183, -0.58752],
							"size": [0.8125, 0, 0.40625],
							"pivot": [0.15725, 3.49183, -0.58752],
							"rotation": [-5, 0, 0],
							"uv": {
								"north": {"uv": [0, 0], "uv_size": [0.75, 0]},
								"east": {"uv": [0, 0], "uv_size": [0.5, 0]},
								"south": {"uv": [0, 0], "uv_size": [0.75, 0]},
								"west": {"uv": [0, 0], "uv_size": [0.5, 0]},
								"up": {"uv": [26, 26], "uv_size": [0.75, 0.5]},
								"down": {"uv": [0, 27.5], "uv_size": [0.75, -0.5]}
							}
						},
						{
							"origin": [0.96775, 2.55018, -0.18282],
							"size": [0, 0.90625, 0.8125],
							"pivot": [0.96775, 3.45643, -0.18282],
							"rotation": [-40, 0, 0],
							"uv": {
								"north": {"uv": [0, 0], "uv_size": [0, 1]},
								"east": {"uv": [18, 21], "uv_size": [0.75, 1]},
								"south": {"uv": [0, 0], "uv_size": [0, 1]},
								"west": {"uv": [21, 18], "uv_size": [0.75, 1]},
								"up": {"uv": [0, 0], "uv_size": [0, 0.75]},
								"down": {"uv": [0, 0.75], "uv_size": [0, -0.75]}
							}
						},
						{
							"origin": [0.15725, 2.55018, -0.18282],
							"size": [0, 0.90625, 0.8125],
							"pivot": [0.15725, 3.45643, -0.18282],
							"rotation": [-40, 0, 0],
							"uv": {
								"north": {"uv": [0, 0], "uv_size": [0, 1]},
								"east": {"uv": [19, 21], "uv_size": [0.75, 1]},
								"south": {"uv": [0, 0], "uv_size": [0, 1]},
								"west": {"uv": [21, 19], "uv_size": [0.75, 1]},
								"up": {"uv": [0, 0], "uv_size": [0, 0.75]},
								"down": {"uv": [0, 0.75], "uv_size": [0, -0.75]}
							}
						},
						{
							"origin": [0.15525, 3.45643, -0.18282],
							"size": [0.8125, 0, 0.8125],
							"pivot": [0.96775, 3.45643, -0.18282],
							"rotation": [-40, 0, 0],
							"uv": {
								"north": {"uv": [0, 0], "uv_size": [0.75, 0]},
								"east": {"uv": [0, 0], "uv_size": [0.75, 0]},
								"south": {"uv": [0, 0], "uv_size": [0.75, 0]},
								"west": {"uv": [0, 0], "uv_size": [0.75, 0]},
								"up": {"uv": [24, 0], "uv_size": [0.75, 0.75]},
								"down": {"uv": [1, 24.75], "uv_size": [0.75, -0.75]}
							}
						},
						{
							"origin": [0.15625, 2.79339, -1.84642],
							"size": [0.8125, 0.09375, 0.09375],
							"pivot": [0.96875, 2.88714, -1.84642],
							"rotation": [50, 0, 0],
							"uv": {
								"north": {"uv": [29, 16], "uv_size": [0.75, 0.25]},
								"east": {"uv": [9, 32], "uv_size": [0.25, 0.25]},
								"south": {"uv": [17, 29], "uv_size": [0.75, 0.25]},
								"west": {"uv": [32, 9], "uv_size": [0.25, 0.25]},
								"up": {"uv": [29, 17], "uv_size": [0.75, 0.25]},
								"down": {"uv": [18, 29.25], "uv_size": [0.75, -0.25]}
							}
						},
						{
							"origin": [0.96875, 2.50024, -1.38442],
							"size": [0.09375, 0.9375, 0.1],
							"uv": {
								"north": {"uv": [28, 7], "uv_size": [0.25, 1]},
								"east": {"uv": [28, 8], "uv_size": [0.25, 1]},
								"south": {"uv": [28, 9], "uv_size": [0.25, 1]},
								"west": {"uv": [28, 10], "uv_size": [0.25, 1]},
								"up": {"uv": [6, 32], "uv_size": [0.25, 0.25]},
								"down": {"uv": [32, 6.25], "uv_size": [0.25, -0.25]}
							}
						},
						{
							"origin": [0.96875, 2.46899, -1.47817],
							"size": [0, 0.84375, 0.1],
							"uv": {
								"north": {"uv": [0, 0], "uv_size": [0, 0.75]},
								"east": {"uv": [29, 20], "uv_size": [0.25, 0.75]},
								"south": {"uv": [0, 0], "uv_size": [0, 0.75]},
								"west": {"uv": [21, 29], "uv_size": [0.25, 0.75]},
								"up": {"uv": [0, 0], "uv_size": [0, 0.25]},
								"down": {"uv": [0, 0.25], "uv_size": [0, -0.25]}
							}
						},
						{
							"origin": [0.15625, 2.46899, -1.47817],
							"size": [0, 0.84375, 0.1],
							"uv": {
								"north": {"uv": [0, 0], "uv_size": [0, 0.75]},
								"east": {"uv": [29, 21], "uv_size": [0.25, 0.75]},
								"south": {"uv": [0, 0], "uv_size": [0, 0.75]},
								"west": {"uv": [22, 29], "uv_size": [0.25, 0.75]},
								"up": {"uv": [0, 0], "uv_size": [0, 0.25]},
								"down": {"uv": [0, 0.25], "uv_size": [0, -0.25]}
							}
						},
						{
							"origin": [0.0625, 2.50024, -1.38442],
							"size": [0.09375, 0.9375, 0.1],
							"uv": {
								"north": {"uv": [11, 28], "uv_size": [0.25, 1]},
								"east": {"uv": [28, 11], "uv_size": [0.25, 1]},
								"south": {"uv": [12, 28], "uv_size": [0.25, 1]},
								"west": {"uv": [28, 12], "uv_size": [0.25, 1]},
								"up": {"uv": [7, 32], "uv_size": [0.25, 0.25]},
								"down": {"uv": [32, 7.25], "uv_size": [0.25, -0.25]}
							}
						},
						{
							"origin": [0.15625, 3.34399, -1.38442],
							"size": [0.8125, 0.09375, 0.1],
							"uv": {
								"north": {"uv": [29, 14], "uv_size": [0.75, 0.25]},
								"east": {"uv": [8, 32], "uv_size": [0.25, 0.25]},
								"south": {"uv": [15, 29], "uv_size": [0.75, 0.25]},
								"west": {"uv": [32, 8], "uv_size": [0.25, 0.25]},
								"up": {"uv": [29, 15], "uv_size": [0.75, 0.25]},
								"down": {"uv": [16, 29.25], "uv_size": [0.75, -0.25]}
							}
						},
						{
							"origin": [0.53125, 3.73516, -0.19905],
							"size": [0.09375, 0.09375, 3.9125],
							"pivot": [0.57813, 3.78204, 1.67908],
							"rotation": [15, 0, 0],
							"uv": {
								"north": {"uv": [10, 32], "uv_size": [0.25, 0.25]},
								"east": {"uv": [16, 19], "uv_size": [4, 0.25]},
								"south": {"uv": [32, 10], "uv_size": [0.25, 0.25]},
								"west": {"uv": [19, 17], "uv_size": [4, 0.25]},
								"up": {"uv": [0, 20], "uv_size": [0.25, 4]},
								"down": {"uv": [1, 24], "uv_size": [0.25, -4]}
							}
						},
						{
							"origin": [0.0625, 2.79339, -1.84642],
							"size": [0.09375, 0.09375, 0.71875],
							"pivot": [0.15625, 2.88714, -1.84642],
							"rotation": [50, 0, 0],
							"uv": {
								"north": {"uv": [5, 32], "uv_size": [0.25, 0.25]},
								"east": {"uv": [29, 12], "uv_size": [0.75, 0.25]},
								"south": {"uv": [32, 5], "uv_size": [0.25, 0.25]},
								"west": {"uv": [13, 29], "uv_size": [0.75, 0.25]},
								"up": {"uv": [29, 13], "uv_size": [0.25, 0.75]},
								"down": {"uv": [14, 29.75], "uv_size": [0.25, -0.75]}
							}
						},
						{
							"origin": [0.625, 2.36711, 0.27816],
							"size": [0.4375, 0.59375, 1.25],
							"pivot": [1.0625, 2.96086, 0.27816],
							"rotation": [-10.03742, -2.42385, 0],
							"uv": {
								"north": {"uv": [12, 27], "uv_size": [0.5, 0.5]},
								"east": {"uv": [7, 22], "uv_size": [1.25, 0.5]},
								"south": {"uv": [13, 27], "uv_size": [0.5, 0.5]},
								"west": {"uv": [9, 22], "uv_size": [1.25, 0.5]},
								"up": {"uv": [22, 9], "uv_size": [0.5, 1.25]},
								"down": {"uv": [11, 23.25], "uv_size": [0.5, -1.25]}
							}
						},
						{
							"origin": [0.1875, 2.36711, 0.27816],
							"size": [0.75, 0.59375, 1.25],
							"pivot": [0.9375, 2.96086, 0.27816],
							"rotation": [-10.03742, 0, 0],
							"uv": {
								"north": {"uv": [0, 26], "uv_size": [0.75, 0.5]},
								"east": {"uv": [19, 22], "uv_size": [1.25, 0.5]},
								"south": {"uv": [26, 0], "uv_size": [0.75, 0.5]},
								"west": {"uv": [22, 20], "uv_size": [1.25, 0.5]},
								"up": {"uv": [4, 20], "uv_size": [0.75, 1.25]},
								"down": {"uv": [5, 21.25], "uv_size": [0.75, -1.25]}
							}
						},
						{
							"origin": [0.0625, 2.36711, 0.27816],
							"size": [0.46875, 0.59375, 1.25],
							"pivot": [0.0625, 2.96086, 0.27816],
							"rotation": [-10.06205, 1.96165, 0],
							"uv": {
								"north": {"uv": [15, 27], "uv_size": [0.5, 0.5]},
								"east": {"uv": [13, 22], "uv_size": [1.25, 0.5]},
								"south": {"uv": [16, 27], "uv_size": [0.5, 0.5]},
								"west": {"uv": [22, 14], "uv_size": [1.25, 0.5]},
								"up": {"uv": [15, 22], "uv_size": [0.5, 1.25]},
								"down": {"uv": [22, 16.25], "uv_size": [0.5, -1.25]}
							}
						},
						{
							"origin": [0.82849, 1.84526, 1.44959],
							"size": [0.1875, 0.90625, 2.5625],
							"pivot": [1.01599, 2.75151, 1.44959],
							"rotation": [-5.47814, -2.46574, 0],
							"uv": {
								"north": {"uv": [14, 27], "uv_size": [0.25, 1]},
								"east": {"uv": [8, 4], "uv_size": [2.5, 1]},
								"south": {"uv": [27, 14], "uv_size": [0.25, 1]},
								"west": {"uv": [8, 5], "uv_size": [2.5, 1]},
								"up": {"uv": [22, 11], "uv_size": [0.25, 2.5]},
								"down": {"uv": [12, 24.5], "uv_size": [0.25, -2.5]}
							}
						},
						{
							"origin": [0.82408, 1.1803, 0.29461],
							"size": [0.1875, 1.46875, 2.5],
							"pivot": [0.92256, 1.80275, 1.87555],
							"rotation": [2.02186, -2.46574, 0],
							"uv": {
								"north": {"uv": [64, 64], "uv_size": [0, 0]},
								"east": {"uv": [64, 64], "uv_size": [0, 0]},
								"south": {"uv": [64, 64], "uv_size": [0, 0]},
								"west": {"uv": [64, 60.75], "uv_size": [-4.25, 3.25]},
								"up": {"uv": [64, 64], "uv_size": [0, 0]},
								"down": {"uv": [64, 64], "uv_size": [0, 0]}
							}
						},
						{
							"origin": [0.07947, 1.1708, 0.3709],
							"size": [0.1875, 1.46875, 2.5],
							"pivot": [-0.92256, 1.80275, 1.87555],
							"rotation": [2.02186, 2.46574, 0],
							"uv": {
								"north": {"uv": [64, 64], "uv_size": [0, 0]},
								"east": {"uv": [59.75, 60.75], "uv_size": [4.25, 3.25]},
								"south": {"uv": [64, 64], "uv_size": [0, 0]},
								"west": {"uv": [64, 64], "uv_size": [0, 0]},
								"up": {"uv": [64, 64], "uv_size": [0, 0]},
								"down": {"uv": [64, 64], "uv_size": [0, 0]}
							}
						},
						{
							"origin": [0.40625, 1.84597, 1.44729],
							"size": [0.3125, 0.90625, 2.53125],
							"pivot": [0.6875, 2.75222, 1.44729],
							"rotation": [-5.54113, 0, 0],
							"uv": {
								"north": {"uv": [27, 18], "uv_size": [0.25, 1]},
								"east": {"uv": [0, 9], "uv_size": [2.5, 1]},
								"south": {"uv": [19, 27], "uv_size": [0.25, 1]},
								"west": {"uv": [3, 9], "uv_size": [2.5, 1]},
								"up": {"uv": [21, 22], "uv_size": [0.25, 2.5]},
								"down": {"uv": [22, 23.5], "uv_size": [0.25, -2.5]}
							}
						},
						{
							"origin": [0.25, 1.84597, 1.44729],
							"size": [0.15625, 0.90625, 2.5625],
							"pivot": [0.59375, 2.75222, 1.44729],
							"rotation": [-5.54113, 0, 0],
							"uv": {
								"north": {"uv": [27, 19], "uv_size": [0.25, 1]},
								"east": {"uv": [6, 9], "uv_size": [2.5, 1]},
								"south": {"uv": [20, 27], "uv_size": [0.25, 1]},
								"west": {"uv": [9, 8], "uv_size": [2.5, 1]},
								"up": {"uv": [23, 0], "uv_size": [0.25, 2.5]},
								"down": {"uv": [23, 5.5], "uv_size": [0.25, -2.5]}
							}
						},
						{
							"origin": [0.6875, 1.84597, 1.44729],
							"size": [0.15625, 0.90625, 2.5625],
							"pivot": [0.5, 2.75222, 1.44729],
							"rotation": [-5.54113, 0, 0],
							"uv": {
								"north": {"uv": [27, 20], "uv_size": [0.25, 1]},
								"east": {"uv": [9, 9], "uv_size": [2.5, 1]},
								"south": {"uv": [21, 27], "uv_size": [0.25, 1]},
								"west": {"uv": [0, 10], "uv_size": [2.5, 1]},
								"up": {"uv": [23, 6], "uv_size": [0.25, 2.5]},
								"down": {"uv": [7, 25.5], "uv_size": [0.25, -2.5]}
							}
						},
						{
							"origin": [0.09375, 1.84597, 1.44729],
							"size": [0.15625, 0.90625, 2.53125],
							"pivot": [0.09375, 2.75222, 1.44729],
							"rotation": [-5.47814, 2.46574, -0.7167],
							"uv": {
								"north": {"uv": [27, 16], "uv_size": [0.25, 1]},
								"east": {"uv": [6, 8], "uv_size": [2.5, 1]},
								"south": {"uv": [17, 27], "uv_size": [0.25, 1]},
								"west": {"uv": [8, 6], "uv_size": [2.5, 1]},
								"up": {"uv": [16, 22], "uv_size": [0.25, 2.5]},
								"down": {"uv": [17, 24.5], "uv_size": [0.25, -2.5]}
							}
						},
						{
							"origin": [0.4375, 2.06173, 1.88465],
							"size": [0.21875, 0.65625, 1.375],
							"pivot": [1.0625, 2.71798, 1.9159],
							"rotation": [14.50598, 0, 0],
							"uv": {
								"north": {"uv": [15, 28], "uv_size": [0.25, 0.75]},
								"east": {"uv": [19, 18], "uv_size": [1.25, 0.75]},
								"south": {"uv": [28, 15], "uv_size": [0.25, 0.75]},
								"west": {"uv": [2, 20], "uv_size": [1.25, 0.75]},
								"up": {"uv": [6, 27], "uv_size": [0.25, 1.25]},
								"down": {"uv": [27, 7.25], "uv_size": [0.25, -1.25]}
							}
						},
						{
							"origin": [0.4375, 1.99938, -5.87754],
							"size": [0.28125, 0.1875, 0.53125],
							"pivot": [0.4375, 2.18688, -5.87754],
							"rotation": [35.68672, -22.91934, -15.62633],
							"uv": {
								"north": {"uv": [31, 30], "uv_size": [0.25, 0.25]},
								"east": {"uv": [31, 1], "uv_size": [0.5, 0.25]},
								"south": {"uv": [31, 31], "uv_size": [0.25, 0.25]},
								"west": {"uv": [2, 31], "uv_size": [0.5, 0.25]},
								"up": {"uv": [31, 2], "uv_size": [0.25, 0.5]},
								"down": {"uv": [3, 31.5], "uv_size": [0.25, -0.5]}
							}
						},
						{
							"origin": [0.4375, 3.79522, 4.45178],
							"size": [0.21875, 0.65625, 2.34375],
							"pivot": [1.0625, 4.45147, 4.45178],
							"rotation": [-82.99402, 0, 0],
							"uv": {
								"north": {"uv": [18, 28], "uv_size": [0.25, 0.75]},
								"east": {"uv": [12, 12], "uv_size": [2.25, 0.75]},
								"south": {"uv": [28, 18], "uv_size": [0.25, 0.75]},
								"west": {"uv": [0, 13], "uv_size": [2.25, 0.75]},
								"up": {"uv": [23, 16], "uv_size": [0.25, 2.25]},
								"down": {"uv": [19, 25.25], "uv_size": [0.25, -2.25]}
							}
						},
						{
							"origin": [0.4375, 2.3184, -5.97053],
							"size": [0.25, 0.1875, 0.59375],
							"pivot": [1.0625, 2.5059, -5.37678],
							"rotation": [32.5, 0, 0],
							"uv": {
								"north": {"uv": [31, 15], "uv_size": [0.25, 0.25]},
								"east": {"uv": [29, 28], "uv_size": [0.5, 0.25]},
								"south": {"uv": [16, 31], "uv_size": [0.25, 0.25]},
								"west": {"uv": [29, 29], "uv_size": [0.5, 0.25]},
								"up": {"uv": [0, 30], "uv_size": [0.25, 0.5]},
								"down": {"uv": [30, 0.5], "uv_size": [0.25, -0.5]}
							}
						},
						{
							"origin": [0.1875, 2.3184, -5.50178],
							"size": [0.75, 0.1875, 0.125],
							"pivot": [1.0625, 2.5059, -5.37678],
							"rotation": [32.5, 0, 0],
							"uv": {
								"north": {"uv": [29, 4], "uv_size": [0.75, 0.25]},
								"east": {"uv": [1, 32], "uv_size": [0.25, 0.25]},
								"south": {"uv": [5, 29], "uv_size": [0.75, 0.25]},
								"west": {"uv": [32, 1], "uv_size": [0.25, 0.25]},
								"up": {"uv": [29, 5], "uv_size": [0.75, 0.25]},
								"down": {"uv": [6, 29.25], "uv_size": [0.75, -0.25]}
							}
						},
						{
							"origin": [0.1875, 1.61786, -5.50178],
							"size": [0.75, 0.1875, 0.125],
							"pivot": [1.0625, 1.61786, -5.37678],
							"rotation": [-32.5, 0, 0],
							"uv": {
								"north": {"uv": [29, 10], "uv_size": [0.75, 0.25]},
								"east": {"uv": [4, 32], "uv_size": [0.25, 0.25]},
								"south": {"uv": [11, 29], "uv_size": [0.75, 0.25]},
								"west": {"uv": [32, 4], "uv_size": [0.25, 0.25]},
								"up": {"uv": [29, 11], "uv_size": [0.75, 0.25]},
								"down": {"uv": [12, 29.25], "uv_size": [0.75, -0.25]}
							}
						},
						{
							"origin": [0.4375, 1.93688, -5.87754],
							"size": [0.25, 0.25, 0.59375],
							"pivot": [0.6875, 1.93688, -5.87754],
							"rotation": [0, 32.5, 0],
							"uv": {
								"north": {"uv": [31, 21], "uv_size": [0.25, 0.25]},
								"east": {"uv": [14, 30], "uv_size": [0.5, 0.25]},
								"south": {"uv": [22, 31], "uv_size": [0.25, 0.25]},
								"west": {"uv": [30, 14], "uv_size": [0.5, 0.25]},
								"up": {"uv": [15, 30], "uv_size": [0.25, 0.5]},
								"down": {"uv": [30, 15.5], "uv_size": [0.25, -0.5]}
							}
						},
						{
							"origin": [0.4375, 1.68688, -5.40879],
							"size": [0.25, 0.75, 0.125],
							"pivot": [0.6875, 1.93688, -5.87754],
							"rotation": [0, 32.5, 0],
							"uv": {
								"north": {"uv": [29, 6], "uv_size": [0.25, 0.75]},
								"east": {"uv": [7, 29], "uv_size": [0.25, 0.75]},
								"south": {"uv": [29, 7], "uv_size": [0.25, 0.75]},
								"west": {"uv": [8, 29], "uv_size": [0.25, 0.75]},
								"up": {"uv": [2, 32], "uv_size": [0.25, 0.25]},
								"down": {"uv": [32, 2.25], "uv_size": [0.25, -0.25]}
							}
						},
						{
							"origin": [0.4375, 1.68688, -5.40879],
							"size": [0.25, 0.75, 0.125],
							"pivot": [0.4375, 1.93688, -5.87754],
							"rotation": [0, -32.5, 0],
							"uv": {
								"north": {"uv": [29, 8], "uv_size": [0.25, 0.75]},
								"east": {"uv": [9, 29], "uv_size": [0.25, 0.75]},
								"south": {"uv": [29, 9], "uv_size": [0.25, 0.75]},
								"west": {"uv": [10, 29], "uv_size": [0.25, 0.75]},
								"up": {"uv": [3, 32], "uv_size": [0.25, 0.25]},
								"down": {"uv": [32, 3.25], "uv_size": [0.25, -0.25]}
							}
						},
						{
							"origin": [0.4375, 1.93688, -5.87754],
							"size": [0.25, 0.28125, 0.53125],
							"pivot": [0.4375, 1.93688, -5.87754],
							"rotation": [-27.5, -32.5, 0],
							"uv": {
								"north": {"uv": [31, 24], "uv_size": [0.25, 0.25]},
								"east": {"uv": [20, 30], "uv_size": [0.5, 0.25]},
								"south": {"uv": [25, 31], "uv_size": [0.25, 0.25]},
								"west": {"uv": [30, 20], "uv_size": [0.5, 0.25]},
								"up": {"uv": [21, 30], "uv_size": [0.25, 0.5]},
								"down": {"uv": [30, 21.5], "uv_size": [0.25, -0.5]}
							}
						},
						{
							"origin": [0.4375, 1.90563, -5.87754],
							"size": [0.25, 0.28125, 0.53125],
							"pivot": [0.4375, 2.18688, -5.87754],
							"rotation": [27.5, -32.5, 0],
							"uv": {
								"north": {"uv": [31, 29], "uv_size": [0.25, 0.25]},
								"east": {"uv": [30, 30], "uv_size": [0.5, 0.25]},
								"south": {"uv": [30, 31], "uv_size": [0.25, 0.25]},
								"west": {"uv": [0, 31], "uv_size": [0.5, 0.25]},
								"up": {"uv": [31, 0], "uv_size": [0.25, 0.5]},
								"down": {"uv": [1, 31.5], "uv_size": [0.25, -0.5]}
							}
						},
						{
							"origin": [0.4375, 1.93688, -5.87754],
							"size": [0.25, 0.25, 0.59375],
							"pivot": [0.4375, 1.93688, -5.87754],
							"rotation": [0, -32.5, 0],
							"uv": {
								"north": {"uv": [31, 26], "uv_size": [0.25, 0.25]},
								"east": {"uv": [24, 30], "uv_size": [0.5, 0.25]},
								"south": {"uv": [27, 31], "uv_size": [0.25, 0.25]},
								"west": {"uv": [30, 24], "uv_size": [0.5, 0.25]},
								"up": {"uv": [25, 30], "uv_size": [0.25, 0.5]},
								"down": {"uv": [30, 25.5], "uv_size": [0.25, -0.5]}
							}
						},
						{
							"origin": [0.4375, 1.93688, -5.87754],
							"size": [0.25, 0.28125, 0.53125],
							"pivot": [0.6875, 1.93688, -5.87754],
							"rotation": [-27.5, 32.5, 0],
							"uv": {
								"north": {"uv": [31, 22], "uv_size": [0.25, 0.25]},
								"east": {"uv": [16, 30], "uv_size": [0.5, 0.25]},
								"south": {"uv": [23, 31], "uv_size": [0.25, 0.25]},
								"west": {"uv": [30, 16], "uv_size": [0.5, 0.25]},
								"up": {"uv": [17, 30], "uv_size": [0.25, 0.5]},
								"down": {"uv": [30, 17.5], "uv_size": [0.25, -0.5]}
							}
						},
						{
							"origin": [0.40625, 1.99938, -5.87754],
							"size": [0.28125, 0.1875, 0.53125],
							"pivot": [0.6875, 2.18688, -5.87754],
							"rotation": [35.68672, 22.91934, 15.62633],
							"uv": {
								"north": {"uv": [31, 27], "uv_size": [0.25, 0.25]},
								"east": {"uv": [26, 30], "uv_size": [0.5, 0.25]},
								"south": {"uv": [28, 31], "uv_size": [0.25, 0.25]},
								"west": {"uv": [30, 26], "uv_size": [0.5, 0.25]},
								"up": {"uv": [27, 30], "uv_size": [0.25, 0.5]},
								"down": {"uv": [30, 27.5], "uv_size": [0.25, -0.5]}
							}
						},
						{
							"origin": [0.4375, 1.90563, -5.87754],
							"size": [0.25, 0.28125, 0.53125],
							"pivot": [0.6875, 2.18688, -5.87754],
							"rotation": [27.5, 32.5, 0],
							"uv": {
								"north": {"uv": [31, 28], "uv_size": [0.25, 0.25]},
								"east": {"uv": [28, 30], "uv_size": [0.5, 0.25]},
								"south": {"uv": [29, 31], "uv_size": [0.25, 0.25]},
								"west": {"uv": [30, 28], "uv_size": [0.5, 0.25]},
								"up": {"uv": [29, 30], "uv_size": [0.25, 0.5]},
								"down": {"uv": [30, 29.5], "uv_size": [0.25, -0.5]}
							}
						},
						{
							"origin": [0.4375, 1.93688, -5.87754],
							"size": [0.28125, 0.1875, 0.53125],
							"pivot": [0.4375, 1.93688, -5.87754],
							"rotation": [-35.68672, -22.91934, 15.62633],
							"uv": {
								"north": {"uv": [31, 25], "uv_size": [0.25, 0.25]},
								"east": {"uv": [22, 30], "uv_size": [0.5, 0.25]},
								"south": {"uv": [26, 31], "uv_size": [0.25, 0.25]},
								"west": {"uv": [30, 22], "uv_size": [0.5, 0.25]},
								"up": {"uv": [23, 30], "uv_size": [0.25, 0.5]},
								"down": {"uv": [30, 23.5], "uv_size": [0.25, -0.5]}
							}
						},
						{
							"origin": [0.125, 1.6079, -5.37678],
							"size": [0.875, 0.898, 0.65625],
							"uv": {
								"north": {"uv": [6, 19], "uv_size": [1, 1]},
								"east": {"uv": [21, 13], "uv_size": [0.75, 1]},
								"south": {"uv": [15, 19], "uv_size": [1, 1]},
								"west": {"uv": [14, 21], "uv_size": [0.75, 1]},
								"up": {"uv": [21, 14], "uv_size": [1, 0.75]},
								"down": {"uv": [15, 21.75], "uv_size": [1, -0.75]}
							}
						},
						{
							"origin": [0.4375, 1.93688, -5.87754],
							"size": [0.25, 0.25, 0.59375],
							"uv": {
								"north": {"uv": [0, 32], "uv_size": [0.25, 0.25]},
								"east": {"uv": [31, 4], "uv_size": [0.5, 0.25]},
								"south": {"uv": [32, 0], "uv_size": [0.25, 0.25]},
								"west": {"uv": [5, 31], "uv_size": [0.5, 0.25]},
								"up": {"uv": [31, 5], "uv_size": [0.25, 0.5]},
								"down": {"uv": [6, 31.5], "uv_size": [0.25, -0.5]}
							}
						},
						{
							"origin": [0.40625, 1.93688, -5.87754],
							"size": [0.28125, 0.1875, 0.53125],
							"pivot": [0.6875, 1.93688, -5.87754],
							"rotation": [-35.68672, 22.91934, -15.62633],
							"uv": {
								"north": {"uv": [31, 23], "uv_size": [0.25, 0.25]},
								"east": {"uv": [18, 30], "uv_size": [0.5, 0.25]},
								"south": {"uv": [24, 31], "uv_size": [0.25, 0.25]},
								"west": {"uv": [30, 18], "uv_size": [0.5, 0.25]},
								"up": {"uv": [19, 30], "uv_size": [0.25, 0.5]},
								"down": {"uv": [30, 19.5], "uv_size": [0.25, -0.5]}
							}
						},
						{
							"origin": [0.4375, 1.46897, 4.73766],
							"size": [0.21875, 0.65625, 0.53125],
							"pivot": [1.0625, 2.12522, 4.73766],
							"rotation": [-124.37477, 0, 0],
							"uv": {
								"north": {"uv": [19, 28], "uv_size": [0.25, 0.75]},
								"east": {"uv": [23, 25], "uv_size": [0.5, 0.75]},
								"south": {"uv": [28, 19], "uv_size": [0.25, 0.75]},
								"west": {"uv": [25, 23], "uv_size": [0.5, 0.75]},
								"up": {"uv": [1, 30], "uv_size": [0.25, 0.5]},
								"down": {"uv": [30, 1.5], "uv_size": [0.25, -0.5]}
							}
						},
						{
							"origin": [0.4375, 2.39831, 2.71681],
							"size": [0.21875, 0.65625, 1.96875],
							"pivot": [1.0625, 3.05456, 3.21681],
							"rotation": [72.00598, 0, 0],
							"uv": {
								"north": {"uv": [16, 28], "uv_size": [0.25, 0.75]},
								"east": {"uv": [13, 6], "uv_size": [2, 0.75]},
								"south": {"uv": [28, 16], "uv_size": [0.25, 0.75]},
								"west": {"uv": [13, 10], "uv_size": [2, 0.75]},
								"up": {"uv": [24, 21], "uv_size": [0.25, 2]},
								"down": {"uv": [22, 26], "uv_size": [0.25, -2]}
							}
						},
						{
							"origin": [0.0625, 2.18803, -0.73742],
							"size": [0.09375, 0.59375, 1.03125],
							"pivot": [1.0625, 2.78178, -0.73742],
							"rotation": [10, 0, 0],
							"uv": {
								"north": {"uv": [24, 13], "uv_size": [1, 0.5]},
								"east": {"uv": [41.6875, 50.59375], "uv_size": [1, 0.5]},
								"south": {"uv": [15, 24], "uv_size": [1, 0.5]},
								"west": {"uv": [24, 15], "uv_size": [1, 0.5]},
								"up": {"uv": [11, 18], "uv_size": [1, 1]},
								"down": {"uv": [12, 19], "uv_size": [1, -1]}
							}
						},
						{
							"origin": [0.9375, 2.18803, -0.73742],
							"size": [0.125, 0.59375, 1.03125],
							"pivot": [1.0625, 2.78178, -0.73742],
							"rotation": [10, 0, 0],
							"uv": {
								"north": {"uv": [24, 13], "uv_size": [1, 0.5]},
								"east": {"uv": [24, 14], "uv_size": [1, 0.5]},
								"south": {"uv": [15, 24], "uv_size": [1, 0.5]},
								"west": {"uv": [53.5, 22.375], "uv_size": [1, 0.5]},
								"up": {"uv": [11, 18], "uv_size": [1, 1]},
								"down": {"uv": [12, 19], "uv_size": [1, -1]}
							}
						},
						{
							"origin": [0.4375, 1.93688, -5.87754],
							"size": [0.25, 0.1875, 0.59375],
							"pivot": [0.6875, 1.93688, -5.87754],
							"rotation": [-32.5, 0, 0],
							"uv": {
								"north": {"uv": [31, 20], "uv_size": [0.25, 0.25]},
								"east": {"uv": [12, 30], "uv_size": [0.5, 0.25]},
								"south": {"uv": [21, 31], "uv_size": [0.25, 0.25]},
								"west": {"uv": [30, 12], "uv_size": [0.5, 0.25]},
								"up": {"uv": [13, 30], "uv_size": [0.25, 0.5]},
								"down": {"uv": [30, 13.5], "uv_size": [0.25, -0.5]}
							}
						}
					]
				},
				{
					"name": "LeftWing",
					"parent": "Plane",
					"pivot": [3.88991, 1.59027, -1.22719],
					"rotation": [0, 0, -7.5],
					"cubes": [
						{
							"origin": [2.01744, 1.09553, -4.78441],
							"size": [0.1875, 1.46875, 2.5],
							"pivot": [2.14193, 1.66416, -1.1778],
							"rotation": [89.84077, -0.4789, -90.16829],
							"uv": {
								"north": {"uv": [64, 64], "uv_size": [0, 0]},
								"east": {"uv": [64, 64], "uv_size": [0, 0]},
								"south": {"uv": [64, 64], "uv_size": [0, 0]},
								"west": {"uv": [64, 60.75], "uv_size": [-4.25, 3.25]},
								"up": {"uv": [64, 64], "uv_size": [0, 0]},
								"down": {"uv": [64, 64], "uv_size": [0, 0]}
							}
						},
						{
							"origin": [1.07753, 1.44964, -3.08463],
							"size": [1.625, 0.28125, 1],
							"pivot": [1.07753, 2.44964, -3.08463],
							"rotation": [0, -25, 0],
							"uv": {
								"north": {"uv": [25, 19], "uv_size": [1.75, 0.25]},
								"east": {"uv": [27, 21], "uv_size": [1, 0.25]},
								"south": {"uv": [25, 20], "uv_size": [1.75, 0.25]},
								"west": {"uv": [22, 27], "uv_size": [1, 0.25]},
								"up": {"uv": [12, 2], "uv_size": [1.75, 1]},
								"down": {"uv": [12, 8], "uv_size": [1.75, -1]}
							}
						},
						{
							"origin": [6.12141, 1.44964, -2.339],
							"size": [0.4375, 0.28125, 0.90625],
							"pivot": [6.12141, 2.44964, -2.339],
							"rotation": [0, -54, 0],
							"uv": {
								"north": {"uv": [2, 30], "uv_size": [0.5, 0.25]},
								"east": {"uv": [27, 22], "uv_size": [1, 0.25]},
								"south": {"uv": [30, 2], "uv_size": [0.5, 0.25]},
								"west": {"uv": [23, 27], "uv_size": [1, 0.25]},
								"up": {"uv": [24, 24], "uv_size": [0.5, 1]},
								"down": {"uv": [0, 26], "uv_size": [0.5, -1]}
							}
						},
						{
							"origin": [6.37857, 1.44964, -1.20381],
							"size": [0.5625, 0.28125, 0.90625],
							"pivot": [6.37857, 2.44964, -1.20381],
							"rotation": [-180, -68.5, 180],
							"uv": {
								"north": {"uv": [3, 30], "uv_size": [0.5, 0.25]},
								"east": {"uv": [25, 27], "uv_size": [1, 0.25]},
								"south": {"uv": [30, 3], "uv_size": [0.5, 0.25]},
								"west": {"uv": [27, 25], "uv_size": [1, 0.25]},
								"up": {"uv": [25, 0], "uv_size": [0.5, 1]},
								"down": {"uv": [1, 26], "uv_size": [0.5, -1]}
							}
						},
						{
							"origin": [6.17241, 1.44964, -0.68045],
							"size": [5.1875, 0.28125, 0.375],
							"pivot": [6.17241, 2.44964, -0.68045],
							"rotation": [-180, -11, 180],
							"uv": {
								"north": {"uv": [9, 15], "uv_size": [5.25, 0.25]},
								"east": {"uv": [4, 30], "uv_size": [0.5, 0.25]},
								"south": {"uv": [15, 9], "uv_size": [5.25, 0.25]},
								"west": {"uv": [30, 4], "uv_size": [0.5, 0.25]},
								"up": {"uv": [0, 7], "uv_size": [5.25, 0.5]},
								"down": {"uv": [6, 7.5], "uv_size": [5.25, -0.5]}
							}
						},
						{
							"origin": [1.06607, 1.44964, -1.98506],
							"size": [5.3125, 0.28125, 0.78125],
							"uv": {
								"north": {"uv": [14, 8], "uv_size": [5.25, 0.25]},
								"east": {"uv": [24, 28], "uv_size": [0.75, 0.25]},
								"south": {"uv": [15, 6], "uv_size": [5.25, 0.25]},
								"west": {"uv": [28, 24], "uv_size": [0.75, 0.25]},
								"up": {"uv": [0, 4], "uv_size": [5.25, 0.75]},
								"down": {"uv": [0, 5.75], "uv_size": [5.25, -0.75]}
							}
						},
						{
							"origin": [1.06607, 1.44964, -1.20381],
							"size": [4.46875, 0.28125, 0.28125],
							"uv": {
								"north": {"uv": [16, 7], "uv_size": [4.5, 0.25]},
								"east": {"uv": [31, 16], "uv_size": [0.25, 0.25]},
								"south": {"uv": [16, 14], "uv_size": [4.5, 0.25]},
								"west": {"uv": [17, 31], "uv_size": [0.25, 0.25]},
								"up": {"uv": [15, 16], "uv_size": [4.5, 0.25]},
								"down": {"uv": [16, 15.25], "uv_size": [4.5, -0.25]}
							}
						},
						{
							"origin": [1.06607, 1.44964, -0.95381],
							"size": [1.9375, 0.28125, 0.875],
							"uv": {
								"north": {"uv": [25, 1], "uv_size": [2, 0.25]},
								"east": {"uv": [26, 27], "uv_size": [1, 0.25]},
								"south": {"uv": [2, 25], "uv_size": [2, 0.25]},
								"west": {"uv": [27, 26], "uv_size": [1, 0.25]},
								"up": {"uv": [11, 4], "uv_size": [2, 1]},
								"down": {"uv": [11, 6], "uv_size": [2, -1]}
							}
						},
						{
							"origin": [3.00357, 1.44964, -0.95381],
							"size": [1.4375, 0.28125, 0.59375],
							"uv": {
								"north": {"uv": [5, 26], "uv_size": [1.5, 0.25]},
								"east": {"uv": [5, 30], "uv_size": [0.5, 0.25]},
								"south": {"uv": [7, 26], "uv_size": [1.5, 0.25]},
								"west": {"uv": [30, 5], "uv_size": [0.5, 0.25]},
								"up": {"uv": [21, 6], "uv_size": [1.5, 0.5]},
								"down": {"uv": [7, 21.5], "uv_size": [1.5, -0.5]}
							}
						},
						{
							"origin": [4.40982, 1.44964, -0.95381],
							"size": [1.4375, 0.28125, 0.3125],
							"uv": {
								"north": {"uv": [9, 26], "uv_size": [1.5, 0.25]},
								"east": {"uv": [31, 17], "uv_size": [0.25, 0.25]},
								"south": {"uv": [26, 9], "uv_size": [1.5, 0.25]},
								"west": {"uv": [18, 31], "uv_size": [0.25, 0.25]},
								"up": {"uv": [26, 10], "uv_size": [1.5, 0.25]},
								"down": {"uv": [11, 26.25], "uv_size": [1.5, -0.25]}
							}
						},
						{
							"origin": [2.06881, 1.44964, -2.62239],
							"size": [4.0625, 0.28125, 1],
							"pivot": [2.06881, 2.44964, -2.62239],
							"rotation": [0, -4, 0],
							"uv": {
								"north": {"uv": [15, 18], "uv_size": [4, 0.25]},
								"east": {"uv": [24, 27], "uv_size": [1, 0.25]},
								"south": {"uv": [0, 19], "uv_size": [4, 0.25]},
								"west": {"uv": [27, 24], "uv_size": [1, 0.25]},
								"up": {"uv": [2, 0], "uv_size": [4, 1]},
								"down": {"uv": [2, 2], "uv_size": [4, -1]}
							}
						}
					]
				},
				{
					"name": "RightWing",
					"parent": "Plane",
					"pivot": [-2.76491, 1.59027, -1.22719],
					"rotation": [0, 0, 7.5],
					"cubes": [
						{
							"origin": [-1.57753, 1.44964, -3.08463],
							"size": [1.625, 0.28125, 1],
							"pivot": [0.04747, 2.44964, -3.08463],
							"rotation": [0, 25, 0],
							"uv": {
								"north": {"uv": [25, 21], "uv_size": [1.75, 0.25]},
								"east": {"uv": [27, 27], "uv_size": [1, 0.25]},
								"south": {"uv": [25, 22], "uv_size": [1.75, 0.25]},
								"west": {"uv": [0, 28], "uv_size": [1, 0.25]},
								"up": {"uv": [12, 8], "uv_size": [1.75, 1]},
								"down": {"uv": [9, 13], "uv_size": [1.75, -1]}
							}
						},
						{
							"origin": [-5.43391, 1.44964, -2.339],
							"size": [0.4375, 0.28125, 0.90625],
							"pivot": [-4.99641, 2.44964, -2.339],
							"rotation": [0, 54, 0],
							"uv": {
								"north": {"uv": [6, 30], "uv_size": [0.5, 0.25]},
								"east": {"uv": [28, 0], "uv_size": [1, 0.25]},
								"south": {"uv": [30, 6], "uv_size": [0.5, 0.25]},
								"west": {"uv": [28, 1], "uv_size": [1, 0.25]},
								"up": {"uv": [25, 2], "uv_size": [0.5, 1]},
								"down": {"uv": [25, 4], "uv_size": [0.5, -1]}
							}
						},
						{
							"origin": [-5.81607, 1.44964, -1.20381],
							"size": [0.5625, 0.28125, 0.90625],
							"pivot": [-5.25357, 2.44964, -1.20381],
							"rotation": [-180, 68.5, -180],
							"uv": {
								"north": {"uv": [7, 30], "uv_size": [0.5, 0.25]},
								"east": {"uv": [2, 28], "uv_size": [1, 0.25]},
								"south": {"uv": [30, 7], "uv_size": [0.5, 0.25]},
								"west": {"uv": [28, 2], "uv_size": [1, 0.25]},
								"up": {"uv": [4, 25], "uv_size": [0.5, 1]},
								"down": {"uv": [25, 5], "uv_size": [0.5, -1]}
							}
						},
						{
							"origin": [-10.23491, 1.44964, -0.68045],
							"size": [5.1875, 0.28125, 0.375],
							"pivot": [-5.04741, 2.44964, -0.68045],
							"rotation": [-180, 11, -180],
							"uv": {
								"north": {"uv": [15, 10], "uv_size": [5.25, 0.25]},
								"east": {"uv": [8, 30], "uv_size": [0.5, 0.25]},
								"south": {"uv": [15, 11], "uv_size": [5.25, 0.25]},
								"west": {"uv": [30, 8], "uv_size": [0.5, 0.25]},
								"up": {"uv": [0, 8], "uv_size": [5.25, 0.5]},
								"down": {"uv": [8, 3.5], "uv_size": [5.25, -0.5]}
							}
						},
						{
							"origin": [-5.25357, 1.4497, -1.98506],
							"size": [5.3125, 0.28125, 0.78125],
							"uv": {
								"north": {"uv": [15, 12], "uv_size": [5.25, 0.25]},
								"east": {"uv": [25, 28], "uv_size": [0.75, 0.25]},
								"south": {"uv": [15, 13], "uv_size": [5.25, 0.25]},
								"west": {"uv": [28, 25], "uv_size": [0.75, 0.25]},
								"up": {"uv": [0, 6], "uv_size": [5.25, 0.75]},
								"down": {"uv": [6, 0.75], "uv_size": [5.25, -0.75]}
							}
						},
						{
							"origin": [-4.40982, 1.44964, -1.20381],
							"size": [4.46875, 0.28125, 0.28125],
							"uv": {
								"north": {"uv": [17, 0], "uv_size": [4.5, 0.25]},
								"east": {"uv": [31, 18], "uv_size": [0.25, 0.25]},
								"south": {"uv": [1, 17], "uv_size": [4.5, 0.25]},
								"west": {"uv": [19, 31], "uv_size": [0.25, 0.25]},
								"up": {"uv": [17, 1], "uv_size": [4.5, 0.25]},
								"down": {"uv": [17, 2.25], "uv_size": [4.5, -0.25]}
							}
						},
						{
							"origin": [-1.87857, 1.44964, -0.95381],
							"size": [1.9375, 0.28125, 0.875],
							"uv": {
								"north": {"uv": [5.032, 25.032], "uv_size": [1.936, 0.218]},
								"east": {"uv": [3.032, 28.032], "uv_size": [0.936, 0.218]},
								"south": {"uv": [25.032, 5.032], "uv_size": [1.936, 0.218]},
								"west": {"uv": [28.032, 3.032], "uv_size": [0.936, 0.218]},
								"up": {"uv": [11.032, 6.032], "uv_size": [1.936, 0.936]},
								"down": {"uv": [11.032, 10.968], "uv_size": [1.936, -0.936]}
							}
						},
						{
							"origin": [-3.31607, 1.44964, -0.95381],
							"size": [1.4375, 0.28125, 0.59375],
							"uv": {
								"north": {"uv": [26, 11], "uv_size": [1.5, 0.25]},
								"east": {"uv": [9, 30], "uv_size": [0.5, 0.25]},
								"south": {"uv": [26, 12], "uv_size": [1.5, 0.25]},
								"west": {"uv": [30, 9], "uv_size": [0.5, 0.25]},
								"up": {"uv": [21, 7], "uv_size": [1.5, 0.5]},
								"down": {"uv": [21, 8.5], "uv_size": [1.5, -0.5]}
							}
						},
						{
							"origin": [-4.72232, 1.44964, -0.95381],
							"size": [1.4375, 0.28125, 0.3125],
							"uv": {
								"north": {"uv": [13, 26], "uv_size": [1.5, 0.25]},
								"east": {"uv": [31, 19], "uv_size": [0.25, 0.25]},
								"south": {"uv": [26, 13], "uv_size": [1.5, 0.25]},
								"west": {"uv": [20, 31], "uv_size": [0.25, 0.25]},
								"up": {"uv": [15, 26], "uv_size": [1.5, 0.25]},
								"down": {"uv": [26, 15.25], "uv_size": [1.5, -0.25]}
							}
						},
						{
							"origin": [-5.00631, 1.44964, -2.62239],
							"size": [4.0625, 0.28125, 1],
							"pivot": [-0.94381, 2.44964, -2.62239],
							"rotation": [0, 4, 0],
							"uv": {
								"north": {"uv": [19, 5], "uv_size": [4, 0.25]},
								"east": {"uv": [28, 4], "uv_size": [1, 0.25]},
								"south": {"uv": [11, 19], "uv_size": [4, 0.25]},
								"west": {"uv": [5, 28], "uv_size": [1, 0.25]},
								"up": {"uv": [2, 2], "uv_size": [4, 1]},
								"down": {"uv": [2, 4], "uv_size": [4, -1]}
							}
						},
						{
							"origin": [-2.25742, 1.11178, -3.52938],
							"size": [0.1875, 1.46875, 2.5],
							"pivot": [-2.14193, 1.66416, -1.1778],
							"rotation": [89.84077, 0.4789, 90.16829],
							"uv": {
								"north": {"uv": [64, 64], "uv_size": [0, 0]},
								"east": {"uv": [59.75, 60.75], "uv_size": [4.25, 3.25]},
								"south": {"uv": [64, 64], "uv_size": [0, 0]},
								"west": {"uv": [64, 64], "uv_size": [0, 0]},
								"up": {"uv": [64, 64], "uv_size": [0, 0]},
								"down": {"uv": [64, 64], "uv_size": [0, 0]}
							}
						}
					]
				},
				{
					"name": "Propellers",
					"parent": "Plane",
					"pivot": [0.5625, 2.06188, -4.79942],
					"cubes": [
						{
							"origin": [0.375, -0.34437, -5.00254],
							"size": [0.375, 4.84375, 0.15625],
							"uv": {
								"north": {"uv": [3, 10], "uv_size": [0.5, 4.75]},
								"east": {"uv": [7, 16], "uv_size": [0.25, 4.75]},
								"south": {"uv": [4, 10], "uv_size": [0.5, 4.75]},
								"west": {"uv": [8, 16], "uv_size": [0.25, 4.75]},
								"up": {"uv": [31, 3], "uv_size": [0.5, 0.25]},
								"down": {"uv": [4, 31.25], "uv_size": [0.5, -0.25]}
							}
						},
						{
							"origin": [0.375, -0.34437, -5.00254],
							"size": [0.375, 4.84375, 0.15625],
							"pivot": [0.5625, 2.06188, -4.92442],
							"rotation": [0, 0, 90],
							"uv": {
								"north": {"uv": [5, 10], "uv_size": [0.5, 4.75]},
								"east": {"uv": [9, 16], "uv_size": [0.25, 4.75]},
								"south": {"uv": [6, 10], "uv_size": [0.5, 4.75]},
								"west": {"uv": [10, 16], "uv_size": [0.25, 4.75]},
								"up": {"uv": [31, 6], "uv_size": [0.5, 0.25]},
								"down": {"uv": [7, 31.25], "uv_size": [0.5, -0.25]}
							}
						}
					]
				},
				{
					"name": "LeftLandingGear",
					"parent": "Plane",
					"pivot": [2.375, 1.26214, -2.15892],
					"cubes": [
						{
							"origin": [2.28125, 0.07464, -2.34642],
							"size": [0.21875, 1.4375, 0.375],
							"uv": {
								"north": {"uv": [27, 0], "uv_size": [0.25, 1.5]},
								"east": {"uv": [22, 1], "uv_size": [0.5, 1.5]},
								"south": {"uv": [1, 27], "uv_size": [0.25, 1.5]},
								"west": {"uv": [2, 22], "uv_size": [0.5, 1.5]},
								"up": {"uv": [31, 7], "uv_size": [0.25, 0.5]},
								"down": {"uv": [8, 31.5], "uv_size": [0.25, -0.5]}
							}
						},
						{
							"origin": [2.40625, -0.17536, -2.53392],
							"size": [0.09375, 0.6875, 0.375],
							"pivot": [2, 0.01214, -2.25267],
							"rotation": [-32.5, 0, 0],
							"uv": {
								"north": {"uv": [29, 22], "uv_size": [0.25, 0.75]},
								"east": {"uv": [2, 27], "uv_size": [0.5, 0.75]},
								"south": {"uv": [23, 29], "uv_size": [0.25, 0.75]},
								"west": {"uv": [3, 27], "uv_size": [0.5, 0.75]},
								"up": {"uv": [31, 8], "uv_size": [0.25, 0.5]},
								"down": {"uv": [9, 31.5], "uv_size": [0.25, -0.5]}
							}
						},
						{
							"origin": [2.40625, -0.19637, -2.27435],
							"size": [0.09375, 0.5, 0.3125],
							"uv": {
								"north": {"uv": [31, 9], "uv_size": [0.25, 0.5]},
								"east": {"uv": [10, 31], "uv_size": [0.25, 0.5]},
								"south": {"uv": [31, 10], "uv_size": [0.25, 0.5]},
								"west": {"uv": [11, 31], "uv_size": [0.25, 0.5]},
								"up": {"uv": [12, 32], "uv_size": [0.25, 0.25]},
								"down": {"uv": [32, 12.25], "uv_size": [0.25, -0.25]}
							}
						},
						{
							"origin": [2.09375, -0.32137, -2.64935],
							"size": [0.3125, 0.75, 0.75],
							"pivot": [2.25, 0.05363, -2.27435],
							"rotation": [9.782, 0, 0],
							"uv": {
								"north": {"uv": [29, 23], "uv_size": [0.25, 0.75]},
								"east": {"uv": [24, 2], "uv_size": [0.75, 0.75]},
								"south": {"uv": [24, 29], "uv_size": [0.25, 0.75]},
								"west": {"uv": [3, 24], "uv_size": [0.75, 0.75]},
								"up": {"uv": [29, 24], "uv_size": [0.25, 0.75]},
								"down": {"uv": [25, 29.75], "uv_size": [0.25, -0.75]}
							}
						}
					]
				},
				{
					"name": "RightLandingGear",
					"parent": "Plane",
					"pivot": [-1.25, 1.26214, -2.15892],
					"cubes": [
						{
							"origin": [-1.375, 0.07464, -2.34642],
							"size": [0.21875, 1.4375, 0.375],
							"uv": {
								"north": {"uv": [27, 3], "uv_size": [0.25, 1.5]},
								"east": {"uv": [3, 22], "uv_size": [0.5, 1.5]},
								"south": {"uv": [4, 27], "uv_size": [0.25, 1.5]},
								"west": {"uv": [4, 22], "uv_size": [0.5, 1.5]},
								"up": {"uv": [31, 11], "uv_size": [0.25, 0.5]},
								"down": {"uv": [12, 31.5], "uv_size": [0.25, -0.5]}
							}
						},
						{
							"origin": [-1.375, -0.17536, -2.53392],
							"size": [0.09375, 0.6875, 0.375],
							"pivot": [-0.875, 0.01214, -2.25267],
							"rotation": [-32.5, 0, 0],
							"uv": {
								"north": {"uv": [29, 25], "uv_size": [0.25, 0.75]},
								"east": {"uv": [5, 27], "uv_size": [0.5, 0.75]},
								"south": {"uv": [26, 29], "uv_size": [0.25, 0.75]},
								"west": {"uv": [27, 5], "uv_size": [0.5, 0.75]},
								"up": {"uv": [31, 12], "uv_size": [0.25, 0.5]},
								"down": {"uv": [13, 31.5], "uv_size": [0.25, -0.5]}
							}
						},
						{
							"origin": [-1.375, -0.19637, -2.27435],
							"size": [0.09375, 0.5, 0.3125],
							"uv": {
								"north": {"uv": [31, 13], "uv_size": [0.25, 0.5]},
								"east": {"uv": [14, 31], "uv_size": [0.25, 0.5]},
								"south": {"uv": [31, 14], "uv_size": [0.25, 0.5]},
								"west": {"uv": [15, 31], "uv_size": [0.25, 0.5]},
								"up": {"uv": [13, 32], "uv_size": [0.25, 0.25]},
								"down": {"uv": [32, 13.25], "uv_size": [0.25, -0.25]}
							}
						},
						{
							"origin": [-1.28125, -0.32137, -2.64935],
							"size": [0.3125, 0.75, 0.75],
							"pivot": [-1.125, 0.05363, -2.27435],
							"rotation": [9.7981, 0, 0],
							"uv": {
								"north": {"uv": [29, 26], "uv_size": [0.25, 0.75]},
								"east": {"uv": [24, 3], "uv_size": [0.75, 0.75]},
								"south": {"uv": [27, 29], "uv_size": [0.25, 0.75]},
								"west": {"uv": [4, 24], "uv_size": [0.75, 0.75]},
								"up": {"uv": [29, 27], "uv_size": [0.25, 0.75]},
								"down": {"uv": [28, 29.75], "uv_size": [0.25, -0.75]}
							}
						}
					]
				},
				{
					"name": "bone",
					"parent": "Plane",
					"pivot": [1.0625, 1.88714, -2.69017],
					"cubes": [
						{
							"origin": [0.0625, 0.91839, -3.72142],
							"size": [1, 1.96875, 2.03125],
							"uv": {
								"north": {"uv": [9.032, 10.032], "uv_size": [0.936, 1.936]},
								"east": {"uv": [0.032, 0.032], "uv_size": [1.936, 1.936]},
								"south": {"uv": [10.032, 10.032], "uv_size": [0.936, 1.936]},
								"west": {"uv": [0.032, 2.032], "uv_size": [1.936, 1.936]},
								"up": {"uv": [0.032, 11.032], "uv_size": [0.936, 1.936]},
								"down": {"uv": [1.032, 12.968], "uv_size": [0.936, -1.936]}
							}
						}
					]
				}
			]
		}
	]
}