{
	"format_version": "1.12.0",
	"minecraft:geometry": [
		{
			"description": {
				"identifier": "geometry.pak_36",
				"texture_width": 32,
				"texture_height": 32,
				"visible_bounds_width": 2,
				"visible_bounds_height": 1.5,
				"visible_bounds_offset": [0, 0.25, 0]
			},
			"bones": [
				{
					"name": "bb_main",
					"pivot": [0.03646, 0.68542, 0.24167],
					"cubes": [
						{
							"origin": [-1.0625, 0.425, 0],
							"size": [2.21875, 0.5, 0.4],
							"uv": {
								"north": {"uv": [2, 0], "uv_size": [2.25, 0.5]},
								"east": {"uv": [14, 3], "uv_size": [0.375, 0.5]},
								"south": {"uv": [2, 1], "uv_size": [2.25, 0.5]},
								"west": {"uv": [4, 14], "uv_size": [0.375, 0.5]},
								"up": {"uv": [7, 0], "uv_size": [2.25, 0.375]},
								"down": {"uv": [7, 1.375], "uv_size": [2.25, -0.375]}
							}
						},
						{
							"origin": [-1.0625, 0.45625, -0.09375],
							"size": [2.21875, 0.5, 0.05625],
							"uv": {
								"north": {"uv": [2, 0], "uv_size": [2.25, 0.5]},
								"east": {"uv": [14, 3], "uv_size": [0.375, 0.5]},
								"south": {"uv": [2, 1], "uv_size": [2.25, 0.5]},
								"west": {"uv": [4, 14], "uv_size": [0.375, 0.5]},
								"up": {"uv": [7, 0], "uv_size": [2.25, 0.375]},
								"down": {"uv": [7, 1.375], "uv_size": [2.25, -0.375]}
							}
						},
						{
							"origin": [-1.0625, 0.08125, 0.0625],
							"size": [2.21875, 0.40625, 0.05625],
							"pivot": [0.04688, 0.20625, 0.09063],
							"rotation": [27.5, 0, 0],
							"uv": {
								"north": {"uv": [2, 0], "uv_size": [2.25, 0.5]},
								"east": {"uv": [14, 3], "uv_size": [0.375, 0.5]},
								"south": {"uv": [2, 1], "uv_size": [2.25, 0.5]},
								"west": {"uv": [4, 14], "uv_size": [0.375, 0.5]},
								"up": {"uv": [7, 0], "uv_size": [2.25, 0.375]},
								"down": {"uv": [7, 1.375], "uv_size": [2.25, -0.375]}
							}
						},
						{
							"origin": [-1.375, 0.58125, 0.1875],
							"size": [0.3125, 0.21875, 0.15],
							"uv": {
								"north": {"uv": [14, 16], "uv_size": [0.375, 0.25]},
								"east": {"uv": [19, 16], "uv_size": [0.125, 0.25]},
								"south": {"uv": [16, 14], "uv_size": [0.375, 0.25]},
								"west": {"uv": [17, 19], "uv_size": [0.125, 0.25]},
								"up": {"uv": [13, 18], "uv_size": [0.375, 0.125]},
								"down": {"uv": [18, 13.125], "uv_size": [0.375, -0.125]}
							}
						},
						{
							"origin": [1.125, 0.58125, 0.1875],
							"size": [0.3125, 0.21875, 0.15],
							"uv": {
								"north": {"uv": [15, 16], "uv_size": [0.375, 0.25]},
								"east": {"uv": [19, 17], "uv_size": [0.125, 0.25]},
								"south": {"uv": [16, 15], "uv_size": [0.375, 0.25]},
								"west": {"uv": [18, 19], "uv_size": [0.125, 0.25]},
								"up": {"uv": [14, 18], "uv_size": [0.375, 0.125]},
								"down": {"uv": [18, 14.125], "uv_size": [0.375, -0.125]}
							}
						}
					]
				},
				{
					"name": "Shield",
					"parent": "bb_main",
					"pivot": [-0.0001, 1.58097, 0.5356],
					"rotation": [-12.5, 0, 0],
					"cubes": [
						{
							"origin": [-1.02212, 0.76933, 0.59413],
							"size": [0.1, 1.5, 0.2],
							"pivot": [-0.09416, 1.21933, 0.72118],
							"rotation": [0, -12.5, 0],
							"uv": {
								"north": {"uv": [6, 14], "uv_size": [0.125, 1.5]},
								"east": {"uv": [6, 10], "uv_size": [0.25, 1.5]},
								"south": {"uv": [14, 6], "uv_size": [0.125, 1.5]},
								"west": {"uv": [7, 10], "uv_size": [0.25, 1.5]},
								"up": {"uv": [16, 18], "uv_size": [0.125, 0.25]},
								"down": {"uv": [18, 16.25], "uv_size": [0.125, -0.25]}
							}
						},
						{
							"origin": [-0.84783, 1.96933, 1.00322],
							"size": [0.1, 0.3, 0.19],
							"pivot": [0.08013, 0.41933, -0.06499],
							"rotation": [0, -12.5, 0],
							"uv": {
								"north": {"uv": [19, 2], "uv_size": [0.125, 0.25]},
								"east": {"uv": [6, 17], "uv_size": [0.25, 0.25]},
								"south": {"uv": [3, 19], "uv_size": [0.125, 0.25]},
								"west": {"uv": [17, 6], "uv_size": [0.25, 0.25]},
								"up": {"uv": [19, 3], "uv_size": [0.125, 0.25]},
								"down": {"uv": [4, 19.25], "uv_size": [0.125, -0.25]}
							}
						},
						{
							"origin": [-1.02315, 1.36933, 0.79402],
							"size": [0.1, 0.9, 0.19],
							"pivot": [-0.09519, 0.81933, 0.72581],
							"rotation": [0, -12.5, 0],
							"uv": {
								"north": {"uv": [11, 16], "uv_size": [0.125, 0.875]},
								"east": {"uv": [12, 13], "uv_size": [0.25, 0.875]},
								"south": {"uv": [16, 11], "uv_size": [0.125, 0.875]},
								"west": {"uv": [13, 13], "uv_size": [0.25, 0.875]},
								"up": {"uv": [18, 18], "uv_size": [0.125, 0.25]},
								"down": {"uv": [0, 19.25], "uv_size": [0.125, -0.25]}
							}
						},
						{
							"origin": [0.58608, 1.35331, 1.17411],
							"size": [0.1, 1.5, 0.2],
							"pivot": [-0.19188, 2.86145, -0.80009],
							"rotation": [-17.5, 12.5, 0],
							"uv": {
								"north": {"uv": [0, 15], "uv_size": [0.125, 1.5]},
								"east": {"uv": [11, 3], "uv_size": [0.25, 1.5]},
								"south": {"uv": [1, 15], "uv_size": [0.125, 1.5]},
								"west": {"uv": [4, 11], "uv_size": [0.25, 1.5]},
								"up": {"uv": [19, 9], "uv_size": [0.125, 0.25]},
								"down": {"uv": [10, 19.25], "uv_size": [0.125, -0.25]}
							}
						},
						{
							"origin": [-0.99196, 0.83875, 0.19295],
							"size": [0.1, 0.73, 0.22],
							"pivot": [-0.90671, 1.21875, 0.50474],
							"rotation": [0, -12.5, 0],
							"uv": {
								"north": {"uv": [13, 16], "uv_size": [0.125, 0.75]},
								"east": {"uv": [9, 14], "uv_size": [0.25, 0.75]},
								"south": {"uv": [16, 13], "uv_size": [0.125, 0.75]},
								"west": {"uv": [14, 9], "uv_size": [0.25, 0.75]},
								"up": {"uv": [19, 5], "uv_size": [0.125, 0.25]},
								"down": {"uv": [6, 19.25], "uv_size": [0.125, -0.25]}
							}
						},
						{
							"origin": [-0.45607, 2.19933, 1.23612],
							"size": [0.1, 0.07, 0.07],
							"pivot": [0.47189, 0.64933, -1.83209],
							"rotation": [0, -12.5, 0],
							"uv": {
								"north": {"uv": [2, 20], "uv_size": [0.125, 0.125]},
								"east": {"uv": [20, 2], "uv_size": [0.125, 0.125]},
								"south": {"uv": [3, 20], "uv_size": [0.125, 0.125]},
								"west": {"uv": [20, 3], "uv_size": [0.125, 0.125]},
								"up": {"uv": [4, 20], "uv_size": [0.125, 0.125]},
								"down": {"uv": [20, 4.125], "uv_size": [0.125, -0.125]}
							}
						},
						{
							"origin": [0.88996, 0.83875, 0.19295],
							"size": [0.1, 0.73, 0.22],
							"pivot": [0.90671, 1.21875, 0.50474],
							"rotation": [0, 12.5, 0],
							"uv": {
								"north": {"uv": [12, 16], "uv_size": [0.125, 0.75]},
								"east": {"uv": [7, 14], "uv_size": [0.25, 0.75]},
								"south": {"uv": [16, 12], "uv_size": [0.125, 0.75]},
								"west": {"uv": [14, 8], "uv_size": [0.25, 0.75]},
								"up": {"uv": [19, 4], "uv_size": [0.125, 0.25]},
								"down": {"uv": [5, 19.25], "uv_size": [0.125, -0.25]}
							}
						},
						{
							"origin": [0.74783, 1.96933, 1.00322],
							"size": [0.1, 0.3, 0.19],
							"pivot": [-0.08013, 0.41933, -0.06499],
							"rotation": [0, 12.5, 0],
							"uv": {
								"north": {"uv": [19, 0], "uv_size": [0.125, 0.25]},
								"east": {"uv": [5, 17], "uv_size": [0.25, 0.25]},
								"south": {"uv": [1, 19], "uv_size": [0.125, 0.25]},
								"west": {"uv": [17, 5], "uv_size": [0.25, 0.25]},
								"up": {"uv": [19, 1], "uv_size": [0.125, 0.25]},
								"down": {"uv": [2, 19.25], "uv_size": [0.125, -0.25]}
							}
						},
						{
							"origin": [-1.12031, 0.76875, 0.13232],
							"size": [0.1, 0.07, 0.6],
							"pivot": [-0.19235, 1.2382, 1.16411],
							"rotation": [0, -12.5, 0],
							"uv": {
								"north": {"uv": [6, 20], "uv_size": [0.125, 0.125]},
								"east": {"uv": [17, 1], "uv_size": [0.625, 0.125]},
								"south": {"uv": [20, 6], "uv_size": [0.125, 0.125]},
								"west": {"uv": [2, 17], "uv_size": [0.625, 0.125]},
								"up": {"uv": [3, 17], "uv_size": [0.125, 0.625]},
								"down": {"uv": [17, 4.625], "uv_size": [0.125, -0.625]}
							}
						},
						{
							"origin": [0.35607, 2.19933, 1.23612],
							"size": [0.1, 0.07, 0.07],
							"pivot": [-0.47189, 0.64933, -1.83209],
							"rotation": [0, 12.5, 0],
							"uv": {
								"north": {"uv": [19, 18], "uv_size": [0.125, 0.125]},
								"east": {"uv": [19, 19], "uv_size": [0.125, 0.125]},
								"south": {"uv": [0, 20], "uv_size": [0.125, 0.125]},
								"west": {"uv": [20, 0], "uv_size": [0.125, 0.125]},
								"up": {"uv": [1, 20], "uv_size": [0.125, 0.125]},
								"down": {"uv": [20, 1.125], "uv_size": [0.125, -0.125]}
							}
						},
						{
							"origin": [0.92315, 1.36933, 0.79402],
							"size": [0.1, 0.9, 0.19],
							"pivot": [0.09519, 0.81933, 0.72581],
							"rotation": [0, 12.5, 0],
							"uv": {
								"north": {"uv": [16, 9], "uv_size": [0.125, 0.875]},
								"east": {"uv": [11, 13], "uv_size": [0.25, 0.875]},
								"south": {"uv": [16, 10], "uv_size": [0.125, 0.875]},
								"west": {"uv": [13, 11], "uv_size": [0.25, 0.875]},
								"up": {"uv": [17, 18], "uv_size": [0.125, 0.25]},
								"down": {"uv": [18, 17.25], "uv_size": [0.125, -0.25]}
							}
						},
						{
							"origin": [0.92212, 0.76933, 0.59413],
							"size": [0.1, 1.5, 0.2],
							"pivot": [0.09416, 1.21933, 0.72118],
							"rotation": [0, 12.5, 0],
							"uv": {
								"north": {"uv": [14, 4], "uv_size": [0.125, 1.5]},
								"east": {"uv": [10, 1], "uv_size": [0.25, 1.5]},
								"south": {"uv": [5, 14], "uv_size": [0.125, 1.5]},
								"west": {"uv": [10, 3], "uv_size": [0.25, 1.5]},
								"up": {"uv": [15, 18], "uv_size": [0.125, 0.25]},
								"down": {"uv": [18, 15.25], "uv_size": [0.125, -0.25]}
							}
						},
						{
							"origin": [0.28125, 0.33125, 0.41793],
							"size": [0.3125, 1.53125, 0.075],
							"pivot": [1.83625, 2.26875, 0.41793],
							"rotation": [-17.5, 0, 0],
							"uv": {
								"north": {"uv": [9, 4], "uv_size": [0.375, 1.5]},
								"east": {"uv": [13, 14], "uv_size": [0.125, 1.5]},
								"south": {"uv": [8, 9], "uv_size": [0.375, 1.5]},
								"west": {"uv": [14, 13], "uv_size": [0.125, 1.5]},
								"up": {"uv": [17, 11], "uv_size": [0.375, 0.125]},
								"down": {"uv": [12, 17.125], "uv_size": [0.375, -0.125]}
							}
						},
						{
							"origin": [-0.875, 0.33125, 0.41793],
							"size": [1.15625, 1.9375, 0.075],
							"pivot": [1.83625, 2.26875, 0.41793],
							"rotation": [-17.5, 0, 0],
							"uv": {
								"north": {"uv": [0, 0], "uv_size": [1.125, 1.875]},
								"east": {"uv": [8, 13], "uv_size": [0.125, 1.875]},
								"south": {"uv": [0, 2], "uv_size": [1.125, 1.875]},
								"west": {"uv": [13, 9], "uv_size": [0.125, 1.875]},
								"up": {"uv": [16, 8], "uv_size": [1.125, 0.125]},
								"down": {"uv": [9, 16.125], "uv_size": [1.125, -0.125]}
							}
						},
						{
							"origin": [0.59375, 0.33125, 0.41793],
							"size": [0.28125, 1.9375, 0.075],
							"pivot": [1.83625, 2.26875, 0.41793],
							"rotation": [-17.5, 0, 0],
							"uv": {
								"north": {"uv": [8, 4], "uv_size": [0.375, 1.875]},
								"east": {"uv": [13, 5], "uv_size": [0.125, 1.875]},
								"south": {"uv": [7, 8], "uv_size": [0.375, 1.875]},
								"west": {"uv": [13, 7], "uv_size": [0.125, 1.875]},
								"up": {"uv": [12, 18], "uv_size": [0.375, 0.125]},
								"down": {"uv": [18, 12.125], "uv_size": [0.375, -0.125]}
							}
						},
						{
							"origin": [-0.875, 2.19933, 0.41793],
							"size": [1.78125, 0.07, 0.2],
							"uv": {
								"north": {"uv": [0, 14], "uv_size": [1.75, 0.125]},
								"east": {"uv": [19, 6], "uv_size": [0.25, 0.125]},
								"south": {"uv": [2, 14], "uv_size": [1.75, 0.125]},
								"west": {"uv": [7, 19], "uv_size": [0.25, 0.125]},
								"up": {"uv": [9, 9], "uv_size": [1.75, 0.25]},
								"down": {"uv": [10, 0.25], "uv_size": [1.75, -0.25]}
							}
						},
						{
							"origin": [1.02031, 0.76875, 0.13232],
							"size": [0.1, 0.07, 0.6],
							"pivot": [0.19235, 1.2382, 1.16411],
							"rotation": [0, 12.5, 0],
							"uv": {
								"north": {"uv": [5, 20], "uv_size": [0.125, 0.125]},
								"east": {"uv": [16, 16], "uv_size": [0.625, 0.125]},
								"south": {"uv": [20, 5], "uv_size": [0.125, 0.125]},
								"west": {"uv": [0, 17], "uv_size": [0.625, 0.125]},
								"up": {"uv": [17, 0], "uv_size": [0.125, 0.625]},
								"down": {"uv": [1, 17.625], "uv_size": [0.125, -0.625]}
							}
						},
						{
							"origin": [-0.68608, 1.35331, 1.17411],
							"size": [0.1, 1.5, 0.2],
							"pivot": [0.19188, 2.86145, -0.80009],
							"rotation": [-17.5, -12.5, 0],
							"uv": {
								"north": {"uv": [2, 15], "uv_size": [0.125, 1.5]},
								"east": {"uv": [11, 5], "uv_size": [0.25, 1.5]},
								"south": {"uv": [3, 15], "uv_size": [0.125, 1.5]},
								"west": {"uv": [11, 7], "uv_size": [0.25, 1.5]},
								"up": {"uv": [19, 10], "uv_size": [0.125, 0.25]},
								"down": {"uv": [11, 19.25], "uv_size": [0.125, -0.25]}
							}
						},
						{
							"origin": [-1.00584, 0.76119, 0.64673],
							"size": [0.1, 1.5, 0.2],
							"pivot": [0.14842, 2.26933, 0.67253],
							"rotation": [-17.5, -12.5, 0],
							"uv": {
								"north": {"uv": [11, 14], "uv_size": [0.125, 1.5]},
								"east": {"uv": [11, 1], "uv_size": [0.25, 1.5]},
								"south": {"uv": [12, 14], "uv_size": [0.125, 1.5]},
								"west": {"uv": [3, 11], "uv_size": [0.25, 1.5]},
								"up": {"uv": [19, 8], "uv_size": [0.125, 0.25]},
								"down": {"uv": [9, 19.25], "uv_size": [0.125, -0.25]}
							}
						},
						{
							"origin": [0.90584, 0.76119, 0.64673],
							"size": [0.1, 1.5, 0.2],
							"pivot": [-0.14842, 2.26933, 0.67253],
							"rotation": [-17.5, 12.5, 0],
							"uv": {
								"north": {"uv": [10, 14], "uv_size": [0.125, 1.5]},
								"east": {"uv": [9, 10], "uv_size": [0.25, 1.5]},
								"south": {"uv": [14, 10], "uv_size": [0.125, 1.5]},
								"west": {"uv": [10, 10], "uv_size": [0.25, 1.5]},
								"up": {"uv": [19, 7], "uv_size": [0.125, 0.25]},
								"down": {"uv": [8, 19.25], "uv_size": [0.125, -0.25]}
							}
						}
					]
				},
				{
					"name": "Wheels",
					"parent": "bb_main",
					"pivot": [0.03437, 0.72023, 0.20015],
					"rotation": [-70, 0, 0],
					"cubes": [
						{
							"origin": [1.4375, 0, -0.1],
							"size": [0.3, 1.45, 0.6],
							"uv": {
								"north": {"uv": [8, 11], "uv_size": [0.25, 1.5]},
								"east": {"uv": [0, 4], "uv_size": [0.625, 1.5]},
								"south": {"uv": [11, 9], "uv_size": [0.25, 1.5]},
								"west": {"uv": [1, 4], "uv_size": [0.625, 1.5]},
								"up": {"uv": [15, 6], "uv_size": [0.25, 0.625]},
								"down": {"uv": [7, 15.625], "uv_size": [0.25, -0.625]}
							}
						},
						{
							"origin": [1.4375, 0.12574, 0.02574],
							"size": [0.3, 1.45, 0.6],
							"pivot": [1.5875, 0.72574, 0.32574],
							"rotation": [90, 0, 0],
							"uv": {
								"north": {"uv": [11, 11], "uv_size": [0.25, 1.5]},
								"east": {"uv": [2, 4], "uv_size": [0.625, 1.5]},
								"south": {"uv": [0, 12], "uv_size": [0.25, 1.5]},
								"west": {"uv": [4, 2], "uv_size": [0.625, 1.5]},
								"up": {"uv": [15, 7], "uv_size": [0.25, 0.625]},
								"down": {"uv": [8, 15.625], "uv_size": [0.25, -0.625]}
							}
						},
						{
							"origin": [1.4375, 0.74393, -0.30398],
							"size": [0.3, 1.45, 0.6],
							"pivot": [1.5875, 1.34393, 0.99602],
							"rotation": [45, 0, 0],
							"uv": {
								"north": {"uv": [12, 0], "uv_size": [0.25, 1.5]},
								"east": {"uv": [3, 4], "uv_size": [0.625, 1.5]},
								"south": {"uv": [1, 12], "uv_size": [0.25, 1.5]},
								"west": {"uv": [4, 4], "uv_size": [0.625, 1.5]},
								"up": {"uv": [15, 8], "uv_size": [0.25, 0.625]},
								"down": {"uv": [9, 15.625], "uv_size": [0.25, -0.625]}
							}
						},
						{
							"origin": [1.4375, 0.74393, 0.10398],
							"size": [0.3, 1.45, 0.6],
							"pivot": [1.5875, 1.34393, -0.59602],
							"rotation": [-45, 0, 0],
							"uv": {
								"north": {"uv": [2, 12], "uv_size": [0.25, 1.5]},
								"east": {"uv": [5, 0], "uv_size": [0.625, 1.5]},
								"south": {"uv": [12, 2], "uv_size": [0.25, 1.5]},
								"west": {"uv": [5, 2], "uv_size": [0.625, 1.5]},
								"up": {"uv": [15, 9], "uv_size": [0.25, 0.625]},
								"down": {"uv": [15, 10.625], "uv_size": [0.25, -0.625]}
							}
						},
						{
							"origin": [1.49, 0.2, -0.3],
							"size": [0.2575, 1, 1],
							"uv": {
								"north": {"uv": [3, 13], "uv_size": [0.25, 1]},
								"east": {"uv": [2, 2], "uv_size": [1, 1]},
								"south": {"uv": [13, 3], "uv_size": [0.25, 1]},
								"west": {"uv": [2, 3], "uv_size": [1, 1]},
								"up": {"uv": [4, 13], "uv_size": [0.25, 1]},
								"down": {"uv": [13, 5], "uv_size": [0.25, -1]}
							}
						},
						{
							"origin": [-1.675, 0, -0.1],
							"size": [0.3, 1.45, 0.6],
							"uv": {
								"north": {"uv": [12, 4], "uv_size": [0.25, 1.5]},
								"east": {"uv": [5, 4], "uv_size": [0.625, 1.5]},
								"south": {"uv": [5, 12], "uv_size": [0.25, 1.5]},
								"west": {"uv": [0, 6], "uv_size": [0.625, 1.5]},
								"up": {"uv": [15, 11], "uv_size": [0.25, 0.625]},
								"down": {"uv": [15, 12.625], "uv_size": [0.25, -0.625]}
							}
						},
						{
							"origin": [-1.675, 0.12574, 0.02574],
							"size": [0.3, 1.45, 0.6],
							"pivot": [-1.525, 0.72574, 0.32574],
							"rotation": [90, 0, 0],
							"uv": {
								"north": {"uv": [6, 12], "uv_size": [0.25, 1.5]},
								"east": {"uv": [6, 0], "uv_size": [0.625, 1.5]},
								"south": {"uv": [12, 6], "uv_size": [0.25, 1.5]},
								"west": {"uv": [1, 6], "uv_size": [0.625, 1.5]},
								"up": {"uv": [15, 13], "uv_size": [0.25, 0.625]},
								"down": {"uv": [14, 15.625], "uv_size": [0.25, -0.625]}
							}
						},
						{
							"origin": [-1.675, 0.74393, -0.30398],
							"size": [0.3, 1.45, 0.6],
							"pivot": [-1.525, 1.34393, 0.99602],
							"rotation": [45, 0, 0],
							"uv": {
								"north": {"uv": [7, 12], "uv_size": [0.25, 1.5]},
								"east": {"uv": [2, 6], "uv_size": [0.625, 1.5]},
								"south": {"uv": [12, 8], "uv_size": [0.25, 1.5]},
								"west": {"uv": [6, 2], "uv_size": [0.625, 1.5]},
								"up": {"uv": [15, 14], "uv_size": [0.25, 0.625]},
								"down": {"uv": [15, 15.625], "uv_size": [0.25, -0.625]}
							}
						},
						{
							"origin": [-1.675, 0.74393, 0.10398],
							"size": [0.3, 1.45, 0.6],
							"pivot": [-1.525, 1.34393, -0.59602],
							"rotation": [-45, 0, 0],
							"uv": {
								"north": {"uv": [9, 12], "uv_size": [0.25, 1.5]},
								"east": {"uv": [3, 6], "uv_size": [0.625, 1.5]},
								"south": {"uv": [10, 12], "uv_size": [0.25, 1.5]},
								"west": {"uv": [4, 6], "uv_size": [0.625, 1.5]},
								"up": {"uv": [16, 0], "uv_size": [0.25, 0.625]},
								"down": {"uv": [16, 1.625], "uv_size": [0.25, -0.625]}
							}
						},
						{
							"origin": [-1.685, 0.2, -0.3],
							"size": [0.32, 1, 1],
							"uv": {
								"north": {"uv": [10, 5], "uv_size": [0.375, 1]},
								"east": {"uv": [3, 2], "uv_size": [1, 1]},
								"south": {"uv": [10, 7], "uv_size": [0.375, 1]},
								"west": {"uv": [3, 3], "uv_size": [1, 1]},
								"up": {"uv": [12, 10], "uv_size": [0.375, 1]},
								"down": {"uv": [12, 12], "uv_size": [0.375, -1]}
							}
						}
					]
				},
				{
					"name": "Gun",
					"parent": "bb_main",
					"pivot": [0.00013, 1.09338, 0.3264],
					"rotation": [10, 0, 0],
					"cubes": [
						{
							"origin": [-0.09237, 1.15412, -1.93945],
							"size": [0.2015, 0.2015, 2.495],
							"pivot": [-0.05762, -0.22488, -0.10445],
							"rotation": [-10, 0, 0],
							"uv": {
								"north": {"uv": [7, 17], "uv_size": [0.25, 0.25]},
								"east": {"uv": [8, 6], "uv_size": [2.5, 0.25]},
								"south": {"uv": [17, 7], "uv_size": [0.25, 0.25]},
								"west": {"uv": [8, 8], "uv_size": [2.5, 0.25]},
								"up": {"uv": [0, 9], "uv_size": [0.25, 2.5]},
								"down": {"uv": [1, 11.5], "uv_size": [0.25, -2.5]}
							}
						},
						{
							"origin": [-0.06112, 1.18537, -3.25195],
							"size": [0.139, 0.139, 1.3075],
							"pivot": [-0.05762, -0.22488, -0.10445],
							"rotation": [-10, 0, 0],
							"uv": {
								"north": {"uv": [14, 20], "uv_size": [0.125, 0.125]},
								"east": {"uv": [16, 2], "uv_size": [1.25, 0.125]},
								"south": {"uv": [20, 14], "uv_size": [0.125, 0.125]},
								"west": {"uv": [16, 3], "uv_size": [1.25, 0.125]},
								"up": {"uv": [4, 16], "uv_size": [0.125, 1.25]},
								"down": {"uv": [16, 5.25], "uv_size": [0.125, -1.25]}
							}
						},
						{
							"origin": [-0.18962, 1.22012, -1.7757],
							"size": [0.396, 0.066, 2.335],
							"pivot": [-0.05762, 0.96312, -0.76445],
							"rotation": [-10, 0, 0],
							"uv": {
								"north": {"uv": [17, 12], "uv_size": [0.375, 0.125]},
								"east": {"uv": [12, 12], "uv_size": [2.375, 0.125]},
								"south": {"uv": [13, 17], "uv_size": [0.375, 0.125]},
								"west": {"uv": [13, 0], "uv_size": [2.375, 0.125]},
								"up": {"uv": [6, 4], "uv_size": [0.375, 2.375]},
								"down": {"uv": [5, 8.375], "uv_size": [0.375, -2.375]}
							}
						},
						{
							"origin": [-0.12362, 1.08812, -1.7757],
							"size": [0.264, 0.132, 2.335],
							"pivot": [-0.05762, 0.96312, -0.76445],
							"rotation": [-10, 0, 0],
							"uv": {
								"north": {"uv": [19, 11], "uv_size": [0.25, 0.125]},
								"east": {"uv": [13, 1], "uv_size": [2.375, 0.125]},
								"south": {"uv": [12, 19], "uv_size": [0.25, 0.125]},
								"west": {"uv": [13, 2], "uv_size": [2.375, 0.125]},
								"up": {"uv": [2, 9], "uv_size": [0.25, 2.375]},
								"down": {"uv": [5, 11.375], "uv_size": [0.25, -2.375]}
							}
						},
						{
							"origin": [-0.18962, 1.16112, 0.55555],
							"size": [0.396, 0.396, 0.528],
							"pivot": [-0.05762, 0.96312, -0.76445],
							"rotation": [-10, 0, 0],
							"uv": {
								"north": {"uv": [5, 16], "uv_size": [0.375, 0.375]},
								"east": {"uv": [15, 3], "uv_size": [0.5, 0.375]},
								"south": {"uv": [6, 16], "uv_size": [0.375, 0.375]},
								"west": {"uv": [4, 15], "uv_size": [0.5, 0.375]},
								"up": {"uv": [15, 4], "uv_size": [0.375, 0.5]},
								"down": {"uv": [15, 5.5], "uv_size": [0.375, -0.5]}
							}
						},
						{
							"origin": [-0.18962, 1.49112, 1.08355],
							"size": [0.396, 0.066, 0.132],
							"pivot": [-0.05762, 0.96312, -0.76445],
							"rotation": [-10, 0, 0],
							"uv": {
								"north": {"uv": [17, 13], "uv_size": [0.375, 0.125]},
								"east": {"uv": [7, 20], "uv_size": [0.125, 0.125]},
								"south": {"uv": [14, 17], "uv_size": [0.375, 0.125]},
								"west": {"uv": [20, 7], "uv_size": [0.125, 0.125]},
								"up": {"uv": [17, 14], "uv_size": [0.375, 0.125]},
								"down": {"uv": [15, 17.125], "uv_size": [0.375, -0.125]}
							}
						},
						{
							"origin": [-0.05762, 1.22712, 1.08355],
							"size": [0.264, 0.264, 0.066],
							"pivot": [-0.05762, 0.96312, -0.76445],
							"rotation": [-10, 0, 0],
							"uv": {
								"north": {"uv": [8, 17], "uv_size": [0.25, 0.25]},
								"east": {"uv": [19, 12], "uv_size": [0.125, 0.25]},
								"south": {"uv": [9, 17], "uv_size": [0.25, 0.25]},
								"west": {"uv": [13, 19], "uv_size": [0.125, 0.25]},
								"up": {"uv": [19, 13], "uv_size": [0.25, 0.125]},
								"down": {"uv": [14, 19.125], "uv_size": [0.25, -0.125]}
							}
						},
						{
							"origin": [-0.18962, 1.22712, 1.08355],
							"size": [0.132, 0.264, 0.132],
							"pivot": [-0.05762, 0.96312, -0.76445],
							"rotation": [-10, 0, 0],
							"uv": {
								"north": {"uv": [19, 14], "uv_size": [0.125, 0.25]},
								"east": {"uv": [15, 19], "uv_size": [0.125, 0.25]},
								"south": {"uv": [19, 15], "uv_size": [0.125, 0.25]},
								"west": {"uv": [16, 19], "uv_size": [0.125, 0.25]},
								"up": {"uv": [8, 20], "uv_size": [0.125, 0.125]},
								"down": {"uv": [20, 8.125], "uv_size": [0.125, -0.125]}
							}
						},
						{
							"origin": [-0.18962, 1.16112, 1.08355],
							"size": [0.396, 0.066, 0.132],
							"pivot": [-0.05762, 0.96312, -0.76445],
							"rotation": [-10, 0, 0],
							"uv": {
								"north": {"uv": [17, 15], "uv_size": [0.375, 0.125]},
								"east": {"uv": [9, 20], "uv_size": [0.125, 0.125]},
								"south": {"uv": [16, 17], "uv_size": [0.375, 0.125]},
								"west": {"uv": [20, 9], "uv_size": [0.125, 0.125]},
								"up": {"uv": [17, 16], "uv_size": [0.375, 0.125]},
								"down": {"uv": [17, 17.125], "uv_size": [0.375, -0.125]}
							}
						}
					]
				},
				{
					"name": "Stand",
					"parent": "bb_main",
					"pivot": [-1.82132, 0.34232, 2.88829],
					"rotation": [-14.35885, -29.21893, 7.12284],
					"cubes": [
						{
							"origin": [-2.02132, 0.17982, 3.21756],
							"size": [0.4, 0.4, 0.1],
							"uv": {
								"north": {"uv": [16, 7], "uv_size": [0.375, 0.375]},
								"east": {"uv": [6, 18], "uv_size": [0.125, 0.375]},
								"south": {"uv": [8, 16], "uv_size": [0.375, 0.375]},
								"west": {"uv": [18, 6], "uv_size": [0.125, 0.375]},
								"up": {"uv": [7, 18], "uv_size": [0.375, 0.125]},
								"down": {"uv": [18, 7.125], "uv_size": [0.375, -0.125]}
							}
						},
						{
							"origin": [-2.02132, 0.55401, 3.23401],
							"size": [0.4, 0.1, 0.1],
							"pivot": [-1.82132, 0.60401, 3.28401],
							"rotation": [-25, 0, 0],
							"uv": {
								"north": {"uv": [8, 18], "uv_size": [0.375, 0.125]},
								"east": {"uv": [12, 20], "uv_size": [0.125, 0.125]},
								"south": {"uv": [18, 8], "uv_size": [0.375, 0.125]},
								"west": {"uv": [20, 12], "uv_size": [0.125, 0.125]},
								"up": {"uv": [9, 18], "uv_size": [0.375, 0.125]},
								"down": {"uv": [18, 9.125], "uv_size": [0.375, -0.125]}
							}
						},
						{
							"origin": [-2.02132, 0.10564, 3.23401],
							"size": [0.4, 0.1, 0.1],
							"pivot": [-1.82132, 0.15564, 3.28401],
							"rotation": [25, 0, 0],
							"uv": {
								"north": {"uv": [10, 18], "uv_size": [0.375, 0.125]},
								"east": {"uv": [13, 20], "uv_size": [0.125, 0.125]},
								"south": {"uv": [18, 10], "uv_size": [0.375, 0.125]},
								"west": {"uv": [20, 13], "uv_size": [0.125, 0.125]},
								"up": {"uv": [11, 18], "uv_size": [0.375, 0.125]},
								"down": {"uv": [18, 11.125], "uv_size": [0.375, -0.125]}
							}
						},
						{
							"origin": [-1.92132, 0.12982, -0.15744],
							"size": [0.2, 0.2, 3.375],
							"pivot": [-1.82132, 0.22982, 1.71756],
							"rotation": [5, 0, 0],
							"uv": {
								"north": {"uv": [17, 10], "uv_size": [0.25, 0.25]},
								"east": {"uv": [7, 7], "uv_size": [3, 0.25]},
								"south": {"uv": [11, 17], "uv_size": [0.25, 0.25]},
								"west": {"uv": [0, 8], "uv_size": [3, 0.25]},
								"up": {"uv": [3, 8], "uv_size": [0.25, 3]},
								"down": {"uv": [4, 11], "uv_size": [0.25, -3]}
							}
						}
					]
				},
				{
					"name": "Stand2",
					"parent": "bb_main",
					"pivot": [1.82132, 0.34232, 2.88829],
					"rotation": [-14.35885, 29.21893, -7.12284],
					"cubes": [
						{
							"origin": [1.62132, 0.17982, 3.21756],
							"size": [0.4, 0.4, 0.1],
							"uv": {
								"north": {"uv": [16.375, 7], "uv_size": [-0.375, 0.375]},
								"east": {"uv": [18.125, 6], "uv_size": [-0.125, 0.375]},
								"south": {"uv": [8.375, 16], "uv_size": [-0.375, 0.375]},
								"west": {"uv": [6.125, 18], "uv_size": [-0.125, 0.375]},
								"up": {"uv": [7.375, 18], "uv_size": [-0.375, 0.125]},
								"down": {"uv": [18.375, 7.125], "uv_size": [-0.375, -0.125]}
							}
						},
						{
							"origin": [1.62132, 0.55401, 3.23401],
							"size": [0.4, 0.1, 0.1],
							"pivot": [1.82132, 0.60401, 3.28401],
							"rotation": [-25, 0, 0],
							"uv": {
								"north": {"uv": [8.375, 18], "uv_size": [-0.375, 0.125]},
								"east": {"uv": [20.125, 12], "uv_size": [-0.125, 0.125]},
								"south": {"uv": [18.375, 8], "uv_size": [-0.375, 0.125]},
								"west": {"uv": [12.125, 20], "uv_size": [-0.125, 0.125]},
								"up": {"uv": [9.375, 18], "uv_size": [-0.375, 0.125]},
								"down": {"uv": [18.375, 9.125], "uv_size": [-0.375, -0.125]}
							}
						},
						{
							"origin": [1.62132, 0.10564, 3.23401],
							"size": [0.4, 0.1, 0.1],
							"pivot": [1.82132, 0.15564, 3.28401],
							"rotation": [25, 0, 0],
							"uv": {
								"north": {"uv": [10.375, 18], "uv_size": [-0.375, 0.125]},
								"east": {"uv": [20.125, 13], "uv_size": [-0.125, 0.125]},
								"south": {"uv": [18.375, 10], "uv_size": [-0.375, 0.125]},
								"west": {"uv": [13.125, 20], "uv_size": [-0.125, 0.125]},
								"up": {"uv": [11.375, 18], "uv_size": [-0.375, 0.125]},
								"down": {"uv": [18.375, 11.125], "uv_size": [-0.375, -0.125]}
							}
						},
						{
							"origin": [1.72132, 0.12982, -0.15744],
							"size": [0.2, 0.2, 3.375],
							"pivot": [1.82132, 0.22982, 1.71756],
							"rotation": [5, 0, 0],
							"uv": {
								"north": {"uv": [17.25, 10], "uv_size": [-0.25, 0.25]},
								"east": {"uv": [3, 8], "uv_size": [-3, 0.25]},
								"south": {"uv": [11.25, 17], "uv_size": [-0.25, 0.25]},
								"west": {"uv": [10, 7], "uv_size": [-3, 0.25]},
								"up": {"uv": [3.25, 8], "uv_size": [-0.25, 3]},
								"down": {"uv": [4.25, 11], "uv_size": [-0.25, -3]}
							}
						}
					]
				}
			]
		}
	]
}