{
	"format_version": "1.12.0",
	"minecraft:geometry": [
		{
			"description": {
				"identifier": "geometry.panzer_ii",
				"texture_width": 64,
				"texture_height": 64,
				"visible_bounds_width": 50,
				"visible_bounds_height": 50,
				"visible_bounds_offset": [0, 0.25, 0]
			},
			"bones": [
				{
					"name": "LeftTrack",
					"pivot": [2.125, 1.22273, 0.38985],
					"cubes": [
						{
							"origin": [1.625, -0.00213, -3.20257],
							"size": [1, 0.1875, 6.8125],
							"uv": {
								"north": {"uv": [43, 3], "uv_size": [1, 0.25]},
								"east": {"uv": [20, 26], "uv_size": [6.875, 0.25]},
								"south": {"uv": [4, 43], "uv_size": [1, 0.25]},
								"west": {"uv": [26, 20], "uv_size": [6.875, 0.25]},
								"up": {"uv": [9, 13], "uv_size": [1, 6.875]},
								"down": {"uv": [10, 19.875], "uv_size": [1, -6.875]}
							}
						},
						{
							"origin": [1.625, 0.29607, -5.46759],
							"size": [1, 0.1875, 2.3125],
							"pivot": [2.125, 0.38982, -4.31134],
							"rotation": [-15, 0, 0],
							"uv": {
								"north": {"uv": [43, 4], "uv_size": [1, 0.25]},
								"east": {"uv": [39, 24], "uv_size": [2.375, 0.25]},
								"south": {"uv": [5, 43], "uv_size": [1, 0.25]},
								"west": {"uv": [39, 25], "uv_size": [2.375, 0.25]},
								"up": {"uv": [10, 22], "uv_size": [1, 2.375]},
								"down": {"uv": [0, 25.375], "uv_size": [1, -2.375]}
							}
						},
						{
							"origin": [1.625, 0.89057, -6.20347],
							"size": [1, 0.1875, 0.9375],
							"pivot": [2.125, 0.98432, -5.73472],
							"rotation": [-42.5, 0, 0],
							"uv": {
								"north": {"uv": [43, 5], "uv_size": [1, 0.25]},
								"east": {"uv": [6, 43], "uv_size": [1, 0.25]},
								"south": {"uv": [43, 6], "uv_size": [1, 0.25]},
								"west": {"uv": [7, 43], "uv_size": [1, 0.25]},
								"up": {"uv": [17, 13], "uv_size": [1, 1]},
								"down": {"uv": [10, 26], "uv_size": [1, -1]}
							}
						},
						{
							"origin": [1.625, 1.45063, -6.3624],
							"size": [1, 0.1875, 0.625],
							"pivot": [2.125, 1.54438, -6.0499],
							"rotation": [-90, 0, 0],
							"uv": {
								"north": {"uv": [43, 7], "uv_size": [1, 0.25]},
								"east": {"uv": [21, 44], "uv_size": [0.625, 0.25]},
								"south": {"uv": [8, 43], "uv_size": [1, 0.25]},
								"west": {"uv": [22, 44], "uv_size": [0.625, 0.25]},
								"up": {"uv": [39, 11], "uv_size": [1, 0.625]},
								"down": {"uv": [39, 12.625], "uv_size": [1, -0.625]}
							}
						},
						{
							"origin": [1.625, 1.98363, -6.18667],
							"size": [1, 0.1875, 0.96875],
							"pivot": [2.125, 2.07738, -5.7023],
							"rotation": [-142.5, 0, 0],
							"uv": {
								"north": {"uv": [31, 44], "uv_size": [1, 0.125]},
								"east": {"uv": [44, 31], "uv_size": [1, 0.125]},
								"south": {"uv": [32, 44], "uv_size": [1, 0.125]},
								"west": {"uv": [44, 32], "uv_size": [1, 0.125]},
								"up": {"uv": [30, 10], "uv_size": [1, 1]},
								"down": {"uv": [17, 31], "uv_size": [1, -1]}
							}
						},
						{
							"origin": [1.625, 2.14381, -5.37905],
							"size": [1, 0.1875, 8.8125],
							"pivot": [2.125, 2.23756, -0.9728],
							"rotation": [178.5, 0, 0],
							"uv": {
								"north": {"uv": [43, 8], "uv_size": [1, 0.25]},
								"east": {"uv": [24, 1], "uv_size": [8.875, 0.25]},
								"south": {"uv": [9, 43], "uv_size": [1, 0.25]},
								"west": {"uv": [14, 24], "uv_size": [8.875, 0.25]},
								"up": {"uv": [12, 2], "uv_size": [1, 8.875]},
								"down": {"uv": [12, 19.875], "uv_size": [1, -8.875]}
							}
						},
						{
							"origin": [1.625, 1.93347, 3.42206],
							"size": [1, 0.1875, 2.1875],
							"pivot": [2.125, 2.02722, 4.51581],
							"rotation": [175, 0, 0],
							"uv": {
								"north": {"uv": [43, 9], "uv_size": [1, 0.25]},
								"east": {"uv": [39, 28], "uv_size": [2.25, 0.25]},
								"south": {"uv": [10, 43], "uv_size": [1, 0.25]},
								"west": {"uv": [29, 39], "uv_size": [2.25, 0.25]},
								"up": {"uv": [3, 23], "uv_size": [1, 2.25]},
								"down": {"uv": [9, 25.25], "uv_size": [1, -2.25]}
							}
						},
						{
							"origin": [1.625, 1.5802, 5.41772],
							"size": [1, 0.1875, 0.78125],
							"pivot": [2.125, 1.67395, 5.80835],
							"rotation": [132.5, 0, 0],
							"uv": {
								"north": {"uv": [43, 10], "uv_size": [1, 0.25]},
								"east": {"uv": [44, 5], "uv_size": [0.75, 0.25]},
								"south": {"uv": [11, 43], "uv_size": [1, 0.25]},
								"west": {"uv": [6, 44], "uv_size": [0.75, 0.25]},
								"up": {"uv": [35, 6], "uv_size": [1, 0.75]},
								"down": {"uv": [35, 10.75], "uv_size": [1, -0.75]}
							}
						},
						{
							"origin": [1.625, 1.08991, 5.782],
							"size": [1, 0.1875, 0.53125],
							"pivot": [2.125, 1.18366, 6.04762],
							"rotation": [90, 0, 0],
							"uv": {
								"north": {"uv": [43, 11], "uv_size": [1, 0.25]},
								"east": {"uv": [33, 44], "uv_size": [0.5, 0.25]},
								"south": {"uv": [12, 43], "uv_size": [1, 0.25]},
								"west": {"uv": [44, 33], "uv_size": [0.5, 0.25]},
								"up": {"uv": [3, 40], "uv_size": [1, 0.5]},
								"down": {"uv": [4, 40.5], "uv_size": [1, -0.5]}
							}
						},
						{
							"origin": [1.625, 0.74873, 5.60439],
							"size": [1, 0.1875, 0.53125],
							"pivot": [2.125, 0.84248, 5.87001],
							"rotation": [35, 0, 0],
							"uv": {
								"north": {"uv": [13, 43], "uv_size": [1, 0.25]},
								"east": {"uv": [34, 44], "uv_size": [0.5, 0.25]},
								"south": {"uv": [43, 13], "uv_size": [1, 0.25]},
								"west": {"uv": [44, 34], "uv_size": [0.5, 0.25]},
								"up": {"uv": [5, 40], "uv_size": [1, 0.5]},
								"down": {"uv": [40, 5.5], "uv_size": [1, -0.5]}
							}
						},
						{
							"origin": [1.625, 0.30391, 3.50458],
							"size": [1, 0.1875, 2.21875],
							"pivot": [2.125, 0.39766, 4.61396],
							"rotation": [16, 0, 0],
							"uv": {
								"north": {"uv": [14, 43], "uv_size": [1, 0.25]},
								"east": {"uv": [39, 29], "uv_size": [2.25, 0.25]},
								"south": {"uv": [43, 14], "uv_size": [1, 0.25]},
								"west": {"uv": [39, 30], "uv_size": [2.25, 0.25]},
								"up": {"uv": [6, 24], "uv_size": [1, 2.25]},
								"down": {"uv": [7, 26.25], "uv_size": [1, -2.25]}
							}
						}
					]
				},
				{
					"name": "RightTrack",
					"pivot": [-2.3125, 1.22273, 0.38985],
					"cubes": [
						{
							"origin": [-2.8125, -0.00213, -3.20257],
							"size": [1, 0.1875, 6.8125],
							"uv": {
								"north": {"uv": [15, 43], "uv_size": [1, 0.25]},
								"east": {"uv": [26, 21], "uv_size": [6.875, 0.25]},
								"south": {"uv": [16, 43], "uv_size": [1, 0.25]},
								"west": {"uv": [26, 22], "uv_size": [6.875, 0.25]},
								"up": {"uv": [11, 13], "uv_size": [1, 6.875]},
								"down": {"uv": [13, 20.875], "uv_size": [1, -6.875]}
							}
						},
						{
							"origin": [-2.8125, 0.29607, -5.46759],
							"size": [1, 0.1875, 2.3125],
							"pivot": [-2.3125, 0.38982, -4.31134],
							"rotation": [-15, 0, 0],
							"uv": {
								"north": {"uv": [43, 16], "uv_size": [1, 0.25]},
								"east": {"uv": [39, 26], "uv_size": [2.375, 0.25]},
								"south": {"uv": [17, 43], "uv_size": [1, 0.25]},
								"west": {"uv": [39, 27], "uv_size": [2.375, 0.25]},
								"up": {"uv": [1, 23], "uv_size": [1, 2.375]},
								"down": {"uv": [2, 25.375], "uv_size": [1, -2.375]}
							}
						},
						{
							"origin": [-2.8125, 0.89057, -6.20347],
							"size": [1, 0.1875, 0.9375],
							"pivot": [-2.3125, 0.98432, -5.73472],
							"rotation": [-42.5, 0, 0],
							"uv": {
								"north": {"uv": [43, 17], "uv_size": [1, 0.25]},
								"east": {"uv": [18, 43], "uv_size": [1, 0.25]},
								"south": {"uv": [43, 18], "uv_size": [1, 0.25]},
								"west": {"uv": [19, 43], "uv_size": [1, 0.25]},
								"up": {"uv": [18, 30], "uv_size": [1, 1]},
								"down": {"uv": [19, 31], "uv_size": [1, -1]}
							}
						},
						{
							"origin": [-2.8125, 1.45063, -6.3624],
							"size": [1, 0.1875, 0.625],
							"pivot": [-2.3125, 1.54438, -6.0499],
							"rotation": [-90, 0, 0],
							"uv": {
								"north": {"uv": [43, 19], "uv_size": [1, 0.25]},
								"east": {"uv": [44, 22], "uv_size": [0.625, 0.25]},
								"south": {"uv": [20, 43], "uv_size": [1, 0.25]},
								"west": {"uv": [23, 44], "uv_size": [0.625, 0.25]},
								"up": {"uv": [39, 13], "uv_size": [1, 0.625]},
								"down": {"uv": [39, 14.625], "uv_size": [1, -0.625]}
							}
						},
						{
							"origin": [-2.8125, 1.98363, -6.18667],
							"size": [1, 0.1875, 0.96875],
							"pivot": [-2.3125, 2.07738, -5.7023],
							"rotation": [-142.5, 0, 0],
							"uv": {
								"north": {"uv": [35, 44], "uv_size": [1, 0.125]},
								"east": {"uv": [44, 35], "uv_size": [1, 0.125]},
								"south": {"uv": [36, 44], "uv_size": [1, 0.125]},
								"west": {"uv": [44, 36], "uv_size": [1, 0.125]},
								"up": {"uv": [30, 19], "uv_size": [1, 1]},
								"down": {"uv": [20, 31], "uv_size": [1, -1]}
							}
						},
						{
							"origin": [-2.8125, 2.14381, -5.37905],
							"size": [1, 0.1875, 8.8125],
							"pivot": [-2.3125, 2.23756, -0.9728],
							"rotation": [178.5, 0, 0],
							"uv": {
								"north": {"uv": [43, 20], "uv_size": [1, 0.25]},
								"east": {"uv": [24, 15], "uv_size": [8.875, 0.25]},
								"south": {"uv": [21, 43], "uv_size": [1, 0.25]},
								"west": {"uv": [24, 16], "uv_size": [8.875, 0.25]},
								"up": {"uv": [13, 2], "uv_size": [1, 8.875]},
								"down": {"uv": [4, 21.875], "uv_size": [1, -8.875]}
							}
						},
						{
							"origin": [-2.8125, 1.93347, 3.42206],
							"size": [1, 0.1875, 2.1875],
							"pivot": [-2.3125, 2.02722, 4.51581],
							"rotation": [175, 0, 0],
							"uv": {
								"north": {"uv": [43, 21], "uv_size": [1, 0.25]},
								"east": {"uv": [39, 31], "uv_size": [2.25, 0.25]},
								"south": {"uv": [22, 43], "uv_size": [1, 0.25]},
								"west": {"uv": [32, 39], "uv_size": [2.25, 0.25]},
								"up": {"uv": [8, 24], "uv_size": [1, 2.25]},
								"down": {"uv": [11, 26.25], "uv_size": [1, -2.25]}
							}
						},
						{
							"origin": [-2.8125, 1.5802, 5.41772],
							"size": [1, 0.1875, 0.78125],
							"pivot": [-2.3125, 1.67395, 5.80835],
							"rotation": [132.5, 0, 0],
							"uv": {
								"north": {"uv": [43, 22], "uv_size": [1, 0.25]},
								"east": {"uv": [44, 6], "uv_size": [0.75, 0.25]},
								"south": {"uv": [43, 23], "uv_size": [1, 0.25]},
								"west": {"uv": [7, 44], "uv_size": [0.75, 0.25]},
								"up": {"uv": [35, 12], "uv_size": [1, 0.75]},
								"down": {"uv": [35, 13.75], "uv_size": [1, -0.75]}
							}
						},
						{
							"origin": [-2.8125, 1.08991, 5.782],
							"size": [1, 0.1875, 0.53125],
							"pivot": [-2.3125, 1.18366, 6.04762],
							"rotation": [90, 0, 0],
							"uv": {
								"north": {"uv": [24, 43], "uv_size": [1, 0.25]},
								"east": {"uv": [37, 44], "uv_size": [0.5, 0.25]},
								"south": {"uv": [43, 24], "uv_size": [1, 0.25]},
								"west": {"uv": [44, 37], "uv_size": [0.5, 0.25]},
								"up": {"uv": [6, 40], "uv_size": [1, 0.5]},
								"down": {"uv": [40, 6.5], "uv_size": [1, -0.5]}
							}
						},
						{
							"origin": [-2.8125, 0.74873, 5.60439],
							"size": [1, 0.1875, 0.53125],
							"pivot": [-2.3125, 0.84248, 5.87001],
							"rotation": [35, 0, 0],
							"uv": {
								"north": {"uv": [25, 43], "uv_size": [1, 0.25]},
								"east": {"uv": [38, 44], "uv_size": [0.5, 0.25]},
								"south": {"uv": [43, 25], "uv_size": [1, 0.25]},
								"west": {"uv": [44, 38], "uv_size": [0.5, 0.25]},
								"up": {"uv": [7, 40], "uv_size": [1, 0.5]},
								"down": {"uv": [8, 40.5], "uv_size": [1, -0.5]}
							}
						},
						{
							"origin": [-2.8125, 0.30391, 3.50458],
							"size": [1, 0.1875, 2.21875],
							"pivot": [-2.3125, 0.39766, 4.61396],
							"rotation": [16, 0, 0],
							"uv": {
								"north": {"uv": [26, 43], "uv_size": [1, 0.25]},
								"east": {"uv": [39, 32], "uv_size": [2.25, 0.25]},
								"south": {"uv": [43, 26], "uv_size": [1, 0.25]},
								"west": {"uv": [39, 33], "uv_size": [2.25, 0.25]},
								"up": {"uv": [12, 24], "uv_size": [1, 2.25]},
								"down": {"uv": [13, 26.25], "uv_size": [1, -2.25]}
							}
						}
					]
				},
				{
					"name": "Hull",
					"pivot": [-1.35937, 1.83435, 0.06974],
					"cubes": [
						{
							"origin": [-1.83594, 1.27581, 4.0047],
							"size": [3.5, 0.375, 1.71875],
							"pivot": [-1.33594, 1.40081, 4.86408],
							"rotation": [37.5, 0, 0],
							"uv": {
								"north": {"uv": [28, 18], "uv_size": [3.5, 0.375]},
								"east": {"uv": [4, 39], "uv_size": [1.75, 0.375]},
								"south": {"uv": [24, 28], "uv_size": [3.5, 0.375]},
								"west": {"uv": [39, 4], "uv_size": [1.75, 0.375]},
								"up": {"uv": [17, 11], "uv_size": [3.5, 1.75]},
								"down": {"uv": [18, 3.75], "uv_size": [3.5, -1.75]}
							}
						},
						{
							"origin": [-1.83594, 1.61956, 4.09845],
							"size": [3.5, 0.25, 0.59375],
							"pivot": [-1.33594, 1.74456, 4.39533],
							"rotation": [37.5, 0, 0],
							"uv": {
								"north": {"uv": [34, 23], "uv_size": [3.5, 0.25]},
								"east": {"uv": [44, 23], "uv_size": [0.625, 0.25]},
								"south": {"uv": [34, 24], "uv_size": [3.5, 0.25]},
								"west": {"uv": [24, 44], "uv_size": [0.625, 0.25]},
								"up": {"uv": [23, 24], "uv_size": [3.5, 0.625]},
								"down": {"uv": [25, 5.625], "uv_size": [3.5, -0.625]}
							}
						},
						{
							"origin": [-1.83594, 1.55706, 4.09845],
							"size": [3.5, 0.1875, 1.125],
							"pivot": [-1.33594, 1.68206, 4.61408],
							"rotation": [37.5, 0, 0],
							"uv": {
								"north": {"uv": [34, 25], "uv_size": [3.5, 0.25]},
								"east": {"uv": [2, 43], "uv_size": [1.125, 0.25]},
								"south": {"uv": [34, 29], "uv_size": [3.5, 0.25]},
								"west": {"uv": [43, 2], "uv_size": [1.125, 0.25]},
								"up": {"uv": [14, 20], "uv_size": [3.5, 1.125]},
								"down": {"uv": [0, 22.125], "uv_size": [3.5, -1.125]}
							}
						},
						{
							"origin": [-1.83594, 1.80706, 4.28595],
							"size": [3.5, 0.59375, 1.71875],
							"uv": {
								"north": {"uv": [24, 17], "uv_size": [3.5, 0.625]},
								"east": {"uv": [15, 29], "uv_size": [1.75, 0.625]},
								"south": {"uv": [24, 18], "uv_size": [3.5, 0.625]},
								"west": {"uv": [17, 29], "uv_size": [1.75, 0.625]},
								"up": {"uv": [18, 13], "uv_size": [3.5, 1.75]},
								"down": {"uv": [14, 19.75], "uv_size": [3.5, -1.75]}
							}
						},
						{
							"origin": [-1.83594, 1.58818, -5.07753],
							"size": [3.5, 0.46875, 1.4375],
							"uv": {
								"north": {"uv": [19, 25], "uv_size": [3.5, 0.5]},
								"east": {"uv": [35, 14], "uv_size": [1.5, 0.5]},
								"south": {"uv": [23, 25], "uv_size": [3.5, 0.5]},
								"west": {"uv": [16, 35], "uv_size": [1.5, 0.5]},
								"up": {"uv": [18, 15], "uv_size": [3.5, 1.5]},
								"down": {"uv": [18, 18.5], "uv_size": [3.5, -1.5]}
							}
						},
						{
							"origin": [-1.83594, 1.99443, -4.82753],
							"size": [3.5, 0.28125, 1.1875],
							"pivot": [-1.33594, 2.13506, -4.21815],
							"rotation": [15, 0, 0],
							"uv": {
								"north": {"uv": [34, 30], "uv_size": [3.5, 0.25]},
								"east": {"uv": [6, 41], "uv_size": [1.25, 0.25]},
								"south": {"uv": [31, 34], "uv_size": [3.5, 0.25]},
								"west": {"uv": [41, 6], "uv_size": [1.25, 0.25]},
								"up": {"uv": [18, 19], "uv_size": [3.5, 1.25]},
								"down": {"uv": [20, 1.25], "uv_size": [3.5, -1.25]}
							}
						},
						{
							"origin": [-1.83594, 0.49443, -3.70253],
							"size": [3.5, 1.90625, 8],
							"uv": {
								"north": {"uv": [16, 0], "uv_size": [3.5, 1.875]},
								"east": {"uv": [0, 8], "uv_size": [8, 1.875]},
								"south": {"uv": [14, 16], "uv_size": [3.5, 1.875]},
								"west": {"uv": [8, 0], "uv_size": [8, 1.875]},
								"up": {"uv": [0, 0], "uv_size": [3.5, 8]},
								"down": {"uv": [4, 8], "uv_size": [3.5, -8]}
							}
						},
						{
							"origin": [-1.83594, 0.49443, 4.29747],
							"size": [3.5, 0.25, 2.15625],
							"pivot": [-0.83594, 0.49443, 4.29747],
							"rotation": [37.5, 0, 0],
							"uv": {
								"north": {"uv": [34, 18], "uv_size": [3.5, 0.25]},
								"east": {"uv": [39, 38], "uv_size": [2.125, 0.25]},
								"south": {"uv": [34, 22], "uv_size": [3.5, 0.25]},
								"west": {"uv": [39, 39], "uv_size": [2.125, 0.25]},
								"up": {"uv": [13, 11], "uv_size": [3.5, 2.125]},
								"down": {"uv": [14, 4.125], "uv_size": [3.5, -2.125]}
							}
						},
						{
							"origin": [-1.83594, 0.49443, -5.42128],
							"size": [3.5, 1, 1.71875],
							"pivot": [-0.83594, 0.49443, -3.70253],
							"rotation": [-20, 0, 0],
							"uv": {
								"north": {"uv": [21, 12], "uv_size": [3.5, 1]},
								"east": {"uv": [11, 20], "uv_size": [1.75, 1]},
								"south": {"uv": [22, 2], "uv_size": [3.5, 1]},
								"west": {"uv": [25, 14], "uv_size": [1.75, 1]},
								"up": {"uv": [5, 18], "uv_size": [3.5, 1.75]},
								"down": {"uv": [18, 10.75], "uv_size": [3.5, -1.75]}
							}
						},
						{
							"origin": [-0.64844, 1.48029, -4.12302],
							"size": [2.375, 0.34375, 0.65625],
							"pivot": [0.50781, 1.98029, -3.27927],
							"rotation": [-122.5, 0, 0],
							"uv": {
								"north": {"uv": [34, 15], "uv_size": [2.375, 0.375]},
								"east": {"uv": [42, 43], "uv_size": [0.625, 0.375]},
								"south": {"uv": [34, 16], "uv_size": [2.375, 0.375]},
								"west": {"uv": [43, 43], "uv_size": [0.625, 0.375]},
								"up": {"uv": [28, 0], "uv_size": [2.375, 0.625]},
								"down": {"uv": [2, 28.625], "uv_size": [2.375, -0.625]}
							}
						},
						{
							"origin": [-0.64844, 3.01759, -3.2797],
							"size": [0.1875, 1, 1.6875],
							"pivot": [-0.64844, 2.98029, -3.27927],
							"rotation": [-122.27733, 4.02155, 6.33586],
							"uv": {
								"north": {"uv": [11, 23], "uv_size": [2.375, 1]},
								"east": {"uv": [0, 26], "uv_size": [1.75, 1]},
								"south": {"uv": [18, 23], "uv_size": [2.375, 1]},
								"west": {"uv": [2, 26], "uv_size": [1.75, 1]},
								"up": {"uv": [5, 20], "uv_size": [2.375, 1.75]},
								"down": {"uv": [8, 21.6875], "uv_size": [0.1875, -1.6875]}
							}
						},
						{
							"origin": [-1.89013, 1.47984, -3.23137],
							"size": [1.625, 1, 0.625],
							"pivot": [-1.42138, 1.97984, -2.38762],
							"rotation": [-120, 47.5, 0],
							"uv": {
								"north": {"uv": [27, 13], "uv_size": [1.625, 1]},
								"east": {"uv": [39, 15], "uv_size": [0.625, 1]},
								"south": {"uv": [14, 27], "uv_size": [1.625, 1]},
								"west": {"uv": [39, 16], "uv_size": [0.625, 1]},
								"up": {"uv": [19, 29], "uv_size": [1.625, 0.625]},
								"down": {"uv": [21, 29.625], "uv_size": [1.625, -0.625]}
							}
						},
						{
							"origin": [-1.02344, 2.96055, -3.24762],
							"size": [0.375, 1, 0.625],
							"pivot": [-0.64844, 2.96055, -3.24762],
							"rotation": [-132.40484, 36.44133, -18.37628],
							"uv": {
								"north": {"uv": [32, 40], "uv_size": [0.375, 1]},
								"east": {"uv": [39, 17], "uv_size": [0.625, 1]},
								"south": {"uv": [33, 40], "uv_size": [0.375, 1]},
								"west": {"uv": [39, 18], "uv_size": [0.625, 1]},
								"up": {"uv": [0, 44], "uv_size": [0.375, 0.625]},
								"down": {"uv": [44, 0.625], "uv_size": [0.375, -0.625]}
							}
						},
						{
							"origin": [-1.74219, 2.27305, 1.59613],
							"size": [1.84375, 0.6875, 4.375],
							"pivot": [-2.58594, 2.96055, 1.59613],
							"rotation": [-7.5, 0, 0],
							"uv": {
								"north": {"uv": [0, 27], "uv_size": [1.875, 0.875]},
								"east": {"uv": [18, 4], "uv_size": [4.375, 0.875]},
								"south": {"uv": [2, 27], "uv_size": [1.875, 0.875]},
								"west": {"uv": [21, 11], "uv_size": [4.375, 0.875]},
								"up": {"uv": [5, 13], "uv_size": [1.875, 4.375]},
								"down": {"uv": [7, 17.375], "uv_size": [1.875, -4.375]}
							}
						},
						{
							"origin": [-1.74219, 2.39805, -2.06012],
							"size": [3.40625, 0.5625, 3.65625],
							"uv": {
								"north": {"uv": [25, 8], "uv_size": [3.375, 0.625]},
								"east": {"uv": [23, 23], "uv_size": [3.625, 0.625]},
								"south": {"uv": [25, 9], "uv_size": [3.375, 0.625]},
								"west": {"uv": [24, 0], "uv_size": [3.625, 0.625]},
								"up": {"uv": [8, 2], "uv_size": [3.375, 3.625]},
								"down": {"uv": [8, 9.625], "uv_size": [3.375, -3.625]}
							}
						},
						{
							"origin": [-1.83594, 1.08228, -5.31762],
							"size": [3.5, 0.8125, 0.6875],
							"pivot": [-0.83594, 1.08228, -5.31762],
							"rotation": [22, 0, 0],
							"uv": {
								"north": {"uv": [22, 3], "uv_size": [3.5, 0.875]},
								"east": {"uv": [1, 39], "uv_size": [0.75, 0.875]},
								"south": {"uv": [6, 22], "uv_size": [3.5, 0.875]},
								"west": {"uv": [39, 5], "uv_size": [0.75, 0.875]},
								"up": {"uv": [22, 19], "uv_size": [3.5, 0.75]},
								"down": {"uv": [22, 20.75], "uv_size": [3.5, -0.75]}
							}
						},
						{
							"origin": [-1.83594, 2.49648, -5.21774],
							"size": [3.5, 1.9375, 0.09375],
							"pivot": [-0.83594, 2.49648, -5.81149],
							"rotation": [-74, 0, 0],
							"uv": {
								"north": {"uv": [14, 9], "uv_size": [3.5, 1.875]},
								"east": {"uv": [41, 43], "uv_size": [0.125, 1.875]},
								"south": {"uv": [14, 14], "uv_size": [3.5, 1.875]},
								"west": {"uv": [43, 41], "uv_size": [0.125, 1.875]},
								"up": {"uv": [40, 15], "uv_size": [3.5, 0.125]},
								"down": {"uv": [16, 40.125], "uv_size": [3.5, -0.125]}
							}
						},
						{
							"origin": [-2.82812, 2.39685, -5.96151],
							"size": [1, 0.15625, 0.4375],
							"pivot": [-2.07812, 2.5531, -5.52401],
							"rotation": [22.5, 0, 0],
							"uv": {
								"north": {"uv": [44, 41], "uv_size": [1, 0.125]},
								"east": {"uv": [7, 46], "uv_size": [0.5, 0.125]},
								"south": {"uv": [42, 44], "uv_size": [1, 0.125]},
								"west": {"uv": [46, 7], "uv_size": [0.5, 0.125]},
								"up": {"uv": [9, 40], "uv_size": [1, 0.5]},
								"down": {"uv": [10, 40.5], "uv_size": [1, -0.5]}
							}
						},
						{
							"origin": [1.67188, 2.39685, -5.96151],
							"size": [1, 0.15625, 0.4375],
							"pivot": [2.42188, 2.5531, -5.52401],
							"rotation": [22.5, 0, 0],
							"uv": {
								"north": {"uv": [2, 45], "uv_size": [1, 0.125]},
								"east": {"uv": [9, 46], "uv_size": [0.5, 0.125]},
								"south": {"uv": [45, 2], "uv_size": [1, 0.125]},
								"west": {"uv": [46, 9], "uv_size": [0.5, 0.125]},
								"up": {"uv": [40, 11], "uv_size": [1, 0.5]},
								"down": {"uv": [12, 40.5], "uv_size": [1, -0.5]}
							}
						},
						{
							"origin": [1.57187, 1.95935, -5.96151],
							"size": [0.1, 0.59375, 0.4375],
							"pivot": [1.42185, 2.5531, -5.52401],
							"rotation": [22.5, 0, 0],
							"uv": {
								"north": {"uv": [4, 46], "uv_size": [0.125, 0.625]},
								"east": {"uv": [41, 7], "uv_size": [0.5, 0.625]},
								"south": {"uv": [46, 4], "uv_size": [0.125, 0.625]},
								"west": {"uv": [8, 41], "uv_size": [0.5, 0.625]},
								"up": {"uv": [11, 46], "uv_size": [0.125, 0.5]},
								"down": {"uv": [46, 11.5], "uv_size": [0.125, -0.5]}
							}
						},
						{
							"origin": [-1.82813, 1.95935, -5.96151],
							"size": [0.1, 0.59375, 0.4375],
							"pivot": [-1.97815, 2.5531, -5.52401],
							"rotation": [22.5, 0, 0],
							"uv": {
								"north": {"uv": [5, 46], "uv_size": [0.125, 0.625]},
								"east": {"uv": [41, 8], "uv_size": [0.5, 0.625]},
								"south": {"uv": [46, 5], "uv_size": [0.125, 0.625]},
								"west": {"uv": [9, 41], "uv_size": [0.5, 0.625]},
								"up": {"uv": [14, 46], "uv_size": [0.125, 0.5]},
								"down": {"uv": [46, 14.5], "uv_size": [0.125, -0.5]}
							}
						},
						{
							"origin": [-2.82812, 2.22943, -6.3657],
							"size": [1, 0.15625, 0.4375],
							"pivot": [-2.07812, 2.38568, -5.9282],
							"rotation": [42.5, 0, 0],
							"uv": {
								"north": {"uv": [44, 42], "uv_size": [1, 0.125]},
								"east": {"uv": [8, 46], "uv_size": [0.5, 0.125]},
								"south": {"uv": [43, 44], "uv_size": [1, 0.125]},
								"west": {"uv": [46, 8], "uv_size": [0.5, 0.125]},
								"up": {"uv": [40, 10], "uv_size": [1, 0.5]},
								"down": {"uv": [11, 40.5], "uv_size": [1, -0.5]}
							}
						},
						{
							"origin": [1.67188, 2.22943, -6.3657],
							"size": [1, 0.15625, 0.4375],
							"pivot": [2.42188, 2.38568, -5.9282],
							"rotation": [42.5, 0, 0],
							"uv": {
								"north": {"uv": [3, 45], "uv_size": [1, 0.125]},
								"east": {"uv": [10, 46], "uv_size": [0.5, 0.125]},
								"south": {"uv": [45, 3], "uv_size": [1, 0.125]},
								"west": {"uv": [46, 10], "uv_size": [0.5, 0.125]},
								"up": {"uv": [40, 12], "uv_size": [1, 0.5]},
								"down": {"uv": [13, 40.5], "uv_size": [1, -0.5]}
							}
						},
						{
							"origin": [1.57188, 1.04193, -6.3657],
							"size": [0.1, 1.34375, 0.4375],
							"pivot": [1.42188, 2.38568, -5.9282],
							"rotation": [42.5, 0, 0],
							"uv": {
								"north": {"uv": [44, 18], "uv_size": [0.125, 1.375]},
								"east": {"uv": [38, 36], "uv_size": [0.5, 1.375]},
								"south": {"uv": [19, 44], "uv_size": [0.125, 1.375]},
								"west": {"uv": [38, 38], "uv_size": [0.5, 1.375]},
								"up": {"uv": [12, 46], "uv_size": [0.125, 0.5]},
								"down": {"uv": [46, 12.5], "uv_size": [0.125, -0.5]}
							}
						},
						{
							"origin": [-1.82813, 1.04193, -6.3657],
							"size": [0.1, 1.34375, 0.4375],
							"pivot": [-1.97813, 2.38568, -5.9282],
							"rotation": [42.5, 0, 0],
							"uv": {
								"north": {"uv": [20, 44], "uv_size": [0.125, 1.375]},
								"east": {"uv": [0, 39], "uv_size": [0.5, 1.375]},
								"south": {"uv": [44, 20], "uv_size": [0.125, 1.375]},
								"west": {"uv": [39, 0], "uv_size": [0.5, 1.375]},
								"up": {"uv": [13, 46], "uv_size": [0.125, 0.5]},
								"down": {"uv": [46, 13.5], "uv_size": [0.125, -0.5]}
							}
						},
						{
							"origin": [-2.82812, 1.93385, -6.37576],
							"size": [1, 0.15625, 0.125],
							"pivot": [-2.07812, 2.0901, -6.25076],
							"rotation": [85, 0, 0],
							"uv": {
								"north": {"uv": [44, 43], "uv_size": [1, 0.125]},
								"east": {"uv": [41, 46], "uv_size": [0.125, 0.125]},
								"south": {"uv": [44, 44], "uv_size": [1, 0.125]},
								"west": {"uv": [46, 41], "uv_size": [0.125, 0.125]},
								"up": {"uv": [0, 45], "uv_size": [1, 0.125]},
								"down": {"uv": [45, 0.125], "uv_size": [1, -0.125]}
							}
						},
						{
							"origin": [1.67188, 1.93385, -6.37576],
							"size": [1, 0.15625, 0.125],
							"pivot": [2.42188, 2.0901, -6.25076],
							"rotation": [85, 0, 0],
							"uv": {
								"north": {"uv": [4, 45], "uv_size": [1, 0.125]},
								"east": {"uv": [42, 46], "uv_size": [0.125, 0.125]},
								"south": {"uv": [45, 4], "uv_size": [1, 0.125]},
								"west": {"uv": [46, 42], "uv_size": [0.125, 0.125]},
								"up": {"uv": [5, 45], "uv_size": [1, 0.125]},
								"down": {"uv": [45, 5.125], "uv_size": [1, -0.125]}
							}
						},
						{
							"origin": [-2.82812, 2.39685, -5.52401],
							"size": [1, 0.15625, 10.6875],
							"uv": {
								"north": {"uv": [40, 44], "uv_size": [1, 0.125]},
								"east": {"uv": [28, 7], "uv_size": [10.75, 0.125]},
								"south": {"uv": [44, 40], "uv_size": [1, 0.125]},
								"west": {"uv": [28, 11], "uv_size": [10.75, 0.125]},
								"up": {"uv": [0, 10], "uv_size": [1, 10.75]},
								"down": {"uv": [1, 20.75], "uv_size": [1, -10.75]}
							}
						},
						{
							"origin": [1.67188, 2.39685, -5.52401],
							"size": [1, 0.15625, 10.6875],
							"uv": {
								"north": {"uv": [1, 45], "uv_size": [1, 0.125]},
								"east": {"uv": [12, 28], "uv_size": [10.75, 0.125]},
								"south": {"uv": [45, 1], "uv_size": [1, 0.125]},
								"west": {"uv": [28, 17], "uv_size": [10.75, 0.125]},
								"up": {"uv": [2, 10], "uv_size": [1, 10.75]},
								"down": {"uv": [3, 20.75], "uv_size": [1, -10.75]}
							}
						},
						{
							"origin": [1.57188, 1.9281, -5.52401],
							"size": [0.1, 0.625, 10.6875],
							"uv": {
								"north": {"uv": [3, 46], "uv_size": [0.125, 0.625]},
								"east": {"uv": [14, 5], "uv_size": [10.75, 0.625]},
								"south": {"uv": [46, 3], "uv_size": [0.125, 0.625]},
								"west": {"uv": [14, 6], "uv_size": [10.75, 0.625]},
								"up": {"uv": [7, 28], "uv_size": [0.125, 10.75]},
								"down": {"uv": [8, 38.75], "uv_size": [0.125, -10.75]}
							}
						},
						{
							"origin": [-1.82812, 1.9281, -5.52401],
							"size": [0.1, 0.625, 10.6875],
							"uv": {
								"north": {"uv": [6, 46], "uv_size": [0.125, 0.625]},
								"east": {"uv": [14, 7], "uv_size": [10.75, 0.625]},
								"south": {"uv": [46, 6], "uv_size": [0.125, 0.625]},
								"west": {"uv": [14, 8], "uv_size": [10.75, 0.625]},
								"up": {"uv": [9, 28], "uv_size": [0.125, 10.75]},
								"down": {"uv": [23, 38.75], "uv_size": [0.125, -10.75]}
							}
						},
						{
							"origin": [-2.82812, 2.39922, 5.13636],
							"size": [1, 0.15625, 1.125],
							"pivot": [-2.07812, 2.39922, 5.13636],
							"rotation": [-10, 0, 0],
							"uv": {
								"north": {"uv": [39, 44], "uv_size": [1, 0.125]},
								"east": {"uv": [44, 26], "uv_size": [1.125, 0.125]},
								"south": {"uv": [44, 39], "uv_size": [1, 0.125]},
								"west": {"uv": [27, 44], "uv_size": [1.125, 0.125]},
								"up": {"uv": [12, 29], "uv_size": [1, 1.125]},
								"down": {"uv": [29, 13.125], "uv_size": [1, -1.125]}
							}
						},
						{
							"origin": [1.67188, 2.39922, 5.13636],
							"size": [1, 0.15625, 1.125],
							"pivot": [2.42188, 2.39922, 5.13636],
							"rotation": [-10, 0, 0],
							"uv": {
								"north": {"uv": [6, 45], "uv_size": [1, 0.125]},
								"east": {"uv": [44, 27], "uv_size": [1.125, 0.125]},
								"south": {"uv": [45, 6], "uv_size": [1, 0.125]},
								"west": {"uv": [44, 28], "uv_size": [1.125, 0.125]},
								"up": {"uv": [13, 29], "uv_size": [1, 1.125]},
								"down": {"uv": [14, 30.125], "uv_size": [1, -1.125]}
							}
						},
						{
							"origin": [-1.77344, 1.99103, -3.78539],
							"size": [3.4375, 0.46875, 2.875],
							"uv": {
								"north": {"uv": [16, 26], "uv_size": [3.5, 0.5]},
								"east": {"uv": [28, 2], "uv_size": [2.875, 0.5]},
								"south": {"uv": [26, 19], "uv_size": [3.5, 0.5]},
								"west": {"uv": [28, 3], "uv_size": [2.875, 0.5]},
								"up": {"uv": [4, 10], "uv_size": [3.5, 2.875]},
								"down": {"uv": [8, 12.875], "uv_size": [3.5, -2.875]}
							}
						},
						{
							"origin": [-0.64844, 1.96055, -3.24762],
							"size": [2.3125, 1, 1.1875],
							"uv": {
								"north": {"uv": [23, 4], "uv_size": [2.375, 1]},
								"east": {"uv": [3, 29], "uv_size": [1.25, 1]},
								"south": {"uv": [6, 23], "uv_size": [2.375, 1]},
								"west": {"uv": [29, 8], "uv_size": [1.25, 1]},
								"up": {"uv": [22, 9], "uv_size": [2.375, 1.25]},
								"down": {"uv": [22, 14.25], "uv_size": [2.375, -1.25]}
							}
						},
						{
							"origin": [1.66406, 2.5543, -3.24762],
							"size": [0.0625, 0.40625, 4.84375],
							"uv": {
								"north": {"uv": [23, 46], "uv_size": [0.125, 0.375]},
								"east": {"uv": [25, 10], "uv_size": [4.875, 0.375]},
								"south": {"uv": [46, 23], "uv_size": [0.125, 0.375]},
								"west": {"uv": [14, 25], "uv_size": [4.875, 0.375]},
								"up": {"uv": [39, 19], "uv_size": [0.125, 4.875]},
								"down": {"uv": [23, 43.875], "uv_size": [0.125, -4.875]}
							}
						},
						{
							"origin": [1.13281, 2.5543, -3.24762],
							"size": [0.59375, 0.40625, 2.625],
							"pivot": [1.72656, 2.96055, -3.24762],
							"rotation": [0, 12.5, 0],
							"uv": {
								"north": {"uv": [1, 44], "uv_size": [0.625, 0.375]},
								"east": {"uv": [1, 31], "uv_size": [2.625, 0.375]},
								"south": {"uv": [44, 1], "uv_size": [0.625, 0.375]},
								"west": {"uv": [31, 2], "uv_size": [2.625, 0.375]},
								"up": {"uv": [10, 27], "uv_size": [0.625, 2.625]},
								"down": {"uv": [11, 29.625], "uv_size": [0.625, -2.625]}
							}
						},
						{
							"origin": [1.70097, 2.5543, -0.68484],
							"size": [0.59375, 0.40625, 2.28125],
							"uv": {
								"north": {"uv": [2, 44], "uv_size": [0.625, 0.375]},
								"east": {"uv": [34, 31], "uv_size": [2.25, 0.375]},
								"south": {"uv": [3, 44], "uv_size": [0.625, 0.375]},
								"west": {"uv": [35, 1], "uv_size": [2.25, 0.375]},
								"up": {"uv": [5, 28], "uv_size": [0.625, 2.25]},
								"down": {"uv": [6, 30.25], "uv_size": [0.625, -2.25]}
							}
						},
						{
							"origin": [-2.27344, 1.96055, -3.24762],
							"size": [1.625, 1, 1.0625],
							"pivot": [-0.64844, 2.96055, -3.24762],
							"rotation": [0, 47.5, 0],
							"uv": {
								"north": {"uv": [12, 27], "uv_size": [1.625, 1]},
								"east": {"uv": [29, 9], "uv_size": [1.125, 1]},
								"south": {"uv": [27, 12], "uv_size": [1.625, 1]},
								"west": {"uv": [29, 14], "uv_size": [1.125, 1]},
								"up": {"uv": [4, 25], "uv_size": [1.625, 1.125]},
								"down": {"uv": [25, 13.125], "uv_size": [1.625, -1.125]}
							}
						}
					]
				},
				{
					"name": "Turret",
					"pivot": [0.22443, 3.4244, -0.91177],
					"cubes": [
						{
							"origin": [0.83668, 2.94636, 0.8227],
							"size": [0.09375, 1, 0.3125],
							"pivot": [0.93043, 3.94636, 1.1352],
							"rotation": [19.9299, 1.70818, -4.69986],
							"uv": {
								"north": {"uv": [7, 45], "uv_size": [0.125, 1]},
								"east": {"uv": [34, 40], "uv_size": [0.375, 1]},
								"south": {"uv": [45, 7], "uv_size": [0.125, 1]},
								"west": {"uv": [35, 40], "uv_size": [0.375, 1]},
								"up": {"uv": [22, 46], "uv_size": [0.125, 0.375]},
								"down": {"uv": [46, 22.375], "uv_size": [0.125, -0.375]}
							}
						},
						{
							"origin": [-0.55543, 2.94636, 0.8227],
							"size": [0.09375, 1, 0.3125],
							"pivot": [-0.55543, 3.94636, 1.1352],
							"rotation": [19.9299, -1.70818, 4.69986],
							"uv": {
								"north": {"uv": [7.125, 45], "uv_size": [-0.125, 1]},
								"east": {"uv": [35.375, 40], "uv_size": [-0.375, 1]},
								"south": {"uv": [45.125, 7], "uv_size": [-0.125, 1]},
								"west": {"uv": [34.375, 40], "uv_size": [-0.375, 1]},
								"up": {"uv": [22.125, 46], "uv_size": [-0.125, 0.375]},
								"down": {"uv": [46.125, 22.375], "uv_size": [-0.125, -0.375]}
							}
						},
						{
							"origin": [-0.56957, 2.91511, 0.8227],
							"size": [1.5, 1.03125, 0.3125],
							"pivot": [0.93043, 3.94636, 1.1352],
							"rotation": [20, 0, 0],
							"uv": {
								"north": {"uv": [27, 26], "uv_size": [1.5, 1]},
								"east": {"uv": [39, 40], "uv_size": [0.375, 1]},
								"south": {"uv": [0, 28], "uv_size": [1.5, 1]},
								"west": {"uv": [40, 40], "uv_size": [0.375, 1]},
								"up": {"uv": [39, 36], "uv_size": [1.5, 0.375]},
								"down": {"uv": [39, 37.375], "uv_size": [1.5, -0.375]}
							}
						},
						{
							"origin": [-0.53832, 2.94636, 0.8227],
							"size": [1.46875, 1, 0.3125],
							"uv": {
								"north": {"uv": [27, 25], "uv_size": [1.5, 1]},
								"east": {"uv": [36, 40], "uv_size": [0.375, 1]},
								"south": {"uv": [26, 27], "uv_size": [1.5, 1]},
								"west": {"uv": [38, 40], "uv_size": [0.375, 1]},
								"up": {"uv": [39, 34], "uv_size": [1.5, 0.375]},
								"down": {"uv": [39, 35.375], "uv_size": [1.5, -0.375]}
							}
						},
						{
							"origin": [-0.6806, 2.946, -1.13257],
							"size": [1.75, 1, 2.0625],
							"uv": {
								"north": {"uv": [26, 4], "uv_size": [1.75, 1]},
								"east": {"uv": [25, 6], "uv_size": [2.125, 1]},
								"south": {"uv": [9, 26], "uv_size": [1.75, 1]},
								"west": {"uv": [25, 7], "uv_size": [2.125, 1]},
								"up": {"uv": [21, 21], "uv_size": [1.75, 2.125]},
								"down": {"uv": [4, 24.125], "uv_size": [1.75, -2.125]}
							}
						},
						{
							"origin": [-0.33683, 2.94636, -0.88257],
							"size": [1.71875, 1, 1.59375],
							"pivot": [0.4288, 3.44636, 0.14868],
							"rotation": [0, -32.5, 0],
							"uv": {
								"north": {"uv": [26, 2], "uv_size": [1.75, 1]},
								"east": {"uv": [18, 27], "uv_size": [1.625, 1]},
								"south": {"uv": [26, 3], "uv_size": [1.75, 1]},
								"west": {"uv": [20, 27], "uv_size": [1.625, 1]},
								"up": {"uv": [14, 22], "uv_size": [1.75, 1.625]},
								"down": {"uv": [22, 16.625], "uv_size": [1.75, -1.625]}
							}
						},
						{
							"origin": [-1.00692, 2.94636, -0.88257],
							"size": [1.71875, 1, 1.59375],
							"pivot": [-0.0538, 3.44636, 0.14868],
							"rotation": [0, 32.5, 0],
							"uv": {
								"north": {"uv": [26, 11], "uv_size": [1.75, 1]},
								"east": {"uv": [24, 27], "uv_size": [1.625, 1]},
								"south": {"uv": [14, 26], "uv_size": [1.75, 1]},
								"west": {"uv": [27, 24], "uv_size": [1.625, 1]},
								"up": {"uv": [16, 22], "uv_size": [1.75, 1.625]},
								"down": {"uv": [22, 18.625], "uv_size": [1.75, -1.625]}
							}
						},
						{
							"origin": [1.06942, 2.94636, -1.13257],
							"size": [0.5, 1, 0.09375],
							"uv": {
								"north": {"uv": [40, 13], "uv_size": [0.5, 1]},
								"east": {"uv": [15, 45], "uv_size": [0.125, 1]},
								"south": {"uv": [14, 40], "uv_size": [0.5, 1]},
								"west": {"uv": [16, 45], "uv_size": [0.125, 1]},
								"up": {"uv": [16, 46], "uv_size": [0.5, 0.125]},
								"down": {"uv": [46, 16.125], "uv_size": [0.5, -0.125]}
							}
						},
						{
							"origin": [-1.16317, 2.94636, -1.13257],
							"size": [0.5, 1, 0.09375],
							"uv": {
								"north": {"uv": [40, 14], "uv_size": [0.5, 1]},
								"east": {"uv": [24, 45], "uv_size": [0.125, 1]},
								"south": {"uv": [15, 40], "uv_size": [0.5, 1]},
								"west": {"uv": [45, 24], "uv_size": [0.125, 1]},
								"up": {"uv": [20, 46], "uv_size": [0.5, 0.125]},
								"down": {"uv": [46, 20.125], "uv_size": [0.5, -0.125]}
							}
						},
						{
							"origin": [0.94442, 2.9463, -1.13257],
							"size": [0.71875, 1, 0.9375],
							"pivot": [1.66317, 3.94636, -1.13257],
							"rotation": [0, 7.5, 0],
							"uv": {
								"north": {"uv": [19, 35], "uv_size": [0.75, 1]},
								"east": {"uv": [24, 30], "uv_size": [1, 1]},
								"south": {"uv": [35, 19], "uv_size": [0.75, 1]},
								"west": {"uv": [25, 30], "uv_size": [1, 1]},
								"up": {"uv": [35, 20], "uv_size": [0.75, 1]},
								"down": {"uv": [35, 22], "uv_size": [0.75, -1]}
							}
						},
						{
							"origin": [-1.28817, 2.9463, -1.13257],
							"size": [0.71875, 1, 0.9375],
							"pivot": [-1.28817, 3.94636, -1.13257],
							"rotation": [0, -7.5, 0],
							"uv": {
								"north": {"uv": [22, 35], "uv_size": [0.75, 1]},
								"east": {"uv": [0, 31], "uv_size": [1, 1]},
								"south": {"uv": [24, 35], "uv_size": [0.75, 1]},
								"west": {"uv": [31, 0], "uv_size": [1, 1]},
								"up": {"uv": [35, 26], "uv_size": [0.75, 1]},
								"down": {"uv": [27, 36], "uv_size": [0.75, -1]}
							}
						},
						{
							"origin": [-1.18058, 2.94636, -1.75757],
							"size": [2.59375, 0.4375, 0.625],
							"uv": {
								"north": {"uv": [0, 29], "uv_size": [2.625, 0.5]},
								"east": {"uv": [41, 9], "uv_size": [0.625, 0.5]},
								"south": {"uv": [29, 5], "uv_size": [2.625, 0.5]},
								"west": {"uv": [10, 41], "uv_size": [0.625, 0.5]},
								"up": {"uv": [4, 27], "uv_size": [2.625, 0.625]},
								"down": {"uv": [7, 27.625], "uv_size": [2.625, -0.625]}
							}
						},
						{
							"origin": [-1.18058, 3.1175, -2.47498],
							"size": [2.75, 0.53125, 1.375],
							"pivot": [1.56942, 3.64875, -2.47498],
							"rotation": [12.5, 0, 0],
							"uv": {
								"north": {"uv": [28, 4], "uv_size": [2.75, 0.5]},
								"east": {"uv": [36, 0], "uv_size": [1.375, 0.5]},
								"south": {"uv": [28, 6], "uv_size": [2.75, 0.5]},
								"west": {"uv": [36, 6], "uv_size": [1.375, 0.5]},
								"up": {"uv": [11, 21], "uv_size": [2.75, 1.375]},
								"down": {"uv": [18, 22.375], "uv_size": [2.75, -1.375]}
							}
						},
						{
							"origin": [1.25692, 3.1175, -2.47498],
							"size": [0.3125, 0.53125, 1.375],
							"pivot": [1.56942, 3.64875, -2.47498],
							"rotation": [12.5, 4, 0],
							"uv": {
								"north": {"uv": [44, 10], "uv_size": [0.375, 0.5]},
								"east": {"uv": [36, 28], "uv_size": [1.375, 0.5]},
								"south": {"uv": [11, 44], "uv_size": [0.375, 0.5]},
								"west": {"uv": [37, 16], "uv_size": [1.375, 0.5]},
								"up": {"uv": [37, 39], "uv_size": [0.375, 1.375]},
								"down": {"uv": [40, 1.375], "uv_size": [0.375, -1.375]}
							}
						},
						{
							"origin": [-1.19442, 3.1175, -2.47498],
							"size": [0.3125, 0.53125, 1.375],
							"pivot": [-1.19442, 3.64875, -2.47498],
							"rotation": [12.5, -4, 0],
							"uv": {
								"north": {"uv": [44, 11], "uv_size": [0.375, 0.5]},
								"east": {"uv": [39, 2], "uv_size": [1.375, 0.5]},
								"south": {"uv": [12, 44], "uv_size": [0.375, 0.5]},
								"west": {"uv": [39, 3], "uv_size": [1.375, 0.5]},
								"up": {"uv": [1, 40], "uv_size": [0.375, 1.375]},
								"down": {"uv": [2, 41.375], "uv_size": [0.375, -1.375]}
							}
						},
						{
							"origin": [1.06942, 3.2425, -2.69373],
							"size": [0.5, 0.40625, 0.21875],
							"pivot": [0.63192, 3.64875, -2.47498],
							"rotation": [32.5, 0, 0],
							"uv": {
								"north": {"uv": [44, 7], "uv_size": [0.5, 0.375]},
								"east": {"uv": [45, 31], "uv_size": [0.25, 0.375]},
								"south": {"uv": [8, 44], "uv_size": [0.5, 0.375]},
								"west": {"uv": [32, 45], "uv_size": [0.25, 0.375]},
								"up": {"uv": [8, 45], "uv_size": [0.5, 0.25]},
								"down": {"uv": [45, 8.25], "uv_size": [0.5, -0.25]}
							}
						},
						{
							"origin": [-0.68058, 3.2425, -2.66248],
							"size": [1.75, 0.375, 0.1875],
							"pivot": [0.13192, 3.64875, -2.47498],
							"rotation": [32.5, 0, 0],
							"uv": {
								"north": {"uv": [39, 8], "uv_size": [1.75, 0.375]},
								"east": {"uv": [0, 46], "uv_size": [0.25, 0.375]},
								"south": {"uv": [9, 39], "uv_size": [1.75, 0.375]},
								"west": {"uv": [46, 0], "uv_size": [0.25, 0.375]},
								"up": {"uv": [40, 22], "uv_size": [1.75, 0.25]},
								"down": {"uv": [40, 23.25], "uv_size": [1.75, -0.25]}
							}
						},
						{
							"origin": [-1.18058, 3.2425, -2.69373],
							"size": [0.5, 0.40625, 0.21875],
							"pivot": [0.63192, 3.64875, -2.47498],
							"rotation": [32.5, 0, 0],
							"uv": {
								"north": {"uv": [44, 13], "uv_size": [0.5, 0.375]},
								"east": {"uv": [45, 44], "uv_size": [0.25, 0.375]},
								"south": {"uv": [14, 44], "uv_size": [0.5, 0.375]},
								"west": {"uv": [45, 45], "uv_size": [0.25, 0.375]},
								"up": {"uv": [26, 45], "uv_size": [0.5, 0.25]},
								"down": {"uv": [27, 45.25], "uv_size": [0.5, -0.25]}
							}
						},
						{
							"origin": [-1.18058, 3.12497, -2.87822],
							"size": [0.5, 0.40625, 0.21875],
							"pivot": [0.63192, 3.53122, -2.65947],
							"rotation": [75, 0, 0],
							"uv": {
								"north": {"uv": [44, 8], "uv_size": [0.5, 0.375]},
								"east": {"uv": [45, 32], "uv_size": [0.25, 0.375]},
								"south": {"uv": [9, 44], "uv_size": [0.5, 0.375]},
								"west": {"uv": [33, 45], "uv_size": [0.25, 0.375]},
								"up": {"uv": [9, 45], "uv_size": [0.5, 0.25]},
								"down": {"uv": [45, 9.25], "uv_size": [0.5, -0.25]}
							}
						},
						{
							"origin": [-0.68058, 3.12497, -2.84697],
							"size": [1.78125, 0.40625, 0.21875],
							"pivot": [1.13192, 3.53122, -2.62822],
							"rotation": [75, 0, 0],
							"uv": {
								"north": {"uv": [7, 39], "uv_size": [1.75, 0.375]},
								"east": {"uv": [45, 43], "uv_size": [0.25, 0.375]},
								"south": {"uv": [39, 7], "uv_size": [1.75, 0.375]},
								"west": {"uv": [44, 45], "uv_size": [0.25, 0.375]},
								"up": {"uv": [21, 40], "uv_size": [1.75, 0.25]},
								"down": {"uv": [40, 21.25], "uv_size": [1.75, -0.25]}
							}
						},
						{
							"origin": [1.06942, 3.12497, -2.87822],
							"size": [0.5, 0.40625, 0.21875],
							"pivot": [0.63192, 3.53122, -2.65947],
							"rotation": [75, 0, 0],
							"uv": {
								"north": {"uv": [44, 12], "uv_size": [0.5, 0.375]},
								"east": {"uv": [45, 42], "uv_size": [0.25, 0.375]},
								"south": {"uv": [13, 44], "uv_size": [0.5, 0.375]},
								"west": {"uv": [43, 45], "uv_size": [0.25, 0.375]},
								"up": {"uv": [25, 45], "uv_size": [0.5, 0.25]},
								"down": {"uv": [45, 25.25], "uv_size": [0.5, -0.25]}
							}
						},
						{
							"origin": [1.06942, 2.91367, -2.93483],
							"size": [0.5, 0.40625, 0.21875],
							"pivot": [0.63192, 3.31992, -2.71608],
							"rotation": [132.5, 0, 0],
							"uv": {
								"north": {"uv": [44, 9], "uv_size": [0.5, 0.375]},
								"east": {"uv": [45, 33], "uv_size": [0.25, 0.375]},
								"south": {"uv": [10, 44], "uv_size": [0.5, 0.375]},
								"west": {"uv": [34, 45], "uv_size": [0.25, 0.375]},
								"up": {"uv": [10, 45], "uv_size": [0.5, 0.25]},
								"down": {"uv": [45, 10.25], "uv_size": [0.5, -0.25]}
							}
						},
						{
							"origin": [-1.18058, 2.91367, -2.93483],
							"size": [0.5, 0.40625, 0.21875],
							"pivot": [0.63192, 3.31992, -2.71608],
							"rotation": [132.5, 0, 0],
							"uv": {
								"north": {"uv": [44, 14], "uv_size": [0.5, 0.375]},
								"east": {"uv": [1, 46], "uv_size": [0.25, 0.375]},
								"south": {"uv": [15, 44], "uv_size": [0.5, 0.375]},
								"west": {"uv": [46, 1], "uv_size": [0.25, 0.375]},
								"up": {"uv": [28, 45], "uv_size": [0.5, 0.25]},
								"down": {"uv": [29, 45.25], "uv_size": [0.5, -0.25]}
							}
						},
						{
							"origin": [-0.68058, 2.91367, -2.93483],
							"size": [1.75, 0.375, 0.1875],
							"pivot": [1.13192, 3.31992, -2.71608],
							"rotation": [132.5, 0, 0],
							"uv": {
								"north": {"uv": [39, 9], "uv_size": [1.75, 0.375]},
								"east": {"uv": [2, 46], "uv_size": [0.25, 0.375]},
								"south": {"uv": [11, 39], "uv_size": [1.75, 0.375]},
								"west": {"uv": [46, 2], "uv_size": [0.25, 0.375]},
								"up": {"uv": [24, 40], "uv_size": [1.75, 0.25]},
								"down": {"uv": [26, 40.25], "uv_size": [1.75, -0.25]}
							}
						},
						{
							"origin": [-1.05558, 3.22617, -2.99733],
							"size": [2.46875, 0.375, 0.09375],
							"pivot": [0.63192, 3.31992, -2.71608],
							"rotation": [132.5, 0, 0],
							"uv": {
								"north": {"uv": [31, 3], "uv_size": [2.5, 0.375]},
								"east": {"uv": [28, 46], "uv_size": [0.125, 0.375]},
								"south": {"uv": [31, 4], "uv_size": [2.5, 0.375]},
								"west": {"uv": [46, 28], "uv_size": [0.125, 0.375]},
								"up": {"uv": [41, 12], "uv_size": [2.5, 0.125]},
								"down": {"uv": [13, 41.125], "uv_size": [2.5, -0.125]}
							}
						},
						{
							"origin": [-1.43058, 2.61667, -2.89052],
							"size": [0.375, 0.375, 0.09375],
							"pivot": [-1.05558, 2.99167, -2.79677],
							"rotation": [143.59949, 32.92753, 36.40051],
							"uv": {
								"north": {"uv": [30, 44], "uv_size": [0.375, 0.375]},
								"east": {"uv": [31, 46], "uv_size": [0.125, 0.375]},
								"south": {"uv": [44, 30], "uv_size": [0.375, 0.375]},
								"west": {"uv": [46, 31], "uv_size": [0.125, 0.375]},
								"up": {"uv": [32, 46], "uv_size": [0.375, 0.125]},
								"down": {"uv": [46, 32.125], "uv_size": [0.375, -0.125]}
							}
						},
						{
							"origin": [1.41317, 2.61667, -2.89052],
							"size": [0.40625, 0.375, 0.09375],
							"pivot": [1.41317, 2.99167, -2.79677],
							"rotation": [143.59949, -32.92753, -36.40051],
							"uv": {
								"north": {"uv": [29, 44], "uv_size": [0.375, 0.375]},
								"east": {"uv": [29, 46], "uv_size": [0.125, 0.375]},
								"south": {"uv": [44, 29], "uv_size": [0.375, 0.375]},
								"west": {"uv": [46, 29], "uv_size": [0.125, 0.375]},
								"up": {"uv": [30, 46], "uv_size": [0.375, 0.125]},
								"down": {"uv": [46, 30.125], "uv_size": [0.375, -0.125]}
							}
						},
						{
							"origin": [-1.18058, 2.65864, -3.41205],
							"size": [2.59375, 0.5, 0.84375],
							"pivot": [0.63192, 3.15864, -2.5683],
							"rotation": [165, 0, 0],
							"uv": {
								"north": {"uv": [28, 27], "uv_size": [2.625, 0.5]},
								"east": {"uv": [40, 16], "uv_size": [0.875, 0.5]},
								"south": {"uv": [28, 28], "uv_size": [2.625, 0.5]},
								"west": {"uv": [40, 17], "uv_size": [0.875, 0.5]},
								"up": {"uv": [23, 21], "uv_size": [2.625, 0.875]},
								"down": {"uv": [23, 22.875], "uv_size": [2.625, -0.875]}
							}
						}
					]
				},
				{
					"name": "Gun",
					"parent": "Turret",
					"pivot": [0.37834, 3.42552, -2.37001],
					"cubes": [
						{
							"origin": [0.73043, 3.32136, -4.0523],
							"size": [0.2, 0.2, 1.46875],
							"uv": {
								"north": {"uv": [21, 46], "uv_size": [0.25, 0.25]},
								"east": {"uv": [41, 0], "uv_size": [1.5, 0.25]},
								"south": {"uv": [46, 21], "uv_size": [0.25, 0.25]},
								"west": {"uv": [41, 1], "uv_size": [1.5, 0.25]},
								"up": {"uv": [0, 41], "uv_size": [0.25, 1.5]},
								"down": {"uv": [41, 3.5], "uv_size": [0.25, -1.5]}
							}
						},
						{
							"origin": [-0.57582, 3.38386, -3.4273],
							"size": [0.1, 0.1, 0.84375],
							"uv": {
								"north": {"uv": [44, 46], "uv_size": [0.125, 0.125]},
								"east": {"uv": [45, 29], "uv_size": [0.875, 0.125]},
								"south": {"uv": [46, 44], "uv_size": [0.125, 0.125]},
								"west": {"uv": [30, 45], "uv_size": [0.875, 0.125]},
								"up": {"uv": [45, 30], "uv_size": [0.125, 0.875]},
								"down": {"uv": [31, 45.875], "uv_size": [0.125, -0.875]}
							}
						},
						{
							"origin": [0.76168, 3.35261, -5.58355],
							"size": [0.1375, 0.1375, 1.53125],
							"uv": {
								"north": {"uv": [43, 46], "uv_size": [0.125, 0.125]},
								"east": {"uv": [44, 15], "uv_size": [1.5, 0.125]},
								"south": {"uv": [46, 43], "uv_size": [0.125, 0.125]},
								"west": {"uv": [16, 44], "uv_size": [1.5, 0.125]},
								"up": {"uv": [44, 16], "uv_size": [0.125, 1.5]},
								"down": {"uv": [18, 45.5], "uv_size": [0.125, -1.5]}
							}
						}
					]
				},
				{
					"name": "LeftPanel",
					"parent": "Turret",
					"pivot": [1.58505, 3.37269, -1.84637],
					"rotation": [-1.95155, 7.24305, -15.12353],
					"cubes": [
						{
							"origin": [1.49912, 2.91636, -1.12836],
							"size": [0.21875, 1, 0.9375],
							"uv": {
								"north": {"uv": [27, 43], "uv_size": [0.25, 1]},
								"east": {"uv": [21, 30], "uv_size": [1, 1]},
								"south": {"uv": [43, 27], "uv_size": [0.25, 1]},
								"west": {"uv": [22, 30], "uv_size": [1, 1]},
								"up": {"uv": [28, 43], "uv_size": [0.25, 1]},
								"down": {"uv": [43, 29], "uv_size": [0.25, -1]}
							}
						},
						{
							"origin": [1.49912, 2.91636, -0.28461],
							"size": [0.21875, 1, 0.09375],
							"pivot": [1.71787, 3.91636, -0.19086],
							"rotation": [5, 0, 0],
							"uv": {
								"north": {"uv": [31, 43], "uv_size": [0.25, 1]},
								"east": {"uv": [45, 16], "uv_size": [0.125, 1]},
								"south": {"uv": [43, 31], "uv_size": [0.25, 1]},
								"west": {"uv": [17, 45], "uv_size": [0.125, 1]},
								"up": {"uv": [36, 46], "uv_size": [0.25, 0.125]},
								"down": {"uv": [46, 36.125], "uv_size": [0.25, -0.125]}
							}
						},
						{
							"origin": [1.49912, 2.91636, -0.19086],
							"size": [0.21875, 1, 0.09375],
							"pivot": [1.71787, 3.91636, -0.19086],
							"rotation": [7.25294, -38.3808, -4.27896],
							"uv": {
								"north": {"uv": [29, 43], "uv_size": [0.25, 1]},
								"east": {"uv": [14, 45], "uv_size": [0.125, 1]},
								"south": {"uv": [43, 29], "uv_size": [0.25, 1]},
								"west": {"uv": [45, 14], "uv_size": [0.125, 1]},
								"up": {"uv": [35, 46], "uv_size": [0.25, 0.125]},
								"down": {"uv": [46, 35.125], "uv_size": [0.25, -0.125]}
							}
						},
						{
							"origin": [0.50959, 3.18151, -0.56372],
							"size": [0.21875, 1, 1.59375],
							"pivot": [0.72834, 4.18151, 1.03003],
							"rotation": [12.25294, -38.3808, -4.27896],
							"uv": {
								"north": {"uv": [30, 43], "uv_size": [0.25, 1]},
								"east": {"uv": [27, 14], "uv_size": [1.625, 1]},
								"south": {"uv": [43, 30], "uv_size": [0.25, 1]},
								"west": {"uv": [16, 27], "uv_size": [1.625, 1]},
								"up": {"uv": [28, 40], "uv_size": [0.25, 1.625]},
								"down": {"uv": [29, 41.625], "uv_size": [0.25, -1.625]}
							}
						},
						{
							"origin": [0.50959, 3.21276, 0.78003],
							"size": [0.21875, 0.96875, 0.25],
							"pivot": [0.72834, 4.18151, 1.03003],
							"rotation": [24.75294, -38.3808, -4.27896],
							"uv": {
								"north": {"uv": [32, 43], "uv_size": [0.25, 1]},
								"east": {"uv": [43, 32], "uv_size": [0.25, 1]},
								"south": {"uv": [33, 43], "uv_size": [0.25, 1]},
								"west": {"uv": [43, 33], "uv_size": [0.25, 1]},
								"up": {"uv": [17, 46], "uv_size": [0.25, 0.25]},
								"down": {"uv": [46, 17.25], "uv_size": [0.25, -0.25]}
							}
						},
						{
							"origin": [1.49912, 2.91636, -1.75336],
							"size": [0.21875, 0.4375, 0.625],
							"uv": {
								"north": {"uv": [11, 45], "uv_size": [0.25, 0.5]},
								"east": {"uv": [41, 10], "uv_size": [0.625, 0.5]},
								"south": {"uv": [45, 11], "uv_size": [0.25, 0.5]},
								"west": {"uv": [11, 41], "uv_size": [0.625, 0.5]},
								"up": {"uv": [44, 24], "uv_size": [0.25, 0.625]},
								"down": {"uv": [25, 44.625], "uv_size": [0.25, -0.625]}
							}
						},
						{
							"origin": [1.49912, 3.38511, -2.50336],
							"size": [0.21875, 0.53125, 1.375],
							"pivot": [0.93662, 3.91636, -1.12836],
							"rotation": [12.5, 0, 0],
							"uv": {
								"north": {"uv": [12, 45], "uv_size": [0.25, 0.5]},
								"east": {"uv": [36, 10], "uv_size": [1.375, 0.5]},
								"south": {"uv": [45, 12], "uv_size": [0.25, 0.5]},
								"west": {"uv": [36, 21], "uv_size": [1.375, 0.5]},
								"up": {"uv": [3, 41], "uv_size": [0.25, 1.375]},
								"down": {"uv": [4, 42.375], "uv_size": [0.25, -1.375]}
							}
						},
						{
							"origin": [1.49912, 3.21251, -2.68951],
							"size": [0.21875, 0.40625, 0.21875],
							"pivot": [0.93662, 3.61876, -2.47076],
							"rotation": [32.5, 0, 0],
							"uv": {
								"north": {"uv": [45, 34], "uv_size": [0.25, 0.375]},
								"east": {"uv": [35, 45], "uv_size": [0.25, 0.375]},
								"south": {"uv": [45, 35], "uv_size": [0.25, 0.375]},
								"west": {"uv": [36, 45], "uv_size": [0.25, 0.375]},
								"up": {"uv": [15, 46], "uv_size": [0.25, 0.25]},
								"down": {"uv": [46, 15.25], "uv_size": [0.25, -0.25]}
							}
						},
						{
							"origin": [1.62412, 3.09497, -2.874],
							"size": [0.09375, 0.40625, 0.21875],
							"pivot": [0.93662, 3.50122, -2.65525],
							"rotation": [75, 0, 0],
							"uv": {
								"north": {"uv": [24, 46], "uv_size": [0.125, 0.375]},
								"east": {"uv": [45, 36], "uv_size": [0.25, 0.375]},
								"south": {"uv": [46, 24], "uv_size": [0.125, 0.375]},
								"west": {"uv": [37, 45], "uv_size": [0.25, 0.375]},
								"up": {"uv": [33, 46], "uv_size": [0.125, 0.25]},
								"down": {"uv": [46, 33.25], "uv_size": [0.125, -0.25]}
							}
						},
						{
							"origin": [1.59287, 2.88367, -2.93062],
							"size": [0.125, 0.40625, 0.21875],
							"pivot": [0.93662, 3.28992, -2.71187],
							"rotation": [132.5, 0, 0],
							"uv": {
								"north": {"uv": [25, 46], "uv_size": [0.125, 0.375]},
								"east": {"uv": [45, 37], "uv_size": [0.25, 0.375]},
								"south": {"uv": [46, 25], "uv_size": [0.125, 0.375]},
								"west": {"uv": [38, 45], "uv_size": [0.25, 0.375]},
								"up": {"uv": [34, 46], "uv_size": [0.125, 0.25]},
								"down": {"uv": [46, 34.25], "uv_size": [0.125, -0.25]}
							}
						},
						{
							"origin": [1.49912, 2.62865, -3.40784],
							"size": [0.21875, 0.5, 0.84375],
							"pivot": [0.93662, 3.12865, -2.56409],
							"rotation": [165, 0, 0],
							"uv": {
								"north": {"uv": [13, 45], "uv_size": [0.25, 0.5]},
								"east": {"uv": [40, 18], "uv_size": [0.875, 0.5]},
								"south": {"uv": [45, 13], "uv_size": [0.25, 0.5]},
								"west": {"uv": [40, 19], "uv_size": [0.875, 0.5]},
								"up": {"uv": [44, 3], "uv_size": [0.25, 0.875]},
								"down": {"uv": [4, 44.875], "uv_size": [0.25, -0.875]}
							}
						}
					]
				},
				{
					"name": "RightPanel",
					"parent": "Turret",
					"pivot": [-1.21005, 3.37269, -1.84637],
					"rotation": [-1.95155, -7.24305, 15.12353],
					"cubes": [
						{
							"origin": [-1.34287, 2.91636, -1.12836],
							"size": [0.21875, 1, 0.9375],
							"uv": {
								"north": {"uv": [34, 43], "uv_size": [0.25, 1]},
								"east": {"uv": [30, 29], "uv_size": [1, 1]},
								"south": {"uv": [43, 34], "uv_size": [0.25, 1]},
								"west": {"uv": [30, 30], "uv_size": [1, 1]},
								"up": {"uv": [35, 43], "uv_size": [0.25, 1]},
								"down": {"uv": [43, 36], "uv_size": [0.25, -1]}
							}
						},
						{
							"origin": [-1.34295, 2.91636, -0.28461],
							"size": [0.21875, 1, 0.09375],
							"pivot": [-1.34287, 3.91636, -0.19086],
							"rotation": [5, 0, 0],
							"uv": {
								"north": {"uv": [36, 43], "uv_size": [0.25, 1]},
								"east": {"uv": [45, 17], "uv_size": [0.125, 1]},
								"south": {"uv": [43, 36], "uv_size": [0.25, 1]},
								"west": {"uv": [45, 18], "uv_size": [0.125, 1]},
								"up": {"uv": [37, 46], "uv_size": [0.25, 0.125]},
								"down": {"uv": [46, 37.125], "uv_size": [0.25, -0.125]}
							}
						},
						{
							"origin": [-1.34295, 2.91636, -0.19086],
							"size": [0.21875, 1, 0.09375],
							"pivot": [-1.34287, 3.91636, -0.19086],
							"rotation": [7.25294, 38.3808, 4.27896],
							"uv": {
								"north": {"uv": [37, 43], "uv_size": [0.25, 1]},
								"east": {"uv": [45, 19], "uv_size": [0.125, 1]},
								"south": {"uv": [43, 37], "uv_size": [0.25, 1]},
								"west": {"uv": [45, 20], "uv_size": [0.125, 1]},
								"up": {"uv": [38, 46], "uv_size": [0.25, 0.125]},
								"down": {"uv": [46, 38.125], "uv_size": [0.25, -0.125]}
							}
						},
						{
							"origin": [-0.35334, 3.18151, -0.56372],
							"size": [0.21875, 1, 1.59375],
							"pivot": [-0.35334, 4.18151, 1.03003],
							"rotation": [12.25294, 38.3808, 4.27896],
							"uv": {
								"north": {"uv": [38, 43], "uv_size": [0.25, 1]},
								"east": {"uv": [22, 27], "uv_size": [1.625, 1]},
								"south": {"uv": [43, 38], "uv_size": [0.25, 1]},
								"west": {"uv": [27, 23], "uv_size": [1.625, 1]},
								"up": {"uv": [30, 40], "uv_size": [0.25, 1.625]},
								"down": {"uv": [31, 41.625], "uv_size": [0.25, -1.625]}
							}
						},
						{
							"origin": [-0.35334, 3.21276, 0.78003],
							"size": [0.21875, 0.96875, 0.25],
							"pivot": [-0.35334, 4.18151, 1.03003],
							"rotation": [24.75294, 38.3808, 4.27896],
							"uv": {
								"north": {"uv": [39, 43], "uv_size": [0.25, 1]},
								"east": {"uv": [43, 39], "uv_size": [0.25, 1]},
								"south": {"uv": [40, 43], "uv_size": [0.25, 1]},
								"west": {"uv": [43, 40], "uv_size": [0.25, 1]},
								"up": {"uv": [18, 46], "uv_size": [0.25, 0.25]},
								"down": {"uv": [46, 18.25], "uv_size": [0.25, -0.25]}
							}
						},
						{
							"origin": [-1.34287, 2.91636, -1.75336],
							"size": [0.21875, 0.4375, 0.625],
							"uv": {
								"north": {"uv": [21, 45], "uv_size": [0.25, 0.5]},
								"east": {"uv": [41, 11], "uv_size": [0.625, 0.5]},
								"south": {"uv": [45, 21], "uv_size": [0.25, 0.5]},
								"west": {"uv": [12, 41], "uv_size": [0.625, 0.5]},
								"up": {"uv": [44, 25], "uv_size": [0.25, 0.625]},
								"down": {"uv": [26, 44.625], "uv_size": [0.25, -0.625]}
							}
						},
						{
							"origin": [-1.34287, 3.38511, -2.50336],
							"size": [0.21875, 0.53125, 1.375],
							"pivot": [-0.56162, 3.91636, -1.12836],
							"rotation": [12.5, 0, 0],
							"uv": {
								"north": {"uv": [22, 45], "uv_size": [0.25, 0.5]},
								"east": {"uv": [38, 6], "uv_size": [1.375, 0.5]},
								"south": {"uv": [45, 22], "uv_size": [0.25, 0.5]},
								"west": {"uv": [38, 10], "uv_size": [1.375, 0.5]},
								"up": {"uv": [41, 4], "uv_size": [0.25, 1.375]},
								"down": {"uv": [5, 42.375], "uv_size": [0.25, -1.375]}
							}
						},
						{
							"origin": [-1.34287, 3.21251, -2.68951],
							"size": [0.21875, 0.40625, 0.21875],
							"pivot": [-0.56162, 3.61876, -2.47076],
							"rotation": [32.5, 0, 0],
							"uv": {
								"north": {"uv": [45, 38], "uv_size": [0.25, 0.375]},
								"east": {"uv": [39, 45], "uv_size": [0.25, 0.375]},
								"south": {"uv": [45, 39], "uv_size": [0.25, 0.375]},
								"west": {"uv": [40, 45], "uv_size": [0.25, 0.375]},
								"up": {"uv": [19, 46], "uv_size": [0.25, 0.25]},
								"down": {"uv": [46, 19.25], "uv_size": [0.25, -0.25]}
							}
						},
						{
							"origin": [-1.34287, 3.09497, -2.874],
							"size": [0.125, 0.40625, 0.21875],
							"pivot": [-0.56162, 3.50122, -2.65525],
							"rotation": [75, 0, 0],
							"uv": {
								"north": {"uv": [26, 46], "uv_size": [0.125, 0.375]},
								"east": {"uv": [45, 40], "uv_size": [0.25, 0.375]},
								"south": {"uv": [46, 26], "uv_size": [0.125, 0.375]},
								"west": {"uv": [41, 45], "uv_size": [0.25, 0.375]},
								"up": {"uv": [39, 46], "uv_size": [0.125, 0.25]},
								"down": {"uv": [46, 39.25], "uv_size": [0.125, -0.25]}
							}
						},
						{
							"origin": [-1.34287, 2.88367, -2.93062],
							"size": [0.125, 0.40625, 0.21875],
							"pivot": [-0.56162, 3.28992, -2.71187],
							"rotation": [132.5, 0, 0],
							"uv": {
								"north": {"uv": [27, 46], "uv_size": [0.125, 0.375]},
								"east": {"uv": [45, 41], "uv_size": [0.25, 0.375]},
								"south": {"uv": [46, 27], "uv_size": [0.125, 0.375]},
								"west": {"uv": [42, 45], "uv_size": [0.25, 0.375]},
								"up": {"uv": [40, 46], "uv_size": [0.125, 0.25]},
								"down": {"uv": [46, 40.25], "uv_size": [0.125, -0.25]}
							}
						},
						{
							"origin": [-1.34287, 2.62865, -3.40784],
							"size": [0.21875, 0.5, 0.84375],
							"pivot": [-0.56162, 3.12865, -2.56409],
							"rotation": [165, 0, 0],
							"uv": {
								"north": {"uv": [23, 45], "uv_size": [0.25, 0.5]},
								"east": {"uv": [20, 40], "uv_size": [0.875, 0.5]},
								"south": {"uv": [45, 23], "uv_size": [0.25, 0.5]},
								"west": {"uv": [40, 20], "uv_size": [0.875, 0.5]},
								"up": {"uv": [44, 4], "uv_size": [0.25, 0.875]},
								"down": {"uv": [5, 44.875], "uv_size": [0.25, -0.875]}
							}
						}
					]
				},
				{
					"name": "Cogs",
					"pivot": [0, 0, 0]
				},
				{
					"name": "Cog",
					"parent": "Cogs",
					"pivot": [0, 0, 0]
				},
				{
					"name": "octagon",
					"parent": "Cog",
					"pivot": [-2.45312, 1.5625, -5.15625],
					"cubes": [
						{
							"origin": [-2.70625, 1.23113, -5.95625],
							"size": [0.50625, 0.66274, 1.6],
							"pivot": [-2.15625, 1.5625, -5.15625],
							"rotation": [-45, 0, 0],
							"uv": {
								"north": {"uv": [41, 13], "uv_size": [0.5, 0.625]},
								"east": {"uv": [29, 23], "uv_size": [1.625, 0.625]},
								"south": {"uv": [41, 14], "uv_size": [0.5, 0.625]},
								"west": {"uv": [24, 29], "uv_size": [1.625, 0.625]},
								"up": {"uv": [15, 34], "uv_size": [0.5, 1.625]},
								"down": {"uv": [18, 35.625], "uv_size": [0.5, -1.625]}
							}
						},
						{
							"origin": [-2.70625, 1.23113, -5.95625],
							"size": [0.50625, 0.66274, 1.6],
							"uv": {
								"north": {"uv": [16, 41], "uv_size": [0.5, 0.625]},
								"east": {"uv": [29, 24], "uv_size": [1.625, 0.625]},
								"south": {"uv": [41, 16], "uv_size": [0.5, 0.625]},
								"west": {"uv": [29, 25], "uv_size": [1.625, 0.625]},
								"up": {"uv": [20, 34], "uv_size": [0.5, 1.625]},
								"down": {"uv": [21, 35.625], "uv_size": [0.5, -1.625]}
							}
						},
						{
							"origin": [-2.70625, 0.7625, -5.48762],
							"size": [0.50625, 1.6, 0.66274],
							"pivot": [-2.15625, 1.5625, -5.15625],
							"rotation": [-45, 0, 0],
							"uv": {
								"north": {"uv": [25, 34], "uv_size": [0.5, 1.625]},
								"east": {"uv": [26, 29], "uv_size": [0.625, 1.625]},
								"south": {"uv": [26, 34], "uv_size": [0.5, 1.625]},
								"west": {"uv": [27, 29], "uv_size": [0.625, 1.625]},
								"up": {"uv": [17, 41], "uv_size": [0.5, 0.625]},
								"down": {"uv": [41, 17.625], "uv_size": [0.5, -0.625]}
							}
						},
						{
							"origin": [-2.70625, 0.7625, -5.48762],
							"size": [0.50625, 1.6, 0.66274],
							"uv": {
								"north": {"uv": [28, 34], "uv_size": [0.5, 1.625]},
								"east": {"uv": [28, 29], "uv_size": [0.625, 1.625]},
								"south": {"uv": [0, 35], "uv_size": [0.5, 1.625]},
								"west": {"uv": [29, 29], "uv_size": [0.625, 1.625]},
								"up": {"uv": [18, 41], "uv_size": [0.5, 0.625]},
								"down": {"uv": [41, 18.625], "uv_size": [0.5, -0.625]}
							}
						}
					]
				},
				{
					"name": "octagon2",
					"parent": "Cog",
					"pivot": [2.23438, 1.5625, -5.15625],
					"cubes": [
						{
							"origin": [1.98125, 1.23113, -5.95625],
							"size": [0.50625, 0.66274, 1.6],
							"pivot": [1.9375, 1.5625, -5.15625],
							"rotation": [-45, 0, 0],
							"uv": {
								"north": {"uv": [19, 41], "uv_size": [0.5, 0.625]},
								"east": {"uv": [29, 26], "uv_size": [1.625, 0.625]},
								"south": {"uv": [41, 19], "uv_size": [0.5, 0.625]},
								"west": {"uv": [0, 30], "uv_size": [1.625, 0.625]},
								"up": {"uv": [1, 35], "uv_size": [0.5, 1.625]},
								"down": {"uv": [35, 3.625], "uv_size": [0.5, -1.625]}
							}
						},
						{
							"origin": [1.98125, 1.23113, -5.95625],
							"size": [0.50625, 0.66274, 1.6],
							"uv": {
								"north": {"uv": [20, 41], "uv_size": [0.5, 0.625]},
								"east": {"uv": [2, 30], "uv_size": [1.625, 0.625]},
								"south": {"uv": [41, 20], "uv_size": [0.5, 0.625]},
								"west": {"uv": [10, 30], "uv_size": [1.625, 0.625]},
								"up": {"uv": [4, 35], "uv_size": [0.5, 1.625]},
								"down": {"uv": [35, 5.625], "uv_size": [0.5, -1.625]}
							}
						},
						{
							"origin": [1.98125, 0.7625, -5.48762],
							"size": [0.50625, 1.6, 0.66274],
							"pivot": [1.9375, 1.5625, -5.15625],
							"rotation": [-45, 0, 0],
							"uv": {
								"north": {"uv": [5, 35], "uv_size": [0.5, 1.625]},
								"east": {"uv": [4, 30], "uv_size": [0.625, 1.625]},
								"south": {"uv": [10, 35], "uv_size": [0.5, 1.625]},
								"west": {"uv": [30, 12], "uv_size": [0.625, 1.625]},
								"up": {"uv": [21, 41], "uv_size": [0.5, 0.625]},
								"down": {"uv": [22, 41.625], "uv_size": [0.5, -0.625]}
							}
						},
						{
							"origin": [1.98125, 0.7625, -5.48762],
							"size": [0.50625, 1.6, 0.66274],
							"uv": {
								"north": {"uv": [11, 35], "uv_size": [0.5, 1.625]},
								"east": {"uv": [15, 30], "uv_size": [0.625, 1.625]},
								"south": {"uv": [12, 35], "uv_size": [0.5, 1.625]},
								"west": {"uv": [16, 30], "uv_size": [0.625, 1.625]},
								"up": {"uv": [24, 41], "uv_size": [0.5, 0.625]},
								"down": {"uv": [25, 41.625], "uv_size": [0.5, -0.625]}
							}
						}
					]
				},
				{
					"name": "Cog2",
					"parent": "Cogs",
					"pivot": [0, -0.53125, 1.84375]
				},
				{
					"name": "octagon3",
					"parent": "Cog2",
					"pivot": [-2.25982, 0.96969, -3.07294],
					"cubes": [
						{
							"origin": [-2.493, 0.60287, -3.64315],
							"size": [0.46636, 0.61052, 1.47392],
							"pivot": [-1.98634, 0.90813, -2.90619],
							"rotation": [-45, 0, 0],
							"uv": {
								"north": {"uv": [26, 41], "uv_size": [0.5, 0.625]},
								"east": {"uv": [5, 31], "uv_size": [1.5, 0.625]},
								"south": {"uv": [27, 41], "uv_size": [0.5, 0.625]},
								"west": {"uv": [31, 6], "uv_size": [1.5, 0.625]},
								"up": {"uv": [35, 27], "uv_size": [0.5, 1.5]},
								"down": {"uv": [29, 36.5], "uv_size": [0.5, -1.5]}
							}
						},
						{
							"origin": [-2.493, 0.60287, -3.64315],
							"size": [0.46636, 0.61052, 1.47392],
							"uv": {
								"north": {"uv": [32, 41], "uv_size": [0.5, 0.625]},
								"east": {"uv": [31, 8], "uv_size": [1.5, 0.625]},
								"south": {"uv": [33, 41], "uv_size": [0.5, 0.625]},
								"west": {"uv": [31, 9], "uv_size": [1.5, 0.625]},
								"up": {"uv": [30, 35], "uv_size": [0.5, 1.5]},
								"down": {"uv": [31, 36.5], "uv_size": [0.5, -1.5]}
							}
						},
						{
							"origin": [-2.493, 0.17116, -3.21145],
							"size": [0.46636, 1.47392, 0.61052],
							"pivot": [-1.98634, 0.90813, -2.90619],
							"rotation": [-45, 0, 0],
							"uv": {
								"north": {"uv": [32, 35], "uv_size": [0.5, 1.5]},
								"east": {"uv": [10, 31], "uv_size": [0.625, 1.5]},
								"south": {"uv": [35, 32], "uv_size": [0.5, 1.5]},
								"west": {"uv": [11, 31], "uv_size": [0.625, 1.5]},
								"up": {"uv": [34, 41], "uv_size": [0.5, 0.625]},
								"down": {"uv": [41, 34.625], "uv_size": [0.5, -0.625]}
							}
						},
						{
							"origin": [-2.493, 0.17116, -3.21145],
							"size": [0.46636, 1.47392, 0.61052],
							"uv": {
								"north": {"uv": [33, 35], "uv_size": [0.5, 1.5]},
								"east": {"uv": [12, 31], "uv_size": [0.625, 1.5]},
								"south": {"uv": [34, 35], "uv_size": [0.5, 1.5]},
								"west": {"uv": [31, 12], "uv_size": [0.625, 1.5]},
								"up": {"uv": [35, 41], "uv_size": [0.5, 0.625]},
								"down": {"uv": [41, 35.625], "uv_size": [0.5, -0.625]}
							}
						}
					]
				},
				{
					"name": "octagon4",
					"parent": "Cog2",
					"pivot": [2.05831, 0.96969, -3.07294],
					"cubes": [
						{
							"origin": [1.82513, 0.60287, -3.64315],
							"size": [0.46636, 0.61052, 1.47392],
							"pivot": [1.78483, 0.90813, -2.90619],
							"rotation": [-45, 0, 0],
							"uv": {
								"north": {"uv": [36, 41], "uv_size": [0.5, 0.625]},
								"east": {"uv": [31, 10], "uv_size": [1.5, 0.625]},
								"south": {"uv": [41, 36], "uv_size": [0.5, 0.625]},
								"west": {"uv": [13, 31], "uv_size": [1.5, 0.625]},
								"up": {"uv": [35, 34], "uv_size": [0.5, 1.5]},
								"down": {"uv": [2, 37.5], "uv_size": [0.5, -1.5]}
							}
						},
						{
							"origin": [1.82513, 0.60287, -3.64315],
							"size": [0.46636, 0.61052, 1.47392],
							"uv": {
								"north": {"uv": [37, 41], "uv_size": [0.5, 0.625]},
								"east": {"uv": [31, 14], "uv_size": [1.5, 0.625]},
								"south": {"uv": [41, 37], "uv_size": [0.5, 0.625]},
								"west": {"uv": [17, 31], "uv_size": [1.5, 0.625]},
								"up": {"uv": [36, 2], "uv_size": [0.5, 1.5]},
								"down": {"uv": [3, 37.5], "uv_size": [0.5, -1.5]}
							}
						},
						{
							"origin": [1.82513, 0.17116, -3.21145],
							"size": [0.46636, 1.47392, 0.61052],
							"pivot": [1.78483, 0.90813, -2.90619],
							"rotation": [-45, 0, 0],
							"uv": {
								"north": {"uv": [36, 4], "uv_size": [0.5, 1.5]},
								"east": {"uv": [19, 31], "uv_size": [0.625, 1.5]},
								"south": {"uv": [6, 36], "uv_size": [0.5, 1.5]},
								"west": {"uv": [20, 31], "uv_size": [0.625, 1.5]},
								"up": {"uv": [38, 41], "uv_size": [0.5, 0.625]},
								"down": {"uv": [39, 41.625], "uv_size": [0.5, -0.625]}
							}
						},
						{
							"origin": [1.82513, 0.17116, -3.21145],
							"size": [0.46636, 1.47392, 0.61052],
							"uv": {
								"north": {"uv": [36, 8], "uv_size": [0.5, 1.5]},
								"east": {"uv": [21, 31], "uv_size": [0.625, 1.5]},
								"south": {"uv": [36, 12], "uv_size": [0.5, 1.5]},
								"west": {"uv": [22, 31], "uv_size": [0.625, 1.5]},
								"up": {"uv": [40, 41], "uv_size": [0.5, 0.625]},
								"down": {"uv": [41, 40.625], "uv_size": [0.5, -0.625]}
							}
						}
					]
				},
				{
					"name": "Cog3",
					"parent": "Cogs",
					"pivot": [0, -0.53125, 3.5]
				},
				{
					"name": "octagon5",
					"parent": "Cog3",
					"pivot": [-2.25982, 0.96969, -1.41669],
					"cubes": [
						{
							"origin": [-2.493, 0.60287, -1.9869],
							"size": [0.46636, 0.61052, 1.47392],
							"pivot": [-1.98634, 0.90813, -1.24994],
							"rotation": [-45, 0, 0],
							"uv": {
								"north": {"uv": [41, 41], "uv_size": [0.5, 0.625]},
								"east": {"uv": [31, 19], "uv_size": [1.5, 0.625]},
								"south": {"uv": [1, 42], "uv_size": [0.5, 0.625]},
								"west": {"uv": [31, 23], "uv_size": [1.5, 0.625]},
								"up": {"uv": [13, 36], "uv_size": [0.5, 1.5]},
								"down": {"uv": [14, 37.5], "uv_size": [0.5, -1.5]}
							}
						},
						{
							"origin": [-2.493, 0.60287, -1.9869],
							"size": [0.46636, 0.61052, 1.47392],
							"uv": {
								"north": {"uv": [2, 42], "uv_size": [0.5, 0.625]},
								"east": {"uv": [24, 31], "uv_size": [1.5, 0.625]},
								"south": {"uv": [42, 2], "uv_size": [0.5, 0.625]},
								"west": {"uv": [31, 24], "uv_size": [1.5, 0.625]},
								"up": {"uv": [15, 36], "uv_size": [0.5, 1.5]},
								"down": {"uv": [16, 37.5], "uv_size": [0.5, -1.5]}
							}
						},
						{
							"origin": [-2.493, 0.17116, -1.5552],
							"size": [0.46636, 1.47392, 0.61052],
							"pivot": [-1.98634, 0.90813, -1.24994],
							"rotation": [-45, 0, 0],
							"uv": {
								"north": {"uv": [17, 36], "uv_size": [0.5, 1.5]},
								"east": {"uv": [31, 25], "uv_size": [0.625, 1.5]},
								"south": {"uv": [18, 36], "uv_size": [0.5, 1.5]},
								"west": {"uv": [26, 31], "uv_size": [0.625, 1.5]},
								"up": {"uv": [42, 3], "uv_size": [0.5, 0.625]},
								"down": {"uv": [42, 4.625], "uv_size": [0.5, -0.625]}
							}
						},
						{
							"origin": [-2.493, 0.17116, -1.5552],
							"size": [0.46636, 1.47392, 0.61052],
							"uv": {
								"north": {"uv": [19, 36], "uv_size": [0.5, 1.5]},
								"east": {"uv": [27, 31], "uv_size": [0.625, 1.5]},
								"south": {"uv": [36, 19], "uv_size": [0.5, 1.5]},
								"west": {"uv": [31, 27], "uv_size": [0.625, 1.5]},
								"up": {"uv": [42, 5], "uv_size": [0.5, 0.625]},
								"down": {"uv": [6, 42.625], "uv_size": [0.5, -0.625]}
							}
						}
					]
				},
				{
					"name": "octagon6",
					"parent": "Cog3",
					"pivot": [2.05831, 0.96969, -1.41669],
					"cubes": [
						{
							"origin": [1.82513, 0.60287, -1.9869],
							"size": [0.46636, 0.61052, 1.47392],
							"pivot": [1.78483, 0.90813, -1.24994],
							"rotation": [-45, 0, 0],
							"uv": {
								"north": {"uv": [7, 42], "uv_size": [0.5, 0.625]},
								"east": {"uv": [28, 31], "uv_size": [1.5, 0.625]},
								"south": {"uv": [42, 7], "uv_size": [0.5, 0.625]},
								"west": {"uv": [31, 29], "uv_size": [1.5, 0.625]},
								"up": {"uv": [20, 36], "uv_size": [0.5, 1.5]},
								"down": {"uv": [21, 37.5], "uv_size": [0.5, -1.5]}
							}
						},
						{
							"origin": [1.82513, 0.60287, -1.9869],
							"size": [0.46636, 0.61052, 1.47392],
							"uv": {
								"north": {"uv": [8, 42], "uv_size": [0.5, 0.625]},
								"east": {"uv": [30, 31], "uv_size": [1.5, 0.625]},
								"south": {"uv": [42, 8], "uv_size": [0.5, 0.625]},
								"west": {"uv": [31, 30], "uv_size": [1.5, 0.625]},
								"up": {"uv": [22, 36], "uv_size": [0.5, 1.5]},
								"down": {"uv": [24, 37.5], "uv_size": [0.5, -1.5]}
							}
						},
						{
							"origin": [1.82513, 0.17116, -1.5552],
							"size": [0.46636, 1.47392, 0.61052],
							"pivot": [1.78483, 0.90813, -1.24994],
							"rotation": [-45, 0, 0],
							"uv": {
								"north": {"uv": [25, 36], "uv_size": [0.5, 1.5]},
								"east": {"uv": [0, 32], "uv_size": [0.625, 1.5]},
								"south": {"uv": [26, 36], "uv_size": [0.5, 1.5]},
								"west": {"uv": [1, 32], "uv_size": [0.625, 1.5]},
								"up": {"uv": [9, 42], "uv_size": [0.5, 0.625]},
								"down": {"uv": [42, 9.625], "uv_size": [0.5, -0.625]}
							}
						},
						{
							"origin": [1.82513, 0.17116, -1.5552],
							"size": [0.46636, 1.47392, 0.61052],
							"uv": {
								"north": {"uv": [36, 26], "uv_size": [0.5, 1.5]},
								"east": {"uv": [2, 32], "uv_size": [0.625, 1.5]},
								"south": {"uv": [27, 36], "uv_size": [0.5, 1.5]},
								"west": {"uv": [3, 32], "uv_size": [0.625, 1.5]},
								"up": {"uv": [10, 42], "uv_size": [0.5, 0.625]},
								"down": {"uv": [42, 10.625], "uv_size": [0.5, -0.625]}
							}
						}
					]
				},
				{
					"name": "Cog4",
					"parent": "Cogs",
					"pivot": [0, -0.5, 5.15625]
				},
				{
					"name": "octagon7",
					"parent": "Cog4",
					"pivot": [-2.25982, 1.00094, 0.23956],
					"cubes": [
						{
							"origin": [-2.493, 0.63412, -0.33065],
							"size": [0.46636, 0.61052, 1.47392],
							"pivot": [-1.98634, 0.93938, 0.40631],
							"rotation": [-45, 0, 0],
							"uv": {
								"north": {"uv": [11, 42], "uv_size": [0.5, 0.625]},
								"east": {"uv": [32, 0], "uv_size": [1.5, 0.625]},
								"south": {"uv": [42, 11], "uv_size": [0.5, 0.625]},
								"west": {"uv": [4, 32], "uv_size": [1.5, 0.625]},
								"up": {"uv": [28, 36], "uv_size": [0.5, 1.5]},
								"down": {"uv": [36, 33.5], "uv_size": [0.5, -1.5]}
							}
						},
						{
							"origin": [-2.493, 0.63412, -0.33065],
							"size": [0.46636, 0.61052, 1.47392],
							"uv": {
								"north": {"uv": [12, 42], "uv_size": [0.5, 0.625]},
								"east": {"uv": [32, 5], "uv_size": [1.5, 0.625]},
								"south": {"uv": [13, 42], "uv_size": [0.5, 0.625]},
								"west": {"uv": [32, 12], "uv_size": [1.5, 0.625]},
								"up": {"uv": [36, 34], "uv_size": [0.5, 1.5]},
								"down": {"uv": [35, 37.5], "uv_size": [0.5, -1.5]}
							}
						},
						{
							"origin": [-2.493, 0.20241, 0.10105],
							"size": [0.46636, 1.47392, 0.61052],
							"pivot": [-1.98634, 0.93938, 0.40631],
							"rotation": [-45, 0, 0],
							"uv": {
								"north": {"uv": [36, 36], "uv_size": [0.5, 1.5]},
								"east": {"uv": [6, 32], "uv_size": [0.625, 1.5]},
								"south": {"uv": [0, 37], "uv_size": [0.5, 1.5]},
								"west": {"uv": [13, 32], "uv_size": [0.625, 1.5]},
								"up": {"uv": [42, 13], "uv_size": [0.5, 0.625]},
								"down": {"uv": [14, 42.625], "uv_size": [0.5, -0.625]}
							}
						},
						{
							"origin": [-2.493, 0.20241, 0.10105],
							"size": [0.46636, 1.47392, 0.61052],
							"uv": {
								"north": {"uv": [1, 37], "uv_size": [0.5, 1.5]},
								"east": {"uv": [14, 32], "uv_size": [0.625, 1.5]},
								"south": {"uv": [37, 2], "uv_size": [0.5, 1.5]},
								"west": {"uv": [15, 32], "uv_size": [0.625, 1.5]},
								"up": {"uv": [42, 14], "uv_size": [0.5, 0.625]},
								"down": {"uv": [15, 42.625], "uv_size": [0.5, -0.625]}
							}
						}
					]
				},
				{
					"name": "octagon8",
					"parent": "Cog4",
					"pivot": [2.05831, 1.00094, 0.23956],
					"cubes": [
						{
							"origin": [1.82513, 0.63412, -0.33065],
							"size": [0.46636, 0.61052, 1.47392],
							"pivot": [1.78483, 0.93938, 0.40631],
							"rotation": [-45, 0, 0],
							"uv": {
								"north": {"uv": [16, 42], "uv_size": [0.5, 0.625]},
								"east": {"uv": [32, 13], "uv_size": [1.5, 0.625]},
								"south": {"uv": [42, 16], "uv_size": [0.5, 0.625]},
								"west": {"uv": [16, 32], "uv_size": [1.5, 0.625]},
								"up": {"uv": [4, 37], "uv_size": [0.5, 1.5]},
								"down": {"uv": [37, 5.5], "uv_size": [0.5, -1.5]}
							}
						},
						{
							"origin": [1.82513, 0.63412, -0.33065],
							"size": [0.46636, 0.61052, 1.47392],
							"uv": {
								"north": {"uv": [17, 42], "uv_size": [0.5, 0.625]},
								"east": {"uv": [32, 18], "uv_size": [1.5, 0.625]},
								"south": {"uv": [42, 17], "uv_size": [0.5, 0.625]},
								"west": {"uv": [24, 32], "uv_size": [1.5, 0.625]},
								"up": {"uv": [5, 37], "uv_size": [0.5, 1.5]},
								"down": {"uv": [37, 9.5], "uv_size": [0.5, -1.5]}
							}
						},
						{
							"origin": [1.82513, 0.20241, 0.10105],
							"size": [0.46636, 1.47392, 0.61052],
							"pivot": [1.78483, 0.93938, 0.40631],
							"rotation": [-45, 0, 0],
							"uv": {
								"north": {"uv": [10, 37], "uv_size": [0.5, 1.5]},
								"east": {"uv": [18, 32], "uv_size": [0.625, 1.5]},
								"south": {"uv": [11, 37], "uv_size": [0.5, 1.5]},
								"west": {"uv": [32, 25], "uv_size": [0.625, 1.5]},
								"up": {"uv": [18, 42], "uv_size": [0.5, 0.625]},
								"down": {"uv": [42, 18.625], "uv_size": [0.5, -0.625]}
							}
						},
						{
							"origin": [1.82513, 0.20241, 0.10105],
							"size": [0.46636, 1.47392, 0.61052],
							"uv": {
								"north": {"uv": [12, 37], "uv_size": [0.5, 1.5]},
								"east": {"uv": [32, 27], "uv_size": [0.625, 1.5]},
								"south": {"uv": [37, 12], "uv_size": [0.5, 1.5]},
								"west": {"uv": [28, 32], "uv_size": [0.625, 1.5]},
								"up": {"uv": [19, 42], "uv_size": [0.5, 0.625]},
								"down": {"uv": [42, 19.625], "uv_size": [0.5, -0.625]}
							}
						}
					]
				},
				{
					"name": "Cog5",
					"parent": "Cogs",
					"pivot": [0, -0.53125, 6.75]
				},
				{
					"name": "octagon9",
					"parent": "Cog5",
					"pivot": [-2.25982, 0.96969, 1.83331],
					"cubes": [
						{
							"origin": [-2.493, 0.60287, 1.2631],
							"size": [0.46636, 0.61052, 1.47392],
							"pivot": [-1.98634, 0.90813, 2.00006],
							"rotation": [-45, 0, 0],
							"uv": {
								"north": {"uv": [20, 42], "uv_size": [0.5, 0.625]},
								"east": {"uv": [29, 32], "uv_size": [1.5, 0.625]},
								"south": {"uv": [42, 20], "uv_size": [0.5, 0.625]},
								"west": {"uv": [31, 32], "uv_size": [1.5, 0.625]},
								"up": {"uv": [37, 14], "uv_size": [0.5, 1.5]},
								"down": {"uv": [37, 20.5], "uv_size": [0.5, -1.5]}
							}
						},
						{
							"origin": [-2.493, 0.60287, 1.2631],
							"size": [0.46636, 0.61052, 1.47392],
							"uv": {
								"north": {"uv": [21, 42], "uv_size": [0.5, 0.625]},
								"east": {"uv": [32, 31], "uv_size": [1.5, 0.625]},
								"south": {"uv": [42, 21], "uv_size": [0.5, 0.625]},
								"west": {"uv": [33, 1], "uv_size": [1.5, 0.625]},
								"up": {"uv": [37, 26], "uv_size": [0.5, 1.5]},
								"down": {"uv": [29, 38.5], "uv_size": [0.5, -1.5]}
							}
						},
						{
							"origin": [-2.493, 0.17116, 1.6948],
							"size": [0.46636, 1.47392, 0.61052],
							"pivot": [-1.98634, 0.90813, 2.00006],
							"rotation": [-45, 0, 0],
							"uv": {
								"north": {"uv": [30, 37], "uv_size": [0.5, 1.5]},
								"east": {"uv": [4, 33], "uv_size": [0.625, 1.5]},
								"south": {"uv": [31, 37], "uv_size": [0.5, 1.5]},
								"west": {"uv": [5, 33], "uv_size": [0.625, 1.5]},
								"up": {"uv": [22, 42], "uv_size": [0.5, 0.625]},
								"down": {"uv": [42, 22.625], "uv_size": [0.5, -0.625]}
							}
						},
						{
							"origin": [-2.493, 0.17116, 1.6948],
							"size": [0.46636, 1.47392, 0.61052],
							"uv": {
								"north": {"uv": [37, 31], "uv_size": [0.5, 1.5]},
								"east": {"uv": [33, 8], "uv_size": [0.625, 1.5]},
								"south": {"uv": [32, 37], "uv_size": [0.5, 1.5]},
								"west": {"uv": [10, 33], "uv_size": [0.625, 1.5]},
								"up": {"uv": [42, 23], "uv_size": [0.5, 0.625]},
								"down": {"uv": [24, 42.625], "uv_size": [0.5, -0.625]}
							}
						}
					]
				},
				{
					"name": "octagon10",
					"parent": "Cog5",
					"pivot": [2.05831, 0.96969, 1.83331],
					"cubes": [
						{
							"origin": [1.82513, 0.60287, 1.2631],
							"size": [0.46636, 0.61052, 1.47392],
							"pivot": [1.78483, 0.90813, 2.00006],
							"rotation": [-45, 0, 0],
							"uv": {
								"north": {"uv": [42, 24], "uv_size": [0.5, 0.625]},
								"east": {"uv": [33, 6], "uv_size": [1.5, 0.625]},
								"south": {"uv": [25, 42], "uv_size": [0.5, 0.625]},
								"west": {"uv": [33, 10], "uv_size": [1.5, 0.625]},
								"up": {"uv": [33, 37], "uv_size": [0.5, 1.5]},
								"down": {"uv": [37, 34.5], "uv_size": [0.5, -1.5]}
							}
						},
						{
							"origin": [1.82513, 0.60287, 1.2631],
							"size": [0.46636, 0.61052, 1.47392],
							"uv": {
								"north": {"uv": [42, 25], "uv_size": [0.5, 0.625]},
								"east": {"uv": [11, 33], "uv_size": [1.5, 0.625]},
								"south": {"uv": [26, 42], "uv_size": [0.5, 0.625]},
								"west": {"uv": [33, 14], "uv_size": [1.5, 0.625]},
								"up": {"uv": [34, 37], "uv_size": [0.5, 1.5]},
								"down": {"uv": [37, 36.5], "uv_size": [0.5, -1.5]}
							}
						},
						{
							"origin": [1.82513, 0.17116, 1.6948],
							"size": [0.46636, 1.47392, 0.61052],
							"pivot": [1.78483, 0.90813, 2.00006],
							"rotation": [-45, 0, 0],
							"uv": {
								"north": {"uv": [37, 37], "uv_size": [0.5, 1.5]},
								"east": {"uv": [33, 15], "uv_size": [0.625, 1.5]},
								"south": {"uv": [38, 0], "uv_size": [0.5, 1.5]},
								"west": {"uv": [16, 33], "uv_size": [0.625, 1.5]},
								"up": {"uv": [42, 26], "uv_size": [0.5, 0.625]},
								"down": {"uv": [27, 42.625], "uv_size": [0.5, -0.625]}
							}
						},
						{
							"origin": [1.82513, 0.17116, 1.6948],
							"size": [0.46636, 1.47392, 0.61052],
							"uv": {
								"north": {"uv": [2, 38], "uv_size": [0.5, 1.5]},
								"east": {"uv": [17, 33], "uv_size": [0.625, 1.5]},
								"south": {"uv": [38, 2], "uv_size": [0.5, 1.5]},
								"west": {"uv": [19, 33], "uv_size": [0.625, 1.5]},
								"up": {"uv": [42, 27], "uv_size": [0.5, 0.625]},
								"down": {"uv": [28, 42.625], "uv_size": [0.5, -0.625]}
							}
						}
					]
				},
				{
					"name": "Cog6",
					"parent": "Cogs",
					"pivot": [0, -0.53125, 8.4375]
				},
				{
					"name": "octagon11",
					"parent": "Cog6",
					"pivot": [-2.25982, 0.96969, 3.52081],
					"cubes": [
						{
							"origin": [-2.493, 0.60287, 2.9506],
							"size": [0.46636, 0.61052, 1.47392],
							"pivot": [-1.98634, 0.90813, 3.68756],
							"rotation": [-45, 0, 0],
							"uv": {
								"north": {"uv": [42, 28], "uv_size": [0.5, 0.625]},
								"east": {"uv": [33, 19], "uv_size": [1.5, 0.625]},
								"south": {"uv": [29, 42], "uv_size": [0.5, 0.625]},
								"west": {"uv": [20, 33], "uv_size": [1.5, 0.625]},
								"up": {"uv": [3, 38], "uv_size": [0.5, 1.5]},
								"down": {"uv": [38, 5.5], "uv_size": [0.5, -1.5]}
							}
						},
						{
							"origin": [-2.493, 0.60287, 2.9506],
							"size": [0.46636, 0.61052, 1.47392],
							"uv": {
								"north": {"uv": [42, 29], "uv_size": [0.5, 0.625]},
								"east": {"uv": [33, 20], "uv_size": [1.5, 0.625]},
								"south": {"uv": [30, 42], "uv_size": [0.5, 0.625]},
								"west": {"uv": [33, 21], "uv_size": [1.5, 0.625]},
								"up": {"uv": [6, 38], "uv_size": [0.5, 1.5]},
								"down": {"uv": [38, 9.5], "uv_size": [0.5, -1.5]}
							}
						},
						{
							"origin": [-2.493, 0.17116, 3.3823],
							"size": [0.46636, 1.47392, 0.61052],
							"pivot": [-1.98634, 0.90813, 3.68756],
							"rotation": [-45, 0, 0],
							"uv": {
								"north": {"uv": [38, 12], "uv_size": [0.5, 1.5]},
								"east": {"uv": [22, 33], "uv_size": [0.625, 1.5]},
								"south": {"uv": [13, 38], "uv_size": [0.5, 1.5]},
								"west": {"uv": [33, 22], "uv_size": [0.625, 1.5]},
								"up": {"uv": [42, 30], "uv_size": [0.5, 0.625]},
								"down": {"uv": [31, 42.625], "uv_size": [0.5, -0.625]}
							}
						},
						{
							"origin": [-2.493, 0.17116, 3.3823],
							"size": [0.46636, 1.47392, 0.61052],
							"uv": {
								"north": {"uv": [14, 38], "uv_size": [0.5, 1.5]},
								"east": {"uv": [24, 33], "uv_size": [0.625, 1.5]},
								"south": {"uv": [38, 14], "uv_size": [0.5, 1.5]},
								"west": {"uv": [33, 24], "uv_size": [0.625, 1.5]},
								"up": {"uv": [42, 31], "uv_size": [0.5, 0.625]},
								"down": {"uv": [32, 42.625], "uv_size": [0.5, -0.625]}
							}
						}
					]
				},
				{
					"name": "octagon12",
					"parent": "Cog6",
					"pivot": [2.05831, 0.96969, 3.52081],
					"cubes": [
						{
							"origin": [1.82513, 0.60287, 2.9506],
							"size": [0.46636, 0.61052, 1.47392],
							"pivot": [1.78483, 0.90813, 3.68756],
							"rotation": [-45, 0, 0],
							"uv": {
								"north": {"uv": [42, 32], "uv_size": [0.5, 0.625]},
								"east": {"uv": [25, 33], "uv_size": [1.5, 0.625]},
								"south": {"uv": [33, 42], "uv_size": [0.5, 0.625]},
								"west": {"uv": [33, 26], "uv_size": [1.5, 0.625]},
								"up": {"uv": [15, 38], "uv_size": [0.5, 1.5]},
								"down": {"uv": [16, 39.5], "uv_size": [0.5, -1.5]}
							}
						},
						{
							"origin": [1.82513, 0.60287, 2.9506],
							"size": [0.46636, 0.61052, 1.47392],
							"uv": {
								"north": {"uv": [42, 33], "uv_size": [0.5, 0.625]},
								"east": {"uv": [33, 27], "uv_size": [1.5, 0.625]},
								"south": {"uv": [34, 42], "uv_size": [0.5, 0.625]},
								"west": {"uv": [33, 28], "uv_size": [1.5, 0.625]},
								"up": {"uv": [17, 38], "uv_size": [0.5, 1.5]},
								"down": {"uv": [18, 39.5], "uv_size": [0.5, -1.5]}
							}
						},
						{
							"origin": [1.82513, 0.17116, 3.3823],
							"size": [0.46636, 1.47392, 0.61052],
							"pivot": [1.78483, 0.90813, 3.68756],
							"rotation": [-45, 0, 0],
							"uv": {
								"north": {"uv": [38, 18], "uv_size": [0.5, 1.5]},
								"east": {"uv": [27, 33], "uv_size": [0.625, 1.5]},
								"south": {"uv": [19, 38], "uv_size": [0.5, 1.5]},
								"west": {"uv": [29, 33], "uv_size": [0.625, 1.5]},
								"up": {"uv": [42, 34], "uv_size": [0.5, 0.625]},
								"down": {"uv": [35, 42.625], "uv_size": [0.5, -0.625]}
							}
						},
						{
							"origin": [1.82513, 0.17116, 3.3823],
							"size": [0.46636, 1.47392, 0.61052],
							"uv": {
								"north": {"uv": [20, 38], "uv_size": [0.5, 1.5]},
								"east": {"uv": [33, 29], "uv_size": [0.625, 1.5]},
								"south": {"uv": [38, 20], "uv_size": [0.5, 1.5]},
								"west": {"uv": [30, 33], "uv_size": [0.625, 1.5]},
								"up": {"uv": [42, 35], "uv_size": [0.5, 0.625]},
								"down": {"uv": [36, 42.625], "uv_size": [0.5, -0.625]}
							}
						}
					]
				},
				{
					"name": "Cog7",
					"parent": "Cogs",
					"pivot": [0, -0.21875, 10.09375]
				},
				{
					"name": "octagon13",
					"parent": "Cog7",
					"pivot": [-2.25982, 1.28219, 5.17706],
					"cubes": [
						{
							"origin": [-2.493, 0.91537, 4.60685],
							"size": [0.46636, 0.61052, 1.47392],
							"pivot": [-1.98634, 1.22063, 5.34381],
							"rotation": [-45, 0, 0],
							"uv": {
								"north": {"uv": [42, 36], "uv_size": [0.5, 0.625]},
								"east": {"uv": [31, 33], "uv_size": [1.5, 0.625]},
								"south": {"uv": [37, 42], "uv_size": [0.5, 0.625]},
								"west": {"uv": [33, 32], "uv_size": [1.5, 0.625]},
								"up": {"uv": [21, 38], "uv_size": [0.5, 1.5]},
								"down": {"uv": [22, 39.5], "uv_size": [0.5, -1.5]}
							}
						},
						{
							"origin": [-2.493, 0.91537, 4.60685],
							"size": [0.46636, 0.61052, 1.47392],
							"uv": {
								"north": {"uv": [42, 37], "uv_size": [0.5, 0.625]},
								"east": {"uv": [33, 33], "uv_size": [1.5, 0.625]},
								"south": {"uv": [38, 42], "uv_size": [0.5, 0.625]},
								"west": {"uv": [0, 34], "uv_size": [1.5, 0.625]},
								"up": {"uv": [38, 22], "uv_size": [0.5, 1.5]},
								"down": {"uv": [24, 39.5], "uv_size": [0.5, -1.5]}
							}
						},
						{
							"origin": [-2.493, 0.48366, 5.03855],
							"size": [0.46636, 1.47392, 0.61052],
							"pivot": [-1.98634, 1.22063, 5.34381],
							"rotation": [-45, 0, 0],
							"uv": {
								"north": {"uv": [38, 24], "uv_size": [0.5, 1.5]},
								"east": {"uv": [2, 34], "uv_size": [0.625, 1.5]},
								"south": {"uv": [25, 38], "uv_size": [0.5, 1.5]},
								"west": {"uv": [34, 2], "uv_size": [0.625, 1.5]},
								"up": {"uv": [42, 38], "uv_size": [0.5, 0.625]},
								"down": {"uv": [39, 42.625], "uv_size": [0.5, -0.625]}
							}
						},
						{
							"origin": [-2.493, 0.48366, 5.03855],
							"size": [0.46636, 1.47392, 0.61052],
							"uv": {
								"north": {"uv": [26, 38], "uv_size": [0.5, 1.5]},
								"east": {"uv": [3, 34], "uv_size": [0.625, 1.5]},
								"south": {"uv": [38, 26], "uv_size": [0.5, 1.5]},
								"west": {"uv": [34, 4], "uv_size": [0.625, 1.5]},
								"up": {"uv": [42, 39], "uv_size": [0.5, 0.625]},
								"down": {"uv": [40, 42.625], "uv_size": [0.5, -0.625]}
							}
						}
					]
				},
				{
					"name": "octagon14",
					"parent": "Cog7",
					"pivot": [2.05831, 1.28219, 5.17706],
					"cubes": [
						{
							"origin": [1.82513, 0.91537, 4.60685],
							"size": [0.46636, 0.61052, 1.47392],
							"pivot": [1.78483, 1.22063, 5.34381],
							"rotation": [-45, 0, 0],
							"uv": {
								"north": {"uv": [42, 40], "uv_size": [0.5, 0.625]},
								"east": {"uv": [34, 0], "uv_size": [1.5, 0.625]},
								"south": {"uv": [41, 42], "uv_size": [0.5, 0.625]},
								"west": {"uv": [34, 8], "uv_size": [1.5, 0.625]},
								"up": {"uv": [27, 38], "uv_size": [0.5, 1.5]},
								"down": {"uv": [28, 39.5], "uv_size": [0.5, -1.5]}
							}
						},
						{
							"origin": [1.82513, 0.91537, 4.60685],
							"size": [0.46636, 0.61052, 1.47392],
							"uv": {
								"north": {"uv": [42, 41], "uv_size": [0.5, 0.625]},
								"east": {"uv": [34, 9], "uv_size": [1.5, 0.625]},
								"south": {"uv": [42, 42], "uv_size": [0.5, 0.625]},
								"west": {"uv": [11, 34], "uv_size": [1.5, 0.625]},
								"up": {"uv": [38, 28], "uv_size": [0.5, 1.5]},
								"down": {"uv": [38, 31.5], "uv_size": [0.5, -1.5]}
							}
						},
						{
							"origin": [1.82513, 0.48366, 5.03855],
							"size": [0.46636, 1.47392, 0.61052],
							"pivot": [1.78483, 1.22063, 5.34381],
							"rotation": [-45, 0, 0],
							"uv": {
								"north": {"uv": [38, 32], "uv_size": [0.5, 1.5]},
								"east": {"uv": [6, 34], "uv_size": [0.625, 1.5]},
								"south": {"uv": [38, 34], "uv_size": [0.5, 1.5]},
								"west": {"uv": [34, 12], "uv_size": [0.625, 1.5]},
								"up": {"uv": [0, 43], "uv_size": [0.5, 0.625]},
								"down": {"uv": [43, 0.625], "uv_size": [0.5, -0.625]}
							}
						},
						{
							"origin": [1.82513, 0.48366, 5.03855],
							"size": [0.46636, 1.47392, 0.61052],
							"uv": {
								"north": {"uv": [35, 38], "uv_size": [0.5, 1.5]},
								"east": {"uv": [13, 34], "uv_size": [0.625, 1.5]},
								"south": {"uv": [36, 38], "uv_size": [0.5, 1.5]},
								"west": {"uv": [14, 34], "uv_size": [0.625, 1.5]},
								"up": {"uv": [1, 43], "uv_size": [0.5, 0.625]},
								"down": {"uv": [43, 1.625], "uv_size": [0.5, -0.625]}
							}
						}
					]
				}
			]
		}
	]
}
