{
	"format_version": "1.12.0",
	"minecraft:geometry": [
		{
			"description": {
				"identifier": "geometry.panzer_iii_f",
				"texture_width": 64,
				"texture_height": 64,
				"visible_bounds_width": 2,
				"visible_bounds_height": 1.5,
				"visible_bounds_offset": [0, 0.25, 0]
			},
			"bones": [
				{
					"name": "turret",
					"pivot": [0.25, 4, -0.25],
					"cubes": [
						{
							"origin": [-0.6798, 4.70346, -0.23493],
							"size": [2.2, 0.05, 1.5],
							"pivot": [1.5202, 4.75346, 1.26507],
							"rotation": [-7.5, 0, 0],
							"uv": {
								"north": {"uv": [9, 30], "uv_size": [2.25, 1.25]},
								"east": {"uv": [5, 33], "uv_size": [1.5, 1.25]},
								"south": {"uv": [30, 12], "uv_size": [2.25, 1.25]},
								"west": {"uv": [33, 6], "uv_size": [1.5, 1.25]},
								"up": {"uv": [0, 29], "uv_size": [2.25, 1.5]},
								"down": {"uv": [29, 1.5], "uv_size": [2.25, -1.5]}
							}
						},
						{
							"origin": [1.04439, 3.44659, -0.29805],
							"size": [0.55, 1.3, 1.5],
							"pivot": [1.59439, 4.74659, 1.20195],
							"rotation": [-7.67, -12.39135, 1.6575],
							"uv": {
								"north": {"uv": [20, 40], "uv_size": [0.5, 1.25]},
								"east": {"uv": [33, 12], "uv_size": [1.5, 1.25]},
								"south": {"uv": [40, 26], "uv_size": [0.5, 1.25]},
								"west": {"uv": [14, 33], "uv_size": [1.5, 1.25]},
								"up": {"uv": [39, 20], "uv_size": [0.5, 1.5]},
								"down": {"uv": [21, 40.5], "uv_size": [0.5, -1.5]}
							}
						},
						{
							"origin": [-0.75645, 3.44633, -0.29808],
							"size": [0.425, 1.3, 1.5],
							"pivot": [-0.75645, 4.74633, 1.20192],
							"rotation": [-7.67995, 12.39135, -1.6575],
							"uv": {
								"north": {"uv": [43, 35], "uv_size": [0.25, 1.25]},
								"east": {"uv": [16, 33], "uv_size": [1.5, 1.25]},
								"south": {"uv": [36, 43], "uv_size": [0.25, 1.25]},
								"west": {"uv": [18, 33], "uv_size": [1.5, 1.25]},
								"up": {"uv": [43, 31], "uv_size": [0.25, 1.5]},
								"down": {"uv": [33, 44.5], "uv_size": [0.25, -1.5]}
							}
						},
						{
							"origin": [-0.93103, 2.94765, -2.30922],
							"size": [2.7, 1.5, 0.25],
							"pivot": [1.76897, 3.89765, -0.30922],
							"rotation": [-12.5, 0, 0],
							"uv": {
								"north": {"uv": [26, 23], "uv_size": [2.75, 1.5]},
								"east": {"uv": [18, 30], "uv_size": [1.5, 1.5]},
								"south": {"uv": [9, 27], "uv_size": [2.75, 1.5]},
								"west": {"uv": [30, 18], "uv_size": [1.5, 1.5]},
								"up": {"uv": [12, 27], "uv_size": [2.75, 1.5]},
								"down": {"uv": [5, 29.5], "uv_size": [2.75, -1.5]}
							}
						},
						{
							"origin": [-0.64869, 4.07501, -1.79317],
							"size": [0.5, 0.5, 1.5],
							"pivot": [-0.89869, 4.32501, -1.04317],
							"rotation": [-12.5, 0, 21.3842],
							"uv": {
								"north": {"uv": [3, 44], "uv_size": [0.5, 0.5]},
								"east": {"uv": [38, 27], "uv_size": [1.5, 0.5]},
								"south": {"uv": [44, 3], "uv_size": [0.5, 0.5]},
								"west": {"uv": [28, 38], "uv_size": [1.5, 0.5]},
								"up": {"uv": [38, 28], "uv_size": [0.5, 1.5]},
								"down": {"uv": [30, 39.5], "uv_size": [0.5, -1.5]}
							}
						},
						{
							"origin": [0.89869, 4.32501, -1.9],
							"size": [0.25, 0.5, 1.5],
							"pivot": [1.39869, 4.57501, -1.04317],
							"rotation": [-12.5, 0, -21.3842],
							"uv": {
								"north": {"uv": [4, 44], "uv_size": [0.5, 0.5]},
								"east": {"uv": [38, 30], "uv_size": [1.5, 0.5]},
								"south": {"uv": [44, 4], "uv_size": [0.5, 0.5]},
								"west": {"uv": [31, 38], "uv_size": [1.5, 0.5]},
								"up": {"uv": [33, 38], "uv_size": [0.5, 1.5]},
								"down": {"uv": [38, 34.5], "uv_size": [0.5, -1.5]}
							}
						},
						{
							"origin": [-0.7798, 4.83432, -2.10497],
							"size": [2.3, 0.1, 1.9],
							"pivot": [1.64225, 4.54933, -0.55554],
							"rotation": [2.5, 0, 0],
							"uv": {
								"north": {"uv": [40, 29], "uv_size": [2.25, 0.25]},
								"east": {"uv": [41, 6], "uv_size": [2, 0.25]},
								"south": {"uv": [30, 40], "uv_size": [2.25, 0.25]},
								"west": {"uv": [41, 7], "uv_size": [2, 0.25]},
								"up": {"uv": [13, 25], "uv_size": [2.25, 2]},
								"down": {"uv": [25, 18], "uv_size": [2.25, -2]}
							}
						},
						{
							"origin": [1.50486, 4.82914, -2.14932],
							"size": [0.4, 0.1, 1.9],
							"pivot": [1.90486, 4.92914, -0.44932],
							"rotation": [2.50869, 4, 1.69064],
							"uv": {
								"north": {"uv": [47, 2], "uv_size": [0.5, 0.25]},
								"east": {"uv": [41, 8], "uv_size": [2, 0.25]},
								"south": {"uv": [3, 47], "uv_size": [0.5, 0.25]},
								"west": {"uv": [41, 9], "uv_size": [2, 0.25]},
								"up": {"uv": [15, 37], "uv_size": [0.5, 2]},
								"down": {"uv": [16, 39], "uv_size": [0.5, -2]}
							}
						},
						{
							"origin": [-1.06692, 4.82914, -2.14932],
							"size": [0.4, 0.1, 1.9],
							"pivot": [-1.06692, 4.92914, -0.44932],
							"rotation": [2.50869, -4, -1.69064],
							"uv": {
								"north": {"uv": [49, 48], "uv_size": [0.5, 0.25]},
								"east": {"uv": [43, 21], "uv_size": [2, 0.25]},
								"south": {"uv": [49, 49], "uv_size": [0.5, 0.25]},
								"west": {"uv": [22, 43], "uv_size": [2, 0.25]},
								"up": {"uv": [35, 37], "uv_size": [0.5, 2]},
								"down": {"uv": [36, 39], "uv_size": [0.5, -2]}
							}
						},
						{
							"origin": [1.55, 3.5, -0.25],
							"size": [0.2, 1.4, 1.5],
							"pivot": [1.75, 5.3, -0.25],
							"rotation": [0, -15, -25],
							"uv": {
								"north": {"uv": [5, 37], "uv_size": [0.75, 1.5]},
								"east": {"uv": [0, 31], "uv_size": [1.5, 1.5]},
								"south": {"uv": [6, 37], "uv_size": [0.75, 1.5]},
								"west": {"uv": [31, 6], "uv_size": [1.5, 1.5]},
								"up": {"uv": [7, 37], "uv_size": [0.75, 1.5]},
								"down": {"uv": [8, 38.5], "uv_size": [0.75, -1.5]}
							}
						},
						{
							"origin": [1.3, 4, 0],
							"size": [0.5, 0.55, 1],
							"pivot": [1.75, 5.3, -0.25],
							"rotation": [0, -15, -25],
							"uv": {
								"north": {"uv": [43, 33], "uv_size": [0.5, 0.75]},
								"east": {"uv": [39, 33], "uv_size": [1, 0.75]},
								"south": {"uv": [34, 43], "uv_size": [0.5, 0.75]},
								"west": {"uv": [34, 39], "uv_size": [2.25, 1.5]},
								"up": {"uv": [24, 43], "uv_size": [0.5, 1]},
								"down": {"uv": [43, 25], "uv_size": [0.5, -1]}
							}
						},
						{
							"origin": [-1, 4, 0],
							"size": [0.5, 0.55, 1],
							"pivot": [-1, 5.3, -0.25],
							"rotation": [0, 15, 25],
							"uv": {
								"north": {"uv": [43.5, 33], "uv_size": [-0.5, 0.75]},
								"east": {"uv": [36.25, 39], "uv_size": [-2.25, 1.5]},
								"south": {"uv": [34.5, 43], "uv_size": [-0.5, 0.75]},
								"west": {"uv": [40, 33], "uv_size": [-1, 0.75]},
								"up": {"uv": [24.5, 43], "uv_size": [-0.5, 1]},
								"down": {"uv": [43.5, 25], "uv_size": [-0.5, -1]}
							}
						},
						{
							"origin": [0.86719, 3.3734, 1.19889],
							"size": [0.7, 1.4, 1],
							"pivot": [1.56719, 4.7734, 1.19889],
							"rotation": [-0.17059, -62.50233, -24.92408],
							"uv": {
								"north": {"uv": [9, 37], "uv_size": [0.75, 1.5]},
								"east": {"uv": [13, 34], "uv_size": [1, 1.5]},
								"south": {"uv": [10, 37], "uv_size": [0.75, 1.5]},
								"west": {"uv": [34, 17], "uv_size": [1, 1.5]},
								"up": {"uv": [22, 39], "uv_size": [0.75, 1]},
								"down": {"uv": [39, 23], "uv_size": [0.75, -1]}
							}
						},
						{
							"origin": [-0.72926, 3.3734, 1.19889],
							"size": [0.2, 1.4, 1],
							"pivot": [-0.72926, 4.7734, 1.19889],
							"rotation": [0.32636, 62.50934, 25.13211],
							"uv": {
								"north": {"uv": [12, 37], "uv_size": [0.75, 1.5]},
								"east": {"uv": [20, 34], "uv_size": [1, 1.5]},
								"south": {"uv": [14, 37], "uv_size": [0.75, 1.5]},
								"west": {"uv": [21, 34], "uv_size": [1, 1.5]},
								"up": {"uv": [23, 39], "uv_size": [0.75, 1]},
								"down": {"uv": [24, 40], "uv_size": [0.75, -1]}
							}
						},
						{
							"origin": [-1.24752, 3.42661, -0.33774],
							"size": [0.2, 1.4, 1.5],
							"pivot": [-0.90038, 4.56943, -0.39943],
							"rotation": [0, 15, 25],
							"uv": {
								"north": {"uv": [0, 37], "uv_size": [0.75, 1.5]},
								"east": {"uv": [30, 25], "uv_size": [1.5, 1.5]},
								"south": {"uv": [1, 37], "uv_size": [0.75, 1.5]},
								"west": {"uv": [30, 27], "uv_size": [1.5, 1.5]},
								"up": {"uv": [2, 37], "uv_size": [0.75, 1.5]},
								"down": {"uv": [3, 38.5], "uv_size": [0.75, -1.5]}
							}
						},
						{
							"origin": [1.6572, 3.53195, -1.39943],
							"size": [0.25, 1.4, 1.15],
							"pivot": [1.9072, 4.93195, -0.39943],
							"rotation": [0, 5, -25],
							"uv": {
								"north": {"uv": [2, 34], "uv_size": [1, 1.5]},
								"east": {"uv": [20, 32], "uv_size": [1.25, 1.5]},
								"south": {"uv": [3, 34], "uv_size": [1, 1.5]},
								"west": {"uv": [32, 27], "uv_size": [1.25, 1.5]},
								"up": {"uv": [36, 2], "uv_size": [1, 1.25]},
								"down": {"uv": [4, 37.25], "uv_size": [1, -1.25]}
							}
						},
						{
							"origin": [-0.94489, 3.64282, -1.42669],
							"size": [0.25, 1.4, 1.15],
							"pivot": [-1.25, 5.3, -0.25],
							"rotation": [0, -5, 25],
							"uv": {
								"north": {"uv": [4, 34], "uv_size": [1, 1.5]},
								"east": {"uv": [7, 33], "uv_size": [1.25, 1.5]},
								"south": {"uv": [11, 34], "uv_size": [1, 1.5]},
								"west": {"uv": [33, 8], "uv_size": [1.25, 1.5]},
								"up": {"uv": [36, 16], "uv_size": [1, 1.25]},
								"down": {"uv": [20, 37.25], "uv_size": [1, -1.25]}
							}
						},
						{
							"origin": [0.76897, 3.96749, -2.14277],
							"size": [1, 0.9, 0.75],
							"pivot": [1.76897, 4.86749, -2.14277],
							"rotation": [0, 5, -25],
							"uv": {
								"north": {"uv": [20, 6], "uv_size": [1, 1]},
								"east": {"uv": [34, 38], "uv_size": [0.75, 1]},
								"south": {"uv": [27, 25], "uv_size": [1, 1]},
								"west": {"uv": [38, 36], "uv_size": [0.75, 1]},
								"up": {"uv": [37, 38], "uv_size": [1, 0.75]},
								"down": {"uv": [38, 38.75], "uv_size": [1, -0.75]}
							}
						},
						{
							"origin": [-1.05541, 3.85663, -2.11551],
							"size": [1, 0.9, 0.75],
							"pivot": [-0.7503, 4.49945, -2.2922],
							"rotation": [0, -5, 25],
							"uv": {
								"north": {"uv": [28, 37], "uv_size": [1, 1]},
								"east": {"uv": [39, 14], "uv_size": [0.75, 1]},
								"south": {"uv": [37, 28], "uv_size": [1, 1]},
								"west": {"uv": [15, 39], "uv_size": [0.75, 1]},
								"up": {"uv": [39, 15], "uv_size": [1, 0.75]},
								"down": {"uv": [16, 39.75], "uv_size": [1, -0.75]}
							}
						},
						{
							"origin": [0.92617, 4.02604, -2.26942],
							"size": [1, 0.9, 0.75],
							"pivot": [1.92617, 4.49945, -2.2922],
							"rotation": [-17.5, 5, -25],
							"uv": {
								"north": {"uv": [27, 37], "uv_size": [1, 1]},
								"east": {"uv": [12, 39], "uv_size": [0.75, 1]},
								"south": {"uv": [37, 27], "uv_size": [1, 1]},
								"west": {"uv": [39, 12], "uv_size": [0.75, 1]},
								"up": {"uv": [39, 13], "uv_size": [1, 0.75]},
								"down": {"uv": [14, 39.75], "uv_size": [1, -0.75]}
							}
						},
						{
							"origin": [1.11034, 4.0796, -2.41238],
							"size": [1, 0.15, 1.25],
							"pivot": [2.11034, 4.0796, -2.41238],
							"rotation": [-14.90441, -2.47698, -54.2158],
							"uv": {
								"north": {"uv": [36, 46], "uv_size": [1, 0.25]},
								"east": {"uv": [44, 0], "uv_size": [1.25, 0.25]},
								"south": {"uv": [46, 36], "uv_size": [1, 0.25]},
								"west": {"uv": [1, 44], "uv_size": [1.25, 0.25]},
								"up": {"uv": [24, 36], "uv_size": [1, 1.25]},
								"down": {"uv": [36, 28.25], "uv_size": [1, -1.25]}
							}
						},
						{
							"origin": [-1.27241, 4.0796, -2.41238],
							"size": [1, 0.15, 1.25],
							"pivot": [-1.27241, 4.0796, -2.41238],
							"rotation": [-14.90441, 2.47698, 54.2158],
							"uv": {
								"north": {"uv": [37, 46], "uv_size": [1, 0.25]},
								"east": {"uv": [44, 1], "uv_size": [1.25, 0.25]},
								"south": {"uv": [46, 37], "uv_size": [1, 0.25]},
								"west": {"uv": [44, 2], "uv_size": [1.25, 0.25]},
								"up": {"uv": [29, 36], "uv_size": [1, 1.25]},
								"down": {"uv": [30, 37.25], "uv_size": [1, -1.25]}
							}
						},
						{
							"origin": [-1.05541, 3.89786, -2.20102],
							"size": [1, 0.9, 0.75],
							"pivot": [-0.7503, 4.49945, -2.2922],
							"rotation": [-17.5, -5, 25],
							"uv": {
								"north": {"uv": [34, 37], "uv_size": [1, 1]},
								"east": {"uv": [17, 39], "uv_size": [0.75, 1]},
								"south": {"uv": [37, 34], "uv_size": [1, 1]},
								"west": {"uv": [18, 39], "uv_size": [0.75, 1]},
								"up": {"uv": [19, 39], "uv_size": [1, 0.75]},
								"down": {"uv": [20, 39.75], "uv_size": [1, -0.75]}
							}
						},
						{
							"origin": [1.38351, 3.68242, -2.40123],
							"size": [1, 0.9, 1.025],
							"pivot": [2.38351, 3.68242, -1.50123],
							"rotation": [-32, 5, -25],
							"uv": {
								"north": {"uv": [8, 28], "uv_size": [1, 1]},
								"east": {"uv": [21, 30], "uv_size": [1, 1]},
								"south": {"uv": [37, 3], "uv_size": [1, 1]},
								"west": {"uv": [37, 16], "uv_size": [1, 1]},
								"up": {"uv": [17, 37], "uv_size": [1, 1]},
								"down": {"uv": [37, 18], "uv_size": [1, -1]}
							}
						},
						{
							"origin": [-1.54557, 3.68242, -2.40123],
							"size": [1, 0.9, 1.025],
							"pivot": [-1.54557, 3.68242, -1.50123],
							"rotation": [-32, -5, 25],
							"uv": {
								"north": {"uv": [37, 29], "uv_size": [1, 1]},
								"east": {"uv": [37, 30], "uv_size": [1, 1]},
								"south": {"uv": [31, 37], "uv_size": [1, 1]},
								"west": {"uv": [32, 37], "uv_size": [1, 1]},
								"up": {"uv": [33, 37], "uv_size": [1, 1]},
								"down": {"uv": [37, 34], "uv_size": [1, -1]}
							}
						}
					]
				},
				{
					"name": "barrel",
					"parent": "turret",
					"pivot": [0.5, 4.1, -2.25],
					"cubes": [
						{
							"origin": [-0.5, 4.3, -2.55],
							"size": [2, 0.4, 0.1],
							"pivot": [-0.5, 4.3, -2.55],
							"rotation": [-35, 0, 0],
							"uv": {
								"north": {"uv": [18, 37], "uv_size": [2, 0.5]},
								"east": {"uv": [18, 37], "uv_size": [2, 0.5]},
								"south": {"uv": [18, 37], "uv_size": [2, 0.5]},
								"west": {"uv": [18, 37], "uv_size": [2, 0.5]},
								"up": {"uv": [20, 37.5], "uv_size": [-2, -0.5]},
								"down": {"uv": [20, 37.5], "uv_size": [-2, -0.5]}
							}
						},
						{
							"origin": [-0.5, 3.5, -2.55],
							"size": [2, 0.4, 0.1],
							"pivot": [-0.5, 3.9, -2.55],
							"rotation": [35, 0, 0],
							"uv": {
								"north": {"uv": [37, 21], "uv_size": [2, 0.5]},
								"east": {"uv": [37, 21], "uv_size": [2, 0.5]},
								"south": {"uv": [37, 21], "uv_size": [2, 0.5]},
								"west": {"uv": [37, 21], "uv_size": [2, 0.5]},
								"up": {"uv": [39, 21.5], "uv_size": [-2, -0.5]},
								"down": {"uv": [39, 21.5], "uv_size": [-2, -0.5]}
							}
						},
						{
							"origin": [0.35, 3.85, -3.15],
							"size": [0.3, 0.5, 1],
							"uv": {
								"north": {"uv": [47, 5], "uv_size": [0.25, 0.5]},
								"east": {"uv": [41, 17], "uv_size": [1, 0.5]},
								"south": {"uv": [6, 47], "uv_size": [0.25, 0.5]},
								"west": {"uv": [41, 18], "uv_size": [1, 0.5]},
								"up": {"uv": [5, 44], "uv_size": [0.25, 1]},
								"down": {"uv": [44, 6], "uv_size": [0.25, -1]}
							}
						},
						{
							"origin": [0.35, 3.95, -4.775],
							"size": [0.3, 0.3, 1.625],
							"uv": {
								"north": {"uv": [1, 50], "uv_size": [0.25, 0.25]},
								"east": {"uv": [6, 44], "uv_size": [1, 0.25]},
								"south": {"uv": [50, 1], "uv_size": [0.25, 0.25]},
								"west": {"uv": [44, 6], "uv_size": [1, 0.25]},
								"up": {"uv": [7, 44], "uv_size": [0.25, 1]},
								"down": {"uv": [44, 8], "uv_size": [0.25, -1]}
							}
						},
						{
							"origin": [0.63007, 3.95751, -3.15],
							"size": [0.3, 0.29, 0.6],
							"uv": {
								"north": {"uv": [29, 50], "uv_size": [0.25, 0.25]},
								"east": {"uv": [47, 6], "uv_size": [0.5, 0.25]},
								"south": {"uv": [50, 29], "uv_size": [0.25, 0.25]},
								"west": {"uv": [7, 47], "uv_size": [0.5, 0.25]},
								"up": {"uv": [47, 7], "uv_size": [0.25, 0.5]},
								"down": {"uv": [8, 47.5], "uv_size": [0.25, -0.5]}
							}
						},
						{
							"origin": [0.06993, 3.95751, -3.15],
							"size": [0.3, 0.29, 0.6],
							"uv": {
								"north": {"uv": [30, 50], "uv_size": [0.25, 0.25]},
								"east": {"uv": [47, 8], "uv_size": [0.5, 0.25]},
								"south": {"uv": [50, 30], "uv_size": [0.25, 0.25]},
								"west": {"uv": [9, 47], "uv_size": [0.5, 0.25]},
								"up": {"uv": [47, 9], "uv_size": [0.25, 0.5]},
								"down": {"uv": [10, 47.5], "uv_size": [0.25, -0.5]}
							}
						},
						{
							"origin": [0.64336, 3.88584, -3.15],
							"size": [0.3, 0.1, 1],
							"pivot": [0.74336, 3.88584, -3.15],
							"rotation": [0, 0, -21],
							"uv": {
								"north": {"uv": [31, 50], "uv_size": [0.25, 0.25]},
								"east": {"uv": [8, 44], "uv_size": [1, 0.25]},
								"south": {"uv": [50, 31], "uv_size": [0.25, 0.25]},
								"west": {"uv": [44, 8], "uv_size": [1, 0.25]},
								"up": {"uv": [9, 44], "uv_size": [0.25, 1]},
								"down": {"uv": [44, 10], "uv_size": [0.25, -1]}
							}
						},
						{
							"origin": [0.05664, 3.88584, -3.15],
							"size": [0.3, 0.1, 1],
							"pivot": [0.25664, 3.88584, -3.15],
							"rotation": [0, 0, 21],
							"uv": {
								"north": {"uv": [32, 50], "uv_size": [0.25, 0.25]},
								"east": {"uv": [10, 44], "uv_size": [1, 0.25]},
								"south": {"uv": [50, 32], "uv_size": [0.25, 0.25]},
								"west": {"uv": [44, 10], "uv_size": [1, 0.25]},
								"up": {"uv": [11, 44], "uv_size": [0.25, 1]},
								"down": {"uv": [44, 12], "uv_size": [0.25, -1]}
							}
						},
						{
							"origin": [0.60752, 4.22081, -3.15],
							"size": [0.3, 0.1, 1],
							"pivot": [0.70752, 4.22081, -3.15],
							"rotation": [0, 0, 21],
							"uv": {
								"north": {"uv": [33, 50], "uv_size": [0.25, 0.25]},
								"east": {"uv": [12, 44], "uv_size": [1, 0.25]},
								"south": {"uv": [50, 33], "uv_size": [0.25, 0.25]},
								"west": {"uv": [44, 12], "uv_size": [1, 0.25]},
								"up": {"uv": [13, 44], "uv_size": [0.25, 1]},
								"down": {"uv": [44, 14], "uv_size": [0.25, -1]}
							}
						},
						{
							"origin": [0.09248, 4.22081, -3.15],
							"size": [0.3, 0.1, 1],
							"pivot": [0.29248, 4.22081, -3.15],
							"rotation": [0, 0, -21],
							"uv": {
								"north": {"uv": [34, 50], "uv_size": [0.25, 0.25]},
								"east": {"uv": [14, 44], "uv_size": [1, 0.25]},
								"south": {"uv": [50, 34], "uv_size": [0.25, 0.25]},
								"west": {"uv": [44, 14], "uv_size": [1, 0.25]},
								"up": {"uv": [15, 44], "uv_size": [0.25, 1]},
								"down": {"uv": [44, 16], "uv_size": [0.25, -1]}
							}
						},
						{
							"origin": [-0.5, 3.9, -2.55],
							"size": [2, 0.4, 1],
							"uv": {
								"north": {"uv": [37, 22], "uv_size": [2, 0.5]},
								"east": {"uv": [37, 22], "uv_size": [2, 0.5]},
								"south": {"uv": [37, 22], "uv_size": [2, 0.5]},
								"west": {"uv": [37, 22], "uv_size": [2, 0.5]},
								"up": {"uv": [39, 22.5], "uv_size": [-2, -0.5]},
								"down": {"uv": [39, 22.5], "uv_size": [-2, -0.5]}
							}
						}
					]
				},
				{
					"name": "octagon",
					"parent": "turret",
					"pivot": [0.40321, 3.70802, 0.76507],
					"rotation": [22.5, 0, -90],
					"cubes": [
						{
							"origin": [0.10777, 3.2553, -0.32789],
							"size": [1.34088, 0.90544, 2.18592],
							"pivot": [0.49825, 3.70802, 0.76507],
							"rotation": [-45, 0, 0],
							"uv": {
								"north": {"uv": [32, 4], "uv_size": [2, 1]},
								"east": {"uv": [13, 31], "uv_size": [2.25, 1]},
								"south": {"uv": [32, 10], "uv_size": [2, 1]},
								"west": {"uv": [31, 14], "uv_size": [2.25, 1]},
								"up": {"uv": [13, 15], "uv_size": [2, 2.25]},
								"down": {"uv": [0, 28.25], "uv_size": [2, -2.25]}
							}
						},
						{
							"origin": [0.10777, 3.2553, -0.32789],
							"size": [1.34088, 0.90544, 2.18592],
							"uv": {
								"north": {"uv": [14, 32], "uv_size": [2, 1]},
								"east": {"uv": [31, 15], "uv_size": [2.25, 1]},
								"south": {"uv": [16, 32], "uv_size": [2, 1]},
								"west": {"uv": [20, 31], "uv_size": [2.25, 1]},
								"up": {"uv": [2, 26], "uv_size": [2, 2.25]},
								"down": {"uv": [26, 10.25], "uv_size": [2, -2.25]}
							}
						},
						{
							"origin": [0.35777, 2.61506, 0.31235],
							"size": [1.09088, 2.18592, 0.90544],
							"pivot": [0.49825, 3.70802, 0.76507],
							"rotation": [-45, 0, 0],
							"uv": {
								"north": {"uv": [26, 11], "uv_size": [2, 2.25]},
								"east": {"uv": [2, 31], "uv_size": [1, 2.25]},
								"south": {"uv": [22, 26], "uv_size": [2, 2.25]},
								"west": {"uv": [23, 31], "uv_size": [1, 2.25]},
								"up": {"uv": [32, 16], "uv_size": [2, 1]},
								"down": {"uv": [32, 18], "uv_size": [2, -1]}
							}
						},
						{
							"origin": [0.10777, 2.61506, 0.31235],
							"size": [1.34088, 2.18592, 0.90544],
							"uv": {
								"north": {"uv": [24, 26], "uv_size": [2, 2.25]},
								"east": {"uv": [24, 31], "uv_size": [1, 2.25]},
								"south": {"uv": [26, 26], "uv_size": [2, 2.25]},
								"west": {"uv": [31, 29], "uv_size": [1, 2.25]},
								"up": {"uv": [18, 32], "uv_size": [2, 1]},
								"down": {"uv": [32, 19], "uv_size": [2, -1]}
							}
						}
					]
				},
				{
					"name": "octagon3",
					"parent": "turret",
					"pivot": [0.40321, 4.20802, 0.76507],
					"rotation": [45, 0, -90],
					"cubes": [
						{
							"origin": [-0.49546, 3.8188, -0.17488],
							"size": [2.04816, 0.77868, 1.87989],
							"pivot": [0.48494, 4.20802, 0.76507],
							"rotation": [-45, 0, 0],
							"uv": {
								"north": {"uv": [35, 29], "uv_size": [1.75, 0.75]},
								"east": {"uv": [22, 34], "uv_size": [2, 0.75]},
								"south": {"uv": [35, 30], "uv_size": [1.75, 0.75]},
								"west": {"uv": [27, 34], "uv_size": [2, 0.75]},
								"up": {"uv": [28, 8], "uv_size": [1.75, 2]},
								"down": {"uv": [28, 12], "uv_size": [1.75, -2]}
							}
						},
						{
							"origin": [-0.49586, 3.81868, -0.17488],
							"size": [2.04816, 0.77868, 1.87989],
							"uv": {
								"north": {"uv": [35, 33], "uv_size": [1.75, 0.75]},
								"east": {"uv": [34, 27], "uv_size": [2, 0.75]},
								"south": {"uv": [34, 35], "uv_size": [1.75, 0.75]},
								"west": {"uv": [34, 28], "uv_size": [2, 0.75]},
								"up": {"uv": [28, 12], "uv_size": [1.75, 2]},
								"down": {"uv": [28, 18], "uv_size": [1.75, -2]}
							}
						},
						{
							"origin": [-0.49546, 3.2682, 0.37573],
							"size": [2.04816, 1.87989, 0.77868],
							"pivot": [0.48494, 4.20802, 0.76507],
							"rotation": [-45, 0, 0],
							"uv": {
								"north": {"uv": [18, 28], "uv_size": [1.75, 2]},
								"east": {"uv": [24, 34], "uv_size": [0.75, 2]},
								"south": {"uv": [28, 18], "uv_size": [1.75, 2]},
								"west": {"uv": [29, 34], "uv_size": [0.75, 2]},
								"up": {"uv": [35, 34], "uv_size": [1.75, 0.75]},
								"down": {"uv": [36, 0.75], "uv_size": [1.75, -0.75]}
							}
						},
						{
							"origin": [-0.49587, 3.26807, 0.37573],
							"size": [2.04816, 1.87989, 0.77868],
							"uv": {
								"north": {"uv": [28, 25], "uv_size": [1.75, 2]},
								"east": {"uv": [34, 29], "uv_size": [0.75, 2]},
								"south": {"uv": [28, 27], "uv_size": [1.75, 2]},
								"west": {"uv": [30, 34], "uv_size": [0.75, 2]},
								"up": {"uv": [36, 1], "uv_size": [1.75, 0.75]},
								"down": {"uv": [2, 36.75], "uv_size": [1.75, -0.75]}
							}
						}
					]
				},
				{
					"name": "RightTrack",
					"pivot": [-2.39, 1.2587, 0.6684],
					"cubes": [
						{
							"origin": [-2.88, 0, -3.36],
							"size": [0.98, 0.18, 7.95375],
							"uv": {
								"north": {"uv": [9, 20], "uv_size": [-1, 7.75]},
								"east": {"uv": [9, 20], "uv_size": [-1, 7.75]},
								"south": {"uv": [9, 20], "uv_size": [-1, 7.75]},
								"west": {"uv": [9, 20], "uv_size": [-1, 7.75]},
								"up": {"uv": [8, 27.75], "uv_size": [1, -7.75]},
								"down": {"uv": [8, 27.75], "uv_size": [1, -7.75]}
							}
						},
						{
							"origin": [-2.88, 2.21397, -5.15946],
							"size": [0.98, 0.18, 11.55],
							"uv": {
								"north": {"uv": [20, 27.5], "uv_size": [-1, -6.5]},
								"east": {"uv": [20, 27.5], "uv_size": [-1, -6.5]},
								"south": {"uv": [20, 27.5], "uv_size": [-1, -6.5]},
								"west": {"uv": [20, 27.5], "uv_size": [-1, -6.5]},
								"up": {"uv": [19, 21], "uv_size": [1, 6.5]},
								"down": {"uv": [19, 21], "uv_size": [1, 6.5]}
							}
						},
						{
							"origin": [-2.88, 0, -5.3],
							"size": [0.98, 0.18, 1.94],
							"pivot": [-2.88, 0, -3.36],
							"rotation": [-22.5, 0, 0],
							"uv": {
								"north": {"uv": [11, 32], "uv_size": [-1, 2]},
								"east": {"uv": [11, 32], "uv_size": [-1, 2]},
								"south": {"uv": [11, 32], "uv_size": [-1, 2]},
								"west": {"uv": [11, 32], "uv_size": [-1, 2]},
								"up": {"uv": [10, 34], "uv_size": [1, -2]},
								"down": {"uv": [10, 34], "uv_size": [1, -2]}
							}
						},
						{
							"origin": [-2.88, 0, 4.61],
							"size": [0.98, 0.18, 1.94],
							"pivot": [-2.88, 0, 4.61],
							"rotation": [22.5, 0, 0],
							"uv": {
								"north": {"uv": [10, 32], "uv_size": [1, 2]},
								"east": {"uv": [10, 32], "uv_size": [1, 2]},
								"south": {"uv": [10, 32], "uv_size": [1, 2]},
								"west": {"uv": [10, 32], "uv_size": [1, 2]},
								"up": {"uv": [10, 32], "uv_size": [1, 2]},
								"down": {"uv": [10, 32], "uv_size": [1, 2]}
							}
						},
						{
							"origin": [-2.88, 0.74241, -5.81233],
							"size": [0.98, 0.18, 0.66],
							"pivot": [-2.88, 0.74241, -5.15233],
							"rotation": [-50, 0, 0],
							"uv": {
								"north": {"uv": [7, 39], "uv_size": [-1, 0.75]},
								"east": {"uv": [7, 39], "uv_size": [-1, 0.75]},
								"south": {"uv": [7, 39], "uv_size": [-1, 0.75]},
								"west": {"uv": [7, 39], "uv_size": [-1, 0.75]},
								"up": {"uv": [6, 39.75], "uv_size": [1, -0.75]},
								"down": {"uv": [6, 39.75], "uv_size": [1, -0.75]}
							}
						},
						{
							"origin": [-2.88, 0.74241, 6.40233],
							"size": [0.98, 0.18, 0.66],
							"pivot": [-2.88, 0.74241, 6.40233],
							"rotation": [50, 0, 0],
							"uv": {
								"north": {"uv": [6, 39], "uv_size": [1, 0.75]},
								"east": {"uv": [6, 39], "uv_size": [1, 0.75]},
								"south": {"uv": [6, 39], "uv_size": [1, 0.75]},
								"west": {"uv": [6, 39], "uv_size": [1, 0.75]},
								"up": {"uv": [6, 39], "uv_size": [1, 0.75]},
								"down": {"uv": [6, 39], "uv_size": [1, 0.75]}
							}
						},
						{
							"origin": [-2.88, 1.248, -6.23657],
							"size": [0.98, 0.18, 0.66],
							"pivot": [-2.88, 1.248, -5.57657],
							"rotation": [-87.5, 0, 0],
							"uv": {
								"north": {"uv": [8, 39], "uv_size": [-1, 0.75]},
								"east": {"uv": [8, 39], "uv_size": [-1, 0.75]},
								"south": {"uv": [8, 39], "uv_size": [-1, 0.75]},
								"west": {"uv": [8, 39], "uv_size": [-1, 0.75]},
								"up": {"uv": [7, 39.75], "uv_size": [1, -0.75]},
								"down": {"uv": [7, 39.75], "uv_size": [1, -0.75]}
							}
						},
						{
							"origin": [-2.88, 1.248, 6.82657],
							"size": [0.98, 0.18, 0.66],
							"pivot": [-2.88, 1.248, 6.82657],
							"rotation": [87.5, 0, 0],
							"uv": {
								"north": {"uv": [7, 39], "uv_size": [1, 0.75]},
								"east": {"uv": [7, 39], "uv_size": [1, 0.75]},
								"south": {"uv": [7, 39], "uv_size": [1, 0.75]},
								"west": {"uv": [7, 39], "uv_size": [1, 0.75]},
								"up": {"uv": [7, 39], "uv_size": [1, 0.75]},
								"down": {"uv": [7, 39], "uv_size": [1, 0.75]}
							}
						},
						{
							"origin": [-2.88, 1.90737, -6.26535],
							"size": [0.98, 0.18, 0.66],
							"pivot": [-2.88, 1.90737, -5.60535],
							"rotation": [-132.5, 0, 0],
							"uv": {
								"north": {"uv": [9, 39], "uv_size": [-1, 0.75]},
								"east": {"uv": [9, 39], "uv_size": [-1, 0.75]},
								"south": {"uv": [9, 39], "uv_size": [-1, 0.75]},
								"west": {"uv": [9, 39], "uv_size": [-1, 0.75]},
								"up": {"uv": [8, 39.75], "uv_size": [1, -0.75]},
								"down": {"uv": [8, 39.75], "uv_size": [1, -0.75]}
							}
						},
						{
							"origin": [-2.88, 1.90737, 6.85535],
							"size": [0.98, 0.18, 0.66],
							"pivot": [-2.88, 1.90737, 6.85535],
							"rotation": [132.5, 0, 0],
							"uv": {
								"north": {"uv": [8, 39], "uv_size": [1, 0.75]},
								"east": {"uv": [8, 39], "uv_size": [1, 0.75]},
								"south": {"uv": [8, 39], "uv_size": [1, 0.75]},
								"west": {"uv": [8, 39], "uv_size": [1, 0.75]},
								"up": {"uv": [8, 39], "uv_size": [1, 0.75]},
								"down": {"uv": [8, 39], "uv_size": [1, 0.75]}
							}
						}
					]
				},
				{
					"name": "Hull",
					"pivot": [0.38, 0, 0],
					"cubes": [
						{
							"origin": [-1.87, 2.15156, -5.80924],
							"size": [4.5, 1.9, 1],
							"pivot": [2.63, 2.15156, -5.80924],
							"rotation": [-70, 0, 0],
							"uv": {
								"north": {"uv": [13, 19], "uv_size": [4.5, 2]},
								"east": {"uv": [11, 32], "uv_size": [1, 2]},
								"south": {"uv": [18, 19], "uv_size": [4.5, 2]},
								"west": {"uv": [13, 32], "uv_size": [1, 2]},
								"up": {"uv": [23, 20], "uv_size": [4.5, 1]},
								"down": {"uv": [25, 22], "uv_size": [4.5, -1]}
							}
						},
						{
							"origin": [-1.87, 0.97778, -5.55975],
							"size": [4.5, 1.2, 1],
							"pivot": [2.63, 0.97778, -5.55975],
							"rotation": [12, 0, 0],
							"uv": {
								"north": {"uv": [25, 2], "uv_size": [4.5, 1.25]},
								"east": {"uv": [11, 36], "uv_size": [1, 1.25]},
								"south": {"uv": [25, 4], "uv_size": [4.5, 1.25]},
								"west": {"uv": [13, 36], "uv_size": [1, 1.25]},
								"up": {"uv": [26, 6], "uv_size": [4.5, 1]},
								"down": {"uv": [26, 8], "uv_size": [4.5, -1]}
							}
						},
						{
							"origin": [-1.87, 0.6514, -4.02383],
							"size": [4.5, 2.15, 9.15],
							"uv": {
								"north": {"uv": [0, 17], "uv_size": [4.5, 2.25]},
								"east": {"uv": [0, 10], "uv_size": [9.25, 2.25]},
								"south": {"uv": [5, 17], "uv_size": [4.5, 2.25]},
								"west": {"uv": [10, 0], "uv_size": [9.25, 2.25]},
								"up": {"uv": [0, 0], "uv_size": [4.5, 9.25]},
								"down": {"uv": [5, 9.25], "uv_size": [4.5, -9.25]}
							}
						},
						{
							"origin": [-1.87, 3.52303, 3.64198],
							"size": [4.5, 1.3, 2.44],
							"pivot": [0, 2.14303, -0.51802],
							"rotation": [-20, 0, 0],
							"uv": {
								"north": {"uv": [23, 18], "uv_size": [4.5, 1.25]},
								"east": {"uv": [13, 29], "uv_size": [2.5, 1.25]},
								"south": {"uv": [21, 23], "uv_size": [4.5, 1.25]},
								"west": {"uv": [22, 29], "uv_size": [2.5, 1.25]},
								"up": {"uv": [16, 7], "uv_size": [4.5, 2.5]},
								"down": {"uv": [16, 12.5], "uv_size": [4.5, -2.5]}
							}
						},
						{
							"origin": [-1.87, 3.79062, 5.92777],
							"size": [4.5, 1, 1.44],
							"pivot": [1.82, 3.79062, 4.36777],
							"rotation": [-74, 0, 0],
							"uv": {
								"north": {"uv": [22, 25], "uv_size": [4.5, 1]},
								"east": {"uv": [9, 34], "uv_size": [1.5, 1]},
								"south": {"uv": [25, 22], "uv_size": [4.5, 1]},
								"west": {"uv": [34, 14], "uv_size": [1.5, 1]},
								"up": {"uv": [20, 2], "uv_size": [4.5, 1.5]},
								"down": {"uv": [20, 5.5], "uv_size": [4.5, -1.5]}
							}
						},
						{
							"origin": [-1.87, 0.89037, -4.7281],
							"size": [4.5, 1.14, 1.5],
							"pivot": [1.82, 4.89037, -4.7281],
							"rotation": [-12, 0, 0],
							"uv": {
								"north": {"uv": [0, 22], "uv_size": [4.5, 1.25]},
								"east": {"uv": [33, 0], "uv_size": [1.5, 1.25]},
								"south": {"uv": [13, 23], "uv_size": [4.5, 1.25]},
								"west": {"uv": [33, 2], "uv_size": [1.5, 1.25]},
								"up": {"uv": [21, 6], "uv_size": [4.5, 1.5]},
								"down": {"uv": [21, 9.5], "uv_size": [4.5, -1.5]}
							}
						},
						{
							"origin": [-1.15, 2.842, -4.04234],
							"size": [0.4, 0.4, 0.87],
							"uv": {
								"north": {"uv": [17, 38], "uv_size": [2, 0.5]},
								"east": {"uv": [17, 38], "uv_size": [2, 0.5]},
								"south": {"uv": [17, 38], "uv_size": [2, 0.5]},
								"west": {"uv": [17, 38], "uv_size": [2, 0.5]},
								"up": {"uv": [19, 38.5], "uv_size": [-2, -0.5]},
								"down": {"uv": [19, 38.5], "uv_size": [-2, -0.5]}
							}
						},
						{
							"origin": [0.85, 2.842, -4.04234],
							"size": [1.15, 0.4, 0.37],
							"uv": {
								"north": {"uv": [28, 40], "uv_size": [1.25, 0.5]},
								"east": {"uv": [38, 17], "uv_size": [2, 0.5]},
								"south": {"uv": [40, 28], "uv_size": [1.25, 0.5]},
								"west": {"uv": [38, 18], "uv_size": [2, 0.5]},
								"up": {"uv": [16, 30], "uv_size": [1.25, 2]},
								"down": {"uv": [30, 18], "uv_size": [1.25, -2]}
							}
						},
						{
							"origin": [-1, 3, -4.60484],
							"size": [0.1, 0.1, 2.1825],
							"uv": {
								"north": {"uv": [51, 18], "uv_size": [0.25, 0.25]},
								"east": {"uv": [26, 43], "uv_size": [2, 0.25]},
								"south": {"uv": [19, 51], "uv_size": [0.25, 0.25]},
								"west": {"uv": [43, 26], "uv_size": [2, 0.25]},
								"up": {"uv": [43, 27], "uv_size": [0.25, 2]},
								"down": {"uv": [28, 45], "uv_size": [0.25, -2]}
							}
						},
						{
							"origin": [-1.89, 2.05482, -3.99589],
							"size": [4.52, 1.6, 6.75],
							"uv": {
								"north": {"uv": [21, 10], "uv_size": [4.5, 1.5]},
								"east": {"uv": [21, 16], "uv_size": [4, 1.5]},
								"south": {"uv": [21, 12], "uv_size": [4.5, 1.5]},
								"west": {"uv": [21, 21], "uv_size": [4, 1.5]},
								"up": {"uv": [10, 3], "uv_size": [4.5, 4]},
								"down": {"uv": [10, 11], "uv_size": [4.5, -4]}
							}
						},
						{
							"origin": [-1.89, 2.05482, 2.75411],
							"size": [4.52, 1.6, 3.8],
							"pivot": [2.645, 3.65482, 2.75411],
							"rotation": [-10, 0, 0],
							"uv": {
								"north": {"uv": [13, 21], "uv_size": [4.5, 1.5]},
								"east": {"uv": [0, 24], "uv_size": [3.75, 1.5]},
								"south": {"uv": [21, 14], "uv_size": [4.5, 1.5]},
								"west": {"uv": [25, 0], "uv_size": [3.75, 1.5]},
								"up": {"uv": [10, 11], "uv_size": [4.5, 3.75]},
								"down": {"uv": [0, 16.75], "uv_size": [4.5, -3.75]}
							}
						},
						{
							"origin": [-1.89, 0.38281, 2.99744],
							"size": [4.52, 0.6, 3.5],
							"pivot": [2.63, 1.98281, -5.00256],
							"rotation": [10, 0, 0],
							"uv": {
								"north": {"uv": [30, 21], "uv_size": [4.5, 0.5]},
								"east": {"uv": [32, 31], "uv_size": [3.5, 0.5]},
								"south": {"uv": [30, 22], "uv_size": [4.5, 0.5]},
								"west": {"uv": [33, 20], "uv_size": [3.5, 0.5]},
								"up": {"uv": [5, 13], "uv_size": [4.5, 3.5]},
								"down": {"uv": [15, 6.5], "uv_size": [4.5, -3.5]}
							}
						},
						{
							"origin": [-2.76, 2.52, -5.44],
							"size": [1, 0.2, 11.74],
							"uv": {
								"north": {"uv": [2, 45], "uv_size": [1, 0.25]},
								"east": {"uv": [29, 23], "uv_size": [11.25, 0.25]},
								"south": {"uv": [3, 45], "uv_size": [1, 0.25]},
								"west": {"uv": [29, 24], "uv_size": [11.25, 0.25]},
								"up": {"uv": [15, 7], "uv_size": [1, 11.25]},
								"down": {"uv": [10, 26.25], "uv_size": [1, -11.25]}
							}
						},
						{
							"origin": [2.58, 2.52, -5.44],
							"size": [1, 0.2, 11.74],
							"uv": {
								"north": {"uv": [45, 3], "uv_size": [1, 0.25]},
								"east": {"uv": [30, 5], "uv_size": [11.25, 0.25]},
								"south": {"uv": [4, 45], "uv_size": [1, 0.25]},
								"west": {"uv": [30, 11], "uv_size": [11.25, 0.25]},
								"up": {"uv": [11, 15], "uv_size": [1, 11.25]},
								"down": {"uv": [12, 26.25], "uv_size": [1, -11.25]}
							}
						},
						{
							"origin": [2.58, 2.52, 6.3],
							"size": [1, 0.2, 0.99],
							"pivot": [2.94, 2.72, 6.3],
							"rotation": [-30, 0, 0],
							"uv": {
								"north": {"uv": [45, 4], "uv_size": [1, 0.25]},
								"east": {"uv": [29, 43], "uv_size": [1.75, 0.25]},
								"south": {"uv": [5, 45], "uv_size": [1, 0.25]},
								"west": {"uv": [43, 29], "uv_size": [1.75, 0.25]},
								"up": {"uv": [22, 32], "uv_size": [1, 1.75]},
								"down": {"uv": [12, 34.75], "uv_size": [1, -1.75]}
							}
						},
						{
							"origin": [-2.76, 2.52, 6.3],
							"size": [1, 0.2, 0.99],
							"pivot": [2.94, 2.72, 6.3],
							"rotation": [-32.5, 0, 0],
							"uv": {
								"north": {"uv": [45, 5], "uv_size": [1, 0.25]},
								"east": {"uv": [43, 30], "uv_size": [1.75, 0.25]},
								"south": {"uv": [6, 45], "uv_size": [1, 0.25]},
								"west": {"uv": [31, 43], "uv_size": [1.75, 0.25]},
								"up": {"uv": [25, 33], "uv_size": [1, 1.75]},
								"down": {"uv": [26, 34.75], "uv_size": [1, -1.75]}
							}
						},
						{
							"origin": [2.58, 2.52, -6.28],
							"size": [1, 0.2, 0.84],
							"pivot": [2.94, 2.72, -5.44],
							"rotation": [57.5, 0, 0],
							"uv": {
								"north": {"uv": [45, 6], "uv_size": [1, 0.25]},
								"east": {"uv": [45, 46], "uv_size": [0.75, 0.25]},
								"south": {"uv": [7, 45], "uv_size": [1, 0.25]},
								"west": {"uv": [46, 45], "uv_size": [0.75, 0.25]},
								"up": {"uv": [39, 8], "uv_size": [1, 0.75]},
								"down": {"uv": [9, 39.75], "uv_size": [1, -0.75]}
							}
						},
						{
							"origin": [-2.76, 2.52, -6.28],
							"size": [1, 0.2, 0.84],
							"pivot": [2.94, 2.72, -5.44],
							"rotation": [57.5, 0, 0],
							"uv": {
								"north": {"uv": [45, 7], "uv_size": [1, 0.25]},
								"east": {"uv": [46, 46], "uv_size": [0.75, 0.25]},
								"south": {"uv": [8, 45], "uv_size": [1, 0.25]},
								"west": {"uv": [0, 47], "uv_size": [0.75, 0.25]},
								"up": {"uv": [39, 9], "uv_size": [1, 0.75]},
								"down": {"uv": [10, 39.75], "uv_size": [1, -0.75]}
							}
						}
					]
				},
				{
					"name": "Cogs",
					"pivot": [3.1, 0.67421, -3.23109]
				},
				{
					"name": "SmallCogs",
					"parent": "Cogs",
					"pivot": [0, 0, 0]
				},
				{
					"name": "bone14",
					"parent": "SmallCogs",
					"pivot": [0.72, 1.9125, 0.60723],
					"cubes": [
						{
							"origin": [3.35191, 1.64435, 0.54496],
							"size": [0.26338, 0.5487, 0.21948],
							"uv": {
								"north": {"uv": [1, 48], "uv_size": [0.25, 0.5]},
								"east": {"uv": [48, 1], "uv_size": [0.25, 0.5]},
								"south": {"uv": [2, 48], "uv_size": [0.25, 0.5]},
								"west": {"uv": [48, 2], "uv_size": [0.25, 0.5]},
								"up": {"uv": [51, 0], "uv_size": [0.25, 0.25]},
								"down": {"uv": [1, 51.25], "uv_size": [0.25, -0.25]}
							}
						},
						{
							"origin": [3.35191, 1.66951, 0.44474],
							"size": [0.26338, 0.5487, 0.21948],
							"pivot": [2.3636, 2.06167, 0.63496],
							"rotation": [45, 0, 0],
							"uv": {
								"north": {"uv": [3, 48], "uv_size": [0.25, 0.5]},
								"east": {"uv": [48, 3], "uv_size": [0.25, 0.5]},
								"south": {"uv": [4, 48], "uv_size": [0.25, 0.5]},
								"west": {"uv": [48, 4], "uv_size": [0.25, 0.5]},
								"up": {"uv": [51, 1], "uv_size": [0.25, 0.25]},
								"down": {"uv": [2, 51.25], "uv_size": [0.25, -0.25]}
							}
						},
						{
							"origin": [3.35191, 1.60948, 0.41888],
							"size": [0.26338, 0.5487, 0.21948],
							"pivot": [2.3636, 1.84764, 0.60909],
							"rotation": [-90, 0, 0],
							"uv": {
								"north": {"uv": [5, 48], "uv_size": [0.25, 0.5]},
								"east": {"uv": [48, 5], "uv_size": [0.25, 0.5]},
								"south": {"uv": [6, 48], "uv_size": [0.25, 0.5]},
								"west": {"uv": [48, 6], "uv_size": [0.25, 0.5]},
								"up": {"uv": [51, 2], "uv_size": [0.25, 0.25]},
								"down": {"uv": [3, 51.25], "uv_size": [0.25, -0.25]}
							}
						},
						{
							"origin": [3.35191, 1.62927, 0.58137],
							"size": [0.26338, 0.5487, 0.21948],
							"pivot": [2.3636, 1.96453, 0.69111],
							"rotation": [-45, 0, 0],
							"uv": {
								"north": {"uv": [7, 48], "uv_size": [0.25, 0.5]},
								"east": {"uv": [48, 7], "uv_size": [0.25, 0.5]},
								"south": {"uv": [8, 48], "uv_size": [0.25, 0.5]},
								"west": {"uv": [48, 8], "uv_size": [0.25, 0.5]},
								"up": {"uv": [51, 3], "uv_size": [0.25, 0.25]},
								"down": {"uv": [4, 51.25], "uv_size": [0.25, -0.25]}
							}
						},
						{
							"origin": [-2.17529, 1.64435, 0.54496],
							"size": [0.26338, 0.5487, 0.21948],
							"uv": {
								"north": {"uv": [9, 48], "uv_size": [0.25, 0.5]},
								"east": {"uv": [48, 9], "uv_size": [0.25, 0.5]},
								"south": {"uv": [10, 48], "uv_size": [0.25, 0.5]},
								"west": {"uv": [48, 10], "uv_size": [0.25, 0.5]},
								"up": {"uv": [51, 4], "uv_size": [0.25, 0.25]},
								"down": {"uv": [5, 51.25], "uv_size": [0.25, -0.25]}
							}
						},
						{
							"origin": [-2.17529, 1.66951, 0.44474],
							"size": [0.26338, 0.5487, 0.21948],
							"pivot": [-1.0836, 2.06167, 0.63496],
							"rotation": [45, 0, 0],
							"uv": {
								"north": {"uv": [11, 48], "uv_size": [0.25, 0.5]},
								"east": {"uv": [48, 11], "uv_size": [0.25, 0.5]},
								"south": {"uv": [12, 48], "uv_size": [0.25, 0.5]},
								"west": {"uv": [48, 12], "uv_size": [0.25, 0.5]},
								"up": {"uv": [51, 5], "uv_size": [0.25, 0.25]},
								"down": {"uv": [6, 51.25], "uv_size": [0.25, -0.25]}
							}
						},
						{
							"origin": [-2.17529, 1.60948, 0.41888],
							"size": [0.26338, 0.5487, 0.21948],
							"pivot": [-1.0836, 1.84764, 0.60909],
							"rotation": [-90, 0, 0],
							"uv": {
								"north": {"uv": [13, 48], "uv_size": [0.25, 0.5]},
								"east": {"uv": [48, 13], "uv_size": [0.25, 0.5]},
								"south": {"uv": [14, 48], "uv_size": [0.25, 0.5]},
								"west": {"uv": [48, 14], "uv_size": [0.25, 0.5]},
								"up": {"uv": [51, 6], "uv_size": [0.25, 0.25]},
								"down": {"uv": [7, 51.25], "uv_size": [0.25, -0.25]}
							}
						},
						{
							"origin": [-2.17529, 1.62927, 0.58137],
							"size": [0.26338, 0.5487, 0.21948],
							"pivot": [-1.0836, 1.96453, 0.69111],
							"rotation": [-45, 0, 0],
							"uv": {
								"north": {"uv": [15, 48], "uv_size": [0.25, 0.5]},
								"east": {"uv": [48, 15], "uv_size": [0.25, 0.5]},
								"south": {"uv": [16, 48], "uv_size": [0.25, 0.5]},
								"west": {"uv": [48, 16], "uv_size": [0.25, 0.5]},
								"up": {"uv": [51, 7], "uv_size": [0.25, 0.25]},
								"down": {"uv": [8, 51.25], "uv_size": [0.25, -0.25]}
							}
						}
					]
				},
				{
					"name": "bone2",
					"parent": "SmallCogs",
					"pivot": [0.72, 1.9125, -2.39277],
					"cubes": [
						{
							"origin": [3.35191, 1.64435, -2.45504],
							"size": [0.26338, 0.5487, 0.21948],
							"uv": {
								"north": {"uv": [1, 48], "uv_size": [0.25, 0.5]},
								"east": {"uv": [48, 1], "uv_size": [0.25, 0.5]},
								"south": {"uv": [2, 48], "uv_size": [0.25, 0.5]},
								"west": {"uv": [48, 2], "uv_size": [0.25, 0.5]},
								"up": {"uv": [51, 0], "uv_size": [0.25, 0.25]},
								"down": {"uv": [1, 51.25], "uv_size": [0.25, -0.25]}
							}
						},
						{
							"origin": [3.35191, 1.66951, -2.55526],
							"size": [0.26338, 0.5487, 0.21948],
							"pivot": [2.3636, 2.06167, -2.36504],
							"rotation": [45, 0, 0],
							"uv": {
								"north": {"uv": [3, 48], "uv_size": [0.25, 0.5]},
								"east": {"uv": [48, 3], "uv_size": [0.25, 0.5]},
								"south": {"uv": [4, 48], "uv_size": [0.25, 0.5]},
								"west": {"uv": [48, 4], "uv_size": [0.25, 0.5]},
								"up": {"uv": [51, 1], "uv_size": [0.25, 0.25]},
								"down": {"uv": [2, 51.25], "uv_size": [0.25, -0.25]}
							}
						},
						{
							"origin": [3.35191, 1.60948, -2.58112],
							"size": [0.26338, 0.5487, 0.21948],
							"pivot": [2.3636, 1.84764, -2.39091],
							"rotation": [-90, 0, 0],
							"uv": {
								"north": {"uv": [5, 48], "uv_size": [0.25, 0.5]},
								"east": {"uv": [48, 5], "uv_size": [0.25, 0.5]},
								"south": {"uv": [6, 48], "uv_size": [0.25, 0.5]},
								"west": {"uv": [48, 6], "uv_size": [0.25, 0.5]},
								"up": {"uv": [51, 2], "uv_size": [0.25, 0.25]},
								"down": {"uv": [3, 51.25], "uv_size": [0.25, -0.25]}
							}
						},
						{
							"origin": [3.35191, 1.62927, -2.41863],
							"size": [0.26338, 0.5487, 0.21948],
							"pivot": [2.3636, 1.96453, -2.30889],
							"rotation": [-45, 0, 0],
							"uv": {
								"north": {"uv": [7, 48], "uv_size": [0.25, 0.5]},
								"east": {"uv": [48, 7], "uv_size": [0.25, 0.5]},
								"south": {"uv": [8, 48], "uv_size": [0.25, 0.5]},
								"west": {"uv": [48, 8], "uv_size": [0.25, 0.5]},
								"up": {"uv": [51, 3], "uv_size": [0.25, 0.25]},
								"down": {"uv": [4, 51.25], "uv_size": [0.25, -0.25]}
							}
						},
						{
							"origin": [-2.17529, 1.64435, -2.45504],
							"size": [0.26338, 0.5487, 0.21948],
							"uv": {
								"north": {"uv": [9, 48], "uv_size": [0.25, 0.5]},
								"east": {"uv": [48, 9], "uv_size": [0.25, 0.5]},
								"south": {"uv": [10, 48], "uv_size": [0.25, 0.5]},
								"west": {"uv": [48, 10], "uv_size": [0.25, 0.5]},
								"up": {"uv": [51, 4], "uv_size": [0.25, 0.25]},
								"down": {"uv": [5, 51.25], "uv_size": [0.25, -0.25]}
							}
						},
						{
							"origin": [-2.17529, 1.66951, -2.55526],
							"size": [0.26338, 0.5487, 0.21948],
							"pivot": [-1.0836, 2.06167, -2.36504],
							"rotation": [45, 0, 0],
							"uv": {
								"north": {"uv": [11, 48], "uv_size": [0.25, 0.5]},
								"east": {"uv": [48, 11], "uv_size": [0.25, 0.5]},
								"south": {"uv": [12, 48], "uv_size": [0.25, 0.5]},
								"west": {"uv": [48, 12], "uv_size": [0.25, 0.5]},
								"up": {"uv": [51, 5], "uv_size": [0.25, 0.25]},
								"down": {"uv": [6, 51.25], "uv_size": [0.25, -0.25]}
							}
						},
						{
							"origin": [-2.17529, 1.60948, -2.58112],
							"size": [0.26338, 0.5487, 0.21948],
							"pivot": [-1.0836, 1.84764, -2.39091],
							"rotation": [-90, 0, 0],
							"uv": {
								"north": {"uv": [13, 48], "uv_size": [0.25, 0.5]},
								"east": {"uv": [48, 13], "uv_size": [0.25, 0.5]},
								"south": {"uv": [14, 48], "uv_size": [0.25, 0.5]},
								"west": {"uv": [48, 14], "uv_size": [0.25, 0.5]},
								"up": {"uv": [51, 6], "uv_size": [0.25, 0.25]},
								"down": {"uv": [7, 51.25], "uv_size": [0.25, -0.25]}
							}
						},
						{
							"origin": [-2.17529, 1.62927, -2.41863],
							"size": [0.26338, 0.5487, 0.21948],
							"pivot": [-1.0836, 1.96453, -2.30889],
							"rotation": [-45, 0, 0],
							"uv": {
								"north": {"uv": [15, 48], "uv_size": [0.25, 0.5]},
								"east": {"uv": [48, 15], "uv_size": [0.25, 0.5]},
								"south": {"uv": [16, 48], "uv_size": [0.25, 0.5]},
								"west": {"uv": [48, 16], "uv_size": [0.25, 0.5]},
								"up": {"uv": [51, 7], "uv_size": [0.25, 0.25]},
								"down": {"uv": [8, 51.25], "uv_size": [0.25, -0.25]}
							}
						}
					]
				},
				{
					"name": "bone3",
					"parent": "SmallCogs",
					"pivot": [0.72, 1.9125, 3.60723],
					"cubes": [
						{
							"origin": [3.35191, 1.64435, 3.54496],
							"size": [0.26338, 0.5487, 0.21948],
							"uv": {
								"north": {"uv": [1, 48], "uv_size": [0.25, 0.5]},
								"east": {"uv": [48, 1], "uv_size": [0.25, 0.5]},
								"south": {"uv": [2, 48], "uv_size": [0.25, 0.5]},
								"west": {"uv": [48, 2], "uv_size": [0.25, 0.5]},
								"up": {"uv": [51, 0], "uv_size": [0.25, 0.25]},
								"down": {"uv": [1, 51.25], "uv_size": [0.25, -0.25]}
							}
						},
						{
							"origin": [3.35191, 1.66951, 3.44474],
							"size": [0.26338, 0.5487, 0.21948],
							"pivot": [2.3636, 2.06167, 3.63496],
							"rotation": [45, 0, 0],
							"uv": {
								"north": {"uv": [3, 48], "uv_size": [0.25, 0.5]},
								"east": {"uv": [48, 3], "uv_size": [0.25, 0.5]},
								"south": {"uv": [4, 48], "uv_size": [0.25, 0.5]},
								"west": {"uv": [48, 4], "uv_size": [0.25, 0.5]},
								"up": {"uv": [51, 1], "uv_size": [0.25, 0.25]},
								"down": {"uv": [2, 51.25], "uv_size": [0.25, -0.25]}
							}
						},
						{
							"origin": [3.35191, 1.60948, 3.41888],
							"size": [0.26338, 0.5487, 0.21948],
							"pivot": [2.3636, 1.84764, 3.60909],
							"rotation": [-90, 0, 0],
							"uv": {
								"north": {"uv": [5, 48], "uv_size": [0.25, 0.5]},
								"east": {"uv": [48, 5], "uv_size": [0.25, 0.5]},
								"south": {"uv": [6, 48], "uv_size": [0.25, 0.5]},
								"west": {"uv": [48, 6], "uv_size": [0.25, 0.5]},
								"up": {"uv": [51, 2], "uv_size": [0.25, 0.25]},
								"down": {"uv": [3, 51.25], "uv_size": [0.25, -0.25]}
							}
						},
						{
							"origin": [3.35191, 1.62927, 3.58137],
							"size": [0.26338, 0.5487, 0.21948],
							"pivot": [2.3636, 1.96453, 3.69111],
							"rotation": [-45, 0, 0],
							"uv": {
								"north": {"uv": [7, 48], "uv_size": [0.25, 0.5]},
								"east": {"uv": [48, 7], "uv_size": [0.25, 0.5]},
								"south": {"uv": [8, 48], "uv_size": [0.25, 0.5]},
								"west": {"uv": [48, 8], "uv_size": [0.25, 0.5]},
								"up": {"uv": [51, 3], "uv_size": [0.25, 0.25]},
								"down": {"uv": [4, 51.25], "uv_size": [0.25, -0.25]}
							}
						},
						{
							"origin": [-2.17529, 1.64435, 3.54496],
							"size": [0.26338, 0.5487, 0.21948],
							"uv": {
								"north": {"uv": [9, 48], "uv_size": [0.25, 0.5]},
								"east": {"uv": [48, 9], "uv_size": [0.25, 0.5]},
								"south": {"uv": [10, 48], "uv_size": [0.25, 0.5]},
								"west": {"uv": [48, 10], "uv_size": [0.25, 0.5]},
								"up": {"uv": [51, 4], "uv_size": [0.25, 0.25]},
								"down": {"uv": [5, 51.25], "uv_size": [0.25, -0.25]}
							}
						},
						{
							"origin": [-2.17529, 1.66951, 3.44474],
							"size": [0.26338, 0.5487, 0.21948],
							"pivot": [-1.0836, 2.06167, 3.63496],
							"rotation": [45, 0, 0],
							"uv": {
								"north": {"uv": [11, 48], "uv_size": [0.25, 0.5]},
								"east": {"uv": [48, 11], "uv_size": [0.25, 0.5]},
								"south": {"uv": [12, 48], "uv_size": [0.25, 0.5]},
								"west": {"uv": [48, 12], "uv_size": [0.25, 0.5]},
								"up": {"uv": [51, 5], "uv_size": [0.25, 0.25]},
								"down": {"uv": [6, 51.25], "uv_size": [0.25, -0.25]}
							}
						},
						{
							"origin": [-2.17529, 1.60948, 3.41888],
							"size": [0.26338, 0.5487, 0.21948],
							"pivot": [-1.0836, 1.84764, 3.60909],
							"rotation": [-90, 0, 0],
							"uv": {
								"north": {"uv": [13, 48], "uv_size": [0.25, 0.5]},
								"east": {"uv": [48, 13], "uv_size": [0.25, 0.5]},
								"south": {"uv": [14, 48], "uv_size": [0.25, 0.5]},
								"west": {"uv": [48, 14], "uv_size": [0.25, 0.5]},
								"up": {"uv": [51, 6], "uv_size": [0.25, 0.25]},
								"down": {"uv": [7, 51.25], "uv_size": [0.25, -0.25]}
							}
						},
						{
							"origin": [-2.17529, 1.62927, 3.58137],
							"size": [0.26338, 0.5487, 0.21948],
							"pivot": [-1.0836, 1.96453, 3.69111],
							"rotation": [-45, 0, 0],
							"uv": {
								"north": {"uv": [15, 48], "uv_size": [0.25, 0.5]},
								"east": {"uv": [48, 15], "uv_size": [0.25, 0.5]},
								"south": {"uv": [16, 48], "uv_size": [0.25, 0.5]},
								"west": {"uv": [48, 16], "uv_size": [0.25, 0.5]},
								"up": {"uv": [51, 7], "uv_size": [0.25, 0.25]},
								"down": {"uv": [8, 51.25], "uv_size": [0.25, -0.25]}
							}
						}
					]
				},
				{
					"name": "cog1",
					"parent": "Cogs",
					"pivot": [0.32, 0.6325, -3.03277],
					"cubes": [
						{
							"origin": [2.99706, 0.13945, -3.14726],
							"size": [0.48427, 1.0089, 0.40356],
							"uv": {
								"north": {"uv": [41, 34], "uv_size": [0.5, 1]},
								"east": {"uv": [45, 8], "uv_size": [0.25, 1]},
								"south": {"uv": [41, 35], "uv_size": [0.5, 1]},
								"west": {"uv": [9, 45], "uv_size": [0.25, 1]},
								"up": {"uv": [33, 48], "uv_size": [0.5, 0.25]},
								"down": {"uv": [48, 33.25], "uv_size": [0.5, -0.25]}
							}
						},
						{
							"origin": [2.99706, 0.1857, -3.33154],
							"size": [0.48427, 1.0089, 0.40356],
							"pivot": [3.2392, 0.90677, -2.98179],
							"rotation": [45, 0, 0],
							"uv": {
								"north": {"uv": [36, 41], "uv_size": [0.5, 1]},
								"east": {"uv": [45, 9], "uv_size": [0.25, 1]},
								"south": {"uv": [41, 36], "uv_size": [0.5, 1]},
								"west": {"uv": [10, 45], "uv_size": [0.25, 1]},
								"up": {"uv": [34, 48], "uv_size": [0.5, 0.25]},
								"down": {"uv": [48, 34.25], "uv_size": [0.5, -0.25]}
							}
						},
						{
							"origin": [2.99706, 0.07534, -3.37909],
							"size": [0.48427, 1.0089, 0.40356],
							"pivot": [3.2392, 0.51323, -3.02934],
							"rotation": [-90, 0, 0],
							"uv": {
								"north": {"uv": [37, 41], "uv_size": [0.5, 1]},
								"east": {"uv": [45, 10], "uv_size": [0.25, 1]},
								"south": {"uv": [41, 37], "uv_size": [0.5, 1]},
								"west": {"uv": [11, 45], "uv_size": [0.25, 1]},
								"up": {"uv": [35, 48], "uv_size": [0.5, 0.25]},
								"down": {"uv": [48, 35.25], "uv_size": [0.5, -0.25]}
							}
						},
						{
							"origin": [2.99706, 0.11171, -3.08032],
							"size": [0.48427, 1.0089, 0.40356],
							"pivot": [3.2392, 0.72816, -2.87854],
							"rotation": [-45, 0, 0],
							"uv": {
								"north": {"uv": [38, 41], "uv_size": [0.5, 1]},
								"east": {"uv": [45, 11], "uv_size": [0.25, 1]},
								"south": {"uv": [41, 38], "uv_size": [0.5, 1]},
								"west": {"uv": [12, 45], "uv_size": [0.25, 1]},
								"up": {"uv": [36, 48], "uv_size": [0.5, 0.25]},
								"down": {"uv": [48, 36.25], "uv_size": [0.5, -0.25]}
							}
						},
						{
							"origin": [-2.84134, 0.13945, -3.14726],
							"size": [0.48427, 1.0089, 0.40356],
							"uv": {
								"north": {"uv": [39, 41], "uv_size": [0.5, 1]},
								"east": {"uv": [45, 12], "uv_size": [0.25, 1]},
								"south": {"uv": [41, 39], "uv_size": [0.5, 1]},
								"west": {"uv": [13, 45], "uv_size": [0.25, 1]},
								"up": {"uv": [37, 48], "uv_size": [0.5, 0.25]},
								"down": {"uv": [48, 37.25], "uv_size": [0.5, -0.25]}
							}
						},
						{
							"origin": [-2.84134, 0.1857, -3.33154],
							"size": [0.48427, 1.0089, 0.40356],
							"pivot": [-2.5992, 0.90677, -2.98179],
							"rotation": [45, 0, 0],
							"uv": {
								"north": {"uv": [40, 41], "uv_size": [0.5, 1]},
								"east": {"uv": [45, 13], "uv_size": [0.25, 1]},
								"south": {"uv": [41, 40], "uv_size": [0.5, 1]},
								"west": {"uv": [14, 45], "uv_size": [0.25, 1]},
								"up": {"uv": [38, 48], "uv_size": [0.5, 0.25]},
								"down": {"uv": [48, 38.25], "uv_size": [0.5, -0.25]}
							}
						},
						{
							"origin": [-2.84134, 0.07534, -3.37909],
							"size": [0.48427, 1.0089, 0.40356],
							"pivot": [-2.5992, 0.51323, -3.02934],
							"rotation": [-90, 0, 0],
							"uv": {
								"north": {"uv": [41, 41], "uv_size": [0.5, 1]},
								"east": {"uv": [45, 14], "uv_size": [0.25, 1]},
								"south": {"uv": [0, 42], "uv_size": [0.5, 1]},
								"west": {"uv": [15, 45], "uv_size": [0.25, 1]},
								"up": {"uv": [39, 48], "uv_size": [0.5, 0.25]},
								"down": {"uv": [48, 39.25], "uv_size": [0.5, -0.25]}
							}
						},
						{
							"origin": [-2.84134, 0.11171, -3.08032],
							"size": [0.48427, 1.0089, 0.40356],
							"pivot": [-2.5992, 0.72816, -2.87854],
							"rotation": [-45, 0, 0],
							"uv": {
								"north": {"uv": [42, 0], "uv_size": [0.5, 1]},
								"east": {"uv": [45, 15], "uv_size": [0.25, 1]},
								"south": {"uv": [1, 42], "uv_size": [0.5, 1]},
								"west": {"uv": [16, 45], "uv_size": [0.25, 1]},
								"up": {"uv": [40, 48], "uv_size": [0.5, 0.25]},
								"down": {"uv": [48, 40.25], "uv_size": [0.5, -0.25]}
							}
						}
					]
				},
				{
					"name": "cog2",
					"parent": "Cogs",
					"pivot": [0.32, 0.6325, -1.53277],
					"cubes": [
						{
							"origin": [2.99706, 0.13945, -1.64726],
							"size": [0.48427, 1.0089, 0.40356],
							"uv": {
								"north": {"uv": [41, 34], "uv_size": [0.5, 1]},
								"east": {"uv": [45, 8], "uv_size": [0.25, 1]},
								"south": {"uv": [41, 35], "uv_size": [0.5, 1]},
								"west": {"uv": [9, 45], "uv_size": [0.25, 1]},
								"up": {"uv": [33, 48], "uv_size": [0.5, 0.25]},
								"down": {"uv": [48, 33.25], "uv_size": [0.5, -0.25]}
							}
						},
						{
							"origin": [2.99706, 0.1857, -1.83154],
							"size": [0.48427, 1.0089, 0.40356],
							"pivot": [3.2392, 0.90677, -1.48179],
							"rotation": [45, 0, 0],
							"uv": {
								"north": {"uv": [36, 41], "uv_size": [0.5, 1]},
								"east": {"uv": [45, 9], "uv_size": [0.25, 1]},
								"south": {"uv": [41, 36], "uv_size": [0.5, 1]},
								"west": {"uv": [10, 45], "uv_size": [0.25, 1]},
								"up": {"uv": [34, 48], "uv_size": [0.5, 0.25]},
								"down": {"uv": [48, 34.25], "uv_size": [0.5, -0.25]}
							}
						},
						{
							"origin": [2.99706, 0.07534, -1.87909],
							"size": [0.48427, 1.0089, 0.40356],
							"pivot": [3.2392, 0.51323, -1.52934],
							"rotation": [-90, 0, 0],
							"uv": {
								"north": {"uv": [37, 41], "uv_size": [0.5, 1]},
								"east": {"uv": [45, 10], "uv_size": [0.25, 1]},
								"south": {"uv": [41, 37], "uv_size": [0.5, 1]},
								"west": {"uv": [11, 45], "uv_size": [0.25, 1]},
								"up": {"uv": [35, 48], "uv_size": [0.5, 0.25]},
								"down": {"uv": [48, 35.25], "uv_size": [0.5, -0.25]}
							}
						},
						{
							"origin": [2.99706, 0.11171, -1.58032],
							"size": [0.48427, 1.0089, 0.40356],
							"pivot": [3.2392, 0.72816, -1.37854],
							"rotation": [-45, 0, 0],
							"uv": {
								"north": {"uv": [38, 41], "uv_size": [0.5, 1]},
								"east": {"uv": [45, 11], "uv_size": [0.25, 1]},
								"south": {"uv": [41, 38], "uv_size": [0.5, 1]},
								"west": {"uv": [12, 45], "uv_size": [0.25, 1]},
								"up": {"uv": [36, 48], "uv_size": [0.5, 0.25]},
								"down": {"uv": [48, 36.25], "uv_size": [0.5, -0.25]}
							}
						},
						{
							"origin": [-2.84134, 0.13945, -1.64726],
							"size": [0.48427, 1.0089, 0.40356],
							"uv": {
								"north": {"uv": [39, 41], "uv_size": [0.5, 1]},
								"east": {"uv": [45, 12], "uv_size": [0.25, 1]},
								"south": {"uv": [41, 39], "uv_size": [0.5, 1]},
								"west": {"uv": [13, 45], "uv_size": [0.25, 1]},
								"up": {"uv": [37, 48], "uv_size": [0.5, 0.25]},
								"down": {"uv": [48, 37.25], "uv_size": [0.5, -0.25]}
							}
						},
						{
							"origin": [-2.84134, 0.1857, -1.83154],
							"size": [0.48427, 1.0089, 0.40356],
							"pivot": [-2.5992, 0.90677, -1.48179],
							"rotation": [45, 0, 0],
							"uv": {
								"north": {"uv": [40, 41], "uv_size": [0.5, 1]},
								"east": {"uv": [45, 13], "uv_size": [0.25, 1]},
								"south": {"uv": [41, 40], "uv_size": [0.5, 1]},
								"west": {"uv": [14, 45], "uv_size": [0.25, 1]},
								"up": {"uv": [38, 48], "uv_size": [0.5, 0.25]},
								"down": {"uv": [48, 38.25], "uv_size": [0.5, -0.25]}
							}
						},
						{
							"origin": [-2.84134, 0.07534, -1.87909],
							"size": [0.48427, 1.0089, 0.40356],
							"pivot": [-2.5992, 0.51323, -1.52934],
							"rotation": [-90, 0, 0],
							"uv": {
								"north": {"uv": [41, 41], "uv_size": [0.5, 1]},
								"east": {"uv": [45, 14], "uv_size": [0.25, 1]},
								"south": {"uv": [0, 42], "uv_size": [0.5, 1]},
								"west": {"uv": [15, 45], "uv_size": [0.25, 1]},
								"up": {"uv": [39, 48], "uv_size": [0.5, 0.25]},
								"down": {"uv": [48, 39.25], "uv_size": [0.5, -0.25]}
							}
						},
						{
							"origin": [-2.84134, 0.11171, -1.58032],
							"size": [0.48427, 1.0089, 0.40356],
							"pivot": [-2.5992, 0.72816, -1.37854],
							"rotation": [-45, 0, 0],
							"uv": {
								"north": {"uv": [42, 0], "uv_size": [0.5, 1]},
								"east": {"uv": [45, 15], "uv_size": [0.25, 1]},
								"south": {"uv": [1, 42], "uv_size": [0.5, 1]},
								"west": {"uv": [16, 45], "uv_size": [0.25, 1]},
								"up": {"uv": [40, 48], "uv_size": [0.5, 0.25]},
								"down": {"uv": [48, 40.25], "uv_size": [0.5, -0.25]}
							}
						}
					]
				},
				{
					"name": "cog3",
					"parent": "Cogs",
					"pivot": [0.32, 0.6325, -0.03277],
					"cubes": [
						{
							"origin": [2.99706, 0.13945, -0.14726],
							"size": [0.48427, 1.0089, 0.40356],
							"uv": {
								"north": {"uv": [41, 34], "uv_size": [0.5, 1]},
								"east": {"uv": [45, 8], "uv_size": [0.25, 1]},
								"south": {"uv": [41, 35], "uv_size": [0.5, 1]},
								"west": {"uv": [9, 45], "uv_size": [0.25, 1]},
								"up": {"uv": [33, 48], "uv_size": [0.5, 0.25]},
								"down": {"uv": [48, 33.25], "uv_size": [0.5, -0.25]}
							}
						},
						{
							"origin": [2.99706, 0.1857, -0.33154],
							"size": [0.48427, 1.0089, 0.40356],
							"pivot": [3.2392, 0.90677, 0.01821],
							"rotation": [45, 0, 0],
							"uv": {
								"north": {"uv": [36, 41], "uv_size": [0.5, 1]},
								"east": {"uv": [45, 9], "uv_size": [0.25, 1]},
								"south": {"uv": [41, 36], "uv_size": [0.5, 1]},
								"west": {"uv": [10, 45], "uv_size": [0.25, 1]},
								"up": {"uv": [34, 48], "uv_size": [0.5, 0.25]},
								"down": {"uv": [48, 34.25], "uv_size": [0.5, -0.25]}
							}
						},
						{
							"origin": [2.99706, 0.07534, -0.37909],
							"size": [0.48427, 1.0089, 0.40356],
							"pivot": [3.2392, 0.51323, -0.02934],
							"rotation": [-90, 0, 0],
							"uv": {
								"north": {"uv": [37, 41], "uv_size": [0.5, 1]},
								"east": {"uv": [45, 10], "uv_size": [0.25, 1]},
								"south": {"uv": [41, 37], "uv_size": [0.5, 1]},
								"west": {"uv": [11, 45], "uv_size": [0.25, 1]},
								"up": {"uv": [35, 48], "uv_size": [0.5, 0.25]},
								"down": {"uv": [48, 35.25], "uv_size": [0.5, -0.25]}
							}
						},
						{
							"origin": [2.99706, 0.11171, -0.08032],
							"size": [0.48427, 1.0089, 0.40356],
							"pivot": [3.2392, 0.72816, 0.12146],
							"rotation": [-45, 0, 0],
							"uv": {
								"north": {"uv": [38, 41], "uv_size": [0.5, 1]},
								"east": {"uv": [45, 11], "uv_size": [0.25, 1]},
								"south": {"uv": [41, 38], "uv_size": [0.5, 1]},
								"west": {"uv": [12, 45], "uv_size": [0.25, 1]},
								"up": {"uv": [36, 48], "uv_size": [0.5, 0.25]},
								"down": {"uv": [48, 36.25], "uv_size": [0.5, -0.25]}
							}
						},
						{
							"origin": [-2.84134, 0.13945, -0.14726],
							"size": [0.48427, 1.0089, 0.40356],
							"uv": {
								"north": {"uv": [39, 41], "uv_size": [0.5, 1]},
								"east": {"uv": [45, 12], "uv_size": [0.25, 1]},
								"south": {"uv": [41, 39], "uv_size": [0.5, 1]},
								"west": {"uv": [13, 45], "uv_size": [0.25, 1]},
								"up": {"uv": [37, 48], "uv_size": [0.5, 0.25]},
								"down": {"uv": [48, 37.25], "uv_size": [0.5, -0.25]}
							}
						},
						{
							"origin": [-2.84134, 0.1857, -0.33154],
							"size": [0.48427, 1.0089, 0.40356],
							"pivot": [-2.5992, 0.90677, 0.01821],
							"rotation": [45, 0, 0],
							"uv": {
								"north": {"uv": [40, 41], "uv_size": [0.5, 1]},
								"east": {"uv": [45, 13], "uv_size": [0.25, 1]},
								"south": {"uv": [41, 40], "uv_size": [0.5, 1]},
								"west": {"uv": [14, 45], "uv_size": [0.25, 1]},
								"up": {"uv": [38, 48], "uv_size": [0.5, 0.25]},
								"down": {"uv": [48, 38.25], "uv_size": [0.5, -0.25]}
							}
						},
						{
							"origin": [-2.84134, 0.07534, -0.37909],
							"size": [0.48427, 1.0089, 0.40356],
							"pivot": [-2.5992, 0.51323, -0.02934],
							"rotation": [-90, 0, 0],
							"uv": {
								"north": {"uv": [41, 41], "uv_size": [0.5, 1]},
								"east": {"uv": [45, 14], "uv_size": [0.25, 1]},
								"south": {"uv": [0, 42], "uv_size": [0.5, 1]},
								"west": {"uv": [15, 45], "uv_size": [0.25, 1]},
								"up": {"uv": [39, 48], "uv_size": [0.5, 0.25]},
								"down": {"uv": [48, 39.25], "uv_size": [0.5, -0.25]}
							}
						},
						{
							"origin": [-2.84134, 0.11171, -0.08032],
							"size": [0.48427, 1.0089, 0.40356],
							"pivot": [-2.5992, 0.72816, 0.12146],
							"rotation": [-45, 0, 0],
							"uv": {
								"north": {"uv": [42, 0], "uv_size": [0.5, 1]},
								"east": {"uv": [45, 15], "uv_size": [0.25, 1]},
								"south": {"uv": [1, 42], "uv_size": [0.5, 1]},
								"west": {"uv": [16, 45], "uv_size": [0.25, 1]},
								"up": {"uv": [40, 48], "uv_size": [0.5, 0.25]},
								"down": {"uv": [48, 40.25], "uv_size": [0.5, -0.25]}
							}
						}
					]
				},
				{
					"name": "cog4",
					"parent": "Cogs",
					"pivot": [0.32, 0.6325, 1.46723],
					"cubes": [
						{
							"origin": [2.99706, 0.13945, 1.35274],
							"size": [0.48427, 1.0089, 0.40356],
							"uv": {
								"north": {"uv": [41, 34], "uv_size": [0.5, 1]},
								"east": {"uv": [45, 8], "uv_size": [0.25, 1]},
								"south": {"uv": [41, 35], "uv_size": [0.5, 1]},
								"west": {"uv": [9, 45], "uv_size": [0.25, 1]},
								"up": {"uv": [33, 48], "uv_size": [0.5, 0.25]},
								"down": {"uv": [48, 33.25], "uv_size": [0.5, -0.25]}
							}
						},
						{
							"origin": [2.99706, 0.1857, 1.16846],
							"size": [0.48427, 1.0089, 0.40356],
							"pivot": [3.2392, 0.90677, 1.51821],
							"rotation": [45, 0, 0],
							"uv": {
								"north": {"uv": [36, 41], "uv_size": [0.5, 1]},
								"east": {"uv": [45, 9], "uv_size": [0.25, 1]},
								"south": {"uv": [41, 36], "uv_size": [0.5, 1]},
								"west": {"uv": [10, 45], "uv_size": [0.25, 1]},
								"up": {"uv": [34, 48], "uv_size": [0.5, 0.25]},
								"down": {"uv": [48, 34.25], "uv_size": [0.5, -0.25]}
							}
						},
						{
							"origin": [2.99706, 0.07534, 1.12091],
							"size": [0.48427, 1.0089, 0.40356],
							"pivot": [3.2392, 0.51323, 1.47066],
							"rotation": [-90, 0, 0],
							"uv": {
								"north": {"uv": [37, 41], "uv_size": [0.5, 1]},
								"east": {"uv": [45, 10], "uv_size": [0.25, 1]},
								"south": {"uv": [41, 37], "uv_size": [0.5, 1]},
								"west": {"uv": [11, 45], "uv_size": [0.25, 1]},
								"up": {"uv": [35, 48], "uv_size": [0.5, 0.25]},
								"down": {"uv": [48, 35.25], "uv_size": [0.5, -0.25]}
							}
						},
						{
							"origin": [2.99706, 0.11171, 1.41968],
							"size": [0.48427, 1.0089, 0.40356],
							"pivot": [3.2392, 0.72816, 1.62146],
							"rotation": [-45, 0, 0],
							"uv": {
								"north": {"uv": [38, 41], "uv_size": [0.5, 1]},
								"east": {"uv": [45, 11], "uv_size": [0.25, 1]},
								"south": {"uv": [41, 38], "uv_size": [0.5, 1]},
								"west": {"uv": [12, 45], "uv_size": [0.25, 1]},
								"up": {"uv": [36, 48], "uv_size": [0.5, 0.25]},
								"down": {"uv": [48, 36.25], "uv_size": [0.5, -0.25]}
							}
						},
						{
							"origin": [-2.84134, 0.13945, 1.35274],
							"size": [0.48427, 1.0089, 0.40356],
							"uv": {
								"north": {"uv": [39, 41], "uv_size": [0.5, 1]},
								"east": {"uv": [45, 12], "uv_size": [0.25, 1]},
								"south": {"uv": [41, 39], "uv_size": [0.5, 1]},
								"west": {"uv": [13, 45], "uv_size": [0.25, 1]},
								"up": {"uv": [37, 48], "uv_size": [0.5, 0.25]},
								"down": {"uv": [48, 37.25], "uv_size": [0.5, -0.25]}
							}
						},
						{
							"origin": [-2.84134, 0.1857, 1.16846],
							"size": [0.48427, 1.0089, 0.40356],
							"pivot": [-2.5992, 0.90677, 1.51821],
							"rotation": [45, 0, 0],
							"uv": {
								"north": {"uv": [40, 41], "uv_size": [0.5, 1]},
								"east": {"uv": [45, 13], "uv_size": [0.25, 1]},
								"south": {"uv": [41, 40], "uv_size": [0.5, 1]},
								"west": {"uv": [14, 45], "uv_size": [0.25, 1]},
								"up": {"uv": [38, 48], "uv_size": [0.5, 0.25]},
								"down": {"uv": [48, 38.25], "uv_size": [0.5, -0.25]}
							}
						},
						{
							"origin": [-2.84134, 0.07534, 1.12091],
							"size": [0.48427, 1.0089, 0.40356],
							"pivot": [-2.5992, 0.51323, 1.47066],
							"rotation": [-90, 0, 0],
							"uv": {
								"north": {"uv": [41, 41], "uv_size": [0.5, 1]},
								"east": {"uv": [45, 14], "uv_size": [0.25, 1]},
								"south": {"uv": [0, 42], "uv_size": [0.5, 1]},
								"west": {"uv": [15, 45], "uv_size": [0.25, 1]},
								"up": {"uv": [39, 48], "uv_size": [0.5, 0.25]},
								"down": {"uv": [48, 39.25], "uv_size": [0.5, -0.25]}
							}
						},
						{
							"origin": [-2.84134, 0.11171, 1.41968],
							"size": [0.48427, 1.0089, 0.40356],
							"pivot": [-2.5992, 0.72816, 1.62146],
							"rotation": [-45, 0, 0],
							"uv": {
								"north": {"uv": [42, 0], "uv_size": [0.5, 1]},
								"east": {"uv": [45, 15], "uv_size": [0.25, 1]},
								"south": {"uv": [1, 42], "uv_size": [0.5, 1]},
								"west": {"uv": [16, 45], "uv_size": [0.25, 1]},
								"up": {"uv": [40, 48], "uv_size": [0.5, 0.25]},
								"down": {"uv": [48, 40.25], "uv_size": [0.5, -0.25]}
							}
						}
					]
				},
				{
					"name": "cog5",
					"parent": "Cogs",
					"pivot": [0.32, 0.6325, 2.96723],
					"cubes": [
						{
							"origin": [2.99706, 0.13945, 2.85274],
							"size": [0.48427, 1.0089, 0.40356],
							"uv": {
								"north": {"uv": [41, 34], "uv_size": [0.5, 1]},
								"east": {"uv": [45, 8], "uv_size": [0.25, 1]},
								"south": {"uv": [41, 35], "uv_size": [0.5, 1]},
								"west": {"uv": [9, 45], "uv_size": [0.25, 1]},
								"up": {"uv": [33, 48], "uv_size": [0.5, 0.25]},
								"down": {"uv": [48, 33.25], "uv_size": [0.5, -0.25]}
							}
						},
						{
							"origin": [2.99706, 0.1857, 2.66846],
							"size": [0.48427, 1.0089, 0.40356],
							"pivot": [3.2392, 0.90677, 3.01821],
							"rotation": [45, 0, 0],
							"uv": {
								"north": {"uv": [36, 41], "uv_size": [0.5, 1]},
								"east": {"uv": [45, 9], "uv_size": [0.25, 1]},
								"south": {"uv": [41, 36], "uv_size": [0.5, 1]},
								"west": {"uv": [10, 45], "uv_size": [0.25, 1]},
								"up": {"uv": [34, 48], "uv_size": [0.5, 0.25]},
								"down": {"uv": [48, 34.25], "uv_size": [0.5, -0.25]}
							}
						},
						{
							"origin": [2.99706, 0.07534, 2.62091],
							"size": [0.48427, 1.0089, 0.40356],
							"pivot": [3.2392, 0.51323, 2.97066],
							"rotation": [-90, 0, 0],
							"uv": {
								"north": {"uv": [37, 41], "uv_size": [0.5, 1]},
								"east": {"uv": [45, 10], "uv_size": [0.25, 1]},
								"south": {"uv": [41, 37], "uv_size": [0.5, 1]},
								"west": {"uv": [11, 45], "uv_size": [0.25, 1]},
								"up": {"uv": [35, 48], "uv_size": [0.5, 0.25]},
								"down": {"uv": [48, 35.25], "uv_size": [0.5, -0.25]}
							}
						},
						{
							"origin": [2.99706, 0.11171, 2.91968],
							"size": [0.48427, 1.0089, 0.40356],
							"pivot": [3.2392, 0.72816, 3.12146],
							"rotation": [-45, 0, 0],
							"uv": {
								"north": {"uv": [38, 41], "uv_size": [0.5, 1]},
								"east": {"uv": [45, 11], "uv_size": [0.25, 1]},
								"south": {"uv": [41, 38], "uv_size": [0.5, 1]},
								"west": {"uv": [12, 45], "uv_size": [0.25, 1]},
								"up": {"uv": [36, 48], "uv_size": [0.5, 0.25]},
								"down": {"uv": [48, 36.25], "uv_size": [0.5, -0.25]}
							}
						},
						{
							"origin": [-2.84134, 0.13945, 2.85274],
							"size": [0.48427, 1.0089, 0.40356],
							"uv": {
								"north": {"uv": [39, 41], "uv_size": [0.5, 1]},
								"east": {"uv": [45, 12], "uv_size": [0.25, 1]},
								"south": {"uv": [41, 39], "uv_size": [0.5, 1]},
								"west": {"uv": [13, 45], "uv_size": [0.25, 1]},
								"up": {"uv": [37, 48], "uv_size": [0.5, 0.25]},
								"down": {"uv": [48, 37.25], "uv_size": [0.5, -0.25]}
							}
						},
						{
							"origin": [-2.84134, 0.1857, 2.66846],
							"size": [0.48427, 1.0089, 0.40356],
							"pivot": [-2.5992, 0.90677, 3.01821],
							"rotation": [45, 0, 0],
							"uv": {
								"north": {"uv": [40, 41], "uv_size": [0.5, 1]},
								"east": {"uv": [45, 13], "uv_size": [0.25, 1]},
								"south": {"uv": [41, 40], "uv_size": [0.5, 1]},
								"west": {"uv": [14, 45], "uv_size": [0.25, 1]},
								"up": {"uv": [38, 48], "uv_size": [0.5, 0.25]},
								"down": {"uv": [48, 38.25], "uv_size": [0.5, -0.25]}
							}
						},
						{
							"origin": [-2.84134, 0.07534, 2.62091],
							"size": [0.48427, 1.0089, 0.40356],
							"pivot": [-2.5992, 0.51323, 2.97066],
							"rotation": [-90, 0, 0],
							"uv": {
								"north": {"uv": [41, 41], "uv_size": [0.5, 1]},
								"east": {"uv": [45, 14], "uv_size": [0.25, 1]},
								"south": {"uv": [0, 42], "uv_size": [0.5, 1]},
								"west": {"uv": [15, 45], "uv_size": [0.25, 1]},
								"up": {"uv": [39, 48], "uv_size": [0.5, 0.25]},
								"down": {"uv": [48, 39.25], "uv_size": [0.5, -0.25]}
							}
						},
						{
							"origin": [-2.84134, 0.11171, 2.91968],
							"size": [0.48427, 1.0089, 0.40356],
							"pivot": [-2.5992, 0.72816, 3.12146],
							"rotation": [-45, 0, 0],
							"uv": {
								"north": {"uv": [42, 0], "uv_size": [0.5, 1]},
								"east": {"uv": [45, 15], "uv_size": [0.25, 1]},
								"south": {"uv": [1, 42], "uv_size": [0.5, 1]},
								"west": {"uv": [16, 45], "uv_size": [0.25, 1]},
								"up": {"uv": [40, 48], "uv_size": [0.5, 0.25]},
								"down": {"uv": [48, 40.25], "uv_size": [0.5, -0.25]}
							}
						}
					]
				},
				{
					"name": "cog6",
					"parent": "Cogs",
					"pivot": [0.32, 0.6325, 4.46723],
					"cubes": [
						{
							"origin": [2.99706, 0.13945, 4.35274],
							"size": [0.48427, 1.0089, 0.40356],
							"uv": {
								"north": {"uv": [41, 34], "uv_size": [0.5, 1]},
								"east": {"uv": [45, 8], "uv_size": [0.25, 1]},
								"south": {"uv": [41, 35], "uv_size": [0.5, 1]},
								"west": {"uv": [9, 45], "uv_size": [0.25, 1]},
								"up": {"uv": [33, 48], "uv_size": [0.5, 0.25]},
								"down": {"uv": [48, 33.25], "uv_size": [0.5, -0.25]}
							}
						},
						{
							"origin": [2.99706, 0.1857, 4.16846],
							"size": [0.48427, 1.0089, 0.40356],
							"pivot": [3.2392, 0.90677, 4.51821],
							"rotation": [45, 0, 0],
							"uv": {
								"north": {"uv": [36, 41], "uv_size": [0.5, 1]},
								"east": {"uv": [45, 9], "uv_size": [0.25, 1]},
								"south": {"uv": [41, 36], "uv_size": [0.5, 1]},
								"west": {"uv": [10, 45], "uv_size": [0.25, 1]},
								"up": {"uv": [34, 48], "uv_size": [0.5, 0.25]},
								"down": {"uv": [48, 34.25], "uv_size": [0.5, -0.25]}
							}
						},
						{
							"origin": [2.99706, 0.07534, 4.12091],
							"size": [0.48427, 1.0089, 0.40356],
							"pivot": [3.2392, 0.51323, 4.47066],
							"rotation": [-90, 0, 0],
							"uv": {
								"north": {"uv": [37, 41], "uv_size": [0.5, 1]},
								"east": {"uv": [45, 10], "uv_size": [0.25, 1]},
								"south": {"uv": [41, 37], "uv_size": [0.5, 1]},
								"west": {"uv": [11, 45], "uv_size": [0.25, 1]},
								"up": {"uv": [35, 48], "uv_size": [0.5, 0.25]},
								"down": {"uv": [48, 35.25], "uv_size": [0.5, -0.25]}
							}
						},
						{
							"origin": [2.99706, 0.11171, 4.41968],
							"size": [0.48427, 1.0089, 0.40356],
							"pivot": [3.2392, 0.72816, 4.62146],
							"rotation": [-45, 0, 0],
							"uv": {
								"north": {"uv": [38, 41], "uv_size": [0.5, 1]},
								"east": {"uv": [45, 11], "uv_size": [0.25, 1]},
								"south": {"uv": [41, 38], "uv_size": [0.5, 1]},
								"west": {"uv": [12, 45], "uv_size": [0.25, 1]},
								"up": {"uv": [36, 48], "uv_size": [0.5, 0.25]},
								"down": {"uv": [48, 36.25], "uv_size": [0.5, -0.25]}
							}
						},
						{
							"origin": [-2.84134, 0.13945, 4.35274],
							"size": [0.48427, 1.0089, 0.40356],
							"uv": {
								"north": {"uv": [39, 41], "uv_size": [0.5, 1]},
								"east": {"uv": [45, 12], "uv_size": [0.25, 1]},
								"south": {"uv": [41, 39], "uv_size": [0.5, 1]},
								"west": {"uv": [13, 45], "uv_size": [0.25, 1]},
								"up": {"uv": [37, 48], "uv_size": [0.5, 0.25]},
								"down": {"uv": [48, 37.25], "uv_size": [0.5, -0.25]}
							}
						},
						{
							"origin": [-2.84134, 0.1857, 4.16846],
							"size": [0.48427, 1.0089, 0.40356],
							"pivot": [-2.5992, 0.90677, 4.51821],
							"rotation": [45, 0, 0],
							"uv": {
								"north": {"uv": [40, 41], "uv_size": [0.5, 1]},
								"east": {"uv": [45, 13], "uv_size": [0.25, 1]},
								"south": {"uv": [41, 40], "uv_size": [0.5, 1]},
								"west": {"uv": [14, 45], "uv_size": [0.25, 1]},
								"up": {"uv": [38, 48], "uv_size": [0.5, 0.25]},
								"down": {"uv": [48, 38.25], "uv_size": [0.5, -0.25]}
							}
						},
						{
							"origin": [-2.84134, 0.07534, 4.12091],
							"size": [0.48427, 1.0089, 0.40356],
							"pivot": [-2.5992, 0.51323, 4.47066],
							"rotation": [-90, 0, 0],
							"uv": {
								"north": {"uv": [41, 41], "uv_size": [0.5, 1]},
								"east": {"uv": [45, 14], "uv_size": [0.25, 1]},
								"south": {"uv": [0, 42], "uv_size": [0.5, 1]},
								"west": {"uv": [15, 45], "uv_size": [0.25, 1]},
								"up": {"uv": [39, 48], "uv_size": [0.5, 0.25]},
								"down": {"uv": [48, 39.25], "uv_size": [0.5, -0.25]}
							}
						},
						{
							"origin": [-2.84134, 0.11171, 4.41968],
							"size": [0.48427, 1.0089, 0.40356],
							"pivot": [-2.5992, 0.72816, 4.62146],
							"rotation": [-45, 0, 0],
							"uv": {
								"north": {"uv": [42, 0], "uv_size": [0.5, 1]},
								"east": {"uv": [45, 15], "uv_size": [0.25, 1]},
								"south": {"uv": [1, 42], "uv_size": [0.5, 1]},
								"west": {"uv": [16, 45], "uv_size": [0.25, 1]},
								"up": {"uv": [40, 48], "uv_size": [0.5, 0.25]},
								"down": {"uv": [48, 40.25], "uv_size": [0.5, -0.25]}
							}
						}
					]
				},
				{
					"name": "frontcog",
					"parent": "Cogs",
					"pivot": [0.32, 1.5925, -4.72277],
					"cubes": [
						{
							"origin": [2.80438, 0.7967, -4.90757],
							"size": [0.78163, 1.6284, 0.65136],
							"uv": {
								"north": {"uv": [31, 34], "uv_size": [0.75, 1.75]},
								"east": {"uv": [32, 34], "uv_size": [0.75, 1.75]},
								"south": {"uv": [33, 34], "uv_size": [0.75, 1.75]},
								"west": {"uv": [34, 33], "uv_size": [0.75, 1.75]},
								"up": {"uv": [40, 30], "uv_size": [0.75, 0.75]},
								"down": {"uv": [40, 32.75], "uv_size": [0.75, -0.75]}
							}
						},
						{
							"origin": [2.80438, 0.87136, -5.20499],
							"size": [0.78163, 1.6284, 0.65136],
							"pivot": [5.4352, 2.03519, -4.64048],
							"rotation": [45, 0, 0],
							"uv": {
								"north": {"uv": [0, 35], "uv_size": [0.75, 1.75]},
								"east": {"uv": [35, 0], "uv_size": [0.75, 1.75]},
								"south": {"uv": [1, 35], "uv_size": [0.75, 1.75]},
								"west": {"uv": [35, 2], "uv_size": [0.75, 1.75]},
								"up": {"uv": [33, 40], "uv_size": [0.75, 0.75]},
								"down": {"uv": [40, 33.75], "uv_size": [0.75, -0.75]}
							}
						},
						{
							"origin": [2.80438, 0.69321, -5.28174],
							"size": [0.78163, 1.6284, 0.65136],
							"pivot": [5.4352, 1.40001, -4.71723],
							"rotation": [-90, 0, 0],
							"uv": {
								"north": {"uv": [5, 35], "uv_size": [0.75, 1.75]},
								"east": {"uv": [6, 35], "uv_size": [0.75, 1.75]},
								"south": {"uv": [35, 6], "uv_size": [0.75, 1.75]},
								"west": {"uv": [7, 35], "uv_size": [0.75, 1.75]},
								"up": {"uv": [34, 40], "uv_size": [0.75, 0.75]},
								"down": {"uv": [40, 34.75], "uv_size": [0.75, -0.75]}
							}
						},
						{
							"origin": [2.80438, 0.75194, -4.79951],
							"size": [0.78163, 1.6284, 0.65136],
							"pivot": [5.4352, 1.7469, -4.47383],
							"rotation": [-45, 0, 0],
							"uv": {
								"north": {"uv": [8, 35], "uv_size": [0.75, 1.75]},
								"east": {"uv": [35, 8], "uv_size": [0.75, 1.75]},
								"south": {"uv": [9, 35], "uv_size": [0.75, 1.75]},
								"west": {"uv": [10, 35], "uv_size": [0.75, 1.75]},
								"up": {"uv": [35, 40], "uv_size": [0.75, 0.75]},
								"down": {"uv": [40, 36.75], "uv_size": [0.75, -0.75]}
							}
						},
						{
							"origin": [-2.78602, 0.7967, -4.90757],
							"size": [0.78163, 1.6284, 0.65136],
							"uv": {
								"north": {"uv": [12, 35], "uv_size": [0.75, 1.75]},
								"east": {"uv": [35, 12], "uv_size": [0.75, 1.75]},
								"south": {"uv": [14, 35], "uv_size": [0.75, 1.75]},
								"west": {"uv": [15, 35], "uv_size": [0.75, 1.75]},
								"up": {"uv": [40, 37], "uv_size": [0.75, 0.75]},
								"down": {"uv": [40, 38.75], "uv_size": [0.75, -0.75]}
							}
						},
						{
							"origin": [-2.78602, 0.87136, -5.20499],
							"size": [0.78163, 1.6284, 0.65136],
							"pivot": [-4.7952, 2.03519, -4.64048],
							"rotation": [45, 0, 0],
							"uv": {
								"north": {"uv": [16, 35], "uv_size": [0.75, 1.75]},
								"east": {"uv": [17, 35], "uv_size": [0.75, 1.75]},
								"south": {"uv": [35, 17], "uv_size": [0.75, 1.75]},
								"west": {"uv": [18, 35], "uv_size": [0.75, 1.75]},
								"up": {"uv": [39, 40], "uv_size": [0.75, 0.75]},
								"down": {"uv": [40, 39.75], "uv_size": [0.75, -0.75]}
							}
						},
						{
							"origin": [-2.78602, 0.69321, -5.28174],
							"size": [0.78163, 1.6284, 0.65136],
							"pivot": [-4.7952, 1.40001, -4.71723],
							"rotation": [-90, 0, 0],
							"uv": {
								"north": {"uv": [19, 35], "uv_size": [0.75, 1.75]},
								"east": {"uv": [35, 21], "uv_size": [0.75, 1.75]},
								"south": {"uv": [22, 35], "uv_size": [0.75, 1.75]},
								"west": {"uv": [23, 35], "uv_size": [0.75, 1.75]},
								"up": {"uv": [40, 40], "uv_size": [0.75, 0.75]},
								"down": {"uv": [41, 0.75], "uv_size": [0.75, -0.75]}
							}
						},
						{
							"origin": [-2.78602, 0.75194, -4.79951],
							"size": [0.78163, 1.6284, 0.65136],
							"pivot": [-4.7952, 1.7469, -4.47383],
							"rotation": [-45, 0, 0],
							"uv": {
								"north": {"uv": [25, 35], "uv_size": [0.75, 1.75]},
								"east": {"uv": [26, 35], "uv_size": [0.75, 1.75]},
								"south": {"uv": [27, 35], "uv_size": [0.75, 1.75]},
								"west": {"uv": [28, 35], "uv_size": [0.75, 1.75]},
								"up": {"uv": [41, 1], "uv_size": [0.75, 0.75]},
								"down": {"uv": [41, 4.75], "uv_size": [0.75, -0.75]}
							}
						}
					]
				},
				{
					"name": "endcog",
					"parent": "Cogs",
					"pivot": [0.96, 1.5225, 5.75723],
					"cubes": [
						{
							"origin": [2.79844, 0.93361, 5.62048],
							"size": [0.57841, 1.20502, 0.48201],
							"uv": {
								"north": {"uv": [36, 39], "uv_size": [0.5, 1.25]},
								"east": {"uv": [39, 36], "uv_size": [0.5, 1.25]},
								"south": {"uv": [37, 39], "uv_size": [0.5, 1.25]},
								"west": {"uv": [38, 39], "uv_size": [0.5, 1.25]},
								"up": {"uv": [27, 46], "uv_size": [0.5, 0.5]},
								"down": {"uv": [46, 27.5], "uv_size": [0.5, -0.5]}
							}
						},
						{
							"origin": [2.79844, 0.98885, 5.40038],
							"size": [0.57841, 1.20502, 0.48201],
							"pivot": [4.74525, 1.85009, 5.81812],
							"rotation": [45, 0, 0],
							"uv": {
								"north": {"uv": [39, 38], "uv_size": [0.5, 1.25]},
								"east": {"uv": [0, 40], "uv_size": [0.5, 1.25]},
								"south": {"uv": [40, 0], "uv_size": [0.5, 1.25]},
								"west": {"uv": [1, 40], "uv_size": [0.5, 1.25]},
								"up": {"uv": [28, 46], "uv_size": [0.5, 0.5]},
								"down": {"uv": [46, 28.5], "uv_size": [0.5, -0.5]}
							}
						},
						{
							"origin": [2.79844, 0.85703, 5.34359],
							"size": [0.57841, 1.20502, 0.48201],
							"pivot": [4.74525, 1.38005, 5.76133],
							"rotation": [-90, 0, 0],
							"uv": {
								"north": {"uv": [2, 40], "uv_size": [0.5, 1.25]},
								"east": {"uv": [3, 40], "uv_size": [0.5, 1.25]},
								"south": {"uv": [4, 40], "uv_size": [0.5, 1.25]},
								"west": {"uv": [5, 40], "uv_size": [0.5, 1.25]},
								"up": {"uv": [29, 46], "uv_size": [0.5, 0.5]},
								"down": {"uv": [46, 29.5], "uv_size": [0.5, -0.5]}
							}
						},
						{
							"origin": [2.79844, 0.90049, 5.70044],
							"size": [0.57841, 1.20502, 0.48201],
							"pivot": [4.74525, 1.63675, 5.94145],
							"rotation": [-45, 0, 0],
							"uv": {
								"north": {"uv": [6, 40], "uv_size": [0.5, 1.25]},
								"east": {"uv": [40, 6], "uv_size": [0.5, 1.25]},
								"south": {"uv": [7, 40], "uv_size": [0.5, 1.25]},
								"west": {"uv": [8, 40], "uv_size": [0.5, 1.25]},
								"up": {"uv": [30, 46], "uv_size": [0.5, 0.5]},
								"down": {"uv": [46, 30.5], "uv_size": [0.5, -0.5]}
							}
						},
						{
							"origin": [-2.61845, 0.93361, 5.62048],
							"size": [0.57841, 1.20502, 0.48201],
							"uv": {
								"north": {"uv": [40, 8], "uv_size": [0.5, 1.25]},
								"east": {"uv": [9, 40], "uv_size": [0.5, 1.25]},
								"south": {"uv": [10, 40], "uv_size": [0.5, 1.25]},
								"west": {"uv": [11, 40], "uv_size": [0.5, 1.25]},
								"up": {"uv": [31, 46], "uv_size": [0.5, 0.5]},
								"down": {"uv": [46, 31.5], "uv_size": [0.5, -0.5]}
							}
						},
						{
							"origin": [-2.61845, 0.98885, 5.40038],
							"size": [0.57841, 1.20502, 0.48201],
							"pivot": [-2.82525, 1.85009, 5.81812],
							"rotation": [45, 0, 0],
							"uv": {
								"north": {"uv": [12, 40], "uv_size": [0.5, 1.25]},
								"east": {"uv": [40, 12], "uv_size": [0.5, 1.25]},
								"south": {"uv": [13, 40], "uv_size": [0.5, 1.25]},
								"west": {"uv": [14, 40], "uv_size": [0.5, 1.25]},
								"up": {"uv": [32, 46], "uv_size": [0.5, 0.5]},
								"down": {"uv": [46, 32.5], "uv_size": [0.5, -0.5]}
							}
						},
						{
							"origin": [-2.61845, 0.85703, 5.34359],
							"size": [0.57841, 1.20502, 0.48201],
							"pivot": [-2.82525, 1.38005, 5.76133],
							"rotation": [-90, 0, 0],
							"uv": {
								"north": {"uv": [40, 14], "uv_size": [0.5, 1.25]},
								"east": {"uv": [15, 40], "uv_size": [0.5, 1.25]},
								"south": {"uv": [16, 40], "uv_size": [0.5, 1.25]},
								"west": {"uv": [40, 16], "uv_size": [0.5, 1.25]},
								"up": {"uv": [33, 46], "uv_size": [0.5, 0.5]},
								"down": {"uv": [46, 33.5], "uv_size": [0.5, -0.5]}
							}
						},
						{
							"origin": [-2.61845, 0.90049, 5.70044],
							"size": [0.57841, 1.20502, 0.48201],
							"pivot": [-2.82525, 1.63675, 5.94145],
							"rotation": [-45, 0, 0],
							"uv": {
								"north": {"uv": [17, 40], "uv_size": [0.5, 1.25]},
								"east": {"uv": [18, 40], "uv_size": [0.5, 1.25]},
								"south": {"uv": [40, 18], "uv_size": [0.5, 1.25]},
								"west": {"uv": [19, 40], "uv_size": [0.5, 1.25]},
								"up": {"uv": [34, 46], "uv_size": [0.5, 0.5]},
								"down": {"uv": [46, 34.5], "uv_size": [0.5, -0.5]}
							}
						}
					]
				},
				{
					"name": "LeftTrack",
					"pivot": [3.11, 1.2587, 0.6684],
					"cubes": [
						{
							"origin": [2.62, 0, -3.36],
							"size": [0.98, 0.18, 7.95375],
							"uv": {
								"north": {"uv": [9, 20], "uv_size": [-1, 7.75]},
								"east": {"uv": [9, 20], "uv_size": [-1, 7.75]},
								"south": {"uv": [9, 20], "uv_size": [-1, 7.75]},
								"west": {"uv": [9, 20], "uv_size": [-1, 7.75]},
								"up": {"uv": [8, 27.75], "uv_size": [1, -7.75]},
								"down": {"uv": [8, 27.75], "uv_size": [1, -7.75]}
							}
						},
						{
							"origin": [2.62, 2.21397, -5.15946],
							"size": [0.98, 0.18, 11.55],
							"uv": {
								"north": {"uv": [20, 27.5], "uv_size": [-1, -6.5]},
								"east": {"uv": [20, 27.5], "uv_size": [-1, -6.5]},
								"south": {"uv": [20, 27.5], "uv_size": [-1, -6.5]},
								"west": {"uv": [20, 27.5], "uv_size": [-1, -6.5]},
								"up": {"uv": [19, 21], "uv_size": [1, 6.5]},
								"down": {"uv": [19, 21], "uv_size": [1, 6.5]}
							}
						},
						{
							"origin": [2.62, 0, -5.3],
							"size": [0.98, 0.18, 1.94],
							"pivot": [2.62, 0, -3.36],
							"rotation": [-22.5, 0, 0],
							"uv": {
								"north": {"uv": [11, 32], "uv_size": [-1, 2]},
								"east": {"uv": [11, 32], "uv_size": [-1, 2]},
								"south": {"uv": [11, 32], "uv_size": [-1, 2]},
								"west": {"uv": [11, 32], "uv_size": [-1, 2]},
								"up": {"uv": [10, 34], "uv_size": [1, -2]},
								"down": {"uv": [10, 34], "uv_size": [1, -2]}
							}
						},
						{
							"origin": [2.62, 0, 4.61],
							"size": [0.98, 0.18, 1.94],
							"pivot": [2.62, 0, 4.61],
							"rotation": [22.5, 0, 0],
							"uv": {
								"north": {"uv": [10, 32], "uv_size": [1, 2]},
								"east": {"uv": [10, 32], "uv_size": [1, 2]},
								"south": {"uv": [10, 32], "uv_size": [1, 2]},
								"west": {"uv": [10, 32], "uv_size": [1, 2]},
								"up": {"uv": [10, 32], "uv_size": [1, 2]},
								"down": {"uv": [10, 32], "uv_size": [1, 2]}
							}
						},
						{
							"origin": [2.62, 0.74241, -5.81233],
							"size": [0.98, 0.18, 0.66],
							"pivot": [2.62, 0.74241, -5.15233],
							"rotation": [-50, 0, 0],
							"uv": {
								"north": {"uv": [7, 39], "uv_size": [-1, 0.75]},
								"east": {"uv": [7, 39], "uv_size": [-1, 0.75]},
								"south": {"uv": [7, 39], "uv_size": [-1, 0.75]},
								"west": {"uv": [7, 39], "uv_size": [-1, 0.75]},
								"up": {"uv": [6, 39.75], "uv_size": [1, -0.75]},
								"down": {"uv": [6, 39.75], "uv_size": [1, -0.75]}
							}
						},
						{
							"origin": [2.62, 0.74241, 6.40233],
							"size": [0.98, 0.18, 0.66],
							"pivot": [2.62, 0.74241, 6.40233],
							"rotation": [50, 0, 0],
							"uv": {
								"north": {"uv": [6, 39], "uv_size": [1, 0.75]},
								"east": {"uv": [6, 39], "uv_size": [1, 0.75]},
								"south": {"uv": [6, 39], "uv_size": [1, 0.75]},
								"west": {"uv": [6, 39], "uv_size": [1, 0.75]},
								"up": {"uv": [6, 39], "uv_size": [1, 0.75]},
								"down": {"uv": [6, 39], "uv_size": [1, 0.75]}
							}
						},
						{
							"origin": [2.62, 1.248, -6.23657],
							"size": [0.98, 0.18, 0.66],
							"pivot": [2.62, 1.248, -5.57657],
							"rotation": [-87.5, 0, 0],
							"uv": {
								"north": {"uv": [8, 39], "uv_size": [-1, 0.75]},
								"east": {"uv": [8, 39], "uv_size": [-1, 0.75]},
								"south": {"uv": [8, 39], "uv_size": [-1, 0.75]},
								"west": {"uv": [8, 39], "uv_size": [-1, 0.75]},
								"up": {"uv": [7, 39.75], "uv_size": [1, -0.75]},
								"down": {"uv": [7, 39.75], "uv_size": [1, -0.75]}
							}
						},
						{
							"origin": [2.62, 1.248, 6.82657],
							"size": [0.98, 0.18, 0.66],
							"pivot": [2.62, 1.248, 6.82657],
							"rotation": [87.5, 0, 0],
							"uv": {
								"north": {"uv": [7, 39], "uv_size": [1, 0.75]},
								"east": {"uv": [7, 39], "uv_size": [1, 0.75]},
								"south": {"uv": [7, 39], "uv_size": [1, 0.75]},
								"west": {"uv": [7, 39], "uv_size": [1, 0.75]},
								"up": {"uv": [7, 39], "uv_size": [1, 0.75]},
								"down": {"uv": [7, 39], "uv_size": [1, 0.75]}
							}
						},
						{
							"origin": [2.62, 1.90737, -6.26535],
							"size": [0.98, 0.18, 0.66],
							"pivot": [2.62, 1.90737, -5.60535],
							"rotation": [-132.5, 0, 0],
							"uv": {
								"north": {"uv": [9, 39], "uv_size": [-1, 0.75]},
								"east": {"uv": [9, 39], "uv_size": [-1, 0.75]},
								"south": {"uv": [9, 39], "uv_size": [-1, 0.75]},
								"west": {"uv": [9, 39], "uv_size": [-1, 0.75]},
								"up": {"uv": [8, 39.75], "uv_size": [1, -0.75]},
								"down": {"uv": [8, 39.75], "uv_size": [1, -0.75]}
							}
						},
						{
							"origin": [2.62, 1.90737, 6.85535],
							"size": [0.98, 0.18, 0.66],
							"pivot": [2.62, 1.90737, 6.85535],
							"rotation": [132.5, 0, 0],
							"uv": {
								"north": {"uv": [8, 39], "uv_size": [1, 0.75]},
								"east": {"uv": [8, 39], "uv_size": [1, 0.75]},
								"south": {"uv": [8, 39], "uv_size": [1, 0.75]},
								"west": {"uv": [8, 39], "uv_size": [1, 0.75]},
								"up": {"uv": [8, 39], "uv_size": [1, 0.75]},
								"down": {"uv": [8, 39], "uv_size": [1, 0.75]}
							}
						}
					]
				}
			]
		}
	]
}