{
	"format_version": "1.12.0",
	"minecraft:geometry": [
		{
			"description": {
				"identifier": "geometry.plane",
				"texture_width": 16,
				"texture_height": 16,
				"visible_bounds_width": 2,
				"visible_bounds_height": 1.5,
				"visible_bounds_offset": [0, 0.25, 0]
			},
			"bones": [
				{
					"name": "bb_main",
					"pivot": [0, 0, 0],
					"cubes": [
						{"origin": [-1, 0, -6], "size": [2, 1, 11], "uv": [0, 0]},
						{"origin": [-1, 1, 4], "size": [2, 4, 1], "uv": [3, 0]},
						{"origin": [-1, 1, 3], "size": [2, 2, 1], "uv": [2, 0]},
						{"origin": [-7, 0, -2], "size": [6, 1, 1], "uv": [0, 2]},
						{"origin": [1, 0, -2], "size": [6, 1, 1], "uv": [0, 0], "mirror": true},
						{"origin": [-5, 0, -3], "size": [4, 1, 1], "uv": [0, 2]},
						{"origin": [1, 0, -3], "size": [4, 1, 1], "uv": [0, 0], "mirror": true},
						{"origin": [1, 0, 4], "size": [4, 1, 1], "uv": [0, 0], "mirror": true},
						{"origin": [-5, 0, 4], "size": [4, 1, 1], "uv": [0, 2]},
						{"origin": [-3, 0, -4], "size": [2, 1, 1], "uv": [0, 2]},
						{"origin": [1, 0, -4], "size": [2, 1, 1], "uv": [0, 0], "mirror": true},
						{"origin": [1, 0, 3], "size": [2, 1, 1], "uv": [0, 0], "mirror": true},
						{"origin": [-3, 0, 3], "size": [2, 1, 1], "uv": [0, 2]}
					]
				}
			]
		}
	]
}