{
	"format_version": "1.12.0",
	"minecraft:geometry": [
		{
			"description": {
				"identifier": "geometry.qf_6_pounder",
				"texture_width": 32,
				"texture_height": 32,
				"visible_bounds_width": 10,
				"visible_bounds_height": 3,
				"visible_bounds_offset": [0, 0.25, 0]
			},
			"bones": [
				{
					"name": "bb_main",
					"pivot": [0, 0, 0],
					"cubes": [
						{
							"origin": [-0.9, 0.2, 0],
							"size": [1.8, 0.5, 0.4],
							"uv": {
								"north": {"uv": [0, 2], "uv_size": [1.75, 0.5]},
								"east": {"uv": [7, 4], "uv_size": [0.375, 0.5]},
								"south": {"uv": [2, 0], "uv_size": [1.75, 0.5]},
								"west": {"uv": [5, 7], "uv_size": [0.375, 0.5]},
								"up": {"uv": [2, 1], "uv_size": [1.75, 0.375]},
								"down": {"uv": [2, 2.375], "uv_size": [1.75, -0.375]}
							}
						},
						{
							"origin": [0.9, 0.35, 0.15],
							"size": [0.2, 0.1, 0.1],
							"uv": {
								"north": {"uv": [14, 16], "uv_size": [0.25, 0.125]},
								"east": {"uv": [18, 18], "uv_size": [0.125, 0.125]},
								"south": {"uv": [16, 14], "uv_size": [0.25, 0.125]},
								"west": {"uv": [0, 19], "uv_size": [0.125, 0.125]},
								"up": {"uv": [15, 16], "uv_size": [0.25, 0.125]},
								"down": {"uv": [16, 15.125], "uv_size": [0.25, -0.125]}
							}
						},
						{
							"origin": [-1.1, 0.35, 0.15],
							"size": [0.2, 0.1, 0.1],
							"uv": {
								"north": {"uv": [16, 16], "uv_size": [0.25, 0.125]},
								"east": {"uv": [19, 0], "uv_size": [0.125, 0.125]},
								"south": {"uv": [0, 17], "uv_size": [0.25, 0.125]},
								"west": {"uv": [1, 19], "uv_size": [0.125, 0.125]},
								"up": {"uv": [17, 0], "uv_size": [0.25, 0.125]},
								"down": {"uv": [1, 17.125], "uv_size": [0.25, -0.125]}
							}
						},
						{
							"origin": [-0.9, 0.1, -0.10625],
							"size": [1.8, 0.7, 0.1],
							"uv": {
								"north": {"uv": [0, 0], "uv_size": [1.75, 0.75]},
								"east": {"uv": [3, 14], "uv_size": [0.125, 0.75]},
								"south": {"uv": [0, 1], "uv_size": [1.75, 0.75]},
								"west": {"uv": [14, 3], "uv_size": [0.125, 0.75]},
								"up": {"uv": [0, 6], "uv_size": [1.75, 0.125]},
								"down": {"uv": [6, 0.125], "uv_size": [1.75, -0.125]}
							}
						},
						{
							"origin": [0.75, 0.8, -0.10625],
							"size": [0.15, 0.4, 0.1],
							"uv": {
								"north": {"uv": [11, 16], "uv_size": [0.125, 0.375]},
								"east": {"uv": [16, 11], "uv_size": [0.125, 0.375]},
								"south": {"uv": [12, 16], "uv_size": [0.125, 0.375]},
								"west": {"uv": [16, 12], "uv_size": [0.125, 0.375]},
								"up": {"uv": [19, 1], "uv_size": [0.125, 0.125]},
								"down": {"uv": [2, 19.125], "uv_size": [0.125, -0.125]}
							}
						},
						{
							"origin": [0.80436, 0.7532, -0.106],
							"size": [0.15, 0.5, 0.1],
							"pivot": [0.60436, 1.4032, -0.2],
							"rotation": [0, 0, 17.5],
							"uv": {
								"north": {"uv": [5, 14], "uv_size": [0.125, 0.5]},
								"east": {"uv": [14, 5], "uv_size": [0.125, 0.5]},
								"south": {"uv": [6, 14], "uv_size": [0.125, 0.5]},
								"west": {"uv": [14, 6], "uv_size": [0.125, 0.5]},
								"up": {"uv": [19, 2], "uv_size": [0.125, 0.125]},
								"down": {"uv": [3, 19.125], "uv_size": [0.125, -0.125]}
							}
						},
						{
							"origin": [-1.2, 0.8, -0.10725],
							"size": [0.5, 0.5, 0.101],
							"uv": {
								"north": {"uv": [0, 5], "uv_size": [0.5, 0.5]},
								"east": {"uv": [7, 14], "uv_size": [0.125, 0.5]},
								"south": {"uv": [1, 5], "uv_size": [0.5, 0.5]},
								"west": {"uv": [14, 7], "uv_size": [0.125, 0.5]},
								"up": {"uv": [8, 14], "uv_size": [0.5, 0.125]},
								"down": {"uv": [14, 8.125], "uv_size": [0.5, -0.125]}
							}
						},
						{
							"origin": [-1.15, 1.2, -0.10625],
							"size": [0.2, 0.4, 0.1],
							"pivot": [-0.95, 1.6, -0.2],
							"rotation": [0, 0, -38.5],
							"uv": {
								"north": {"uv": [4, 14], "uv_size": [0.25, 0.375]},
								"east": {"uv": [13, 16], "uv_size": [0.125, 0.375]},
								"south": {"uv": [14, 4], "uv_size": [0.25, 0.375]},
								"west": {"uv": [16, 13], "uv_size": [0.125, 0.375]},
								"up": {"uv": [17, 1], "uv_size": [0.25, 0.125]},
								"down": {"uv": [2, 17.125], "uv_size": [0.25, -0.125]}
							}
						},
						{
							"origin": [-0.76825, 1.48701, 0.34125],
							"size": [1.53, 0.1, 0.1],
							"uv": {
								"north": {"uv": [6, 7], "uv_size": [1.5, 0.125]},
								"east": {"uv": [19, 3], "uv_size": [0.125, 0.125]},
								"south": {"uv": [7, 6], "uv_size": [1.5, 0.125]},
								"west": {"uv": [4, 19], "uv_size": [0.125, 0.125]},
								"up": {"uv": [8, 0], "uv_size": [1.5, 0.125]},
								"down": {"uv": [8, 1.125], "uv_size": [1.5, -0.125]}
							}
						},
						{
							"origin": [-1.2, 1.3, -0.10625],
							"size": [0.25, 0.3, 0.1],
							"uv": {
								"north": {"uv": [9, 14], "uv_size": [0.25, 0.25]},
								"east": {"uv": [17, 2], "uv_size": [0.125, 0.25]},
								"south": {"uv": [14, 9], "uv_size": [0.25, 0.25]},
								"west": {"uv": [3, 17], "uv_size": [0.125, 0.25]},
								"up": {"uv": [17, 3], "uv_size": [0.25, 0.125]},
								"down": {"uv": [4, 17.125], "uv_size": [0.25, -0.125]}
							}
						},
						{
							"origin": [-0.15, 0.55, 0.5],
							"size": [0.1, 0.5, 0.2],
							"uv": {
								"north": {"uv": [10, 14], "uv_size": [0.125, 0.5]},
								"east": {"uv": [11, 10], "uv_size": [0.25, 0.5]},
								"south": {"uv": [14, 10], "uv_size": [0.125, 0.5]},
								"west": {"uv": [11, 11], "uv_size": [0.25, 0.5]},
								"up": {"uv": [17, 4], "uv_size": [0.125, 0.25]},
								"down": {"uv": [5, 17.25], "uv_size": [0.125, -0.25]}
							}
						},
						{
							"origin": [0.07, 0.55, 0.5],
							"size": [0.1, 0.5, 0.2],
							"uv": {
								"north": {"uv": [11, 14], "uv_size": [0.125, 0.5]},
								"east": {"uv": [0, 12], "uv_size": [0.25, 0.5]},
								"south": {"uv": [14, 11], "uv_size": [0.125, 0.5]},
								"west": {"uv": [12, 0], "uv_size": [0.25, 0.5]},
								"up": {"uv": [17, 5], "uv_size": [0.125, 0.25]},
								"down": {"uv": [6, 17.25], "uv_size": [0.125, -0.25]}
							}
						}
					]
				},
				{
					"name": "FrontPanel",
					"parent": "bb_main",
					"pivot": [0.00072, 1.14427, 0.39125],
					"rotation": [-17.5, 0, 0],
					"cubes": [
						{
							"origin": [-0.76825, 1.45148, 0.21043],
							"size": [1.53, 0.1, 0.1],
							"uv": {
								"north": {"uv": [2, 8], "uv_size": [1.5, 0.125]},
								"east": {"uv": [19, 4], "uv_size": [0.125, 0.125]},
								"south": {"uv": [8, 2], "uv_size": [1.5, 0.125]},
								"west": {"uv": [5, 19], "uv_size": [0.125, 0.125]},
								"up": {"uv": [4, 8], "uv_size": [1.5, 0.125]},
								"down": {"uv": [8, 4.125], "uv_size": [1.5, -0.125]}
							}
						},
						{
							"origin": [-0.65383, 1.36447, 0.21043],
							"size": [1.33, 0.1, 0.1],
							"uv": {
								"north": {"uv": [11, 1], "uv_size": [1.375, 0.125]},
								"east": {"uv": [19, 5], "uv_size": [0.125, 0.125]},
								"south": {"uv": [2, 11], "uv_size": [1.375, 0.125]},
								"west": {"uv": [6, 19], "uv_size": [0.125, 0.125]},
								"up": {"uv": [11, 2], "uv_size": [1.375, 0.125]},
								"down": {"uv": [11, 3.125], "uv_size": [1.375, -0.125]}
							}
						},
						{
							"origin": [-0.65, 1.26447, 0.21043],
							"size": [1.3, 0.1, 0.1],
							"uv": {
								"north": {"uv": [4, 11], "uv_size": [1.25, 0.125]},
								"east": {"uv": [19, 6], "uv_size": [0.125, 0.125]},
								"south": {"uv": [11, 4], "uv_size": [1.25, 0.125]},
								"west": {"uv": [7, 19], "uv_size": [0.125, 0.125]},
								"up": {"uv": [11, 5], "uv_size": [1.25, 0.125]},
								"down": {"uv": [6, 11.125], "uv_size": [1.25, -0.125]}
							}
						},
						{
							"origin": [-0.7, 1.16447, 0.21043],
							"size": [1, 0.1, 0.1],
							"uv": {
								"north": {"uv": [1, 12], "uv_size": [1, 0.125]},
								"east": {"uv": [19, 7], "uv_size": [0.125, 0.125]},
								"south": {"uv": [2, 12], "uv_size": [1, 0.125]},
								"west": {"uv": [8, 19], "uv_size": [0.125, 0.125]},
								"up": {"uv": [3, 12], "uv_size": [1, 0.125]},
								"down": {"uv": [4, 12.125], "uv_size": [1, -0.125]}
							}
						},
						{
							"origin": [-0.6, 0.96447, 0.21043],
							"size": [1.2, 0.1, 0.1],
							"uv": {
								"north": {"uv": [11, 6], "uv_size": [1.25, 0.125]},
								"east": {"uv": [19, 8], "uv_size": [0.125, 0.125]},
								"south": {"uv": [11, 7], "uv_size": [1.25, 0.125]},
								"west": {"uv": [9, 19], "uv_size": [0.125, 0.125]},
								"up": {"uv": [8, 11], "uv_size": [1.25, 0.125]},
								"down": {"uv": [11, 8.125], "uv_size": [1.25, -0.125]}
							}
						},
						{
							"origin": [-0.6, 0.76447, 0.21043],
							"size": [0.45, 0.1, 0.1],
							"uv": {
								"north": {"uv": [12, 14], "uv_size": [0.5, 0.125]},
								"east": {"uv": [19, 9], "uv_size": [0.125, 0.125]},
								"south": {"uv": [14, 12], "uv_size": [0.5, 0.125]},
								"west": {"uv": [10, 19], "uv_size": [0.125, 0.125]},
								"up": {"uv": [13, 14], "uv_size": [0.5, 0.125]},
								"down": {"uv": [14, 13.125], "uv_size": [0.5, -0.125]}
							}
						},
						{
							"origin": [0.15, 0.76447, 0.21043],
							"size": [0.45, 0.1, 0.1],
							"uv": {
								"north": {"uv": [14, 14], "uv_size": [0.5, 0.125]},
								"east": {"uv": [19, 10], "uv_size": [0.125, 0.125]},
								"south": {"uv": [0, 15], "uv_size": [0.5, 0.125]},
								"west": {"uv": [11, 19], "uv_size": [0.125, 0.125]},
								"up": {"uv": [15, 0], "uv_size": [0.5, 0.125]},
								"down": {"uv": [1, 15.125], "uv_size": [0.5, -0.125]}
							}
						},
						{
							"origin": [0.15, 0.5645, 0.21043],
							"size": [0.45, 0.2, 0.1],
							"uv": {
								"north": {"uv": [5, 12], "uv_size": [0.5, 0.25]},
								"east": {"uv": [17, 6], "uv_size": [0.125, 0.25]},
								"south": {"uv": [6, 12], "uv_size": [0.5, 0.25]},
								"west": {"uv": [7, 17], "uv_size": [0.125, 0.25]},
								"up": {"uv": [15, 1], "uv_size": [0.5, 0.125]},
								"down": {"uv": [2, 15.125], "uv_size": [0.5, -0.125]}
							}
						},
						{
							"origin": [-0.6, 0.5645, 0.21043],
							"size": [0.45, 0.2, 0.1],
							"uv": {
								"north": {"uv": [7, 12], "uv_size": [0.5, 0.25]},
								"east": {"uv": [17, 7], "uv_size": [0.125, 0.25]},
								"south": {"uv": [8, 12], "uv_size": [0.5, 0.25]},
								"west": {"uv": [8, 17], "uv_size": [0.125, 0.25]},
								"up": {"uv": [15, 2], "uv_size": [0.5, 0.125]},
								"down": {"uv": [3, 15.125], "uv_size": [0.5, -0.125]}
							}
						},
						{
							"origin": [-0.6, 0.86447, 0.21043],
							"size": [0.45, 0.1, 0.1],
							"uv": {
								"north": {"uv": [15, 3], "uv_size": [0.5, 0.125]},
								"east": {"uv": [19, 11], "uv_size": [0.125, 0.125]},
								"south": {"uv": [4, 15], "uv_size": [0.5, 0.125]},
								"west": {"uv": [12, 19], "uv_size": [0.125, 0.125]},
								"up": {"uv": [15, 4], "uv_size": [0.5, 0.125]},
								"down": {"uv": [5, 15.125], "uv_size": [0.5, -0.125]}
							}
						},
						{
							"origin": [0.15, 0.86447, 0.21043],
							"size": [0.45, 0.1, 0.1],
							"uv": {
								"north": {"uv": [15, 5], "uv_size": [0.5, 0.125]},
								"east": {"uv": [19, 12], "uv_size": [0.125, 0.125]},
								"south": {"uv": [6, 15], "uv_size": [0.5, 0.125]},
								"west": {"uv": [13, 19], "uv_size": [0.125, 0.125]},
								"up": {"uv": [15, 6], "uv_size": [0.5, 0.125]},
								"down": {"uv": [7, 15.125], "uv_size": [0.5, -0.125]}
							}
						},
						{
							"origin": [-0.76248, 0.44848, 0.21043],
							"size": [0.1, 1, 0.1],
							"pivot": [-0.76825, 1.45148, 0.21043],
							"rotation": [0, 0, -10],
							"uv": {
								"north": {"uv": [9, 12], "uv_size": [0.125, 1]},
								"east": {"uv": [12, 9], "uv_size": [0.125, 1]},
								"south": {"uv": [10, 12], "uv_size": [0.125, 1]},
								"west": {"uv": [12, 10], "uv_size": [0.125, 1]},
								"up": {"uv": [19, 13], "uv_size": [0.125, 0.125]},
								"down": {"uv": [14, 19.125], "uv_size": [0.125, -0.125]}
							}
						},
						{
							"origin": [0.66175, 0.45148, 0.21043],
							"size": [0.1, 1, 0.1],
							"pivot": [0.76175, 1.45148, 0.21043],
							"rotation": [0, 0, 10],
							"uv": {
								"north": {"uv": [11, 12], "uv_size": [0.125, 1]},
								"east": {"uv": [12, 11], "uv_size": [0.125, 1]},
								"south": {"uv": [12, 12], "uv_size": [0.125, 1]},
								"west": {"uv": [0, 13], "uv_size": [0.125, 1]},
								"up": {"uv": [19, 14], "uv_size": [0.125, 0.125]},
								"down": {"uv": [15, 19.125], "uv_size": [0.125, -0.125]}
							}
						},
						{
							"origin": [-0.65, 1.06447, 0.21043],
							"size": [0.95, 0.1, 0.1],
							"uv": {
								"north": {"uv": [13, 0], "uv_size": [1, 0.125]},
								"east": {"uv": [19, 15], "uv_size": [0.125, 0.125]},
								"south": {"uv": [1, 13], "uv_size": [1, 0.125]},
								"west": {"uv": [16, 19], "uv_size": [0.125, 0.125]},
								"up": {"uv": [13, 1], "uv_size": [1, 0.125]},
								"down": {"uv": [2, 13.125], "uv_size": [1, -0.125]}
							}
						}
					]
				},
				{
					"name": "LeftPanel",
					"parent": "bb_main",
					"pivot": [0.76421, 1.5022, 0.30344],
					"cubes": [
						{
							"origin": [0.23402, 0.68701, 0.87057],
							"size": [0.1, 0.9, 0.15],
							"pivot": [-0.48019, 0.05437, -0.19416],
							"rotation": [0, 30.5, 0],
							"uv": {
								"north": {"uv": [13, 8], "uv_size": [0.125, 0.875]},
								"east": {"uv": [9, 13], "uv_size": [0.125, 0.875]},
								"south": {"uv": [13, 9], "uv_size": [0.125, 0.875]},
								"west": {"uv": [10, 13], "uv_size": [0.125, 0.875]},
								"up": {"uv": [19, 16], "uv_size": [0.125, 0.125]},
								"down": {"uv": [17, 19.125], "uv_size": [0.125, -0.125]}
							}
						},
						{
							"origin": [0.23402, 0.68701, 0.62057],
							"size": [0.1, 0.1, 0.25],
							"pivot": [-0.48019, 0.05437, -0.19416],
							"rotation": [0, 30.5, 0],
							"uv": {
								"north": {"uv": [19, 17], "uv_size": [0.125, 0.125]},
								"east": {"uv": [17, 8], "uv_size": [0.25, 0.125]},
								"south": {"uv": [18, 19], "uv_size": [0.125, 0.125]},
								"west": {"uv": [9, 17], "uv_size": [0.25, 0.125]},
								"up": {"uv": [17, 9], "uv_size": [0.125, 0.25]},
								"down": {"uv": [10, 17.25], "uv_size": [0.125, -0.25]}
							}
						},
						{
							"origin": [0.23402, 0.78701, 0.68057],
							"size": [0.1, 0.1, 0.19],
							"pivot": [-0.48019, 0.05437, -0.19416],
							"rotation": [0, 30.5, 0],
							"uv": {
								"north": {"uv": [19, 18], "uv_size": [0.125, 0.125]},
								"east": {"uv": [17, 10], "uv_size": [0.25, 0.125]},
								"south": {"uv": [19, 19], "uv_size": [0.125, 0.125]},
								"west": {"uv": [11, 17], "uv_size": [0.25, 0.125]},
								"up": {"uv": [17, 11], "uv_size": [0.125, 0.25]},
								"down": {"uv": [12, 17.25], "uv_size": [0.125, -0.25]}
							}
						},
						{
							"origin": [0.23402, 0.88701, 0.7006],
							"size": [0.1, 0.1, 0.17],
							"pivot": [-0.48019, 0.05437, -0.19416],
							"rotation": [0, 30.5, 0],
							"uv": {
								"north": {"uv": [0, 20], "uv_size": [0.125, 0.125]},
								"east": {"uv": [20, 0], "uv_size": [0.125, 0.125]},
								"south": {"uv": [1, 20], "uv_size": [0.125, 0.125]},
								"west": {"uv": [20, 1], "uv_size": [0.125, 0.125]},
								"up": {"uv": [2, 20], "uv_size": [0.125, 0.125]},
								"down": {"uv": [20, 2.125], "uv_size": [0.125, -0.125]}
							}
						},
						{
							"origin": [0.23402, 0.98701, 0.72057],
							"size": [0.1, 0.1, 0.15],
							"pivot": [-0.48019, 0.05437, -0.19416],
							"rotation": [0, 30.5, 0],
							"uv": {
								"north": {"uv": [3, 20], "uv_size": [0.125, 0.125]},
								"east": {"uv": [20, 3], "uv_size": [0.125, 0.125]},
								"south": {"uv": [4, 20], "uv_size": [0.125, 0.125]},
								"west": {"uv": [20, 4], "uv_size": [0.125, 0.125]},
								"up": {"uv": [5, 20], "uv_size": [0.125, 0.125]},
								"down": {"uv": [20, 5.125], "uv_size": [0.125, -0.125]}
							}
						},
						{
							"origin": [0.23402, 1.08701, 0.77057],
							"size": [0.1, 0.1, 0.1],
							"pivot": [-0.48019, 0.05437, -0.19416],
							"rotation": [0, 30.5, 0],
							"uv": {
								"north": {"uv": [6, 20], "uv_size": [0.125, 0.125]},
								"east": {"uv": [20, 6], "uv_size": [0.125, 0.125]},
								"south": {"uv": [7, 20], "uv_size": [0.125, 0.125]},
								"west": {"uv": [20, 7], "uv_size": [0.125, 0.125]},
								"up": {"uv": [8, 20], "uv_size": [0.125, 0.125]},
								"down": {"uv": [20, 8.125], "uv_size": [0.125, -0.125]}
							}
						},
						{
							"origin": [0.23402, 1.18701, 0.78057],
							"size": [0.1, 0.1, 0.09],
							"pivot": [-0.48019, 0.05437, -0.19416],
							"rotation": [0, 30.5, 0],
							"uv": {
								"north": {"uv": [9, 20], "uv_size": [0.125, 0.125]},
								"east": {"uv": [20, 9], "uv_size": [0.125, 0.125]},
								"south": {"uv": [10, 20], "uv_size": [0.125, 0.125]},
								"west": {"uv": [20, 10], "uv_size": [0.125, 0.125]},
								"up": {"uv": [11, 20], "uv_size": [0.125, 0.125]},
								"down": {"uv": [20, 11.125], "uv_size": [0.125, -0.125]}
							}
						},
						{
							"origin": [0.23402, 1.28701, 0.81057],
							"size": [0.1, 0.1, 0.06],
							"pivot": [-0.48019, 0.05437, -0.19416],
							"rotation": [0, 30.5, 0],
							"uv": {
								"north": {"uv": [12, 20], "uv_size": [0.125, 0.125]},
								"east": {"uv": [20, 12], "uv_size": [0.125, 0.125]},
								"south": {"uv": [13, 20], "uv_size": [0.125, 0.125]},
								"west": {"uv": [20, 13], "uv_size": [0.125, 0.125]},
								"up": {"uv": [14, 20], "uv_size": [0.125, 0.125]},
								"down": {"uv": [20, 14.125], "uv_size": [0.125, -0.125]}
							}
						},
						{
							"origin": [0.23402, 0.90625, 0.36042],
							"size": [0.1, 0.93, 0.05],
							"pivot": [-0.48019, 0.05437, -0.19416],
							"rotation": [-17.5, 30.5, 0],
							"uv": {
								"north": {"uv": [13, 10], "uv_size": [0.125, 0.875]},
								"east": {"uv": [11, 13], "uv_size": [0.125, 0.875]},
								"south": {"uv": [13, 11], "uv_size": [0.125, 0.875]},
								"west": {"uv": [12, 13], "uv_size": [0.125, 0.875]},
								"up": {"uv": [15, 20], "uv_size": [0.125, 0.125]},
								"down": {"uv": [20, 15.125], "uv_size": [0.125, -0.125]}
							}
						},
						{
							"origin": [0.23402, 1.08701, 1.02057],
							"size": [0.1, 0.5, 0.3],
							"pivot": [-0.48019, 0.05437, -0.19416],
							"rotation": [0, 30.5, 0],
							"uv": {
								"north": {"uv": [15, 7], "uv_size": [0.125, 0.5]},
								"east": {"uv": [13, 2], "uv_size": [0.25, 0.5]},
								"south": {"uv": [8, 15], "uv_size": [0.125, 0.5]},
								"west": {"uv": [3, 13], "uv_size": [0.25, 0.5]},
								"up": {"uv": [17, 12], "uv_size": [0.125, 0.25]},
								"down": {"uv": [13, 17.25], "uv_size": [0.125, -0.25]}
							}
						},
						{
							"origin": [0.23402, 0.23747, 1.24525],
							"size": [0.1, 0.2, 0.3],
							"pivot": [-0.48019, 0.05437, -0.19416],
							"rotation": [30, 30.5, 0],
							"uv": {
								"north": {"uv": [17, 13], "uv_size": [0.125, 0.25]},
								"east": {"uv": [15, 8], "uv_size": [0.25, 0.25]},
								"south": {"uv": [14, 17], "uv_size": [0.125, 0.25]},
								"west": {"uv": [9, 15], "uv_size": [0.25, 0.25]},
								"up": {"uv": [17, 14], "uv_size": [0.125, 0.25]},
								"down": {"uv": [15, 17.25], "uv_size": [0.125, -0.25]}
							}
						}
					]
				},
				{
					"name": "RightPanel",
					"parent": "bb_main",
					"pivot": [-0.76421, 1.0022, 0.80344],
					"cubes": [
						{
							"origin": [-0.33402, 0.68701, 0.87057],
							"size": [0.1, 0.9, 0.15],
							"pivot": [0.48019, 0.05437, -0.19416],
							"rotation": [0, -30.5, 0],
							"uv": {
								"north": {"uv": [13, 12], "uv_size": [0.125, 0.875]},
								"east": {"uv": [13, 13], "uv_size": [0.125, 0.875]},
								"south": {"uv": [0, 14], "uv_size": [0.125, 0.875]},
								"west": {"uv": [14, 0], "uv_size": [0.125, 0.875]},
								"up": {"uv": [16, 20], "uv_size": [0.125, 0.125]},
								"down": {"uv": [20, 16.125], "uv_size": [0.125, -0.125]}
							}
						},
						{
							"origin": [-0.33402, 0.68701, 0.62057],
							"size": [0.1, 0.1, 0.25],
							"pivot": [0.48019, 0.05437, -0.19416],
							"rotation": [0, -30.5, 0],
							"uv": {
								"north": {"uv": [17, 20], "uv_size": [0.125, 0.125]},
								"east": {"uv": [17, 15], "uv_size": [0.25, 0.125]},
								"south": {"uv": [20, 17], "uv_size": [0.125, 0.125]},
								"west": {"uv": [16, 17], "uv_size": [0.25, 0.125]},
								"up": {"uv": [17, 16], "uv_size": [0.125, 0.25]},
								"down": {"uv": [17, 17.25], "uv_size": [0.125, -0.25]}
							}
						},
						{
							"origin": [-0.33402, 0.78701, 0.68057],
							"size": [0.1, 0.1, 0.19],
							"pivot": [0.48019, 0.05437, -0.19416],
							"rotation": [0, -30.5, 0],
							"uv": {
								"north": {"uv": [18, 20], "uv_size": [0.125, 0.125]},
								"east": {"uv": [0, 18], "uv_size": [0.25, 0.125]},
								"south": {"uv": [20, 18], "uv_size": [0.125, 0.125]},
								"west": {"uv": [18, 0], "uv_size": [0.25, 0.125]},
								"up": {"uv": [1, 18], "uv_size": [0.125, 0.25]},
								"down": {"uv": [18, 1.25], "uv_size": [0.125, -0.25]}
							}
						},
						{
							"origin": [-0.33402, 0.88701, 0.70057],
							"size": [0.1, 0.1, 0.17],
							"pivot": [0.48019, 0.05437, -0.19416],
							"rotation": [0, -30.5, 0],
							"uv": {
								"north": {"uv": [19, 20], "uv_size": [0.125, 0.125]},
								"east": {"uv": [20, 19], "uv_size": [0.125, 0.125]},
								"south": {"uv": [20, 20], "uv_size": [0.125, 0.125]},
								"west": {"uv": [0, 21], "uv_size": [0.125, 0.125]},
								"up": {"uv": [21, 0], "uv_size": [0.125, 0.125]},
								"down": {"uv": [1, 21.125], "uv_size": [0.125, -0.125]}
							}
						},
						{
							"origin": [-0.33402, 0.98701, 0.72057],
							"size": [0.1, 0.1, 0.15],
							"pivot": [0.48019, 0.05437, -0.19416],
							"rotation": [0, -30.5, 0],
							"uv": {
								"north": {"uv": [21, 1], "uv_size": [0.125, 0.125]},
								"east": {"uv": [2, 21], "uv_size": [0.125, 0.125]},
								"south": {"uv": [21, 2], "uv_size": [0.125, 0.125]},
								"west": {"uv": [3, 21], "uv_size": [0.125, 0.125]},
								"up": {"uv": [21, 3], "uv_size": [0.125, 0.125]},
								"down": {"uv": [4, 21.125], "uv_size": [0.125, -0.125]}
							}
						},
						{
							"origin": [-0.33402, 1.08701, 0.77057],
							"size": [0.1, 0.1, 0.1],
							"pivot": [0.48019, 0.05437, -0.19416],
							"rotation": [0, -30.5, 0],
							"uv": {
								"north": {"uv": [21, 4], "uv_size": [0.125, 0.125]},
								"east": {"uv": [5, 21], "uv_size": [0.125, 0.125]},
								"south": {"uv": [21, 5], "uv_size": [0.125, 0.125]},
								"west": {"uv": [6, 21], "uv_size": [0.125, 0.125]},
								"up": {"uv": [21, 6], "uv_size": [0.125, 0.125]},
								"down": {"uv": [7, 21.125], "uv_size": [0.125, -0.125]}
							}
						},
						{
							"origin": [-0.33402, 1.18701, 0.78057],
							"size": [0.1, 0.1, 0.09],
							"pivot": [0.48019, 0.05437, -0.19416],
							"rotation": [0, -30.5, 0],
							"uv": {
								"north": {"uv": [21, 7], "uv_size": [0.125, 0.125]},
								"east": {"uv": [8, 21], "uv_size": [0.125, 0.125]},
								"south": {"uv": [21, 8], "uv_size": [0.125, 0.125]},
								"west": {"uv": [9, 21], "uv_size": [0.125, 0.125]},
								"up": {"uv": [21, 9], "uv_size": [0.125, 0.125]},
								"down": {"uv": [10, 21.125], "uv_size": [0.125, -0.125]}
							}
						},
						{
							"origin": [-0.33402, 1.28701, 0.81057],
							"size": [0.1, 0.1, 0.06],
							"pivot": [0.48019, 0.05437, -0.19416],
							"rotation": [0, -30.5, 0],
							"uv": {
								"north": {"uv": [21, 10], "uv_size": [0.125, 0.125]},
								"east": {"uv": [11, 21], "uv_size": [0.125, 0.125]},
								"south": {"uv": [21, 11], "uv_size": [0.125, 0.125]},
								"west": {"uv": [12, 21], "uv_size": [0.125, 0.125]},
								"up": {"uv": [21, 12], "uv_size": [0.125, 0.125]},
								"down": {"uv": [13, 21.125], "uv_size": [0.125, -0.125]}
							}
						},
						{
							"origin": [-0.33402, 0.90625, 0.36042],
							"size": [0.1, 0.93, 0.05],
							"pivot": [0.48019, 0.05437, -0.19416],
							"rotation": [-17.5, -30.5, 0],
							"uv": {
								"north": {"uv": [1, 14], "uv_size": [0.125, 0.875]},
								"east": {"uv": [14, 1], "uv_size": [0.125, 0.875]},
								"south": {"uv": [2, 14], "uv_size": [0.125, 0.875]},
								"west": {"uv": [14, 2], "uv_size": [0.125, 0.875]},
								"up": {"uv": [21, 13], "uv_size": [0.125, 0.125]},
								"down": {"uv": [14, 21.125], "uv_size": [0.125, -0.125]}
							}
						},
						{
							"origin": [-0.33502, 1.08701, 1.02057],
							"size": [0.101, 0.5, 0.3],
							"pivot": [0.48019, 0.05437, -0.19416],
							"rotation": [0, -30.5, 0],
							"uv": {
								"north": {"uv": [15, 9], "uv_size": [0.125, 0.5]},
								"east": {"uv": [13, 3], "uv_size": [0.25, 0.5]},
								"south": {"uv": [10, 15], "uv_size": [0.125, 0.5]},
								"west": {"uv": [4, 13], "uv_size": [0.25, 0.5]},
								"up": {"uv": [2, 18], "uv_size": [0.125, 0.25]},
								"down": {"uv": [18, 2.25], "uv_size": [0.125, -0.25]}
							}
						},
						{
							"origin": [-0.33402, 0.23747, 1.24525],
							"size": [0.1, 0.2, 0.3],
							"pivot": [0.48019, 0.05437, -0.19416],
							"rotation": [30, -30.5, 0],
							"uv": {
								"north": {"uv": [3, 18], "uv_size": [0.125, 0.25]},
								"east": {"uv": [15, 10], "uv_size": [0.25, 0.25]},
								"south": {"uv": [18, 3], "uv_size": [0.125, 0.25]},
								"west": {"uv": [11, 15], "uv_size": [0.25, 0.25]},
								"up": {"uv": [4, 18], "uv_size": [0.125, 0.25]},
								"down": {"uv": [18, 4.25], "uv_size": [0.125, -0.25]}
							}
						}
					]
				},
				{
					"name": "Support",
					"parent": "bb_main",
					"pivot": [-0.1, 0.7, 0.9],
					"rotation": [-7.97532, -19.82169, 2.71994],
					"cubes": [
						{
							"origin": [-0.25, 0.5, 0.4],
							"size": [0.15, 0.2, 0.5],
							"uv": {
								"north": {"uv": [5, 18], "uv_size": [0.125, 0.25]},
								"east": {"uv": [13, 4], "uv_size": [0.5, 0.25]},
								"south": {"uv": [18, 5], "uv_size": [0.125, 0.25]},
								"west": {"uv": [5, 13], "uv_size": [0.5, 0.25]},
								"up": {"uv": [15, 11], "uv_size": [0.125, 0.5]},
								"down": {"uv": [12, 15.5], "uv_size": [0.125, -0.5]}
							}
						},
						{
							"origin": [-0.25, 0.67101, 0.86985],
							"size": [0.15, 0.2, 0.5],
							"pivot": [-0.1, 0.7, 0.4],
							"rotation": [-20, 0, 0],
							"uv": {
								"north": {"uv": [6, 18], "uv_size": [0.125, 0.25]},
								"east": {"uv": [13, 5], "uv_size": [0.5, 0.25]},
								"south": {"uv": [18, 6], "uv_size": [0.125, 0.25]},
								"west": {"uv": [6, 13], "uv_size": [0.5, 0.25]},
								"up": {"uv": [15, 12], "uv_size": [0.125, 0.5]},
								"down": {"uv": [13, 15.5], "uv_size": [0.125, -0.5]}
							}
						},
						{
							"origin": [-0.25, 0.34105, 1.30144],
							"size": [0.15, 0.2, 2],
							"uv": {
								"north": {"uv": [7, 18], "uv_size": [0.125, 0.25]},
								"east": {"uv": [0, 4], "uv_size": [2, 0.25]},
								"south": {"uv": [18, 7], "uv_size": [0.125, 0.25]},
								"west": {"uv": [4, 0], "uv_size": [2, 0.25]},
								"up": {"uv": [2, 5], "uv_size": [0.125, 2]},
								"down": {"uv": [5, 4], "uv_size": [0.125, -2]}
							}
						},
						{
							"origin": [-0.43152, 0.43, 3.10252],
							"size": [0.1, 0.05, 0.05],
							"pivot": [-0.43152, 0.3021, 3.60252],
							"rotation": [0, -42.5, 0],
							"uv": {
								"north": {"uv": [21, 14], "uv_size": [0.125, 0.125]},
								"east": {"uv": [15, 21], "uv_size": [0.125, 0.125]},
								"south": {"uv": [21, 15], "uv_size": [0.125, 0.125]},
								"west": {"uv": [16, 21], "uv_size": [0.125, 0.125]},
								"up": {"uv": [21, 16], "uv_size": [0.125, 0.125]},
								"down": {"uv": [17, 21.125], "uv_size": [0.125, -0.125]}
							}
						},
						{
							"origin": [0.0178, 0.43, 3.17008],
							"size": [0.1, 0.05, 0.05],
							"pivot": [0.0178, 0.21315, 3.67008],
							"rotation": [0, 42.5, 0],
							"uv": {
								"north": {"uv": [21, 17], "uv_size": [0.125, 0.125]},
								"east": {"uv": [18, 21], "uv_size": [0.125, 0.125]},
								"south": {"uv": [21, 18], "uv_size": [0.125, 0.125]},
								"west": {"uv": [19, 21], "uv_size": [0.125, 0.125]},
								"up": {"uv": [21, 19], "uv_size": [0.125, 0.125]},
								"down": {"uv": [20, 21.125], "uv_size": [0.125, -0.125]}
							}
						},
						{
							"origin": [-0.32, 0.34105, 3.30144],
							"size": [0.3, 0.2, 0.05],
							"uv": {
								"north": {"uv": [15, 13], "uv_size": [0.25, 0.25]},
								"east": {"uv": [8, 18], "uv_size": [0.125, 0.25]},
								"south": {"uv": [14, 15], "uv_size": [0.25, 0.25]},
								"west": {"uv": [18, 8], "uv_size": [0.125, 0.25]},
								"up": {"uv": [9, 18], "uv_size": [0.25, 0.125]},
								"down": {"uv": [18, 9.125], "uv_size": [0.25, -0.125]}
							}
						}
					]
				},
				{
					"name": "Support2",
					"parent": "bb_main",
					"pivot": [0.1, 0.7, 0.9],
					"rotation": [-7.97532, 19.82169, -2.71994],
					"cubes": [
						{
							"origin": [0.1, 0.5, 0.4],
							"size": [0.15, 0.2, 0.5],
							"uv": {
								"north": {"uv": [10, 18], "uv_size": [0.125, 0.25]},
								"east": {"uv": [13, 6], "uv_size": [0.5, 0.25]},
								"south": {"uv": [18, 10], "uv_size": [0.125, 0.25]},
								"west": {"uv": [7, 13], "uv_size": [0.5, 0.25]},
								"up": {"uv": [15, 14], "uv_size": [0.125, 0.5]},
								"down": {"uv": [15, 15.5], "uv_size": [0.125, -0.5]}
							}
						},
						{
							"origin": [0.1, 0.67101, 0.86985],
							"size": [0.15, 0.2, 0.5],
							"pivot": [0.1, 0.7, 0.4],
							"rotation": [-20, 0, 0],
							"uv": {
								"north": {"uv": [11, 18], "uv_size": [0.125, 0.25]},
								"east": {"uv": [13, 7], "uv_size": [0.5, 0.25]},
								"south": {"uv": [18, 11], "uv_size": [0.125, 0.25]},
								"west": {"uv": [8, 13], "uv_size": [0.5, 0.25]},
								"up": {"uv": [0, 16], "uv_size": [0.125, 0.5]},
								"down": {"uv": [16, 0.5], "uv_size": [0.125, -0.5]}
							}
						},
						{
							"origin": [0.1, 0.34105, 1.30144],
							"size": [0.15, 0.2, 2],
							"uv": {
								"north": {"uv": [12, 18], "uv_size": [0.125, 0.25]},
								"east": {"uv": [4, 1], "uv_size": [2, 0.25]},
								"south": {"uv": [18, 12], "uv_size": [0.125, 0.25]},
								"west": {"uv": [2, 4], "uv_size": [2, 0.25]},
								"up": {"uv": [3, 5], "uv_size": [0.125, 2]},
								"down": {"uv": [5, 6], "uv_size": [0.125, -2]}
							}
						},
						{
							"origin": [0.07, 0.34105, 3.30144],
							"size": [0.2, 0.2, 0.05],
							"uv": {
								"north": {"uv": [1, 16], "uv_size": [0.25, 0.25]},
								"east": {"uv": [13, 18], "uv_size": [0.125, 0.25]},
								"south": {"uv": [16, 1], "uv_size": [0.25, 0.25]},
								"west": {"uv": [18, 13], "uv_size": [0.125, 0.25]},
								"up": {"uv": [14, 18], "uv_size": [0.25, 0.125]},
								"down": {"uv": [18, 14.125], "uv_size": [0.25, -0.125]}
							}
						},
						{
							"origin": [0.02, 0.34105, 3.30144],
							"size": [0.3, 0.2, 0.05],
							"uv": {
								"north": {"uv": [2, 16], "uv_size": [0.25, 0.25]},
								"east": {"uv": [15, 18], "uv_size": [0.125, 0.25]},
								"south": {"uv": [16, 2], "uv_size": [0.25, 0.25]},
								"west": {"uv": [18, 15], "uv_size": [0.125, 0.25]},
								"up": {"uv": [16, 18], "uv_size": [0.25, 0.125]},
								"down": {"uv": [18, 16.125], "uv_size": [0.25, -0.125]}
							}
						},
						{
							"origin": [0.02, 0.43, 3.3014],
							"size": [0.1, 0.05, 0.05],
							"pivot": [0.02, 0.48, 3.3014],
							"rotation": [0, 42.5, 0],
							"uv": {
								"north": {"uv": [21, 20], "uv_size": [0.125, 0.125]},
								"east": {"uv": [21, 21], "uv_size": [0.125, 0.125]},
								"south": {"uv": [0, 22], "uv_size": [0.125, 0.125]},
								"west": {"uv": [22, 0], "uv_size": [0.125, 0.125]},
								"up": {"uv": [1, 22], "uv_size": [0.125, 0.125]},
								"down": {"uv": [22, 1.125], "uv_size": [0.125, -0.125]}
							}
						},
						{
							"origin": [-0.09152, 0.43, 3.10252],
							"size": [0.1, 0.05, 0.05],
							"pivot": [-0.09152, 0.39105, 3.60252],
							"rotation": [0, -42.5, 0],
							"uv": {
								"north": {"uv": [2, 22], "uv_size": [0.125, 0.125]},
								"east": {"uv": [22, 2], "uv_size": [0.125, 0.125]},
								"south": {"uv": [3, 22], "uv_size": [0.125, 0.125]},
								"west": {"uv": [22, 3], "uv_size": [0.125, 0.125]},
								"up": {"uv": [4, 22], "uv_size": [0.125, 0.125]},
								"down": {"uv": [22, 4.125], "uv_size": [0.125, -0.125]}
							}
						}
					]
				},
				{
					"name": "Gun",
					"parent": "bb_main",
					"pivot": [0.00333, 0.9, 0.61667],
					"cubes": [
						{
							"origin": [-0.08753, 0.9, -0.73667],
							"size": [0.174, 0.174, 1.682],
							"uv": {
								"north": {"uv": [5, 22], "uv_size": [0.125, 0.125]},
								"east": {"uv": [6, 1], "uv_size": [1.625, 0.125]},
								"south": {"uv": [22, 5], "uv_size": [0.125, 0.125]},
								"west": {"uv": [6, 2], "uv_size": [1.625, 0.125]},
								"up": {"uv": [6, 3], "uv_size": [0.125, 1.625]},
								"down": {"uv": [4, 7.625], "uv_size": [0.125, -1.625]}
							}
						},
						{
							"origin": [-0.05853, 0.9348, -2.41867],
							"size": [0.116, 0.116, 1.682],
							"uv": {
								"north": {"uv": [6, 22], "uv_size": [0.125, 0.125]},
								"east": {"uv": [5, 6], "uv_size": [1.625, 0.125]},
								"south": {"uv": [22, 6], "uv_size": [0.125, 0.125]},
								"west": {"uv": [6, 5], "uv_size": [1.625, 0.125]},
								"up": {"uv": [0, 7], "uv_size": [0.125, 1.625]},
								"down": {"uv": [1, 8.625], "uv_size": [0.125, -1.625]}
							}
						},
						{
							"origin": [-0.14553, 0.784, -0.67867],
							"size": [0.29, 0.116, 1.624],
							"uv": {
								"north": {"uv": [17, 18], "uv_size": [0.25, 0.125]},
								"east": {"uv": [2, 7], "uv_size": [1.625, 0.125]},
								"south": {"uv": [18, 17], "uv_size": [0.25, 0.125]},
								"west": {"uv": [7, 3], "uv_size": [1.625, 0.125]},
								"up": {"uv": [4, 2], "uv_size": [0.25, 1.625]},
								"down": {"uv": [4, 5.625], "uv_size": [0.25, -1.625]}
							}
						},
						{
							"origin": [-0.17453, 0.784, 0.94533],
							"size": [0.348, 0.348, 0.464],
							"uv": {
								"north": {"uv": [11, 9], "uv_size": [0.375, 0.375]},
								"east": {"uv": [8, 5], "uv_size": [0.5, 0.375]},
								"south": {"uv": [10, 11], "uv_size": [0.375, 0.375]},
								"west": {"uv": [6, 8], "uv_size": [0.5, 0.375]},
								"up": {"uv": [7, 8], "uv_size": [0.375, 0.5]},
								"down": {"uv": [8, 7.5], "uv_size": [0.375, -0.5]}
							}
						}
					]
				},
				{
					"name": "Wheels",
					"parent": "bb_main",
					"pivot": [0.1, 0.37701, 0.1884],
					"cubes": [
						{
							"origin": [1, 0.02, 0.05],
							"size": [0.25625, 0.73, 0.3],
							"uv": {
								"north": {"uv": [8, 8], "uv_size": [0.25, 0.75]},
								"east": {"uv": [0, 9], "uv_size": [0.25, 0.75]},
								"south": {"uv": [1, 9], "uv_size": [0.25, 0.75]},
								"west": {"uv": [2, 9], "uv_size": [0.25, 0.75]},
								"up": {"uv": [3, 16], "uv_size": [0.25, 0.25]},
								"down": {"uv": [16, 3.25], "uv_size": [0.25, -0.25]}
							}
						},
						{
							"origin": [-1.19375, 0.02, 0.05],
							"size": [0.25625, 0.73, 0.3],
							"uv": {
								"north": {"uv": [3, 9], "uv_size": [0.25, 0.75]},
								"east": {"uv": [9, 3], "uv_size": [0.25, 0.75]},
								"south": {"uv": [4, 9], "uv_size": [0.25, 0.75]},
								"west": {"uv": [5, 9], "uv_size": [0.25, 0.75]},
								"up": {"uv": [4, 16], "uv_size": [0.25, 0.25]},
								"down": {"uv": [16, 4.25], "uv_size": [0.25, -0.25]}
							}
						},
						{
							"origin": [1, 0.02308, 0.08027],
							"size": [0.25625, 0.73, 0.3],
							"pivot": [0.95, 0.42308, 0.21835],
							"rotation": [-45, 0, 0],
							"uv": {
								"north": {"uv": [9, 5], "uv_size": [0.25, 0.75]},
								"east": {"uv": [6, 9], "uv_size": [0.25, 0.75]},
								"south": {"uv": [9, 6], "uv_size": [0.25, 0.75]},
								"west": {"uv": [7, 9], "uv_size": [0.25, 0.75]},
								"up": {"uv": [5, 16], "uv_size": [0.25, 0.25]},
								"down": {"uv": [16, 5.25], "uv_size": [0.25, -0.25]}
							}
						},
						{
							"origin": [-1.19375, 0.02308, 0.08027],
							"size": [0.25625, 0.73, 0.3],
							"pivot": [-0.95, 0.42308, 0.21835],
							"rotation": [-45, 0, 0],
							"uv": {
								"north": {"uv": [9, 7], "uv_size": [0.25, 0.75]},
								"east": {"uv": [8, 9], "uv_size": [0.25, 0.75]},
								"south": {"uv": [9, 8], "uv_size": [0.25, 0.75]},
								"west": {"uv": [9, 9], "uv_size": [0.25, 0.75]},
								"up": {"uv": [6, 16], "uv_size": [0.25, 0.25]},
								"down": {"uv": [16, 6.25], "uv_size": [0.25, -0.25]}
							}
						},
						{
							"origin": [1, -0.02997, 0.04408],
							"size": [0.25625, 0.73, 0.3],
							"pivot": [0.95, 0.37003, 0.13672],
							"rotation": [45, 0, 0],
							"uv": {
								"north": {"uv": [0, 10], "uv_size": [0.25, 0.75]},
								"east": {"uv": [10, 0], "uv_size": [0.25, 0.75]},
								"south": {"uv": [1, 10], "uv_size": [0.25, 0.75]},
								"west": {"uv": [10, 1], "uv_size": [0.25, 0.75]},
								"up": {"uv": [7, 16], "uv_size": [0.25, 0.25]},
								"down": {"uv": [16, 7.25], "uv_size": [0.25, -0.25]}
							}
						},
						{
							"origin": [-1.19375, -0.02997, 0.04408],
							"size": [0.25625, 0.73, 0.3],
							"pivot": [-0.95, 0.37003, 0.13672],
							"rotation": [45, 0, 0],
							"uv": {
								"north": {"uv": [2, 10], "uv_size": [0.25, 0.75]},
								"east": {"uv": [10, 2], "uv_size": [0.25, 0.75]},
								"south": {"uv": [3, 10], "uv_size": [0.25, 0.75]},
								"west": {"uv": [10, 3], "uv_size": [0.25, 0.75]},
								"up": {"uv": [8, 16], "uv_size": [0.25, 0.25]},
								"down": {"uv": [16, 8.25], "uv_size": [0.25, -0.25]}
							}
						},
						{
							"origin": [1, 0.02, 0.12],
							"size": [0.25625, 0.73, 0.3],
							"pivot": [0.95, 0.42, 0.23787],
							"rotation": [-90, 0, 0],
							"uv": {
								"north": {"uv": [4, 10], "uv_size": [0.25, 0.75]},
								"east": {"uv": [10, 4], "uv_size": [0.25, 0.75]},
								"south": {"uv": [5, 10], "uv_size": [0.25, 0.75]},
								"west": {"uv": [10, 5], "uv_size": [0.25, 0.75]},
								"up": {"uv": [9, 16], "uv_size": [0.25, 0.25]},
								"down": {"uv": [16, 9.25], "uv_size": [0.25, -0.25]}
							}
						},
						{
							"origin": [-1.19375, 0.02, 0.12],
							"size": [0.25625, 0.73, 0.3],
							"pivot": [-0.95, 0.42, 0.23787],
							"rotation": [-90, 0, 0],
							"uv": {
								"north": {"uv": [6, 10], "uv_size": [0.25, 0.75]},
								"east": {"uv": [10, 6], "uv_size": [0.25, 0.75]},
								"south": {"uv": [7, 10], "uv_size": [0.25, 0.75]},
								"west": {"uv": [10, 7], "uv_size": [0.25, 0.75]},
								"up": {"uv": [10, 16], "uv_size": [0.25, 0.25]},
								"down": {"uv": [16, 10.25], "uv_size": [0.25, -0.25]}
							}
						},
						{
							"origin": [0.99, 0.02, -0.16],
							"size": [0.27625, 0.73, 0.73],
							"uv": {
								"north": {"uv": [8, 10], "uv_size": [0.25, 0.75]},
								"east": {"uv": [0, 3], "uv_size": [0.75, 0.75]},
								"south": {"uv": [10, 8], "uv_size": [0.25, 0.75]},
								"west": {"uv": [1, 3], "uv_size": [0.75, 0.75]},
								"up": {"uv": [9, 10], "uv_size": [0.25, 0.75]},
								"down": {"uv": [10, 9.75], "uv_size": [0.25, -0.75]}
							}
						},
						{
							"origin": [-1.20375, 0.02, -0.16],
							"size": [0.27625, 0.73, 0.73],
							"uv": {
								"north": {"uv": [10, 10], "uv_size": [0.25, 0.75]},
								"east": {"uv": [2, 3], "uv_size": [0.75, 0.75]},
								"south": {"uv": [0, 11], "uv_size": [0.25, 0.75]},
								"west": {"uv": [3, 3], "uv_size": [0.75, 0.75]},
								"up": {"uv": [11, 0], "uv_size": [0.25, 0.75]},
								"down": {"uv": [1, 11.75], "uv_size": [0.25, -0.75]}
							}
						}
					]
				}
			]
		}
	]
}