{
	"format_version": "1.12.0",
	"minecraft:geometry": [
		{
			"description": {
				"identifier": "geometry.su-76",
				"texture_width": 64,
				"texture_height": 64,
				"visible_bounds_width": 6,
				"visible_bounds_height": 3.5,
				"visible_bounds_offset": [0, 1.25, 0]
			},
			"bones": [
				{
					"name": "main_tracks",
					"pivot": [0.5, 1.44242, 0.40954],
					"cubes": [
						{
							"origin": [3.036, 0.10393, -3.94837],
							"size": [1.018, 0.204, 8.772],
							"uv": {
								"north": {"uv": [27, 0], "uv_size": [-1, 9]},
								"east": {"uv": [27, 0], "uv_size": [-1, 9]},
								"south": {"uv": [27, 0], "uv_size": [-1, 9]},
								"west": {"uv": [27, 0], "uv_size": [-1, 9]},
								"up": {"uv": [26, 9], "uv_size": [1, -9]},
								"down": {"uv": [26, 9], "uv_size": [1, -9]}
							}
						},
						{
							"origin": [3.036, 1.58721, 4.52859],
							"size": [1.018, 0.204, 2.244],
							"pivot": [3.75, 1.58721, 8.40459],
							"rotation": [22.5, 0, 0],
							"uv": {
								"north": {"uv": [22, 37], "uv_size": [-1, 2]},
								"east": {"uv": [22, 37], "uv_size": [-1, 2]},
								"south": {"uv": [22, 37], "uv_size": [-1, 2]},
								"west": {"uv": [22, 37], "uv_size": [-1, 2]},
								"up": {"uv": [21, 39], "uv_size": [1, -2]},
								"down": {"uv": [21, 39], "uv_size": [1, -2]}
							}
						},
						{
							"origin": [3.036, 4.23166, 5.10339],
							"size": [1.018, 0.204, 0.714],
							"pivot": [3.75, 4.23166, 8.97939],
							"rotation": [57.5, 0, 0],
							"uv": {
								"north": {"uv": [14, 49], "uv_size": [-1, 0.5]},
								"east": {"uv": [14, 49], "uv_size": [-1, 0.5]},
								"south": {"uv": [14, 49], "uv_size": [-1, 0.5]},
								"west": {"uv": [14, 49], "uv_size": [-1, 0.5]},
								"up": {"uv": [13, 49.5], "uv_size": [1, -0.5]},
								"down": {"uv": [13, 49.5], "uv_size": [1, -0.5]}
							}
						},
						{
							"origin": [3.036, 4.83384, 1.32187],
							"size": [1.018, 0.204, 0.918],
							"pivot": [3.75, 4.83384, 5.19787],
							"rotation": [122.5, 0, 0],
							"uv": {
								"north": {"uv": [35, 37], "uv_size": [-1, 1]},
								"east": {"uv": [35, 37], "uv_size": [-1, 1]},
								"south": {"uv": [35, 37], "uv_size": [-1, 1]},
								"west": {"uv": [35, 37], "uv_size": [-1, 1]},
								"up": {"uv": [34, 38], "uv_size": [1, -1]},
								"down": {"uv": [34, 38], "uv_size": [1, -1]}
							}
						},
						{
							"origin": [3.036, 2.39894, -5.82326],
							"size": [1.018, 0.204, 12.597],
							"pivot": [3.852, 2.65394, 0.39874],
							"rotation": [-2.5, 0, 0],
							"uv": {
								"north": {"uv": [5, 32.5], "uv_size": [-1, -12.5]},
								"east": {"uv": [5, 32.5], "uv_size": [-1, -12.5]},
								"south": {"uv": [5, 32.5], "uv_size": [-1, -12.5]},
								"west": {"uv": [5, 32.5], "uv_size": [-1, -12.5]},
								"up": {"uv": [4, 20], "uv_size": [1, 12.5]},
								"down": {"uv": [4, 20], "uv_size": [1, 12.5]}
							}
						},
						{
							"origin": [3.036, 6.20738, -8.48545],
							"size": [1.018, 0.204, 0.969],
							"pivot": [3.852, 6.46238, -2.87545],
							"rotation": [50, 0, 0],
							"uv": {
								"north": {"uv": [42, 11], "uv_size": [-1, -1]},
								"east": {"uv": [42, 11], "uv_size": [-1, -1]},
								"south": {"uv": [42, 11], "uv_size": [-1, -1]},
								"west": {"uv": [42, 11], "uv_size": [-1, -1]},
								"up": {"uv": [41, 10], "uv_size": [1, 1]},
								"down": {"uv": [41, 10], "uv_size": [1, 1]}
							}
						},
						{
							"origin": [3.036, 6.5894, -12.93511],
							"size": [1.018, 0.204, 0.816],
							"pivot": [3.852, 6.8444, -7.32511],
							"rotation": [100, 0, 0],
							"uv": {
								"north": {"uv": [42, 13], "uv_size": [-1, -1]},
								"east": {"uv": [42, 13], "uv_size": [-1, -1]},
								"south": {"uv": [42, 13], "uv_size": [-1, -1]},
								"west": {"uv": [42, 13], "uv_size": [-1, -1]},
								"up": {"uv": [41, 12], "uv_size": [1, 1]},
								"down": {"uv": [41, 12], "uv_size": [1, 1]}
							}
						},
						{
							"origin": [3.036, 2.36465, -6.04718],
							"size": [1.018, 0.204, 2.652],
							"pivot": [3.75, 2.36465, -8.29118],
							"rotation": [-27.5, 0, 0],
							"uv": {
								"north": {"uv": [13, 32], "uv_size": [-1, 2.5]},
								"east": {"uv": [13, 32], "uv_size": [-1, 2.5]},
								"south": {"uv": [13, 32], "uv_size": [-1, 2.5]},
								"west": {"uv": [13, 32], "uv_size": [-1, 2.5]},
								"up": {"uv": [12, 34.5], "uv_size": [1, -2.5]},
								"down": {"uv": [12, 34.5], "uv_size": [1, -2.5]}
							}
						},
						{
							"origin": [-3.054, 0.10393, -3.94837],
							"size": [1.018, 0.204, 8.772],
							"uv": {
								"north": {"uv": [28, 0], "uv_size": [-1, 9]},
								"east": {"uv": [28, 0], "uv_size": [-1, 9]},
								"south": {"uv": [28, 0], "uv_size": [-1, 9]},
								"west": {"uv": [28, 0], "uv_size": [-1, 9]},
								"up": {"uv": [27, 9], "uv_size": [1, -9]},
								"down": {"uv": [27, 9], "uv_size": [1, -9]}
							}
						},
						{
							"origin": [-3.054, 1.58721, 4.52859],
							"size": [1.018, 0.204, 2.244],
							"pivot": [-2.75, 1.58721, 8.40459],
							"rotation": [22.5, 0, 0],
							"uv": {
								"north": {"uv": [29, 37], "uv_size": [-1, 2]},
								"east": {"uv": [29, 37], "uv_size": [-1, 2]},
								"south": {"uv": [29, 37], "uv_size": [-1, 2]},
								"west": {"uv": [29, 37], "uv_size": [-1, 2]},
								"up": {"uv": [28, 39], "uv_size": [1, -2]},
								"down": {"uv": [28, 39], "uv_size": [1, -2]}
							}
						},
						{
							"origin": [-3.054, 4.23166, 5.10339],
							"size": [1.018, 0.204, 0.714],
							"pivot": [-2.75, 4.23166, 8.97939],
							"rotation": [57.5, 0, 0],
							"uv": {
								"north": {"uv": [31, 49], "uv_size": [-1, 0.5]},
								"east": {"uv": [31, 49], "uv_size": [-1, 0.5]},
								"south": {"uv": [31, 49], "uv_size": [-1, 0.5]},
								"west": {"uv": [31, 49], "uv_size": [-1, 0.5]},
								"up": {"uv": [30, 49.5], "uv_size": [1, -0.5]},
								"down": {"uv": [30, 49.5], "uv_size": [1, -0.5]}
							}
						},
						{
							"origin": [-3.054, 4.83384, 1.32187],
							"size": [1.018, 0.204, 0.918],
							"pivot": [-2.75, 4.83384, 5.19787],
							"rotation": [122.5, 0, 0],
							"uv": {
								"north": {"uv": [42, 21], "uv_size": [-1, 1]},
								"east": {"uv": [42, 21], "uv_size": [-1, 1]},
								"south": {"uv": [42, 21], "uv_size": [-1, 1]},
								"west": {"uv": [42, 21], "uv_size": [-1, 1]},
								"up": {"uv": [41, 22], "uv_size": [1, -1]},
								"down": {"uv": [41, 22], "uv_size": [1, -1]}
							}
						},
						{
							"origin": [-3.054, 2.39894, -5.82326],
							"size": [1.018, 0.204, 12.597],
							"pivot": [-2.852, 2.65394, 0.39874],
							"rotation": [-2.5, 0, 0],
							"uv": {
								"north": {"uv": [7, 32.5], "uv_size": [-1, -12.5]},
								"east": {"uv": [7, 32.5], "uv_size": [-1, -12.5]},
								"south": {"uv": [7, 32.5], "uv_size": [-1, -12.5]},
								"west": {"uv": [7, 32.5], "uv_size": [-1, -12.5]},
								"up": {"uv": [6, 20], "uv_size": [1, 12.5]},
								"down": {"uv": [6, 20], "uv_size": [1, 12.5]}
							}
						},
						{
							"origin": [-3.054, 6.20738, -8.48545],
							"size": [1.018, 0.204, 0.969],
							"pivot": [-2.852, 6.46238, -2.87545],
							"rotation": [50, 0, 0],
							"uv": {
								"north": {"uv": [42, 23], "uv_size": [-1, -1]},
								"east": {"uv": [42, 23], "uv_size": [-1, -1]},
								"south": {"uv": [42, 23], "uv_size": [-1, -1]},
								"west": {"uv": [42, 23], "uv_size": [-1, -1]},
								"up": {"uv": [41, 22], "uv_size": [1, 1]},
								"down": {"uv": [41, 22], "uv_size": [1, 1]}
							}
						},
						{
							"origin": [-3.054, 6.5894, -12.93511],
							"size": [1.018, 0.204, 0.816],
							"pivot": [-2.852, 6.8444, -7.32511],
							"rotation": [100, 0, 0],
							"uv": {
								"north": {"uv": [25, 42], "uv_size": [-1, -1]},
								"east": {"uv": [25, 42], "uv_size": [-1, -1]},
								"south": {"uv": [25, 42], "uv_size": [-1, -1]},
								"west": {"uv": [25, 42], "uv_size": [-1, -1]},
								"up": {"uv": [24, 41], "uv_size": [1, 1]},
								"down": {"uv": [24, 41], "uv_size": [1, 1]}
							}
						},
						{
							"origin": [-3.054, 2.36465, -6.04718],
							"size": [1.018, 0.204, 2.652],
							"pivot": [-2.75, 2.36465, -8.29118],
							"rotation": [-27.5, 0, 0],
							"uv": {
								"north": {"uv": [5, 33], "uv_size": [-1, 2.5]},
								"east": {"uv": [5, 33], "uv_size": [-1, 2.5]},
								"south": {"uv": [5, 33], "uv_size": [-1, 2.5]},
								"west": {"uv": [5, 33], "uv_size": [-1, 2.5]},
								"up": {"uv": [4, 35.5], "uv_size": [1, -2.5]},
								"down": {"uv": [4, 35.5], "uv_size": [1, -2.5]}
							}
						}
					]
				},
				{
					"name": "main_hull",
					"pivot": [0.5, 2.12605, -2.88418],
					"cubes": [
						{
							"origin": [-2, 1.20084, 1.69265],
							"size": [0.25, 2.65, 4.65],
							"uv": {
								"north": {"uv": [18, 40], "uv_size": [0.5, 2.5]},
								"east": {"uv": [20, 0], "uv_size": [5, 2.5]},
								"south": {"uv": [19, 40], "uv_size": [0.5, 2.5]},
								"west": {"uv": [20, 3], "uv_size": [5, 2.5]},
								"up": {"uv": [5, 33], "uv_size": [0.5, 5]},
								"down": {"uv": [6, 38], "uv_size": [0.5, -5]}
							}
						},
						{
							"origin": [-1.75, 1.20084, 5.94265],
							"size": [3.75, 2.75, 0.4],
							"uv": {
								"north": {"uv": [18, 24], "uv_size": [4.5, 2.5]},
								"east": {"uv": [8, 41], "uv_size": [0.5, 2.5]},
								"south": {"uv": [23, 24], "uv_size": [4.5, 2.5]},
								"west": {"uv": [9, 41], "uv_size": [0.5, 2.5]},
								"up": {"uv": [36, 32], "uv_size": [4.5, 0.5]},
								"down": {"uv": [36, 33.5], "uv_size": [4.5, -0.5]}
							}
						},
						{
							"origin": [-1.75, 1.45084, 1.54265],
							"size": [1.5, 2.4, 1.65],
							"uv": {
								"north": {"uv": [41, 4], "uv_size": [2.5, 0.5]},
								"east": {"uv": [49, 7], "uv_size": [1.5, 0.5]},
								"south": {"uv": [41, 6], "uv_size": [2.5, 0.5]},
								"west": {"uv": [49, 8], "uv_size": [1.5, 0.5]},
								"up": {"uv": [29, 31], "uv_size": [2.5, 1.5]},
								"down": {"uv": [32, 10.5], "uv_size": [2.5, -1.5]}
							}
						},
						{
							"origin": [2, 1.20084, 1.69265],
							"size": [1, 2.65, 4.65],
							"uv": {
								"north": {"uv": [6, 41], "uv_size": [0.5, 2.5]},
								"east": {"uv": [21, 18], "uv_size": [5, 2.5]},
								"south": {"uv": [7, 41], "uv_size": [0.5, 2.5]},
								"west": {"uv": [23, 21], "uv_size": [5, 2.5]},
								"up": {"uv": [34, 27], "uv_size": [0.5, 5]},
								"down": {"uv": [29, 39], "uv_size": [0.5, -5]}
							}
						},
						{
							"origin": [-2, 1.20084, -3.45735],
							"size": [5, 2.65, 5.15],
							"uv": {
								"north": {"uv": [13, 21], "uv_size": [5, 2.5]},
								"east": {"uv": [8, 24], "uv_size": [4.5, 2.5]},
								"south": {"uv": [18, 21], "uv_size": [5, 2.5]},
								"west": {"uv": [13, 24], "uv_size": [4.5, 2.5]},
								"up": {"uv": [15, 0], "uv_size": [5, 4.5]},
								"down": {"uv": [15, 9.5], "uv_size": [5, -4.5]}
							}
						},
						{
							"origin": [-2, 0.75743, -4.19804],
							"size": [5, 0.4, 3.1],
							"pivot": [0.4, -1.54307, -6.89804],
							"rotation": [32.5, 0, 0],
							"uv": {
								"north": {"uv": [29, 33], "uv_size": [5, 0.5]},
								"east": {"uv": [5, 38], "uv_size": [3, 0.5]},
								"south": {"uv": [34, 2], "uv_size": [5, 0.5]},
								"west": {"uv": [9, 38], "uv_size": [3, 0.5]},
								"up": {"uv": [11, 18], "uv_size": [5, 3]},
								"down": {"uv": [16, 21], "uv_size": [5, -3]}
							}
						},
						{
							"origin": [-2, 0.79129, -6.1675],
							"size": [5, 1.2, 1],
							"pivot": [0.5, 1.79129, -5.5175],
							"rotation": [127.5, 0, 0],
							"uv": {
								"north": {"uv": [29, 26], "uv_size": [5, 1]},
								"east": {"uv": [28, 41], "uv_size": [1, 1]},
								"south": {"uv": [29, 27], "uv_size": [5, 1]},
								"west": {"uv": [29, 41], "uv_size": [1, 1]},
								"up": {"uv": [29, 28], "uv_size": [5, 1]},
								"down": {"uv": [29, 30], "uv_size": [5, -1]}
							}
						},
						{
							"origin": [-2, 1.59129, -6.1675],
							"size": [5, 0.4, 1.3],
							"pivot": [0.5, 1.79129, -5.5175],
							"rotation": [127.5, 0, 0],
							"uv": {
								"north": {"uv": [34, 3], "uv_size": [5, 0.5]},
								"east": {"uv": [42, 32], "uv_size": [1.5, 0.5]},
								"south": {"uv": [34, 4], "uv_size": [5, 0.5]},
								"west": {"uv": [34, 42], "uv_size": [1.5, 0.5]},
								"up": {"uv": [26, 18], "uv_size": [5, 1.5]},
								"down": {"uv": [8, 28.5], "uv_size": [5, -1.5]}
							}
						},
						{
							"origin": [-2, 1.15386, -5.28047],
							"size": [5, 0.4, 11.5],
							"uv": {
								"north": {"uv": [34, 5], "uv_size": [5, 0.5]},
								"east": {"uv": [28, 23], "uv_size": [11.5, 0.5]},
								"south": {"uv": [34, 11], "uv_size": [5, 0.5]},
								"west": {"uv": [28, 24], "uv_size": [11.5, 0.5]},
								"up": {"uv": [0, 0], "uv_size": [5, 11.5]},
								"down": {"uv": [5, 11.5], "uv_size": [5, -11.5]}
							}
						},
						{
							"origin": [-2, 1.15386, -5.28047],
							"size": [5, 1.2, 5.3],
							"uv": {
								"north": {"uv": [29, 30], "uv_size": [5, 1]},
								"east": {"uv": [20, 9], "uv_size": [5.5, 1]},
								"south": {"uv": [31, 1], "uv_size": [5, 1]},
								"west": {"uv": [28, 25], "uv_size": [5.5, 1]},
								"up": {"uv": [10, 0], "uv_size": [5, 5.5]},
								"down": {"uv": [10, 11.5], "uv_size": [5, -5.5]}
							}
						}
					]
				},
				{
					"name": "track_cover",
					"parent": "main_hull",
					"pivot": [0, -4.25, 12.25],
					"cubes": [
						{
							"origin": [3.004, 2.7713, -5.80454],
							"size": [1.1, 0.2, 12.75],
							"pivot": [4.004, 2.8713, 0.24546],
							"rotation": [-2.5, 0, 0],
							"uv": {
								"north": {"uv": [44, 49], "uv_size": [1, 0.5]},
								"east": {"uv": [26, 20], "uv_size": [13, 0.5]},
								"south": {"uv": [45, 49], "uv_size": [1, 0.5]},
								"west": {"uv": [13, 27], "uv_size": [13, 0.5]},
								"up": {"uv": [0, 20], "uv_size": [1, 13]},
								"down": {"uv": [1, 33], "uv_size": [1, -13]}
							}
						},
						{
							"origin": [3.004, 1.1713, -5.80454],
							"size": [0.05, 1.8, 12.75],
							"pivot": [4.004, 2.8713, 0.24546],
							"rotation": [-2.5, 0, 0],
							"uv": {
								"north": {"uv": [41, 29], "uv_size": [0.5, 2]},
								"east": {"uv": [0, 12], "uv_size": [13, 2]},
								"south": {"uv": [31, 41], "uv_size": [0.5, 2]},
								"west": {"uv": [13, 12], "uv_size": [13, 2]},
								"up": {"uv": [26, 27], "uv_size": [0.5, 13]},
								"down": {"uv": [27, 40], "uv_size": [0.5, -13]}
							}
						},
						{
							"origin": [3.004, 2.81672, -4.91377],
							"size": [0.05, 1.8, 1.7],
							"pivot": [4.004, 4.51672, -9.91377],
							"rotation": [-17.5, 0, 0],
							"uv": {
								"north": {"uv": [41, 31], "uv_size": [0.5, 2]},
								"east": {"uv": [32, 11], "uv_size": [1.5, 2]},
								"south": {"uv": [32, 41], "uv_size": [0.5, 2]},
								"west": {"uv": [15, 32], "uv_size": [1.5, 2]},
								"up": {"uv": [42, 34], "uv_size": [0.5, 1.5]},
								"down": {"uv": [36, 43.5], "uv_size": [0.5, -1.5]}
							}
						},
						{
							"origin": [3.004, 0.88067, -4.03507],
							"size": [0.05, 1.8, 10.9],
							"uv": {
								"north": {"uv": [33, 41], "uv_size": [0.5, 2]},
								"east": {"uv": [15, 10], "uv_size": [11, 2]},
								"south": {"uv": [41, 36], "uv_size": [0.5, 2]},
								"west": {"uv": [0, 16], "uv_size": [11, 2]},
								"up": {"uv": [24, 28], "uv_size": [0.5, 11]},
								"down": {"uv": [25, 39], "uv_size": [0.5, -11]}
							}
						},
						{
							"origin": [3.004, 2.64013, -7.14797],
							"size": [1.1, 0.2, 1.6],
							"pivot": [3.554, 2.74013, -6.14797],
							"rotation": [45, 0, 0],
							"uv": {
								"north": {"uv": [46, 49], "uv_size": [1, 0.5]},
								"east": {"uv": [42, 36], "uv_size": [1.5, 0.5]},
								"south": {"uv": [47, 49], "uv_size": [1, 0.5]},
								"west": {"uv": [42, 37], "uv_size": [1.5, 0.5]},
								"up": {"uv": [39, 3], "uv_size": [1, 1.5]},
								"down": {"uv": [5, 40.5], "uv_size": [1, -1.5]}
							}
						},
						{
							"origin": [3.004, 1.44013, -7.14797],
							"size": [0.05, 1.4, 1.6],
							"pivot": [3.554, 2.74013, -6.14797],
							"rotation": [45, 0, 0],
							"uv": {
								"north": {"uv": [42, 38], "uv_size": [0.5, 1.5]},
								"east": {"uv": [30, 34], "uv_size": [1.5, 1.5]},
								"south": {"uv": [42, 40], "uv_size": [0.5, 1.5]},
								"west": {"uv": [32, 34], "uv_size": [1.5, 1.5]},
								"up": {"uv": [42, 42], "uv_size": [0.5, 1.5]},
								"down": {"uv": [43, 8.5], "uv_size": [0.5, -1.5]}
							}
						},
						{
							"origin": [3.004, 1.11378, -5.93584],
							"size": [0.05, 1.4, 1.6],
							"uv": {
								"north": {"uv": [43, 9], "uv_size": [0.5, 1.5]},
								"east": {"uv": [34, 32], "uv_size": [1.5, 1.5]},
								"south": {"uv": [43, 13], "uv_size": [0.5, 1.5]},
								"west": {"uv": [34, 34], "uv_size": [1.5, 1.5]},
								"up": {"uv": [43, 15], "uv_size": [0.5, 1.5]},
								"down": {"uv": [16, 44.5], "uv_size": [0.5, -1.5]}
							}
						},
						{
							"origin": [-3.104, 2.7713, -5.80454],
							"size": [1.1, 0.2, 12.75],
							"pivot": [-3.004, 2.8713, 0.24546],
							"rotation": [-2.5, 0, 0],
							"uv": {
								"north": {"uv": [49, 47], "uv_size": [1, 0.5]},
								"east": {"uv": [27, 13], "uv_size": [13, 0.5]},
								"south": {"uv": [48, 49], "uv_size": [1, 0.5]},
								"west": {"uv": [27, 14], "uv_size": [13, 0.5]},
								"up": {"uv": [2, 20], "uv_size": [1, 13]},
								"down": {"uv": [3, 33], "uv_size": [1, -13]}
							}
						},
						{
							"origin": [-2.054, 1.1713, -5.80454],
							"size": [0.05, 1.8, 12.75],
							"pivot": [-3.004, 2.8713, 0.24546],
							"rotation": [-2.5, 0, 0],
							"uv": {
								"north": {"uv": [37, 41], "uv_size": [0.5, 2]},
								"east": {"uv": [0, 14], "uv_size": [13, 2]},
								"south": {"uv": [38, 41], "uv_size": [0.5, 2]},
								"west": {"uv": [13, 14], "uv_size": [13, 2]},
								"up": {"uv": [13, 28], "uv_size": [0.5, 13]},
								"down": {"uv": [14, 41], "uv_size": [0.5, -13]}
							}
						},
						{
							"origin": [-2.054, 2.81672, -4.91377],
							"size": [0.05, 1.8, 1.7],
							"pivot": [-3.004, 4.51672, -9.91377],
							"rotation": [-17.5, 0, 0],
							"uv": {
								"north": {"uv": [39, 41], "uv_size": [0.5, 2]},
								"east": {"uv": [17, 32], "uv_size": [1.5, 2]},
								"south": {"uv": [41, 39], "uv_size": [0.5, 2]},
								"west": {"uv": [19, 32], "uv_size": [1.5, 2]},
								"up": {"uv": [17, 43], "uv_size": [0.5, 1.5]},
								"down": {"uv": [43, 18.5], "uv_size": [0.5, -1.5]}
							}
						},
						{
							"origin": [-2.054, 0.88067, -4.03507],
							"size": [0.05, 1.8, 10.9],
							"uv": {
								"north": {"uv": [41, 41], "uv_size": [0.5, 2]},
								"east": {"uv": [11, 16], "uv_size": [11, 2]},
								"south": {"uv": [3, 42], "uv_size": [0.5, 2]},
								"west": {"uv": [0, 18], "uv_size": [11, 2]},
								"up": {"uv": [28, 26], "uv_size": [0.5, 11]},
								"down": {"uv": [8, 40], "uv_size": [0.5, -11]}
							}
						},
						{
							"origin": [-3.104, 2.64013, -7.14797],
							"size": [1.1, 0.2, 1.6],
							"pivot": [-2.554, 2.74013, -6.14797],
							"rotation": [45, 0, 0],
							"uv": {
								"north": {"uv": [49, 48], "uv_size": [1, 0.5]},
								"east": {"uv": [43, 2], "uv_size": [1.5, 0.5]},
								"south": {"uv": [49, 49], "uv_size": [1, 0.5]},
								"west": {"uv": [43, 11], "uv_size": [1.5, 0.5]},
								"up": {"uv": [6, 39], "uv_size": [1, 1.5]},
								"down": {"uv": [7, 40.5], "uv_size": [1, -1.5]}
							}
						},
						{
							"origin": [-2.054, 1.44013, -7.14797],
							"size": [0.05, 1.4, 1.6],
							"pivot": [-2.554, 2.74013, -6.14797],
							"rotation": [45, 0, 0],
							"uv": {
								"north": {"uv": [18, 43], "uv_size": [0.5, 1.5]},
								"east": {"uv": [0, 35], "uv_size": [1.5, 1.5]},
								"south": {"uv": [19, 43], "uv_size": [0.5, 1.5]},
								"west": {"uv": [2, 35], "uv_size": [1.5, 1.5]},
								"up": {"uv": [43, 19], "uv_size": [0.5, 1.5]},
								"down": {"uv": [20, 44.5], "uv_size": [0.5, -1.5]}
							}
						},
						{
							"origin": [-2.054, 1.11378, -5.93584],
							"size": [0.05, 1.4, 1.6],
							"uv": {
								"north": {"uv": [21, 43], "uv_size": [0.5, 1.5]},
								"east": {"uv": [35, 9], "uv_size": [1.5, 1.5]},
								"south": {"uv": [43, 21], "uv_size": [0.5, 1.5]},
								"west": {"uv": [15, 35], "uv_size": [1.5, 1.5]},
								"up": {"uv": [22, 43], "uv_size": [0.5, 1.5]},
								"down": {"uv": [23, 44.5], "uv_size": [0.5, -1.5]}
							}
						}
					]
				},
				{
					"name": "turret_main",
					"pivot": [0.48032, 4.60902, 3.57509],
					"cubes": [
						{
							"origin": [3.57214, 5.78375, 2.17093],
							"size": [0.1908, 0.3816, 3.0528],
							"pivot": [3.76294, 0.67985, 0.26293],
							"rotation": [0, 0, -15],
							"uv": {
								"north": {"uv": [26, 50], "uv_size": [0.5, 0.5]},
								"east": {"uv": [39, 5], "uv_size": [3, 0.5]},
								"south": {"uv": [50, 26], "uv_size": [0.5, 0.5]},
								"west": {"uv": [9, 39], "uv_size": [3, 0.5]},
								"up": {"uv": [39, 9], "uv_size": [0.5, 3]},
								"down": {"uv": [15, 42], "uv_size": [0.5, -3]}
							}
						},
						{
							"origin": [3.57214, 4.06655, 2.55253],
							"size": [0.1908, 2.0988, 2.6712],
							"pivot": [3.76294, 0.67985, 0.26293],
							"rotation": [0, 0, -15],
							"uv": {
								"north": {"uv": [4, 42], "uv_size": [0.5, 2]},
								"east": {"uv": [9, 29], "uv_size": [2.5, 2]},
								"south": {"uv": [5, 42], "uv_size": [0.5, 2]},
								"west": {"uv": [21, 30], "uv_size": [2.5, 2]},
								"up": {"uv": [20, 40], "uv_size": [0.5, 2.5]},
								"down": {"uv": [21, 42.5], "uv_size": [0.5, -2.5]}
							}
						},
						{
							"origin": [3.57214, 4.06655, 1.45543],
							"size": [0.1908, 0.4293, 4.7223],
							"pivot": [3.76294, 0.67985, 0.26293],
							"rotation": [0, 0, -15],
							"uv": {
								"north": {"uv": [27, 50], "uv_size": [0.5, 0.5]},
								"east": {"uv": [17, 35], "uv_size": [4.5, 0.5]},
								"south": {"uv": [50, 27], "uv_size": [0.5, 0.5]},
								"west": {"uv": [35, 27], "uv_size": [4.5, 0.5]},
								"up": {"uv": [12, 35], "uv_size": [0.5, 4.5]},
								"down": {"uv": [22, 39.5], "uv_size": [0.5, -4.5]}
							}
						},
						{
							"origin": [4.08535, 4.05926, 1.26463],
							"size": [0.1908, 0.1908, 5.1039],
							"pivot": [4.27615, -1.23544, 1.40773],
							"rotation": [0, 0, -15],
							"uv": {
								"north": {"uv": [28, 50], "uv_size": [0.5, 0.5]},
								"east": {"uv": [34, 12], "uv_size": [5, 0.5]},
								"south": {"uv": [50, 28], "uv_size": [0.5, 0.5]},
								"west": {"uv": [15, 34], "uv_size": [5, 0.5]},
								"up": {"uv": [7, 33], "uv_size": [0.5, 5]},
								"down": {"uv": [9, 38], "uv_size": [0.5, -5]}
							}
						},
						{
							"origin": [-1.85772, 2.83113, 6.51742],
							"size": [4.5792, 0.1908, 0.0954],
							"pivot": [0.62268, 2.92653, 4.06087],
							"rotation": [27.5, 0, 0],
							"uv": {
								"north": {"uv": [35, 28], "uv_size": [4.5, 0.5]},
								"east": {"uv": [29, 50], "uv_size": [0.5, 0.5]},
								"south": {"uv": [35, 29], "uv_size": [4.5, 0.5]},
								"west": {"uv": [50, 29], "uv_size": [0.5, 0.5]},
								"up": {"uv": [35, 30], "uv_size": [4.5, 0.5]},
								"down": {"uv": [35, 31.5], "uv_size": [4.5, -0.5]}
							}
						},
						{
							"origin": [-1.66692, 2.90075, 6.47923],
							"size": [4.293, 0.7632, 0.0954],
							"pivot": [0.81348, 2.99615, 4.02268],
							"rotation": [30, 0, 0],
							"uv": {
								"north": {"uv": [15, 31], "uv_size": [4.5, 1]},
								"east": {"uv": [0, 50], "uv_size": [0.5, 1]},
								"south": {"uv": [31, 19], "uv_size": [4.5, 1]},
								"west": {"uv": [50, 0], "uv_size": [0.5, 1]},
								"up": {"uv": [36, 1], "uv_size": [4.5, 0.5]},
								"down": {"uv": [17, 36.5], "uv_size": [4.5, -0.5]}
							}
						},
						{
							"origin": [4.08535, 4.05926, 2.17093],
							"size": [0.1908, 1.908, 3.1959],
							"pivot": [4.27615, -1.23544, 1.40773],
							"rotation": [0, 0, -15],
							"uv": {
								"north": {"uv": [42, 8], "uv_size": [0.5, 2]},
								"east": {"uv": [22, 16], "uv_size": [3, 2]},
								"south": {"uv": [10, 42], "uv_size": [0.5, 2]},
								"west": {"uv": [28, 7], "uv_size": [3, 2]},
								"up": {"uv": [16, 39], "uv_size": [0.5, 3]},
								"down": {"uv": [17, 42], "uv_size": [0.5, -3]}
							}
						},
						{
							"origin": [3.72526, 4.69104, 7.76486],
							"size": [0.3816, 0.1908, 2.2419],
							"pivot": [4.10686, -0.60366, 5.04596],
							"rotation": [65, 0, -15],
							"uv": {
								"north": {"uv": [30, 50], "uv_size": [0.5, 0.5]},
								"east": {"uv": [41, 33], "uv_size": [2, 0.5]},
								"south": {"uv": [50, 30], "uv_size": [0.5, 0.5]},
								"west": {"uv": [42, 5], "uv_size": [2, 0.5]},
								"up": {"uv": [42, 10], "uv_size": [0.5, 2]},
								"down": {"uv": [11, 44], "uv_size": [0.5, -2]}
							}
						},
						{
							"origin": [3.91606, 3.97554, 8.19416],
							"size": [0.1908, 0.9063, 1.431],
							"pivot": [4.10686, -0.60366, 5.04596],
							"rotation": [65, 0, -15],
							"uv": {
								"north": {"uv": [1, 50], "uv_size": [0.5, 1]},
								"east": {"uv": [39, 12], "uv_size": [1.5, 1]},
								"south": {"uv": [50, 1], "uv_size": [0.5, 1]},
								"west": {"uv": [18, 39], "uv_size": [1.5, 1]},
								"up": {"uv": [43, 23], "uv_size": [0.5, 1.5]},
								"down": {"uv": [25, 44.5], "uv_size": [0.5, -1.5]}
							}
						},
						{
							"origin": [3.9742, 4.47405, -2.00725],
							"size": [0.1908, 0.1908, 2.2896],
							"pivot": [4.165, -0.82065, 2.95355],
							"rotation": [-60, 0, -15],
							"uv": {
								"north": {"uv": [31, 50], "uv_size": [0.5, 0.5]},
								"east": {"uv": [40, 17], "uv_size": [2.5, 0.5]},
								"south": {"uv": [50, 31], "uv_size": [0.5, 0.5]},
								"west": {"uv": [40, 18], "uv_size": [2.5, 0.5]},
								"up": {"uv": [40, 21], "uv_size": [0.5, 2.5]},
								"down": {"uv": [22, 42.5], "uv_size": [0.5, -2.5]}
							}
						},
						{
							"origin": [3.9742, 3.80625, -1.29175],
							"size": [0.1908, 0.8586, 1.2879],
							"pivot": [4.165, -0.82065, 2.95355],
							"rotation": [-60, 0, -15],
							"uv": {
								"north": {"uv": [2, 50], "uv_size": [0.5, 1]},
								"east": {"uv": [20, 39], "uv_size": [1.5, 1]},
								"south": {"uv": [50, 2], "uv_size": [0.5, 1]},
								"west": {"uv": [39, 20], "uv_size": [1.5, 1]},
								"up": {"uv": [43, 25], "uv_size": [0.5, 1.5]},
								"down": {"uv": [26, 44.5], "uv_size": [0.5, -1.5]}
							}
						},
						{
							"origin": [3.9742, 3.13845, -1.43485],
							"size": [0.1908, 1.5264, 0.954],
							"pivot": [4.165, -0.82065, 2.95355],
							"rotation": [-60, 0, -15],
							"uv": {
								"north": {"uv": [27, 43], "uv_size": [0.5, 1.5]},
								"east": {"uv": [39, 21], "uv_size": [1, 1.5]},
								"south": {"uv": [43, 27], "uv_size": [0.5, 1.5]},
								"west": {"uv": [24, 39], "uv_size": [1, 1.5]},
								"up": {"uv": [3, 50], "uv_size": [0.5, 1]},
								"down": {"uv": [50, 4], "uv_size": [0.5, -1]}
							}
						},
						{
							"origin": [-0.56532, 3.82502, 1.22346],
							"size": [3.4344, 0.1908, 0.1908],
							"uv": {
								"north": {"uv": [30, 37], "uv_size": [3.5, 0.5]},
								"east": {"uv": [32, 50], "uv_size": [0.5, 0.5]},
								"south": {"uv": [37, 36], "uv_size": [3.5, 0.5]},
								"west": {"uv": [50, 32], "uv_size": [0.5, 0.5]},
								"up": {"uv": [37, 37], "uv_size": [3.5, 0.5]},
								"down": {"uv": [38, 25.5], "uv_size": [3.5, -0.5]}
							}
						},
						{
							"origin": [-0.13721, 3.75578, 1.67818],
							"size": [2.4804, 2.2896, 0.1908],
							"pivot": [1.19839, 4.90058, 1.77358],
							"rotation": [-25, 0, 0],
							"uv": {
								"north": {"uv": [28, 1], "uv_size": [2.5, 2.5]},
								"east": {"uv": [23, 40], "uv_size": [0.5, 2.5]},
								"south": {"uv": [28, 4], "uv_size": [2.5, 2.5]},
								"west": {"uv": [26, 40], "uv_size": [0.5, 2.5]},
								"up": {"uv": [40, 24], "uv_size": [2.5, 0.5]},
								"down": {"uv": [27, 40.5], "uv_size": [2.5, -0.5]}
							}
						},
						{
							"origin": [-0.13721, 3.75578, 1.67818],
							"size": [2.6712, 0.7632, 0.1908],
							"pivot": [1.19839, 4.90058, 1.77358],
							"rotation": [-25, 0, 0],
							"uv": {
								"north": {"uv": [8, 20], "uv_size": [2.5, 1]},
								"east": {"uv": [4, 50], "uv_size": [0.5, 1]},
								"south": {"uv": [20, 34], "uv_size": [2.5, 1]},
								"west": {"uv": [5, 50], "uv_size": [0.5, 1]},
								"up": {"uv": [40, 27], "uv_size": [2.5, 0.5]},
								"down": {"uv": [40, 28.5], "uv_size": [2.5, -0.5]}
							}
						},
						{
							"origin": [-2.79479, 5.78375, 2.17093],
							"size": [0.1908, 0.3816, 3.0528],
							"pivot": [-2.79479, 0.67985, 0.26293],
							"rotation": [0, 0, 15],
							"uv": {
								"north": {"uv": [33, 50], "uv_size": [0.5, 0.5]},
								"east": {"uv": [28, 39], "uv_size": [3, 0.5]},
								"south": {"uv": [50, 33], "uv_size": [0.5, 0.5]},
								"west": {"uv": [31, 39], "uv_size": [3, 0.5]},
								"up": {"uv": [25, 39], "uv_size": [0.5, 3]},
								"down": {"uv": [34, 42], "uv_size": [0.5, -3]}
							}
						},
						{
							"origin": [-2.79479, 4.06655, 2.55253],
							"size": [0.1908, 2.0988, 2.6712],
							"pivot": [-2.79479, 0.67985, 0.26293],
							"rotation": [0, 0, 15],
							"uv": {
								"north": {"uv": [12, 42], "uv_size": [0.5, 2]},
								"east": {"uv": [31, 2], "uv_size": [2.5, 2]},
								"south": {"uv": [13, 42], "uv_size": [0.5, 2]},
								"west": {"uv": [31, 4], "uv_size": [2.5, 2]},
								"up": {"uv": [40, 29], "uv_size": [0.5, 2.5]},
								"down": {"uv": [30, 42.5], "uv_size": [0.5, -2.5]}
							}
						},
						{
							"origin": [-2.79479, 4.06655, 1.45543],
							"size": [0.1908, 0.4293, 4.7223],
							"pivot": [-2.79479, 0.67985, 0.26293],
							"rotation": [0, 0, 15],
							"uv": {
								"north": {"uv": [34, 50], "uv_size": [0.5, 0.5]},
								"east": {"uv": [36, 19], "uv_size": [4.5, 0.5]},
								"south": {"uv": [50, 34], "uv_size": [0.5, 0.5]},
								"west": {"uv": [30, 36], "uv_size": [4.5, 0.5]},
								"up": {"uv": [23, 35], "uv_size": [0.5, 4.5]},
								"down": {"uv": [4, 40.5], "uv_size": [0.5, -4.5]}
							}
						},
						{
							"origin": [-3.30799, 4.05926, 1.26463],
							"size": [0.1908, 0.1908, 5.1039],
							"pivot": [-3.30799, -1.23544, 1.40773],
							"rotation": [0, 0, 15],
							"uv": {
								"north": {"uv": [35, 50], "uv_size": [0.5, 0.5]},
								"east": {"uv": [34, 21], "uv_size": [5, 0.5]},
								"south": {"uv": [50, 35], "uv_size": [0.5, 0.5]},
								"west": {"uv": [34, 22], "uv_size": [5, 0.5]},
								"up": {"uv": [10, 33], "uv_size": [0.5, 5]},
								"down": {"uv": [11, 38], "uv_size": [0.5, -5]}
							}
						},
						{
							"origin": [-3.30799, 4.05926, 2.17093],
							"size": [0.1908, 1.908, 3.1959],
							"pivot": [-3.30799, -1.23544, 1.40773],
							"rotation": [0, 0, 15],
							"uv": {
								"north": {"uv": [14, 42], "uv_size": [0.5, 2]},
								"east": {"uv": [21, 28], "uv_size": [3, 2]},
								"south": {"uv": [15, 42], "uv_size": [0.5, 2]},
								"west": {"uv": [28, 21], "uv_size": [3, 2]},
								"up": {"uv": [35, 39], "uv_size": [0.5, 3]},
								"down": {"uv": [36, 42], "uv_size": [0.5, -3]}
							}
						},
						{
							"origin": [-3.13871, 4.69104, 7.76486],
							"size": [0.3816, 0.1908, 2.2419],
							"pivot": [-3.13871, -0.60366, 5.04596],
							"rotation": [65, 0, 15],
							"uv": {
								"north": {"uv": [36, 50], "uv_size": [0.5, 0.5]},
								"east": {"uv": [42, 12], "uv_size": [2, 0.5]},
								"south": {"uv": [50, 36], "uv_size": [0.5, 0.5]},
								"west": {"uv": [16, 42], "uv_size": [2, 0.5]},
								"up": {"uv": [42, 21], "uv_size": [0.5, 2]},
								"down": {"uv": [24, 44], "uv_size": [0.5, -2]}
							}
						},
						{
							"origin": [-3.13871, 3.97554, 8.19416],
							"size": [0.1908, 0.9063, 1.431],
							"pivot": [-3.13871, -0.60366, 5.04596],
							"rotation": [65, 0, 15],
							"uv": {
								"north": {"uv": [50, 5], "uv_size": [0.5, 1]},
								"east": {"uv": [37, 39], "uv_size": [1.5, 1]},
								"south": {"uv": [50, 6], "uv_size": [0.5, 1]},
								"west": {"uv": [39, 39], "uv_size": [1.5, 1]},
								"up": {"uv": [28, 43], "uv_size": [0.5, 1.5]},
								"down": {"uv": [29, 44.5], "uv_size": [0.5, -1.5]}
							}
						},
						{
							"origin": [-3.19685, 4.47405, -2.00725],
							"size": [0.1908, 0.1908, 2.2896],
							"pivot": [-3.19685, -0.82065, 2.95355],
							"rotation": [-60, 0, 15],
							"uv": {
								"north": {"uv": [37, 50], "uv_size": [0.5, 0.5]},
								"east": {"uv": [31, 40], "uv_size": [2.5, 0.5]},
								"south": {"uv": [50, 37], "uv_size": [0.5, 0.5]},
								"west": {"uv": [37, 40], "uv_size": [2.5, 0.5]},
								"up": {"uv": [40, 40], "uv_size": [0.5, 2.5]},
								"down": {"uv": [0, 43.5], "uv_size": [0.5, -2.5]}
							}
						},
						{
							"origin": [-3.19685, 3.80625, -1.29175],
							"size": [0.1908, 0.8586, 1.2879],
							"pivot": [-3.19685, -0.82065, 2.95355],
							"rotation": [-60, 0, 15],
							"uv": {
								"north": {"uv": [7, 50], "uv_size": [0.5, 1]},
								"east": {"uv": [0, 40], "uv_size": [1.5, 1]},
								"south": {"uv": [8, 50], "uv_size": [0.5, 1]},
								"west": {"uv": [2, 40], "uv_size": [1.5, 1]},
								"up": {"uv": [43, 29], "uv_size": [0.5, 1.5]},
								"down": {"uv": [30, 44.5], "uv_size": [0.5, -1.5]}
							}
						},
						{
							"origin": [-3.19685, 3.13845, -1.43485],
							"size": [0.1908, 1.5264, 0.954],
							"pivot": [-3.19685, -0.82065, 2.95355],
							"rotation": [-60, 0, 15],
							"uv": {
								"north": {"uv": [31, 43], "uv_size": [0.5, 1.5]},
								"east": {"uv": [40, 3], "uv_size": [1, 1.5]},
								"south": {"uv": [32, 43], "uv_size": [0.5, 1.5]},
								"west": {"uv": [40, 6], "uv_size": [1, 1.5]},
								"up": {"uv": [9, 50], "uv_size": [0.5, 1]},
								"down": {"uv": [50, 10], "uv_size": [0.5, -1]}
							}
						},
						{
							"origin": [-1.90092, 3.82502, 1.22346],
							"size": [3.4344, 0.1908, 0.1908],
							"uv": {
								"north": {"uv": [38, 26], "uv_size": [3.5, 0.5]},
								"east": {"uv": [38, 50], "uv_size": [0.5, 0.5]},
								"south": {"uv": [30, 38], "uv_size": [3.5, 0.5]},
								"west": {"uv": [50, 38], "uv_size": [0.5, 0.5]},
								"up": {"uv": [34, 38], "uv_size": [3.5, 0.5]},
								"down": {"uv": [38, 34.5], "uv_size": [3.5, -0.5]}
							}
						},
						{
							"origin": [-1.37504, 3.75578, 1.67818],
							"size": [2.4804, 2.2896, 0.1908],
							"pivot": [-0.23024, 4.90058, 1.77358],
							"rotation": [-25, 0, 0],
							"uv": {
								"north": {"uv": [15, 28], "uv_size": [2.5, 2.5]},
								"east": {"uv": [1, 41], "uv_size": [0.5, 2.5]},
								"south": {"uv": [18, 28], "uv_size": [2.5, 2.5]},
								"west": {"uv": [2, 41], "uv_size": [0.5, 2.5]},
								"up": {"uv": [41, 0], "uv_size": [2.5, 0.5]},
								"down": {"uv": [41, 1.5], "uv_size": [2.5, -0.5]}
							}
						},
						{
							"origin": [-1.56584, 3.75578, 1.67818],
							"size": [2.6712, 0.7632, 0.1908],
							"pivot": [-0.23024, 4.90058, 1.77358],
							"rotation": [-25, 0, 0],
							"uv": {
								"north": {"uv": [34, 25], "uv_size": [2.5, 1]},
								"east": {"uv": [10, 50], "uv_size": [0.5, 1]},
								"south": {"uv": [34, 26], "uv_size": [2.5, 1]},
								"west": {"uv": [50, 10], "uv_size": [0.5, 1]},
								"up": {"uv": [3, 41], "uv_size": [2.5, 0.5]},
								"down": {"uv": [41, 3.5], "uv_size": [2.5, -0.5]}
							}
						},
						{
							"origin": [1.6, 3.85902, 1.57509],
							"size": [1, 1.75, 2.75],
							"pivot": [2.23032, 5.35902, 4.07509],
							"rotation": [0, 0, -15],
							"uv": {
								"north": {"uv": [63, 63], "uv_size": [1, 1]},
								"east": {"uv": [63, 64], "uv_size": [1, -1]},
								"south": {"uv": [63, 63], "uv_size": [1, 1]},
								"west": {"uv": [49.25, 64], "uv_size": [-13, -7]},
								"up": {"uv": [64, 64], "uv_size": [-1, -1]},
								"down": {"uv": [64, 64], "uv_size": [-1, -1]}
							}
						},
						{
							"origin": [-1.26968, 2.10902, -5.04459],
							"size": [1, 1.5, 1.5],
							"pivot": [-0.76968, 3.10902, -4.04459],
							"rotation": [-90, 30, -90],
							"uv": {
								"north": {"uv": [63, 63], "uv_size": [1, 1]},
								"east": {"uv": [63, 63], "uv_size": [1, 1]},
								"south": {"uv": [63, 63], "uv_size": [1, 1]},
								"west": {"uv": [57.5, 64], "uv_size": [6.5, -6.5]},
								"up": {"uv": [64, 64], "uv_size": [-1, -1]},
								"down": {"uv": [64, 64], "uv_size": [-1, -1]}
							}
						},
						{
							"origin": [1.6, 3.60902, 3.82509],
							"size": [1, 2, 2],
							"pivot": [2.23032, 5.10902, 4.82509],
							"rotation": [0, 0, -15],
							"uv": {
								"north": {"uv": [63, 63], "uv_size": [1, 1]},
								"east": {"uv": [63, 63], "uv_size": [1, 1]},
								"south": {"uv": [63, 63], "uv_size": [1, 1]},
								"west": {"uv": [57.5, 64], "uv_size": [6.5, -6.5]},
								"up": {"uv": [64, 64], "uv_size": [-1, -1]},
								"down": {"uv": [64, 64], "uv_size": [-1, -1]}
							}
						},
						{
							"origin": [-1.6, 3.60902, 3.82509],
							"size": [1, 2, 2],
							"pivot": [-1.23032, 5.10902, 4.82509],
							"rotation": [0, 0, 15],
							"uv": {
								"north": {"uv": [64, 63], "uv_size": [-1, 1]},
								"east": {"uv": [64, 64], "uv_size": [-6.5, -6.5]},
								"south": {"uv": [64, 63], "uv_size": [-1, 1]},
								"west": {"uv": [64, 63], "uv_size": [-1, 1]},
								"up": {"uv": [63, 64], "uv_size": [1, -1]},
								"down": {"uv": [63, 64], "uv_size": [1, -1]}
							}
						},
						{
							"origin": [-1.6, 3.85902, 1.32509],
							"size": [1, 1.75, 3],
							"pivot": [-1.23032, 5.35902, 3.82509],
							"rotation": [0, 0, 15],
							"uv": {
								"north": {"uv": [64, 63], "uv_size": [-1, 1]},
								"east": {"uv": [49.25, 64], "uv_size": [-13, -7]},
								"south": {"uv": [64, 63], "uv_size": [-1, 1]},
								"west": {"uv": [64, 63], "uv_size": [-1, 1]},
								"up": {"uv": [63, 64], "uv_size": [1, -1]},
								"down": {"uv": [63, 64], "uv_size": [1, -1]}
							}
						}
					]
				},
				{
					"name": "bone",
					"parent": "turret_main",
					"pivot": [3.76294, 0.67985, 0.26293]
				},
				{
					"name": "GunMount",
					"parent": "turret_main",
					"pivot": [0.5, 5, 1.25],
					"cubes": [
						{
							"origin": [-0.15, 4.73076, 0.6],
							"size": [1.3, 0.53848, 1.3],
							"pivot": [0.5, 5, 1.25],
							"rotation": [-45, 0, 0],
							"uv": {
								"north": {"uv": [48, 28], "uv_size": [1.5, 0.5]},
								"east": {"uv": [48, 29], "uv_size": [1.5, 0.5]},
								"south": {"uv": [30, 48], "uv_size": [1.5, 0.5]},
								"west": {"uv": [48, 30], "uv_size": [1.5, 0.5]},
								"up": {"uv": [36, 34], "uv_size": [1.5, 1.5]},
								"down": {"uv": [35, 37.5], "uv_size": [1.5, -1.5]}
							}
						},
						{
							"origin": [-0.15, 4.73076, 0.6],
							"size": [1.3, 0.53848, 1.3],
							"uv": {
								"north": {"uv": [48, 32], "uv_size": [1.5, 0.5]},
								"east": {"uv": [33, 48], "uv_size": [1.5, 0.5]},
								"south": {"uv": [48, 33], "uv_size": [1.5, 0.5]},
								"west": {"uv": [48, 34], "uv_size": [1.5, 0.5]},
								"up": {"uv": [0, 37], "uv_size": [1.5, 1.5]},
								"down": {"uv": [2, 38.5], "uv_size": [1.5, -1.5]}
							}
						},
						{
							"origin": [-0.15, 4.35, 0.98076],
							"size": [1.3, 1.3, 0.53848],
							"pivot": [0.5, 5, 1.25],
							"rotation": [-45, 0, 0],
							"uv": {
								"north": {"uv": [37, 9], "uv_size": [1.5, 1.5]},
								"east": {"uv": [48, 35], "uv_size": [0.5, 1.5]},
								"south": {"uv": [15, 37], "uv_size": [1.5, 1.5]},
								"west": {"uv": [36, 48], "uv_size": [0.5, 1.5]},
								"up": {"uv": [37, 48], "uv_size": [1.5, 0.5]},
								"down": {"uv": [48, 37.5], "uv_size": [1.5, -0.5]}
							}
						},
						{
							"origin": [-0.15, 4.35, 0.98076],
							"size": [1.3, 1.3, 1.78848],
							"uv": {
								"north": {"uv": [17, 37], "uv_size": [1.5, 1.5]},
								"east": {"uv": [21, 32], "uv_size": [2, 1.5]},
								"south": {"uv": [19, 37], "uv_size": [1.5, 1.5]},
								"west": {"uv": [32, 31], "uv_size": [2, 1.5]},
								"up": {"uv": [0, 33], "uv_size": [1.5, 2]},
								"down": {"uv": [2, 35], "uv_size": [1.5, -2]}
							}
						}
					]
				},
				{
					"name": "Gun",
					"parent": "turret_main",
					"pivot": [0.5, 4.875, 2.09624],
					"cubes": [
						{
							"origin": [-0.228, 4.69845, 0.522],
							"size": [1.456, 0.85309, 0.206],
							"pivot": [0.5, 5, 1.25],
							"rotation": [-45, 0, 0],
							"uv": {
								"north": {"uv": [8, 40], "uv_size": [1.5, 1]},
								"east": {"uv": [11, 50], "uv_size": [0.5, 1]},
								"south": {"uv": [40, 8], "uv_size": [1.5, 1]},
								"west": {"uv": [50, 11], "uv_size": [0.5, 1]},
								"up": {"uv": [48, 38], "uv_size": [1.5, 0.5]},
								"down": {"uv": [48, 39.5], "uv_size": [1.5, -0.5]}
							}
						},
						{
							"origin": [-0.228, 4.69845, 0.522],
							"size": [1.456, 0.60309, 0.206],
							"uv": {
								"north": {"uv": [48, 40], "uv_size": [1.5, 0.5]},
								"east": {"uv": [51, 44], "uv_size": [0.5, 0.5]},
								"south": {"uv": [48, 41], "uv_size": [1.5, 0.5]},
								"west": {"uv": [45, 51], "uv_size": [0.5, 0.5]},
								"up": {"uv": [42, 48], "uv_size": [1.5, 0.5]},
								"down": {"uv": [48, 42.5], "uv_size": [1.5, -0.5]}
							}
						},
						{
							"origin": [-0.228, 4.272, 0.94845],
							"size": [1.456, 0.206, 0.85309],
							"pivot": [0.5, 5, 1.25],
							"rotation": [-45, 0, 0],
							"uv": {
								"north": {"uv": [44, 48], "uv_size": [1.5, 0.5]},
								"east": {"uv": [12, 50], "uv_size": [1, 0.5]},
								"south": {"uv": [48, 44], "uv_size": [1.5, 0.5]},
								"west": {"uv": [50, 12], "uv_size": [1, 0.5]},
								"up": {"uv": [40, 9], "uv_size": [1.5, 1]},
								"down": {"uv": [10, 41], "uv_size": [1.5, -1]}
							}
						},
						{
							"origin": [0.1, 4.35, 2.98076],
							"size": [0.8, 0.2, 1.53848],
							"uv": {
								"north": {"uv": [23, 50], "uv_size": [1, 0.5]},
								"east": {"uv": [48, 45], "uv_size": [1.5, 0.5]},
								"south": {"uv": [50, 23], "uv_size": [1, 0.5]},
								"west": {"uv": [48, 46], "uv_size": [1.5, 0.5]},
								"up": {"uv": [40, 10], "uv_size": [1, 1.5]},
								"down": {"uv": [12, 41.5], "uv_size": [1, -1.5]}
							}
						},
						{
							"origin": [0.1, 4.35, 2.73076],
							"size": [0.8, 1.05, 0.28848],
							"uv": {
								"north": {"uv": [42, 30], "uv_size": [1, 1]},
								"east": {"uv": [21, 50], "uv_size": [0.5, 1]},
								"south": {"uv": [42, 31], "uv_size": [1, 1]},
								"west": {"uv": [50, 21], "uv_size": [0.5, 1]},
								"up": {"uv": [22, 50], "uv_size": [1, 0.5]},
								"down": {"uv": [50, 22.5], "uv_size": [1, -0.5]}
							}
						},
						{
							"origin": [0.1, 4.55, 2.98076],
							"size": [0.1, 0.45, 1.53848],
							"uv": {
								"north": {"uv": [51, 47], "uv_size": [0.5, 0.5]},
								"east": {"uv": [3, 49], "uv_size": [1.5, 0.5]},
								"south": {"uv": [48, 51], "uv_size": [0.5, 0.5]},
								"west": {"uv": [49, 4], "uv_size": [1.5, 0.5]},
								"up": {"uv": [49, 5], "uv_size": [0.5, 1.5]},
								"down": {"uv": [6, 50.5], "uv_size": [0.5, -1.5]}
							}
						},
						{
							"origin": [0.8, 4.55, 2.98076],
							"size": [0.1, 0.45, 1.53848],
							"uv": {
								"north": {"uv": [51, 46], "uv_size": [0.5, 0.5]},
								"east": {"uv": [47, 48], "uv_size": [1.5, 0.5]},
								"south": {"uv": [47, 51], "uv_size": [0.5, 0.5]},
								"west": {"uv": [0, 49], "uv_size": [1.5, 0.5]},
								"up": {"uv": [49, 0], "uv_size": [0.5, 1.5]},
								"down": {"uv": [49, 3.5], "uv_size": [0.5, -1.5]}
							}
						}
					]
				},
				{
					"name": "Barrel",
					"parent": "Gun",
					"pivot": [0.50055, 5.08592, 0.3],
					"rotation": [-180, -90, 180],
					"cubes": [
						{
							"origin": [0.06625, 5.29417, 0.13839],
							"size": [1.2126, 0.32416, 1.032],
							"pivot": [0.49625, 5.61833, 0.13839],
							"rotation": [-55, 0, 0],
							"uv": {
								"north": {"uv": [13, 50], "uv_size": [1, 0.5]},
								"east": {"uv": [50, 13], "uv_size": [1, 0.5]},
								"south": {"uv": [14, 50], "uv_size": [1, 0.5]},
								"west": {"uv": [50, 14], "uv_size": [1, 0.5]},
								"up": {"uv": [42, 23], "uv_size": [1, 1]},
								"down": {"uv": [25, 43], "uv_size": [1, -1]}
							}
						},
						{
							"origin": [0.06625, 4.7874, -0.1319],
							"size": [1.2126, 0.645, 0.86],
							"uv": {
								"north": {"uv": [15, 50], "uv_size": [1, 0.5]},
								"east": {"uv": [50, 15], "uv_size": [1, 0.5]},
								"south": {"uv": [16, 50], "uv_size": [1, 0.5]},
								"west": {"uv": [50, 16], "uv_size": [1, 0.5]},
								"up": {"uv": [42, 25], "uv_size": [1, 1]},
								"down": {"uv": [42, 27], "uv_size": [1, -1]}
							}
						},
						{
							"origin": [0.06625, 4.59255, 0.44283],
							"size": [1.2126, 1.032, 0.32416],
							"pivot": [0.49625, 5.59015, 0.44283],
							"rotation": [-35, 0, 0],
							"uv": {
								"north": {"uv": [27, 42], "uv_size": [1, 1]},
								"east": {"uv": [17, 50], "uv_size": [0.5, 1]},
								"south": {"uv": [28, 42], "uv_size": [1, 1]},
								"west": {"uv": [50, 17], "uv_size": [0.5, 1]},
								"up": {"uv": [18, 50], "uv_size": [1, 0.5]},
								"down": {"uv": [50, 18.5], "uv_size": [1, -0.5]}
							}
						},
						{
							"origin": [0.06625, 4.58633, 0.13839],
							"size": [1.2126, 1.032, 0.32416],
							"uv": {
								"north": {"uv": [29, 42], "uv_size": [1, 1]},
								"east": {"uv": [19, 50], "uv_size": [0.5, 1]},
								"south": {"uv": [42, 29], "uv_size": [1, 1]},
								"west": {"uv": [50, 19], "uv_size": [0.5, 1]},
								"up": {"uv": [20, 50], "uv_size": [1, 0.5]},
								"down": {"uv": [50, 20.5], "uv_size": [1, -0.5]}
							}
						},
						{
							"origin": [-5.36745, 4.79703, 0.08548],
							"size": [5.61, 0.43, 0.43],
							"uv": {
								"north": {"uv": [38, 35], "uv_size": [3.5, 0.5]},
								"east": {"uv": [51, 45], "uv_size": [0.5, 0.5]},
								"south": {"uv": [38, 38], "uv_size": [3.5, 0.5]},
								"west": {"uv": [46, 51], "uv_size": [0.5, 0.5]},
								"up": {"uv": [0, 39], "uv_size": [3.5, 0.5]},
								"down": {"uv": [39, 2.5], "uv_size": [3.5, -0.5]}
							}
						}
					]
				},
				{
					"name": "trackwheels",
					"pivot": [0.5, 0, 0]
				},
				{
					"name": "Main_wheels",
					"parent": "trackwheels",
					"pivot": [0.6, 1.8, -5.5],
					"cubes": [
						{
							"origin": [3.25048, 1.52589, -6.16176],
							"size": [0.62304, 0.54822, 1.32352],
							"pivot": [2.55, 1.8, -5.5],
							"rotation": [-45, 0, 0],
							"uv": {
								"north": {"uv": [39, 50], "uv_size": [0.5, 0.5]},
								"east": {"uv": [43, 31], "uv_size": [1.5, 0.5]},
								"south": {"uv": [50, 39], "uv_size": [0.5, 0.5]},
								"west": {"uv": [33, 43], "uv_size": [1.5, 0.5]},
								"up": {"uv": [43, 33], "uv_size": [0.5, 1.5]},
								"down": {"uv": [35, 44.5], "uv_size": [0.5, -1.5]}
							}
						},
						{
							"origin": [3.25048, 1.52589, -6.16176],
							"size": [0.62304, 0.54822, 1.32352],
							"uv": {
								"north": {"uv": [40, 50], "uv_size": [0.5, 0.5]},
								"east": {"uv": [43, 35], "uv_size": [1.5, 0.5]},
								"south": {"uv": [50, 40], "uv_size": [0.5, 0.5]},
								"west": {"uv": [37, 43], "uv_size": [1.5, 0.5]},
								"up": {"uv": [43, 38], "uv_size": [0.5, 1.5]},
								"down": {"uv": [39, 44.5], "uv_size": [0.5, -1.5]}
							}
						},
						{
							"origin": [3.25048, 1.13824, -5.77411],
							"size": [0.62304, 1.32352, 0.54822],
							"pivot": [2.55, 1.8, -5.5],
							"rotation": [-45, 0, 0],
							"uv": {
								"north": {"uv": [40, 43], "uv_size": [0.5, 1.5]},
								"east": {"uv": [43, 40], "uv_size": [0.5, 1.5]},
								"south": {"uv": [41, 43], "uv_size": [0.5, 1.5]},
								"west": {"uv": [43, 42], "uv_size": [0.5, 1.5]},
								"up": {"uv": [41, 50], "uv_size": [0.5, 0.5]},
								"down": {"uv": [50, 41.5], "uv_size": [0.5, -0.5]}
							}
						},
						{
							"origin": [3.25048, 1.13824, -5.77411],
							"size": [0.62304, 1.32352, 0.54822],
							"uv": {
								"north": {"uv": [0, 44], "uv_size": [0.5, 1.5]},
								"east": {"uv": [44, 0], "uv_size": [0.5, 1.5]},
								"south": {"uv": [1, 44], "uv_size": [0.5, 1.5]},
								"west": {"uv": [2, 44], "uv_size": [0.5, 1.5]},
								"up": {"uv": [42, 50], "uv_size": [0.5, 0.5]},
								"down": {"uv": [50, 42.5], "uv_size": [0.5, -0.5]}
							}
						},
						{
							"origin": [-2.67352, 1.52589, -6.16176],
							"size": [0.62304, 0.54822, 1.32352],
							"pivot": [-1.35, 1.8, -5.5],
							"rotation": [-45, 0, 0],
							"uv": {
								"north": {"uv": [43, 50], "uv_size": [0.5, 0.5]},
								"east": {"uv": [3, 44], "uv_size": [1.5, 0.5]},
								"south": {"uv": [50, 43], "uv_size": [0.5, 0.5]},
								"west": {"uv": [44, 3], "uv_size": [1.5, 0.5]},
								"up": {"uv": [44, 4], "uv_size": [0.5, 1.5]},
								"down": {"uv": [5, 45.5], "uv_size": [0.5, -1.5]}
							}
						},
						{
							"origin": [-2.67352, 1.52589, -6.16176],
							"size": [0.62304, 0.54822, 1.32352],
							"uv": {
								"north": {"uv": [44, 50], "uv_size": [0.5, 0.5]},
								"east": {"uv": [6, 44], "uv_size": [1.5, 0.5]},
								"south": {"uv": [50, 44], "uv_size": [0.5, 0.5]},
								"west": {"uv": [44, 6], "uv_size": [1.5, 0.5]},
								"up": {"uv": [44, 7], "uv_size": [0.5, 1.5]},
								"down": {"uv": [8, 45.5], "uv_size": [0.5, -1.5]}
							}
						},
						{
							"origin": [-2.67352, 1.13824, -5.77411],
							"size": [0.62304, 1.32352, 0.54822],
							"pivot": [-1.35, 1.8, -5.5],
							"rotation": [-45, 0, 0],
							"uv": {
								"north": {"uv": [9, 44], "uv_size": [0.5, 1.5]},
								"east": {"uv": [44, 9], "uv_size": [0.5, 1.5]},
								"south": {"uv": [10, 44], "uv_size": [0.5, 1.5]},
								"west": {"uv": [11, 44], "uv_size": [0.5, 1.5]},
								"up": {"uv": [45, 50], "uv_size": [0.5, 0.5]},
								"down": {"uv": [50, 45.5], "uv_size": [0.5, -0.5]}
							}
						},
						{
							"origin": [-2.67352, 1.13824, -5.77411],
							"size": [0.62304, 1.32352, 0.54822],
							"uv": {
								"north": {"uv": [12, 44], "uv_size": [0.5, 1.5]},
								"east": {"uv": [44, 12], "uv_size": [0.5, 1.5]},
								"south": {"uv": [13, 44], "uv_size": [0.5, 1.5]},
								"west": {"uv": [14, 44], "uv_size": [0.5, 1.5]},
								"up": {"uv": [46, 50], "uv_size": [0.5, 0.5]},
								"down": {"uv": [50, 46.5], "uv_size": [0.5, -0.5]}
							}
						}
					]
				},
				{
					"name": "TW_1",
					"parent": "Main_wheels",
					"pivot": [0.6, 0.9, -3.4],
					"cubes": [
						{
							"origin": [3.32645, 0.59616, -4.13353],
							"size": [0.49061, 0.60767, 1.46705],
							"pivot": [2.55, 0.9, -3.4],
							"rotation": [-45, 0, 0],
							"uv": {
								"north": {"uv": [47, 50], "uv_size": [0.5, 0.5]},
								"east": {"uv": [44, 14], "uv_size": [1.5, 0.5]},
								"south": {"uv": [50, 47], "uv_size": [0.5, 0.5]},
								"west": {"uv": [44, 15], "uv_size": [1.5, 0.5]},
								"up": {"uv": [15, 44], "uv_size": [0.5, 1.5]},
								"down": {"uv": [44, 17.5], "uv_size": [0.5, -1.5]}
							}
						},
						{
							"origin": [3.32645, 0.59616, -4.13353],
							"size": [0.49061, 0.60767, 1.46705],
							"uv": {
								"north": {"uv": [48, 50], "uv_size": [0.5, 0.5]},
								"east": {"uv": [44, 18], "uv_size": [1.5, 0.5]},
								"south": {"uv": [50, 48], "uv_size": [0.5, 0.5]},
								"west": {"uv": [44, 19], "uv_size": [1.5, 0.5]},
								"up": {"uv": [44, 20], "uv_size": [0.5, 1.5]},
								"down": {"uv": [44, 23.5], "uv_size": [0.5, -1.5]}
							}
						},
						{
							"origin": [3.32645, 0.16647, -3.70384],
							"size": [0.49061, 1.46705, 0.60767],
							"pivot": [2.55, 0.9, -3.4],
							"rotation": [-45, 0, 0],
							"uv": {
								"north": {"uv": [24, 44], "uv_size": [0.5, 1.5]},
								"east": {"uv": [44, 24], "uv_size": [0.5, 1.5]},
								"south": {"uv": [44, 26], "uv_size": [0.5, 1.5]},
								"west": {"uv": [44, 28], "uv_size": [0.5, 1.5]},
								"up": {"uv": [49, 50], "uv_size": [0.5, 0.5]},
								"down": {"uv": [50, 49.5], "uv_size": [0.5, -0.5]}
							}
						},
						{
							"origin": [3.32645, 0.16647, -3.70384],
							"size": [0.49061, 1.46705, 0.60767],
							"uv": {
								"north": {"uv": [44, 32], "uv_size": [0.5, 1.5]},
								"east": {"uv": [33, 44], "uv_size": [0.5, 1.5]},
								"south": {"uv": [34, 44], "uv_size": [0.5, 1.5]},
								"west": {"uv": [36, 44], "uv_size": [0.5, 1.5]},
								"up": {"uv": [50, 50], "uv_size": [0.5, 0.5]},
								"down": {"uv": [0, 51.5], "uv_size": [0.5, -0.5]}
							}
						},
						{
							"origin": [-2.61705, 0.59616, -4.13353],
							"size": [0.49061, 0.60767, 1.46705],
							"pivot": [-1.35, 0.9, -3.4],
							"rotation": [-45, 0, 0],
							"uv": {
								"north": {"uv": [51, 0], "uv_size": [0.5, 0.5]},
								"east": {"uv": [44, 30], "uv_size": [1.5, 0.5]},
								"south": {"uv": [1, 51], "uv_size": [0.5, 0.5]},
								"west": {"uv": [44, 34], "uv_size": [1.5, 0.5]},
								"up": {"uv": [44, 36], "uv_size": [0.5, 1.5]},
								"down": {"uv": [37, 45.5], "uv_size": [0.5, -1.5]}
							}
						},
						{
							"origin": [-2.61705, 0.59616, -4.13353],
							"size": [0.49061, 0.60767, 1.46705],
							"uv": {
								"north": {"uv": [51, 1], "uv_size": [0.5, 0.5]},
								"east": {"uv": [44, 38], "uv_size": [1.5, 0.5]},
								"south": {"uv": [2, 51], "uv_size": [0.5, 0.5]},
								"west": {"uv": [44, 39], "uv_size": [1.5, 0.5]},
								"up": {"uv": [38, 44], "uv_size": [0.5, 1.5]},
								"down": {"uv": [44, 41.5], "uv_size": [0.5, -1.5]}
							}
						},
						{
							"origin": [-2.61705, 0.16647, -3.70384],
							"size": [0.49061, 1.46705, 0.60767],
							"pivot": [-1.35, 0.9, -3.4],
							"rotation": [-45, 0, 0],
							"uv": {
								"north": {"uv": [42, 44], "uv_size": [0.5, 1.5]},
								"east": {"uv": [44, 42], "uv_size": [0.5, 1.5]},
								"south": {"uv": [43, 44], "uv_size": [0.5, 1.5]},
								"west": {"uv": [44, 44], "uv_size": [0.5, 1.5]},
								"up": {"uv": [51, 2], "uv_size": [0.5, 0.5]},
								"down": {"uv": [3, 51.5], "uv_size": [0.5, -0.5]}
							}
						},
						{
							"origin": [-2.61705, 0.16647, -3.70384],
							"size": [0.49061, 1.46705, 0.60767],
							"uv": {
								"north": {"uv": [45, 0], "uv_size": [0.5, 1.5]},
								"east": {"uv": [3, 45], "uv_size": [0.5, 1.5]},
								"south": {"uv": [4, 45], "uv_size": [0.5, 1.5]},
								"west": {"uv": [45, 4], "uv_size": [0.5, 1.5]},
								"up": {"uv": [51, 3], "uv_size": [0.5, 0.5]},
								"down": {"uv": [4, 51.5], "uv_size": [0.5, -0.5]}
							}
						}
					]
				},
				{
					"name": "TW_2",
					"parent": "Main_wheels",
					"pivot": [0.6, 0.9, -1.4],
					"cubes": [
						{
							"origin": [3.32645, 0.59616, -2.13353],
							"size": [0.49061, 0.60767, 1.46705],
							"pivot": [2.55, 0.9, -1.4],
							"rotation": [-45, 0, 0],
							"uv": {
								"north": {"uv": [51, 4], "uv_size": [0.5, 0.5]},
								"east": {"uv": [45, 2], "uv_size": [1.5, 0.5]},
								"south": {"uv": [5, 51], "uv_size": [0.5, 0.5]},
								"west": {"uv": [6, 45], "uv_size": [1.5, 0.5]},
								"up": {"uv": [45, 7], "uv_size": [0.5, 1.5]},
								"down": {"uv": [45, 10.5], "uv_size": [0.5, -1.5]}
							}
						},
						{
							"origin": [3.32645, 0.59616, -2.13353],
							"size": [0.49061, 0.60767, 1.46705],
							"uv": {
								"north": {"uv": [51, 5], "uv_size": [0.5, 0.5]},
								"east": {"uv": [45, 11], "uv_size": [1.5, 0.5]},
								"south": {"uv": [6, 51], "uv_size": [0.5, 0.5]},
								"west": {"uv": [45, 12], "uv_size": [1.5, 0.5]},
								"up": {"uv": [16, 45], "uv_size": [0.5, 1.5]},
								"down": {"uv": [45, 17.5], "uv_size": [0.5, -1.5]}
							}
						},
						{
							"origin": [3.32645, 0.16647, -1.70384],
							"size": [0.49061, 1.46705, 0.60767],
							"pivot": [2.55, 0.9, -1.4],
							"rotation": [-45, 0, 0],
							"uv": {
								"north": {"uv": [17, 45], "uv_size": [0.5, 1.5]},
								"east": {"uv": [18, 45], "uv_size": [0.5, 1.5]},
								"south": {"uv": [19, 45], "uv_size": [0.5, 1.5]},
								"west": {"uv": [20, 45], "uv_size": [0.5, 1.5]},
								"up": {"uv": [51, 6], "uv_size": [0.5, 0.5]},
								"down": {"uv": [7, 51.5], "uv_size": [0.5, -0.5]}
							}
						},
						{
							"origin": [3.32645, 0.16647, -1.70384],
							"size": [0.49061, 1.46705, 0.60767],
							"uv": {
								"north": {"uv": [45, 20], "uv_size": [0.5, 1.5]},
								"east": {"uv": [21, 45], "uv_size": [0.5, 1.5]},
								"south": {"uv": [22, 45], "uv_size": [0.5, 1.5]},
								"west": {"uv": [45, 22], "uv_size": [0.5, 1.5]},
								"up": {"uv": [51, 7], "uv_size": [0.5, 0.5]},
								"down": {"uv": [8, 51.5], "uv_size": [0.5, -0.5]}
							}
						},
						{
							"origin": [-2.61705, 0.59616, -2.13353],
							"size": [0.49061, 0.60767, 1.46705],
							"pivot": [-1.35, 0.9, -1.4],
							"rotation": [-45, 0, 0],
							"uv": {
								"north": {"uv": [51, 8], "uv_size": [0.5, 0.5]},
								"east": {"uv": [45, 13], "uv_size": [1.5, 0.5]},
								"south": {"uv": [9, 51], "uv_size": [0.5, 0.5]},
								"west": {"uv": [45, 24], "uv_size": [1.5, 0.5]},
								"up": {"uv": [23, 45], "uv_size": [0.5, 1.5]},
								"down": {"uv": [25, 46.5], "uv_size": [0.5, -1.5]}
							}
						},
						{
							"origin": [-2.61705, 0.59616, -2.13353],
							"size": [0.49061, 0.60767, 1.46705],
							"uv": {
								"north": {"uv": [51, 9], "uv_size": [0.5, 0.5]},
								"east": {"uv": [45, 25], "uv_size": [1.5, 0.5]},
								"south": {"uv": [10, 51], "uv_size": [0.5, 0.5]},
								"west": {"uv": [26, 45], "uv_size": [1.5, 0.5]},
								"up": {"uv": [45, 26], "uv_size": [0.5, 1.5]},
								"down": {"uv": [28, 46.5], "uv_size": [0.5, -1.5]}
							}
						},
						{
							"origin": [-2.61705, 0.16647, -1.70384],
							"size": [0.49061, 1.46705, 0.60767],
							"pivot": [-1.35, 0.9, -1.4],
							"rotation": [-45, 0, 0],
							"uv": {
								"north": {"uv": [45, 28], "uv_size": [0.5, 1.5]},
								"east": {"uv": [29, 45], "uv_size": [0.5, 1.5]},
								"south": {"uv": [30, 45], "uv_size": [0.5, 1.5]},
								"west": {"uv": [31, 45], "uv_size": [0.5, 1.5]},
								"up": {"uv": [51, 10], "uv_size": [0.5, 0.5]},
								"down": {"uv": [11, 51.5], "uv_size": [0.5, -0.5]}
							}
						},
						{
							"origin": [-2.61705, 0.16647, -1.70384],
							"size": [0.49061, 1.46705, 0.60767],
							"uv": {
								"north": {"uv": [45, 31], "uv_size": [0.5, 1.5]},
								"east": {"uv": [32, 45], "uv_size": [0.5, 1.5]},
								"south": {"uv": [35, 45], "uv_size": [0.5, 1.5]},
								"west": {"uv": [45, 35], "uv_size": [0.5, 1.5]},
								"up": {"uv": [51, 11], "uv_size": [0.5, 0.5]},
								"down": {"uv": [12, 51.5], "uv_size": [0.5, -0.5]}
							}
						}
					]
				},
				{
					"name": "TW_3",
					"parent": "Main_wheels",
					"pivot": [0.6, 0.9, 0.6],
					"cubes": [
						{
							"origin": [3.32645, 0.59616, -0.13353],
							"size": [0.49061, 0.60767, 1.46705],
							"pivot": [2.55, 0.9, 0.6],
							"rotation": [-45, 0, 0],
							"uv": {
								"north": {"uv": [51, 12], "uv_size": [0.5, 0.5]},
								"east": {"uv": [45, 33], "uv_size": [1.5, 0.5]},
								"south": {"uv": [13, 51], "uv_size": [0.5, 0.5]},
								"west": {"uv": [45, 37], "uv_size": [1.5, 0.5]},
								"up": {"uv": [39, 45], "uv_size": [0.5, 1.5]},
								"down": {"uv": [40, 46.5], "uv_size": [0.5, -1.5]}
							}
						},
						{
							"origin": [3.32645, 0.59616, -0.13353],
							"size": [0.49061, 0.60767, 1.46705],
							"uv": {
								"north": {"uv": [51, 13], "uv_size": [0.5, 0.5]},
								"east": {"uv": [45, 40], "uv_size": [1.5, 0.5]},
								"south": {"uv": [14, 51], "uv_size": [0.5, 0.5]},
								"west": {"uv": [45, 41], "uv_size": [1.5, 0.5]},
								"up": {"uv": [41, 45], "uv_size": [0.5, 1.5]},
								"down": {"uv": [45, 43.5], "uv_size": [0.5, -1.5]}
							}
						},
						{
							"origin": [3.32645, 0.16647, 0.29616],
							"size": [0.49061, 1.46705, 0.60767],
							"pivot": [2.55, 0.9, 0.6],
							"rotation": [-45, 0, 0],
							"uv": {
								"north": {"uv": [45, 44], "uv_size": [0.5, 1.5]},
								"east": {"uv": [0, 46], "uv_size": [0.5, 1.5]},
								"south": {"uv": [46, 0], "uv_size": [0.5, 1.5]},
								"west": {"uv": [1, 46], "uv_size": [0.5, 1.5]},
								"up": {"uv": [51, 14], "uv_size": [0.5, 0.5]},
								"down": {"uv": [15, 51.5], "uv_size": [0.5, -0.5]}
							}
						},
						{
							"origin": [3.32645, 0.16647, 0.29616],
							"size": [0.49061, 1.46705, 0.60767],
							"uv": {
								"north": {"uv": [2, 46], "uv_size": [0.5, 1.5]},
								"east": {"uv": [46, 3], "uv_size": [0.5, 1.5]},
								"south": {"uv": [5, 46], "uv_size": [0.5, 1.5]},
								"west": {"uv": [46, 5], "uv_size": [0.5, 1.5]},
								"up": {"uv": [51, 15], "uv_size": [0.5, 0.5]},
								"down": {"uv": [16, 51.5], "uv_size": [0.5, -0.5]}
							}
						},
						{
							"origin": [-2.61705, 0.59616, -0.13353],
							"size": [0.49061, 0.60767, 1.46705],
							"pivot": [-1.35, 0.9, 0.6],
							"rotation": [-45, 0, 0],
							"uv": {
								"north": {"uv": [51, 16], "uv_size": [0.5, 0.5]},
								"east": {"uv": [6, 46], "uv_size": [1.5, 0.5]},
								"south": {"uv": [17, 51], "uv_size": [0.5, 0.5]},
								"west": {"uv": [46, 7], "uv_size": [1.5, 0.5]},
								"up": {"uv": [8, 46], "uv_size": [0.5, 1.5]},
								"down": {"uv": [46, 9.5], "uv_size": [0.5, -1.5]}
							}
						},
						{
							"origin": [-2.61705, 0.59616, -0.13353],
							"size": [0.49061, 0.60767, 1.46705],
							"uv": {
								"north": {"uv": [51, 17], "uv_size": [0.5, 0.5]},
								"east": {"uv": [9, 46], "uv_size": [1.5, 0.5]},
								"south": {"uv": [18, 51], "uv_size": [0.5, 0.5]},
								"west": {"uv": [46, 10], "uv_size": [1.5, 0.5]},
								"up": {"uv": [11, 46], "uv_size": [0.5, 1.5]},
								"down": {"uv": [12, 47.5], "uv_size": [0.5, -1.5]}
							}
						},
						{
							"origin": [-2.61705, 0.16647, 0.29616],
							"size": [0.49061, 1.46705, 0.60767],
							"pivot": [-1.35, 0.9, 0.6],
							"rotation": [-45, 0, 0],
							"uv": {
								"north": {"uv": [13, 46], "uv_size": [0.5, 1.5]},
								"east": {"uv": [14, 46], "uv_size": [0.5, 1.5]},
								"south": {"uv": [46, 14], "uv_size": [0.5, 1.5]},
								"west": {"uv": [15, 46], "uv_size": [0.5, 1.5]},
								"up": {"uv": [51, 18], "uv_size": [0.5, 0.5]},
								"down": {"uv": [19, 51.5], "uv_size": [0.5, -0.5]}
							}
						},
						{
							"origin": [-2.61705, 0.16647, 0.29616],
							"size": [0.49061, 1.46705, 0.60767],
							"uv": {
								"north": {"uv": [46, 16], "uv_size": [0.5, 1.5]},
								"east": {"uv": [46, 18], "uv_size": [0.5, 1.5]},
								"south": {"uv": [46, 20], "uv_size": [0.5, 1.5]},
								"west": {"uv": [46, 22], "uv_size": [0.5, 1.5]},
								"up": {"uv": [51, 19], "uv_size": [0.5, 0.5]},
								"down": {"uv": [20, 51.5], "uv_size": [0.5, -0.5]}
							}
						}
					]
				},
				{
					"name": "TW_4",
					"parent": "Main_wheels",
					"pivot": [0.6, 0.9, 2.6],
					"cubes": [
						{
							"origin": [3.32645, 0.59616, 1.86647],
							"size": [0.49061, 0.60767, 1.46705],
							"pivot": [2.55, 0.9, 2.6],
							"rotation": [-45, 0, 0],
							"uv": {
								"north": {"uv": [51, 20], "uv_size": [0.5, 0.5]},
								"east": {"uv": [26, 46], "uv_size": [1.5, 0.5]},
								"south": {"uv": [21, 51], "uv_size": [0.5, 0.5]},
								"west": {"uv": [46, 26], "uv_size": [1.5, 0.5]},
								"up": {"uv": [24, 46], "uv_size": [0.5, 1.5]},
								"down": {"uv": [46, 28.5], "uv_size": [0.5, -1.5]}
							}
						},
						{
							"origin": [3.32645, 0.59616, 1.86647],
							"size": [0.49061, 0.60767, 1.46705],
							"uv": {
								"north": {"uv": [51, 21], "uv_size": [0.5, 0.5]},
								"east": {"uv": [46, 29], "uv_size": [1.5, 0.5]},
								"south": {"uv": [22, 51], "uv_size": [0.5, 0.5]},
								"west": {"uv": [46, 30], "uv_size": [1.5, 0.5]},
								"up": {"uv": [46, 31], "uv_size": [0.5, 1.5]},
								"down": {"uv": [33, 47.5], "uv_size": [0.5, -1.5]}
							}
						},
						{
							"origin": [3.32645, 0.16647, 2.29616],
							"size": [0.49061, 1.46705, 0.60767],
							"pivot": [2.55, 0.9, 2.6],
							"rotation": [-45, 0, 0],
							"uv": {
								"north": {"uv": [34, 46], "uv_size": [0.5, 1.5]},
								"east": {"uv": [46, 34], "uv_size": [0.5, 1.5]},
								"south": {"uv": [36, 46], "uv_size": [0.5, 1.5]},
								"west": {"uv": [37, 46], "uv_size": [0.5, 1.5]},
								"up": {"uv": [51, 22], "uv_size": [0.5, 0.5]},
								"down": {"uv": [23, 51.5], "uv_size": [0.5, -0.5]}
							}
						},
						{
							"origin": [3.32645, 0.16647, 2.29616],
							"size": [0.49061, 1.46705, 0.60767],
							"uv": {
								"north": {"uv": [38, 46], "uv_size": [0.5, 1.5]},
								"east": {"uv": [46, 38], "uv_size": [0.5, 1.5]},
								"south": {"uv": [42, 46], "uv_size": [0.5, 1.5]},
								"west": {"uv": [46, 42], "uv_size": [0.5, 1.5]},
								"up": {"uv": [51, 23], "uv_size": [0.5, 0.5]},
								"down": {"uv": [24, 51.5], "uv_size": [0.5, -0.5]}
							}
						},
						{
							"origin": [-2.61705, 0.59616, 1.86647],
							"size": [0.49061, 0.60767, 1.46705],
							"pivot": [-1.35, 0.9, 2.6],
							"rotation": [-45, 0, 0],
							"uv": {
								"north": {"uv": [51, 24], "uv_size": [0.5, 0.5]},
								"east": {"uv": [46, 36], "uv_size": [1.5, 0.5]},
								"south": {"uv": [25, 51], "uv_size": [0.5, 0.5]},
								"west": {"uv": [43, 46], "uv_size": [1.5, 0.5]},
								"up": {"uv": [46, 44], "uv_size": [0.5, 1.5]},
								"down": {"uv": [45, 47.5], "uv_size": [0.5, -1.5]}
							}
						},
						{
							"origin": [-2.61705, 0.59616, 1.86647],
							"size": [0.49061, 0.60767, 1.46705],
							"uv": {
								"north": {"uv": [51, 25], "uv_size": [0.5, 0.5]},
								"east": {"uv": [46, 46], "uv_size": [1.5, 0.5]},
								"south": {"uv": [26, 51], "uv_size": [0.5, 0.5]},
								"west": {"uv": [47, 0], "uv_size": [1.5, 0.5]},
								"up": {"uv": [47, 1], "uv_size": [0.5, 1.5]},
								"down": {"uv": [3, 48.5], "uv_size": [0.5, -1.5]}
							}
						},
						{
							"origin": [-2.61705, 0.16647, 2.29616],
							"size": [0.49061, 1.46705, 0.60767],
							"pivot": [-1.35, 0.9, 2.6],
							"rotation": [-45, 0, 0],
							"uv": {
								"north": {"uv": [47, 3], "uv_size": [0.5, 1.5]},
								"east": {"uv": [4, 47], "uv_size": [0.5, 1.5]},
								"south": {"uv": [47, 5], "uv_size": [0.5, 1.5]},
								"west": {"uv": [6, 47], "uv_size": [0.5, 1.5]},
								"up": {"uv": [51, 26], "uv_size": [0.5, 0.5]},
								"down": {"uv": [27, 51.5], "uv_size": [0.5, -0.5]}
							}
						},
						{
							"origin": [-2.61705, 0.16647, 2.29616],
							"size": [0.49061, 1.46705, 0.60767],
							"uv": {
								"north": {"uv": [7, 47], "uv_size": [0.5, 1.5]},
								"east": {"uv": [47, 8], "uv_size": [0.5, 1.5]},
								"south": {"uv": [9, 47], "uv_size": [0.5, 1.5]},
								"west": {"uv": [10, 47], "uv_size": [0.5, 1.5]},
								"up": {"uv": [51, 27], "uv_size": [0.5, 0.5]},
								"down": {"uv": [28, 51.5], "uv_size": [0.5, -0.5]}
							}
						}
					]
				},
				{
					"name": "TW_5",
					"parent": "Main_wheels",
					"pivot": [0.6, 0.9, 4.4],
					"cubes": [
						{
							"origin": [3.32645, 0.59616, 3.66647],
							"size": [0.49061, 0.60767, 1.46705],
							"pivot": [2.55, 0.9, 4.4],
							"rotation": [-45, 0, 0],
							"uv": {
								"north": {"uv": [51, 28], "uv_size": [0.5, 0.5]},
								"east": {"uv": [47, 11], "uv_size": [1.5, 0.5]},
								"south": {"uv": [29, 51], "uv_size": [0.5, 0.5]},
								"west": {"uv": [47, 12], "uv_size": [1.5, 0.5]},
								"up": {"uv": [47, 13], "uv_size": [0.5, 1.5]},
								"down": {"uv": [47, 16.5], "uv_size": [0.5, -1.5]}
							}
						},
						{
							"origin": [3.32645, 0.59616, 3.66647],
							"size": [0.49061, 0.60767, 1.46705],
							"uv": {
								"north": {"uv": [51, 29], "uv_size": [0.5, 0.5]},
								"east": {"uv": [16, 47], "uv_size": [1.5, 0.5]},
								"south": {"uv": [30, 51], "uv_size": [0.5, 0.5]},
								"west": {"uv": [47, 17], "uv_size": [1.5, 0.5]},
								"up": {"uv": [18, 47], "uv_size": [0.5, 1.5]},
								"down": {"uv": [47, 19.5], "uv_size": [0.5, -1.5]}
							}
						},
						{
							"origin": [3.32645, 0.16647, 4.09616],
							"size": [0.49061, 1.46705, 0.60767],
							"pivot": [2.55, 0.9, 4.4],
							"rotation": [-45, 0, 0],
							"uv": {
								"north": {"uv": [19, 47], "uv_size": [0.5, 1.5]},
								"east": {"uv": [20, 47], "uv_size": [0.5, 1.5]},
								"south": {"uv": [47, 20], "uv_size": [0.5, 1.5]},
								"west": {"uv": [21, 47], "uv_size": [0.5, 1.5]},
								"up": {"uv": [51, 30], "uv_size": [0.5, 0.5]},
								"down": {"uv": [31, 51.5], "uv_size": [0.5, -0.5]}
							}
						},
						{
							"origin": [3.32645, 0.16647, 4.09616],
							"size": [0.49061, 1.46705, 0.60767],
							"uv": {
								"north": {"uv": [22, 47], "uv_size": [0.5, 1.5]},
								"east": {"uv": [47, 22], "uv_size": [0.5, 1.5]},
								"south": {"uv": [23, 47], "uv_size": [0.5, 1.5]},
								"west": {"uv": [47, 24], "uv_size": [0.5, 1.5]},
								"up": {"uv": [51, 31], "uv_size": [0.5, 0.5]},
								"down": {"uv": [32, 51.5], "uv_size": [0.5, -0.5]}
							}
						},
						{
							"origin": [-2.61705, 0.59616, 3.66647],
							"size": [0.49061, 0.60767, 1.46705],
							"pivot": [-1.35, 0.9, 4.4],
							"rotation": [-45, 0, 0],
							"uv": {
								"north": {"uv": [51, 32], "uv_size": [0.5, 0.5]},
								"east": {"uv": [25, 47], "uv_size": [1.5, 0.5]},
								"south": {"uv": [33, 51], "uv_size": [0.5, 0.5]},
								"west": {"uv": [27, 47], "uv_size": [1.5, 0.5]},
								"up": {"uv": [47, 27], "uv_size": [0.5, 1.5]},
								"down": {"uv": [29, 48.5], "uv_size": [0.5, -1.5]}
							}
						},
						{
							"origin": [-2.61705, 0.59616, 3.66647],
							"size": [0.49061, 0.60767, 1.46705],
							"uv": {
								"north": {"uv": [51, 33], "uv_size": [0.5, 0.5]},
								"east": {"uv": [30, 47], "uv_size": [1.5, 0.5]},
								"south": {"uv": [34, 51], "uv_size": [0.5, 0.5]},
								"west": {"uv": [47, 31], "uv_size": [1.5, 0.5]},
								"up": {"uv": [32, 47], "uv_size": [0.5, 1.5]},
								"down": {"uv": [47, 33.5], "uv_size": [0.5, -1.5]}
							}
						},
						{
							"origin": [-2.61705, 0.16647, 4.09616],
							"size": [0.49061, 1.46705, 0.60767],
							"pivot": [-1.35, 0.9, 4.4],
							"rotation": [-45, 0, 0],
							"uv": {
								"north": {"uv": [47, 34], "uv_size": [0.5, 1.5]},
								"east": {"uv": [35, 47], "uv_size": [0.5, 1.5]},
								"south": {"uv": [47, 37], "uv_size": [0.5, 1.5]},
								"west": {"uv": [39, 47], "uv_size": [0.5, 1.5]},
								"up": {"uv": [51, 34], "uv_size": [0.5, 0.5]},
								"down": {"uv": [35, 51.5], "uv_size": [0.5, -0.5]}
							}
						},
						{
							"origin": [-2.61705, 0.16647, 4.09616],
							"size": [0.49061, 1.46705, 0.60767],
							"uv": {
								"north": {"uv": [47, 39], "uv_size": [0.5, 1.5]},
								"east": {"uv": [40, 47], "uv_size": [0.5, 1.5]},
								"south": {"uv": [41, 47], "uv_size": [0.5, 1.5]},
								"west": {"uv": [47, 41], "uv_size": [0.5, 1.5]},
								"up": {"uv": [51, 35], "uv_size": [0.5, 0.5]},
								"down": {"uv": [36, 51.5], "uv_size": [0.5, -0.5]}
							}
						}
					]
				},
				{
					"name": "end_wheels",
					"parent": "trackwheels",
					"pivot": [4.15, -0.2, 4.6],
					"cubes": [
						{
							"origin": [3.25048, 1.12589, 5.53824],
							"size": [0.62304, 0.54822, 1.32352],
							"pivot": [2.55, 1.4, 6.2],
							"rotation": [-45, 0, 0],
							"uv": {
								"north": {"uv": [51, 36], "uv_size": [0.5, 0.5]},
								"east": {"uv": [43, 47], "uv_size": [1.5, 0.5]},
								"south": {"uv": [37, 51], "uv_size": [0.5, 0.5]},
								"west": {"uv": [47, 43], "uv_size": [1.5, 0.5]},
								"up": {"uv": [47, 44], "uv_size": [0.5, 1.5]},
								"down": {"uv": [46, 48.5], "uv_size": [0.5, -1.5]}
							}
						},
						{
							"origin": [3.25048, 1.12589, 5.53824],
							"size": [0.62304, 0.54822, 1.32352],
							"uv": {
								"north": {"uv": [51, 37], "uv_size": [0.5, 0.5]},
								"east": {"uv": [47, 47], "uv_size": [1.5, 0.5]},
								"south": {"uv": [38, 51], "uv_size": [0.5, 0.5]},
								"west": {"uv": [0, 48], "uv_size": [1.5, 0.5]},
								"up": {"uv": [48, 1], "uv_size": [0.5, 1.5]},
								"down": {"uv": [2, 49.5], "uv_size": [0.5, -1.5]}
							}
						},
						{
							"origin": [3.25048, 0.73824, 5.92589],
							"size": [0.62304, 1.32352, 0.54822],
							"pivot": [2.55, 1.4, 6.2],
							"rotation": [-45, 0, 0],
							"uv": {
								"north": {"uv": [48, 3], "uv_size": [0.5, 1.5]},
								"east": {"uv": [5, 48], "uv_size": [0.5, 1.5]},
								"south": {"uv": [48, 5], "uv_size": [0.5, 1.5]},
								"west": {"uv": [48, 7], "uv_size": [0.5, 1.5]},
								"up": {"uv": [51, 38], "uv_size": [0.5, 0.5]},
								"down": {"uv": [39, 51.5], "uv_size": [0.5, -0.5]}
							}
						},
						{
							"origin": [3.25048, 0.73824, 5.92589],
							"size": [0.62304, 1.32352, 0.54822],
							"uv": {
								"north": {"uv": [8, 48], "uv_size": [0.5, 1.5]},
								"east": {"uv": [48, 9], "uv_size": [0.5, 1.5]},
								"south": {"uv": [11, 48], "uv_size": [0.5, 1.5]},
								"west": {"uv": [12, 48], "uv_size": [0.5, 1.5]},
								"up": {"uv": [51, 39], "uv_size": [0.5, 0.5]},
								"down": {"uv": [40, 51.5], "uv_size": [0.5, -0.5]}
							}
						},
						{
							"origin": [-2.67352, 1.12589, 5.53824],
							"size": [0.62304, 0.54822, 1.32352],
							"pivot": [-1.35, 1.4, 6.2],
							"rotation": [-45, 0, 0],
							"uv": {
								"north": {"uv": [51, 40], "uv_size": [0.5, 0.5]},
								"east": {"uv": [13, 48], "uv_size": [1.5, 0.5]},
								"south": {"uv": [41, 51], "uv_size": [0.5, 0.5]},
								"west": {"uv": [48, 13], "uv_size": [1.5, 0.5]},
								"up": {"uv": [48, 14], "uv_size": [0.5, 1.5]},
								"down": {"uv": [15, 49.5], "uv_size": [0.5, -1.5]}
							}
						},
						{
							"origin": [-2.67352, 1.12589, 5.53824],
							"size": [0.62304, 0.54822, 1.32352],
							"uv": {
								"north": {"uv": [51, 41], "uv_size": [0.5, 0.5]},
								"east": {"uv": [16, 48], "uv_size": [1.5, 0.5]},
								"south": {"uv": [42, 51], "uv_size": [0.5, 0.5]},
								"west": {"uv": [48, 16], "uv_size": [1.5, 0.5]},
								"up": {"uv": [48, 18], "uv_size": [0.5, 1.5]},
								"down": {"uv": [48, 21.5], "uv_size": [0.5, -1.5]}
							}
						},
						{
							"origin": [-2.67352, 0.73824, 5.92589],
							"size": [0.62304, 1.32352, 0.54822],
							"pivot": [-1.35, 1.4, 6.2],
							"rotation": [-45, 0, 0],
							"uv": {
								"north": {"uv": [48, 22], "uv_size": [0.5, 1.5]},
								"east": {"uv": [24, 48], "uv_size": [0.5, 1.5]},
								"south": {"uv": [48, 24], "uv_size": [0.5, 1.5]},
								"west": {"uv": [25, 48], "uv_size": [0.5, 1.5]},
								"up": {"uv": [51, 42], "uv_size": [0.5, 0.5]},
								"down": {"uv": [43, 51.5], "uv_size": [0.5, -0.5]}
							}
						},
						{
							"origin": [-2.67352, 0.73824, 5.92589],
							"size": [0.62304, 1.32352, 0.54822],
							"uv": {
								"north": {"uv": [26, 48], "uv_size": [0.5, 1.5]},
								"east": {"uv": [48, 26], "uv_size": [0.5, 1.5]},
								"south": {"uv": [27, 48], "uv_size": [0.5, 1.5]},
								"west": {"uv": [28, 48], "uv_size": [0.5, 1.5]},
								"up": {"uv": [51, 43], "uv_size": [0.5, 0.5]},
								"down": {"uv": [44, 51.5], "uv_size": [0.5, -0.5]}
							}
						}
					]
				}
			]
		}
	]
}