{
	"format_version": "1.12.0",
	"minecraft:geometry": [
		{
			"description": {
				"identifier": "geometry.su_122",
				"texture_width": 64,
				"texture_height": 64,
				"visible_bounds_width": 8,
				"visible_bounds_height": 10.5,
				"visible_bounds_offset": [0, 0.25, 0]
			},
			"bones": [
				{
					"name": "Track1",
					"pivot": [-2.75, 1.32765, 0.20733],
					"rotation": [-180, 0, 180],
					"cubes": [
						{
							"origin": [-3.5, 2.28847, 6.49997],
							"size": [1.5, 0.1, 1.6],
							"pivot": [-3, 2.28847, 6.49997],
							"rotation": [-172.5, 0, 0],
							"uv": {
								"north": {"uv": [33.5, 9], "uv_size": [-1.5, 1.5]},
								"east": {"uv": [33.5, 9], "uv_size": [-1.5, 1.5]},
								"south": {"uv": [33.5, 9], "uv_size": [-1.5, 1.5]},
								"west": {"uv": [33.5, 9], "uv_size": [-1.5, 1.5]},
								"up": {"uv": [32, 10.5], "uv_size": [1.5, -1.5]},
								"down": {"uv": [32, 10.5], "uv_size": [1.5, -1.5]}
							}
						},
						{
							"origin": [-3.5, 2.11942, 6.86249],
							"size": [1.5, 0.1, 0.4],
							"pivot": [-3, 2.11942, 6.86249],
							"rotation": [155, 0, 0],
							"uv": {
								"north": {"uv": [29.5, 45.5], "uv_size": [-1.5, -0.5]},
								"east": {"uv": [29.5, 45.5], "uv_size": [-1.5, -0.5]},
								"south": {"uv": [29.5, 45.5], "uv_size": [-1.5, -0.5]},
								"west": {"uv": [29.5, 45.5], "uv_size": [-1.5, -0.5]},
								"up": {"uv": [28, 45], "uv_size": [1.5, 0.5]},
								"down": {"uv": [28, 45], "uv_size": [1.5, 0.5]}
							}
						},
						{
							"origin": [-3.5, 1.69773, 7.13114],
							"size": [1.5, 0.1, 0.5],
							"pivot": [-3, 1.69773, 7.13114],
							"rotation": [122.5, 0, 0],
							"uv": {
								"north": {"uv": [35.5, 45], "uv_size": [-1.5, 0.5]},
								"east": {"uv": [35.5, 45], "uv_size": [-1.5, 0.5]},
								"south": {"uv": [35.5, 45], "uv_size": [-1.5, 0.5]},
								"west": {"uv": [35.5, 45], "uv_size": [-1.5, 0.5]},
								"up": {"uv": [34, 45.5], "uv_size": [1.5, -0.5]},
								"down": {"uv": [34, 45.5], "uv_size": [1.5, -0.5]}
							}
						},
						{
							"origin": [-3.5, 1.23579, 6.9398],
							"size": [1.5, 0.1, 0.5],
							"pivot": [-3, 1.23579, 6.9398],
							"rotation": [67.5, 0, 0],
							"uv": {
								"north": {"uv": [39.5, 45], "uv_size": [-1.5, 0.5]},
								"east": {"uv": [39.5, 45], "uv_size": [-1.5, 0.5]},
								"south": {"uv": [39.5, 45], "uv_size": [-1.5, 0.5]},
								"west": {"uv": [39.5, 45], "uv_size": [-1.5, 0.5]},
								"up": {"uv": [38, 45.5], "uv_size": [1.5, -0.5]},
								"down": {"uv": [38, 45.5], "uv_size": [1.5, -0.5]}
							}
						},
						{
							"origin": [-3.5, 0, 5],
							"size": [1.5, 0.1, 2.3],
							"pivot": [-3, 0, 5],
							"rotation": [32.5, 0, 0],
							"uv": {
								"north": {"uv": [30.5, 11], "uv_size": [-1.5, 2.25]},
								"east": {"uv": [30.5, 11], "uv_size": [-1.5, 2.25]},
								"south": {"uv": [30.5, 11], "uv_size": [-1.5, 2.25]},
								"west": {"uv": [30.5, 11], "uv_size": [-1.5, 2.25]},
								"up": {"uv": [29, 13.25], "uv_size": [1.5, -2.25]},
								"down": {"uv": [29, 13.25], "uv_size": [1.5, -2.25]}
							}
						},
						{
							"origin": [-3.5, 1.98049, -4.07329],
							"size": [1.5, 0.1, 9],
							"pivot": [-3, 1.98049, 4.92671],
							"rotation": [1, 0, 0],
							"uv": {
								"north": {"uv": [17.5, 20], "uv_size": [-1.5, -9]},
								"east": {"uv": [17.5, 20], "uv_size": [-1.5, -9]},
								"south": {"uv": [17.5, 20], "uv_size": [-1.5, -9]},
								"west": {"uv": [17.5, 20], "uv_size": [-1.5, -9]},
								"up": {"uv": [16, 11], "uv_size": [1.5, 9]},
								"down": {"uv": [16, 11], "uv_size": [1.5, 9]}
							}
						},
						{
							"origin": [-3.5, 2.09498, -6.49735],
							"size": [1.5, 0.1, 1.3],
							"pivot": [-3, 2.09498, -5.19735],
							"rotation": [172.5, 0, 0],
							"uv": {
								"north": {"uv": [39.5, 33], "uv_size": [-1.5, 1.25]},
								"east": {"uv": [39.5, 33], "uv_size": [-1.5, 1.25]},
								"south": {"uv": [39.5, 33], "uv_size": [-1.5, 1.25]},
								"west": {"uv": [39.5, 33], "uv_size": [-1.5, 1.25]},
								"up": {"uv": [38, 34.25], "uv_size": [1.5, -1.25]},
								"down": {"uv": [38, 34.25], "uv_size": [1.5, -1.25]}
							}
						},
						{
							"origin": [-3.5, 1.93379, -5.75037],
							"size": [1.5, 0.1, 0.3],
							"pivot": [-3, 1.93379, -5.45037],
							"rotation": [-147.5, 0, 0],
							"uv": {
								"north": {"uv": [52.5, 25], "uv_size": [-1.5, 0.25]},
								"east": {"uv": [52.5, 25], "uv_size": [-1.5, 0.25]},
								"south": {"uv": [52.5, 25], "uv_size": [-1.5, 0.25]},
								"west": {"uv": [52.5, 25], "uv_size": [-1.5, 0.25]},
								"up": {"uv": [51, 25.25], "uv_size": [1.5, -0.25]},
								"down": {"uv": [51, 25.25], "uv_size": [1.5, -0.25]}
							}
						},
						{
							"origin": [-3.5, 1.53712, -6.25475],
							"size": [1.5, 0.1, 0.5],
							"pivot": [-3, 1.53712, -5.75475],
							"rotation": [-127.5, 0, 0],
							"uv": {
								"north": {"uv": [43.5, 45], "uv_size": [-1.5, 0.5]},
								"east": {"uv": [43.5, 45], "uv_size": [-1.5, 0.5]},
								"south": {"uv": [43.5, 45], "uv_size": [-1.5, 0.5]},
								"west": {"uv": [43.5, 45], "uv_size": [-1.5, 0.5]},
								"up": {"uv": [42, 45.5], "uv_size": [1.5, -0.5]},
								"down": {"uv": [42, 45.5], "uv_size": [1.5, -0.5]}
							}
						},
						{
							"origin": [-3.5, 1.03759, -6.23294],
							"size": [1.5, 0.1, 0.5],
							"pivot": [-3, 1.03759, -5.73294],
							"rotation": [-87.5, 0, 0],
							"uv": {
								"north": {"uv": [1.5, 46], "uv_size": [-1.5, 0.5]},
								"east": {"uv": [1.5, 46], "uv_size": [-1.5, 0.5]},
								"south": {"uv": [1.5, 46], "uv_size": [-1.5, 0.5]},
								"west": {"uv": [1.5, 46], "uv_size": [-1.5, 0.5]},
								"up": {"uv": [0, 46.5], "uv_size": [1.5, -0.5]},
								"down": {"uv": [0, 46.5], "uv_size": [1.5, -0.5]}
							}
						},
						{
							"origin": [-3.5, 0.68404, -5.87939],
							"size": [1.5, 0.1, 0.5],
							"pivot": [-3, 0.68404, -5.37939],
							"rotation": [-45, 0, 0],
							"uv": {
								"north": {"uv": [5.5, 46], "uv_size": [-1.5, 0.5]},
								"east": {"uv": [5.5, 46], "uv_size": [-1.5, 0.5]},
								"south": {"uv": [5.5, 46], "uv_size": [-1.5, 0.5]},
								"west": {"uv": [5.5, 46], "uv_size": [-1.5, 0.5]},
								"up": {"uv": [4, 46.5], "uv_size": [1.5, -0.5]},
								"down": {"uv": [4, 46.5], "uv_size": [1.5, -0.5]}
							}
						},
						{
							"origin": [-3.5, 0, -5.5],
							"size": [1.5, 0.1, 2],
							"pivot": [-3, 0, -3.5],
							"rotation": [-20, 0, 0],
							"uv": {
								"north": {"uv": [24.5, 26], "uv_size": [-1.5, 2]},
								"east": {"uv": [24.5, 26], "uv_size": [-1.5, 2]},
								"south": {"uv": [24.5, 26], "uv_size": [-1.5, 2]},
								"west": {"uv": [24.5, 26], "uv_size": [-1.5, 2]},
								"up": {"uv": [23, 28], "uv_size": [1.5, -2]},
								"down": {"uv": [23, 28], "uv_size": [1.5, -2]}
							}
						},
						{
							"origin": [-3.5, 0, -3.5],
							"size": [1.5, 0.1, 8.5],
							"uv": {
								"north": {"uv": [21.5, 9], "uv_size": [-1.5, 8.5]},
								"east": {"uv": [21.5, 9], "uv_size": [-1.5, 8.5]},
								"south": {"uv": [21.5, 9], "uv_size": [-1.5, 8.5]},
								"west": {"uv": [21.5, 9], "uv_size": [-1.5, 8.5]},
								"up": {"uv": [20, 17.5], "uv_size": [1.5, -8.5]},
								"down": {"uv": [20, 17.5], "uv_size": [1.5, -8.5]}
							}
						}
					]
				},
				{
					"name": "Track2",
					"pivot": [2.75, 1.32765, 0.20733],
					"rotation": [-180, 0, 180],
					"cubes": [
						{
							"origin": [2, 2.28847, 6.49997],
							"size": [1.5, 0.1, 1.6],
							"pivot": [3.5, 2.28847, 6.49997],
							"rotation": [-172.5, 0, 0],
							"uv": {
								"north": {"uv": [3.5, 33], "uv_size": [-1.5, 1.5]},
								"east": {"uv": [3.5, 33], "uv_size": [-1.5, 1.5]},
								"south": {"uv": [3.5, 33], "uv_size": [-1.5, 1.5]},
								"west": {"uv": [3.5, 33], "uv_size": [-1.5, 1.5]},
								"up": {"uv": [2, 34.5], "uv_size": [1.5, -1.5]},
								"down": {"uv": [2, 34.5], "uv_size": [1.5, -1.5]}
							}
						},
						{
							"origin": [2, 2.11942, 6.86249],
							"size": [1.5, 0.1, 0.4],
							"pivot": [3.5, 2.11942, 6.86249],
							"rotation": [155, 0, 0],
							"uv": {
								"north": {"uv": [9.5, 46], "uv_size": [-1.5, 0.5]},
								"east": {"uv": [9.5, 46], "uv_size": [-1.5, 0.5]},
								"south": {"uv": [9.5, 46], "uv_size": [-1.5, 0.5]},
								"west": {"uv": [9.5, 46], "uv_size": [-1.5, 0.5]},
								"up": {"uv": [8, 46.5], "uv_size": [1.5, -0.5]},
								"down": {"uv": [8, 46.5], "uv_size": [1.5, -0.5]}
							}
						},
						{
							"origin": [2, 1.69773, 7.13114],
							"size": [1.5, 0.1, 0.5],
							"pivot": [3.5, 1.69773, 7.13114],
							"rotation": [122.5, 0, 0],
							"uv": {
								"north": {"uv": [13.5, 46], "uv_size": [-1.5, 0.5]},
								"east": {"uv": [13.5, 46], "uv_size": [-1.5, 0.5]},
								"south": {"uv": [13.5, 46], "uv_size": [-1.5, 0.5]},
								"west": {"uv": [13.5, 46], "uv_size": [-1.5, 0.5]},
								"up": {"uv": [12, 46.5], "uv_size": [1.5, -0.5]},
								"down": {"uv": [12, 46.5], "uv_size": [1.5, -0.5]}
							}
						},
						{
							"origin": [2, 1.23579, 6.9398],
							"size": [1.5, 0.1, 0.5],
							"pivot": [3.5, 1.23579, 6.9398],
							"rotation": [67.5, 0, 0],
							"uv": {
								"north": {"uv": [47.5, 14], "uv_size": [-1.5, 0.5]},
								"east": {"uv": [47.5, 14], "uv_size": [-1.5, 0.5]},
								"south": {"uv": [47.5, 14], "uv_size": [-1.5, 0.5]},
								"west": {"uv": [47.5, 14], "uv_size": [-1.5, 0.5]},
								"up": {"uv": [46, 14.5], "uv_size": [1.5, -0.5]},
								"down": {"uv": [46, 14.5], "uv_size": [1.5, -0.5]}
							}
						},
						{
							"origin": [2, 0, 5],
							"size": [1.5, 0.1, 2.3],
							"pivot": [3.5, 0, 5],
							"rotation": [32.5, 0, 0],
							"uv": {
								"north": {"uv": [17.5, 29], "uv_size": [-1.5, 2.25]},
								"east": {"uv": [17.5, 29], "uv_size": [-1.5, 2.25]},
								"south": {"uv": [17.5, 29], "uv_size": [-1.5, 2.25]},
								"west": {"uv": [17.5, 29], "uv_size": [-1.5, 2.25]},
								"up": {"uv": [16, 31.25], "uv_size": [1.5, -2.25]},
								"down": {"uv": [16, 31.25], "uv_size": [1.5, -2.25]}
							}
						},
						{
							"origin": [2, 1.98049, -4.07329],
							"size": [1.5, 0.1, 9],
							"pivot": [3.5, 1.98049, 4.92671],
							"rotation": [1, 0, 0],
							"uv": {
								"north": {"uv": [15.5, 25], "uv_size": [-1.5, -9]},
								"east": {"uv": [15.5, 25], "uv_size": [-1.5, -9]},
								"south": {"uv": [15.5, 25], "uv_size": [-1.5, -9]},
								"west": {"uv": [15.5, 25], "uv_size": [-1.5, -9]},
								"up": {"uv": [14, 16], "uv_size": [1.5, 9]},
								"down": {"uv": [14, 16], "uv_size": [1.5, 9]}
							}
						},
						{
							"origin": [2, 2.09498, -6.49735],
							"size": [1.5, 0.1, 1.3],
							"pivot": [3.5, 2.09498, -5.19735],
							"rotation": [172.5, 0, 0],
							"uv": {
								"north": {"uv": [37.5, 38], "uv_size": [-1.5, 1.25]},
								"east": {"uv": [37.5, 38], "uv_size": [-1.5, 1.25]},
								"south": {"uv": [37.5, 38], "uv_size": [-1.5, 1.25]},
								"west": {"uv": [37.5, 38], "uv_size": [-1.5, 1.25]},
								"up": {"uv": [36, 39.25], "uv_size": [1.5, -1.25]},
								"down": {"uv": [36, 39.25], "uv_size": [1.5, -1.25]}
							}
						},
						{
							"origin": [2, 1.93379, -5.75037],
							"size": [1.5, 0.1, 0.3],
							"pivot": [3.5, 1.93379, -5.45037],
							"rotation": [-147.5, 0, 0],
							"uv": {
								"north": {"uv": [52.5, 46], "uv_size": [-1.5, 0.25]},
								"east": {"uv": [52.5, 46], "uv_size": [-1.5, 0.25]},
								"south": {"uv": [52.5, 46], "uv_size": [-1.5, 0.25]},
								"west": {"uv": [52.5, 46], "uv_size": [-1.5, 0.25]},
								"up": {"uv": [51, 46.25], "uv_size": [1.5, -0.25]},
								"down": {"uv": [51, 46.25], "uv_size": [1.5, -0.25]}
							}
						},
						{
							"origin": [2, 1.53712, -6.25475],
							"size": [1.5, 0.1, 0.5],
							"pivot": [3.5, 1.53712, -5.75475],
							"rotation": [-127.5, 0, 0],
							"uv": {
								"north": {"uv": [17.5, 46], "uv_size": [-1.5, 0.5]},
								"east": {"uv": [17.5, 46], "uv_size": [-1.5, 0.5]},
								"south": {"uv": [17.5, 46], "uv_size": [-1.5, 0.5]},
								"west": {"uv": [17.5, 46], "uv_size": [-1.5, 0.5]},
								"up": {"uv": [16, 46.5], "uv_size": [1.5, -0.5]},
								"down": {"uv": [16, 46.5], "uv_size": [1.5, -0.5]}
							}
						},
						{
							"origin": [2, 1.03759, -6.23294],
							"size": [1.5, 0.1, 0.5],
							"pivot": [3.5, 1.03759, -5.73294],
							"rotation": [-87.5, 0, 0],
							"uv": {
								"north": {"uv": [19.5, 46], "uv_size": [-1.5, 0.5]},
								"east": {"uv": [19.5, 46], "uv_size": [-1.5, 0.5]},
								"south": {"uv": [19.5, 46], "uv_size": [-1.5, 0.5]},
								"west": {"uv": [19.5, 46], "uv_size": [-1.5, 0.5]},
								"up": {"uv": [18, 46.5], "uv_size": [1.5, -0.5]},
								"down": {"uv": [18, 46.5], "uv_size": [1.5, -0.5]}
							}
						},
						{
							"origin": [2, 0.68404, -5.87939],
							"size": [1.5, 0.1, 0.5],
							"pivot": [3.5, 0.68404, -5.37939],
							"rotation": [-45, 0, 0],
							"uv": {
								"north": {"uv": [23.5, 46], "uv_size": [-1.5, 0.5]},
								"east": {"uv": [23.5, 46], "uv_size": [-1.5, 0.5]},
								"south": {"uv": [23.5, 46], "uv_size": [-1.5, 0.5]},
								"west": {"uv": [23.5, 46], "uv_size": [-1.5, 0.5]},
								"up": {"uv": [22, 46.5], "uv_size": [1.5, -0.5]},
								"down": {"uv": [22, 46.5], "uv_size": [1.5, -0.5]}
							}
						},
						{
							"origin": [2, 0, -5.5],
							"size": [1.5, 0.1, 2],
							"pivot": [3.5, 0, -3.5],
							"rotation": [-20, 0, 0],
							"uv": {
								"north": {"uv": [28.5, 29], "uv_size": [-1.5, 2]},
								"east": {"uv": [28.5, 29], "uv_size": [-1.5, 2]},
								"south": {"uv": [28.5, 29], "uv_size": [-1.5, 2]},
								"west": {"uv": [28.5, 29], "uv_size": [-1.5, 2]},
								"up": {"uv": [27, 31], "uv_size": [1.5, -2]},
								"down": {"uv": [27, 31], "uv_size": [1.5, -2]}
							}
						},
						{
							"origin": [2, 0, -3.5],
							"size": [1.5, 0.1, 8.5],
							"uv": {
								"north": {"uv": [19.5, 20], "uv_size": [-1.5, 8.5]},
								"east": {"uv": [19.5, 20], "uv_size": [-1.5, 8.5]},
								"south": {"uv": [19.5, 20], "uv_size": [-1.5, 8.5]},
								"west": {"uv": [19.5, 20], "uv_size": [-1.5, 8.5]},
								"up": {"uv": [18, 28.5], "uv_size": [1.5, -8.5]},
								"down": {"uv": [18, 28.5], "uv_size": [1.5, -8.5]}
							}
						}
					]
				},
				{
					"name": "Hull",
					"pivot": [0, 0, 0],
					"rotation": [-180, 0, 180],
					"cubes": [
						{
							"origin": [0, 1.46075, 5.62172],
							"size": [0.9, 0.75, 0.4],
							"pivot": [0.45, 1.83575, 5.79672],
							"rotation": [-50, 0, 0],
							"uv": {
								"north": {"uv": [11, 27], "uv_size": [1, 0.75]},
								"east": {"uv": [39, 20], "uv_size": [2.25, 0.75]},
								"south": {"uv": [33, 4], "uv_size": [1, 0.75]},
								"west": {"uv": [27, 39], "uv_size": [2.25, 0.75]},
								"up": {"uv": [13, 31], "uv_size": [1, 2.25]},
								"down": {"uv": [25, 33.25], "uv_size": [1, -2.25]}
							}
						},
						{
							"origin": [0.5, 1.15444, 4.87861],
							"size": [0.4, 0.75, 1.35],
							"pivot": [0.9, 1.90444, 6.22861],
							"rotation": [-55.095, -22.98999, 30.48113],
							"uv": {
								"north": {"uv": [48, 11], "uv_size": [1, 0.75]},
								"east": {"uv": [9, 45], "uv_size": [1.25, 0.75]},
								"south": {"uv": [12, 48], "uv_size": [1, 0.75]},
								"west": {"uv": [45, 9], "uv_size": [1.25, 0.75]},
								"up": {"uv": [22, 44], "uv_size": [1, 1.25]},
								"down": {"uv": [23, 45.25], "uv_size": [1, -1.25]}
							}
						},
						{
							"origin": [0.10333, 0.92096, 5.0739],
							"size": [0.4, 0.75, 1.35],
							"pivot": [-0.39667, 1.67096, 6.4239],
							"rotation": [-55.095, 22.98999, -30.48113],
							"uv": {
								"north": {"uv": [48, 12], "uv_size": [1, 0.75]},
								"east": {"uv": [45, 10], "uv_size": [1.25, 0.75]},
								"south": {"uv": [13, 48], "uv_size": [1, 0.75]},
								"west": {"uv": [11, 45], "uv_size": [1.25, 0.75]},
								"up": {"uv": [24, 44], "uv_size": [1, 1.25]},
								"down": {"uv": [44, 25.25], "uv_size": [1, -1.25]}
							}
						},
						{
							"origin": [-0.8, 2, 2.5],
							"size": [2.5, 2.8, 2.8],
							"uv": {
								"north": {"uv": [26, 2], "uv_size": [2.5, 2.75]},
								"east": {"uv": [12, 25], "uv_size": [2.75, 2.75]},
								"south": {"uv": [26, 5], "uv_size": [2.5, 2.75]},
								"west": {"uv": [25, 25], "uv_size": [2.75, 2.75]},
								"up": {"uv": [20, 26], "uv_size": [2.5, 2.75]},
								"down": {"uv": [2, 29.75], "uv_size": [2.5, -2.75]}
							}
						},
						{
							"origin": [-0.8, 1.53407, 2.75882],
							"size": [0.8, 2.3, 2.8],
							"uv": {
								"north": {"uv": [30, 39], "uv_size": [0.75, 2.25]},
								"east": {"uv": [8, 27], "uv_size": [2.75, 2.25]},
								"south": {"uv": [31, 39], "uv_size": [0.75, 2.25]},
								"west": {"uv": [11, 28], "uv_size": [2.75, 2.25]},
								"up": {"uv": [35, 19], "uv_size": [0.75, 2.75]},
								"down": {"uv": [20, 37.75], "uv_size": [0.75, -2.75]}
							}
						},
						{
							"origin": [0.9, 1.53407, 2.75882],
							"size": [0.8, 2.3, 2.8],
							"uv": {
								"north": {"uv": [32, 39], "uv_size": [0.75, 2.25]},
								"east": {"uv": [23, 28], "uv_size": [2.75, 2.25]},
								"south": {"uv": [33, 39], "uv_size": [0.75, 2.25]},
								"west": {"uv": [28, 25], "uv_size": [2.75, 2.25]},
								"up": {"uv": [21, 35], "uv_size": [0.75, 2.75]},
								"down": {"uv": [22, 37.75], "uv_size": [0.75, -2.75]}
							}
						},
						{
							"origin": [0.9, 3.8, 2.5],
							"size": [0.8, 1, 2.8],
							"pivot": [-1.3, 4.8, 5.3],
							"rotation": [15, 0, 0],
							"uv": {
								"north": {"uv": [48, 9], "uv_size": [0.75, 1]},
								"east": {"uv": [30, 21], "uv_size": [2.75, 1]},
								"south": {"uv": [10, 48], "uv_size": [0.75, 1]},
								"west": {"uv": [30, 22], "uv_size": [2.75, 1]},
								"up": {"uv": [18, 35], "uv_size": [0.75, 2.75]},
								"down": {"uv": [19, 37.75], "uv_size": [0.75, -2.75]}
							}
						},
						{
							"origin": [-0.8, 3.8, 2.5],
							"size": [0.8, 1, 2.8],
							"pivot": [3, 4.8, 5.3],
							"rotation": [15, 0, 0],
							"uv": {
								"north": {"uv": [48, 10], "uv_size": [0.75, 1]},
								"east": {"uv": [29, 30], "uv_size": [2.75, 1]},
								"south": {"uv": [11, 48], "uv_size": [0.75, 1]},
								"west": {"uv": [31, 5], "uv_size": [2.75, 1]},
								"up": {"uv": [23, 35], "uv_size": [0.75, 2.75]},
								"down": {"uv": [26, 37.75], "uv_size": [0.75, -2.75]}
							}
						},
						{
							"origin": [-2, 2.45914, 2.59534],
							"size": [4, 0.75, 4.5],
							"pivot": [0, 2.83414, 4.84534],
							"rotation": [-50, 0, 0],
							"uv": {
								"north": {"uv": [29, 20], "uv_size": [4, 0.75]},
								"east": {"uv": [29, 17], "uv_size": [4.5, 0.75]},
								"south": {"uv": [29, 29], "uv_size": [4, 0.75]},
								"west": {"uv": [18, 29], "uv_size": [4.5, 0.75]},
								"up": {"uv": [12, 11], "uv_size": [4, 4.5]},
								"down": {"uv": [0, 20.5], "uv_size": [4, -4.5]}
							}
						},
						{
							"origin": [-3, 3.39852, 2.38055],
							"size": [1, 0.4, 2.7],
							"pivot": [5, 2.89852, 4.10598],
							"rotation": [-50, 0, 0],
							"uv": {
								"north": {"uv": [14, 49], "uv_size": [1, 0.5]},
								"east": {"uv": [42, 16], "uv_size": [2.75, 0.5]},
								"south": {"uv": [15, 49], "uv_size": [1, 0.5]},
								"west": {"uv": [42, 20], "uv_size": [2.75, 0.5]},
								"up": {"uv": [2, 30], "uv_size": [1, 2.75]},
								"down": {"uv": [3, 32.75], "uv_size": [1, -2.75]}
							}
						},
						{
							"origin": [2, 3.39852, 2.38055],
							"size": [1, 0.4, 2.7],
							"pivot": [-5, 2.89852, 4.10598],
							"rotation": [-50, 0, 0],
							"uv": {
								"north": {"uv": [50, 38], "uv_size": [1, 0.5]},
								"east": {"uv": [43, 15], "uv_size": [2.75, 0.5]},
								"south": {"uv": [39, 50], "uv_size": [1, 0.5]},
								"west": {"uv": [16, 43], "uv_size": [2.75, 0.5]},
								"up": {"uv": [15, 30], "uv_size": [1, 2.75]},
								"down": {"uv": [22, 32.75], "uv_size": [1, -2.75]}
							}
						},
						{
							"origin": [-2.99895, 4.5003, 3.52986],
							"size": [1, 0.4, 2.7],
							"pivot": [-2.99605, 4.67985, 3.49802],
							"rotation": [-50, -5.17104, 7.75131],
							"uv": {
								"north": {"uv": [50, 39], "uv_size": [1, 0.5]},
								"east": {"uv": [43, 17], "uv_size": [2.75, 0.5]},
								"south": {"uv": [40, 50], "uv_size": [1, 0.5]},
								"west": {"uv": [19, 43], "uv_size": [2.75, 0.5]},
								"up": {"uv": [6, 31], "uv_size": [1, 2.75]},
								"down": {"uv": [31, 8.75], "uv_size": [1, -2.75]}
							}
						},
						{
							"origin": [1.99895, 4.5003, 3.52986],
							"size": [1, 0.4, 2.7],
							"pivot": [2.99605, 4.67985, 3.49802],
							"rotation": [-50, 5.17104, -7.75131],
							"uv": {
								"north": {"uv": [50, 40], "uv_size": [1, 0.5]},
								"east": {"uv": [43, 19], "uv_size": [2.75, 0.5]},
								"south": {"uv": [41, 50], "uv_size": [1, 0.5]},
								"west": {"uv": [22, 43], "uv_size": [2.75, 0.5]},
								"up": {"uv": [7, 31], "uv_size": [1, 2.75]},
								"down": {"uv": [8, 33.75], "uv_size": [1, -2.75]}
							}
						},
						{
							"origin": [-3.02494, 4.18574, 3.6441],
							"size": [1, 0.4, 2.7],
							"pivot": [-2.02494, 4.58574, 3.61953],
							"rotation": [-54.83036, 3.01899, 13.47844],
							"uv": {
								"north": {"uv": [16, 49], "uv_size": [1, 0.5]},
								"east": {"uv": [13, 43], "uv_size": [2.75, 0.5]},
								"south": {"uv": [17, 49], "uv_size": [1, 0.5]},
								"west": {"uv": [43, 14], "uv_size": [2.75, 0.5]},
								"up": {"uv": [4, 30], "uv_size": [1, 2.75]},
								"down": {"uv": [10, 32.75], "uv_size": [1, -2.75]}
							}
						},
						{
							"origin": [2.02494, 4.18574, 3.6441],
							"size": [1, 0.4, 2.7],
							"pivot": [2.02494, 4.58574, 3.61953],
							"rotation": [-54.83036, -3.01899, -13.47844],
							"uv": {
								"north": {"uv": [50, 41], "uv_size": [1, 0.5]},
								"east": {"uv": [43, 22], "uv_size": [2.75, 0.5]},
								"south": {"uv": [42, 50], "uv_size": [1, 0.5]},
								"west": {"uv": [43, 23], "uv_size": [2.75, 0.5]},
								"up": {"uv": [9, 31], "uv_size": [1, 2.75]},
								"down": {"uv": [31, 11.75], "uv_size": [1, -2.75]}
							}
						},
						{
							"origin": [-3.75, 2.44274, -5.3231],
							"size": [1.75, 0.3, 10.25],
							"uv": {
								"north": {"uv": [47, 50], "uv_size": [1.75, 0.25]},
								"east": {"uv": [31, 16], "uv_size": [10.25, 0.25]},
								"south": {"uv": [50, 48], "uv_size": [1.75, 0.25]},
								"west": {"uv": [27, 31], "uv_size": [10.25, 0.25]},
								"up": {"uv": [6, 11], "uv_size": [1.75, 10.25]},
								"down": {"uv": [4, 26.25], "uv_size": [1.75, -10.25]}
							}
						},
						{
							"origin": [2, 2.44274, -5.3231],
							"size": [1.75, 0.3, 10.25],
							"uv": {
								"north": {"uv": [49, 50], "uv_size": [1.75, 0.25]},
								"east": {"uv": [31, 27], "uv_size": [10.25, 0.25]},
								"south": {"uv": [50, 49], "uv_size": [1.75, 0.25]},
								"west": {"uv": [32, 0], "uv_size": [10.25, 0.25]},
								"up": {"uv": [8, 16], "uv_size": [1.75, 10.25]},
								"down": {"uv": [10, 26.25], "uv_size": [1.75, -10.25]}
							}
						},
						{
							"origin": [2, 2.44274, 4.6769],
							"size": [1.75, 0.3, 1.5],
							"pivot": [3.75, 2.74274, 4.9269],
							"rotation": [-2.5, 0, 0],
							"uv": {
								"north": {"uv": [0, 51], "uv_size": [1.75, 0.25]},
								"east": {"uv": [8, 52], "uv_size": [1.5, 0.25]},
								"south": {"uv": [51, 0], "uv_size": [1.75, 0.25]},
								"west": {"uv": [52, 8], "uv_size": [1.5, 0.25]},
								"up": {"uv": [11, 31], "uv_size": [1.75, 1.5]},
								"down": {"uv": [31, 13.5], "uv_size": [1.75, -1.5]}
							}
						},
						{
							"origin": [-3.75, 2.44274, 4.6769],
							"size": [1.75, 0.3, 1.5],
							"pivot": [-3.75, 2.74274, 4.9269],
							"rotation": [-2.5, 0, 0],
							"uv": {
								"north": {"uv": [51, 1], "uv_size": [1.75, 0.25]},
								"east": {"uv": [52, 9], "uv_size": [1.5, 0.25]},
								"south": {"uv": [2, 51], "uv_size": [1.75, 0.25]},
								"west": {"uv": [10, 52], "uv_size": [1.5, 0.25]},
								"up": {"uv": [31, 14], "uv_size": [1.75, 1.5]},
								"down": {"uv": [18, 32.5], "uv_size": [1.75, -1.5]}
							}
						},
						{
							"origin": [-3.75, 2.44274, -6.8231],
							"size": [1.75, 0.3, 1.5],
							"pivot": [-3.75, 2.74274, -5.3231],
							"rotation": [27.5, 0, 0],
							"uv": {
								"north": {"uv": [51, 2], "uv_size": [1.75, 0.25]},
								"east": {"uv": [12, 52], "uv_size": [1.5, 0.25]},
								"south": {"uv": [51, 3], "uv_size": [1.75, 0.25]},
								"west": {"uv": [14, 52], "uv_size": [1.5, 0.25]},
								"up": {"uv": [31, 18], "uv_size": [1.75, 1.5]},
								"down": {"uv": [20, 32.5], "uv_size": [1.75, -1.5]}
							}
						},
						{
							"origin": [2, 2.44274, -6.8231],
							"size": [1.75, 0.3, 1.5],
							"pivot": [3.75, 2.74274, -5.3231],
							"rotation": [27.5, 0, 0],
							"uv": {
								"north": {"uv": [4, 51], "uv_size": [1.75, 0.25]},
								"east": {"uv": [16, 52], "uv_size": [1.5, 0.25]},
								"south": {"uv": [51, 4], "uv_size": [1.75, 0.25]},
								"west": {"uv": [18, 52], "uv_size": [1.5, 0.25]},
								"up": {"uv": [23, 31], "uv_size": [1.75, 1.5]},
								"down": {"uv": [31, 26.5], "uv_size": [1.75, -1.5]}
							}
						},
						{
							"origin": [2, 2.38821, 6.17571],
							"size": [1.75, 0.3, 0.5],
							"pivot": [3.75, 2.68821, 6.17571],
							"rotation": [-27.5, 0, 0],
							"uv": {
								"north": {"uv": [51, 5], "uv_size": [1.75, 0.25]},
								"east": {"uv": [53, 33], "uv_size": [0.5, 0.25]},
								"south": {"uv": [6, 51], "uv_size": [1.75, 0.25]},
								"west": {"uv": [34, 53], "uv_size": [0.5, 0.25]},
								"up": {"uv": [45, 11], "uv_size": [1.75, 0.5]},
								"down": {"uv": [45, 12.5], "uv_size": [1.75, -0.5]}
							}
						},
						{
							"origin": [-3.75, 2.38821, 6.17571],
							"size": [1.75, 0.3, 0.5],
							"pivot": [-3.75, 2.68821, 6.17571],
							"rotation": [-27.5, 0, 0],
							"uv": {
								"north": {"uv": [51, 6], "uv_size": [1.75, 0.25]},
								"east": {"uv": [53, 34], "uv_size": [0.5, 0.25]},
								"south": {"uv": [8, 51], "uv_size": [1.75, 0.25]},
								"west": {"uv": [53, 35], "uv_size": [0.5, 0.25]},
								"up": {"uv": [45, 13], "uv_size": [1.75, 0.5]},
								"down": {"uv": [45, 16.5], "uv_size": [1.75, -0.5]}
							}
						},
						{
							"origin": [2, 2.15734, 6.61921],
							"size": [1.75, 0.3, 0.5],
							"pivot": [3.75, 2.45734, 6.61921],
							"rotation": [-50, 0, 0],
							"uv": {
								"north": {"uv": [10, 51], "uv_size": [1.75, 0.25]},
								"east": {"uv": [53, 36], "uv_size": [0.5, 0.25]},
								"south": {"uv": [51, 10], "uv_size": [1.75, 0.25]},
								"west": {"uv": [53, 37], "uv_size": [0.5, 0.25]},
								"up": {"uv": [45, 20], "uv_size": [1.75, 0.5]},
								"down": {"uv": [45, 24.5], "uv_size": [1.75, -0.5]}
							}
						},
						{
							"origin": [-3.75, 2.15734, 6.61921],
							"size": [1.75, 0.3, 0.5],
							"pivot": [-3.75, 2.45734, 6.61921],
							"rotation": [-50, 0, 0],
							"uv": {
								"north": {"uv": [51, 11], "uv_size": [1.75, 0.25]},
								"east": {"uv": [53, 38], "uv_size": [0.5, 0.25]},
								"south": {"uv": [12, 51], "uv_size": [1.75, 0.25]},
								"west": {"uv": [53, 39], "uv_size": [0.5, 0.25]},
								"up": {"uv": [45, 25], "uv_size": [1.75, 0.5]},
								"down": {"uv": [26, 45.5], "uv_size": [1.75, -0.5]}
							}
						},
						{
							"origin": [-2, 1.3704, 3.25],
							"size": [0.5, 1.55, 1.19],
							"pivot": [-2.75, 1.99541, 4.00616],
							"rotation": [-90, 0, 0],
							"uv": {
								"north": {"uv": [46, 22], "uv_size": [0.5, 1.5]},
								"east": {"uv": [38, 37], "uv_size": [1.25, 1.5]},
								"south": {"uv": [24, 46], "uv_size": [0.5, 1.5]},
								"west": {"uv": [39, 1], "uv_size": [1.25, 1.5]},
								"up": {"uv": [48, 28], "uv_size": [0.5, 1.25]},
								"down": {"uv": [30, 49.25], "uv_size": [0.5, -1.25]}
							}
						},
						{
							"origin": [1.5, 1.3704, 3.25],
							"size": [0.5, 1.6, 1.19],
							"pivot": [2.75, 1.99541, 4.00616],
							"rotation": [-90, 0, 0],
							"uv": {
								"north": {"uv": [25, 46], "uv_size": [0.5, 1.5]},
								"east": {"uv": [2, 39], "uv_size": [1.25, 1.5]},
								"south": {"uv": [26, 46], "uv_size": [0.5, 1.5]},
								"west": {"uv": [39, 4], "uv_size": [1.25, 1.5]},
								"up": {"uv": [48, 30], "uv_size": [0.5, 1.25]},
								"down": {"uv": [31, 49.25], "uv_size": [0.5, -1.25]}
							}
						},
						{
							"origin": [-2, 0.68301, -4.34904],
							"size": [4, 3, 7.8],
							"uv": {
								"north": {"uv": [20, 18], "uv_size": [4, 3]},
								"east": {"uv": [12, 5], "uv_size": [7.75, 3]},
								"south": {"uv": [0, 21], "uv_size": [4, 3]},
								"west": {"uv": [12, 8], "uv_size": [7.75, 3]},
								"up": {"uv": [8, 0], "uv_size": [4, 7.75]},
								"down": {"uv": [8, 15.75], "uv_size": [4, -7.75]}
							}
						},
						{
							"origin": [-3, 2.79879, -0.81367],
							"size": [6, 2, 4.5],
							"uv": {
								"north": {"uv": [20, 21], "uv_size": [6, 2]},
								"east": {"uv": [24, 17], "uv_size": [4.5, 2]},
								"south": {"uv": [22, 0], "uv_size": [6, 2]},
								"west": {"uv": [24, 19], "uv_size": [4.5, 2]},
								"up": {"uv": [0, 11], "uv_size": [6, 4.5]},
								"down": {"uv": [12, 4.5], "uv_size": [6, -4.5]}
							}
						},
						{
							"origin": [2.1, 3.3, 3.18633],
							"size": [0.3, 2, 0.3],
							"uv": {
								"north": {"uv": [50, 44], "uv_size": [0.25, 2]},
								"east": {"uv": [45, 50], "uv_size": [0.25, 2]},
								"south": {"uv": [46, 50], "uv_size": [0.25, 2]},
								"west": {"uv": [50, 46], "uv_size": [0.25, 2]},
								"up": {"uv": [40, 54], "uv_size": [0.25, 0.25]},
								"down": {"uv": [54, 40.25], "uv_size": [0.25, -0.25]}
							}
						},
						{
							"origin": [2.05, 4.55, 3.15],
							"size": [0.4, 0.3, 0.35],
							"uv": {
								"north": {"uv": [8, 54], "uv_size": [0.5, 0.25]},
								"east": {"uv": [41, 54], "uv_size": [0.25, 0.25]},
								"south": {"uv": [54, 8], "uv_size": [0.5, 0.25]},
								"west": {"uv": [54, 41], "uv_size": [0.25, 0.25]},
								"up": {"uv": [9, 54], "uv_size": [0.5, 0.25]},
								"down": {"uv": [54, 9.25], "uv_size": [0.5, -0.25]}
							}
						},
						{
							"origin": [-1.5, 4.79879, 1.9],
							"size": [1.5, 0.5, 1.5],
							"uv": {
								"north": {"uv": [48, 13], "uv_size": [1.5, 0.5]},
								"east": {"uv": [14, 48], "uv_size": [1.5, 0.5]},
								"south": {"uv": [48, 14], "uv_size": [1.5, 0.5]},
								"west": {"uv": [48, 15], "uv_size": [1.5, 0.5]},
								"up": {"uv": [33, 12], "uv_size": [1.5, 1.5]},
								"down": {"uv": [14, 34.5], "uv_size": [1.5, -1.5]}
							}
						},
						{
							"origin": [-1.475, 4.75549, 1.9],
							"size": [1.5, 0.55, 1.5],
							"pivot": [0.025, 5.25549, 1.9],
							"rotation": [0, 0, -30],
							"uv": {
								"north": {"uv": [48, 22], "uv_size": [1.5, 0.5]},
								"east": {"uv": [48, 23], "uv_size": [1.5, 0.5]},
								"south": {"uv": [24, 48], "uv_size": [1.5, 0.5]},
								"west": {"uv": [48, 24], "uv_size": [1.5, 0.5]},
								"up": {"uv": [33, 20], "uv_size": [1.5, 1.5]},
								"down": {"uv": [22, 34.5], "uv_size": [1.5, -1.5]}
							}
						},
						{
							"origin": [-1.525, 4.75549, 1.9],
							"size": [1.5, 0.55, 1.5],
							"pivot": [-1.525, 5.25549, 1.9],
							"rotation": [0, 0, 30],
							"uv": {
								"north": {"uv": [48, 25], "uv_size": [1.5, 0.5]},
								"east": {"uv": [26, 48], "uv_size": [1.5, 0.5]},
								"south": {"uv": [48, 27], "uv_size": [1.5, 0.5]},
								"west": {"uv": [28, 48], "uv_size": [1.5, 0.5]},
								"up": {"uv": [33, 25], "uv_size": [1.5, 1.5]},
								"down": {"uv": [26, 34.5], "uv_size": [1.5, -1.5]}
							}
						},
						{
							"origin": [-1.70195, 4.18105, 1.83661],
							"size": [1.5, 0.65, 1.5],
							"pivot": [-0.70195, 4.68105, 1.83661],
							"rotation": [-25, 0, 30],
							"uv": {
								"north": {"uv": [44, 28], "uv_size": [1.5, 0.75]},
								"east": {"uv": [29, 44], "uv_size": [1.5, 0.75]},
								"south": {"uv": [44, 29], "uv_size": [1.5, 0.75]},
								"west": {"uv": [44, 30], "uv_size": [1.5, 0.75]},
								"up": {"uv": [28, 33], "uv_size": [1.5, 1.5]},
								"down": {"uv": [30, 34.5], "uv_size": [1.5, -1.5]}
							}
						},
						{
							"origin": [-1.70195, 4.18105, 1.96339],
							"size": [1.5, 0.65, 1.5],
							"pivot": [-0.70195, 4.68105, 3.46339],
							"rotation": [25, 0, 30],
							"uv": {
								"north": {"uv": [44, 42], "uv_size": [1.5, 0.75]},
								"east": {"uv": [44, 43], "uv_size": [1.5, 0.75]},
								"south": {"uv": [44, 44], "uv_size": [1.5, 0.75]},
								"west": {"uv": [0, 45], "uv_size": [1.5, 0.75]},
								"up": {"uv": [12, 34], "uv_size": [1.5, 1.5]},
								"down": {"uv": [16, 35.5], "uv_size": [1.5, -1.5]}
							}
						},
						{
							"origin": [-1.29805, 4.18105, 1.96339],
							"size": [1.5, 0.65, 1.5],
							"pivot": [-0.79805, 4.68105, 3.46339],
							"rotation": [25, 0, -30],
							"uv": {
								"north": {"uv": [45, 0], "uv_size": [1.5, 0.75]},
								"east": {"uv": [45, 1], "uv_size": [1.5, 0.75]},
								"south": {"uv": [2, 45], "uv_size": [1.5, 0.75]},
								"west": {"uv": [45, 2], "uv_size": [1.5, 0.75]},
								"up": {"uv": [24, 34], "uv_size": [1.5, 1.5]},
								"down": {"uv": [34, 34.5], "uv_size": [1.5, -1.5]}
							}
						},
						{
							"origin": [-1.45468, 4.6703, 1.85774],
							"size": [1.5, 0.65, 1.5],
							"pivot": [0.04532, 5.2203, 1.85774],
							"rotation": [-25, 0, -30],
							"uv": {
								"north": {"uv": [44, 38], "uv_size": [1.5, 0.75]},
								"east": {"uv": [44, 39], "uv_size": [1.5, 0.75]},
								"south": {"uv": [44, 40], "uv_size": [1.5, 0.75]},
								"west": {"uv": [44, 41], "uv_size": [1.5, 0.75]},
								"up": {"uv": [8, 34], "uv_size": [1.5, 1.5]},
								"down": {"uv": [34, 10.5], "uv_size": [1.5, -1.5]}
							}
						},
						{
							"origin": [-1.5, 4.75549, 1.925],
							"size": [1.5, 0.55, 1.5],
							"pivot": [-1.5, 5.25549, 3.425],
							"rotation": [30, 0, 0],
							"uv": {
								"north": {"uv": [16, 48], "uv_size": [1.5, 0.5]},
								"east": {"uv": [48, 16], "uv_size": [1.5, 0.5]},
								"south": {"uv": [48, 17], "uv_size": [1.5, 0.5]},
								"west": {"uv": [18, 48], "uv_size": [1.5, 0.5]},
								"up": {"uv": [33, 14], "uv_size": [1.5, 1.5]},
								"down": {"uv": [18, 34.5], "uv_size": [1.5, -1.5]}
							}
						},
						{
							"origin": [-1.5, 4.75549, 1.875],
							"size": [1.5, 0.55, 1.5],
							"pivot": [-1.5, 5.25549, 1.875],
							"rotation": [-30, 0, 0],
							"uv": {
								"north": {"uv": [48, 19], "uv_size": [1.5, 0.5]},
								"east": {"uv": [20, 48], "uv_size": [1.5, 0.5]},
								"south": {"uv": [48, 20], "uv_size": [1.5, 0.5]},
								"west": {"uv": [22, 48], "uv_size": [1.5, 0.5]},
								"up": {"uv": [33, 18], "uv_size": [1.5, 1.5]},
								"down": {"uv": [20, 34.5], "uv_size": [1.5, -1.5]}
							}
						},
						{
							"origin": [-1.65916, 4.28263, 1.6276],
							"size": [1.5, 0.65, 1.5],
							"pivot": [-0.68225, 4.82698, 1.6276],
							"rotation": [-27.11771, 13.34855, 24.26701],
							"uv": {
								"north": {"uv": [31, 44], "uv_size": [1.5, 0.75]},
								"east": {"uv": [44, 31], "uv_size": [1.5, 0.75]},
								"south": {"uv": [44, 32], "uv_size": [1.5, 0.75]},
								"west": {"uv": [44, 33], "uv_size": [1.5, 0.75]},
								"up": {"uv": [32, 33], "uv_size": [1.5, 1.5]},
								"down": {"uv": [34, 5.5], "uv_size": [1.5, -1.5]}
							}
						},
						{
							"origin": [-1.65916, 4.28263, 2.1724],
							"size": [1.5, 0.65, 1.5],
							"pivot": [-0.68225, 4.82698, 3.6724],
							"rotation": [27.11771, -13.34855, 24.26701],
							"uv": {
								"north": {"uv": [45, 3], "uv_size": [1.5, 0.75]},
								"east": {"uv": [45, 4], "uv_size": [1.5, 0.75]},
								"south": {"uv": [5, 45], "uv_size": [1.5, 0.75]},
								"west": {"uv": [45, 5], "uv_size": [1.5, 0.75]},
								"up": {"uv": [2, 35], "uv_size": [1.5, 1.5]},
								"down": {"uv": [35, 13.5], "uv_size": [1.5, -1.5]}
							}
						},
						{
							"origin": [-1.34084, 4.28263, 2.1724],
							"size": [1.5, 0.65, 1.5],
							"pivot": [-0.81775, 4.82698, 3.6724],
							"rotation": [27.11771, 13.34855, -24.26701],
							"uv": {
								"north": {"uv": [45, 6], "uv_size": [1.5, 0.75]},
								"east": {"uv": [7, 45], "uv_size": [1.5, 0.75]},
								"south": {"uv": [45, 7], "uv_size": [1.5, 0.75]},
								"west": {"uv": [45, 8], "uv_size": [1.5, 0.75]},
								"up": {"uv": [14, 35], "uv_size": [1.5, 1.5]},
								"down": {"uv": [35, 15.5], "uv_size": [1.5, -1.5]}
							}
						},
						{
							"origin": [-1.34084, 4.28263, 1.6276],
							"size": [1.5, 0.65, 1.5],
							"pivot": [-0.81775, 4.82698, 1.6276],
							"rotation": [-27.11771, -13.34855, -24.26701],
							"uv": {
								"north": {"uv": [44, 34], "uv_size": [1.5, 0.75]},
								"east": {"uv": [44, 35], "uv_size": [1.5, 0.75]},
								"south": {"uv": [44, 36], "uv_size": [1.5, 0.75]},
								"west": {"uv": [44, 37], "uv_size": [1.5, 0.75]},
								"up": {"uv": [6, 34], "uv_size": [1.5, 1.5]},
								"down": {"uv": [34, 8.5], "uv_size": [1.5, -1.5]}
							}
						},
						{
							"origin": [-2, 0.6537, -4.27833],
							"size": [4, 3, 1.2],
							"pivot": [-2, 3.75372, -4.27833],
							"rotation": [-45, 0, 0],
							"uv": {
								"north": {"uv": [22, 2], "uv_size": [4, 3]},
								"east": {"uv": [2, 24], "uv_size": [1.25, 3]},
								"south": {"uv": [22, 5], "uv_size": [4, 3]},
								"west": {"uv": [29, 5], "uv_size": [1.25, 3]},
								"up": {"uv": [26, 21], "uv_size": [4, 1.25]},
								"down": {"uv": [28, 1.25], "uv_size": [4, -1.25]}
							}
						},
						{
							"origin": [2, 2.78431, -4.91473],
							"size": [0.8, 0.2, 0.2],
							"pivot": [-1, 3.11732, -4.91473],
							"rotation": [-45, 0, 0],
							"uv": {
								"north": {"uv": [9, 53], "uv_size": [0.75, 0.25]},
								"east": {"uv": [12, 54], "uv_size": [0.25, 0.25]},
								"south": {"uv": [10, 53], "uv_size": [0.75, 0.25]},
								"west": {"uv": [54, 12], "uv_size": [0.25, 0.25]},
								"up": {"uv": [53, 10], "uv_size": [0.75, 0.25]},
								"down": {"uv": [11, 53.25], "uv_size": [0.75, -0.25]}
							}
						},
						{
							"origin": [-2.8, 2.78431, -4.91473],
							"size": [0.8, 0.2, 0.2],
							"pivot": [1, 3.11732, -4.91473],
							"rotation": [-45, 0, 0],
							"uv": {
								"north": {"uv": [53, 11], "uv_size": [0.75, 0.25]},
								"east": {"uv": [13, 54], "uv_size": [0.25, 0.25]},
								"south": {"uv": [12, 53], "uv_size": [0.75, 0.25]},
								"west": {"uv": [54, 13], "uv_size": [0.25, 0.25]},
								"up": {"uv": [53, 12], "uv_size": [0.75, 0.25]},
								"down": {"uv": [13, 53.25], "uv_size": [0.75, -0.25]}
							}
						},
						{
							"origin": [2, 3.21863, -5.48041],
							"size": [0.6, 0.2, 0.2],
							"pivot": [-1, 2.55164, -5.48041],
							"rotation": [-45, 0, 0],
							"uv": {
								"north": {"uv": [53, 40], "uv_size": [0.5, 0.25]},
								"east": {"uv": [14, 54], "uv_size": [0.25, 0.25]},
								"south": {"uv": [41, 53], "uv_size": [0.5, 0.25]},
								"west": {"uv": [54, 14], "uv_size": [0.25, 0.25]},
								"up": {"uv": [53, 41], "uv_size": [0.5, 0.25]},
								"down": {"uv": [42, 53.25], "uv_size": [0.5, -0.25]}
							}
						},
						{
							"origin": [-2.6, 3.21863, -5.48041],
							"size": [0.6, 0.2, 0.2],
							"pivot": [1, 2.55164, -5.48041],
							"rotation": [-45, 0, 0],
							"uv": {
								"north": {"uv": [53, 42], "uv_size": [0.5, 0.25]},
								"east": {"uv": [15, 54], "uv_size": [0.25, 0.25]},
								"south": {"uv": [43, 53], "uv_size": [0.5, 0.25]},
								"west": {"uv": [54, 15], "uv_size": [0.25, 0.25]},
								"up": {"uv": [53, 43], "uv_size": [0.5, 0.25]},
								"down": {"uv": [44, 53.25], "uv_size": [0.5, -0.25]}
							}
						},
						{
							"origin": [2, 3.4186, -5.48041],
							"size": [0.4, 0.2, 0.2],
							"pivot": [-1, 2.55164, -5.48041],
							"rotation": [-45, 0, 0],
							"uv": {
								"north": {"uv": [53, 44], "uv_size": [0.5, 0.25]},
								"east": {"uv": [16, 54], "uv_size": [0.25, 0.25]},
								"south": {"uv": [45, 53], "uv_size": [0.5, 0.25]},
								"west": {"uv": [54, 16], "uv_size": [0.25, 0.25]},
								"up": {"uv": [53, 45], "uv_size": [0.5, 0.25]},
								"down": {"uv": [46, 53.25], "uv_size": [0.5, -0.25]}
							}
						},
						{
							"origin": [-2.4, 3.4186, -5.48041],
							"size": [0.4, 0.2, 0.2],
							"pivot": [1, 2.55164, -5.48041],
							"rotation": [-45, 0, 0],
							"uv": {
								"north": {"uv": [53, 46], "uv_size": [0.5, 0.25]},
								"east": {"uv": [17, 54], "uv_size": [0.25, 0.25]},
								"south": {"uv": [47, 53], "uv_size": [0.5, 0.25]},
								"west": {"uv": [54, 17], "uv_size": [0.25, 0.25]},
								"up": {"uv": [53, 47], "uv_size": [0.5, 0.25]},
								"down": {"uv": [48, 53.25], "uv_size": [0.5, -0.25]}
							}
						},
						{
							"origin": [2, 3.6186, -5.48041],
							"size": [0.2, 0.2, 0.2],
							"pivot": [-1, 2.55164, -5.48041],
							"rotation": [-45, 0, 0],
							"uv": {
								"north": {"uv": [18, 54], "uv_size": [0.25, 0.25]},
								"east": {"uv": [54, 18], "uv_size": [0.25, 0.25]},
								"south": {"uv": [19, 54], "uv_size": [0.25, 0.25]},
								"west": {"uv": [54, 19], "uv_size": [0.25, 0.25]},
								"up": {"uv": [20, 54], "uv_size": [0.25, 0.25]},
								"down": {"uv": [54, 20.25], "uv_size": [0.25, -0.25]}
							}
						},
						{
							"origin": [-2.2, 3.6186, -5.48041],
							"size": [0.2, 0.2, 0.2],
							"pivot": [1, 2.55164, -5.48041],
							"rotation": [-45, 0, 0],
							"uv": {
								"north": {"uv": [21, 54], "uv_size": [0.25, 0.25]},
								"east": {"uv": [54, 21], "uv_size": [0.25, 0.25]},
								"south": {"uv": [22, 54], "uv_size": [0.25, 0.25]},
								"west": {"uv": [54, 22], "uv_size": [0.25, 0.25]},
								"up": {"uv": [23, 54], "uv_size": [0.25, 0.25]},
								"down": {"uv": [54, 23.25], "uv_size": [0.25, -0.25]}
							}
						},
						{
							"origin": [2, 2.35, -4.34904],
							"size": [1, 0.2, 0.2],
							"pivot": [-2, 3.68301, -4.34904],
							"rotation": [-45, 0, 0],
							"uv": {
								"north": {"uv": [41, 52], "uv_size": [1, 0.25]},
								"east": {"uv": [24, 54], "uv_size": [0.25, 0.25]},
								"south": {"uv": [42, 52], "uv_size": [1, 0.25]},
								"west": {"uv": [54, 24], "uv_size": [0.25, 0.25]},
								"up": {"uv": [43, 52], "uv_size": [1, 0.25]},
								"down": {"uv": [44, 52.25], "uv_size": [1, -0.25]}
							}
						},
						{
							"origin": [-3, 2.35, -4.34904],
							"size": [1, 0.2, 0.2],
							"pivot": [2, 3.68301, -4.34904],
							"rotation": [-45, 0, 0],
							"uv": {
								"north": {"uv": [45, 52], "uv_size": [1, 0.25]},
								"east": {"uv": [25, 54], "uv_size": [0.25, 0.25]},
								"south": {"uv": [46, 52], "uv_size": [1, 0.25]},
								"west": {"uv": [54, 25], "uv_size": [0.25, 0.25]},
								"up": {"uv": [47, 52], "uv_size": [1, 0.25]},
								"down": {"uv": [48, 52.25], "uv_size": [1, -0.25]}
							}
						},
						{
							"origin": [1.8, 1.68301, -4.34904],
							"size": [0.2, 2, 0.2],
							"pivot": [2, 3.68301, -4.34904],
							"rotation": [-36.40051, -28.53623, -32.94098],
							"uv": {
								"north": {"uv": [18, 49], "uv_size": [0.25, 2]},
								"east": {"uv": [19, 49], "uv_size": [0.25, 2]},
								"south": {"uv": [20, 49], "uv_size": [0.25, 2]},
								"west": {"uv": [21, 49], "uv_size": [0.25, 2]},
								"up": {"uv": [26, 54], "uv_size": [0.25, 0.25]},
								"down": {"uv": [54, 26.25], "uv_size": [0.25, -0.25]}
							}
						},
						{
							"origin": [-2, 1.68301, -4.34904],
							"size": [0.2, 2, 0.2],
							"pivot": [-2, 3.68301, -4.34904],
							"rotation": [-36.40051, 28.53623, 32.94098],
							"uv": {
								"north": {"uv": [22, 49], "uv_size": [0.25, 2]},
								"east": {"uv": [23, 49], "uv_size": [0.25, 2]},
								"south": {"uv": [24, 49], "uv_size": [0.25, 2]},
								"west": {"uv": [25, 49], "uv_size": [0.25, 2]},
								"up": {"uv": [27, 54], "uv_size": [0.25, 0.25]},
								"down": {"uv": [54, 27.25], "uv_size": [0.25, -0.25]}
							}
						},
						{
							"origin": [1.8, 1.68301, -4.34904],
							"size": [0.2, 2, 0.2],
							"pivot": [2, 3.68301, -4.34904],
							"rotation": [-32.76596, -1.54912, -51.85541],
							"uv": {
								"north": {"uv": [26, 49], "uv_size": [0.25, 2]},
								"east": {"uv": [27, 49], "uv_size": [0.25, 2]},
								"south": {"uv": [28, 49], "uv_size": [0.25, 2]},
								"west": {"uv": [49, 28], "uv_size": [0.25, 2]},
								"up": {"uv": [28, 54], "uv_size": [0.25, 0.25]},
								"down": {"uv": [54, 28.25], "uv_size": [0.25, -0.25]}
							}
						},
						{
							"origin": [-2, 1.68301, -4.34904],
							"size": [0.2, 2, 0.2],
							"pivot": [-2, 3.68301, -4.34904],
							"rotation": [-32.76596, 1.54912, 51.85541],
							"uv": {
								"north": {"uv": [29, 49], "uv_size": [0.25, 2]},
								"east": {"uv": [49, 30], "uv_size": [0.25, 2]},
								"south": {"uv": [32, 49], "uv_size": [0.25, 2]},
								"west": {"uv": [33, 49], "uv_size": [0.25, 2]},
								"up": {"uv": [29, 54], "uv_size": [0.25, 0.25]},
								"down": {"uv": [54, 29.25], "uv_size": [0.25, -0.25]}
							}
						},
						{
							"origin": [-2, 0.65147, 4.79554],
							"size": [4, 0.5, 1],
							"pivot": [-2, 0.65146, 4.79554],
							"rotation": [12.5, 0, 0],
							"uv": {
								"north": {"uv": [35, 25], "uv_size": [4, 0.5]},
								"east": {"uv": [49, 18], "uv_size": [1, 0.5]},
								"south": {"uv": [35, 26], "uv_size": [4, 0.5]},
								"west": {"uv": [49, 21], "uv_size": [1, 0.5]},
								"up": {"uv": [29, 3], "uv_size": [4, 1]},
								"down": {"uv": [29, 5], "uv_size": [4, -1]}
							}
						},
						{
							"origin": [-2, 0.65146, -5.70446],
							"size": [4, 0.75, 10.5],
							"uv": {
								"north": {"uv": [6, 30], "uv_size": [4, 0.75]},
								"east": {"uv": [25, 23], "uv_size": [10.5, 0.75]},
								"south": {"uv": [18, 30], "uv_size": [4, 0.75]},
								"west": {"uv": [25, 24], "uv_size": [10.5, 0.75]},
								"up": {"uv": [0, 0], "uv_size": [4, 10.5]},
								"down": {"uv": [4, 10.5], "uv_size": [4, -10.5]}
							}
						},
						{
							"origin": [-3.55, 3.43301, -4.34904],
							"size": [1.55, 0.25, 7.77],
							"pivot": [-2, 3.68301, 3.40096],
							"rotation": [0, 0, -37.5],
							"uv": {
								"north": {"uv": [20, 52], "uv_size": [1.5, 0.25]},
								"east": {"uv": [36, 21], "uv_size": [7.75, 0.25]},
								"south": {"uv": [22, 52], "uv_size": [1.5, 0.25]},
								"west": {"uv": [36, 28], "uv_size": [7.75, 0.25]},
								"up": {"uv": [6, 22], "uv_size": [1.5, 7.75]},
								"down": {"uv": [22, 15.75], "uv_size": [1.5, -7.75]}
							}
						},
						{
							"origin": [2, 3.43301, -4.34904],
							"size": [2, 0.25, 4.77],
							"pivot": [2, 3.68301, 3.40096],
							"rotation": [0, 0, 37.5],
							"uv": {
								"north": {"uv": [49, 26], "uv_size": [2, 0.25]},
								"east": {"uv": [43, 27], "uv_size": [4.75, 0.25]},
								"south": {"uv": [49, 33], "uv_size": [2, 0.25]},
								"west": {"uv": [44, 18], "uv_size": [4.75, 0.25]},
								"up": {"uv": [18, 0], "uv_size": [2, 4.75]},
								"down": {"uv": [0, 28.75], "uv_size": [2, -4.75]}
							}
						},
						{
							"origin": [-3.26095, 2.21601, -0.81367],
							"size": [0.4, 2.4, 4.5],
							"pivot": [-2.26095, 3.46601, 4.93633],
							"rotation": [0, 0, 12],
							"uv": {
								"north": {"uv": [43, 24], "uv_size": [0.5, 2.5]},
								"east": {"uv": [20, 23], "uv_size": [4.5, 2.5]},
								"south": {"uv": [25, 43], "uv_size": [0.5, 2.5]},
								"west": {"uv": [24, 8], "uv_size": [4.5, 2.5]},
								"up": {"uv": [5, 32], "uv_size": [0.5, 4.5]},
								"down": {"uv": [4, 37.5], "uv_size": [0.5, -4.5]}
							}
						},
						{
							"origin": [2.86095, 2.21601, -0.81367],
							"size": [0.4, 2.4, 4.5],
							"pivot": [2.26095, 3.46601, 4.93633],
							"rotation": [0, 0, -12],
							"uv": {
								"north": {"uv": [20, 44], "uv_size": [0.5, 2.5]},
								"east": {"uv": [24, 11], "uv_size": [4.5, 2.5]},
								"south": {"uv": [21, 44], "uv_size": [0.5, 2.5]},
								"west": {"uv": [24, 14], "uv_size": [4.5, 2.5]},
								"up": {"uv": [10, 33], "uv_size": [0.5, 4.5]},
								"down": {"uv": [11, 37.5], "uv_size": [0.5, -4.5]}
							}
						},
						{
							"origin": [-3.26095, 2.21601, 3.68633],
							"size": [0.25, 0.6, 1.3],
							"pivot": [-2.26095, 3.46601, 3.43633],
							"rotation": [0, 0, 12],
							"uv": {
								"north": {"uv": [53, 48], "uv_size": [0.25, 0.5]},
								"east": {"uv": [32, 48], "uv_size": [1.25, 0.5]},
								"south": {"uv": [49, 53], "uv_size": [0.25, 0.5]},
								"west": {"uv": [48, 32], "uv_size": [1.25, 0.5]},
								"up": {"uv": [35, 52], "uv_size": [0.25, 1.25]},
								"down": {"uv": [36, 53.25], "uv_size": [0.25, -1.25]}
							}
						},
						{
							"origin": [3.01095, 2.21601, 3.68633],
							"size": [0.25, 0.6, 1.3],
							"pivot": [2.26095, 3.46601, 3.43633],
							"rotation": [0, 0, -12],
							"uv": {
								"north": {"uv": [3, 54], "uv_size": [0.25, 0.5]},
								"east": {"uv": [49, 6], "uv_size": [1.25, 0.5]},
								"south": {"uv": [54, 3], "uv_size": [0.25, 0.5]},
								"west": {"uv": [7, 49], "uv_size": [1.25, 0.5]},
								"up": {"uv": [39, 52], "uv_size": [0.25, 1.25]},
								"down": {"uv": [40, 53.25], "uv_size": [0.25, -1.25]}
							}
						},
						{
							"origin": [-3.34412, 2.82475, 3.68633],
							"size": [0.25, 0.6, 0.8],
							"pivot": [-2.34412, 3.07475, 3.43633],
							"rotation": [0, 0, 12],
							"uv": {
								"north": {"uv": [2, 54], "uv_size": [0.25, 0.5]},
								"east": {"uv": [44, 51], "uv_size": [0.75, 0.5]},
								"south": {"uv": [54, 2], "uv_size": [0.25, 0.5]},
								"west": {"uv": [24, 52], "uv_size": [0.75, 0.5]},
								"up": {"uv": [53, 19], "uv_size": [0.25, 0.75]},
								"down": {"uv": [20, 53.75], "uv_size": [0.25, -0.75]}
							}
						},
						{
							"origin": [3.09412, 2.82475, 3.68633],
							"size": [0.25, 0.6, 0.8],
							"pivot": [2.34412, 3.07475, 3.43633],
							"rotation": [0, 0, -12],
							"uv": {
								"north": {"uv": [4, 54], "uv_size": [0.25, 0.5]},
								"east": {"uv": [25, 52], "uv_size": [0.75, 0.5]},
								"south": {"uv": [54, 4], "uv_size": [0.25, 0.5]},
								"west": {"uv": [26, 52], "uv_size": [0.75, 0.5]},
								"up": {"uv": [53, 20], "uv_size": [0.25, 0.75]},
								"down": {"uv": [21, 53.75], "uv_size": [0.25, -0.75]}
							}
						},
						{
							"origin": [-3.42728, 3.43349, 3.68633],
							"size": [0.25, 0.6, 0.5],
							"pivot": [-2.42728, 2.68349, 3.43633],
							"rotation": [0, 0, 12],
							"uv": {
								"north": {"uv": [53, 49], "uv_size": [0.25, 0.5]},
								"east": {"uv": [52, 48], "uv_size": [0.5, 0.5]},
								"south": {"uv": [50, 53], "uv_size": [0.25, 0.5]},
								"west": {"uv": [49, 52], "uv_size": [0.5, 0.5]},
								"up": {"uv": [53, 50], "uv_size": [0.25, 0.5]},
								"down": {"uv": [51, 53.5], "uv_size": [0.25, -0.5]}
							}
						},
						{
							"origin": [3.17728, 3.43349, 3.68633],
							"size": [0.25, 0.6, 0.5],
							"pivot": [2.42728, 2.68349, 3.43633],
							"rotation": [0, 0, -12],
							"uv": {
								"north": {"uv": [5, 54], "uv_size": [0.25, 0.5]},
								"east": {"uv": [2, 53], "uv_size": [0.5, 0.5]},
								"south": {"uv": [54, 5], "uv_size": [0.25, 0.5]},
								"west": {"uv": [53, 2], "uv_size": [0.5, 0.5]},
								"up": {"uv": [6, 54], "uv_size": [0.25, 0.5]},
								"down": {"uv": [54, 6.5], "uv_size": [0.25, -0.5]}
							}
						},
						{
							"origin": [2.71568, 3.03732, -4.84904],
							"size": [0.35, 0.25, 0.5],
							"pivot": [2.51568, 3.28732, 3.90096],
							"rotation": [0, 0, 37.5],
							"uv": {
								"north": {"uv": [30, 54], "uv_size": [0.25, 0.25]},
								"east": {"uv": [53, 51], "uv_size": [0.5, 0.25]},
								"south": {"uv": [54, 30], "uv_size": [0.25, 0.25]},
								"west": {"uv": [52, 53], "uv_size": [0.5, 0.25]},
								"up": {"uv": [53, 52], "uv_size": [0.25, 0.5]},
								"down": {"uv": [53, 53.5], "uv_size": [0.25, -0.5]}
							}
						},
						{
							"origin": [-3.06568, 3.03732, -4.84904],
							"size": [0.35, 0.25, 0.5],
							"pivot": [-2.51568, 3.28732, 3.90096],
							"rotation": [0, 0, -37.5],
							"uv": {
								"north": {"uv": [31, 54], "uv_size": [0.25, 0.25]},
								"east": {"uv": [0, 54], "uv_size": [0.5, 0.25]},
								"south": {"uv": [54, 31], "uv_size": [0.25, 0.25]},
								"west": {"uv": [54, 0], "uv_size": [0.5, 0.25]},
								"up": {"uv": [1, 54], "uv_size": [0.25, 0.5]},
								"down": {"uv": [54, 1.5], "uv_size": [0.25, -0.5]}
							}
						},
						{
							"origin": [2.43801, 3.25038, -4.67904],
							"size": [0.35, 0.25, 0.33],
							"pivot": [2.23801, 3.50038, 4.07096],
							"rotation": [0, 0, 37.5],
							"uv": {
								"north": {"uv": [32, 54], "uv_size": [0.25, 0.25]},
								"east": {"uv": [54, 32], "uv_size": [0.25, 0.25]},
								"south": {"uv": [33, 54], "uv_size": [0.25, 0.25]},
								"west": {"uv": [54, 33], "uv_size": [0.25, 0.25]},
								"up": {"uv": [34, 54], "uv_size": [0.25, 0.25]},
								"down": {"uv": [54, 34.25], "uv_size": [0.25, -0.25]}
							}
						},
						{
							"origin": [-2.78801, 3.25038, -4.67904],
							"size": [0.35, 0.25, 0.33],
							"pivot": [-2.23801, 3.50038, 4.07096],
							"rotation": [0, 0, -37.5],
							"uv": {
								"north": {"uv": [35, 54], "uv_size": [0.25, 0.25]},
								"east": {"uv": [54, 35], "uv_size": [0.25, 0.25]},
								"south": {"uv": [36, 54], "uv_size": [0.25, 0.25]},
								"west": {"uv": [54, 36], "uv_size": [0.25, 0.25]},
								"up": {"uv": [37, 54], "uv_size": [0.25, 0.25]},
								"down": {"uv": [54, 37.25], "uv_size": [0.25, -0.25]}
							}
						},
						{
							"origin": [3.2, 3.43301, -5.11904],
							"size": [0.35, 0.25, 0.77],
							"pivot": [2, 3.68301, 3.63096],
							"rotation": [0, 0, 37.5],
							"uv": {
								"north": {"uv": [38, 54], "uv_size": [0.25, 0.25]},
								"east": {"uv": [53, 13], "uv_size": [0.75, 0.25]},
								"south": {"uv": [54, 38], "uv_size": [0.25, 0.25]},
								"west": {"uv": [14, 53], "uv_size": [0.75, 0.25]},
								"up": {"uv": [53, 14], "uv_size": [0.25, 0.75]},
								"down": {"uv": [15, 53.75], "uv_size": [0.25, -0.75]}
							}
						},
						{
							"origin": [-3.55, 3.43301, -5.11904],
							"size": [0.35, 0.25, 0.77],
							"pivot": [-2, 3.68301, 3.63096],
							"rotation": [0, 0, -37.5],
							"uv": {
								"north": {"uv": [39, 54], "uv_size": [0.25, 0.25]},
								"east": {"uv": [53, 15], "uv_size": [0.75, 0.25]},
								"south": {"uv": [54, 39], "uv_size": [0.25, 0.25]},
								"west": {"uv": [16, 53], "uv_size": [0.75, 0.25]},
								"up": {"uv": [53, 16], "uv_size": [0.25, 0.75]},
								"down": {"uv": [17, 53.75], "uv_size": [0.25, -0.75]}
							}
						}
					]
				},
				{
					"name": "Gun",
					"parent": "Hull",
					"pivot": [0.4508, 3.46126, 3.34346],
					"cubes": [
						{
							"origin": [0, 2.82117, 5.36626],
							"size": [0.9, 1.224, 0.136],
							"uv": {
								"north": {"uv": [28, 43], "uv_size": [1, 1.25]},
								"east": {"uv": [28, 43], "uv_size": [1, 1.25]},
								"south": {"uv": [28, 43], "uv_size": [1, 1.25]},
								"west": {"uv": [28, 43], "uv_size": [1, 1.25]},
								"up": {"uv": [29, 44.25], "uv_size": [-1, -1.25]},
								"down": {"uv": [29, 44.25], "uv_size": [-1, -1.25]}
							}
						},
						{
							"origin": [0, 3.90917, 4.7208],
							"size": [0.9, 0.136, 0.78146],
							"pivot": [-0.188, 4.04517, 5.50226],
							"rotation": [-75, 0, 0],
							"uv": {
								"north": {"uv": [13, 33.75], "uv_size": [-1, -0.75]},
								"east": {"uv": [13, 33.75], "uv_size": [-1, -0.75]},
								"south": {"uv": [13, 33.75], "uv_size": [-1, -0.75]},
								"west": {"uv": [13, 33.75], "uv_size": [-1, -0.75]},
								"up": {"uv": [12, 33], "uv_size": [1, 0.75]},
								"down": {"uv": [12, 33], "uv_size": [1, 0.75]}
							}
						},
						{
							"origin": [0, 2.39822, 3.07385],
							"size": [0.9, 0.136, 0.78146],
							"pivot": [-1.26388, 4.59774, 4.16823],
							"rotation": [45, 0, 0],
							"uv": {
								"north": {"uv": [10, 48], "uv_size": [-1, 0.75]},
								"east": {"uv": [10, 48], "uv_size": [-1, 0.75]},
								"south": {"uv": [10, 48], "uv_size": [-1, 0.75]},
								"west": {"uv": [10, 48], "uv_size": [-1, 0.75]},
								"up": {"uv": [9, 48.75], "uv_size": [1, -0.75]},
								"down": {"uv": [9, 48.75], "uv_size": [1, -0.75]}
							}
						},
						{
							"origin": [0.17, 3.3, 3.92557],
							"size": [0.5, 0.5, 6.7376],
							"uv": {
								"north": {"uv": [0, 53], "uv_size": [0.5, 0.5]},
								"east": {"uv": [27, 28], "uv_size": [8.75, 0.5]},
								"south": {"uv": [53, 0], "uv_size": [0.5, 0.5]},
								"west": {"uv": [29, 2], "uv_size": [8.75, 0.5]},
								"up": {"uv": [0, 29], "uv_size": [0.5, 8.75]},
								"down": {"uv": [1, 37.75], "uv_size": [0.5, -8.75]}
							}
						},
						{
							"origin": [0.2, 2.9, 4.92557],
							"size": [0.5, 0.55488, 3.7376],
							"uv": {
								"north": {"uv": [3, 53], "uv_size": [0.5, 0.5]},
								"east": {"uv": [37, 10], "uv_size": [3.75, 0.5]},
								"south": {"uv": [53, 3], "uv_size": [0.5, 0.5]},
								"west": {"uv": [39, 6], "uv_size": [3.75, 0.5]},
								"up": {"uv": [26, 38], "uv_size": [0.5, 3.75]},
								"down": {"uv": [5, 42.75], "uv_size": [0.5, -3.75]}
							}
						},
						{
							"origin": [-0.01234, 3.41264, 4.92557],
							"size": [0.95, 0.1, 3.7376],
							"uv": {
								"north": {"uv": [6, 53], "uv_size": [1, 0.25]},
								"east": {"uv": [44, 21], "uv_size": [4.75, 0.25]},
								"south": {"uv": [53, 6], "uv_size": [1, 0.25]},
								"west": {"uv": [44, 26], "uv_size": [4.75, 0.25]},
								"up": {"uv": [15, 25], "uv_size": [1, 4.75]},
								"down": {"uv": [5, 31.75], "uv_size": [1, -4.75]}
							}
						},
						{
							"origin": [-0.01234, 3.51553, 4.69107],
							"size": [0.95, 0.5, 3.7376],
							"uv": {
								"north": {"uv": [50, 43], "uv_size": [1, 0.5]},
								"east": {"uv": [32, 1], "uv_size": [4.75, 0.5]},
								"south": {"uv": [44, 50], "uv_size": [1, 0.5]},
								"west": {"uv": [32, 6], "uv_size": [4.75, 0.5]},
								"up": {"uv": [14, 28], "uv_size": [1, 4.75]},
								"down": {"uv": [26, 32.75], "uv_size": [1, -4.75]}
							}
						},
						{
							"origin": [-0.01234, 3.54518, 8.20993],
							"size": [0.95, 0.55488, 0.2],
							"pivot": [-1.78233, 4.10006, 8.60993],
							"rotation": [25, 0, 0],
							"uv": {
								"north": {"uv": [50, 42], "uv_size": [1, 0.5]},
								"east": {"uv": [7, 54], "uv_size": [0.25, 0.5]},
								"south": {"uv": [43, 50], "uv_size": [1, 0.5]},
								"west": {"uv": [54, 7], "uv_size": [0.25, 0.5]},
								"up": {"uv": [7, 53], "uv_size": [1, 0.25]},
								"down": {"uv": [8, 53.25], "uv_size": [1, -0.25]}
							}
						},
						{
							"origin": [0.12388, 3.28268, 4.92557],
							"size": [0.5, 0.55488, 3.7376],
							"pivot": [1.12388, 3.28268, 3.66317],
							"rotation": [0, 0, -22.5],
							"uv": {
								"north": {"uv": [4, 53], "uv_size": [0.5, 0.5]},
								"east": {"uv": [39, 7], "uv_size": [3.75, 0.5]},
								"south": {"uv": [53, 4], "uv_size": [0.5, 0.5]},
								"west": {"uv": [39, 8], "uv_size": [3.75, 0.5]},
								"up": {"uv": [39, 12], "uv_size": [0.5, 3.75]},
								"down": {"uv": [14, 42.75], "uv_size": [0.5, -3.75]}
							}
						},
						{
							"origin": [0.35224, 3.66537, 4.92557],
							"size": [0.5, 0.55488, 3.7376],
							"pivot": [-1.14776, 3.66537, 6.66317],
							"rotation": [0, 0, 22.5],
							"uv": {
								"north": {"uv": [5, 53], "uv_size": [0.5, 0.5]},
								"east": {"uv": [39, 9], "uv_size": [3.75, 0.5]},
								"south": {"uv": [53, 5], "uv_size": [0.5, 0.5]},
								"west": {"uv": [39, 19], "uv_size": [3.75, 0.5]},
								"up": {"uv": [15, 39], "uv_size": [0.5, 3.75]},
								"down": {"uv": [39, 26.75], "uv_size": [0.5, -3.75]}
							}
						}
					]
				},
				{
					"name": "fule_tanks",
					"parent": "Hull",
					"pivot": [2.23801, 3.50038, 4.07096]
				},
				{
					"name": "octagon3",
					"parent": "fule_tanks",
					"pivot": [3, 4, -4],
					"rotation": [0, -90, 0],
					"cubes": [
						{
							"origin": [2.5, 3.16569, -4.43431],
							"size": [1.5, 0.41421, 1],
							"pivot": [3, 3.46569, -3.93431],
							"rotation": [-45, 0, 0],
							"uv": {
								"north": {"uv": [27, 46], "uv_size": [1.5, 0.5]},
								"east": {"uv": [49, 34], "uv_size": [1, 0.5]},
								"south": {"uv": [46, 28], "uv_size": [1.5, 0.5]},
								"west": {"uv": [49, 35], "uv_size": [1, 0.5]},
								"up": {"uv": [34, 39], "uv_size": [1.5, 1]},
								"down": {"uv": [38, 40], "uv_size": [1.5, -1]}
							}
						},
						{
							"origin": [2.5, 3.19289, -4.5],
							"size": [1.5, 0.41421, 1],
							"uv": {
								"north": {"uv": [29, 46], "uv_size": [1.5, 0.5]},
								"east": {"uv": [49, 36], "uv_size": [1, 0.5]},
								"south": {"uv": [46, 29], "uv_size": [1.5, 0.5]},
								"west": {"uv": [49, 37], "uv_size": [1, 0.5]},
								"up": {"uv": [0, 40], "uv_size": [1.5, 1]},
								"down": {"uv": [6, 41], "uv_size": [1.5, -1]}
							}
						},
						{
							"origin": [2.5, 2.95858, -4.34853],
							"size": [1.5, 1, 0.41421],
							"pivot": [3, 3.25858, -4.14142],
							"rotation": [-45, 0, 0],
							"uv": {
								"north": {"uv": [8, 40], "uv_size": [1.5, 1]},
								"east": {"uv": [49, 38], "uv_size": [0.5, 1]},
								"south": {"uv": [10, 40], "uv_size": [1.5, 1]},
								"west": {"uv": [49, 39], "uv_size": [0.5, 1]},
								"up": {"uv": [46, 30], "uv_size": [1.5, 0.5]},
								"down": {"uv": [31, 46.5], "uv_size": [1.5, -0.5]}
							}
						},
						{
							"origin": [2.5, 2.9, -4.20711],
							"size": [1.5, 1, 0.41421],
							"uv": {
								"north": {"uv": [12, 40], "uv_size": [1.5, 1]},
								"east": {"uv": [49, 40], "uv_size": [0.5, 1]},
								"south": {"uv": [40, 12], "uv_size": [1.5, 1]},
								"west": {"uv": [49, 41], "uv_size": [0.5, 1]},
								"up": {"uv": [46, 31], "uv_size": [1.5, 0.5]},
								"down": {"uv": [46, 32.5], "uv_size": [1.5, -0.5]}
							}
						}
					]
				},
				{
					"name": "octagon2",
					"parent": "fule_tanks",
					"pivot": [-3, 4, -4],
					"rotation": [0, 90, 0],
					"cubes": [
						{
							"origin": [-4, 3.16569, -4.43431],
							"size": [1.5, 0.41421, 1],
							"pivot": [-3, 3.46569, -3.93431],
							"rotation": [-45, 0, 0],
							"uv": {
								"north": {"uv": [33, 46], "uv_size": [1.5, 0.5]},
								"east": {"uv": [49, 42], "uv_size": [1, 0.5]},
								"south": {"uv": [46, 33], "uv_size": [1.5, 0.5]},
								"west": {"uv": [49, 43], "uv_size": [1, 0.5]},
								"up": {"uv": [40, 13], "uv_size": [1.5, 1]},
								"down": {"uv": [40, 15], "uv_size": [1.5, -1]}
							}
						},
						{
							"origin": [-4, 3.19289, -4.5],
							"size": [1.5, 0.41421, 1],
							"uv": {
								"north": {"uv": [46, 34], "uv_size": [1.5, 0.5]},
								"east": {"uv": [49, 44], "uv_size": [1, 0.5]},
								"south": {"uv": [35, 46], "uv_size": [1.5, 0.5]},
								"west": {"uv": [49, 45], "uv_size": [1, 0.5]},
								"up": {"uv": [40, 15], "uv_size": [1.5, 1]},
								"down": {"uv": [16, 41], "uv_size": [1.5, -1]}
							}
						},
						{
							"origin": [-4, 2.95858, -4.34853],
							"size": [1.5, 1, 0.41421],
							"pivot": [-3, 3.25858, -4.14142],
							"rotation": [-45, 0, 0],
							"uv": {
								"north": {"uv": [18, 40], "uv_size": [1.5, 1]},
								"east": {"uv": [49, 46], "uv_size": [0.5, 1]},
								"south": {"uv": [20, 40], "uv_size": [1.5, 1]},
								"west": {"uv": [49, 47], "uv_size": [0.5, 1]},
								"up": {"uv": [46, 35], "uv_size": [1.5, 0.5]},
								"down": {"uv": [46, 36.5], "uv_size": [1.5, -0.5]}
							}
						},
						{
							"origin": [-4, 2.9, -4.20711],
							"size": [1.5, 1, 0.41421],
							"uv": {
								"north": {"uv": [22, 40], "uv_size": [1.5, 1]},
								"east": {"uv": [48, 49], "uv_size": [0.5, 1]},
								"south": {"uv": [40, 23], "uv_size": [1.5, 1]},
								"west": {"uv": [49, 48], "uv_size": [0.5, 1]},
								"up": {"uv": [37, 46], "uv_size": [1.5, 0.5]},
								"down": {"uv": [46, 37.5], "uv_size": [1.5, -0.5]}
							}
						}
					]
				},
				{
					"name": "octagon4",
					"parent": "fule_tanks",
					"pivot": [3, 4, -2],
					"rotation": [0, -90, 0],
					"cubes": [
						{
							"origin": [2.5, 3.16569, -2.43431],
							"size": [1.5, 0.41421, 1],
							"pivot": [3, 3.46569, -1.93431],
							"rotation": [-45, 0, 0],
							"uv": {
								"north": {"uv": [46, 38], "uv_size": [1.5, 0.5]},
								"east": {"uv": [49, 49], "uv_size": [1, 0.5]},
								"south": {"uv": [39, 46], "uv_size": [1.5, 0.5]},
								"west": {"uv": [50, 0], "uv_size": [1, 0.5]},
								"up": {"uv": [24, 40], "uv_size": [1.5, 1]},
								"down": {"uv": [40, 25], "uv_size": [1.5, -1]}
							}
						},
						{
							"origin": [2.5, 3.19289, -2.5],
							"size": [1.5, 0.41421, 1],
							"uv": {
								"north": {"uv": [46, 39], "uv_size": [1.5, 0.5]},
								"east": {"uv": [50, 1], "uv_size": [1, 0.5]},
								"south": {"uv": [46, 40], "uv_size": [1.5, 0.5]},
								"west": {"uv": [50, 2], "uv_size": [1, 0.5]},
								"up": {"uv": [40, 25], "uv_size": [1.5, 1]},
								"down": {"uv": [40, 27], "uv_size": [1.5, -1]}
							}
						},
						{
							"origin": [2.5, 2.95858, -2.34853],
							"size": [1.5, 1, 0.41421],
							"pivot": [3, 3.25858, -2.14142],
							"rotation": [-45, 0, 0],
							"uv": {
								"north": {"uv": [27, 40], "uv_size": [1.5, 1]},
								"east": {"uv": [50, 3], "uv_size": [0.5, 1]},
								"south": {"uv": [40, 31], "uv_size": [1.5, 1]},
								"west": {"uv": [50, 4], "uv_size": [0.5, 1]},
								"up": {"uv": [41, 46], "uv_size": [1.5, 0.5]},
								"down": {"uv": [46, 41.5], "uv_size": [1.5, -0.5]}
							}
						},
						{
							"origin": [2.5, 2.9, -2.20711],
							"size": [1.5, 1, 0.41421],
							"uv": {
								"north": {"uv": [40, 32], "uv_size": [1.5, 1]},
								"east": {"uv": [50, 5], "uv_size": [0.5, 1]},
								"south": {"uv": [40, 33], "uv_size": [1.5, 1]},
								"west": {"uv": [7, 50], "uv_size": [0.5, 1]},
								"up": {"uv": [46, 42], "uv_size": [1.5, 0.5]},
								"down": {"uv": [43, 46.5], "uv_size": [1.5, -0.5]}
							}
						}
					]
				},
				{
					"name": "octagon",
					"parent": "fule_tanks",
					"pivot": [-3, 4, -2],
					"rotation": [0, 90, 0],
					"cubes": [
						{
							"origin": [-4, 3.16569, -2.43431],
							"size": [1.5, 0.41421, 1],
							"pivot": [-3, 3.46569, -1.93431],
							"rotation": [-45, 0, 0],
							"uv": {
								"north": {"uv": [46, 43], "uv_size": [1.5, 0.5]},
								"east": {"uv": [8, 50], "uv_size": [1, 0.5]},
								"south": {"uv": [46, 44], "uv_size": [1.5, 0.5]},
								"west": {"uv": [9, 50], "uv_size": [1, 0.5]},
								"up": {"uv": [34, 40], "uv_size": [1.5, 1]},
								"down": {"uv": [40, 35], "uv_size": [1.5, -1]}
							}
						},
						{
							"origin": [-4, 3.19289, -2.5],
							"size": [1.5, 0.41421, 1],
							"uv": {
								"north": {"uv": [45, 46], "uv_size": [1.5, 0.5]},
								"east": {"uv": [10, 50], "uv_size": [1, 0.5]},
								"south": {"uv": [46, 45], "uv_size": [1.5, 0.5]},
								"west": {"uv": [11, 50], "uv_size": [1, 0.5]},
								"up": {"uv": [40, 35], "uv_size": [1.5, 1]},
								"down": {"uv": [36, 41], "uv_size": [1.5, -1]}
							}
						},
						{
							"origin": [-4, 2.95858, -2.34853],
							"size": [1.5, 1, 0.41421],
							"pivot": [-3, 3.25858, -2.14142],
							"rotation": [-45, 0, 0],
							"uv": {
								"north": {"uv": [40, 36], "uv_size": [1.5, 1]},
								"east": {"uv": [12, 50], "uv_size": [0.5, 1]},
								"south": {"uv": [40, 37], "uv_size": [1.5, 1]},
								"west": {"uv": [13, 50], "uv_size": [0.5, 1]},
								"up": {"uv": [0, 47], "uv_size": [1.5, 0.5]},
								"down": {"uv": [47, 0.5], "uv_size": [1.5, -0.5]}
							}
						},
						{
							"origin": [-4, 2.9, -2.20711],
							"size": [1.5, 1, 0.41421],
							"uv": {
								"north": {"uv": [38, 40], "uv_size": [1.5, 1]},
								"east": {"uv": [50, 13], "uv_size": [0.5, 1]},
								"south": {"uv": [40, 38], "uv_size": [1.5, 1]},
								"west": {"uv": [14, 50], "uv_size": [0.5, 1]},
								"up": {"uv": [47, 1], "uv_size": [1.5, 0.5]},
								"down": {"uv": [2, 47.5], "uv_size": [1.5, -0.5]}
							}
						}
					]
				},
				{
					"name": "Cupola",
					"parent": "Hull",
					"pivot": [-1.5, 2.975, 4],
					"rotation": [0, 55, 90]
				},
				{
					"name": "Cogs",
					"pivot": [0, 0, 0]
				},
				{
					"name": "bone2",
					"parent": "Cogs",
					"pivot": [0, 1.0136, -2.03695],
					"cubes": [
						{
							"origin": [2.34, 0, -2.48],
							"size": [1, 1.9, 0.8],
							"uv": {
								"north": {"uv": [38, 1.75], "uv_size": [-1, -0.75]},
								"east": {"uv": [38, 1.75], "uv_size": [-1, -0.75]},
								"south": {"uv": [38, 1.75], "uv_size": [-1, -0.75]},
								"west": {"uv": [38, 1.75], "uv_size": [-1, -0.75]},
								"up": {"uv": [37, 1], "uv_size": [1, 0.75]},
								"down": {"uv": [37, 1], "uv_size": [1, 0.75]}
							}
						},
						{
							"origin": [-3.34, 0, -2.48],
							"size": [1, 1.9, 0.8],
							"uv": {
								"north": {"uv": [43, 5.75], "uv_size": [-1, -0.75]},
								"east": {"uv": [43, 5.75], "uv_size": [-1, -0.75]},
								"south": {"uv": [43, 5.75], "uv_size": [-1, -0.75]},
								"west": {"uv": [43, 5.75], "uv_size": [-1, -0.75]},
								"up": {"uv": [42, 5], "uv_size": [1, 0.75]},
								"down": {"uv": [42, 5], "uv_size": [1, 0.75]}
							}
						},
						{
							"origin": [2.34, -0.09602, -2.4118],
							"size": [1, 1.9, 0.8],
							"pivot": [2.84, 0.80398, -2.1618],
							"rotation": [45, 0, 0],
							"uv": {
								"north": {"uv": [34, 44.75], "uv_size": [-1, -0.75]},
								"east": {"uv": [34, 44.75], "uv_size": [-1, -0.75]},
								"south": {"uv": [34, 44.75], "uv_size": [-1, -0.75]},
								"west": {"uv": [34, 44.75], "uv_size": [-1, -0.75]},
								"up": {"uv": [33, 44], "uv_size": [1, 0.75]},
								"down": {"uv": [33, 44], "uv_size": [1, 0.75]}
							}
						},
						{
							"origin": [-3.34, -0.09602, -2.4118],
							"size": [1, 1.9, 0.8],
							"pivot": [-2.84, 0.80398, -2.1618],
							"rotation": [45, 0, 0],
							"uv": {
								"north": {"uv": [48, 3.75], "uv_size": [-1, -0.75]},
								"east": {"uv": [48, 3.75], "uv_size": [-1, -0.75]},
								"south": {"uv": [48, 3.75], "uv_size": [-1, -0.75]},
								"west": {"uv": [48, 3.75], "uv_size": [-1, -0.75]},
								"up": {"uv": [47, 3], "uv_size": [1, 0.75]},
								"down": {"uv": [47, 3], "uv_size": [1, 0.75]}
							}
						},
						{
							"origin": [2.34, 0.11612, -2.46033],
							"size": [1, 1.9, 0.8],
							"pivot": [2.84, 1.01612, -2.21033],
							"rotation": [-45, 0, 0],
							"uv": {
								"north": {"uv": [48, 4.75], "uv_size": [-1, -0.75]},
								"east": {"uv": [48, 4.75], "uv_size": [-1, -0.75]},
								"south": {"uv": [48, 4.75], "uv_size": [-1, -0.75]},
								"west": {"uv": [48, 4.75], "uv_size": [-1, -0.75]},
								"up": {"uv": [47, 4], "uv_size": [1, 0.75]},
								"down": {"uv": [47, 4], "uv_size": [1, 0.75]}
							}
						},
						{
							"origin": [-3.34, 0.11612, -2.46033],
							"size": [1, 1.9, 0.8],
							"pivot": [-2.84, 1.01612, -2.21033],
							"rotation": [-45, 0, 0],
							"uv": {
								"north": {"uv": [48, 5.75], "uv_size": [-1, -0.75]},
								"east": {"uv": [48, 5.75], "uv_size": [-1, -0.75]},
								"south": {"uv": [48, 5.75], "uv_size": [-1, -0.75]},
								"west": {"uv": [48, 5.75], "uv_size": [-1, -0.75]},
								"up": {"uv": [47, 5], "uv_size": [1, 0.75]},
								"down": {"uv": [47, 5], "uv_size": [1, 0.75]}
							}
						},
						{
							"origin": [2.34, 0.18431, -2.39569],
							"size": [1, 1.9, 0.8],
							"pivot": [2.84, 1.08431, -2.14569],
							"rotation": [-90, 0, 0],
							"uv": {
								"north": {"uv": [48, 6.75], "uv_size": [-1, -0.75]},
								"east": {"uv": [48, 6.75], "uv_size": [-1, -0.75]},
								"south": {"uv": [48, 6.75], "uv_size": [-1, -0.75]},
								"west": {"uv": [48, 6.75], "uv_size": [-1, -0.75]},
								"up": {"uv": [47, 6], "uv_size": [1, 0.75]},
								"down": {"uv": [47, 6], "uv_size": [1, 0.75]}
							}
						},
						{
							"origin": [-3.34, 0.18431, -2.39569],
							"size": [1, 1.9, 0.8],
							"pivot": [-2.84, 1.08431, -2.14569],
							"rotation": [-90, 0, 0],
							"uv": {
								"north": {"uv": [48, 7.75], "uv_size": [-1, -0.75]},
								"east": {"uv": [48, 7.75], "uv_size": [-1, -0.75]},
								"south": {"uv": [48, 7.75], "uv_size": [-1, -0.75]},
								"west": {"uv": [48, 7.75], "uv_size": [-1, -0.75]},
								"up": {"uv": [47, 7], "uv_size": [1, 0.75]},
								"down": {"uv": [47, 7], "uv_size": [1, 0.75]}
							}
						}
					]
				},
				{
					"name": "bone3",
					"parent": "Cogs",
					"pivot": [0, 1.0136, -0.03695],
					"cubes": [
						{
							"origin": [2.34, 0, -0.48],
							"size": [1, 1.9, 0.8],
							"uv": {
								"north": {"uv": [48, 8.75], "uv_size": [-1, -0.75]},
								"east": {"uv": [48, 8.75], "uv_size": [-1, -0.75]},
								"south": {"uv": [48, 8.75], "uv_size": [-1, -0.75]},
								"west": {"uv": [48, 8.75], "uv_size": [-1, -0.75]},
								"up": {"uv": [47, 8], "uv_size": [1, 0.75]},
								"down": {"uv": [47, 8], "uv_size": [1, 0.75]}
							}
						},
						{
							"origin": [-3.34, 0, -0.48],
							"size": [1, 1.9, 0.8],
							"uv": {
								"north": {"uv": [48, 9.75], "uv_size": [-1, -0.75]},
								"east": {"uv": [48, 9.75], "uv_size": [-1, -0.75]},
								"south": {"uv": [48, 9.75], "uv_size": [-1, -0.75]},
								"west": {"uv": [48, 9.75], "uv_size": [-1, -0.75]},
								"up": {"uv": [47, 9], "uv_size": [1, 0.75]},
								"down": {"uv": [47, 9], "uv_size": [1, 0.75]}
							}
						},
						{
							"origin": [2.34, -0.09602, -0.4118],
							"size": [1, 1.9, 0.8],
							"pivot": [2.84, 0.80398, -0.1618],
							"rotation": [45, 0, 0],
							"uv": {
								"north": {"uv": [48, 10.75], "uv_size": [-1, -0.75]},
								"east": {"uv": [48, 10.75], "uv_size": [-1, -0.75]},
								"south": {"uv": [48, 10.75], "uv_size": [-1, -0.75]},
								"west": {"uv": [48, 10.75], "uv_size": [-1, -0.75]},
								"up": {"uv": [47, 10], "uv_size": [1, 0.75]},
								"down": {"uv": [47, 10], "uv_size": [1, 0.75]}
							}
						},
						{
							"origin": [-3.34, -0.09602, -0.4118],
							"size": [1, 1.9, 0.8],
							"pivot": [-2.84, 0.80398, -0.1618],
							"rotation": [45, 0, 0],
							"uv": {
								"north": {"uv": [48, 11.75], "uv_size": [-1, -0.75]},
								"east": {"uv": [48, 11.75], "uv_size": [-1, -0.75]},
								"south": {"uv": [48, 11.75], "uv_size": [-1, -0.75]},
								"west": {"uv": [48, 11.75], "uv_size": [-1, -0.75]},
								"up": {"uv": [47, 11], "uv_size": [1, 0.75]},
								"down": {"uv": [47, 11], "uv_size": [1, 0.75]}
							}
						},
						{
							"origin": [2.34, 0.11612, -0.46033],
							"size": [1, 1.9, 0.8],
							"pivot": [2.84, 1.01612, -0.21033],
							"rotation": [-45, 0, 0],
							"uv": {
								"north": {"uv": [48, 12.75], "uv_size": [-1, -0.75]},
								"east": {"uv": [48, 12.75], "uv_size": [-1, -0.75]},
								"south": {"uv": [48, 12.75], "uv_size": [-1, -0.75]},
								"west": {"uv": [48, 12.75], "uv_size": [-1, -0.75]},
								"up": {"uv": [47, 12], "uv_size": [1, 0.75]},
								"down": {"uv": [47, 12], "uv_size": [1, 0.75]}
							}
						},
						{
							"origin": [-3.34, 0.11612, -0.46033],
							"size": [1, 1.9, 0.8],
							"pivot": [-2.84, 1.01612, -0.21033],
							"rotation": [-45, 0, 0],
							"uv": {
								"north": {"uv": [48, 13.75], "uv_size": [-1, -0.75]},
								"east": {"uv": [48, 13.75], "uv_size": [-1, -0.75]},
								"south": {"uv": [48, 13.75], "uv_size": [-1, -0.75]},
								"west": {"uv": [48, 13.75], "uv_size": [-1, -0.75]},
								"up": {"uv": [47, 13], "uv_size": [1, 0.75]},
								"down": {"uv": [47, 13], "uv_size": [1, 0.75]}
							}
						},
						{
							"origin": [2.34, 0.18431, -0.39569],
							"size": [1, 1.9, 0.8],
							"pivot": [2.84, 1.08431, -0.14569],
							"rotation": [-90, 0, 0],
							"uv": {
								"north": {"uv": [16, 47.75], "uv_size": [-1, -0.75]},
								"east": {"uv": [16, 47.75], "uv_size": [-1, -0.75]},
								"south": {"uv": [16, 47.75], "uv_size": [-1, -0.75]},
								"west": {"uv": [16, 47.75], "uv_size": [-1, -0.75]},
								"up": {"uv": [15, 47], "uv_size": [1, 0.75]},
								"down": {"uv": [15, 47], "uv_size": [1, 0.75]}
							}
						},
						{
							"origin": [-3.34, 0.18431, -0.39569],
							"size": [1, 1.9, 0.8],
							"pivot": [-2.84, 1.08431, -0.14569],
							"rotation": [-90, 0, 0],
							"uv": {
								"north": {"uv": [48, 16.75], "uv_size": [-1, -0.75]},
								"east": {"uv": [48, 16.75], "uv_size": [-1, -0.75]},
								"south": {"uv": [48, 16.75], "uv_size": [-1, -0.75]},
								"west": {"uv": [48, 16.75], "uv_size": [-1, -0.75]},
								"up": {"uv": [47, 16], "uv_size": [1, 0.75]},
								"down": {"uv": [47, 16], "uv_size": [1, 0.75]}
							}
						}
					]
				},
				{
					"name": "bone4",
					"parent": "Cogs",
					"pivot": [0, 1.0136, 2.00305],
					"cubes": [
						{
							"origin": [2.34, 0, 1.56],
							"size": [1, 1.9, 0.8],
							"uv": {
								"north": {"uv": [19, 47.75], "uv_size": [-1, -0.75]},
								"east": {"uv": [19, 47.75], "uv_size": [-1, -0.75]},
								"south": {"uv": [19, 47.75], "uv_size": [-1, -0.75]},
								"west": {"uv": [19, 47.75], "uv_size": [-1, -0.75]},
								"up": {"uv": [18, 47], "uv_size": [1, 0.75]},
								"down": {"uv": [18, 47], "uv_size": [1, 0.75]}
							}
						},
						{
							"origin": [-3.34, 0, 1.56],
							"size": [1, 1.9, 0.8],
							"uv": {
								"north": {"uv": [21, 47.75], "uv_size": [-1, -0.75]},
								"east": {"uv": [21, 47.75], "uv_size": [-1, -0.75]},
								"south": {"uv": [21, 47.75], "uv_size": [-1, -0.75]},
								"west": {"uv": [21, 47.75], "uv_size": [-1, -0.75]},
								"up": {"uv": [20, 47], "uv_size": [1, 0.75]},
								"down": {"uv": [20, 47], "uv_size": [1, 0.75]}
							}
						},
						{
							"origin": [2.34, -0.09602, 1.6282],
							"size": [1, 1.9, 0.8],
							"pivot": [2.84, 0.80398, 1.8782],
							"rotation": [45, 0, 0],
							"uv": {
								"north": {"uv": [22, 47.75], "uv_size": [-1, -0.75]},
								"east": {"uv": [22, 47.75], "uv_size": [-1, -0.75]},
								"south": {"uv": [22, 47.75], "uv_size": [-1, -0.75]},
								"west": {"uv": [22, 47.75], "uv_size": [-1, -0.75]},
								"up": {"uv": [21, 47], "uv_size": [1, 0.75]},
								"down": {"uv": [21, 47], "uv_size": [1, 0.75]}
							}
						},
						{
							"origin": [-3.34, -0.09602, 1.6282],
							"size": [1, 1.9, 0.8],
							"pivot": [-2.84, 0.80398, 1.8782],
							"rotation": [45, 0, 0],
							"uv": {
								"north": {"uv": [48, 22.75], "uv_size": [-1, -0.75]},
								"east": {"uv": [48, 22.75], "uv_size": [-1, -0.75]},
								"south": {"uv": [48, 22.75], "uv_size": [-1, -0.75]},
								"west": {"uv": [48, 22.75], "uv_size": [-1, -0.75]},
								"up": {"uv": [47, 22], "uv_size": [1, 0.75]},
								"down": {"uv": [47, 22], "uv_size": [1, 0.75]}
							}
						},
						{
							"origin": [2.34, 0.11612, 1.57967],
							"size": [1, 1.9, 0.8],
							"pivot": [2.84, 1.01612, 1.82967],
							"rotation": [-45, 0, 0],
							"uv": {
								"north": {"uv": [48, 23.75], "uv_size": [-1, -0.75]},
								"east": {"uv": [48, 23.75], "uv_size": [-1, -0.75]},
								"south": {"uv": [48, 23.75], "uv_size": [-1, -0.75]},
								"west": {"uv": [48, 23.75], "uv_size": [-1, -0.75]},
								"up": {"uv": [47, 23], "uv_size": [1, 0.75]},
								"down": {"uv": [47, 23], "uv_size": [1, 0.75]}
							}
						},
						{
							"origin": [-3.34, 0.11612, 1.57967],
							"size": [1, 1.9, 0.8],
							"pivot": [-2.84, 1.01612, 1.82967],
							"rotation": [-45, 0, 0],
							"uv": {
								"north": {"uv": [48, 25.75], "uv_size": [-1, -0.75]},
								"east": {"uv": [48, 25.75], "uv_size": [-1, -0.75]},
								"south": {"uv": [48, 25.75], "uv_size": [-1, -0.75]},
								"west": {"uv": [48, 25.75], "uv_size": [-1, -0.75]},
								"up": {"uv": [47, 25], "uv_size": [1, 0.75]},
								"down": {"uv": [47, 25], "uv_size": [1, 0.75]}
							}
						},
						{
							"origin": [2.34, 0.18431, 1.64431],
							"size": [1, 1.9, 0.8],
							"pivot": [2.84, 1.08431, 1.89431],
							"rotation": [-90, 0, 0],
							"uv": {
								"north": {"uv": [29, 47.75], "uv_size": [-1, -0.75]},
								"east": {"uv": [29, 47.75], "uv_size": [-1, -0.75]},
								"south": {"uv": [29, 47.75], "uv_size": [-1, -0.75]},
								"west": {"uv": [29, 47.75], "uv_size": [-1, -0.75]},
								"up": {"uv": [28, 47], "uv_size": [1, 0.75]},
								"down": {"uv": [28, 47], "uv_size": [1, 0.75]}
							}
						},
						{
							"origin": [-3.34, 0.18431, 1.64431],
							"size": [1, 1.9, 0.8],
							"pivot": [-2.84, 1.08431, 1.89431],
							"rotation": [-90, 0, 0],
							"uv": {
								"north": {"uv": [31, 47.75], "uv_size": [-1, -0.75]},
								"east": {"uv": [31, 47.75], "uv_size": [-1, -0.75]},
								"south": {"uv": [31, 47.75], "uv_size": [-1, -0.75]},
								"west": {"uv": [31, 47.75], "uv_size": [-1, -0.75]},
								"up": {"uv": [30, 47], "uv_size": [1, 0.75]},
								"down": {"uv": [30, 47], "uv_size": [1, 0.75]}
							}
						}
					]
				},
				{
					"name": "bone5",
					"parent": "Cogs",
					"pivot": [0, 1.0136, 3.92305],
					"cubes": [
						{
							"origin": [2.34, 0, 3.48],
							"size": [1, 1.9, 0.8],
							"uv": {
								"north": {"uv": [33, 47.75], "uv_size": [-1, -0.75]},
								"east": {"uv": [33, 47.75], "uv_size": [-1, -0.75]},
								"south": {"uv": [33, 47.75], "uv_size": [-1, -0.75]},
								"west": {"uv": [33, 47.75], "uv_size": [-1, -0.75]},
								"up": {"uv": [32, 47], "uv_size": [1, 0.75]},
								"down": {"uv": [32, 47], "uv_size": [1, 0.75]}
							}
						},
						{
							"origin": [-3.34, 0, 3.48],
							"size": [1, 1.9, 0.8],
							"uv": {
								"north": {"uv": [35, 47.75], "uv_size": [-1, -0.75]},
								"east": {"uv": [35, 47.75], "uv_size": [-1, -0.75]},
								"south": {"uv": [35, 47.75], "uv_size": [-1, -0.75]},
								"west": {"uv": [35, 47.75], "uv_size": [-1, -0.75]},
								"up": {"uv": [34, 47], "uv_size": [1, 0.75]},
								"down": {"uv": [34, 47], "uv_size": [1, 0.75]}
							}
						},
						{
							"origin": [2.34, -0.09602, 3.5482],
							"size": [1, 1.9, 0.8],
							"pivot": [2.84, 0.80398, 3.7982],
							"rotation": [45, 0, 0],
							"uv": {
								"north": {"uv": [37, 47.75], "uv_size": [-1, -0.75]},
								"east": {"uv": [37, 47.75], "uv_size": [-1, -0.75]},
								"south": {"uv": [37, 47.75], "uv_size": [-1, -0.75]},
								"west": {"uv": [37, 47.75], "uv_size": [-1, -0.75]},
								"up": {"uv": [36, 47], "uv_size": [1, 0.75]},
								"down": {"uv": [36, 47], "uv_size": [1, 0.75]}
							}
						},
						{
							"origin": [-3.34, -0.09602, 3.5482],
							"size": [1, 1.9, 0.8],
							"pivot": [-2.84, 0.80398, 3.7982],
							"rotation": [45, 0, 0],
							"uv": {
								"north": {"uv": [39, 47.75], "uv_size": [-1, -0.75]},
								"east": {"uv": [39, 47.75], "uv_size": [-1, -0.75]},
								"south": {"uv": [39, 47.75], "uv_size": [-1, -0.75]},
								"west": {"uv": [39, 47.75], "uv_size": [-1, -0.75]},
								"up": {"uv": [38, 47], "uv_size": [1, 0.75]},
								"down": {"uv": [38, 47], "uv_size": [1, 0.75]}
							}
						},
						{
							"origin": [2.34, 0.11612, 3.49967],
							"size": [1, 1.9, 0.8],
							"pivot": [2.84, 1.01612, 3.74967],
							"rotation": [-45, 0, 0],
							"uv": {
								"north": {"uv": [41, 47.75], "uv_size": [-1, -0.75]},
								"east": {"uv": [41, 47.75], "uv_size": [-1, -0.75]},
								"south": {"uv": [41, 47.75], "uv_size": [-1, -0.75]},
								"west": {"uv": [41, 47.75], "uv_size": [-1, -0.75]},
								"up": {"uv": [40, 47], "uv_size": [1, 0.75]},
								"down": {"uv": [40, 47], "uv_size": [1, 0.75]}
							}
						},
						{
							"origin": [-3.34, 0.11612, 3.49967],
							"size": [1, 1.9, 0.8],
							"pivot": [-2.84, 1.01612, 3.74967],
							"rotation": [-45, 0, 0],
							"uv": {
								"north": {"uv": [43, 47.75], "uv_size": [-1, -0.75]},
								"east": {"uv": [43, 47.75], "uv_size": [-1, -0.75]},
								"south": {"uv": [43, 47.75], "uv_size": [-1, -0.75]},
								"west": {"uv": [43, 47.75], "uv_size": [-1, -0.75]},
								"up": {"uv": [42, 47], "uv_size": [1, 0.75]},
								"down": {"uv": [42, 47], "uv_size": [1, 0.75]}
							}
						},
						{
							"origin": [2.34, 0.18431, 3.56431],
							"size": [1, 1.9, 0.8],
							"pivot": [2.84, 1.08431, 3.81431],
							"rotation": [-90, 0, 0],
							"uv": {
								"north": {"uv": [45, 47.75], "uv_size": [-1, -0.75]},
								"east": {"uv": [45, 47.75], "uv_size": [-1, -0.75]},
								"south": {"uv": [45, 47.75], "uv_size": [-1, -0.75]},
								"west": {"uv": [45, 47.75], "uv_size": [-1, -0.75]},
								"up": {"uv": [44, 47], "uv_size": [1, 0.75]},
								"down": {"uv": [44, 47], "uv_size": [1, 0.75]}
							}
						},
						{
							"origin": [-3.34, 0.18431, 3.56431],
							"size": [1, 1.9, 0.8],
							"pivot": [-2.84, 1.08431, 3.81431],
							"rotation": [-90, 0, 0],
							"uv": {
								"north": {"uv": [47, 47.75], "uv_size": [-1, -0.75]},
								"east": {"uv": [47, 47.75], "uv_size": [-1, -0.75]},
								"south": {"uv": [47, 47.75], "uv_size": [-1, -0.75]},
								"west": {"uv": [47, 47.75], "uv_size": [-1, -0.75]},
								"up": {"uv": [46, 47], "uv_size": [1, 0.75]},
								"down": {"uv": [46, 47], "uv_size": [1, 0.75]}
							}
						}
					]
				},
				{
					"name": "bone6",
					"parent": "Cogs",
					"pivot": [0, 1.0136, -4.11695],
					"cubes": [
						{
							"origin": [2.34, 0, -4.56],
							"size": [1, 1.9, 0.8],
							"uv": {
								"north": {"uv": [48, 47.75], "uv_size": [-1, -0.75]},
								"east": {"uv": [48, 47.75], "uv_size": [-1, -0.75]},
								"south": {"uv": [48, 47.75], "uv_size": [-1, -0.75]},
								"west": {"uv": [48, 47.75], "uv_size": [-1, -0.75]},
								"up": {"uv": [47, 47], "uv_size": [1, 0.75]},
								"down": {"uv": [47, 47], "uv_size": [1, 0.75]}
							}
						},
						{
							"origin": [-3.34, 0, -4.56],
							"size": [1, 1.9, 0.8],
							"uv": {
								"north": {"uv": [2, 48.75], "uv_size": [-1, -0.75]},
								"east": {"uv": [2, 48.75], "uv_size": [-1, -0.75]},
								"south": {"uv": [2, 48.75], "uv_size": [-1, -0.75]},
								"west": {"uv": [2, 48.75], "uv_size": [-1, -0.75]},
								"up": {"uv": [1, 48], "uv_size": [1, 0.75]},
								"down": {"uv": [1, 48], "uv_size": [1, 0.75]}
							}
						},
						{
							"origin": [2.34, -0.09602, -4.4918],
							"size": [1, 1.9, 0.8],
							"pivot": [2.84, 0.80398, -4.2418],
							"rotation": [45, 0, 0],
							"uv": {
								"north": {"uv": [49, 2.75], "uv_size": [-1, -0.75]},
								"east": {"uv": [49, 2.75], "uv_size": [-1, -0.75]},
								"south": {"uv": [49, 2.75], "uv_size": [-1, -0.75]},
								"west": {"uv": [49, 2.75], "uv_size": [-1, -0.75]},
								"up": {"uv": [48, 2], "uv_size": [1, 0.75]},
								"down": {"uv": [48, 2], "uv_size": [1, 0.75]}
							}
						},
						{
							"origin": [-3.34, -0.09602, -4.4918],
							"size": [1, 1.9, 0.8],
							"pivot": [-2.84, 0.80398, -4.2418],
							"rotation": [45, 0, 0],
							"uv": {
								"north": {"uv": [49, 3.75], "uv_size": [-1, -0.75]},
								"east": {"uv": [49, 3.75], "uv_size": [-1, -0.75]},
								"south": {"uv": [49, 3.75], "uv_size": [-1, -0.75]},
								"west": {"uv": [49, 3.75], "uv_size": [-1, -0.75]},
								"up": {"uv": [48, 3], "uv_size": [1, 0.75]},
								"down": {"uv": [48, 3], "uv_size": [1, 0.75]}
							}
						},
						{
							"origin": [2.34, 0.11612, -4.54033],
							"size": [1, 1.9, 0.8],
							"pivot": [2.84, 1.01612, -4.29033],
							"rotation": [-45, 0, 0],
							"uv": {
								"north": {"uv": [49, 4.75], "uv_size": [-1, -0.75]},
								"east": {"uv": [49, 4.75], "uv_size": [-1, -0.75]},
								"south": {"uv": [49, 4.75], "uv_size": [-1, -0.75]},
								"west": {"uv": [49, 4.75], "uv_size": [-1, -0.75]},
								"up": {"uv": [48, 4], "uv_size": [1, 0.75]},
								"down": {"uv": [48, 4], "uv_size": [1, 0.75]}
							}
						},
						{
							"origin": [-3.34, 0.11612, -4.54033],
							"size": [1, 1.9, 0.8],
							"pivot": [-2.84, 1.01612, -4.29033],
							"rotation": [-45, 0, 0],
							"uv": {
								"north": {"uv": [49, 5.75], "uv_size": [-1, -0.75]},
								"east": {"uv": [49, 5.75], "uv_size": [-1, -0.75]},
								"south": {"uv": [49, 5.75], "uv_size": [-1, -0.75]},
								"west": {"uv": [49, 5.75], "uv_size": [-1, -0.75]},
								"up": {"uv": [48, 5], "uv_size": [1, 0.75]},
								"down": {"uv": [48, 5], "uv_size": [1, 0.75]}
							}
						},
						{
							"origin": [2.34, 0.18431, -4.47569],
							"size": [1, 1.9, 0.8],
							"pivot": [2.84, 1.08431, -4.22569],
							"rotation": [-90, 0, 0],
							"uv": {
								"north": {"uv": [49, 6.75], "uv_size": [-1, -0.75]},
								"east": {"uv": [49, 6.75], "uv_size": [-1, -0.75]},
								"south": {"uv": [49, 6.75], "uv_size": [-1, -0.75]},
								"west": {"uv": [49, 6.75], "uv_size": [-1, -0.75]},
								"up": {"uv": [48, 6], "uv_size": [1, 0.75]},
								"down": {"uv": [48, 6], "uv_size": [1, 0.75]}
							}
						},
						{
							"origin": [-3.34, 0.18431, -4.47569],
							"size": [1, 1.9, 0.8],
							"pivot": [-2.84, 1.08431, -4.22569],
							"rotation": [-90, 0, 0],
							"uv": {
								"north": {"uv": [49, 7.75], "uv_size": [-1, -0.75]},
								"east": {"uv": [49, 7.75], "uv_size": [-1, -0.75]},
								"south": {"uv": [49, 7.75], "uv_size": [-1, -0.75]},
								"west": {"uv": [49, 7.75], "uv_size": [-1, -0.75]},
								"up": {"uv": [48, 7], "uv_size": [1, 0.75]},
								"down": {"uv": [48, 7], "uv_size": [1, 0.75]}
							}
						}
					]
				},
				{
					"name": "EndCogs",
					"parent": "Cogs",
					"pivot": [-0.544, 1.41059, 5.40101],
					"cubes": [
						{
							"origin": [-3.22, 0.76, 5.14],
							"size": [1, 1.2, 0.5],
							"uv": {
								"north": {"uv": [51, 14.5], "uv_size": [-1, -0.5]},
								"east": {"uv": [51, 14.5], "uv_size": [-1, -0.5]},
								"south": {"uv": [51, 14.5], "uv_size": [-1, -0.5]},
								"west": {"uv": [51, 14.5], "uv_size": [-1, -0.5]},
								"up": {"uv": [50, 14], "uv_size": [1, 0.5]},
								"down": {"uv": [50, 14], "uv_size": [1, 0.5]}
							}
						},
						{
							"origin": [2.22, 0.76, 5.14],
							"size": [1, 1.2, 0.5],
							"uv": {
								"north": {"uv": [51, 15.5], "uv_size": [-1, -0.5]},
								"east": {"uv": [51, 15.5], "uv_size": [-1, -0.5]},
								"south": {"uv": [51, 15.5], "uv_size": [-1, -0.5]},
								"west": {"uv": [51, 15.5], "uv_size": [-1, -0.5]},
								"up": {"uv": [50, 15], "uv_size": [1, 0.5]},
								"down": {"uv": [50, 15], "uv_size": [1, 0.5]}
							}
						},
						{
							"origin": [2.22, 0.71754, 5.23749],
							"size": [1, 1.2, 0.5],
							"pivot": [2.72, 1.21754, 5.38749],
							"rotation": [45, 0, 0],
							"uv": {
								"north": {"uv": [51, 16.5], "uv_size": [-1, -0.5]},
								"east": {"uv": [51, 16.5], "uv_size": [-1, -0.5]},
								"south": {"uv": [51, 16.5], "uv_size": [-1, -0.5]},
								"west": {"uv": [51, 16.5], "uv_size": [-1, -0.5]},
								"up": {"uv": [50, 16], "uv_size": [1, 0.5]},
								"down": {"uv": [50, 16], "uv_size": [1, 0.5]}
							}
						},
						{
							"origin": [-3.22, 0.71754, 5.23749],
							"size": [1, 1.2, 0.5],
							"pivot": [-2.72, 1.21754, 5.38749],
							"rotation": [45, 0, 0],
							"uv": {
								"north": {"uv": [51, 17.5], "uv_size": [-1, -0.5]},
								"east": {"uv": [51, 17.5], "uv_size": [-1, -0.5]},
								"south": {"uv": [51, 17.5], "uv_size": [-1, -0.5]},
								"west": {"uv": [51, 17.5], "uv_size": [-1, -0.5]},
								"up": {"uv": [50, 17], "uv_size": [1, 0.5]},
								"down": {"uv": [50, 17], "uv_size": [1, 0.5]}
							}
						},
						{
							"origin": [-3.22, 0.85896, 5.10109],
							"size": [1, 1.2, 0.5],
							"pivot": [-2.72, 1.35896, 5.25109],
							"rotation": [-45, 0, 0],
							"uv": {
								"north": {"uv": [51, 19.5], "uv_size": [-1, -0.5]},
								"east": {"uv": [51, 19.5], "uv_size": [-1, -0.5]},
								"south": {"uv": [51, 19.5], "uv_size": [-1, -0.5]},
								"west": {"uv": [51, 19.5], "uv_size": [-1, -0.5]},
								"up": {"uv": [50, 19], "uv_size": [1, 0.5]},
								"down": {"uv": [50, 19], "uv_size": [1, 0.5]}
							}
						},
						{
							"origin": [2.22, 0.85896, 5.10109],
							"size": [1, 1.2, 0.5],
							"pivot": [2.72, 1.35896, 5.25109],
							"rotation": [-45, 0, 0],
							"uv": {
								"north": {"uv": [51, 21.5], "uv_size": [-1, -0.5]},
								"east": {"uv": [51, 21.5], "uv_size": [-1, -0.5]},
								"south": {"uv": [51, 21.5], "uv_size": [-1, -0.5]},
								"west": {"uv": [51, 21.5], "uv_size": [-1, -0.5]},
								"up": {"uv": [50, 21], "uv_size": [1, 0.5]},
								"down": {"uv": [50, 21], "uv_size": [1, 0.5]}
							}
						},
						{
							"origin": [2.22, 0.95645, 5.13645],
							"size": [1, 1.2, 0.5],
							"pivot": [2.72, 1.45645, 5.28645],
							"rotation": [-90, 0, 0],
							"uv": {
								"north": {"uv": [51, 23.5], "uv_size": [-1, -0.5]},
								"east": {"uv": [51, 23.5], "uv_size": [-1, -0.5]},
								"south": {"uv": [51, 23.5], "uv_size": [-1, -0.5]},
								"west": {"uv": [51, 23.5], "uv_size": [-1, -0.5]},
								"up": {"uv": [50, 23], "uv_size": [1, 0.5]},
								"down": {"uv": [50, 23], "uv_size": [1, 0.5]}
							}
						},
						{
							"origin": [-3.22, 0.95645, 5.13645],
							"size": [1, 1.2, 0.5],
							"pivot": [-2.72, 1.45645, 5.28645],
							"rotation": [-90, 0, 0],
							"uv": {
								"north": {"uv": [51, 25.5], "uv_size": [-1, -0.5]},
								"east": {"uv": [51, 25.5], "uv_size": [-1, -0.5]},
								"south": {"uv": [51, 25.5], "uv_size": [-1, -0.5]},
								"west": {"uv": [51, 25.5], "uv_size": [-1, -0.5]},
								"up": {"uv": [50, 25], "uv_size": [1, 0.5]},
								"down": {"uv": [50, 25], "uv_size": [1, 0.5]}
							}
						}
					]
				},
				{
					"name": "MainCogs",
					"parent": "Cogs",
					"pivot": [-0.544, 1.57059, -5.75899],
					"cubes": [
						{
							"origin": [-3.22, 0.92, -6.02],
							"size": [1, 1.2, 0.5],
							"uv": {
								"north": {"uv": [51, 28.5], "uv_size": [-1, -0.5]},
								"east": {"uv": [51, 28.5], "uv_size": [-1, -0.5]},
								"south": {"uv": [51, 28.5], "uv_size": [-1, -0.5]},
								"west": {"uv": [51, 28.5], "uv_size": [-1, -0.5]},
								"up": {"uv": [50, 28], "uv_size": [1, 0.5]},
								"down": {"uv": [50, 28], "uv_size": [1, 0.5]}
							}
						},
						{
							"origin": [2.22, 0.92, -6.02],
							"size": [1, 1.2, 0.5],
							"uv": {
								"north": {"uv": [31, 50.5], "uv_size": [-1, -0.5]},
								"east": {"uv": [31, 50.5], "uv_size": [-1, -0.5]},
								"south": {"uv": [31, 50.5], "uv_size": [-1, -0.5]},
								"west": {"uv": [31, 50.5], "uv_size": [-1, -0.5]},
								"up": {"uv": [30, 50], "uv_size": [1, 0.5]},
								"down": {"uv": [30, 50], "uv_size": [1, 0.5]}
							}
						},
						{
							"origin": [2.22, 0.87754, -5.92251],
							"size": [1, 1.2, 0.5],
							"pivot": [2.72, 1.37754, -5.77251],
							"rotation": [45, 0, 0],
							"uv": {
								"north": {"uv": [32, 50.5], "uv_size": [-1, -0.5]},
								"east": {"uv": [32, 50.5], "uv_size": [-1, -0.5]},
								"south": {"uv": [32, 50.5], "uv_size": [-1, -0.5]},
								"west": {"uv": [32, 50.5], "uv_size": [-1, -0.5]},
								"up": {"uv": [31, 50], "uv_size": [1, 0.5]},
								"down": {"uv": [31, 50], "uv_size": [1, 0.5]}
							}
						},
						{
							"origin": [-3.22, 0.87754, -5.92251],
							"size": [1, 1.2, 0.5],
							"pivot": [-2.72, 1.37754, -5.77251],
							"rotation": [45, 0, 0],
							"uv": {
								"north": {"uv": [51, 32.5], "uv_size": [-1, -0.5]},
								"east": {"uv": [51, 32.5], "uv_size": [-1, -0.5]},
								"south": {"uv": [51, 32.5], "uv_size": [-1, -0.5]},
								"west": {"uv": [51, 32.5], "uv_size": [-1, -0.5]},
								"up": {"uv": [50, 32], "uv_size": [1, 0.5]},
								"down": {"uv": [50, 32], "uv_size": [1, 0.5]}
							}
						},
						{
							"origin": [-3.22, 1.01896, -6.05891],
							"size": [1, 1.2, 0.5],
							"pivot": [-2.72, 1.51896, -5.90891],
							"rotation": [-45, 0, 0],
							"uv": {
								"north": {"uv": [51, 34.5], "uv_size": [-1, -0.5]},
								"east": {"uv": [51, 34.5], "uv_size": [-1, -0.5]},
								"south": {"uv": [51, 34.5], "uv_size": [-1, -0.5]},
								"west": {"uv": [51, 34.5], "uv_size": [-1, -0.5]},
								"up": {"uv": [50, 34], "uv_size": [1, 0.5]},
								"down": {"uv": [50, 34], "uv_size": [1, 0.5]}
							}
						},
						{
							"origin": [2.22, 1.01896, -6.05891],
							"size": [1, 1.2, 0.5],
							"pivot": [2.72, 1.51896, -5.90891],
							"rotation": [-45, 0, 0],
							"uv": {
								"north": {"uv": [51, 35.5], "uv_size": [-1, -0.5]},
								"east": {"uv": [51, 35.5], "uv_size": [-1, -0.5]},
								"south": {"uv": [51, 35.5], "uv_size": [-1, -0.5]},
								"west": {"uv": [51, 35.5], "uv_size": [-1, -0.5]},
								"up": {"uv": [50, 35], "uv_size": [1, 0.5]},
								"down": {"uv": [50, 35], "uv_size": [1, 0.5]}
							}
						},
						{
							"origin": [2.22, 1.11645, -6.02355],
							"size": [1, 1.2, 0.5],
							"pivot": [2.72, 1.61645, -5.87355],
							"rotation": [-90, 0, 0],
							"uv": {
								"north": {"uv": [51, 36.5], "uv_size": [-1, -0.5]},
								"east": {"uv": [51, 36.5], "uv_size": [-1, -0.5]},
								"south": {"uv": [51, 36.5], "uv_size": [-1, -0.5]},
								"west": {"uv": [51, 36.5], "uv_size": [-1, -0.5]},
								"up": {"uv": [50, 36], "uv_size": [1, 0.5]},
								"down": {"uv": [50, 36], "uv_size": [1, 0.5]}
							}
						},
						{
							"origin": [-3.22, 1.11645, -6.02355],
							"size": [1, 1.2, 0.5],
							"pivot": [-2.72, 1.61645, -5.87355],
							"rotation": [-90, 0, 0],
							"uv": {
								"north": {"uv": [51, 37.5], "uv_size": [-1, -0.5]},
								"east": {"uv": [51, 37.5], "uv_size": [-1, -0.5]},
								"south": {"uv": [51, 37.5], "uv_size": [-1, -0.5]},
								"west": {"uv": [51, 37.5], "uv_size": [-1, -0.5]},
								"up": {"uv": [50, 37], "uv_size": [1, 0.5]},
								"down": {"uv": [50, 37], "uv_size": [1, 0.5]}
							}
						}
					]
				}
			]
		}
	]
}