{
	"format_version": "1.12.0",
	"minecraft:geometry": [
		{
			"description": {
				"identifier": "geometry.supermarine_spitfire",
				"texture_width": 64,
				"texture_height": 64,
				"visible_bounds_width": 2,
				"visible_bounds_height": 1.5,
				"visible_bounds_offset": [0, 0.25, 0]
			},
			"bones": [
				{
					"name": "Plane",
					"pivot": [0.03738, 2.17512, 0.24093],
					"rotation": [-9, 0, 0],
					"cubes": [
						{
							"origin": [-0.53266, 0.60596, -3.88552],
							"size": [1.09375, 1.59375, 2.40625],
							"uv": {
								"north": {"uv": [16, 1], "uv_size": [1.125, 1.625]},
								"east": {"uv": [9, 12], "uv_size": [2.375, 1.625]},
								"south": {"uv": [16, 3], "uv_size": [1.125, 1.625]},
								"west": {"uv": [12, 12], "uv_size": [2.375, 1.625]},
								"up": {"uv": [13, 6], "uv_size": [1.125, 2.375]},
								"down": {"uv": [0, 16.375], "uv_size": [1.125, -2.375]}
							}
						},
						{
							"origin": [0.49859, 0.60596, -1.47927],
							"size": [0.0625, 1.59375, 1.34375],
							"uv": {
								"north": {"uv": [14, 29], "uv_size": [0.125, 1.625]},
								"east": {"uv": [15, 6], "uv_size": [1.375, 1.625]},
								"south": {"uv": [29, 14], "uv_size": [0.125, 1.625]},
								"west": {"uv": [15, 11], "uv_size": [1.375, 1.625]},
								"up": {"uv": [2, 30], "uv_size": [0.125, 1.375]},
								"down": {"uv": [30, 3.375], "uv_size": [0.125, -1.375]}
							}
						},
						{
							"origin": [-0.53266, 0.60596, -1.47927],
							"size": [0.0625, 1.59375, 1.3125],
							"uv": {
								"north": {"uv": [15, 29], "uv_size": [0.125, 1.625]},
								"east": {"uv": [15, 13], "uv_size": [1.375, 1.625]},
								"south": {"uv": [16, 29], "uv_size": [0.125, 1.625]},
								"west": {"uv": [15, 15], "uv_size": [1.375, 1.625]},
								"up": {"uv": [3, 30], "uv_size": [0.125, 1.375]},
								"down": {"uv": [30, 5.375], "uv_size": [0.125, -1.375]}
							}
						},
						{
							"origin": [-0.47016, 0.60596, -1.44802],
							"size": [0.96875, 0.75, 1.28125],
							"uv": {
								"north": {"uv": [21, 16], "uv_size": [1.125, 0.75]},
								"east": {"uv": [21, 5], "uv_size": [1.25, 0.75]},
								"south": {"uv": [17, 21], "uv_size": [1.125, 0.75]},
								"west": {"uv": [8, 21], "uv_size": [1.25, 0.75]},
								"up": {"uv": [5, 20], "uv_size": [1.125, 1.25]},
								"down": {"uv": [20, 7.25], "uv_size": [1.125, -1.25]}
							}
						},
						{
							"origin": [-0.39516, 0.88721, -1.22927],
							"size": [0.8, 0.75, 0.8],
							"uv": {
								"north": {"uv": [2, 23], "uv_size": [0.75, 0.75]},
								"east": {"uv": [8, 23], "uv_size": [0.75, 0.75]},
								"south": {"uv": [9, 23], "uv_size": [0.75, 0.75]},
								"west": {"uv": [23, 9], "uv_size": [0.75, 0.75]},
								"up": {"uv": [10, 23], "uv_size": [0.75, 0.75]},
								"down": {"uv": [23, 10.75], "uv_size": [0.75, -0.75]}
							}
						},
						{
							"origin": [-0.39516, 1.85596, -0.79177],
							"size": [0.8, 0.2, 0.8],
							"pivot": [0.00484, 1.95596, -0.39177],
							"rotation": [80, 0, 0],
							"uv": {
								"north": {"uv": [29, 28], "uv_size": [0.75, 0.25]},
								"east": {"uv": [29, 29], "uv_size": [0.75, 0.25]},
								"south": {"uv": [1, 30], "uv_size": [0.75, 0.25]},
								"west": {"uv": [30, 1], "uv_size": [0.75, 0.25]},
								"up": {"uv": [11, 23], "uv_size": [0.75, 0.75]},
								"down": {"uv": [23, 11.75], "uv_size": [0.75, -0.75]}
							}
						},
						{
							"origin": [-0.53266, 0.60596, -0.16677],
							"size": [1.09375, 1.59375, 1],
							"uv": {
								"north": {"uv": [5, 16], "uv_size": [1.125, 1.625]},
								"east": {"uv": [14, 16], "uv_size": [1, 1.625]},
								"south": {"uv": [7, 16], "uv_size": [1.125, 1.625]},
								"west": {"uv": [17, 12], "uv_size": [1, 1.625]},
								"up": {"uv": [21, 0], "uv_size": [1.125, 1]},
								"down": {"uv": [21, 2], "uv_size": [1.125, -1]}
							}
						},
						{
							"origin": [-0.07641, 2.60596, 0.33323],
							"size": [0.2, 1, 0.2],
							"uv": {
								"north": {"uv": [28, 10], "uv_size": [0.25, 1]},
								"east": {"uv": [11, 28], "uv_size": [0.25, 1]},
								"south": {"uv": [28, 11], "uv_size": [0.25, 1]},
								"west": {"uv": [12, 28], "uv_size": [0.25, 1]},
								"up": {"uv": [7, 32], "uv_size": [0.25, 0.25]},
								"down": {"uv": [32, 7.25], "uv_size": [0.25, -0.25]}
							}
						},
						{
							"origin": [0.51734, 2.19971, -1.38552],
							"size": [0.04375, 0.625, 0.16875],
							"uv": {
								"north": {"uv": [3, 32], "uv_size": [0.125, 0.625]},
								"east": {"uv": [32, 3], "uv_size": [0.125, 0.625]},
								"south": {"uv": [4, 32], "uv_size": [0.125, 0.625]},
								"west": {"uv": [32, 4], "uv_size": [0.125, 0.625]},
								"up": {"uv": [33, 3], "uv_size": [0.125, 0.125]},
								"down": {"uv": [4, 33.125], "uv_size": [0.125, -0.125]}
							}
						},
						{
							"origin": [-0.51391, 2.16846, -0.29177],
							"size": [0.04375, 0.46875, 0.075],
							"uv": {
								"north": {"uv": [8, 32], "uv_size": [0.125, 0.5]},
								"east": {"uv": [32, 8], "uv_size": [0.125, 0.5]},
								"south": {"uv": [9, 32], "uv_size": [0.125, 0.5]},
								"west": {"uv": [32, 9], "uv_size": [0.125, 0.5]},
								"up": {"uv": [33, 10], "uv_size": [0.125, 0.125]},
								"down": {"uv": [11, 33.125], "uv_size": [0.125, -0.125]}
							}
						},
						{
							"origin": [0.50141, 2.16846, -0.29177],
							"size": [0.04375, 0.46875, 0.075],
							"uv": {
								"north": {"uv": [10, 32], "uv_size": [0.125, 0.5]},
								"east": {"uv": [32, 10], "uv_size": [0.125, 0.5]},
								"south": {"uv": [11, 32], "uv_size": [0.125, 0.5]},
								"west": {"uv": [32, 11], "uv_size": [0.125, 0.5]},
								"up": {"uv": [33, 11], "uv_size": [0.125, 0.125]},
								"down": {"uv": [12, 33.125], "uv_size": [0.125, -0.125]}
							}
						},
						{
							"origin": [-0.46391, 2.76221, -1.38552],
							"size": [0.98125, 0.0625, 0.16875],
							"uv": {
								"north": {"uv": [30, 27], "uv_size": [1, 0.125]},
								"east": {"uv": [33, 9], "uv_size": [0.125, 0.125]},
								"south": {"uv": [30, 28], "uv_size": [1, 0.125]},
								"west": {"uv": [10, 33], "uv_size": [0.125, 0.125]},
								"up": {"uv": [29, 30], "uv_size": [1, 0.125]},
								"down": {"uv": [30, 29.125], "uv_size": [1, -0.125]}
							}
						},
						{
							"origin": [-0.51391, 2.19971, -1.38552],
							"size": [0.04375, 0.625, 0.16875],
							"uv": {
								"north": {"uv": [5, 32], "uv_size": [0.125, 0.625]},
								"east": {"uv": [32, 5], "uv_size": [0.125, 0.625]},
								"south": {"uv": [6, 32], "uv_size": [0.125, 0.625]},
								"west": {"uv": [32, 6], "uv_size": [0.125, 0.625]},
								"up": {"uv": [33, 7], "uv_size": [0.125, 0.125]},
								"down": {"uv": [8, 33.125], "uv_size": [0.125, -0.125]}
							}
						},
						{
							"origin": [0.45484, 2.69971, -1.21677],
							"size": [0.10625, 0.125, 1.45],
							"pivot": [0.56109, 2.82471, -1.21677],
							"rotation": [-5, 0, 0],
							"uv": {
								"north": {"uv": [33, 5], "uv_size": [0.125, 0.125]},
								"east": {"uv": [19, 29], "uv_size": [1.5, 0.125]},
								"south": {"uv": [6, 33], "uv_size": [0.125, 0.125]},
								"west": {"uv": [29, 20], "uv_size": [1.5, 0.125]},
								"up": {"uv": [29, 21], "uv_size": [0.125, 1.5]},
								"down": {"uv": [29, 24.5], "uv_size": [0.125, -1.5]}
							}
						},
						{
							"origin": [-0.51391, 2.69971, -1.21677],
							"size": [0.10625, 0.125, 1.45],
							"pivot": [-0.40766, 2.82471, -1.21677],
							"rotation": [-5, 0, 0],
							"uv": {
								"north": {"uv": [33, 8], "uv_size": [0.125, 0.125]},
								"east": {"uv": [24, 29], "uv_size": [1.5, 0.125]},
								"south": {"uv": [9, 33], "uv_size": [0.125, 0.125]},
								"west": {"uv": [26, 29], "uv_size": [1.5, 0.125]},
								"up": {"uv": [29, 26], "uv_size": [0.125, 1.5]},
								"down": {"uv": [28, 30.5], "uv_size": [0.125, -1.5]}
							}
						},
						{
							"origin": [0.45484, 2.0629, -1.63822],
							"size": [0.10625, 0.8125, 0.16875],
							"pivot": [0.46109, 2.5629, -1.56947],
							"rotation": [-47.5, 0, 0],
							"uv": {
								"north": {"uv": [12, 31], "uv_size": [0.125, 0.875]},
								"east": {"uv": [31, 12], "uv_size": [0.125, 0.875]},
								"south": {"uv": [31, 13], "uv_size": [0.125, 0.875]},
								"west": {"uv": [14, 31], "uv_size": [0.125, 0.875]},
								"up": {"uv": [33, 4], "uv_size": [0.125, 0.125]},
								"down": {"uv": [5, 33.125], "uv_size": [0.125, -0.125]}
							}
						},
						{
							"origin": [-0.51391, 2.0629, -1.63822],
							"size": [0.10625, 0.8125, 0.16875],
							"pivot": [-0.50766, 2.5629, -1.56947],
							"rotation": [-47.5, 0, 0],
							"uv": {
								"north": {"uv": [31, 14], "uv_size": [0.125, 0.875]},
								"east": {"uv": [15, 31], "uv_size": [0.125, 0.875]},
								"south": {"uv": [31, 15], "uv_size": [0.125, 0.875]},
								"west": {"uv": [16, 31], "uv_size": [0.125, 0.875]},
								"up": {"uv": [33, 6], "uv_size": [0.125, 0.125]},
								"down": {"uv": [7, 33.125], "uv_size": [0.125, -0.125]}
							}
						},
						{
							"origin": [-0.04375, 3.54142, 0.4895],
							"size": [0.1, 0.1, 4.7],
							"pivot": [0.00625, 3.59142, 2.80825],
							"rotation": [2.5, 0, 0],
							"uv": {
								"north": {"uv": [33, 2], "uv_size": [0.125, 0.125]},
								"east": {"uv": [16, 22], "uv_size": [4.75, 0.125]},
								"south": {"uv": [3, 33], "uv_size": [0.125, 0.125]},
								"west": {"uv": [22, 18], "uv_size": [4.75, 0.125]},
								"up": {"uv": [21, 22], "uv_size": [0.125, 4.75]},
								"down": {"uv": [22, 26.75], "uv_size": [0.125, -4.75]}
							}
						},
						{
							"origin": [0.27984, 0.60596, 0.83323],
							"size": [0.28125, 1.03125, 4.46875],
							"pivot": [0.56109, 0.60596, 0.83323],
							"rotation": [7.52832, -4.9855, -0.65426],
							"uv": {
								"north": {"uv": [5, 28], "uv_size": [0.25, 1]},
								"east": {"uv": [4, 10], "uv_size": [4.5, 1]},
								"south": {"uv": [6, 28], "uv_size": [0.25, 1]},
								"west": {"uv": [9, 10], "uv_size": [4.5, 1]},
								"up": {"uv": [0, 21], "uv_size": [0.25, 4.5]},
								"down": {"uv": [1, 25.5], "uv_size": [0.25, -4.5]}
							}
						},
						{
							"origin": [-0.12641, 0.60596, 0.83323],
							"size": [0.28125, 1.03125, 4.46875],
							"pivot": [0.15484, 0.60596, 0.83323],
							"rotation": [7.52832, 0, -0.65426],
							"uv": {
								"north": {"uv": [28, 22], "uv_size": [0.25, 1]},
								"east": {"uv": [0, 12], "uv_size": [4.5, 1]},
								"south": {"uv": [28, 23], "uv_size": [0.25, 1]},
								"west": {"uv": [12, 0], "uv_size": [4.5, 1]},
								"up": {"uv": [3, 21], "uv_size": [0.25, 4.5]},
								"down": {"uv": [7, 25.5], "uv_size": [0.25, -4.5]}
							}
						},
						{
							"origin": [-0.22016, 0.60596, 0.83323],
							"size": [0.09375, 1.03125, 3.03125],
							"pivot": [0.15484, 0.60596, 0.83323],
							"rotation": [7.52832, 0, -0.65426],
							"uv": {
								"north": {"uv": [31, 4], "uv_size": [0.125, 1]},
								"east": {"uv": [13, 2], "uv_size": [3, 1]},
								"south": {"uv": [31, 5], "uv_size": [0.125, 1]},
								"west": {"uv": [13, 3], "uv_size": [3, 1]},
								"up": {"uv": [25, 7], "uv_size": [0.125, 3]},
								"down": {"uv": [25, 13], "uv_size": [0.125, -3]}
							}
						},
						{
							"origin": [0.15766, 0.60596, 0.83323],
							"size": [0.09375, 1.03125, 3.03125],
							"pivot": [-0.12359, 0.60596, 0.83323],
							"rotation": [7.52832, 0, 0.65426],
							"uv": {
								"north": {"uv": [31, 6], "uv_size": [0.125, 1]},
								"east": {"uv": [13, 4], "uv_size": [3, 1]},
								"south": {"uv": [31, 7], "uv_size": [0.125, 1]},
								"west": {"uv": [13, 5], "uv_size": [3, 1]},
								"up": {"uv": [25, 13], "uv_size": [0.125, 3]},
								"down": {"uv": [25, 22], "uv_size": [0.125, -3]}
							}
						},
						{
							"origin": [-0.56965, 0.57496, 1.20697],
							"size": [0.3125, 1.03125, 4.46875],
							"pivot": [-0.1591, -2.52331, 0.80064],
							"rotation": [7.52832, 4.9855, 0.65426],
							"uv": {
								"north": {"uv": [24, 11], "uv_size": [0.375, 1]},
								"east": {"uv": [4, 11], "uv_size": [4.5, 1]},
								"south": {"uv": [24, 16], "uv_size": [0.375, 1]},
								"west": {"uv": [9, 11], "uv_size": [4.5, 1]},
								"up": {"uv": [10, 16], "uv_size": [0.375, 4.5]},
								"down": {"uv": [11, 20.5], "uv_size": [0.375, -4.5]}
							}
						},
						{
							"origin": [-0.52984, 1.71484, -1.83594],
							"size": [1.09375, 0.71875, 0.46875],
							"pivot": [0.56391, 2.43359, -1.83594],
							"rotation": [-32.5, 0, 0],
							"uv": {
								"north": {"uv": [21, 9], "uv_size": [1.125, 0.75]},
								"east": {"uv": [24, 4], "uv_size": [0.5, 0.75]},
								"south": {"uv": [10, 21], "uv_size": [1.125, 0.75]},
								"west": {"uv": [24, 7], "uv_size": [0.5, 0.75]},
								"up": {"uv": [23, 0], "uv_size": [1.125, 0.5]},
								"down": {"uv": [23, 1.5], "uv_size": [1.125, -0.5]}
							}
						},
						{
							"origin": [0.25141, 1.59767, 0.91194],
							"size": [0.3125, 1.0625, 4.4375],
							"pivot": [0.56391, 2.66017, 0.91194],
							"rotation": [-4.38199, -4.98546, 0.38155],
							"uv": {
								"north": {"uv": [2, 24], "uv_size": [0.375, 1.125]},
								"east": {"uv": [8, 2], "uv_size": [4.5, 1.125]},
								"south": {"uv": [4, 24], "uv_size": [0.375, 1.125]},
								"west": {"uv": [8, 4], "uv_size": [4.5, 1.125]},
								"up": {"uv": [3, 16], "uv_size": [0.375, 4.5]},
								"down": {"uv": [9, 20.5], "uv_size": [0.375, -4.5]}
							}
						},
						{
							"origin": [0.18891, 0.97267, 2.59944],
							"size": [0.375, 1.5, 1.4],
							"pivot": [0.56391, 2.66017, 0.91194],
							"rotation": [0, -4.98546, 0],
							"uv": {
								"north": {"uv": [64, 64], "uv_size": [-0.375, -4.5]},
								"east": {"uv": [64, 64], "uv_size": [-0.375, -4.5]},
								"south": {"uv": [64, 64], "uv_size": [-0.375, -4.5]},
								"west": {"uv": [0, 64], "uv_size": [1.9, -1.9]},
								"up": {"uv": [63.625, 59.5], "uv_size": [0.375, 4.5]},
								"down": {"uv": [63.625, 59.5], "uv_size": [0.375, 4.5]}
							}
						},
						{
							"origin": [-0.56391, 0.97267, 2.59944],
							"size": [0.375, 1.5, 1.4],
							"pivot": [-0.56391, 2.66017, 0.91194],
							"rotation": [0, 4.98546, 0],
							"uv": {
								"north": {"uv": [63.625, 64], "uv_size": [0.375, -4.5]},
								"east": {"uv": [1.9, 64], "uv_size": [-1.9, -1.9]},
								"south": {"uv": [63.625, 64], "uv_size": [0.375, -4.5]},
								"west": {"uv": [63.625, 64], "uv_size": [0.375, -4.5]},
								"up": {"uv": [64, 59.5], "uv_size": [-0.375, 4.5]},
								"down": {"uv": [64, 59.5], "uv_size": [-0.375, 4.5]}
							}
						},
						{
							"origin": [-4.34945, 0.34767, -3.59312],
							"size": [0.28125, 2, 2],
							"pivot": [-4.22445, 1.09767, -2.89312],
							"rotation": [0, 0, 95],
							"uv": {
								"north": {"uv": [63.625, 64], "uv_size": [0.375, -4.5]},
								"east": {"uv": [64, 4.8438], "uv_size": [-1.5, -1.5]},
								"south": {"uv": [63.625, 64], "uv_size": [0.375, -4.5]},
								"west": {"uv": [64, 4.8438], "uv_size": [-1.5, -1.5]},
								"up": {"uv": [64, 59.5], "uv_size": [-0.375, 4.5]},
								"down": {"uv": [64, 63.59375], "uv_size": [-0.375, -1.21875]}
							}
						},
						{
							"origin": [4.0682, 0.34767, -3.59312],
							"size": [0.28125, 2, 2],
							"pivot": [4.22445, 1.09767, -2.89312],
							"rotation": [0, 0, -95],
							"uv": {
								"north": {"uv": [64, 64], "uv_size": [-0.375, -4.5]},
								"east": {"uv": [62.5, 4.8438], "uv_size": [1.5, -1.5]},
								"south": {"uv": [64, 64], "uv_size": [-0.375, -4.5]},
								"west": {"uv": [62.5, 4.8438], "uv_size": [1.5, -1.5]},
								"up": {"uv": [63.625, 59.5], "uv_size": [0.375, 4.5]},
								"down": {"uv": [63.625, 63.59375], "uv_size": [0.375, -1.21875]}
							}
						},
						{
							"origin": [-0.15484, 1.59767, 0.19319],
							"size": [0.3125, 1.0625, 5.15625],
							"pivot": [0.15766, 2.66017, 0.91194],
							"rotation": [-4.38199, 0, 0],
							"uv": {
								"north": {"uv": [19, 24], "uv_size": [0.375, 1.125]},
								"east": {"uv": [0, 6], "uv_size": [5.125, 1.125]},
								"south": {"uv": [20, 24], "uv_size": [0.375, 1.125]},
								"west": {"uv": [6, 0], "uv_size": [5.125, 1.125]},
								"up": {"uv": [4, 13], "uv_size": [0.375, 5.125]},
								"down": {"uv": [2, 21.125], "uv_size": [0.375, -5.125]}
							}
						},
						{
							"origin": [-0.27984, 1.59767, 0.19319],
							"size": [0.15625, 1.0625, 1.46875],
							"pivot": [0.15766, 2.66017, 0.91194],
							"rotation": [-4.38199, 0, 0],
							"uv": {
								"north": {"uv": [13, 30], "uv_size": [0.125, 1.125]},
								"east": {"uv": [16, 8], "uv_size": [1.5, 1.125]},
								"south": {"uv": [30, 13], "uv_size": [0.125, 1.125]},
								"west": {"uv": [0, 17], "uv_size": [1.5, 1.125]},
								"up": {"uv": [29, 16], "uv_size": [0.125, 1.5]},
								"down": {"uv": [17, 30.5], "uv_size": [0.125, -1.5]}
							}
						},
						{
							"origin": [0.15766, 1.59767, 0.19319],
							"size": [0.15625, 1.0625, 1.46875],
							"pivot": [0.59516, 2.66017, 0.91194],
							"rotation": [-4.38199, 0, 0],
							"uv": {
								"north": {"uv": [30, 15], "uv_size": [0.125, 1.125]},
								"east": {"uv": [17, 5], "uv_size": [1.5, 1.125]},
								"south": {"uv": [30, 17], "uv_size": [0.125, 1.125]},
								"west": {"uv": [17, 10], "uv_size": [1.5, 1.125]},
								"up": {"uv": [18, 29], "uv_size": [0.125, 1.5]},
								"down": {"uv": [29, 19.5], "uv_size": [0.125, -1.5]}
							}
						},
						{
							"origin": [-0.52971, 1.59767, 0.90897],
							"size": [0.3125, 1.0625, 4.4375],
							"pivot": [-0.49577, 2.66017, 0.91194],
							"rotation": [-4.38199, 4.98546, -0.38155],
							"uv": {
								"north": {"uv": [17, 24], "uv_size": [0.375, 1.125]},
								"east": {"uv": [8, 6], "uv_size": [4.5, 1.125]},
								"south": {"uv": [18, 24], "uv_size": [0.375, 1.125]},
								"west": {"uv": [8, 8], "uv_size": [4.5, 1.125]},
								"up": {"uv": [12, 16], "uv_size": [0.375, 4.5]},
								"down": {"uv": [13, 20.5], "uv_size": [0.375, -4.5]}
							}
						},
						{
							"origin": [0.25141, 1.65237, 0.19527],
							"size": [0.3125, 1.0625, 0.71875],
							"pivot": [0.56391, 2.71487, 0.19527],
							"rotation": [-4.36538, 0, 0],
							"uv": {
								"north": {"uv": [13, 24], "uv_size": [0.375, 1.125]},
								"east": {"uv": [12, 21], "uv_size": [0.75, 1.125]},
								"south": {"uv": [14, 24], "uv_size": [0.375, 1.125]},
								"west": {"uv": [13, 21], "uv_size": [0.75, 1.125]},
								"up": {"uv": [6, 27], "uv_size": [0.375, 0.75]},
								"down": {"uv": [27, 18.75], "uv_size": [0.375, -0.75]}
							}
						},
						{
							"origin": [-0.52984, 1.65237, 0.19527],
							"size": [0.3125, 1.0625, 0.71875],
							"pivot": [-0.49577, 2.71487, 0.19527],
							"rotation": [-4.36538, 0, 0],
							"uv": {
								"north": {"uv": [15, 24], "uv_size": [0.375, 1.125]},
								"east": {"uv": [14, 21], "uv_size": [0.75, 1.125]},
								"south": {"uv": [16, 24], "uv_size": [0.375, 1.125]},
								"west": {"uv": [21, 14], "uv_size": [0.75, 1.125]},
								"up": {"uv": [19, 27], "uv_size": [0.375, 0.75]},
								"down": {"uv": [20, 27.75], "uv_size": [0.375, -0.75]}
							}
						},
						{
							"origin": [-0.52984, 1.49609, -0.17969],
							"size": [1.09375, 0.71875, 0.625],
							"pivot": [0.56391, 2.21484, -0.17969],
							"rotation": [53.13462, 0, 0],
							"uv": {
								"north": {"uv": [21, 10], "uv_size": [1.125, 0.75]},
								"east": {"uv": [23, 16], "uv_size": [0.625, 0.75]},
								"south": {"uv": [21, 11], "uv_size": [1.125, 0.75]},
								"west": {"uv": [18, 23], "uv_size": [0.625, 0.75]},
								"up": {"uv": [4, 22], "uv_size": [1.125, 0.625]},
								"down": {"uv": [22, 7.625], "uv_size": [1.125, -0.625]}
							}
						},
						{
							"origin": [-0.11109, 1.76484, -6.21094],
							"size": [0.26875, 0.28125, 0.84375],
							"pivot": [0.15766, 2.04609, -6.21094],
							"rotation": [20, 20, 0],
							"uv": {
								"north": {"uv": [18, 32], "uv_size": [0.25, 0.25]},
								"east": {"uv": [6, 29], "uv_size": [0.875, 0.25]},
								"south": {"uv": [32, 18], "uv_size": [0.25, 0.25]},
								"west": {"uv": [29, 6], "uv_size": [0.875, 0.25]},
								"up": {"uv": [7, 29], "uv_size": [0.25, 0.875]},
								"down": {"uv": [29, 7.875], "uv_size": [0.25, -0.875]}
							}
						},
						{
							"origin": [-0.11109, 1.74609, -6.21094],
							"size": [0.26875, 0.28125, 0.84375],
							"pivot": [0.15766, 1.74609, -6.21094],
							"rotation": [0, 20, 0],
							"uv": {
								"north": {"uv": [16, 32], "uv_size": [0.25, 0.25]},
								"east": {"uv": [29, 1], "uv_size": [0.875, 0.25]},
								"south": {"uv": [32, 16], "uv_size": [0.25, 0.25]},
								"west": {"uv": [2, 29], "uv_size": [0.875, 0.25]},
								"up": {"uv": [29, 2], "uv_size": [0.25, 0.875]},
								"down": {"uv": [3, 29.875], "uv_size": [0.25, -0.875]}
							}
						},
						{
							"origin": [-0.11109, 1.74609, -6.21094],
							"size": [0.26875, 0.28125, 0.84375],
							"pivot": [0.15766, 1.74609, -6.21094],
							"rotation": [-20, 20, 0],
							"uv": {
								"north": {"uv": [15, 32], "uv_size": [0.25, 0.25]},
								"east": {"uv": [28, 26], "uv_size": [0.875, 0.25]},
								"south": {"uv": [32, 15], "uv_size": [0.25, 0.25]},
								"west": {"uv": [28, 27], "uv_size": [0.875, 0.25]},
								"up": {"uv": [28, 28], "uv_size": [0.25, 0.875]},
								"down": {"uv": [1, 29.875], "uv_size": [0.25, -0.875]}
							}
						},
						{
							"origin": [-0.52984, 1.40234, -5.52344],
							"size": [1.09375, 1.03125, 3.6875],
							"uv": {
								"north": {"uv": [20, 19], "uv_size": [1.125, 1]},
								"east": {"uv": [12, 1], "uv_size": [3.75, 1]},
								"south": {"uv": [20, 20], "uv_size": [1.125, 1]},
								"west": {"uv": [0, 13], "uv_size": [3.75, 1]},
								"up": {"uv": [5, 12], "uv_size": [1.125, 3.75]},
								"down": {"uv": [7, 15.75], "uv_size": [1.125, -3.75]}
							}
						},
						{
							"origin": [-0.02984, 1.40234, 4.82031],
							"size": [0.125, 2.21875, 0.59375],
							"uv": {
								"north": {"uv": [21, 27], "uv_size": [0.125, 2.25]},
								"east": {"uv": [4, 19], "uv_size": [0.625, 2.25]},
								"south": {"uv": [22, 27], "uv_size": [0.125, 2.25]},
								"west": {"uv": [16, 19], "uv_size": [0.625, 2.25]},
								"up": {"uv": [31, 25], "uv_size": [0.125, 0.625]},
								"down": {"uv": [26, 31.625], "uv_size": [0.125, -0.625]}
							}
						},
						{
							"origin": [-0.11109, 1.76484, -6.21094],
							"size": [0.26875, 0.28125, 0.84375],
							"pivot": [0.15766, 2.04609, -6.21094],
							"rotation": [22.3629, 17.28613, 7.38041],
							"uv": {
								"north": {"uv": [19, 32], "uv_size": [0.25, 0.25]},
								"east": {"uv": [8, 29], "uv_size": [0.875, 0.25]},
								"south": {"uv": [32, 19], "uv_size": [0.25, 0.25]},
								"west": {"uv": [29, 8], "uv_size": [0.875, 0.25]},
								"up": {"uv": [9, 29], "uv_size": [0.25, 0.875]},
								"down": {"uv": [29, 9.875], "uv_size": [0.25, -0.875]}
							}
						},
						{
							"origin": [-0.15979, 1.7899, -6.11902],
							"size": [0.26875, 0.28125, 0.84375],
							"pivot": [0.10896, 2.07115, -6.11902],
							"rotation": [22.12019, -20, -5.69288],
							"uv": {
								"north": {"uv": [17, 32], "uv_size": [0.25, 0.25]},
								"east": {"uv": [29, 3], "uv_size": [0.875, 0.25]},
								"south": {"uv": [32, 17], "uv_size": [0.25, 0.25]},
								"west": {"uv": [29, 4], "uv_size": [0.875, 0.25]},
								"up": {"uv": [5, 29], "uv_size": [0.25, 0.875]},
								"down": {"uv": [29, 5.875], "uv_size": [0.25, -0.875]}
							}
						},
						{
							"origin": [-0.14234, 1.78181, -6.11474],
							"size": [0.3, 0.28125, 1],
							"pivot": [0.15766, 1.78181, -6.11474],
							"rotation": [20, 0, 0],
							"uv": {
								"north": {"uv": [13, 32], "uv_size": [0.25, 0.25]},
								"east": {"uv": [28, 14], "uv_size": [1, 0.25]},
								"south": {"uv": [32, 13], "uv_size": [0.25, 0.25]},
								"west": {"uv": [15, 28], "uv_size": [1, 0.25]},
								"up": {"uv": [28, 15], "uv_size": [0.25, 1]},
								"down": {"uv": [16, 29], "uv_size": [0.25, -1]}
							}
						},
						{
							"origin": [-0.14234, 1.74609, -6.21094],
							"size": [0.26875, 0.3, 0.84375],
							"pivot": [-0.14234, 1.74609, -6.21094],
							"rotation": [0, -20, 0],
							"uv": {
								"north": {"uv": [21, 32], "uv_size": [0.25, 0.25]},
								"east": {"uv": [12, 29], "uv_size": [0.875, 0.25]},
								"south": {"uv": [32, 21], "uv_size": [0.25, 0.25]},
								"west": {"uv": [29, 12], "uv_size": [0.875, 0.25]},
								"up": {"uv": [13, 29], "uv_size": [0.25, 0.875]},
								"down": {"uv": [29, 13.875], "uv_size": [0.25, -0.875]}
							}
						},
						{
							"origin": [-0.14234, 1.74609, -6.21094],
							"size": [0.3, 0.3, 1],
							"uv": {
								"north": {"uv": [14, 32], "uv_size": [0.25, 0.25]},
								"east": {"uv": [17, 28], "uv_size": [1, 0.25]},
								"south": {"uv": [32, 14], "uv_size": [0.25, 0.25]},
								"west": {"uv": [18, 28], "uv_size": [1, 0.25]},
								"up": {"uv": [28, 18], "uv_size": [0.25, 1]},
								"down": {"uv": [19, 29], "uv_size": [0.25, -1]}
							}
						},
						{
							"origin": [-0.14142, 1.74789, -6.20601],
							"size": [0.26875, 0.28125, 0.84375],
							"pivot": [-0.12702, 1.74609, -6.21094],
							"rotation": [-20, -20, 0],
							"uv": {
								"north": {"uv": [20, 32], "uv_size": [0.25, 0.25]},
								"east": {"uv": [10, 29], "uv_size": [0.875, 0.25]},
								"south": {"uv": [32, 20], "uv_size": [0.25, 0.25]},
								"west": {"uv": [29, 10], "uv_size": [0.875, 0.25]},
								"up": {"uv": [11, 29], "uv_size": [0.25, 0.875]},
								"down": {"uv": [29, 11.875], "uv_size": [0.25, -0.875]}
							}
						},
						{
							"origin": [-0.02984, 1.93359, 5.19531],
							"size": [0.125, 1.03125, 0.59375],
							"uv": {
								"north": {"uv": [20, 30], "uv_size": [0.125, 1]},
								"east": {"uv": [18, 9], "uv_size": [0.625, 1]},
								"south": {"uv": [21, 30], "uv_size": [0.125, 1]},
								"west": {"uv": [14, 18], "uv_size": [0.625, 1]},
								"up": {"uv": [31, 28], "uv_size": [0.125, 0.625]},
								"down": {"uv": [29, 31.625], "uv_size": [0.125, -0.625]}
							}
						},
						{
							"origin": [-0.96734, 2.62109, 4.35156],
							"size": [1.9375, 0.125, 1.21875],
							"uv": {
								"north": {"uv": [7, 28], "uv_size": [2, 0.125]},
								"east": {"uv": [9, 30], "uv_size": [1.25, 0.125]},
								"south": {"uv": [9, 28], "uv_size": [2, 0.125]},
								"west": {"uv": [30, 10], "uv_size": [1.25, 0.125]},
								"up": {"uv": [4, 8], "uv_size": [2, 1.25]},
								"down": {"uv": [2, 15.25], "uv_size": [2, -1.25]}
							}
						},
						{
							"origin": [-1.34234, 2.62109, 5.53906],
							"size": [2.6875, 0.125, 0.40625],
							"uv": {
								"north": {"uv": [4, 26], "uv_size": [2.75, 0.125]},
								"east": {"uv": [27, 32], "uv_size": [0.375, 0.125]},
								"south": {"uv": [26, 5], "uv_size": [2.75, 0.125]},
								"west": {"uv": [32, 27], "uv_size": [0.375, 0.125]},
								"up": {"uv": [21, 2], "uv_size": [2.75, 0.375]},
								"down": {"uv": [21, 4.375], "uv_size": [2.75, -0.375]}
							}
						},
						{
							"origin": [0.97016, 2.62109, 4.35156],
							"size": [1, 0.125, 0.65625],
							"pivot": [0.97016, 2.74609, 4.35156],
							"rotation": [0, -27.5, 0],
							"uv": {
								"north": {"uv": [30, 21], "uv_size": [1, 0.125]},
								"east": {"uv": [31, 30], "uv_size": [0.625, 0.125]},
								"south": {"uv": [22, 30], "uv_size": [1, 0.125]},
								"west": {"uv": [31, 31], "uv_size": [0.625, 0.125]},
								"up": {"uv": [19, 6], "uv_size": [1, 0.625]},
								"down": {"uv": [15, 21.625], "uv_size": [1, -0.625]}
							}
						},
						{
							"origin": [-1.97016, 2.62109, 4.35156],
							"size": [1, 0.125, 0.65625],
							"pivot": [-0.97016, 2.74609, 4.35156],
							"rotation": [0, 27.5, 0],
							"uv": {
								"north": {"uv": [30, 23], "uv_size": [1, 0.125]},
								"east": {"uv": [0, 32], "uv_size": [0.625, 0.125]},
								"south": {"uv": [24, 30], "uv_size": [1, 0.125]},
								"west": {"uv": [32, 0], "uv_size": [0.625, 0.125]},
								"up": {"uv": [2, 22], "uv_size": [1, 0.625]},
								"down": {"uv": [6, 22.625], "uv_size": [1, -0.625]}
							}
						},
						{
							"origin": [1.85717, 2.62109, 4.81331],
							"size": [0.625, 0.125, 1.03125],
							"pivot": [1.85717, 2.74609, 4.81331],
							"rotation": [0, -77.5, 0],
							"uv": {
								"north": {"uv": [2, 32], "uv_size": [0.625, 0.125]},
								"east": {"uv": [30, 25], "uv_size": [1, 0.125]},
								"south": {"uv": [32, 2], "uv_size": [0.625, 0.125]},
								"west": {"uv": [26, 30], "uv_size": [1, 0.125]},
								"up": {"uv": [15, 22], "uv_size": [0.625, 1]},
								"down": {"uv": [22, 16], "uv_size": [0.625, -1]}
							}
						},
						{
							"origin": [-2.48217, 2.62109, 4.81331],
							"size": [0.625, 0.125, 1.03125],
							"pivot": [-1.85717, 2.74609, 4.81331],
							"rotation": [0, 77.5, 0],
							"uv": {
								"north": {"uv": [1, 32], "uv_size": [0.625, 0.125]},
								"east": {"uv": [30, 24], "uv_size": [1, 0.125]},
								"south": {"uv": [32, 1], "uv_size": [0.625, 0.125]},
								"west": {"uv": [25, 30], "uv_size": [1, 0.125]},
								"up": {"uv": [11, 22], "uv_size": [0.625, 1]},
								"down": {"uv": [22, 15], "uv_size": [0.625, -1]}
							}
						},
						{
							"origin": [1.99245, 2.62109, 5.4235],
							"size": [0.8125, 0.125, 1.03125],
							"pivot": [1.99245, 2.74609, 5.4235],
							"rotation": [-180, -40, 180],
							"uv": {
								"north": {"uv": [31, 9], "uv_size": [0.875, 0.125]},
								"east": {"uv": [30, 22], "uv_size": [1, 0.125]},
								"south": {"uv": [10, 31], "uv_size": [0.875, 0.125]},
								"west": {"uv": [23, 30], "uv_size": [1, 0.125]},
								"up": {"uv": [16, 10], "uv_size": [0.875, 1]},
								"down": {"uv": [17, 1], "uv_size": [0.875, -1]}
							}
						},
						{
							"origin": [-2.80495, 2.62109, 5.4235],
							"size": [0.8125, 0.125, 1.03125],
							"pivot": [-1.99245, 2.74609, 5.4235],
							"rotation": [-180, 40, -180],
							"uv": {
								"north": {"uv": [11, 31], "uv_size": [0.875, 0.125]},
								"east": {"uv": [30, 26], "uv_size": [1, 0.125]},
								"south": {"uv": [31, 11], "uv_size": [0.875, 0.125]},
								"west": {"uv": [27, 30], "uv_size": [1, 0.125]},
								"up": {"uv": [17, 7], "uv_size": [0.875, 1]},
								"down": {"uv": [18, 5], "uv_size": [0.875, -1]}
							}
						},
						{
							"origin": [-0.02984, 1.40234, 4.82031],
							"size": [0.125, 2.21875, 0.59375],
							"pivot": [0.09516, 3.62109, 4.82031],
							"rotation": [-30, 0, 0],
							"uv": {
								"north": {"uv": [27, 22], "uv_size": [0.125, 2.25]},
								"east": {"uv": [19, 18], "uv_size": [0.625, 2.25]},
								"south": {"uv": [23, 27], "uv_size": [0.125, 2.25]},
								"west": {"uv": [20, 0], "uv_size": [0.625, 2.25]},
								"up": {"uv": [31, 26], "uv_size": [0.125, 0.625]},
								"down": {"uv": [27, 31.625], "uv_size": [0.125, -0.625]}
							}
						},
						{
							"origin": [-0.06109, 1.02734, 5.19531],
							"size": [0.15625, 0.90625, 0.59375],
							"pivot": [0.09516, 1.93359, 5.78906],
							"rotation": [-35, 0, 0],
							"uv": {
								"north": {"uv": [31, 8], "uv_size": [0.125, 0.875]},
								"east": {"uv": [12, 23], "uv_size": [0.625, 0.875]},
								"south": {"uv": [9, 31], "uv_size": [0.125, 0.875]},
								"west": {"uv": [13, 23], "uv_size": [0.625, 0.875]},
								"up": {"uv": [31, 27], "uv_size": [0.125, 0.625]},
								"down": {"uv": [28, 31.625], "uv_size": [0.125, -0.625]}
							}
						},
						{
							"origin": [-0.06109, 1.02734, 5.72656],
							"size": [0.15625, 0.15625, 0.28125],
							"pivot": [0.09516, 1.93359, 5.78906],
							"rotation": [-35, 0, 0],
							"uv": {
								"north": {"uv": [33, 12], "uv_size": [0.125, 0.125]},
								"east": {"uv": [33, 0], "uv_size": [0.25, 0.125]},
								"south": {"uv": [13, 33], "uv_size": [0.125, 0.125]},
								"west": {"uv": [1, 33], "uv_size": [0.25, 0.125]},
								"up": {"uv": [33, 1], "uv_size": [0.125, 0.25]},
								"down": {"uv": [2, 33.25], "uv_size": [0.125, -0.25]}
							}
						},
						{
							"origin": [-0.12359, 0.91355, 5.42494],
							"size": [0.28125, 0.28125, 0.25],
							"uv": {
								"north": {"uv": [24, 32], "uv_size": [0.25, 0.25]},
								"east": {"uv": [32, 24], "uv_size": [0.25, 0.25]},
								"south": {"uv": [25, 32], "uv_size": [0.25, 0.25]},
								"west": {"uv": [32, 25], "uv_size": [0.25, 0.25]},
								"up": {"uv": [26, 32], "uv_size": [0.25, 0.25]},
								"down": {"uv": [32, 26.25], "uv_size": [0.25, -0.25]}
							}
						},
						{
							"origin": [-0.02984, 2.87109, 4.82031],
							"size": [0.125, 0.75, 0.59375],
							"pivot": [0.09516, 3.62109, 5.41406],
							"rotation": [30, 0, 0],
							"uv": {
								"north": {"uv": [31, 20], "uv_size": [0.125, 0.75]},
								"east": {"uv": [19, 23], "uv_size": [0.625, 0.75]},
								"south": {"uv": [21, 31], "uv_size": [0.125, 0.75]},
								"west": {"uv": [20, 23], "uv_size": [0.625, 0.75]},
								"up": {"uv": [31, 29], "uv_size": [0.125, 0.625]},
								"down": {"uv": [30, 31.625], "uv_size": [0.125, -0.625]}
							}
						},
						{
							"origin": [-0.52984, 1.40234, -5.52344],
							"size": [1.09375, 1.03125, 0.9375],
							"pivot": [0.56391, 1.40234, -5.52344],
							"rotation": [-39.67978, -0.09861, 0],
							"uv": {
								"north": {"uv": [19, 11], "uv_size": [1.125, 1]},
								"east": {"uv": [13, 9], "uv_size": [1, 1]},
								"south": {"uv": [20, 3], "uv_size": [1.125, 1]},
								"west": {"uv": [14, 11], "uv_size": [1, 1]},
								"up": {"uv": [7, 20], "uv_size": [1.125, 1]},
								"down": {"uv": [20, 9], "uv_size": [1.125, -1]}
							}
						},
						{
							"origin": [-0.53108, 0.80375, -4.80192],
							"size": [1.09375, 1.03125, 0.9375],
							"pivot": [0.56267, 0.80375, -4.80192],
							"rotation": [-12.17978, -0.09861, 0],
							"uv": {
								"north": {"uv": [20, 12], "uv_size": [1.125, 1]},
								"east": {"uv": [15, 8], "uv_size": [1, 1]},
								"south": {"uv": [20, 13], "uv_size": [1.125, 1]},
								"west": {"uv": [16, 5], "uv_size": [1, 1]},
								"up": {"uv": [17, 20], "uv_size": [1.125, 1]},
								"down": {"uv": [20, 19], "uv_size": [1.125, -1]}
							}
						}
					]
				},
				{
					"name": "LeftWing",
					"parent": "Plane",
					"pivot": [7.47826, 0.79346, -2.31787],
					"rotation": [0, 0, -5],
					"cubes": [
						{
							"origin": [0.57671, 1.24555, -4.07302],
							"size": [1.78125, 0.25, 3.15625],
							"uv": {
								"north": {"uv": [23, 21], "uv_size": [1.75, 0.25]},
								"east": {"uv": [21, 17], "uv_size": [3.125, 0.25]},
								"south": {"uv": [23, 22], "uv_size": [1.75, 0.25]},
								"west": {"uv": [19, 21], "uv_size": [3.125, 0.25]},
								"up": {"uv": [6, 2], "uv_size": [1.75, 3.125]},
								"down": {"uv": [6, 9.125], "uv_size": [1.75, -3.125]}
							}
						},
						{
							"origin": [17.52113, 1.24505, -0.21331],
							"size": [1.3125, 0.25, 1.09375],
							"pivot": [10.62749, 0.82471, -1.12087],
							"rotation": [-180, -7.5, 180],
							"uv": {
								"north": {"uv": [23, 25], "uv_size": [1.375, 0.25]},
								"east": {"uv": [26, 20], "uv_size": [1.125, 0.25]},
								"south": {"uv": [25, 23], "uv_size": [1.375, 0.25]},
								"west": {"uv": [26, 21], "uv_size": [1.125, 0.25]},
								"up": {"uv": [18, 2], "uv_size": [1.375, 1.125]},
								"down": {"uv": [5, 19.125], "uv_size": [1.375, -1.125]}
							}
						},
						{
							"origin": [11.44781, 1.24505, 5.11946],
							"size": [1.3125, 0.25, 0.375],
							"pivot": [7.97124, 0.82471, -0.90212],
							"rotation": [-180, -60, 180],
							"uv": {
								"north": {"uv": [25, 24], "uv_size": [1.375, 0.25]},
								"east": {"uv": [23, 26], "uv_size": [1.125, 0.25]},
								"south": {"uv": [25, 25], "uv_size": [1.375, 0.25]},
								"west": {"uv": [25, 26], "uv_size": [1.125, 0.25]},
								"up": {"uv": [7, 18], "uv_size": [1.375, 1.125]},
								"down": {"uv": [18, 8.125], "uv_size": [1.375, -1.125]}
							}
						},
						{
							"origin": [18.98195, 1.24505, 0.59457],
							"size": [1.9375, 0.25, 1.09375],
							"pivot": [12.44815, 0.82471, -1.78354],
							"rotation": [-180, -20, 180],
							"uv": {
								"north": {"uv": [14, 23], "uv_size": [2, 0.25]},
								"east": {"uv": [19, 26], "uv_size": [1.125, 0.25]},
								"south": {"uv": [23, 14], "uv_size": [2, 0.25]},
								"west": {"uv": [26, 19], "uv_size": [1.125, 0.25]},
								"up": {"uv": [9, 14], "uv_size": [2, 1.125]},
								"down": {"uv": [14, 10.125], "uv_size": [2, -1.125]}
							}
						},
						{
							"origin": [18.56525, 1.24475, 2.0061],
							"size": [1.34375, 0.25, 1.0625],
							"pivot": [13.43886, 0.82471, -2.69136],
							"rotation": [-180, -42.5, 180],
							"uv": {
								"north": {"uv": [25, 17], "uv_size": [1.375, 0.25]},
								"east": {"uv": [26, 15], "uv_size": [1.125, 0.25]},
								"south": {"uv": [25, 22], "uv_size": [1.375, 0.25]},
								"west": {"uv": [17, 26], "uv_size": [1.125, 0.25]},
								"up": {"uv": [17, 16], "uv_size": [1.375, 1.125]},
								"down": {"uv": [18, 1.125], "uv_size": [1.375, -1.125]}
							}
						},
						{
							"origin": [15.03172, 1.24505, 3.70033],
							"size": [0.40625, 0.25, 1.09375],
							"pivot": [13.52679, 0.82471, -3.08798],
							"rotation": [-180, -77.5, 180],
							"uv": {
								"north": {"uv": [31, 17], "uv_size": [0.375, 0.25]},
								"east": {"uv": [26, 14], "uv_size": [1.125, 0.25]},
								"south": {"uv": [18, 31], "uv_size": [0.375, 0.25]},
								"west": {"uv": [15, 26], "uv_size": [1.125, 0.25]},
								"up": {"uv": [8, 24], "uv_size": [0.375, 1.125]},
								"down": {"uv": [9, 25.125], "uv_size": [0.375, -1.125]}
							}
						},
						{
							"origin": [7.49834, 1.24505, 0.66715],
							"size": [0.40625, 0.25, 1.09375],
							"pivot": [13.19401, 0.82471, -3.321],
							"rotation": [0, -35, 0],
							"uv": {
								"north": {"uv": [31, 16], "uv_size": [0.375, 0.25]},
								"east": {"uv": [13, 26], "uv_size": [1.125, 0.25]},
								"south": {"uv": [17, 31], "uv_size": [0.375, 0.25]},
								"west": {"uv": [26, 13], "uv_size": [1.125, 0.25]},
								"up": {"uv": [5, 24], "uv_size": [0.375, 1.125]},
								"down": {"uv": [6, 25.125], "uv_size": [0.375, -1.125]}
							}
						},
						{
							"origin": [5.25134, 1.24505, -1.64362],
							"size": [1.375, 0.25, 1.09375],
							"pivot": [11.88265, 0.82471, -3.73447],
							"rotation": [0, -17.5, 0],
							"uv": {
								"north": {"uv": [25, 4], "uv_size": [1.375, 0.25]},
								"east": {"uv": [26, 11], "uv_size": [1.125, 0.25]},
								"south": {"uv": [25, 16], "uv_size": [1.375, 0.25]},
								"west": {"uv": [26, 12], "uv_size": [1.125, 0.25]},
								"up": {"uv": [17, 14], "uv_size": [1.375, 1.125]},
								"down": {"uv": [15, 18.125], "uv_size": [1.375, -1.125]}
							}
						},
						{
							"origin": [2.41745, 1.24525, -3.16545],
							"size": [2.59375, 0.25, 2.21875],
							"pivot": [9.31109, 0.82471, -4.07302],
							"rotation": [0, -7.5, 0],
							"uv": {
								"north": {"uv": [8, 22], "uv_size": [2.625, 0.25]},
								"east": {"uv": [22, 19], "uv_size": [2.25, 0.25]},
								"south": {"uv": [22, 8], "uv_size": [2.625, 0.25]},
								"west": {"uv": [22, 20], "uv_size": [2.25, 0.25]},
								"up": {"uv": [0, 0], "uv_size": [2.625, 2.25]},
								"down": {"uv": [0, 5.25], "uv_size": [2.625, -2.25]}
							}
						},
						{
							"origin": [2.82822, 1.30963, -4.20319],
							"size": [0.1, 0.1, 2.21875],
							"uv": {
								"north": {"uv": [33, 13], "uv_size": [0.125, 0.125]},
								"east": {"uv": [24, 27], "uv_size": [2.25, 0.125]},
								"south": {"uv": [14, 33], "uv_size": [0.125, 0.125]},
								"west": {"uv": [27, 25], "uv_size": [2.25, 0.125]},
								"up": {"uv": [27, 26], "uv_size": [0.125, 2.25]},
								"down": {"uv": [0, 30.25], "uv_size": [0.125, -2.25]}
							}
						},
						{
							"origin": [-2.88464, 1.80773, -4.20319],
							"size": [0.1, 0.1, 2.21875],
							"uv": {
								"north": {"uv": [33, 14], "uv_size": [0.125, 0.125]},
								"east": {"uv": [28, 0], "uv_size": [2.25, 0.125]},
								"south": {"uv": [15, 33], "uv_size": [0.125, 0.125]},
								"west": {"uv": [1, 28], "uv_size": [2.25, 0.125]},
								"up": {"uv": [28, 1], "uv_size": [0.125, 2.25]},
								"down": {"uv": [4, 30.25], "uv_size": [0.125, -2.25]}
							}
						}
					]
				},
				{
					"name": "Rightwing",
					"parent": "Plane",
					"pivot": [6.45924, 0.79346, -2.31787],
					"rotation": [0, 0, 5],
					"cubes": [
						{
							"origin": [-2.30493, 0.03045, -4.07302],
							"size": [1.8125, 0.25, 3.15625],
							"uv": {
								"north": {"uv": [23, 23], "uv_size": [1.75, 0.25]},
								"east": {"uv": [22, 3], "uv_size": [3.125, 0.25]},
								"south": {"uv": [24, 2], "uv_size": [1.75, 0.25]},
								"west": {"uv": [22, 6], "uv_size": [3.125, 0.25]},
								"up": {"uv": [0, 8], "uv_size": [1.75, 3.125]},
								"down": {"uv": [2, 11.125], "uv_size": [1.75, -3.125]}
							}
						},
						{
							"origin": [8.86955, 0.03032, -2.02559],
							"size": [1.3125, 0.25, 1.09375],
							"pivot": [3.31001, 0.82471, -1.12087],
							"rotation": [-180, 7.5, -180],
							"uv": {
								"north": {"uv": [26, 10], "uv_size": [1.25, 0.25]},
								"east": {"uv": [0, 27], "uv_size": [1.125, 0.25]},
								"south": {"uv": [11, 26], "uv_size": [1.25, 0.25]},
								"west": {"uv": [2, 27], "uv_size": [1.125, 0.25]},
								"up": {"uv": [19, 14], "uv_size": [1.25, 1.125]},
								"down": {"uv": [19, 17.125], "uv_size": [1.25, -1.125]}
							}
						},
						{
							"origin": [8.11943, 0.03032, -6.90484],
							"size": [1.3125, 0.25, 0.40625],
							"pivot": [5.96626, 0.82471, -0.90212],
							"rotation": [-180, 60, -180],
							"uv": {
								"north": {"uv": [0, 26], "uv_size": [1.375, 0.25]},
								"east": {"uv": [4, 27], "uv_size": [1.125, 0.25]},
								"south": {"uv": [26, 0], "uv_size": [1.375, 0.25]},
								"west": {"uv": [27, 4], "uv_size": [1.125, 0.25]},
								"up": {"uv": [18, 12], "uv_size": [1.375, 1.125]},
								"down": {"uv": [17, 19.125], "uv_size": [1.375, -1.125]}
							}
						},
						{
							"origin": [6.06518, 0.03045, -4.15419],
							"size": [1.9375, 0.25, 1.09375],
							"pivot": [1.48935, 0.82471, -1.78354],
							"rotation": [-180, 20, -180],
							"uv": {
								"north": {"uv": [23, 15], "uv_size": [2, 0.25]},
								"east": {"uv": [27, 6], "uv_size": [1.125, 0.25]},
								"south": {"uv": [16, 23], "uv_size": [2, 0.25]},
								"west": {"uv": [27, 7], "uv_size": [1.125, 0.25]},
								"up": {"uv": [11, 14], "uv_size": [2, 1.125]},
								"down": {"uv": [13, 15.125], "uv_size": [2, -1.125]}
							}
						},
						{
							"origin": [4.2652, 0.02975, -7.3741],
							"size": [1.34375, 0.25, 1.0625],
							"pivot": [0.49864, 0.82471, -2.69136],
							"rotation": [-180, 42.5, -180],
							"uv": {
								"north": {"uv": [26, 1], "uv_size": [1.375, 0.25]},
								"east": {"uv": [27, 8], "uv_size": [1.125, 0.25]},
								"south": {"uv": [2, 26], "uv_size": [1.375, 0.25]},
								"west": {"uv": [27, 9], "uv_size": [1.125, 0.25]},
								"up": {"uv": [0, 19], "uv_size": [1.375, 1.125]},
								"down": {"uv": [19, 5.125], "uv_size": [1.375, -1.125]}
							}
						},
						{
							"origin": [1.50467, 0.03005, -9.85502],
							"size": [0.40625, 0.25, 1.09375],
							"pivot": [0.41071, 0.82471, -3.08798],
							"rotation": [-180, 77.5, -180],
							"uv": {
								"north": {"uv": [31, 18], "uv_size": [0.375, 0.25]},
								"east": {"uv": [11, 27], "uv_size": [1.125, 0.25]},
								"south": {"uv": [19, 31], "uv_size": [0.375, 0.25]},
								"west": {"uv": [13, 27], "uv_size": [1.125, 0.25]},
								"up": {"uv": [24, 9], "uv_size": [0.375, 1.125]},
								"down": {"uv": [10, 25.125], "uv_size": [0.375, -1.125]}
							}
						},
						{
							"origin": [-5.34058, 0.03005, -7.29665],
							"size": [0.40625, 0.25, 1.09375],
							"pivot": [0.74349, 0.82471, -3.321],
							"rotation": [0, 35, 0],
							"uv": {
								"north": {"uv": [31, 19], "uv_size": [0.375, 0.25]},
								"east": {"uv": [15, 27], "uv_size": [1.125, 0.25]},
								"south": {"uv": [20, 31], "uv_size": [0.375, 0.25]},
								"west": {"uv": [27, 16], "uv_size": [1.125, 0.25]},
								"up": {"uv": [11, 24], "uv_size": [0.375, 1.125]},
								"down": {"uv": [12, 25.125], "uv_size": [0.375, -1.125]}
							}
						},
						{
							"origin": [-5.93068, 0.03032, -5.81876],
							"size": [1.375, 0.25, 1.09375],
							"pivot": [2.05485, 0.82471, -3.73447],
							"rotation": [0, 17.5, 0],
							"uv": {
								"north": {"uv": [26, 2], "uv_size": [1.375, 0.25]},
								"east": {"uv": [17, 27], "uv_size": [1.125, 0.25]},
								"south": {"uv": [26, 3], "uv_size": [1.375, 0.25]},
								"west": {"uv": [27, 17], "uv_size": [1.125, 0.25]},
								"up": {"uv": [19, 9], "uv_size": [1.375, 1.125]},
								"down": {"uv": [14, 20.125], "uv_size": [1.375, -1.125]}
							}
						},
						{
							"origin": [-4.83938, 0.03025, -4.97774],
							"size": [2.59375, 0.25, 2.21875],
							"pivot": [4.62641, 0.82471, -4.07302],
							"rotation": [0, 7.5, 0],
							"uv": {
								"north": {"uv": [22, 12], "uv_size": [2.625, 0.25]},
								"east": {"uv": [4, 23], "uv_size": [2.25, 0.25]},
								"south": {"uv": [22, 13], "uv_size": [2.625, 0.25]},
								"west": {"uv": [23, 5], "uv_size": [2.25, 0.25]},
								"up": {"uv": [3, 0], "uv_size": [2.625, 2.25]},
								"down": {"uv": [3, 5.25], "uv_size": [2.625, -2.25]}
							}
						}
					]
				},
				{
					"name": "Propellers",
					"parent": "Plane",
					"pivot": [0.02316, 1.91451, -5.73712],
					"cubes": [
						{
							"origin": [-0.14234, 1.74609, -6.21094],
							"size": [0.3, 0.28125, 1],
							"pivot": [0.15766, 1.74609, -6.21094],
							"rotation": [-20, 0, 0],
							"uv": {
								"north": {"uv": [12, 32], "uv_size": [0.25, 0.25]},
								"east": {"uv": [28, 12], "uv_size": [1, 0.25]},
								"south": {"uv": [32, 12], "uv_size": [0.25, 0.25]},
								"west": {"uv": [13, 28], "uv_size": [1, 0.25]},
								"up": {"uv": [28, 13], "uv_size": [0.25, 1]},
								"down": {"uv": [14, 29], "uv_size": [0.25, -1]}
							}
						},
						{
							"origin": [-0.14234, 2.05859, -5.80469],
							"size": [0.3, 1.425, 0.0625],
							"uv": {
								"north": {"uv": [26, 6], "uv_size": [0.25, 1.375]},
								"east": {"uv": [5, 30], "uv_size": [0.125, 1.375]},
								"south": {"uv": [7, 26], "uv_size": [0.25, 1.375]},
								"west": {"uv": [6, 30], "uv_size": [0.125, 1.375]},
								"up": {"uv": [30, 32], "uv_size": [0.25, 0.125]},
								"down": {"uv": [32, 30.125], "uv_size": [0.25, -0.125]}
							}
						},
						{
							"origin": [-0.14234, 0.27734, -5.80469],
							"size": [0.3, 1.425, 0.0625],
							"pivot": [0.00766, 1.89609, -5.77344],
							"rotation": [0, 0, 45],
							"uv": {
								"north": {"uv": [8, 26], "uv_size": [0.25, 1.375]},
								"east": {"uv": [30, 6], "uv_size": [0.125, 1.375]},
								"south": {"uv": [26, 8], "uv_size": [0.25, 1.375]},
								"west": {"uv": [7, 30], "uv_size": [0.125, 1.375]},
								"up": {"uv": [31, 32], "uv_size": [0.25, 0.125]},
								"down": {"uv": [32, 31.125], "uv_size": [0.25, -0.125]}
							}
						},
						{
							"origin": [-0.12645, 0.27734, -5.80469],
							"size": [0.3, 1.425, 0.0625],
							"pivot": [-0.00766, 1.89609, -5.77344],
							"rotation": [0, 0, -45],
							"uv": {
								"north": {"uv": [9, 26], "uv_size": [0.25, 1.375]},
								"east": {"uv": [8, 30], "uv_size": [0.125, 1.375]},
								"south": {"uv": [10, 26], "uv_size": [0.25, 1.375]},
								"west": {"uv": [30, 8], "uv_size": [0.125, 1.375]},
								"up": {"uv": [32, 32], "uv_size": [0.25, 0.125]},
								"down": {"uv": [0, 33.125], "uv_size": [0.25, -0.125]}
							}
						}
					]
				},
				{
					"name": "LeftLandingGear",
					"parent": "Plane",
					"pivot": [1.09234, 0.74138, -3.21364],
					"rotation": [0, 0, -5],
					"cubes": [
						{
							"origin": [0.99859, -0.20654, -3.38552],
							"size": [0.1875, 1, 0.34375],
							"uv": {
								"north": {"uv": [28, 19], "uv_size": [0.25, 1]},
								"east": {"uv": [23, 24], "uv_size": [0.375, 1]},
								"south": {"uv": [20, 28], "uv_size": [0.25, 1]},
								"west": {"uv": [24, 24], "uv_size": [0.375, 1]},
								"up": {"uv": [31, 21], "uv_size": [0.25, 0.375]},
								"down": {"uv": [22, 31.375], "uv_size": [0.25, -0.375]}
							}
						},
						{
							"origin": [0.96734, -0.30029, -3.51052],
							"size": [0.25, 0.40625, 0.59375],
							"uv": {
								"north": {"uv": [31, 22], "uv_size": [0.25, 0.375]},
								"east": {"uv": [24, 28], "uv_size": [0.625, 0.375]},
								"south": {"uv": [23, 31], "uv_size": [0.25, 0.375]},
								"west": {"uv": [28, 24], "uv_size": [0.625, 0.375]},
								"up": {"uv": [11, 30], "uv_size": [0.25, 0.625]},
								"down": {"uv": [30, 11.625], "uv_size": [0.25, -0.625]}
							}
						},
						{
							"origin": [0.99859, -0.51904, -3.47927],
							"size": [0.1875, 0.21875, 0.53125],
							"uv": {
								"north": {"uv": [22, 32], "uv_size": [0.25, 0.25]},
								"east": {"uv": [30, 30], "uv_size": [0.5, 0.25]},
								"south": {"uv": [32, 22], "uv_size": [0.25, 0.25]},
								"west": {"uv": [0, 31], "uv_size": [0.5, 0.25]},
								"up": {"uv": [31, 0], "uv_size": [0.25, 0.5]},
								"down": {"uv": [1, 31.5], "uv_size": [0.25, -0.5]}
							}
						}
					]
				},
				{
					"name": "RightLandingGear",
					"parent": "Plane",
					"pivot": [-1.09234, 0.74138, -3.21364],
					"rotation": [0, 0, 5],
					"cubes": [
						{
							"origin": [-1.18609, -0.20654, -3.38552],
							"size": [0.1875, 1, 0.34375],
							"uv": {
								"north": {"uv": [28, 20], "uv_size": [0.25, 1]},
								"east": {"uv": [25, 0], "uv_size": [0.375, 1]},
								"south": {"uv": [28, 21], "uv_size": [0.25, 1]},
								"west": {"uv": [25, 1], "uv_size": [0.375, 1]},
								"up": {"uv": [31, 23], "uv_size": [0.25, 0.375]},
								"down": {"uv": [24, 31.375], "uv_size": [0.25, -0.375]}
							}
						},
						{
							"origin": [-1.21734, -0.30029, -3.51052],
							"size": [0.25, 0.40625, 0.59375],
							"uv": {
								"north": {"uv": [31, 24], "uv_size": [0.25, 0.375]},
								"east": {"uv": [25, 28], "uv_size": [0.625, 0.375]},
								"south": {"uv": [25, 31], "uv_size": [0.25, 0.375]},
								"west": {"uv": [26, 28], "uv_size": [0.625, 0.375]},
								"up": {"uv": [12, 30], "uv_size": [0.25, 0.625]},
								"down": {"uv": [30, 12.625], "uv_size": [0.25, -0.625]}
							}
						},
						{
							"origin": [-1.18609, -0.51904, -3.47927],
							"size": [0.1875, 0.21875, 0.53125],
							"uv": {
								"north": {"uv": [23, 32], "uv_size": [0.25, 0.25]},
								"east": {"uv": [31, 1], "uv_size": [0.5, 0.25]},
								"south": {"uv": [32, 23], "uv_size": [0.25, 0.25]},
								"west": {"uv": [31, 2], "uv_size": [0.5, 0.25]},
								"up": {"uv": [31, 3], "uv_size": [0.25, 0.5]},
								"down": {"uv": [4, 31.5], "uv_size": [0.25, -0.5]}
							}
						}
					]
				}
			]
		}
	]
}