{
	"format_version": "1.12.0",
	"minecraft:geometry": [
		{
			"description": {
				"identifier": "geometry.type2_ka_mi",
				"texture_width": 64,
				"texture_height": 64,
				"visible_bounds_width": 2,
				"visible_bounds_height": 7.5,
				"visible_bounds_offset": [0, 3.25, 0]
			},
			"bones": [
				{
					"name": "bone2",
					"pivot": [4.71875, 0, 0],
					"cubes": [
						{
							"origin": [-2.98125, 0, -6.5],
							"size": [0.7, 0.2, 2.5],
							"pivot": [-2.28125, 0, -4],
							"rotation": [-42.5, 0, 0],
							"uv": {
								"north": {"uv": [46, 15], "uv_size": [0.75, 0.25]},
								"east": {"uv": [5, 38], "uv_size": [2.5, 0.25]},
								"south": {"uv": [16, 46], "uv_size": [0.75, 0.25]},
								"west": {"uv": [38, 5], "uv_size": [2.5, 0.25]},
								"up": {"uv": [33, 3], "uv_size": [0.75, 2.5]},
								"down": {"uv": [5, 35.5], "uv_size": [0.75, -2.5]}
							}
						},
						{
							"origin": [-2.98125, 1.68898, -6.84319],
							"size": [0.7, 0.2, 1],
							"pivot": [-2.28125, 1.68898, -5.84319],
							"rotation": [-90, 0, 0],
							"uv": {
								"north": {"uv": [46, 17], "uv_size": [0.75, 0.25]},
								"east": {"uv": [44, 33], "uv_size": [1, 0.25]},
								"south": {"uv": [18, 46], "uv_size": [0.75, 0.25]},
								"west": {"uv": [44, 34], "uv_size": [1, 0.25]},
								"up": {"uv": [37, 2], "uv_size": [0.75, 1]},
								"down": {"uv": [3, 38], "uv_size": [0.75, -1]}
							}
						},
						{
							"origin": [-2.98125, 2.68898, -6.34319],
							"size": [0.7, 0.2, 0.5],
							"pivot": [-2.28125, 2.68898, -5.84319],
							"rotation": [-152.5, 0, 0],
							"uv": {
								"north": {"uv": [46, 18], "uv_size": [0.75, 0.25]},
								"east": {"uv": [24, 47], "uv_size": [0.5, 0.25]},
								"south": {"uv": [19, 46], "uv_size": [0.75, 0.25]},
								"west": {"uv": [47, 24], "uv_size": [0.5, 0.25]},
								"up": {"uv": [43, 4], "uv_size": [0.75, 0.5]},
								"down": {"uv": [43, 5.5], "uv_size": [0.75, -0.5]}
							}
						},
						{
							"origin": [-2.98125, 2.91985, -5.89969],
							"size": [0.7, 0.2, 0.5],
							"pivot": [-2.28125, 2.91985, -5.39969],
							"rotation": [-177.5, 0, 0],
							"uv": {
								"north": {"uv": [46, 19], "uv_size": [0.75, 0.25]},
								"east": {"uv": [25, 47], "uv_size": [0.5, 0.25]},
								"south": {"uv": [20, 46], "uv_size": [0.75, 0.25]},
								"west": {"uv": [47, 25], "uv_size": [0.5, 0.25]},
								"up": {"uv": [6, 43], "uv_size": [0.75, 0.5]},
								"down": {"uv": [43, 6.5], "uv_size": [0.75, -0.5]}
							}
						},
						{
							"origin": [-2.98125, 2.94166, -5.40016],
							"size": [0.7, 0.2, 0.5],
							"pivot": [-2.28125, 2.94166, -4.90016],
							"rotation": [165, 0, 0],
							"uv": {
								"north": {"uv": [46, 20], "uv_size": [0.75, 0.25]},
								"east": {"uv": [26, 47], "uv_size": [0.5, 0.25]},
								"south": {"uv": [21, 46], "uv_size": [0.75, 0.25]},
								"west": {"uv": [47, 26], "uv_size": [0.5, 0.25]},
								"up": {"uv": [7, 43], "uv_size": [0.75, 0.5]},
								"down": {"uv": [43, 7.5], "uv_size": [0.75, -0.5]}
							}
						},
						{
							"origin": [-2.98125, 2.41906, -6.46896],
							"size": [0.7, 0.2, 2],
							"pivot": [-2.28125, 2.61906, -4.46896],
							"rotation": [177.5, 0, 0],
							"uv": {
								"north": {"uv": [46, 21], "uv_size": [0.75, 0.25]},
								"east": {"uv": [42, 8], "uv_size": [2, 0.25]},
								"south": {"uv": [22, 46], "uv_size": [0.75, 0.25]},
								"west": {"uv": [42, 9], "uv_size": [2, 0.25]},
								"up": {"uv": [20, 33], "uv_size": [0.75, 2]},
								"down": {"uv": [21, 35], "uv_size": [0.75, -2]}
							}
						},
						{
							"origin": [-2.98125, 2.73164, -5.96214],
							"size": [0.7, 0.2, 3.5],
							"pivot": [-2.28125, 2.73164, -2.46214],
							"rotation": [177.5, 0, 0],
							"uv": {
								"north": {"uv": [46, 22], "uv_size": [0.75, 0.25]},
								"east": {"uv": [36, 10], "uv_size": [3.5, 0.25]},
								"south": {"uv": [23, 46], "uv_size": [0.75, 0.25]},
								"west": {"uv": [11, 36], "uv_size": [3.5, 0.25]},
								"up": {"uv": [26, 30], "uv_size": [0.75, 3.5]},
								"down": {"uv": [27, 33.5], "uv_size": [0.75, -3.5]}
							}
						},
						{
							"origin": [-2.98125, 2.57897, -0.96548],
							"size": [0.7, 0.2, 2],
							"pivot": [-2.28125, 2.57897, 1.03452],
							"rotation": [162.5, 0, 0],
							"uv": {
								"north": {"uv": [46, 23], "uv_size": [0.75, 0.25]},
								"east": {"uv": [42, 10], "uv_size": [2, 0.25]},
								"south": {"uv": [24, 46], "uv_size": [0.75, 0.25]},
								"west": {"uv": [42, 11], "uv_size": [2, 0.25]},
								"up": {"uv": [22, 33], "uv_size": [0.75, 2]},
								"down": {"uv": [33, 24], "uv_size": [0.75, -2]}
							}
						},
						{
							"origin": [-2.98125, 1.8989, 2.89544],
							"size": [0.7, 0.2, 1],
							"pivot": [-2.28125, 1.8989, 3.89544],
							"rotation": [145, 0, 0],
							"uv": {
								"north": {"uv": [46, 25], "uv_size": [0.75, 0.25]},
								"east": {"uv": [36, 44], "uv_size": [1, 0.25]},
								"south": {"uv": [26, 46], "uv_size": [0.75, 0.25]},
								"west": {"uv": [44, 36], "uv_size": [1, 0.25]},
								"up": {"uv": [37, 4], "uv_size": [0.75, 1]},
								"down": {"uv": [37, 6], "uv_size": [0.75, -1]}
							}
						},
						{
							"origin": [-2.98125, 1.32532, 3.7146],
							"size": [0.7, 0.2, 1],
							"pivot": [-2.28125, 1.32532, 4.7146],
							"rotation": [85, 0, 0],
							"uv": {
								"north": {"uv": [27, 46], "uv_size": [0.75, 0.25]},
								"east": {"uv": [37, 44], "uv_size": [1, 0.25]},
								"south": {"uv": [28, 46], "uv_size": [0.75, 0.25]},
								"west": {"uv": [38, 44], "uv_size": [1, 0.25]},
								"up": {"uv": [37, 6], "uv_size": [0.75, 1]},
								"down": {"uv": [8, 38], "uv_size": [0.75, -1]}
							}
						},
						{
							"origin": [-2.98125, 0.22912, 3.95423],
							"size": [0.7, 0.2, 0.7],
							"pivot": [-2.28125, 0.22912, 4.45423],
							"rotation": [30, 0, 0],
							"uv": {
								"north": {"uv": [29, 46], "uv_size": [0.75, 0.25]},
								"east": {"uv": [30, 46], "uv_size": [0.75, 0.25]},
								"south": {"uv": [31, 46], "uv_size": [0.75, 0.25]},
								"west": {"uv": [32, 46], "uv_size": [0.75, 0.25]},
								"up": {"uv": [42, 5], "uv_size": [0.75, 0.75]},
								"down": {"uv": [42, 6.75], "uv_size": [0.75, -0.75]}
							}
						},
						{
							"origin": [-2.98125, 1.58681, 1.88182],
							"size": [0.7, 0.2, 1],
							"pivot": [-2.28125, 1.78681, 2.88182],
							"rotation": [175, 0, 0],
							"uv": {
								"north": {"uv": [46, 24], "uv_size": [0.75, 0.25]},
								"east": {"uv": [35, 44], "uv_size": [1, 0.25]},
								"south": {"uv": [25, 46], "uv_size": [0.75, 0.25]},
								"west": {"uv": [44, 35], "uv_size": [1, 0.25]},
								"up": {"uv": [37, 3], "uv_size": [0.75, 1]},
								"down": {"uv": [4, 38], "uv_size": [0.75, -1]}
							}
						},
						{
							"origin": [-2.98125, 0, -4],
							"size": [0.7, 0.2, 8],
							"uv": {
								"north": {"uv": [46, 16], "uv_size": [0.75, 0.25]},
								"east": {"uv": [31, 7], "uv_size": [8, 0.25]},
								"south": {"uv": [17, 46], "uv_size": [0.75, 0.25]},
								"west": {"uv": [31, 21], "uv_size": [8, 0.25]},
								"up": {"uv": [18, 22], "uv_size": [0.75, 8]},
								"down": {"uv": [19, 30], "uv_size": [0.75, -8]}
							}
						}
					]
				},
				{
					"name": "bone3",
					"pivot": [-4.34375, 0, 0],
					"cubes": [
						{
							"origin": [2.65625, 0, -6.5],
							"size": [0.7, 0.2, 2.5],
							"pivot": [2.65625, 0, -4],
							"rotation": [-42.5, 0, 0],
							"uv": {
								"north": {"uv": [33, 46], "uv_size": [0.75, 0.25]},
								"east": {"uv": [38, 6], "uv_size": [2.5, 0.25]},
								"south": {"uv": [46, 33], "uv_size": [0.75, 0.25]},
								"west": {"uv": [8, 38], "uv_size": [2.5, 0.25]},
								"up": {"uv": [6, 33], "uv_size": [0.75, 2.5]},
								"down": {"uv": [7, 35.5], "uv_size": [0.75, -2.5]}
							}
						},
						{
							"origin": [2.65625, 1.68898, -6.84319],
							"size": [0.7, 0.2, 1],
							"pivot": [2.65625, 1.68898, -5.84319],
							"rotation": [-90, 0, 0],
							"uv": {
								"north": {"uv": [34, 46], "uv_size": [0.75, 0.25]},
								"east": {"uv": [39, 44], "uv_size": [1, 0.25]},
								"south": {"uv": [46, 34], "uv_size": [0.75, 0.25]},
								"west": {"uv": [40, 44], "uv_size": [1, 0.25]},
								"up": {"uv": [37, 8], "uv_size": [0.75, 1]},
								"down": {"uv": [9, 38], "uv_size": [0.75, -1]}
							}
						},
						{
							"origin": [2.65625, 2.91985, -5.89969],
							"size": [0.7, 0.2, 0.5],
							"pivot": [2.65625, 2.91985, -5.39969],
							"rotation": [-177.5, 0, 0],
							"uv": {
								"north": {"uv": [36, 46], "uv_size": [0.75, 0.25]},
								"east": {"uv": [28, 47], "uv_size": [0.5, 0.25]},
								"south": {"uv": [46, 36], "uv_size": [0.75, 0.25]},
								"west": {"uv": [47, 28], "uv_size": [0.5, 0.25]},
								"up": {"uv": [10, 43], "uv_size": [0.75, 0.5]},
								"down": {"uv": [11, 43.5], "uv_size": [0.75, -0.5]}
							}
						},
						{
							"origin": [2.65625, 2.94166, -5.40016],
							"size": [0.7, 0.2, 0.5],
							"pivot": [2.65625, 2.94166, -4.90016],
							"rotation": [165, 0, 0],
							"uv": {
								"north": {"uv": [37, 46], "uv_size": [0.75, 0.25]},
								"east": {"uv": [29, 47], "uv_size": [0.5, 0.25]},
								"south": {"uv": [46, 37], "uv_size": [0.75, 0.25]},
								"west": {"uv": [47, 29], "uv_size": [0.5, 0.25]},
								"up": {"uv": [12, 43], "uv_size": [0.75, 0.5]},
								"down": {"uv": [13, 43.5], "uv_size": [0.75, -0.5]}
							}
						},
						{
							"origin": [2.65625, 2.41906, -6.46896],
							"size": [0.7, 0.2, 2],
							"pivot": [2.65625, 2.61906, -4.46896],
							"rotation": [177.5, 0, 0],
							"uv": {
								"north": {"uv": [38, 46], "uv_size": [0.75, 0.25]},
								"east": {"uv": [42, 12], "uv_size": [2, 0.25]},
								"south": {"uv": [46, 38], "uv_size": [0.75, 0.25]},
								"west": {"uv": [42, 13], "uv_size": [2, 0.25]},
								"up": {"uv": [23, 33], "uv_size": [0.75, 2]},
								"down": {"uv": [24, 35], "uv_size": [0.75, -2]}
							}
						},
						{
							"origin": [2.65625, 2.73164, -5.96214],
							"size": [0.7, 0.2, 3.5],
							"pivot": [2.65625, 2.73164, -2.46214],
							"rotation": [177.5, 0, 0],
							"uv": {
								"north": {"uv": [39, 46], "uv_size": [0.75, 0.25]},
								"east": {"uv": [36, 11], "uv_size": [3.5, 0.25]},
								"south": {"uv": [46, 39], "uv_size": [0.75, 0.25]},
								"west": {"uv": [36, 12], "uv_size": [3.5, 0.25]},
								"up": {"uv": [28, 30], "uv_size": [0.75, 3.5]},
								"down": {"uv": [29, 33.5], "uv_size": [0.75, -3.5]}
							}
						},
						{
							"origin": [2.65625, 2.57897, -0.96548],
							"size": [0.7, 0.2, 2],
							"pivot": [2.65625, 2.57897, 1.03452],
							"rotation": [162.5, 0, 0],
							"uv": {
								"north": {"uv": [40, 46], "uv_size": [0.75, 0.25]},
								"east": {"uv": [42, 14], "uv_size": [2, 0.25]},
								"south": {"uv": [46, 40], "uv_size": [0.75, 0.25]},
								"west": {"uv": [42, 15], "uv_size": [2, 0.25]},
								"up": {"uv": [33, 24], "uv_size": [0.75, 2]},
								"down": {"uv": [25, 35], "uv_size": [0.75, -2]}
							}
						},
						{
							"origin": [2.65625, 1.8989, 2.89544],
							"size": [0.7, 0.2, 1],
							"pivot": [2.65625, 1.8989, 3.89544],
							"rotation": [145, 0, 0],
							"uv": {
								"north": {"uv": [41, 46], "uv_size": [0.75, 0.25]},
								"east": {"uv": [44, 40], "uv_size": [1, 0.25]},
								"south": {"uv": [46, 41], "uv_size": [0.75, 0.25]},
								"west": {"uv": [41, 44], "uv_size": [1, 0.25]},
								"up": {"uv": [37, 9], "uv_size": [0.75, 1]},
								"down": {"uv": [10, 38], "uv_size": [0.75, -1]}
							}
						},
						{
							"origin": [2.65625, 1.32532, 3.7146],
							"size": [0.7, 0.2, 1],
							"pivot": [2.65625, 1.32532, 4.7146],
							"rotation": [85, 0, 0],
							"uv": {
								"north": {"uv": [42, 46], "uv_size": [0.75, 0.25]},
								"east": {"uv": [44, 41], "uv_size": [1, 0.25]},
								"south": {"uv": [46, 42], "uv_size": [0.75, 0.25]},
								"west": {"uv": [42, 44], "uv_size": [1, 0.25]},
								"up": {"uv": [11, 37], "uv_size": [0.75, 1]},
								"down": {"uv": [12, 38], "uv_size": [0.75, -1]}
							}
						},
						{
							"origin": [2.65625, 0.22912, 3.95423],
							"size": [0.7, 0.2, 0.7],
							"pivot": [2.65625, 0.22912, 4.45423],
							"rotation": [30, 0, 0],
							"uv": {
								"north": {"uv": [43, 46], "uv_size": [0.75, 0.25]},
								"east": {"uv": [46, 43], "uv_size": [0.75, 0.25]},
								"south": {"uv": [44, 46], "uv_size": [0.75, 0.25]},
								"west": {"uv": [46, 44], "uv_size": [0.75, 0.25]},
								"up": {"uv": [7, 42], "uv_size": [0.75, 0.75]},
								"down": {"uv": [8, 42.75], "uv_size": [0.75, -0.75]}
							}
						},
						{
							"origin": [2.65625, 1.58681, 1.88182],
							"size": [0.7, 0.2, 1],
							"pivot": [2.65625, 1.78681, 2.88182],
							"rotation": [175, 0, 0],
							"uv": {
								"north": {"uv": [45, 46], "uv_size": [0.75, 0.25]},
								"east": {"uv": [44, 42], "uv_size": [1, 0.25]},
								"south": {"uv": [46, 45], "uv_size": [0.75, 0.25]},
								"west": {"uv": [43, 44], "uv_size": [1, 0.25]},
								"up": {"uv": [13, 37], "uv_size": [0.75, 1]},
								"down": {"uv": [14, 38], "uv_size": [0.75, -1]}
							}
						},
						{
							"origin": [2.65625, 0, -4],
							"size": [0.7, 0.2, 8],
							"uv": {
								"north": {"uv": [46, 46], "uv_size": [0.75, 0.25]},
								"east": {"uv": [31, 30], "uv_size": [8, 0.25]},
								"south": {"uv": [0, 47], "uv_size": [0.75, 0.25]},
								"west": {"uv": [31, 31], "uv_size": [8, 0.25]},
								"up": {"uv": [11, 26], "uv_size": [0.75, 8]},
								"down": {"uv": [12, 34], "uv_size": [0.75, -8]}
							}
						}
					]
				},
				{
					"name": "bone7",
					"parent": "bone3",
					"pivot": [2.65625, 2.68898, -5.84319],
					"cubes": [
						{
							"origin": [2.65625, 2.68898, -6.34319],
							"size": [0.7, 0.2, 0.5],
							"pivot": [2.65625, 2.68898, -5.84319],
							"rotation": [-152.5, 0, 0],
							"uv": {
								"north": {"uv": [35, 46], "uv_size": [0.75, 0.25]},
								"east": {"uv": [27, 47], "uv_size": [0.5, 0.25]},
								"south": {"uv": [46, 35], "uv_size": [0.75, 0.25]},
								"west": {"uv": [47, 27], "uv_size": [0.5, 0.25]},
								"up": {"uv": [8, 43], "uv_size": [0.75, 0.5]},
								"down": {"uv": [9, 43.5], "uv_size": [0.75, -0.5]}
							}
						}
					]
				},
				{
					"name": "bone4",
					"pivot": [0.5, 0, 0],
					"cubes": [
						{
							"origin": [-2.28125, 1.03125, -3.96875],
							"size": [4.9375, 2.625, 6.6875],
							"uv": {
								"north": {"uv": [16, 16], "uv_size": [5, 2.625]},
								"east": {"uv": [10, 10], "uv_size": [6.75, 2.625]},
								"south": {"uv": [17, 9], "uv_size": [5, 2.625]},
								"west": {"uv": [10, 13], "uv_size": [6.75, 2.625]},
								"up": {"uv": [0, 0], "uv_size": [5, 6.75]},
								"down": {"uv": [5, 6.75], "uv_size": [5, -6.75]}
							}
						},
						{
							"origin": [-3.28125, 4.71875, 1.5625],
							"size": [1.03125, 0.0625, 3.65625],
							"pivot": [-6.5, 4.78125, 1.5625],
							"rotation": [-35, 0, 0],
							"uv": {
								"north": {"uv": [30, 47], "uv_size": [1, 0.125]},
								"east": {"uv": [42, 37], "uv_size": [3.625, 0.125]},
								"south": {"uv": [47, 30], "uv_size": [1, 0.125]},
								"west": {"uv": [42, 38], "uv_size": [3.625, 0.125]},
								"up": {"uv": [5, 29], "uv_size": [1, 3.625]},
								"down": {"uv": [6, 32.625], "uv_size": [1, -3.625]}
							}
						},
						{
							"origin": [-3.25, 2.96875, -0.6875],
							"size": [1, 0.21875, 4.3125],
							"uv": {
								"north": {"uv": [0, 45], "uv_size": [1, 0.25]},
								"east": {"uv": [35, 22], "uv_size": [4.375, 0.25]},
								"south": {"uv": [45, 0], "uv_size": [1, 0.25]},
								"west": {"uv": [35, 23], "uv_size": [4.375, 0.25]},
								"up": {"uv": [13, 26], "uv_size": [1, 4.375]},
								"down": {"uv": [14, 30.375], "uv_size": [1, -4.375]}
							}
						},
						{
							"origin": [-3.25, 2.75, 1.53125],
							"size": [1, 0.21875, 2.59375],
							"uv": {
								"north": {"uv": [9, 45], "uv_size": [1, 0.25]},
								"east": {"uv": [2, 38], "uv_size": [2.625, 0.25]},
								"south": {"uv": [45, 9], "uv_size": [1, 0.25]},
								"west": {"uv": [38, 2], "uv_size": [2.625, 0.25]},
								"up": {"uv": [30, 30], "uv_size": [1, 2.625]},
								"down": {"uv": [13, 33.625], "uv_size": [1, -2.625]}
							}
						},
						{
							"origin": [-3.28125, 3.1875, 1.59375],
							"size": [1.03125, 0.21875, 1.9375],
							"uv": {
								"north": {"uv": [1, 45], "uv_size": [1, 0.25]},
								"east": {"uv": [42, 16], "uv_size": [2, 0.25]},
								"south": {"uv": [45, 1], "uv_size": [1, 0.25]},
								"west": {"uv": [19, 42], "uv_size": [2, 0.25]},
								"up": {"uv": [25, 4], "uv_size": [1, 2]},
								"down": {"uv": [0, 34], "uv_size": [1, -2]}
							}
						},
						{
							"origin": [-3.28125, 3.40625, 1.59375],
							"size": [1.03125, 0.21875, 1.59375],
							"uv": {
								"north": {"uv": [2, 45], "uv_size": [1, 0.25]},
								"east": {"uv": [0, 43], "uv_size": [1.625, 0.25]},
								"south": {"uv": [45, 2], "uv_size": [1, 0.25]},
								"west": {"uv": [43, 0], "uv_size": [1.625, 0.25]},
								"up": {"uv": [33, 8], "uv_size": [1, 1.625]},
								"down": {"uv": [9, 34.625], "uv_size": [1, -1.625]}
							}
						},
						{
							"origin": [-3.29025, 3.8125, 1.125],
							"size": [1.03125, 0.25, 3.40625],
							"pivot": [-7.4375, 3.51563, 2.39063],
							"rotation": [-35, 0, 0],
							"uv": {
								"north": {"uv": [10, 45], "uv_size": [1, 0.25]},
								"east": {"uv": [36, 29], "uv_size": [3.375, 0.25]},
								"south": {"uv": [45, 10], "uv_size": [1, 0.25]},
								"west": {"uv": [36, 36], "uv_size": [3.375, 0.25]},
								"up": {"uv": [29, 8], "uv_size": [1, 3.375]},
								"down": {"uv": [9, 32.375], "uv_size": [1, -3.375]}
							}
						},
						{
							"origin": [-3.28125, 3.625, 1.59375],
							"size": [1.03125, 0.21875, 1.3125],
							"uv": {
								"north": {"uv": [3, 45], "uv_size": [1, 0.25]},
								"east": {"uv": [43, 17], "uv_size": [1.375, 0.25]},
								"south": {"uv": [45, 3], "uv_size": [1, 0.25]},
								"west": {"uv": [18, 43], "uv_size": [1.375, 0.25]},
								"up": {"uv": [2, 34], "uv_size": [1, 1.375]},
								"down": {"uv": [13, 35.375], "uv_size": [1, -1.375]}
							}
						},
						{
							"origin": [-3.25, 3.84375, 1.59375],
							"size": [1, 0.21875, 0.96875],
							"uv": {
								"north": {"uv": [4, 45], "uv_size": [1, 0.25]},
								"east": {"uv": [45, 4], "uv_size": [1, 0.25]},
								"south": {"uv": [5, 45], "uv_size": [1, 0.25]},
								"west": {"uv": [45, 5], "uv_size": [1, 0.25]},
								"up": {"uv": [21, 8], "uv_size": [1, 1]},
								"down": {"uv": [32, 14], "uv_size": [1, -1]}
							}
						},
						{
							"origin": [-3.28125, 4.0625, 1.59375],
							"size": [1.03125, 0.21875, 0.65625],
							"uv": {
								"north": {"uv": [6, 45], "uv_size": [1, 0.25]},
								"east": {"uv": [47, 1], "uv_size": [0.625, 0.25]},
								"south": {"uv": [45, 6], "uv_size": [1, 0.25]},
								"west": {"uv": [2, 47], "uv_size": [0.625, 0.25]},
								"up": {"uv": [38, 8], "uv_size": [1, 0.625]},
								"down": {"uv": [38, 9.625], "uv_size": [1, -0.625]}
							}
						},
						{
							"origin": [-3.28125, 4.28125, 1.59375],
							"size": [1.03125, 0.21875, 0.375],
							"uv": {
								"north": {"uv": [7, 45], "uv_size": [1, 0.25]},
								"east": {"uv": [40, 47], "uv_size": [0.375, 0.25]},
								"south": {"uv": [45, 7], "uv_size": [1, 0.25]},
								"west": {"uv": [47, 40], "uv_size": [0.375, 0.25]},
								"up": {"uv": [14, 43], "uv_size": [1, 0.375]},
								"down": {"uv": [15, 43.375], "uv_size": [1, -0.375]}
							}
						},
						{
							"origin": [-3.28125, 4.5, 1.59375],
							"size": [1.03125, 0.21875, 0.0625],
							"uv": {
								"north": {"uv": [8, 45], "uv_size": [1, 0.25]},
								"east": {"uv": [43, 47], "uv_size": [0.125, 0.25]},
								"south": {"uv": [45, 8], "uv_size": [1, 0.25]},
								"west": {"uv": [47, 43], "uv_size": [0.125, 0.25]},
								"up": {"uv": [31, 47], "uv_size": [1, 0.125]},
								"down": {"uv": [47, 31.125], "uv_size": [1, -0.125]}
							}
						},
						{
							"origin": [-3.25, 3.15625, -2.71875],
							"size": [1, 1.625, 4.3125],
							"uv": {
								"north": {"uv": [32, 28], "uv_size": [1, 1.625]},
								"east": {"uv": [24, 14], "uv_size": [4.375, 1.625]},
								"south": {"uv": [8, 33], "uv_size": [1, 1.625]},
								"west": {"uv": [25, 0], "uv_size": [4.375, 1.625]},
								"up": {"uv": [15, 26], "uv_size": [1, 4.375]},
								"down": {"uv": [16, 30.375], "uv_size": [1, -4.375]}
							}
						},
						{
							"origin": [-2.25, 3.15625, -3.34375],
							"size": [4.90625, 1.625, 0.8125],
							"pivot": [2.65625, 4.78125, -3.34375],
							"rotation": [-35, 0, 0],
							"uv": {
								"north": {"uv": [3, 23], "uv_size": [4.875, 1.625]},
								"east": {"uv": [30, 33], "uv_size": [0.875, 1.625]},
								"south": {"uv": [8, 24], "uv_size": [4.875, 1.625]},
								"west": {"uv": [33, 32], "uv_size": [0.875, 1.625]},
								"up": {"uv": [26, 7], "uv_size": [4.875, 0.875]},
								"down": {"uv": [26, 21.875], "uv_size": [4.875, -0.875]}
							}
						},
						{
							"origin": [1.50625, 3.875, -3.84375],
							"size": [0.4, 0.55625, 0.5625],
							"uv": {
								"north": {"uv": [47, 0], "uv_size": [0.375, 0.5]},
								"east": {"uv": [25, 44], "uv_size": [0.625, 0.5]},
								"south": {"uv": [1, 47], "uv_size": [0.375, 0.5]},
								"west": {"uv": [44, 25], "uv_size": [0.625, 0.5]},
								"up": {"uv": [46, 14], "uv_size": [0.375, 0.625]},
								"down": {"uv": [15, 46.625], "uv_size": [0.375, -0.625]}
							}
						},
						{
							"origin": [1.6625, 4.0625, -4.65625],
							"size": [0.0875, 0.0875, 0.96875],
							"uv": {
								"north": {"uv": [45, 47], "uv_size": [0.125, 0.125]},
								"east": {"uv": [34, 47], "uv_size": [1, 0.125]},
								"south": {"uv": [47, 45], "uv_size": [0.125, 0.125]},
								"west": {"uv": [47, 34], "uv_size": [1, 0.125]},
								"up": {"uv": [35, 47], "uv_size": [0.125, 1]},
								"down": {"uv": [47, 36], "uv_size": [0.125, -1]}
							}
						},
						{
							"origin": [-2.25, 3.15625, -3.34375],
							"size": [4.90625, 1.625, 4.9375],
							"uv": {
								"north": {"uv": [24, 12], "uv_size": [4.875, 1.625]},
								"east": {"uv": [13, 22], "uv_size": [5, 1.625]},
								"south": {"uv": [13, 24], "uv_size": [4.875, 1.625]},
								"west": {"uv": [21, 22], "uv_size": [5, 1.625]},
								"up": {"uv": [10, 0], "uv_size": [4.875, 5]},
								"down": {"uv": [10, 10], "uv_size": [4.875, -5]}
							}
						},
						{
							"origin": [-2.25, 1.15625, -0.5625],
							"size": [4.90625, 3.625, 2.15625],
							"pivot": [2.65625, 4.78125, 1.59375],
							"rotation": [80, 0, 0],
							"uv": {
								"north": {"uv": [0, 14], "uv_size": [4.875, 3.625]},
								"east": {"uv": [21, 24], "uv_size": [2.125, 3.625]},
								"south": {"uv": [5, 14], "uv_size": [4.875, 3.625]},
								"west": {"uv": [24, 24], "uv_size": [2.125, 3.625]},
								"up": {"uv": [0, 18], "uv_size": [4.875, 2.125]},
								"down": {"uv": [5, 20.125], "uv_size": [4.875, -2.125]}
							}
						},
						{
							"origin": [-2.25, 2.12053, 3.00743],
							"size": [4.90625, 2.03125, 2.15625],
							"pivot": [2.65625, 4.15178, 5.16368],
							"rotation": [5, 0, 0],
							"uv": {
								"north": {"uv": [3, 21], "uv_size": [4.875, 2]},
								"east": {"uv": [26, 22], "uv_size": [2.125, 2]},
								"south": {"uv": [21, 6], "uv_size": [4.875, 2]},
								"west": {"uv": [5, 27], "uv_size": [2.125, 2]},
								"up": {"uv": [10, 19], "uv_size": [4.875, 2.125]},
								"down": {"uv": [15, 21.125], "uv_size": [4.875, -2.125]}
							}
						},
						{
							"origin": [-2.25, -0.7155, 3.18446],
							"size": [4.90625, 2.84375, 2.15625],
							"pivot": [2.65625, 2.12825, 5.34071],
							"rotation": [-67.5, 0, 0],
							"uv": {
								"north": {"uv": [15, 0], "uv_size": [4.875, 2.875]},
								"east": {"uv": [26, 4], "uv_size": [2.125, 2.875]},
								"south": {"uv": [15, 3], "uv_size": [4.875, 2.875]},
								"west": {"uv": [8, 26], "uv_size": [2.125, 2.875]},
								"up": {"uv": [20, 0], "uv_size": [4.875, 2.125]},
								"down": {"uv": [20, 5.125], "uv_size": [4.875, -2.125]}
							}
						},
						{
							"origin": [-3.25, 4.09375, -4.28125],
							"size": [1, 0.6875, 1.5625],
							"pivot": [-6.5, 4.78125, -2.71875],
							"rotation": [57.5, 0, 0],
							"uv": {
								"north": {"uv": [37, 16], "uv_size": [1, 0.75]},
								"east": {"uv": [35, 6], "uv_size": [1.625, 0.75]},
								"south": {"uv": [17, 37], "uv_size": [1, 0.75]},
								"west": {"uv": [9, 35], "uv_size": [1.625, 0.75]},
								"up": {"uv": [32, 4], "uv_size": [1, 1.625]},
								"down": {"uv": [32, 17.625], "uv_size": [1, -1.625]}
							}
						},
						{
							"origin": [-3.25, 3.50036, -5.5373],
							"size": [5.9375, 0.4375, 2.28125],
							"pivot": [-6.5, 3.93786, -3.25605],
							"rotation": [5, 0, 0],
							"uv": {
								"north": {"uv": [29, 6], "uv_size": [6, 0.5]},
								"east": {"uv": [35, 17], "uv_size": [2.25, 0.5]},
								"south": {"uv": [29, 18], "uv_size": [6, 0.5]},
								"west": {"uv": [18, 35], "uv_size": [2.25, 0.5]},
								"up": {"uv": [15, 6], "uv_size": [6, 2.25]},
								"down": {"uv": [10, 18.25], "uv_size": [6, -2.25]}
							}
						},
						{
							"origin": [-3.25, 3.30153, -5.52862],
							"size": [1, 0.28125, 10.125],
							"pivot": [-6.5, 3.73903, -5.52862],
							"rotation": [-5, 0, 0],
							"uv": {
								"north": {"uv": [44, 43], "uv_size": [1, 0.25]},
								"east": {"uv": [30, 14], "uv_size": [10.125, 0.25]},
								"south": {"uv": [44, 44], "uv_size": [1, 0.25]},
								"west": {"uv": [30, 15], "uv_size": [10.125, 0.25]},
								"up": {"uv": [20, 19], "uv_size": [1, 10.125]},
								"down": {"uv": [0, 31.125], "uv_size": [1, -10.125]}
							}
						},
						{
							"origin": [2.6875, 3.30153, -5.52862],
							"size": [1, 0.28125, 10.125],
							"pivot": [6.9375, 3.73903, -5.52862],
							"rotation": [-5, 0, 0],
							"uv": {
								"north": {"uv": [45, 43], "uv_size": [-1, 0.25]},
								"east": {"uv": [40.125, 15], "uv_size": [-10.125, 0.25]},
								"south": {"uv": [45, 44], "uv_size": [-1, 0.25]},
								"west": {"uv": [40.125, 14], "uv_size": [-10.125, 0.25]},
								"up": {"uv": [21, 19], "uv_size": [-1, 10.125]},
								"down": {"uv": [1, 31.125], "uv_size": [-1, -10.125]}
							}
						},
						{
							"origin": [-3.25, 3.27028, -5.52862],
							"size": [1, 0.46875, 2.8125],
							"uv": {
								"north": {"uv": [9, 42], "uv_size": [1, 0.5]},
								"east": {"uv": [33, 26], "uv_size": [2.875, 0.5]},
								"south": {"uv": [12, 42], "uv_size": [1, 0.5]},
								"west": {"uv": [33, 27], "uv_size": [2.875, 0.5]},
								"up": {"uv": [18, 30], "uv_size": [1, 2.875]},
								"down": {"uv": [19, 32.875], "uv_size": [1, -2.875]}
							}
						},
						{
							"origin": [-2.28125, 1.8125, -5.53125],
							"size": [4.9375, 1.84375, 6.6875],
							"uv": {
								"north": {"uv": [21, 16], "uv_size": [5, 1.875]},
								"east": {"uv": [17, 12], "uv_size": [6.75, 1.875]},
								"south": {"uv": [21, 18], "uv_size": [5, 1.875]},
								"west": {"uv": [17, 14], "uv_size": [6.75, 1.875]},
								"up": {"uv": [0, 7], "uv_size": [5, 6.75]},
								"down": {"uv": [5, 13.75], "uv_size": [5, -6.75]}
							}
						},
						{
							"origin": [-2.28125, 1.8125, -5.53125],
							"size": [4.9375, 1.84375, 1.5625],
							"pivot": [-2.28125, 1.8125, -5.53125],
							"rotation": [-25, 0, 0],
							"uv": {
								"north": {"uv": [21, 16], "uv_size": [5, 1.875]},
								"east": {"uv": [17, 12], "uv_size": [6.75, 1.875]},
								"south": {"uv": [21, 18], "uv_size": [5, 1.875]},
								"west": {"uv": [17, 14], "uv_size": [6.75, 1.875]},
								"up": {"uv": [0, 7], "uv_size": [5, 6.75]},
								"down": {"uv": [5, 13.75], "uv_size": [5, -6.75]}
							}
						},
						{
							"origin": [2.65625, 4.71875, 1.5625],
							"size": [1.03125, 0.0625, 3.65625],
							"pivot": [6.90625, 4.78125, 1.5625],
							"rotation": [-35, 0, 0],
							"uv": {
								"north": {"uv": [32, 47], "uv_size": [1, 0.125]},
								"east": {"uv": [42, 39], "uv_size": [3.625, 0.125]},
								"south": {"uv": [47, 32], "uv_size": [1, 0.125]},
								"west": {"uv": [40, 42], "uv_size": [3.625, 0.125]},
								"up": {"uv": [7, 29], "uv_size": [1, 3.625]},
								"down": {"uv": [8, 32.625], "uv_size": [1, -3.625]}
							}
						},
						{
							"origin": [2.65625, 2.96875, -0.6875],
							"size": [1, 0.21875, 4.3125],
							"uv": {
								"north": {"uv": [11, 45], "uv_size": [1, 0.25]},
								"east": {"uv": [35, 24], "uv_size": [4.375, 0.25]},
								"south": {"uv": [45, 11], "uv_size": [1, 0.25]},
								"west": {"uv": [35, 25], "uv_size": [4.375, 0.25]},
								"up": {"uv": [26, 16], "uv_size": [1, 4.375]},
								"down": {"uv": [17, 30.375], "uv_size": [1, -4.375]}
							}
						},
						{
							"origin": [2.65625, 2.75, 1.53125],
							"size": [1, 0.21875, 2.59375],
							"uv": {
								"north": {"uv": [12, 45], "uv_size": [1, 0.25]},
								"east": {"uv": [38, 3], "uv_size": [2.625, 0.25]},
								"south": {"uv": [45, 12], "uv_size": [1, 0.25]},
								"west": {"uv": [38, 4], "uv_size": [2.625, 0.25]},
								"up": {"uv": [14, 31], "uv_size": [1, 2.625]},
								"down": {"uv": [15, 33.625], "uv_size": [1, -2.625]}
							}
						},
						{
							"origin": [2.625, 3.1875, 1.59375],
							"size": [1.03125, 0.21875, 1.9375],
							"uv": {
								"north": {"uv": [13, 45], "uv_size": [1, 0.25]},
								"east": {"uv": [42, 19], "uv_size": [2, 0.25]},
								"south": {"uv": [45, 13], "uv_size": [1, 0.25]},
								"west": {"uv": [42, 20], "uv_size": [2, 0.25]},
								"up": {"uv": [1, 32], "uv_size": [1, 2]},
								"down": {"uv": [2, 34], "uv_size": [1, -2]}
							}
						},
						{
							"origin": [2.625, 3.40625, 1.59375],
							"size": [1.03125, 0.21875, 1.59375],
							"uv": {
								"north": {"uv": [14, 45], "uv_size": [1, 0.25]},
								"east": {"uv": [43, 1], "uv_size": [1.625, 0.25]},
								"south": {"uv": [45, 14], "uv_size": [1, 0.25]},
								"west": {"uv": [2, 43], "uv_size": [1.625, 0.25]},
								"up": {"uv": [10, 33], "uv_size": [1, 1.625]},
								"down": {"uv": [33, 11.625], "uv_size": [1, -1.625]}
							}
						},
						{
							"origin": [2.65665, 3.8125, 1.125],
							"size": [1.03125, 0.25, 3.40625],
							"pivot": [7.84375, 3.51563, 2.39063],
							"rotation": [-35, 0, 0],
							"uv": {
								"north": {"uv": [15, 45], "uv_size": [1, 0.25]},
								"east": {"uv": [37, 0], "uv_size": [3.375, 0.25]},
								"south": {"uv": [45, 15], "uv_size": [1, 0.25]},
								"west": {"uv": [37, 1], "uv_size": [3.375, 0.25]},
								"up": {"uv": [10, 29], "uv_size": [1, 3.375]},
								"down": {"uv": [29, 15.375], "uv_size": [1, -3.375]}
							}
						},
						{
							"origin": [2.625, 3.625, 1.59375],
							"size": [1.03125, 0.21875, 1.3125],
							"uv": {
								"north": {"uv": [16, 45], "uv_size": [1, 0.25]},
								"east": {"uv": [43, 18], "uv_size": [1.375, 0.25]},
								"south": {"uv": [45, 16], "uv_size": [1, 0.25]},
								"west": {"uv": [20, 43], "uv_size": [1.375, 0.25]},
								"up": {"uv": [14, 34], "uv_size": [1, 1.375]},
								"down": {"uv": [15, 35.375], "uv_size": [1, -1.375]}
							}
						},
						{
							"origin": [2.625, 4.0625, 1.59375],
							"size": [1.03125, 0.21875, 0.65625],
							"uv": {
								"north": {"uv": [19, 45], "uv_size": [1, 0.25]},
								"east": {"uv": [47, 2], "uv_size": [0.625, 0.25]},
								"south": {"uv": [45, 19], "uv_size": [1, 0.25]},
								"west": {"uv": [3, 47], "uv_size": [0.625, 0.25]},
								"up": {"uv": [11, 38], "uv_size": [1, 0.625]},
								"down": {"uv": [12, 38.625], "uv_size": [1, -0.625]}
							}
						},
						{
							"origin": [2.65625, 3.84375, 1.59375],
							"size": [1, 0.21875, 0.96875],
							"uv": {
								"north": {"uv": [17, 45], "uv_size": [1, 0.25]},
								"east": {"uv": [45, 17], "uv_size": [1, 0.25]},
								"south": {"uv": [18, 45], "uv_size": [1, 0.25]},
								"west": {"uv": [45, 18], "uv_size": [1, 0.25]},
								"up": {"uv": [9, 36], "uv_size": [1, 1]},
								"down": {"uv": [10, 37], "uv_size": [1, -1]}
							}
						},
						{
							"origin": [2.65625, 4.5, 1.59375],
							"size": [1.03125, 0.21875, 0.0625],
							"uv": {
								"north": {"uv": [21, 45], "uv_size": [1, 0.25]},
								"east": {"uv": [44, 47], "uv_size": [0.125, 0.25]},
								"south": {"uv": [45, 21], "uv_size": [1, 0.25]},
								"west": {"uv": [47, 44], "uv_size": [0.125, 0.25]},
								"up": {"uv": [33, 47], "uv_size": [1, 0.125]},
								"down": {"uv": [47, 33.125], "uv_size": [1, -0.125]}
							}
						},
						{
							"origin": [2.65625, 3.15625, -2.71875],
							"size": [1, 1.625, 4.3125],
							"uv": {
								"north": {"uv": [33, 12], "uv_size": [1, 1.625]},
								"east": {"uv": [25, 2], "uv_size": [4.375, 1.625]},
								"south": {"uv": [33, 16], "uv_size": [1, 1.625]},
								"west": {"uv": [3, 25], "uv_size": [4.375, 1.625]},
								"up": {"uv": [3, 27], "uv_size": [1, 4.375]},
								"down": {"uv": [4, 31.375], "uv_size": [1, -4.375]}
							}
						},
						{
							"origin": [2.625, 4.28125, 1.59375],
							"size": [1.03125, 0.21875, 0.375],
							"uv": {
								"north": {"uv": [20, 45], "uv_size": [1, 0.25]},
								"east": {"uv": [41, 47], "uv_size": [0.375, 0.25]},
								"south": {"uv": [45, 20], "uv_size": [1, 0.25]},
								"west": {"uv": [47, 41], "uv_size": [0.375, 0.25]},
								"up": {"uv": [16, 43], "uv_size": [1, 0.375]},
								"down": {"uv": [17, 43.375], "uv_size": [1, -0.375]}
							}
						},
						{
							"origin": [2.65625, 3.50036, -5.5373],
							"size": [1, 0.4375, 2.28125],
							"pivot": [6.90625, 3.93786, -3.25605],
							"rotation": [5, 0, 0],
							"uv": {
								"north": {"uv": [21, 42], "uv_size": [1, 0.5]},
								"east": {"uv": [35, 18], "uv_size": [2.25, 0.5]},
								"south": {"uv": [42, 22], "uv_size": [1, 0.5]},
								"west": {"uv": [21, 35], "uv_size": [2.25, 0.5]},
								"up": {"uv": [16, 31], "uv_size": [1, 2.25]},
								"down": {"uv": [17, 33.25], "uv_size": [1, -2.25]}
							}
						},
						{
							"origin": [2.65625, 4.09375, -4.28125],
							"size": [1, 0.6875, 1.5625],
							"pivot": [6.90625, 4.78125, -2.71875],
							"rotation": [57.5, 0, 0],
							"uv": {
								"north": {"uv": [18, 37], "uv_size": [1, 0.75]},
								"east": {"uv": [16, 35], "uv_size": [1.625, 0.75]},
								"south": {"uv": [19, 37], "uv_size": [1, 0.75]},
								"west": {"uv": [35, 16], "uv_size": [1.625, 0.75]},
								"up": {"uv": [18, 33], "uv_size": [1, 1.625]},
								"down": {"uv": [19, 34.625], "uv_size": [1, -1.625]}
							}
						}
					]
				},
				{
					"name": "octagon",
					"pivot": [0.15155, 5.19792, -0.9574],
					"cubes": [
						{
							"origin": [-0.46507, 4.75, -2.46875],
							"size": [1.24264, 1.15625, 3],
							"pivot": [0.15625, 9, -0.96875],
							"rotation": [0, -45, 0],
							"uv": {
								"north": {"uv": [0, 34], "uv_size": [1.25, 1.125]},
								"east": {"uv": [29, 16], "uv_size": [3, 1.125]},
								"south": {"uv": [34, 0], "uv_size": [1.25, 1.125]},
								"west": {"uv": [29, 22], "uv_size": [3, 1.125]},
								"up": {"uv": [27, 8], "uv_size": [1.25, 3]},
								"down": {"uv": [27, 19], "uv_size": [1.25, -3]}
							}
						},
						{
							"origin": [-0.30882, 5.90625, -2.0625],
							"size": [0.93014, 0.0625, 2.21875],
							"pivot": [0.15625, 10.15625, -0.96875],
							"rotation": [0, -45, 0],
							"uv": {
								"north": {"uv": [36, 47], "uv_size": [0.875, 0.125]},
								"east": {"uv": [26, 44], "uv_size": [2.25, 0.125]},
								"south": {"uv": [47, 36], "uv_size": [0.875, 0.125]},
								"west": {"uv": [44, 26], "uv_size": [2.25, 0.125]},
								"up": {"uv": [3, 32], "uv_size": [0.875, 2.25]},
								"down": {"uv": [4, 34.25], "uv_size": [0.875, -2.25]}
							}
						},
						{
							"origin": [-0.30882, 5.90625, -2.0625],
							"size": [0.89889, 0.0625, 2.21875],
							"uv": {
								"north": {"uv": [37, 47], "uv_size": [0.875, 0.125]},
								"east": {"uv": [44, 27], "uv_size": [2.25, 0.125]},
								"south": {"uv": [47, 37], "uv_size": [0.875, 0.125]},
								"west": {"uv": [44, 28], "uv_size": [2.25, 0.125]},
								"up": {"uv": [32, 10], "uv_size": [0.875, 2.25]},
								"down": {"uv": [32, 24.25], "uv_size": [0.875, -2.25]}
							}
						},
						{
							"origin": [-0.27757, 5.90625, -2.0625],
							"size": [0.93014, 0.0625, 2.21875],
							"pivot": [0.15625, 5.875, -0.96875],
							"rotation": [0, -90, 0],
							"uv": {
								"north": {"uv": [39, 47], "uv_size": [0.875, 0.125]},
								"east": {"uv": [32, 44], "uv_size": [2.25, 0.125]},
								"south": {"uv": [47, 39], "uv_size": [0.875, 0.125]},
								"west": {"uv": [44, 32], "uv_size": [2.25, 0.125]},
								"up": {"uv": [32, 32], "uv_size": [0.875, 2.25]},
								"down": {"uv": [33, 2.25], "uv_size": [0.875, -2.25]}
							}
						},
						{
							"origin": [-0.34007, 5.90625, -2.0625],
							"size": [0.93014, 0.0625, 2.21875],
							"pivot": [0.15625, 5.875, -0.96875],
							"rotation": [0, 45, 0],
							"uv": {
								"north": {"uv": [38, 47], "uv_size": [0.875, 0.125]},
								"east": {"uv": [29, 44], "uv_size": [2.25, 0.125]},
								"south": {"uv": [47, 38], "uv_size": [0.875, 0.125]},
								"west": {"uv": [44, 29], "uv_size": [2.25, 0.125]},
								"up": {"uv": [32, 25], "uv_size": [0.875, 2.25]},
								"down": {"uv": [31, 34.25], "uv_size": [0.875, -2.25]}
							}
						},
						{
							"origin": [-0.46507, 90, -2.0625],
							"size": [1.24264, 0.0625, 2.21875],
							"pivot": [0.15625, 5.875, -0.96875],
							"rotation": [0, 45, 0],
							"uv": {
								"north": {"uv": [47, 6], "uv_size": [1.25, 0.125]},
								"east": {"uv": [44, 30], "uv_size": [2.25, 0.125]},
								"south": {"uv": [7, 47], "uv_size": [1.25, 0.125]},
								"west": {"uv": [44, 31], "uv_size": [2.25, 0.125]},
								"up": {"uv": [22, 30], "uv_size": [1.25, 2.25]},
								"down": {"uv": [24, 32.25], "uv_size": [1.25, -2.25]}
							}
						},
						{
							"origin": [-0.46507, 4.75, -2.46875],
							"size": [1.24264, 1.15625, 3],
							"uv": {
								"north": {"uv": [34, 2], "uv_size": [1.25, 1.125]},
								"east": {"uv": [29, 24], "uv_size": [3, 1.125]},
								"south": {"uv": [34, 4], "uv_size": [1.25, 1.125]},
								"west": {"uv": [29, 26], "uv_size": [3, 1.125]},
								"up": {"uv": [27, 24], "uv_size": [1.25, 3]},
								"down": {"uv": [27, 30], "uv_size": [1.25, -3]}
							}
						},
						{
							"origin": [-1.34375, 4.75, -1.59007],
							"size": [3, 1.15625, 1.24264],
							"pivot": [0.15625, 9, -0.96875],
							"rotation": [0, -45, 0],
							"uv": {
								"north": {"uv": [29, 28], "uv_size": [3, 1.125]},
								"east": {"uv": [34, 8], "uv_size": [1.25, 1.125]},
								"south": {"uv": [30, 0], "uv_size": [3, 1.125]},
								"west": {"uv": [34, 10], "uv_size": [1.25, 1.125]},
								"up": {"uv": [27, 19], "uv_size": [3, 1.25]},
								"down": {"uv": [21, 29.25], "uv_size": [3, -1.25]}
							}
						},
						{
							"origin": [-1.34375, 4.75, -1.59007],
							"size": [3, 1.15625, 1.24264],
							"uv": {
								"north": {"uv": [30, 2], "uv_size": [3, 1.125]},
								"east": {"uv": [11, 34], "uv_size": [1.25, 1.125]},
								"south": {"uv": [30, 8], "uv_size": [3, 1.125]},
								"west": {"uv": [34, 12], "uv_size": [1.25, 1.125]},
								"up": {"uv": [24, 28], "uv_size": [3, 1.25]},
								"down": {"uv": [29, 5.25], "uv_size": [3, -1.25]}
							}
						},
						{
							"origin": [1.65625, 5.15625, -1.37132],
							"size": [0.03125, 0.375, 0.61764],
							"uv": {
								"north": {"uv": [30, 2], "uv_size": [3, 1.125]},
								"east": {"uv": [11, 34], "uv_size": [1.25, 1.125]},
								"south": {"uv": [30, 8], "uv_size": [3, 1.125]},
								"west": {"uv": [0, 57.46875], "uv_size": [10.03125, 6.53125]},
								"up": {"uv": [24, 28], "uv_size": [3, 1.25]},
								"down": {"uv": [29, 5.25], "uv_size": [3, -1.25]}
							}
						}
					]
				},
				{
					"name": "bone5",
					"parent": "octagon",
					"pivot": [0.40625, 9, -0.96875],
					"cubes": [
						{
							"origin": [-0.1875, 5, -3.8125],
							"size": [0.59375, 0.21875, 1.375],
							"uv": {
								"north": {"uv": [47, 3], "uv_size": [0.625, 0.25]},
								"east": {"uv": [43, 21], "uv_size": [1.375, 0.25]},
								"south": {"uv": [4, 47], "uv_size": [0.625, 0.25]},
								"west": {"uv": [22, 43], "uv_size": [1.375, 0.25]},
								"up": {"uv": [15, 36], "uv_size": [0.625, 1.375]},
								"down": {"uv": [16, 37.375], "uv_size": [0.625, -1.375]}
							}
						},
						{
							"origin": [-0.1875, 5.21394, -3.42289],
							"size": [0.59375, 0.4375, 1],
							"uv": {
								"north": {"uv": [44, 14], "uv_size": [0.625, 0.5]},
								"east": {"uv": [42, 25], "uv_size": [1, 0.5]},
								"south": {"uv": [15, 44], "uv_size": [0.625, 0.5]},
								"west": {"uv": [42, 26], "uv_size": [1, 0.5]},
								"up": {"uv": [13, 38], "uv_size": [0.625, 1]},
								"down": {"uv": [38, 14], "uv_size": [0.625, -1]}
							}
						},
						{
							"origin": [-0.53125, 4.93269, -2.95414],
							"size": [1.21875, 0.875, 0.5],
							"uv": {
								"north": {"uv": [24, 35], "uv_size": [1.25, 0.875]},
								"east": {"uv": [42, 40], "uv_size": [0.5, 0.875]},
								"south": {"uv": [27, 35], "uv_size": [1.25, 0.875]},
								"west": {"uv": [42, 41], "uv_size": [0.5, 0.875]},
								"up": {"uv": [38, 17], "uv_size": [1.25, 0.5]},
								"down": {"uv": [38, 18.5], "uv_size": [1.25, -0.5]}
							}
						},
						{
							"origin": [-0.03125, 5.30769, -5.61039],
							"size": [0.25, 0.25, 2.4688],
							"uv": {
								"north": {"uv": [42, 47], "uv_size": [0.25, 0.25]},
								"east": {"uv": [14, 38], "uv_size": [2.5, 0.25]},
								"south": {"uv": [47, 42], "uv_size": [0.25, 0.25]},
								"west": {"uv": [38, 16], "uv_size": [2.5, 0.25]},
								"up": {"uv": [17, 38], "uv_size": [0.25, 2.5]},
								"down": {"uv": [18, 40.5], "uv_size": [0.25, -2.5]}
							}
						},
						{
							"origin": [-0.1875, 4.9375, -3.8125],
							"size": [0.59375, 0.28125, 0.59375],
							"pivot": [-0.09375, 5.20313, -3.8125],
							"rotation": [47.5, 0, 0],
							"uv": {
								"north": {"uv": [47, 4], "uv_size": [0.625, 0.25]},
								"east": {"uv": [5, 47], "uv_size": [0.625, 0.25]},
								"south": {"uv": [47, 5], "uv_size": [0.625, 0.25]},
								"west": {"uv": [6, 47], "uv_size": [0.625, 0.25]},
								"up": {"uv": [43, 2], "uv_size": [0.625, 0.625]},
								"down": {"uv": [43, 3.625], "uv_size": [0.625, -0.625]}
							}
						}
					]
				},
				{
					"name": "bone6",
					"pivot": [0.125, 0, 0]
				},
				{
					"name": "octagon",
					"parent": "bone6",
					"pivot": [0.125, 0.8125, -0.09375],
					"cubes": [
						{
							"origin": [-2.94406, 0.55155, -0.72375],
							"size": [0.48187, 0.52191, 1.26],
							"pivot": [6.94844, 0.8125, -0.09375],
							"rotation": [-45, 0, 0],
							"uv": {
								"north": {"uv": [23, 45], "uv_size": [0.5, 0.5]},
								"east": {"uv": [23, 38], "uv_size": [1.25, 0.5]},
								"south": {"uv": [45, 23], "uv_size": [0.5, 0.5]},
								"west": {"uv": [25, 38], "uv_size": [1.25, 0.5]},
								"up": {"uv": [19, 38], "uv_size": [0.5, 1.25]},
								"down": {"uv": [38, 27.25], "uv_size": [0.5, -1.25]}
							}
						},
						{
							"origin": [-2.94406, 0.55155, -0.72375],
							"size": [0.48187, 0.52191, 1.26],
							"uv": {
								"north": {"uv": [24, 45], "uv_size": [0.5, 0.5]},
								"east": {"uv": [38, 28], "uv_size": [1.25, 0.5]},
								"south": {"uv": [45, 24], "uv_size": [0.5, 0.5]},
								"west": {"uv": [38, 32], "uv_size": [1.25, 0.5]},
								"up": {"uv": [29, 38], "uv_size": [0.5, 1.25]},
								"down": {"uv": [38, 34.25], "uv_size": [0.5, -1.25]}
							}
						},
						{
							"origin": [-2.94406, 0.1825, -0.3547],
							"size": [0.48187, 1.26, 0.52191],
							"pivot": [6.94844, 0.8125, -0.09375],
							"rotation": [-45, 0, 0],
							"uv": {
								"north": {"uv": [35, 38], "uv_size": [0.5, 1.25]},
								"east": {"uv": [38, 37], "uv_size": [0.5, 1.25]},
								"south": {"uv": [2, 39], "uv_size": [0.5, 1.25]},
								"west": {"uv": [3, 39], "uv_size": [0.5, 1.25]},
								"up": {"uv": [25, 45], "uv_size": [0.5, 0.5]},
								"down": {"uv": [45, 25.5], "uv_size": [0.5, -0.5]}
							}
						},
						{
							"origin": [-2.94406, 0.1825, -0.3547],
							"size": [0.48187, 1.26, 0.52191],
							"uv": {
								"north": {"uv": [4, 39], "uv_size": [0.5, 1.25]},
								"east": {"uv": [5, 39], "uv_size": [0.5, 1.25]},
								"south": {"uv": [6, 39], "uv_size": [0.5, 1.25]},
								"west": {"uv": [7, 39], "uv_size": [0.5, 1.25]},
								"up": {"uv": [26, 45], "uv_size": [0.5, 0.5]},
								"down": {"uv": [27, 45.5], "uv_size": [0.5, -0.5]}
							}
						},
						{
							"origin": [2.71219, 0.55155, -0.72375],
							"size": [0.48187, 0.52191, 1.26],
							"pivot": [-6.69844, 0.8125, -0.09375],
							"rotation": [-45, 0, 0],
							"uv": {
								"north": {"uv": [28, 45], "uv_size": [0.5, 0.5]},
								"east": {"uv": [38, 35], "uv_size": [1.25, 0.5]},
								"south": {"uv": [29, 45], "uv_size": [0.5, 0.5]},
								"west": {"uv": [39, 7], "uv_size": [1.25, 0.5]},
								"up": {"uv": [8, 39], "uv_size": [0.5, 1.25]},
								"down": {"uv": [39, 9.25], "uv_size": [0.5, -1.25]}
							}
						},
						{
							"origin": [2.71219, 0.55155, -0.72375],
							"size": [0.48187, 0.52191, 1.26],
							"uv": {
								"north": {"uv": [30, 45], "uv_size": [0.5, 0.5]},
								"east": {"uv": [9, 39], "uv_size": [1.25, 0.5]},
								"south": {"uv": [31, 45], "uv_size": [0.5, 0.5]},
								"west": {"uv": [11, 39], "uv_size": [1.25, 0.5]},
								"up": {"uv": [13, 39], "uv_size": [0.5, 1.25]},
								"down": {"uv": [14, 40.25], "uv_size": [0.5, -1.25]}
							}
						},
						{
							"origin": [2.71219, 0.1825, -0.3547],
							"size": [0.48187, 1.26, 0.52191],
							"pivot": [-6.69844, 0.8125, -0.09375],
							"rotation": [-45, 0, 0],
							"uv": {
								"north": {"uv": [15, 39], "uv_size": [0.5, 1.25]},
								"east": {"uv": [16, 39], "uv_size": [0.5, 1.25]},
								"south": {"uv": [20, 39], "uv_size": [0.5, 1.25]},
								"west": {"uv": [21, 39], "uv_size": [0.5, 1.25]},
								"up": {"uv": [32, 45], "uv_size": [0.5, 0.5]},
								"down": {"uv": [33, 45.5], "uv_size": [0.5, -0.5]}
							}
						},
						{
							"origin": [2.71219, 0.1825, -0.3547],
							"size": [0.48187, 1.26, 0.52191],
							"uv": {
								"north": {"uv": [22, 39], "uv_size": [0.5, 1.25]},
								"east": {"uv": [23, 39], "uv_size": [0.5, 1.25]},
								"south": {"uv": [24, 39], "uv_size": [0.5, 1.25]},
								"west": {"uv": [25, 39], "uv_size": [0.5, 1.25]},
								"up": {"uv": [45, 33], "uv_size": [0.5, 0.5]},
								"down": {"uv": [34, 45.5], "uv_size": [0.5, -0.5]}
							}
						}
					]
				},
				{
					"name": "octagon2",
					"parent": "bone6",
					"pivot": [0.125, 0.8125, 1.78125],
					"cubes": [
						{
							"origin": [-2.94406, 0.55155, 1.15125],
							"size": [0.48187, 0.52191, 1.26],
							"pivot": [6.94844, 0.8125, 1.78125],
							"rotation": [-45, 0, 0],
							"uv": {
								"north": {"uv": [45, 34], "uv_size": [0.5, 0.5]},
								"east": {"uv": [39, 13], "uv_size": [1.25, 0.5]},
								"south": {"uv": [35, 45], "uv_size": [0.5, 0.5]},
								"west": {"uv": [39, 21], "uv_size": [1.25, 0.5]},
								"up": {"uv": [26, 39], "uv_size": [0.5, 1.25]},
								"down": {"uv": [39, 27.25], "uv_size": [0.5, -1.25]}
							}
						},
						{
							"origin": [-2.94406, 0.55155, 1.15125],
							"size": [0.48187, 0.52191, 1.26],
							"uv": {
								"north": {"uv": [45, 35], "uv_size": [0.5, 0.5]},
								"east": {"uv": [27, 39], "uv_size": [1.25, 0.5]},
								"south": {"uv": [36, 45], "uv_size": [0.5, 0.5]},
								"west": {"uv": [30, 39], "uv_size": [1.25, 0.5]},
								"up": {"uv": [39, 30], "uv_size": [0.5, 1.25]},
								"down": {"uv": [32, 40.25], "uv_size": [0.5, -1.25]}
							}
						},
						{
							"origin": [-2.94406, 0.1825, 1.5203],
							"size": [0.48187, 1.26, 0.52191],
							"pivot": [6.94844, 0.8125, 1.78125],
							"rotation": [-45, 0, 0],
							"uv": {
								"north": {"uv": [33, 39], "uv_size": [0.5, 1.25]},
								"east": {"uv": [39, 33], "uv_size": [0.5, 1.25]},
								"south": {"uv": [34, 39], "uv_size": [0.5, 1.25]},
								"west": {"uv": [36, 39], "uv_size": [0.5, 1.25]},
								"up": {"uv": [45, 36], "uv_size": [0.5, 0.5]},
								"down": {"uv": [37, 45.5], "uv_size": [0.5, -0.5]}
							}
						},
						{
							"origin": [-2.94406, 0.1825, 1.5203],
							"size": [0.48187, 1.26, 0.52191],
							"uv": {
								"north": {"uv": [37, 39], "uv_size": [0.5, 1.25]},
								"east": {"uv": [39, 37], "uv_size": [0.5, 1.25]},
								"south": {"uv": [38, 39], "uv_size": [0.5, 1.25]},
								"west": {"uv": [39, 39], "uv_size": [0.5, 1.25]},
								"up": {"uv": [38, 45], "uv_size": [0.5, 0.5]},
								"down": {"uv": [39, 45.5], "uv_size": [0.5, -0.5]}
							}
						},
						{
							"origin": [2.71219, 0.55155, 1.15125],
							"size": [0.48187, 0.52191, 1.26],
							"pivot": [-6.69844, 0.8125, 1.78125],
							"rotation": [-45, 0, 0],
							"uv": {
								"north": {"uv": [40, 45], "uv_size": [0.5, 0.5]},
								"east": {"uv": [0, 40], "uv_size": [1.25, 0.5]},
								"south": {"uv": [45, 40], "uv_size": [0.5, 0.5]},
								"west": {"uv": [40, 8], "uv_size": [1.25, 0.5]},
								"up": {"uv": [9, 40], "uv_size": [0.5, 1.25]},
								"down": {"uv": [40, 10.25], "uv_size": [0.5, -1.25]}
							}
						},
						{
							"origin": [2.71219, 0.55155, 1.15125],
							"size": [0.48187, 0.52191, 1.26],
							"uv": {
								"north": {"uv": [41, 45], "uv_size": [0.5, 0.5]},
								"east": {"uv": [10, 40], "uv_size": [1.25, 0.5]},
								"south": {"uv": [45, 41], "uv_size": [0.5, 0.5]},
								"west": {"uv": [40, 11], "uv_size": [1.25, 0.5]},
								"up": {"uv": [12, 40], "uv_size": [0.5, 1.25]},
								"down": {"uv": [40, 18.25], "uv_size": [0.5, -1.25]}
							}
						},
						{
							"origin": [2.71219, 0.1825, 1.5203],
							"size": [0.48187, 1.26, 0.52191],
							"pivot": [-6.69844, 0.8125, 1.78125],
							"rotation": [-45, 0, 0],
							"uv": {
								"north": {"uv": [19, 40], "uv_size": [0.5, 1.25]},
								"east": {"uv": [40, 22], "uv_size": [0.5, 1.25]},
								"south": {"uv": [40, 24], "uv_size": [0.5, 1.25]},
								"west": {"uv": [40, 26], "uv_size": [0.5, 1.25]},
								"up": {"uv": [42, 45], "uv_size": [0.5, 0.5]},
								"down": {"uv": [45, 42.5], "uv_size": [0.5, -0.5]}
							}
						},
						{
							"origin": [2.71219, 0.1825, 1.5203],
							"size": [0.48187, 1.26, 0.52191],
							"uv": {
								"north": {"uv": [27, 40], "uv_size": [0.5, 1.25]},
								"east": {"uv": [28, 40], "uv_size": [0.5, 1.25]},
								"south": {"uv": [40, 28], "uv_size": [0.5, 1.25]},
								"west": {"uv": [29, 40], "uv_size": [0.5, 1.25]},
								"up": {"uv": [43, 45], "uv_size": [0.5, 0.5]},
								"down": {"uv": [45, 43.5], "uv_size": [0.5, -0.5]}
							}
						}
					]
				},
				{
					"name": "octagon8",
					"parent": "bone6",
					"pivot": [0.125, 2.21875, -2.71875],
					"cubes": [
						{
							"origin": [-2.77446, 2.0413, -3.14715],
							"size": [0.32768, 0.3549, 0.8568],
							"pivot": [3.95244, 2.21875, -2.71875],
							"rotation": [-45, 0, 0],
							"uv": {
								"north": {"uv": [47, 7], "uv_size": [0.375, 0.375]},
								"east": {"uv": [43, 22], "uv_size": [0.875, 0.375]},
								"south": {"uv": [47, 8], "uv_size": [0.375, 0.375]},
								"west": {"uv": [43, 23], "uv_size": [0.875, 0.375]},
								"up": {"uv": [24, 43], "uv_size": [0.375, 0.875]},
								"down": {"uv": [43, 24.875], "uv_size": [0.375, -0.875]}
							}
						},
						{
							"origin": [-2.77446, 2.0413, -3.14715],
							"size": [0.32767, 0.3549, 0.8568],
							"uv": {
								"north": {"uv": [9, 47], "uv_size": [0.375, 0.375]},
								"east": {"uv": [25, 43], "uv_size": [0.875, 0.375]},
								"south": {"uv": [47, 9], "uv_size": [0.375, 0.375]},
								"west": {"uv": [43, 25], "uv_size": [0.875, 0.375]},
								"up": {"uv": [26, 43], "uv_size": [0.375, 0.875]},
								"down": {"uv": [43, 26.875], "uv_size": [0.375, -0.875]}
							}
						},
						{
							"origin": [-2.77446, 1.79035, -2.8962],
							"size": [0.32768, 0.8568, 0.3549],
							"pivot": [3.95244, 2.21875, -2.71875],
							"rotation": [-45, 0, 0],
							"uv": {
								"north": {"uv": [27, 43], "uv_size": [0.375, 0.875]},
								"east": {"uv": [43, 27], "uv_size": [0.375, 0.875]},
								"south": {"uv": [28, 43], "uv_size": [0.375, 0.875]},
								"west": {"uv": [43, 28], "uv_size": [0.375, 0.875]},
								"up": {"uv": [10, 47], "uv_size": [0.375, 0.375]},
								"down": {"uv": [47, 10.375], "uv_size": [0.375, -0.375]}
							}
						},
						{
							"origin": [-2.77446, 1.79035, -2.8962],
							"size": [0.32768, 0.8568, 0.3549],
							"uv": {
								"north": {"uv": [29, 43], "uv_size": [0.375, 0.875]},
								"east": {"uv": [43, 29], "uv_size": [0.375, 0.875]},
								"south": {"uv": [30, 43], "uv_size": [0.375, 0.875]},
								"west": {"uv": [43, 30], "uv_size": [0.375, 0.875]},
								"up": {"uv": [11, 47], "uv_size": [0.375, 0.375]},
								"down": {"uv": [47, 11.375], "uv_size": [0.375, -0.375]}
							}
						},
						{
							"origin": [2.69679, 2.0413, -3.14715],
							"size": [0.32768, 0.3549, 0.8568],
							"pivot": [-3.70244, 2.21875, -2.71875],
							"rotation": [-45, 0, 0],
							"uv": {
								"north": {"uv": [12, 47], "uv_size": [0.375, 0.375]},
								"east": {"uv": [31, 43], "uv_size": [0.875, 0.375]},
								"south": {"uv": [47, 12], "uv_size": [0.375, 0.375]},
								"west": {"uv": [43, 31], "uv_size": [0.875, 0.375]},
								"up": {"uv": [32, 43], "uv_size": [0.375, 0.875]},
								"down": {"uv": [43, 32.875], "uv_size": [0.375, -0.875]}
							}
						},
						{
							"origin": [2.69679, 2.0413, -3.14715],
							"size": [0.32767, 0.3549, 0.8568],
							"uv": {
								"north": {"uv": [13, 47], "uv_size": [0.375, 0.375]},
								"east": {"uv": [33, 43], "uv_size": [0.875, 0.375]},
								"south": {"uv": [47, 13], "uv_size": [0.375, 0.375]},
								"west": {"uv": [43, 33], "uv_size": [0.875, 0.375]},
								"up": {"uv": [34, 43], "uv_size": [0.375, 0.875]},
								"down": {"uv": [43, 34.875], "uv_size": [0.375, -0.875]}
							}
						},
						{
							"origin": [2.69679, 1.79035, -2.8962],
							"size": [0.32768, 0.8568, 0.3549],
							"pivot": [-3.70244, 2.21875, -2.71875],
							"rotation": [-45, 0, 0],
							"uv": {
								"north": {"uv": [35, 43], "uv_size": [0.375, 0.875]},
								"east": {"uv": [43, 35], "uv_size": [0.375, 0.875]},
								"south": {"uv": [36, 43], "uv_size": [0.375, 0.875]},
								"west": {"uv": [43, 36], "uv_size": [0.375, 0.875]},
								"up": {"uv": [14, 47], "uv_size": [0.375, 0.375]},
								"down": {"uv": [47, 14.375], "uv_size": [0.375, -0.375]}
							}
						},
						{
							"origin": [2.69679, 1.79035, -2.8962],
							"size": [0.32768, 0.8568, 0.3549],
							"uv": {
								"north": {"uv": [37, 43], "uv_size": [0.375, 0.875]},
								"east": {"uv": [38, 43], "uv_size": [0.375, 0.875]},
								"south": {"uv": [39, 43], "uv_size": [0.375, 0.875]},
								"west": {"uv": [40, 43], "uv_size": [0.375, 0.875]},
								"up": {"uv": [15, 47], "uv_size": [0.375, 0.375]},
								"down": {"uv": [47, 15.375], "uv_size": [0.375, -0.375]}
							}
						}
					]
				},
				{
					"name": "octagon7",
					"parent": "bone6",
					"pivot": [0.125, 2.03125, 0.875],
					"cubes": [
						{
							"origin": [-2.77446, 1.8538, 0.4466],
							"size": [0.32768, 0.3549, 0.8568],
							"pivot": [3.95244, 2.03125, 0.875],
							"rotation": [-45, 0, 0],
							"uv": {
								"north": {"uv": [16, 47], "uv_size": [0.375, 0.375]},
								"east": {"uv": [43, 40], "uv_size": [0.875, 0.375]},
								"south": {"uv": [47, 16], "uv_size": [0.375, 0.375]},
								"west": {"uv": [41, 43], "uv_size": [0.875, 0.375]},
								"up": {"uv": [43, 41], "uv_size": [0.375, 0.875]},
								"down": {"uv": [42, 43.875], "uv_size": [0.375, -0.875]}
							}
						},
						{
							"origin": [-2.77446, 1.8538, 0.4466],
							"size": [0.32767, 0.3549, 0.8568],
							"uv": {
								"north": {"uv": [17, 47], "uv_size": [0.375, 0.375]},
								"east": {"uv": [43, 43], "uv_size": [0.875, 0.375]},
								"south": {"uv": [47, 17], "uv_size": [0.375, 0.375]},
								"west": {"uv": [0, 44], "uv_size": [0.875, 0.375]},
								"up": {"uv": [1, 44], "uv_size": [0.375, 0.875]},
								"down": {"uv": [2, 44.875], "uv_size": [0.375, -0.875]}
							}
						},
						{
							"origin": [-2.77446, 1.60285, 0.69755],
							"size": [0.32768, 0.8568, 0.3549],
							"pivot": [3.95244, 2.03125, 0.875],
							"rotation": [-45, 0, 0],
							"uv": {
								"north": {"uv": [44, 2], "uv_size": [0.375, 0.875]},
								"east": {"uv": [3, 44], "uv_size": [0.375, 0.875]},
								"south": {"uv": [44, 3], "uv_size": [0.375, 0.875]},
								"west": {"uv": [4, 44], "uv_size": [0.375, 0.875]},
								"up": {"uv": [18, 47], "uv_size": [0.375, 0.375]},
								"down": {"uv": [47, 18.375], "uv_size": [0.375, -0.375]}
							}
						},
						{
							"origin": [-2.77446, 1.60285, 0.69755],
							"size": [0.32768, 0.8568, 0.3549],
							"uv": {
								"north": {"uv": [44, 4], "uv_size": [0.375, 0.875]},
								"east": {"uv": [5, 44], "uv_size": [0.375, 0.875]},
								"south": {"uv": [44, 5], "uv_size": [0.375, 0.875]},
								"west": {"uv": [6, 44], "uv_size": [0.375, 0.875]},
								"up": {"uv": [19, 47], "uv_size": [0.375, 0.375]},
								"down": {"uv": [47, 19.375], "uv_size": [0.375, -0.375]}
							}
						},
						{
							"origin": [2.69679, 1.8538, 0.4466],
							"size": [0.32768, 0.3549, 0.8568],
							"pivot": [-3.70244, 2.03125, 0.875],
							"rotation": [-45, 0, 0],
							"uv": {
								"north": {"uv": [20, 47], "uv_size": [0.375, 0.375]},
								"east": {"uv": [44, 6], "uv_size": [0.875, 0.375]},
								"south": {"uv": [47, 20], "uv_size": [0.375, 0.375]},
								"west": {"uv": [7, 44], "uv_size": [0.875, 0.375]},
								"up": {"uv": [44, 7], "uv_size": [0.375, 0.875]},
								"down": {"uv": [8, 44.875], "uv_size": [0.375, -0.875]}
							}
						},
						{
							"origin": [2.69679, 1.8538, 0.4466],
							"size": [0.32767, 0.3549, 0.8568],
							"uv": {
								"north": {"uv": [21, 47], "uv_size": [0.375, 0.375]},
								"east": {"uv": [44, 8], "uv_size": [0.875, 0.375]},
								"south": {"uv": [47, 21], "uv_size": [0.375, 0.375]},
								"west": {"uv": [9, 44], "uv_size": [0.875, 0.375]},
								"up": {"uv": [44, 9], "uv_size": [0.375, 0.875]},
								"down": {"uv": [10, 44.875], "uv_size": [0.375, -0.875]}
							}
						},
						{
							"origin": [2.69679, 1.60285, 0.69755],
							"size": [0.32768, 0.8568, 0.3549],
							"pivot": [-3.70244, 2.03125, 0.875],
							"rotation": [-45, 0, 0],
							"uv": {
								"north": {"uv": [44, 10], "uv_size": [0.375, 0.875]},
								"east": {"uv": [11, 44], "uv_size": [0.375, 0.875]},
								"south": {"uv": [44, 11], "uv_size": [0.375, 0.875]},
								"west": {"uv": [12, 44], "uv_size": [0.375, 0.875]},
								"up": {"uv": [22, 47], "uv_size": [0.375, 0.375]},
								"down": {"uv": [47, 22.375], "uv_size": [0.375, -0.375]}
							}
						},
						{
							"origin": [2.69679, 1.60285, 0.69755],
							"size": [0.32768, 0.8568, 0.3549],
							"uv": {
								"north": {"uv": [44, 12], "uv_size": [0.375, 0.875]},
								"east": {"uv": [13, 44], "uv_size": [0.375, 0.875]},
								"south": {"uv": [44, 13], "uv_size": [0.375, 0.875]},
								"west": {"uv": [14, 44], "uv_size": [0.375, 0.875]},
								"up": {"uv": [23, 47], "uv_size": [0.375, 0.375]},
								"down": {"uv": [47, 23.375], "uv_size": [0.375, -0.375]}
							}
						}
					]
				},
				{
					"name": "octagon3",
					"parent": "bone6",
					"pivot": [0.125, 0.8125, -1.875],
					"cubes": [
						{
							"origin": [-2.94406, 0.55155, -2.505],
							"size": [0.48187, 0.52191, 1.26],
							"pivot": [6.94844, 0.8125, -1.875],
							"rotation": [-45, 0, 0],
							"uv": {
								"north": {"uv": [44, 45], "uv_size": [0.5, 0.5]},
								"east": {"uv": [40, 12], "uv_size": [1.25, 0.5]},
								"south": {"uv": [45, 44], "uv_size": [0.5, 0.5]},
								"west": {"uv": [30, 40], "uv_size": [1.25, 0.5]},
								"up": {"uv": [40, 30], "uv_size": [0.5, 1.25]},
								"down": {"uv": [40, 33.25], "uv_size": [0.5, -1.25]}
							}
						},
						{
							"origin": [-2.94406, 0.55155, -2.505],
							"size": [0.48187, 0.52191, 1.26],
							"uv": {
								"north": {"uv": [45, 45], "uv_size": [0.5, 0.5]},
								"east": {"uv": [40, 34], "uv_size": [1.25, 0.5]},
								"south": {"uv": [0, 46], "uv_size": [0.5, 0.5]},
								"west": {"uv": [40, 35], "uv_size": [1.25, 0.5]},
								"up": {"uv": [35, 40], "uv_size": [0.5, 1.25]},
								"down": {"uv": [40, 37.25], "uv_size": [0.5, -1.25]}
							}
						},
						{
							"origin": [-2.94406, 0.1825, -2.13595],
							"size": [0.48187, 1.26, 0.52191],
							"pivot": [6.94844, 0.8125, -1.875],
							"rotation": [-45, 0, 0],
							"uv": {
								"north": {"uv": [40, 38], "uv_size": [0.5, 1.25]},
								"east": {"uv": [40, 40], "uv_size": [0.5, 1.25]},
								"south": {"uv": [0, 41], "uv_size": [0.5, 1.25]},
								"west": {"uv": [41, 0], "uv_size": [0.5, 1.25]},
								"up": {"uv": [46, 0], "uv_size": [0.5, 0.5]},
								"down": {"uv": [1, 46.5], "uv_size": [0.5, -0.5]}
							}
						},
						{
							"origin": [-2.94406, 0.1825, -2.13595],
							"size": [0.48187, 1.26, 0.52191],
							"uv": {
								"north": {"uv": [1, 41], "uv_size": [0.5, 1.25]},
								"east": {"uv": [2, 41], "uv_size": [0.5, 1.25]},
								"south": {"uv": [41, 2], "uv_size": [0.5, 1.25]},
								"west": {"uv": [3, 41], "uv_size": [0.5, 1.25]},
								"up": {"uv": [46, 1], "uv_size": [0.5, 0.5]},
								"down": {"uv": [2, 46.5], "uv_size": [0.5, -0.5]}
							}
						},
						{
							"origin": [2.71219, 0.55155, -2.505],
							"size": [0.48187, 0.52191, 1.26],
							"pivot": [-6.69844, 0.8125, -1.875],
							"rotation": [-45, 0, 0],
							"uv": {
								"north": {"uv": [46, 2], "uv_size": [0.5, 0.5]},
								"east": {"uv": [4, 41], "uv_size": [1.25, 0.5]},
								"south": {"uv": [3, 46], "uv_size": [0.5, 0.5]},
								"west": {"uv": [41, 4], "uv_size": [1.25, 0.5]},
								"up": {"uv": [41, 5], "uv_size": [0.5, 1.25]},
								"down": {"uv": [6, 42.25], "uv_size": [0.5, -1.25]}
							}
						},
						{
							"origin": [2.71219, 0.55155, -2.505],
							"size": [0.48187, 0.52191, 1.26],
							"uv": {
								"north": {"uv": [46, 3], "uv_size": [0.5, 0.5]},
								"east": {"uv": [7, 41], "uv_size": [1.25, 0.5]},
								"south": {"uv": [4, 46], "uv_size": [0.5, 0.5]},
								"west": {"uv": [41, 7], "uv_size": [1.25, 0.5]},
								"up": {"uv": [41, 9], "uv_size": [0.5, 1.25]},
								"down": {"uv": [10, 42.25], "uv_size": [0.5, -1.25]}
							}
						},
						{
							"origin": [2.71219, 0.1825, -2.13595],
							"size": [0.48187, 1.26, 0.52191],
							"pivot": [-6.69844, 0.8125, -1.875],
							"rotation": [-45, 0, 0],
							"uv": {
								"north": {"uv": [11, 41], "uv_size": [0.5, 1.25]},
								"east": {"uv": [13, 41], "uv_size": [0.5, 1.25]},
								"south": {"uv": [41, 13], "uv_size": [0.5, 1.25]},
								"west": {"uv": [14, 41], "uv_size": [0.5, 1.25]},
								"up": {"uv": [46, 4], "uv_size": [0.5, 0.5]},
								"down": {"uv": [5, 46.5], "uv_size": [0.5, -0.5]}
							}
						},
						{
							"origin": [2.71219, 0.1825, -2.13595],
							"size": [0.48187, 1.26, 0.52191],
							"uv": {
								"north": {"uv": [15, 41], "uv_size": [0.5, 1.25]},
								"east": {"uv": [41, 15], "uv_size": [0.5, 1.25]},
								"south": {"uv": [16, 41], "uv_size": [0.5, 1.25]},
								"west": {"uv": [17, 41], "uv_size": [0.5, 1.25]},
								"up": {"uv": [46, 5], "uv_size": [0.5, 0.5]},
								"down": {"uv": [6, 46.5], "uv_size": [0.5, -0.5]}
							}
						}
					]
				},
				{
					"name": "octagon4",
					"parent": "bone6",
					"pivot": [0.125, 0.8125, -3.65625],
					"cubes": [
						{
							"origin": [-2.94406, 0.55155, -4.28625],
							"size": [0.48187, 0.52191, 1.26],
							"pivot": [6.94844, 0.8125, -3.65625],
							"rotation": [-45, 0, 0],
							"uv": {
								"north": {"uv": [46, 6], "uv_size": [0.5, 0.5]},
								"east": {"uv": [41, 17], "uv_size": [1.25, 0.5]},
								"south": {"uv": [7, 46], "uv_size": [0.5, 0.5]},
								"west": {"uv": [41, 18], "uv_size": [1.25, 0.5]},
								"up": {"uv": [18, 41], "uv_size": [0.5, 1.25]},
								"down": {"uv": [41, 20.25], "uv_size": [0.5, -1.25]}
							}
						},
						{
							"origin": [-2.94406, 0.55155, -4.28625],
							"size": [0.48187, 0.52191, 1.26],
							"uv": {
								"north": {"uv": [46, 7], "uv_size": [0.5, 0.5]},
								"east": {"uv": [20, 41], "uv_size": [1.25, 0.5]},
								"south": {"uv": [8, 46], "uv_size": [0.5, 0.5]},
								"west": {"uv": [41, 21], "uv_size": [1.25, 0.5]},
								"up": {"uv": [22, 41], "uv_size": [0.5, 1.25]},
								"down": {"uv": [41, 23.25], "uv_size": [0.5, -1.25]}
							}
						},
						{
							"origin": [-2.94406, 0.1825, -3.9172],
							"size": [0.48187, 1.26, 0.52191],
							"pivot": [6.94844, 0.8125, -3.65625],
							"rotation": [-45, 0, 0],
							"uv": {
								"north": {"uv": [23, 41], "uv_size": [0.5, 1.25]},
								"east": {"uv": [24, 41], "uv_size": [0.5, 1.25]},
								"south": {"uv": [41, 24], "uv_size": [0.5, 1.25]},
								"west": {"uv": [25, 41], "uv_size": [0.5, 1.25]},
								"up": {"uv": [46, 8], "uv_size": [0.5, 0.5]},
								"down": {"uv": [9, 46.5], "uv_size": [0.5, -0.5]}
							}
						},
						{
							"origin": [-2.94406, 0.1825, -3.9172],
							"size": [0.48187, 1.26, 0.52191],
							"uv": {
								"north": {"uv": [26, 41], "uv_size": [0.5, 1.25]},
								"east": {"uv": [41, 26], "uv_size": [0.5, 1.25]},
								"south": {"uv": [41, 28], "uv_size": [0.5, 1.25]},
								"west": {"uv": [30, 41], "uv_size": [0.5, 1.25]},
								"up": {"uv": [46, 9], "uv_size": [0.5, 0.5]},
								"down": {"uv": [10, 46.5], "uv_size": [0.5, -0.5]}
							}
						},
						{
							"origin": [2.71219, 0.55155, -4.28625],
							"size": [0.48187, 0.52191, 1.26],
							"pivot": [-6.69844, 0.8125, -3.65625],
							"rotation": [-45, 0, 0],
							"uv": {
								"north": {"uv": [46, 10], "uv_size": [0.5, 0.5]},
								"east": {"uv": [41, 30], "uv_size": [1.25, 0.5]},
								"south": {"uv": [11, 46], "uv_size": [0.5, 0.5]},
								"west": {"uv": [31, 41], "uv_size": [1.25, 0.5]},
								"up": {"uv": [41, 31], "uv_size": [0.5, 1.25]},
								"down": {"uv": [33, 42.25], "uv_size": [0.5, -1.25]}
							}
						},
						{
							"origin": [2.71219, 0.55155, -4.28625],
							"size": [0.48187, 0.52191, 1.26],
							"uv": {
								"north": {"uv": [46, 11], "uv_size": [0.5, 0.5]},
								"east": {"uv": [41, 33], "uv_size": [1.25, 0.5]},
								"south": {"uv": [12, 46], "uv_size": [0.5, 0.5]},
								"west": {"uv": [36, 41], "uv_size": [1.25, 0.5]},
								"up": {"uv": [34, 41], "uv_size": [0.5, 1.25]},
								"down": {"uv": [41, 37.25], "uv_size": [0.5, -1.25]}
							}
						},
						{
							"origin": [2.71219, 0.1825, -3.9172],
							"size": [0.48187, 1.26, 0.52191],
							"pivot": [-6.69844, 0.8125, -3.65625],
							"rotation": [-45, 0, 0],
							"uv": {
								"north": {"uv": [38, 41], "uv_size": [0.5, 1.25]},
								"east": {"uv": [41, 38], "uv_size": [0.5, 1.25]},
								"south": {"uv": [39, 41], "uv_size": [0.5, 1.25]},
								"west": {"uv": [41, 40], "uv_size": [0.5, 1.25]},
								"up": {"uv": [46, 12], "uv_size": [0.5, 0.5]},
								"down": {"uv": [13, 46.5], "uv_size": [0.5, -0.5]}
							}
						},
						{
							"origin": [2.71219, 0.1825, -3.9172],
							"size": [0.48187, 1.26, 0.52191],
							"uv": {
								"north": {"uv": [42, 0], "uv_size": [0.5, 1.25]},
								"east": {"uv": [42, 2], "uv_size": [0.5, 1.25]},
								"south": {"uv": [4, 42], "uv_size": [0.5, 1.25]},
								"west": {"uv": [5, 42], "uv_size": [0.5, 1.25]},
								"up": {"uv": [46, 13], "uv_size": [0.5, 0.5]},
								"down": {"uv": [14, 46.5], "uv_size": [0.5, -0.5]}
							}
						}
					]
				},
				{
					"name": "octagon5",
					"parent": "bone6",
					"pivot": [0.125, 2.15625, -5.0625],
					"cubes": [
						{
							"origin": [-3.09248, 1.85876, -5.7807],
							"size": [0.54934, 0.59498, 1.4364],
							"pivot": [8.18497, 2.15625, -5.0625],
							"rotation": [-45, 0, 0],
							"uv": {
								"north": {"uv": [44, 15], "uv_size": [0.5, 0.625]},
								"east": {"uv": [36, 13], "uv_size": [1.375, 0.625]},
								"south": {"uv": [16, 44], "uv_size": [0.5, 0.625]},
								"west": {"uv": [17, 36], "uv_size": [1.375, 0.625]},
								"up": {"uv": [20, 37], "uv_size": [0.5, 1.375]},
								"down": {"uv": [21, 38.375], "uv_size": [0.5, -1.375]}
							}
						},
						{
							"origin": [-3.09248, 1.85876, -5.7807],
							"size": [0.54934, 0.59498, 1.4364],
							"uv": {
								"north": {"uv": [44, 16], "uv_size": [0.5, 0.625]},
								"east": {"uv": [19, 36], "uv_size": [1.375, 0.625]},
								"south": {"uv": [17, 44], "uv_size": [0.5, 0.625]},
								"west": {"uv": [21, 36], "uv_size": [1.375, 0.625]},
								"up": {"uv": [22, 37], "uv_size": [0.5, 1.375]},
								"down": {"uv": [27, 38.375], "uv_size": [0.5, -1.375]}
							}
						},
						{
							"origin": [-3.09248, 1.43805, -5.35999],
							"size": [0.54934, 1.4364, 0.59498],
							"pivot": [8.18497, 2.15625, -5.0625],
							"rotation": [-45, 0, 0],
							"uv": {
								"north": {"uv": [28, 37], "uv_size": [0.5, 1.375]},
								"east": {"uv": [23, 36], "uv_size": [0.625, 1.375]},
								"south": {"uv": [30, 37], "uv_size": [0.5, 1.375]},
								"west": {"uv": [24, 36], "uv_size": [0.625, 1.375]},
								"up": {"uv": [18, 44], "uv_size": [0.5, 0.625]},
								"down": {"uv": [19, 44.625], "uv_size": [0.5, -0.625]}
							}
						},
						{
							"origin": [-3.09248, 1.43805, -5.35999],
							"size": [0.54934, 1.4364, 0.59498],
							"uv": {
								"north": {"uv": [31, 37], "uv_size": [0.5, 1.375]},
								"east": {"uv": [25, 36], "uv_size": [0.625, 1.375]},
								"south": {"uv": [32, 37], "uv_size": [0.5, 1.375]},
								"west": {"uv": [26, 36], "uv_size": [0.625, 1.375]},
								"up": {"uv": [44, 19], "uv_size": [0.5, 0.625]},
								"down": {"uv": [20, 44.625], "uv_size": [0.5, -0.625]}
							}
						},
						{
							"origin": [2.79314, 1.85876, -5.7807],
							"size": [0.54934, 0.59498, 1.4364],
							"pivot": [-7.93497, 2.15625, -5.0625],
							"rotation": [-45, 0, 0],
							"uv": {
								"north": {"uv": [44, 20], "uv_size": [0.5, 0.625]},
								"east": {"uv": [36, 26], "uv_size": [1.375, 0.625]},
								"south": {"uv": [21, 44], "uv_size": [0.5, 0.625]},
								"west": {"uv": [27, 36], "uv_size": [1.375, 0.625]},
								"up": {"uv": [37, 32], "uv_size": [0.5, 1.375]},
								"down": {"uv": [33, 38.375], "uv_size": [0.5, -1.375]}
							}
						},
						{
							"origin": [2.79314, 1.85876, -5.7807],
							"size": [0.54934, 0.59498, 1.4364],
							"uv": {
								"north": {"uv": [22, 44], "uv_size": [0.5, 0.625]},
								"east": {"uv": [36, 27], "uv_size": [1.375, 0.625]},
								"south": {"uv": [44, 22], "uv_size": [0.5, 0.625]},
								"west": {"uv": [36, 28], "uv_size": [1.375, 0.625]},
								"up": {"uv": [34, 37], "uv_size": [0.5, 1.375]},
								"down": {"uv": [37, 35.375], "uv_size": [0.5, -1.375]}
							}
						},
						{
							"origin": [2.79314, 1.43805, -5.35999],
							"size": [0.54934, 1.4364, 0.59498],
							"pivot": [-7.93497, 2.15625, -5.0625],
							"rotation": [-45, 0, 0],
							"uv": {
								"north": {"uv": [36, 37], "uv_size": [0.5, 1.375]},
								"east": {"uv": [29, 36], "uv_size": [0.625, 1.375]},
								"south": {"uv": [37, 37], "uv_size": [0.5, 1.375]},
								"west": {"uv": [36, 32], "uv_size": [0.625, 1.375]},
								"up": {"uv": [23, 44], "uv_size": [0.5, 0.625]},
								"down": {"uv": [44, 23.625], "uv_size": [0.5, -0.625]}
							}
						},
						{
							"origin": [2.79314, 1.43805, -5.35999],
							"size": [0.54934, 1.4364, 0.59498],
							"uv": {
								"north": {"uv": [0, 38], "uv_size": [0.5, 1.375]},
								"east": {"uv": [36, 34], "uv_size": [0.625, 1.375]},
								"south": {"uv": [1, 38], "uv_size": [0.5, 1.375]},
								"west": {"uv": [35, 36], "uv_size": [0.625, 1.375]},
								"up": {"uv": [24, 44], "uv_size": [0.5, 0.625]},
								"down": {"uv": [44, 24.625], "uv_size": [0.5, -0.625]}
							}
						}
					]
				},
				{
					"name": "octagon6",
					"parent": "bone6",
					"pivot": [0.125, 0.96875, 3.71875],
					"cubes": [
						{
							"origin": [-3.066, 0.61771, 2.87127],
							"size": [0.64822, 0.70207, 1.69495],
							"pivot": [10.24139, 0.96875, 3.71875],
							"rotation": [-45, 0, 0],
							"uv": {
								"north": {"uv": [27, 42], "uv_size": [0.625, 0.75]},
								"east": {"uv": [15, 9], "uv_size": [1.75, 0.75]},
								"south": {"uv": [42, 27], "uv_size": [0.625, 0.75]},
								"west": {"uv": [8, 21], "uv_size": [1.75, 0.75]},
								"up": {"uv": [30, 35], "uv_size": [0.625, 1.75]},
								"down": {"uv": [31, 36.75], "uv_size": [0.625, -1.75]}
							}
						},
						{
							"origin": [-3.066, 0.61771, 2.87127],
							"size": [0.64822, 0.70207, 1.69495],
							"uv": {
								"north": {"uv": [28, 42], "uv_size": [0.625, 0.75]},
								"east": {"uv": [27, 11], "uv_size": [1.75, 0.75]},
								"south": {"uv": [42, 28], "uv_size": [0.625, 0.75]},
								"west": {"uv": [16, 34], "uv_size": [1.75, 0.75]},
								"up": {"uv": [32, 35], "uv_size": [0.625, 1.75]},
								"down": {"uv": [33, 36.75], "uv_size": [0.625, -1.75]}
							}
						},
						{
							"origin": [-3.066, 0.12127, 3.36771],
							"size": [0.64822, 1.69495, 0.70207],
							"pivot": [10.24139, 0.96875, 3.71875],
							"rotation": [-45, 0, 0],
							"uv": {
								"north": {"uv": [34, 35], "uv_size": [0.625, 1.75]},
								"east": {"uv": [34, 16], "uv_size": [0.75, 1.75]},
								"south": {"uv": [35, 34], "uv_size": [0.625, 1.75]},
								"west": {"uv": [34, 22], "uv_size": [0.75, 1.75]},
								"up": {"uv": [29, 42], "uv_size": [0.625, 0.75]},
								"down": {"uv": [42, 29.75], "uv_size": [0.625, -0.75]}
							}
						},
						{
							"origin": [-3.066, 0.12127, 3.36771],
							"size": [0.64822, 1.69495, 0.70207],
							"uv": {
								"north": {"uv": [0, 36], "uv_size": [0.625, 1.75]},
								"east": {"uv": [34, 24], "uv_size": [0.75, 1.75]},
								"south": {"uv": [36, 0], "uv_size": [0.625, 1.75]},
								"west": {"uv": [26, 34], "uv_size": [0.75, 1.75]},
								"up": {"uv": [31, 42], "uv_size": [0.625, 0.75]},
								"down": {"uv": [42, 31.75], "uv_size": [0.625, -0.75]}
							}
						},
						{
							"origin": [2.66778, 0.61771, 2.87127],
							"size": [0.64822, 0.70207, 1.69495],
							"pivot": [-9.99139, 0.96875, 3.71875],
							"rotation": [-45, 0, 0],
							"uv": {
								"north": {"uv": [32, 42], "uv_size": [0.625, 0.75]},
								"east": {"uv": [27, 34], "uv_size": [1.75, 0.75]},
								"south": {"uv": [42, 32], "uv_size": [0.625, 0.75]},
								"west": {"uv": [34, 32], "uv_size": [1.75, 0.75]},
								"up": {"uv": [1, 36], "uv_size": [0.625, 1.75]},
								"down": {"uv": [2, 37.75], "uv_size": [0.625, -1.75]}
							}
						},
						{
							"origin": [2.66778, 0.61771, 2.87127],
							"size": [0.64822, 0.70207, 1.69495],
							"uv": {
								"north": {"uv": [42, 34], "uv_size": [0.625, 0.75]},
								"east": {"uv": [33, 34], "uv_size": [1.75, 0.75]},
								"south": {"uv": [35, 42], "uv_size": [0.625, 0.75]},
								"west": {"uv": [34, 33], "uv_size": [1.75, 0.75]},
								"up": {"uv": [36, 2], "uv_size": [0.625, 1.75]},
								"down": {"uv": [36, 5.75], "uv_size": [0.625, -1.75]}
							}
						},
						{
							"origin": [2.66778, 0.12127, 3.36771],
							"size": [0.64822, 1.69495, 0.70207],
							"pivot": [-9.99139, 0.96875, 3.71875],
							"rotation": [-45, 0, 0],
							"uv": {
								"north": {"uv": [5, 36], "uv_size": [0.625, 1.75]},
								"east": {"uv": [29, 34], "uv_size": [0.75, 1.75]},
								"south": {"uv": [6, 36], "uv_size": [0.625, 1.75]},
								"west": {"uv": [3, 35], "uv_size": [0.75, 1.75]},
								"up": {"uv": [42, 35], "uv_size": [0.625, 0.75]},
								"down": {"uv": [36, 42.75], "uv_size": [0.625, -0.75]}
							}
						},
						{
							"origin": [2.66778, 0.12127, 3.36771],
							"size": [0.64822, 1.69495, 0.70207],
							"uv": {
								"north": {"uv": [7, 36], "uv_size": [0.625, 1.75]},
								"east": {"uv": [4, 35], "uv_size": [0.75, 1.75]},
								"south": {"uv": [36, 8], "uv_size": [0.625, 1.75]},
								"west": {"uv": [8, 35], "uv_size": [0.75, 1.75]},
								"up": {"uv": [42, 36], "uv_size": [0.625, 0.75]},
								"down": {"uv": [37, 42.75], "uv_size": [0.625, -0.75]}
							}
						}
					]
				}
			]
		}
	]
}
