{
	"format_version": "1.12.0",
	"minecraft:geometry": [
		{
			"description": {
				"identifier": "geometry.willy_jeep",
				"texture_width": 64,
				"texture_height": 69,
				"visible_bounds_width": 2,
				"visible_bounds_height": 1.5,
				"visible_bounds_offset": [0, 0.25, 0]
			},
			"bones": [
				{
					"name": "bb_main",
					"pivot": [0, 0, 0],
					"cubes": [
						{
							"origin": [-1.2, 0.7, -0.9],
							"size": [2.5, 0.3, 2.5],
							"uv": {
								"north": {"uv": [14, 2], "uv_size": [2.5, 0.5]},
								"east": {"uv": [8, 6], "uv_size": [6, 0.5]},
								"south": {"uv": [4, 14], "uv_size": [2.5, 0.5]},
								"west": {"uv": [8, 7], "uv_size": [6, 0.5]},
								"up": {"uv": [0, 0], "uv_size": [2.5, 6]},
								"down": {"uv": [3, 6], "uv_size": [2.5, -6]}
							}
						},
						{
							"origin": [-0.9, 0.7, 1.6],
							"size": [1.7, 0.3, 1.8],
							"uv": {
								"north": {"uv": [14, 2], "uv_size": [2.5, 0.5]},
								"east": {"uv": [8, 6], "uv_size": [6, 0.5]},
								"south": {"uv": [4, 14], "uv_size": [2.5, 0.5]},
								"west": {"uv": [8, 7], "uv_size": [6, 0.5]},
								"up": {"uv": [0, 0], "uv_size": [2.5, 6]},
								"down": {"uv": [3, 6], "uv_size": [2.5, -6]}
							}
						},
						{
							"origin": [-0.81716, 0.81716, -3.01],
							"size": [1.6, 1, 2.1],
							"uv": {
								"north": {"uv": [19.5, 33], "uv_size": [8, 4]},
								"east": {"uv": [8, 11], "uv_size": [2, 0.5]},
								"south": {"uv": [14, 7], "uv_size": [2.5, 0.5]},
								"west": {"uv": [15, 5], "uv_size": [2, 0.5]},
								"up": {"uv": [6, 4], "uv_size": [2.5, 2]},
								"down": {"uv": [0, 10], "uv_size": [2.5, -2]}
							}
						},
						{
							"origin": [-1.15, 1, 1.5],
							"size": [2.3, 0.5, 1.9],
							"uv": {
								"north": {"uv": [9, 13], "uv_size": [3, 0.5]},
								"east": {"uv": [17, 2], "uv_size": [1.5, 0.5]},
								"south": {"uv": [12, 13], "uv_size": [3, 0.5]},
								"west": {"uv": [12, 9], "uv_size": [1.5, 0.5]},
								"up": {"uv": [3, 8], "uv_size": [3, 1.5]},
								"down": {"uv": [6, 9.5], "uv_size": [3, -1.5]}
							}
						},
						{
							"origin": [-1.15, 1.5, 1.5],
							"size": [0.6, 0.3, 1.9],
							"uv": {
								"north": {"uv": [9, 13], "uv_size": [3, 0.5]},
								"east": {"uv": [17, 2], "uv_size": [1.5, 0.5]},
								"south": {"uv": [12, 13], "uv_size": [3, 0.5]},
								"west": {"uv": [9, 13], "uv_size": [1.5, 0.5]},
								"up": {"uv": [3, 8], "uv_size": [3, 1.5]},
								"down": {"uv": [6, 9.5], "uv_size": [3, -1.5]}
							}
						},
						{
							"origin": [0.55, 1.5, 1.5],
							"size": [0.6, 0.3, 1.9],
							"uv": {
								"north": {"uv": [12, 13], "uv_size": [-3, 0.5]},
								"east": {"uv": [11.5, 13], "uv_size": [-1.5, 0.5]},
								"south": {"uv": [15, 13], "uv_size": [-3, 0.5]},
								"west": {"uv": [18.5, 2], "uv_size": [-1.5, 0.5]},
								"up": {"uv": [6, 8], "uv_size": [-3, 1.5]},
								"down": {"uv": [9, 9.5], "uv_size": [-3, -1.5]}
							}
						},
						{
							"origin": [-1.3, 1, -0.8],
							"size": [0.1, 0.3, 2.4],
							"uv": {
								"north": {"uv": [19, 7], "uv_size": [0.5, 0.5]},
								"east": {"uv": [9, 14], "uv_size": [2.5, 0.5]},
								"south": {"uv": [8, 19], "uv_size": [0.5, 0.5]},
								"west": {"uv": [12, 14], "uv_size": [2.5, 0.5]},
								"up": {"uv": [0, 15], "uv_size": [0.5, 2.5]},
								"down": {"uv": [1, 17.5], "uv_size": [0.5, -2.5]}
							}
						},
						{
							"origin": [-1.3, 1.3, 0.7],
							"size": [0.1, 0.4, 1],
							"uv": {
								"north": {"uv": [19, 7], "uv_size": [0.5, 0.5]},
								"east": {"uv": [9, 14], "uv_size": [2.5, 0.5]},
								"south": {"uv": [8, 19], "uv_size": [0.5, 0.5]},
								"west": {"uv": [12, 14], "uv_size": [2.5, 0.5]},
								"up": {"uv": [0, 15], "uv_size": [0.5, 2.5]},
								"down": {"uv": [1, 17.5], "uv_size": [0.5, -2.5]}
							}
						},
						{
							"origin": [-1.3, 1.3, 3.1],
							"size": [0.1, 0.4, 0.3],
							"uv": {
								"north": {"uv": [19, 7], "uv_size": [0.5, 0.5]},
								"east": {"uv": [9, 14], "uv_size": [2.5, 0.5]},
								"south": {"uv": [8, 19], "uv_size": [0.5, 0.5]},
								"west": {"uv": [12, 14], "uv_size": [2.5, 0.5]},
								"up": {"uv": [0, 15], "uv_size": [0.5, 2.5]},
								"down": {"uv": [1, 17.5], "uv_size": [0.5, -2.5]}
							}
						},
						{
							"origin": [1.2, 1.3, 3.1],
							"size": [0.1, 0.4, 0.3],
							"uv": {
								"north": {"uv": [19.5, 7], "uv_size": [-0.5, 0.5]},
								"east": {"uv": [14.5, 14], "uv_size": [-2.5, 0.5]},
								"south": {"uv": [8.5, 19], "uv_size": [-0.5, 0.5]},
								"west": {"uv": [11.5, 14], "uv_size": [-2.5, 0.5]},
								"up": {"uv": [0.5, 15], "uv_size": [-0.5, 2.5]},
								"down": {"uv": [1.5, 17.5], "uv_size": [-0.5, -2.5]}
							}
						},
						{
							"origin": [1.2, 1.3, 0.7],
							"size": [0.1, 0.4, 1],
							"uv": {
								"north": {"uv": [19.5, 7], "uv_size": [-0.5, 0.5]},
								"east": {"uv": [14.5, 14], "uv_size": [-2.5, 0.5]},
								"south": {"uv": [8.5, 19], "uv_size": [-0.5, 0.5]},
								"west": {"uv": [11.5, 14], "uv_size": [-2.5, 0.5]},
								"up": {"uv": [0.5, 15], "uv_size": [-0.5, 2.5]},
								"down": {"uv": [1.5, 17.5], "uv_size": [-0.5, -2.5]}
							}
						},
						{
							"origin": [1.2, 1, -0.8],
							"size": [0.11, 0.3, 2.4],
							"uv": {
								"north": {"uv": [19, 8], "uv_size": [0.5, 0.5]},
								"east": {"uv": [4, 15], "uv_size": [2.5, 0.5]},
								"south": {"uv": [9, 19], "uv_size": [0.5, 0.5]},
								"west": {"uv": [41, 9.7], "uv_size": [23, 3]},
								"up": {"uv": [2, 15], "uv_size": [0.5, 2.5]},
								"down": {"uv": [15, 10.5], "uv_size": [0.5, -2.5]}
							}
						},
						{
							"origin": [-1.6, 1.03821, -0.18982],
							"size": [0.5, 1.1, 0.1],
							"pivot": [0, 0, 0],
							"rotation": [35, 0, 0],
							"uv": {
								"north": {"uv": [9.5, 18], "uv_size": [-0.5, 1]},
								"east": {"uv": [18.5, 10], "uv_size": [-0.5, 1]},
								"south": {"uv": [10.5, 18], "uv_size": [-0.5, 1]},
								"west": {"uv": [18.5, 9], "uv_size": [-0.5, 1]},
								"up": {"uv": [19.5, 2], "uv_size": [-0.5, 0.5]},
								"down": {"uv": [19.5, 3.5], "uv_size": [-0.5, -0.5]}
							}
						},
						{
							"origin": [0.7, 1.03821, -0.18982],
							"size": [0.8, 1.1, 0.1],
							"pivot": [0, 0, 0],
							"rotation": [35, 0, 0],
							"uv": {
								"north": {"uv": [9, 18], "uv_size": [0.5, 1]},
								"east": {"uv": [18, 9], "uv_size": [0.5, 1]},
								"south": {"uv": [10, 18], "uv_size": [0.5, 1]},
								"west": {"uv": [18, 10], "uv_size": [0.5, 1]},
								"up": {"uv": [19, 2], "uv_size": [0.5, 0.5]},
								"down": {"uv": [19, 3.5], "uv_size": [0.5, -0.5]}
							}
						},
						{
							"origin": [-1.1, 1.6, -3],
							"size": [2.1, 0.4, 2.2],
							"uv": {
								"north": {"uv": [23, 2], "uv_size": [9, 4]},
								"east": {"uv": [9, 15], "uv_size": [2, 0.5]},
								"south": {"uv": [6, 12], "uv_size": [3.5, 0.5]},
								"west": {"uv": [11, 15], "uv_size": [2, 0.5]},
								"up": {"uv": [16, 20], "uv_size": [9, 9]},
								"down": {"uv": [6, 2], "uv_size": [3.5, -2]}
							}
						},
						{
							"origin": [-1.3, 1, -0.9],
							"size": [2.6, 1, 0.1],
							"uv": {
								"north": {"uv": [23, 2], "uv_size": [9, 4]},
								"east": {"uv": [9, 15], "uv_size": [2, 0.5]},
								"south": {"uv": [6, 12], "uv_size": [3.5, 0.5]},
								"west": {"uv": [11, 15], "uv_size": [2, 0.5]},
								"up": {"uv": [16, 21], "uv_size": [8, 7]},
								"down": {"uv": [6, 2], "uv_size": [3.5, -2]}
							}
						},
						{
							"origin": [1.43848, 0.42426, -3],
							"size": [0.4, 0.4, 2.2],
							"pivot": [0, 0, 0],
							"rotation": [0, 0, -45],
							"uv": {
								"north": {"uv": [23, 2], "uv_size": [9, 4]},
								"east": {"uv": [9, 15], "uv_size": [2, 0.5]},
								"south": {"uv": [6, 12], "uv_size": [3.5, 0.5]},
								"west": {"uv": [11, 15], "uv_size": [2, 0.5]},
								"up": {"uv": [16, 21], "uv_size": [8, 7]},
								"down": {"uv": [6, 2], "uv_size": [3.5, -2]}
							}
						},
						{
							"origin": [-1.90919, 0.35355, -3],
							"size": [0.4, 0.4, 2.2],
							"pivot": [0, 0, 0],
							"rotation": [0, 0, 45],
							"uv": {
								"north": {"uv": [32, 2], "uv_size": [-9, 4]},
								"east": {"uv": [13, 15], "uv_size": [-2, 0.5]},
								"south": {"uv": [9.5, 12], "uv_size": [-3.5, 0.5]},
								"west": {"uv": [11, 15], "uv_size": [-2, 0.5]},
								"up": {"uv": [24, 21], "uv_size": [-8, 7]},
								"down": {"uv": [9.5, 2], "uv_size": [-3.5, -2]}
							}
						},
						{
							"origin": [-1.6, 1.6, -3],
							"size": [0.5, 0.1, 1.7],
							"uv": {
								"north": {"uv": [18.5, 18], "uv_size": [-0.5, 0.5]},
								"east": {"uv": [17.5, 8], "uv_size": [-1.5, 0.5]},
								"south": {"uv": [1.5, 19], "uv_size": [-0.5, 0.5]},
								"west": {"uv": [8.5, 16], "uv_size": [-1.5, 0.5]},
								"up": {"uv": [9.5, 16], "uv_size": [-0.5, 1.5]},
								"down": {"uv": [16.5, 10.5], "uv_size": [-0.5, -1.5]}
							}
						},
						{
							"origin": [1, 1.6, -3],
							"size": [0.5, 0.1, 1.7],
							"uv": {
								"north": {"uv": [18, 18], "uv_size": [0.5, 0.5]},
								"east": {"uv": [7, 16], "uv_size": [1.5, 0.5]},
								"south": {"uv": [1, 19], "uv_size": [0.5, 0.5]},
								"west": {"uv": [16, 8], "uv_size": [1.5, 0.5]},
								"up": {"uv": [9, 16], "uv_size": [0.5, 1.5]},
								"down": {"uv": [16, 10.5], "uv_size": [0.5, -1.5]}
							}
						},
						{
							"origin": [1.1, 1.7, -2.8],
							"size": [0.2, 0.2, 0.2],
							"uv": {
								"north": {"uv": [20, 11], "uv_size": [0.5, 0.5]},
								"east": {"uv": [7, 16], "uv_size": [1.5, 0.5]},
								"south": {"uv": [1, 19], "uv_size": [0.5, 0.5]},
								"west": {"uv": [16, 8], "uv_size": [1.5, 0.5]},
								"up": {"uv": [9, 16], "uv_size": [0.5, 1.5]},
								"down": {"uv": [16, 10.5], "uv_size": [0.5, -1.5]}
							}
						},
						{
							"origin": [-1.4, 1.7, -2.8],
							"size": [0.2, 0.2, 0.2],
							"uv": {
								"north": {"uv": [20, 13], "uv_size": [-0.5, 0.5]},
								"east": {"uv": [17.5, 8], "uv_size": [-1.5, 0.5]},
								"south": {"uv": [1.5, 19], "uv_size": [-0.5, 0.5]},
								"west": {"uv": [8.5, 16], "uv_size": [-1.5, 0.5]},
								"up": {"uv": [9.5, 16], "uv_size": [-0.5, 1.5]},
								"down": {"uv": [16.5, 10.5], "uv_size": [-0.5, -1.5]}
							}
						},
						{
							"origin": [-1.3, 0.6, 3.4],
							"size": [2.6, 1.4, 0.2],
							"uv": {
								"north": {"uv": [6, 2], "uv_size": [4, 1.5]},
								"east": {"uv": [3, 16], "uv_size": [0.5, 1.5]},
								"south": {"uv": [23, 10], "uv_size": [7, 4]},
								"west": {"uv": [4, 16], "uv_size": [0.5, 1.5]},
								"up": {"uv": [11, 4], "uv_size": [4, 0.5]},
								"down": {"uv": [11, 5.5], "uv_size": [4, -0.5]}
							}
						},
						{
							"origin": [-1.3, 1.19717, -0.49183],
							"size": [0.1, 0.9, 0.5],
							"pivot": [0, 0, 0],
							"rotation": [-35, 0, 0],
							"uv": {
								"north": {"uv": [4.5, 18], "uv_size": [-0.5, 1.5]},
								"east": {"uv": [6.5, 18], "uv_size": [-0.5, 1.5]},
								"south": {"uv": [18.5, 5], "uv_size": [-0.5, 1.5]},
								"west": {"uv": [5.5, 18], "uv_size": [-0.5, 1.5]},
								"up": {"uv": [19.5, 12], "uv_size": [-0.5, 0.5]},
								"down": {"uv": [13.5, 19.5], "uv_size": [-0.5, -0.5]}
							}
						},
						{
							"origin": [1.2, 1.19717, -0.49183],
							"size": [0.1, 0.9, 0.5],
							"pivot": [0, 0, 0],
							"rotation": [-35, 0, 0],
							"uv": {
								"north": {"uv": [4, 18], "uv_size": [0.5, 1.5]},
								"east": {"uv": [5, 18], "uv_size": [0.5, 1.5]},
								"south": {"uv": [18, 5], "uv_size": [0.5, 1.5]},
								"west": {"uv": [6, 18], "uv_size": [0.5, 1.5]},
								"up": {"uv": [19, 12], "uv_size": [0.5, 0.5]},
								"down": {"uv": [13, 19.5], "uv_size": [0.5, -0.5]}
							}
						},
						{
							"origin": [-1.3, 1.83848, -0.07573],
							"size": [0.1, 0.9, 0.5],
							"pivot": [0, 0, 0],
							"rotation": [-45, 0, 0],
							"uv": {
								"north": {"uv": [4.5, 18], "uv_size": [-0.5, 1.5]},
								"east": {"uv": [6.5, 18], "uv_size": [-0.5, 1.5]},
								"south": {"uv": [18.5, 5], "uv_size": [-0.5, 1.5]},
								"west": {"uv": [5.5, 18], "uv_size": [-0.5, 1.5]},
								"up": {"uv": [19.5, 12], "uv_size": [-0.5, 0.5]},
								"down": {"uv": [13.5, 19.5], "uv_size": [-0.5, -0.5]}
							}
						},
						{
							"origin": [1.2, 1.83848, -0.07573],
							"size": [0.1, 0.9, 0.5],
							"pivot": [0, 0, 0],
							"rotation": [-45, 0, 0],
							"uv": {
								"north": {"uv": [4, 18], "uv_size": [0.5, 1.5]},
								"east": {"uv": [5, 18], "uv_size": [0.5, 1.5]},
								"south": {"uv": [18, 5], "uv_size": [0.5, 1.5]},
								"west": {"uv": [6, 18], "uv_size": [0.5, 1.5]},
								"up": {"uv": [19, 12], "uv_size": [0.5, 0.5]},
								"down": {"uv": [13, 19.5], "uv_size": [0.5, -0.5]}
							}
						},
						{
							"origin": [-1.3, -1.66152, 3.09403],
							"size": [0.1, 0.9, 0.3],
							"pivot": [0, 0, 0],
							"rotation": [45, 0, 0],
							"uv": {
								"north": {"uv": [18, 5], "uv_size": [0.5, 1.5]},
								"east": {"uv": [6, 18], "uv_size": [0.5, 1.5]},
								"south": {"uv": [4, 18], "uv_size": [0.5, 1.5]},
								"west": {"uv": [5, 18], "uv_size": [0.5, 1.5]},
								"up": {"uv": [19.5, 12.5], "uv_size": [-0.5, -0.5]},
								"down": {"uv": [13.5, 19], "uv_size": [-0.5, 0.5]}
							}
						},
						{
							"origin": [1.2, -1.66152, 3.09403],
							"size": [0.1, 0.9, 0.3],
							"pivot": [0, 0, 0],
							"rotation": [45, 0, 0],
							"uv": {
								"north": {"uv": [18.5, 5], "uv_size": [-0.5, 1.5]},
								"east": {"uv": [5.5, 18], "uv_size": [-0.5, 1.5]},
								"south": {"uv": [4.5, 18], "uv_size": [-0.5, 1.5]},
								"west": {"uv": [6.5, 18], "uv_size": [-0.5, 1.5]},
								"up": {"uv": [19, 12.5], "uv_size": [0.5, -0.5]},
								"down": {"uv": [13, 19], "uv_size": [0.5, 0.5]}
							}
						},
						{
							"origin": [-1.3, 1.62, 0.8],
							"size": [0.1, 0.38, 2.6],
							"uv": {
								"north": {"uv": [19.5, 11], "uv_size": [-0.5, 0.5]},
								"east": {"uv": [2.5, 18], "uv_size": [-1.5, 0.5]},
								"south": {"uv": [12.5, 19], "uv_size": [-0.5, 0.5]},
								"west": {"uv": [19.5, 0], "uv_size": [-1.5, 0.5]},
								"up": {"uv": [3.5, 18], "uv_size": [-0.5, 1.5]},
								"down": {"uv": [18.5, 4.5], "uv_size": [-0.5, -1.5]}
							}
						},
						{
							"origin": [1.2, 1.62, 0.8],
							"size": [0.1, 0.38, 2.6],
							"uv": {
								"north": {"uv": [19, 11], "uv_size": [0.5, 0.5]},
								"east": {"uv": [18, 0], "uv_size": [1.5, 0.5]},
								"south": {"uv": [12, 19], "uv_size": [0.5, 0.5]},
								"west": {"uv": [1, 18], "uv_size": [1.5, 0.5]},
								"up": {"uv": [3, 18], "uv_size": [0.5, 1.5]},
								"down": {"uv": [18, 4.5], "uv_size": [0.5, -1.5]}
							}
						},
						{
							"origin": [-1.1, 0.7, -3.3],
							"size": [2.2, 0.3, 0.1],
							"uv": {
								"north": {"uv": [12, 8], "uv_size": [3, 0.5]},
								"east": {"uv": [18, 13], "uv_size": [0.5, 0.5]},
								"south": {"uv": [12, 9], "uv_size": [3, 0.5]},
								"west": {"uv": [18, 14], "uv_size": [0.5, 0.5]},
								"up": {"uv": [10, 12], "uv_size": [3, 0.5]},
								"down": {"uv": [12, 10.5], "uv_size": [3, -0.5]}
							}
						},
						{
							"origin": [-3.25, 0.8, -0.8],
							"size": [0.3, 0.2, 0.2],
							"pivot": [0, 0, 0],
							"rotation": [0, -90, 0],
							"uv": {
								"north": {"uv": [12, 8], "uv_size": [3, 0.5]},
								"east": {"uv": [18, 13], "uv_size": [0.5, 0.5]},
								"south": {"uv": [12, 9], "uv_size": [3, 0.5]},
								"west": {"uv": [18, 14], "uv_size": [0.5, 0.5]},
								"up": {"uv": [10, 12], "uv_size": [3, 0.5]},
								"down": {"uv": [12, 10.5], "uv_size": [3, -0.5]}
							}
						},
						{
							"origin": [2.95, 0.8, -0.8],
							"size": [0.3, 0.2, 0.2],
							"pivot": [0, 0, 0],
							"rotation": [0, 90, 0],
							"uv": {
								"north": {"uv": [15, 8], "uv_size": [-3, 0.5]},
								"east": {"uv": [18.5, 14], "uv_size": [-0.5, 0.5]},
								"south": {"uv": [15, 9], "uv_size": [-3, 0.5]},
								"west": {"uv": [18.5, 13], "uv_size": [-0.5, 0.5]},
								"up": {"uv": [13, 12], "uv_size": [-3, 0.5]},
								"down": {"uv": [15, 10.5], "uv_size": [-3, -0.5]}
							}
						},
						{
							"origin": [-1.6, 0.74158, -0.75098],
							"size": [0.5, 0.1, 2],
							"uv": {
								"north": {"uv": [19, 6], "uv_size": [0.5, 0.5]},
								"east": {"uv": [13, 3], "uv_size": [3, 0.5]},
								"south": {"uv": [7, 19], "uv_size": [0.5, 0.5]},
								"west": {"uv": [4, 13], "uv_size": [3, 0.5]},
								"up": {"uv": [7, 13], "uv_size": [0.5, 3]},
								"down": {"uv": [8, 16], "uv_size": [0.5, -3]}
							}
						},
						{
							"origin": [1, 0.74158, -0.75098],
							"size": [0.5, 0.1, 2],
							"uv": {
								"north": {"uv": [19.5, 6], "uv_size": [-0.5, 0.5]},
								"east": {"uv": [7, 13], "uv_size": [-3, 0.5]},
								"south": {"uv": [7.5, 19], "uv_size": [-0.5, 0.5]},
								"west": {"uv": [16, 3], "uv_size": [-3, 0.5]},
								"up": {"uv": [7.5, 13], "uv_size": [-0.5, 3]},
								"down": {"uv": [8.5, 16], "uv_size": [-0.5, -3]}
							}
						},
						{
							"origin": [-1, 1, 0.1],
							"size": [0.9, 0.3, 0.9],
							"uv": {
								"north": {"uv": [0, 0], "uv_size": [0.9, 0.3]},
								"east": {"uv": [0, 0], "uv_size": [0.9, 0.3]},
								"south": {"uv": [0, 0], "uv_size": [0.9, 0.3]},
								"west": {"uv": [0, 0], "uv_size": [0.9, 0.3]},
								"up": {"uv": [39, 6], "uv_size": [-3, -3]},
								"down": {"uv": [0.9, 0.9], "uv_size": [-0.9, -0.9]}
							}
						},
						{
							"origin": [0.1, 1, 0.1],
							"size": [0.9, 0.3, 0.9],
							"uv": {
								"north": {"uv": [0.9, 0], "uv_size": [0.9, 0.3]},
								"east": {"uv": [0.9, 0], "uv_size": [0.9, 0.3]},
								"south": {"uv": [0.9, 0], "uv_size": [0.9, 0.3]},
								"west": {"uv": [0.9, 0], "uv_size": [0.9, 0.3]},
								"up": {"uv": [39, 6], "uv_size": [-3, -3]},
								"down": {"uv": [1.8, 0.9], "uv_size": [-0.9, -0.9]}
							}
						},
						{
							"origin": [0.1, 0.57024, -2.38606],
							"size": [0.9, 0.2, 1.2],
							"pivot": [0, 0, 0],
							"rotation": [-102, 0, 0],
							"uv": {
								"north": {"uv": [0.9, 0], "uv_size": [0.9, 0.3]},
								"east": {"uv": [0.9, 0], "uv_size": [1.2, 0.3]},
								"south": {"uv": [0.9, 0], "uv_size": [0.9, 0.3]},
								"west": {"uv": [0.9, 0], "uv_size": [1.2, 0.3]},
								"up": {"uv": [1.8, 1.2], "uv_size": [-0.9, -1.2]},
								"down": {"uv": [39, 6], "uv_size": [-3, -3]}
							}
						},
						{
							"origin": [-1, 0.57024, -2.38606],
							"size": [0.9, 0.2, 1.2],
							"pivot": [0, 0, 0],
							"rotation": [-102, 0, 0],
							"uv": {
								"north": {"uv": [0, 0], "uv_size": [0.9, 0.3]},
								"east": {"uv": [0, 1], "uv_size": [0.9, 0.3]},
								"south": {"uv": [1, 1], "uv_size": [0.9, 0.3]},
								"west": {"uv": [0, 1], "uv_size": [0.9, 0.3]},
								"up": {"uv": [0.9, 2.9], "uv_size": [-0.9, -0.9]},
								"down": {"uv": [39, 6], "uv_size": [-3, -3]}
							}
						},
						{
							"origin": [0.4, -0.08865, -1.87912],
							"size": [0.3, 1, 0.3],
							"pivot": [0, 0, 0],
							"rotation": [-55.5, 0, 0],
							"uv": {
								"north": {"uv": [1, 30], "uv_size": [0.5, 1]},
								"east": {"uv": [1, 30], "uv_size": [0.5, 1]},
								"south": {"uv": [1, 31], "uv_size": [0.5, 1]},
								"west": {"uv": [1, 30], "uv_size": [0, 0]},
								"up": {"uv": [1.5, 31.5], "uv_size": [-0.5, -0.5]},
								"down": {"uv": [1.5, 31.5], "uv_size": [-0.5, -0.5]}
							}
						},
						{
							"origin": [0.2, 0.72678, -2.08321],
							"size": [0.7, 0.2, 0.7],
							"pivot": [0, 0, 0],
							"rotation": [-55.5, 0, 0],
							"uv": {
								"north": {"uv": [24, 19], "uv_size": [3, 1]},
								"east": {"uv": [23, 18], "uv_size": [3, 1]},
								"south": {"uv": [24, 20], "uv_size": [3, 2]},
								"west": {"uv": [23, 18], "uv_size": [3, 1]},
								"up": {"uv": [14, 30], "uv_size": [-3, -3]},
								"down": {"uv": [37, 23], "uv_size": [-3, -3]}
							}
						},
						{
							"origin": [-0.05, 1.6, 1.7],
							"size": [0.1, 1.6, 0.1],
							"uv": {
								"north": {"uv": [20, 16], "uv_size": [3, 0.5]},
								"east": {"uv": [21, 16], "uv_size": [1.5, 0.5]},
								"south": {"uv": [20, 16], "uv_size": [3, 0.5]},
								"west": {"uv": [20, 16], "uv_size": [1.5, 0.5]},
								"up": {"uv": [22, 16], "uv_size": [-1, -1]},
								"down": {"uv": [6, 9.5], "uv_size": [3, -1.5]}
							}
						},
						{
							"origin": [-0.15, 3.1, 1.6],
							"size": [0.3, 0.1, 0.4],
							"uv": {
								"north": {"uv": [20, 16], "uv_size": [3, 0.5]},
								"east": {"uv": [21, 16], "uv_size": [1.5, 0.5]},
								"south": {"uv": [20, 16], "uv_size": [3, 0.5]},
								"west": {"uv": [20, 16], "uv_size": [1.5, 0.5]},
								"up": {"uv": [22, 16], "uv_size": [-1, 0]},
								"down": {"uv": [3, 9.5], "uv_size": [3, -1.5]}
							}
						},
						{
							"origin": [0.55, 1.65, -3.05],
							"size": [0.3, 0.3, 0.05],
							"uv": {
								"north": {"uv": [20, 11], "uv_size": [0.3, 0.3]},
								"east": {"uv": [1, 9], "uv_size": [0.05, 0.3]},
								"south": {"uv": [1, 8], "uv_size": [0.3, 0.3]},
								"west": {"uv": [1, 8], "uv_size": [0.05, 0.3]},
								"up": {"uv": [1.3, 8.05], "uv_size": [-0.3, -0.05]},
								"down": {"uv": [1.3, 8.05], "uv_size": [-0.3, -0.05]}
							}
						},
						{
							"origin": [0.65, 1.5, -3.05],
							"size": [0.1, 0.1, 0.05],
							"uv": {
								"north": {"uv": [20, 12], "uv_size": [0.1, 0.1]},
								"east": {"uv": [0, 0], "uv_size": [0.05, 0.1]},
								"south": {"uv": [0, 0], "uv_size": [0.1, 0.1]},
								"west": {"uv": [0, 0], "uv_size": [0.05, 0.1]},
								"up": {"uv": [0.1, 0.05], "uv_size": [-0.1, -0.05]},
								"down": {"uv": [0.1, 0.05], "uv_size": [-0.1, -0.05]}
							}
						},
						{
							"origin": [-0.75, 1.5, -3.05],
							"size": [0.1, 0.1, 0.05],
							"uv": {
								"north": {"uv": [20, 12], "uv_size": [0, 0]},
								"east": {"uv": [0.05, 0], "uv_size": [0.05, 0.1]},
								"south": {"uv": [0.1, 0], "uv_size": [0.1, 0.1]},
								"west": {"uv": [0.05, 0], "uv_size": [0.05, 0.1]},
								"up": {"uv": [0.2, 0.05], "uv_size": [-0.1, -0.05]},
								"down": {"uv": [0.2, 0.05], "uv_size": [-0.1, -0.05]}
							}
						},
						{
							"origin": [-0.85, 1.65, -3.05],
							"size": [0.3, 0.3, 0.05],
							"uv": {
								"north": {"uv": [20, 11], "uv_size": [0.3, 0.3]},
								"east": {"uv": [1, 8], "uv_size": [0.05, 0.3]},
								"south": {"uv": [1, 9], "uv_size": [0.3, 0.3]},
								"west": {"uv": [1, 9], "uv_size": [0.05, 0.3]},
								"up": {"uv": [1.3, 8.05], "uv_size": [-0.3, -0.05]},
								"down": {"uv": [1.3, 8.05], "uv_size": [-0.3, -0.05]}
							}
						}
					]
				},
				{
					"name": "windshield",
					"parent": "bb_main",
					"pivot": [1.2, 2.65, -0.68191],
					"rotation": [-12.5, 0, 0],
					"cubes": [
						{
							"origin": [-1.2, 1.9682, -0.75414],
							"size": [2.4, 0.3, 0.1],
							"uv": {
								"north": {"uv": [26, 3], "uv_size": [2.5, 0.5]},
								"east": {"uv": [8, 11], "uv_size": [2, 0.5]},
								"south": {"uv": [14, 7], "uv_size": [2.5, 0.5]},
								"west": {"uv": [15, 5], "uv_size": [2, 0.5]},
								"up": {"uv": [6, 4], "uv_size": [2.5, 2]},
								"down": {"uv": [0, 10], "uv_size": [2.5, -2]}
							}
						},
						{
							"origin": [-1.3, 1.9682, -0.75414],
							"size": [0.1, 1, 0.1],
							"uv": {
								"north": {"uv": [26, 3], "uv_size": [2.5, 0.5]},
								"east": {"uv": [8, 11], "uv_size": [2, 0.5]},
								"south": {"uv": [14, 7], "uv_size": [2.5, 0.5]},
								"west": {"uv": [15, 5], "uv_size": [2, 0.5]},
								"up": {"uv": [6, 4], "uv_size": [2.5, 2]},
								"down": {"uv": [0, 10], "uv_size": [2.5, -2]}
							}
						},
						{
							"origin": [-1.2, 2.8682, -0.75414],
							"size": [2.4, 0.1, 0.1],
							"uv": {
								"north": {"uv": [26, 3], "uv_size": [2.5, 0.5]},
								"east": {"uv": [8, 11], "uv_size": [2, 0.5]},
								"south": {"uv": [14, 7], "uv_size": [2.5, 0.5]},
								"west": {"uv": [15, 5], "uv_size": [2, 0.5]},
								"up": {"uv": [6, 4], "uv_size": [2.5, 2]},
								"down": {"uv": [0, 10], "uv_size": [2.5, -2]}
							}
						},
						{
							"origin": [1.2, 1.9682, -0.75414],
							"size": [0.1, 1, 0.1],
							"uv": {
								"north": {"uv": [28.5, 3], "uv_size": [-2.5, 0.5]},
								"east": {"uv": [17, 5], "uv_size": [-2, 0.5]},
								"south": {"uv": [16.5, 7], "uv_size": [-2.5, 0.5]},
								"west": {"uv": [10, 11], "uv_size": [-2, 0.5]},
								"up": {"uv": [8.5, 4], "uv_size": [-2.5, 2]},
								"down": {"uv": [2.5, 10], "uv_size": [-2.5, -2]}
							}
						},
						{
							"origin": [-0.1, 2.2682, -0.75414],
							"size": [0.1, 0.6, 0.1],
							"uv": {
								"north": {"uv": [28.5, 3], "uv_size": [-2.5, 0.5]},
								"east": {"uv": [17, 5], "uv_size": [-2, 0.5]},
								"south": {"uv": [16.5, 7], "uv_size": [-2.5, 0.5]},
								"west": {"uv": [10, 11], "uv_size": [-2, 0.5]},
								"up": {"uv": [8.5, 4], "uv_size": [-2.5, 2]},
								"down": {"uv": [2.5, 10], "uv_size": [-2.5, -2]}
							}
						}
					]
				},
				{
					"name": "bone",
					"parent": "bb_main",
					"pivot": [1.2, 0.80377, 2.44524]
				},
				{
					"name": "bone2",
					"parent": "bb_main",
					"pivot": [-1.2, 0.80377, 2.44524]
				},
				{
					"name": "wheel",
					"parent": "bb_main",
					"pivot": [1.3, 0.67443, -2.06588],
					"cubes": [
						{
							"origin": [1.09, 0.05, -2.7],
							"size": [0.42, 1.2, 1.2],
							"uv": {
								"north": {"uv": [20, 17], "uv_size": [0.5, 1.5]},
								"east": {"uv": [27, 27], "uv_size": [5, 5]},
								"south": {"uv": [21, 18], "uv_size": [0.5, 1.5]},
								"west": {"uv": [27, 27], "uv_size": [5, 5]},
								"up": {"uv": [18.5, 17], "uv_size": [2, 2.5]},
								"down": {"uv": [20, 19.5], "uv_size": [0.5, -1.5]}
							}
						},
						{
							"origin": [1.1, 0.00503, -2.39649],
							"size": [0.4, 1.3, 0.6],
							"uv": {
								"north": {"uv": [13, 15], "uv_size": [0.5, 1.5]},
								"east": {"uv": [12, 42], "uv_size": [0, 0]},
								"south": {"uv": [15, 13], "uv_size": [0.5, 1.5]},
								"west": {"uv": [10, 38], "uv_size": [3, 5]},
								"up": {"uv": [37, 14], "uv_size": [2, 3]},
								"down": {"uv": [37, 14], "uv_size": [2, -3]}
							}
						},
						{
							"origin": [1.1, 1.44294, 0.35148],
							"size": [0.4, 1.3, 0.6],
							"pivot": [0, 0, 0],
							"rotation": [90, 0, 0],
							"uv": {
								"north": {"uv": [13, 15], "uv_size": [0.5, 1.5]},
								"east": {"uv": [12, 41], "uv_size": [0, 0]},
								"south": {"uv": [15, 13], "uv_size": [0.5, 1.5]},
								"west": {"uv": [12, 40], "uv_size": [0, 1]},
								"up": {"uv": [37, 14], "uv_size": [2, 3]},
								"down": {"uv": [37, 14], "uv_size": [2, -3]}
							}
						},
						{
							"origin": [1.1, 2.31234, -1.26675],
							"size": [0.4, 0.3, 0.5],
							"pivot": [0, 0, 0],
							"rotation": [45, 0, 0],
							"uv": {
								"north": {"uv": [13, 15], "uv_size": [0.5, 1.5]},
								"east": {"uv": [16, 13], "uv_size": [0, 0]},
								"south": {"uv": [15, 13], "uv_size": [0.5, 1.5]},
								"west": {"uv": [13, 40], "uv_size": [0, 1]},
								"up": {"uv": [37, 14], "uv_size": [2, 3]},
								"down": {"uv": [15, 16.5], "uv_size": [0.5, -1.5]}
							}
						},
						{
							"origin": [1.1, -1.69102, -2.18808],
							"size": [0.4, 0.3, 0.5],
							"pivot": [0, 0, 0],
							"rotation": [-45, 0, 0],
							"uv": {
								"north": {"uv": [13, 16.5], "uv_size": [0.5, -1.5]},
								"east": {"uv": [11, 41], "uv_size": [0, 0]},
								"south": {"uv": [15, 14.5], "uv_size": [0.5, -1.5]},
								"west": {"uv": [12, 40], "uv_size": [0, -1]},
								"up": {"uv": [15, 15], "uv_size": [0.5, 1.5]},
								"down": {"uv": [37, 14], "uv_size": [2, -3]}
							}
						},
						{
							"origin": [1.1, 1.26884, -1.27178],
							"size": [0.4, 0.3, 0.5],
							"pivot": [0, 0, 0],
							"rotation": [45, 0, 0],
							"uv": {
								"north": {"uv": [15.5, 14.5], "uv_size": [-0.5, -1.5]},
								"east": {"uv": [11, 40], "uv_size": [0, 0]},
								"south": {"uv": [13.5, 16.5], "uv_size": [-0.5, -1.5]},
								"west": {"uv": [11, 41], "uv_size": [0, -1]},
								"up": {"uv": [15, 16.5], "uv_size": [0.5, -1.5]},
								"down": {"uv": [37, 14], "uv_size": [2, 3]}
							}
						},
						{
							"origin": [1.1, -0.64751, -2.19311],
							"size": [0.4, 0.3, 0.5],
							"pivot": [0, 0, 0],
							"rotation": [-45, 0, 0],
							"uv": {
								"north": {"uv": [15.5, 13], "uv_size": [-0.5, 1.5]},
								"east": {"uv": [16, 13], "uv_size": [0, 0]},
								"south": {"uv": [13.5, 15], "uv_size": [-0.5, 1.5]},
								"west": {"uv": [15, 15], "uv_size": [0, 1]},
								"up": {"uv": [37, 14], "uv_size": [2, -3]},
								"down": {"uv": [15, 15], "uv_size": [0.5, 1.5]}
							}
						}
					]
				},
				{
					"name": "wheel2",
					"parent": "bb_main",
					"pivot": [-1.2, 0.67443, -2.06588],
					"cubes": [
						{
							"origin": [-1.4, 0.00503, -2.39649],
							"size": [0.4, 1.3, 0.6],
							"uv": {
								"north": {"uv": [13.5, 15], "uv_size": [-0.5, 1.5]},
								"east": {"uv": [24, 18], "uv_size": [0, 0]},
								"south": {"uv": [15.5, 13], "uv_size": [-0.5, 1.5]},
								"west": {"uv": [24, 18], "uv_size": [0, 0]},
								"up": {"uv": [39, 14], "uv_size": [-2, 3]},
								"down": {"uv": [39, 17], "uv_size": [-2, -3]}
							}
						},
						{
							"origin": [-1.4, 1.44294, 0.35148],
							"size": [0.4, 1.3, 0.6],
							"pivot": [0, 0, 0],
							"rotation": [90, 0, 0],
							"uv": {
								"north": {"uv": [13.5, 15], "uv_size": [-0.5, 1.5]},
								"east": {"uv": [24, 18], "uv_size": [0, 0]},
								"south": {"uv": [15.5, 13], "uv_size": [-0.5, 1.5]},
								"west": {"uv": [24, 18], "uv_size": [0, 0]},
								"up": {"uv": [39, 14], "uv_size": [-2, 3]},
								"down": {"uv": [39, 14], "uv_size": [-2, -3]}
							}
						},
						{
							"origin": [-1.4, 2.31234, -1.26675],
							"size": [0.4, 0.3, 0.5],
							"pivot": [0, 0, 0],
							"rotation": [45, 0, 0],
							"uv": {
								"north": {"uv": [13.5, 15], "uv_size": [-0.5, 1.5]},
								"east": {"uv": [24, 18], "uv_size": [0, 0]},
								"south": {"uv": [15.5, 13], "uv_size": [-0.5, 1.5]},
								"west": {"uv": [24, 18], "uv_size": [0, 0]},
								"up": {"uv": [39, 14], "uv_size": [-2, 3]},
								"down": {"uv": [15.5, 16.5], "uv_size": [-0.5, -1.5]}
							}
						},
						{
							"origin": [-1.4, -1.69102, -2.18808],
							"size": [0.4, 0.3, 0.5],
							"pivot": [0, 0, 0],
							"rotation": [-45, 0, 0],
							"uv": {
								"north": {"uv": [13.5, 16.5], "uv_size": [-0.5, -1.5]},
								"east": {"uv": [24, 18], "uv_size": [0, 0]},
								"south": {"uv": [15.5, 14.5], "uv_size": [-0.5, -1.5]},
								"west": {"uv": [24, 18], "uv_size": [0, 0]},
								"up": {"uv": [15.5, 15], "uv_size": [-0.5, 1.5]},
								"down": {"uv": [39, 14], "uv_size": [-2, -3]}
							}
						},
						{
							"origin": [-1.41, 0.05, -2.7],
							"size": [0.42, 1.2, 1.2],
							"uv": {
								"north": {"uv": [20.5, 42], "uv_size": [-0.5, 1.5]},
								"east": {"uv": [32, 27], "uv_size": [-5, 5]},
								"south": {"uv": [23.5, 18], "uv_size": [-0.5, 1.5]},
								"west": {"uv": [32, 27], "uv_size": [-5, 5]},
								"up": {"uv": [21.5, 18], "uv_size": [-0.5, 1.5]},
								"down": {"uv": [21.5, 20.5], "uv_size": [-0.5, -1.5]}
							}
						},
						{
							"origin": [-1.4, 1.26884, -1.27178],
							"size": [0.4, 0.3, 0.5],
							"pivot": [0, 0, 0],
							"rotation": [45, 0, 0],
							"uv": {
								"north": {"uv": [15, 14.5], "uv_size": [0.5, -1.5]},
								"east": {"uv": [24, 18], "uv_size": [0, 0]},
								"south": {"uv": [13, 16.5], "uv_size": [0.5, -1.5]},
								"west": {"uv": [24, 18], "uv_size": [0, 0]},
								"up": {"uv": [15.5, 16.5], "uv_size": [-0.5, -1.5]},
								"down": {"uv": [39, 11], "uv_size": [-2, 3]}
							}
						},
						{
							"origin": [-1.4, -0.64751, -2.19311],
							"size": [0.4, 0.3, 0.5],
							"pivot": [0, 0, 0],
							"rotation": [-45, 0, 0],
							"uv": {
								"north": {"uv": [15, 13], "uv_size": [0.5, 1.5]},
								"east": {"uv": [24, 18], "uv_size": [0, 0]},
								"south": {"uv": [13, 15], "uv_size": [0.5, 1.5]},
								"west": {"uv": [24, 18], "uv_size": [0, 0]},
								"up": {"uv": [39, 14], "uv_size": [-2, -3]},
								"down": {"uv": [15.5, 15], "uv_size": [-0.5, 1.5]}
							}
						}
					]
				},
				{
					"name": "wheel3",
					"parent": "bb_main",
					"pivot": [-1.2, 0.67544, 2.39923],
					"cubes": [
						{
							"origin": [-1.4, 0.00503, 2.2],
							"size": [0.4, 1.3, 0.6],
							"uv": {
								"north": {"uv": [37, 11], "uv_size": [2, 3]},
								"east": {"uv": [11, 41], "uv_size": [0, 0]},
								"south": {"uv": [39, 11], "uv_size": [-2, 3]},
								"west": {"uv": [11, 40], "uv_size": [0, 0]},
								"up": {"uv": [39, 14], "uv_size": [-2, -3]},
								"down": {"uv": [39, 14], "uv_size": [-2, 3]}
							}
						},
						{
							"origin": [-1.4, 1.84645, -0.95148],
							"size": [0.4, 1.3, 0.6],
							"pivot": [0, 0, 0],
							"rotation": [-90, 0, 0],
							"uv": {
								"north": {"uv": [37, 11], "uv_size": [2, 3]},
								"east": {"uv": [12, 40], "uv_size": [0, 0]},
								"south": {"uv": [39, 11], "uv_size": [-2, 3]},
								"west": {"uv": [11, 40], "uv_size": [0, 0]},
								"up": {"uv": [39, 14], "uv_size": [-2, -3]},
								"down": {"uv": [39, 14], "uv_size": [-2, 3]}
							}
						},
						{
							"origin": [-1.4, 2.6027, 1.05711],
							"size": [0.4, 0.3, 0.5],
							"pivot": [0, 0, 0],
							"rotation": [-45, 0, 0],
							"uv": {
								"north": {"uv": [37, 11], "uv_size": [2, 3]},
								"east": {"uv": [11, 40], "uv_size": [0, 0]},
								"south": {"uv": [39, 11], "uv_size": [-2, 3]},
								"west": {"uv": [16, 12], "uv_size": [0, 0]},
								"up": {"uv": [39, 14], "uv_size": [-2, -3]},
								"down": {"uv": [39, 14], "uv_size": [-2, 3]}
							}
						},
						{
							"origin": [-1.4, -1.97634, 1.97341],
							"size": [0.4, 0.3, 0.5],
							"pivot": [0, 0, 0],
							"rotation": [45, 0, 0],
							"uv": {
								"north": {"uv": [37, 11], "uv_size": [2, 3]},
								"east": {"uv": [11, 41], "uv_size": [0, 0]},
								"south": {"uv": [39, 11], "uv_size": [-2, 3]},
								"west": {"uv": [12, 42], "uv_size": [0, 0]},
								"up": {"uv": [39, 14], "uv_size": [-2, -3]},
								"down": {"uv": [39, 14], "uv_size": [-2, 3]}
							}
						},
						{
							"origin": [-1.4, 1.55417, 1.0571],
							"size": [0.4, 0.3, 0.5],
							"pivot": [0, 0, 0],
							"rotation": [-45, 0, 0],
							"uv": {
								"north": {"uv": [37, 11], "uv_size": [2, 3]},
								"east": {"uv": [12, 41], "uv_size": [0, 0]},
								"south": {"uv": [39, 11], "uv_size": [-2, 3]},
								"west": {"uv": [11, 42], "uv_size": [0, 0]},
								"up": {"uv": [39, 14], "uv_size": [-2, -3]},
								"down": {"uv": [39, 14], "uv_size": [-2, 3]}
							}
						},
						{
							"origin": [-1.4, -0.93284, 1.97844],
							"size": [0.4, 0.3, 0.5],
							"pivot": [0, 0, 0],
							"rotation": [45, 0, 0],
							"uv": {
								"north": {"uv": [37, 11], "uv_size": [2, 3]},
								"east": {"uv": [12, 40], "uv_size": [0, 0]},
								"south": {"uv": [39, 11], "uv_size": [-2, 3]},
								"west": {"uv": [16, 12], "uv_size": [0, 0]},
								"up": {"uv": [39, 14], "uv_size": [-2, -3]},
								"down": {"uv": [39, 14], "uv_size": [-2, 3]}
							}
						},
						{
							"origin": [-1.41, 0.05, 1.9],
							"size": [0.42, 1.2, 1.2],
							"uv": {
								"north": {"uv": [38, 6], "uv_size": [1, 0]},
								"east": {"uv": [32, 27], "uv_size": [-5, 5]},
								"south": {"uv": [36, 9], "uv_size": [0, 0]},
								"west": {"uv": [32, 27], "uv_size": [-5, 5]},
								"up": {"uv": [39, 20], "uv_size": [-2, -3]},
								"down": {"uv": [39, 17], "uv_size": [-2, 3]}
							}
						}
					]
				},
				{
					"name": "wheel4",
					"parent": "bb_main",
					"pivot": [1.2, 0.67544, 2.39923],
					"cubes": [
						{
							"origin": [1, 0.00503, 2.2],
							"size": [0.4, 1.3, 0.6],
							"uv": {
								"north": {"uv": [15.5, 13], "uv_size": [-0.5, 1.5]},
								"east": {"uv": [12, 41], "uv_size": [0, 0]},
								"south": {"uv": [13.5, 15], "uv_size": [-0.5, 1.5]},
								"west": {"uv": [12, 40], "uv_size": [0, 0]},
								"up": {"uv": [39, 14], "uv_size": [-2, -3]},
								"down": {"uv": [37, 14], "uv_size": [2, 3]}
							}
						},
						{
							"origin": [1, -0.93284, 1.97844],
							"size": [0.4, 0.3, 0.5],
							"pivot": [0, 0, 0],
							"rotation": [45, 0, 0],
							"uv": {
								"north": {"uv": [13, 15], "uv_size": [0.5, 1.5]},
								"east": {"uv": [16, 12], "uv_size": [0, 0]},
								"south": {"uv": [15, 13], "uv_size": [0.5, 1.5]},
								"west": {"uv": [11, 40], "uv_size": [0, 0]},
								"up": {"uv": [39, 14], "uv_size": [-2, -3]},
								"down": {"uv": [37, 14], "uv_size": [2, 3]}
							}
						},
						{
							"origin": [1, 2.6027, 1.05711],
							"size": [0.4, 0.3, 0.5],
							"pivot": [0, 0, 0],
							"rotation": [-45, 0, 0],
							"uv": {
								"north": {"uv": [15.5, 13], "uv_size": [-0.5, 1.5]},
								"east": {"uv": [11, 41], "uv_size": [0, 0]},
								"south": {"uv": [13.5, 15], "uv_size": [-0.5, 1.5]},
								"west": {"uv": [11, 40], "uv_size": [0, 0]},
								"up": {"uv": [39, 14], "uv_size": [-2, -3]},
								"down": {"uv": [37, 14], "uv_size": [2, 3]}
							}
						},
						{
							"origin": [1, 1.84645, -0.95148],
							"size": [0.4, 1.3, 0.6],
							"pivot": [0, 0, 0],
							"rotation": [-90, 0, 0],
							"uv": {
								"north": {"uv": [15.5, 13], "uv_size": [-0.5, 1.5]},
								"east": {"uv": [11, 40], "uv_size": [0, 0]},
								"south": {"uv": [13.5, 15], "uv_size": [-0.5, 1.5]},
								"west": {"uv": [11, 40], "uv_size": [0, 0]},
								"up": {"uv": [39, 14], "uv_size": [-2, -3]},
								"down": {"uv": [37, 14], "uv_size": [2, 3]}
							}
						},
						{
							"origin": [1, 1.55417, 1.0571],
							"size": [0.4, 0.3, 0.5],
							"pivot": [0, 0, 0],
							"rotation": [-45, 0, 0],
							"uv": {
								"north": {"uv": [13, 16.5], "uv_size": [0.5, -1.5]},
								"east": {"uv": [11, 40], "uv_size": [0, 0]},
								"south": {"uv": [15, 14.5], "uv_size": [0.5, -1.5]},
								"west": {"uv": [12, 41], "uv_size": [0, 0]},
								"up": {"uv": [39, 14], "uv_size": [-2, -3]},
								"down": {"uv": [37, 14], "uv_size": [2, 3]}
							}
						},
						{
							"origin": [1, -1.97634, 1.97341],
							"size": [0.4, 0.3, 0.5],
							"pivot": [0, 0, 0],
							"rotation": [45, 0, 0],
							"uv": {
								"north": {"uv": [15.5, 14.5], "uv_size": [-0.5, -1.5]},
								"east": {"uv": [12, 40], "uv_size": [0, 0]},
								"south": {"uv": [13.5, 16.5], "uv_size": [-0.5, -1.5]},
								"west": {"uv": [12, 40], "uv_size": [0, 0]},
								"up": {"uv": [39, 14], "uv_size": [-2, -3]},
								"down": {"uv": [37, 14], "uv_size": [2, 3]}
							}
						},
						{
							"origin": [0.99, 0.05, 1.9],
							"size": [0.42, 1.2, 1.2],
							"uv": {
								"north": {"uv": [30, 19], "uv_size": [0.5, 1.5]},
								"east": {"uv": [27, 27], "uv_size": [5, 5]},
								"south": {"uv": [30, 19], "uv_size": [0.5, 1.5]},
								"west": {"uv": [27, 27], "uv_size": [5, 5]},
								"up": {"uv": [39, 20], "uv_size": [-2, -3]},
								"down": {"uv": [37, 17], "uv_size": [2, 3]}
							}
						}
					]
				},
				{
					"name": "wheel5",
					"parent": "bb_main",
					"pivot": [-0.7, 1.67544, 3.89923],
					"rotation": [0, 90, 0],
					"cubes": [
						{
							"origin": [-0.9, 0.80854, 3.7],
							"size": [0.4, 1.3, 0.6],
							"uv": {
								"north": {"uv": [37, 11], "uv_size": [2, 3]},
								"east": {"uv": [12, 39], "uv_size": [0, 0]},
								"south": {"uv": [39, 11], "uv_size": [-2, 3]},
								"west": {"uv": [11, 42], "uv_size": [0, 0]},
								"up": {"uv": [39, 14], "uv_size": [-2, -3]},
								"down": {"uv": [39, 14], "uv_size": [-2, 3]}
							}
						},
						{
							"origin": [-0.9, 3.34645, -1.75499],
							"size": [0.4, 1.3, 0.6],
							"pivot": [0, 0, 0],
							"rotation": [-90, 0, 0],
							"uv": {
								"north": {"uv": [37, 11], "uv_size": [2, 3]},
								"east": {"uv": [12, 41], "uv_size": [0, 0]},
								"south": {"uv": [39, 11], "uv_size": [-2, 3]},
								"west": {"uv": [16, 13], "uv_size": [0, 0]},
								"up": {"uv": [39, 14], "uv_size": [-2, -3]},
								"down": {"uv": [39, 14], "uv_size": [-2, 3]}
							}
						},
						{
							"origin": [-0.9, 4.2265, 1.54458],
							"size": [0.4, 0.3, 0.5],
							"pivot": [0, 0, 0],
							"rotation": [-45, 0, 0],
							"uv": {
								"north": {"uv": [37, 11], "uv_size": [2, 3]},
								"east": {"uv": [12, 41], "uv_size": [0, 0]},
								"south": {"uv": [39, 11], "uv_size": [-2, 3]},
								"west": {"uv": [11, 39], "uv_size": [0, 0]},
								"up": {"uv": [39, 14], "uv_size": [-2, -3]},
								"down": {"uv": [39, 14], "uv_size": [-2, 3]}
							}
						},
						{
							"origin": [-0.9, -2.46884, 3.60223],
							"size": [0.4, 0.3, 0.5],
							"pivot": [0, 0, 0],
							"rotation": [45, 0, 0],
							"uv": {
								"north": {"uv": [37, 11], "uv_size": [2, 3]},
								"east": {"uv": [11, 39], "uv_size": [0, 0]},
								"south": {"uv": [39, 11], "uv_size": [-2, 3]},
								"west": {"uv": [12, 40], "uv_size": [0, 0]},
								"up": {"uv": [39, 14], "uv_size": [-2, -3]},
								"down": {"uv": [39, 14], "uv_size": [-2, 3]}
							}
						},
						{
							"origin": [-0.9, 3.18299, 1.5496],
							"size": [0.4, 0.3, 0.5],
							"pivot": [0, 0, 0],
							"rotation": [-45, 0, 0],
							"uv": {
								"north": {"uv": [37, 11], "uv_size": [2, 3]},
								"east": {"uv": [12, 40], "uv_size": [0, 0]},
								"south": {"uv": [39, 11], "uv_size": [-2, 3]},
								"west": {"uv": [14, 15], "uv_size": [0, 0]},
								"up": {"uv": [39, 14], "uv_size": [-2, -3]},
								"down": {"uv": [39, 14], "uv_size": [-2, 3]}
							}
						},
						{
							"origin": [-0.9, -1.42533, 3.60726],
							"size": [0.4, 0.3, 0.5],
							"pivot": [0, 0, 0],
							"rotation": [45, 0, 0],
							"uv": {
								"north": {"uv": [37, 11], "uv_size": [2, 3]},
								"east": {"uv": [12, 41], "uv_size": [0, 0]},
								"south": {"uv": [39, 11], "uv_size": [-2, 3]},
								"west": {"uv": [12, 40], "uv_size": [0, 0]},
								"up": {"uv": [39, 14], "uv_size": [-2, -3]},
								"down": {"uv": [39, 14], "uv_size": [-2, 3]}
							}
						},
						{
							"origin": [-0.91, 0.85, 3.4],
							"size": [0.42, 1.2, 1.2],
							"uv": {
								"north": {"uv": [38, 6], "uv_size": [1, 0]},
								"east": {"uv": [32, 27], "uv_size": [-5, 5]},
								"south": {"uv": [36, 9], "uv_size": [0, 0]},
								"west": {"uv": [32, 27], "uv_size": [-5, 5]},
								"up": {"uv": [39, 20], "uv_size": [-2, -3]},
								"down": {"uv": [39, 17], "uv_size": [-2, 3]}
							}
						}
					]
				},
				{
					"name": "bone4",
					"parent": "bb_main",
					"pivot": [1.2, 0.80377, -1.94524]
				},
				{
					"name": "head",
					"pivot": [0, 3.1, 1.7],
					"cubes": [
						{
							"origin": [-0.1, 3.2, 1.5],
							"size": [0.2, 0.2, 0.8],
							"uv": {
								"north": {"uv": [20, 15], "uv_size": [3, 0.5]},
								"east": {"uv": [21, 15], "uv_size": [1.5, 0.5]},
								"south": {"uv": [20, 15], "uv_size": [3, 0.5]},
								"west": {"uv": [20, 15], "uv_size": [1.5, 0.5]},
								"up": {"uv": [22, 16], "uv_size": [-1, -1]},
								"down": {"uv": [3, 9.5], "uv_size": [3, -1.5]}
							}
						},
						{
							"origin": [0.05, 3.1, 2.3],
							"size": [0.1, 0.35, 0.1],
							"uv": {
								"north": {"uv": [29, 23], "uv_size": [3, 0.5]},
								"east": {"uv": [29, 23], "uv_size": [1.5, 0.5]},
								"south": {"uv": [29, 23], "uv_size": [3, 0.5]},
								"west": {"uv": [30, 23], "uv_size": [1.5, 0.5]},
								"up": {"uv": [32, 24], "uv_size": [-2, -1]},
								"down": {"uv": [29, 24], "uv_size": [3, -1]}
							}
						},
						{
							"origin": [-0.15, 3.1, 2.3],
							"size": [0.1, 0.35, 0.1],
							"uv": {
								"north": {"uv": [32, 23], "uv_size": [-3, 0.5]},
								"east": {"uv": [31.5, 23], "uv_size": [-1.5, 0.5]},
								"south": {"uv": [32, 23], "uv_size": [-3, 0.5]},
								"west": {"uv": [31.5, 23], "uv_size": [-1.5, 0.5]},
								"up": {"uv": [31, 24], "uv_size": [1, -1]},
								"down": {"uv": [32, 24], "uv_size": [-2, -1]}
							}
						},
						{
							"origin": [0.1, 3.2, 1.7],
							"size": [0.4, 0.2, 0.2],
							"uv": {
								"north": {"uv": [30, 16], "uv_size": [1, 1]},
								"east": {"uv": [21, 15], "uv_size": [1.5, 0.5]},
								"south": {"uv": [30, 16], "uv_size": [1, 1]},
								"west": {"uv": [30, 16], "uv_size": [0, 1]},
								"up": {"uv": [31, 17], "uv_size": [-1, -1]},
								"down": {"uv": [31, 17], "uv_size": [-1, -1]}
							}
						},
						{
							"origin": [-0.05, 3.25, 0.6],
							"size": [0.1, 0.1, 0.9],
							"uv": {
								"north": {"uv": [20, 15], "uv_size": [3, 0.5]},
								"east": {"uv": [24, 7], "uv_size": [5, 1]},
								"south": {"uv": [20, 15], "uv_size": [3, 0.5]},
								"west": {"uv": [24, 7], "uv_size": [6, 2]},
								"up": {"uv": [22, 10], "uv_size": [-2, -6]},
								"down": {"uv": [20, 9], "uv_size": [2, -5]}
							}
						},
						{
							"origin": [-0.04, 3.255, 0.5],
							"size": [0.08, 0.08, 0.13],
							"uv": {
								"north": {"uv": [25, 15], "uv_size": [2, 2]},
								"east": {"uv": [21, 15], "uv_size": [1.5, 0.5]},
								"south": {"uv": [20, 15], "uv_size": [3, 0.5]},
								"west": {"uv": [20, 15], "uv_size": [1.5, 0.5]},
								"up": {"uv": [22, 16], "uv_size": [-1, -1]},
								"down": {"uv": [3, 9.5], "uv_size": [3, -1.5]}
							}
						}
					]
				}
			]
		}
	]
}