{
	"format_version": "1.12.0",
	"minecraft:geometry": [
		{
			"description": {
				"identifier": "geometry.yak_9t",
				"texture_width": 64,
				"texture_height": 64,
				"visible_bounds_width": 2,
				"visible_bounds_height": 1.5,
				"visible_bounds_offset": [0, 0.25, 0]
			},
			"bones": [
				{
					"name": "Plane",
					"pivot": [0.06549, 2.92584, -0.29409],
					"rotation": [-10, 0, 0],
					"cubes": [
						{
							"origin": [0.4375, 3.4549, -1.30638],
							"size": [0.125, 0.90625, 0.15625],
							"pivot": [0.5, 3.53302, -1.22825],
							"rotation": [-42.5, 0, 0],
							"uv": {
								"north": {"uv": [32, 6], "uv_size": [0.25, 1]},
								"east": {"uv": [32, 7], "uv_size": [0.25, 1]},
								"south": {"uv": [32, 8], "uv_size": [0.25, 1]},
								"west": {"uv": [32, 9], "uv_size": [0.25, 1]},
								"up": {"uv": [27, 34], "uv_size": [0.25, 0.25]},
								"down": {"uv": [34, 27.25], "uv_size": [0.25, -0.25]}
							}
						},
						{
							"origin": [-0.3125, 3.4549, -1.15013],
							"size": [0.75, 0.90625, 0],
							"pivot": [0.5, 3.53302, -1.22825],
							"rotation": [-42.5, 0, 0],
							"uv": {
								"north": {"uv": [25, 5], "uv_size": [0.75, 1]},
								"east": {"uv": [0, 0], "uv_size": [0, 1]},
								"south": {"uv": [25, 9], "uv_size": [0.75, 1]},
								"west": {"uv": [0, 0], "uv_size": [0, 1]},
								"up": {"uv": [0, 0], "uv_size": [0.75, 0]},
								"down": {"uv": [0, 0], "uv_size": [0.75, 0]}
							}
						},
						{
							"origin": [-0.4375, 3.4549, -1.30638],
							"size": [0.125, 0.90625, 0.15625],
							"pivot": [-0.375, 3.53302, -1.22825],
							"rotation": [-42.5, 0, 0],
							"uv": {
								"north": {"uv": [32, 13], "uv_size": [0.25, 1]},
								"east": {"uv": [32, 14], "uv_size": [0.25, 1]},
								"south": {"uv": [15, 32], "uv_size": [0.25, 1]},
								"west": {"uv": [32, 15], "uv_size": [0.25, 1]},
								"up": {"uv": [33, 34], "uv_size": [0.25, 0.25]},
								"down": {"uv": [34, 33.25], "uv_size": [0.25, -0.25]}
							}
						},
						{
							"origin": [0.4375, 3.55839, 1.3153],
							"size": [0.125, 0.96875, 0.125],
							"pivot": [0.5, 3.73027, 1.36217],
							"rotation": [60, 0, 0],
							"uv": {
								"north": {"uv": [11, 32], "uv_size": [0.25, 1]},
								"east": {"uv": [32, 11], "uv_size": [0.25, 1]},
								"south": {"uv": [12, 32], "uv_size": [0.25, 1]},
								"west": {"uv": [32, 12], "uv_size": [0.25, 1]},
								"up": {"uv": [31, 34], "uv_size": [0.25, 0.25]},
								"down": {"uv": [34, 31.25], "uv_size": [0.25, -0.25]}
							}
						},
						{
							"origin": [-0.4375, 3.55839, 1.3153],
							"size": [0.125, 0.96875, 0.125],
							"pivot": [-0.375, 3.73027, 1.36217],
							"rotation": [60, 0, 0],
							"uv": {
								"north": {"uv": [16, 32], "uv_size": [0.25, 1]},
								"east": {"uv": [32, 16], "uv_size": [0.25, 1]},
								"south": {"uv": [17, 32], "uv_size": [0.25, 1]},
								"west": {"uv": [32, 17], "uv_size": [0.25, 1]},
								"up": {"uv": [35, 0], "uv_size": [0.25, 0.25]},
								"down": {"uv": [1, 35.25], "uv_size": [0.25, -0.25]}
							}
						},
						{
							"origin": [-0.3125, 3.72596, 1.29967],
							"size": [0.75, 0.875, 0],
							"pivot": [-0.375, 3.80408, 1.3778],
							"rotation": [60, 0, 0],
							"uv": {
								"north": {"uv": [25, 16], "uv_size": [0.75, 1]},
								"east": {"uv": [0, 0], "uv_size": [0, 1]},
								"south": {"uv": [18, 25], "uv_size": [0.75, 1]},
								"west": {"uv": [0, 0], "uv_size": [0, 1]},
								"up": {"uv": [0, 0], "uv_size": [0.75, 0]},
								"down": {"uv": [0, 0], "uv_size": [0.75, 0]}
							}
						},
						{
							"origin": [0.4375, 3.41511, -0.72638],
							"size": [0.125, 0.78125, 0.28125],
							"uv": {
								"north": {"uv": [28, 32], "uv_size": [0.25, 0.75]},
								"east": {"uv": [32, 28], "uv_size": [0.25, 0.75]},
								"south": {"uv": [29, 32], "uv_size": [0.25, 0.75]},
								"west": {"uv": [32, 29], "uv_size": [0.25, 0.75]},
								"up": {"uv": [28, 34], "uv_size": [0.25, 0.25]},
								"down": {"uv": [34, 28.25], "uv_size": [0.25, -0.25]}
							}
						},
						{
							"origin": [-0.4375, 3.41511, -0.72638],
							"size": [0.125, 0.78125, 0.28125],
							"uv": {
								"north": {"uv": [32, 32], "uv_size": [0.25, 0.75]},
								"east": {"uv": [0, 33], "uv_size": [0.25, 0.75]},
								"south": {"uv": [33, 0], "uv_size": [0.25, 0.75]},
								"west": {"uv": [1, 33], "uv_size": [0.25, 0.75]},
								"up": {"uv": [32, 34], "uv_size": [0.25, 0.25]},
								"down": {"uv": [34, 32.25], "uv_size": [0.25, -0.25]}
							}
						},
						{
							"origin": [-0.3125, 4.13386, -0.72638],
							"size": [0.75, 0.0625, 0.28125],
							"uv": {
								"north": {"uv": [33, 3], "uv_size": [0.75, 0.25]},
								"east": {"uv": [35, 2], "uv_size": [0.25, 0.25]},
								"south": {"uv": [4, 33], "uv_size": [0.75, 0.25]},
								"west": {"uv": [3, 35], "uv_size": [0.25, 0.25]},
								"up": {"uv": [33, 4], "uv_size": [0.75, 0.25]},
								"down": {"uv": [5, 33.25], "uv_size": [0.75, -0.25]}
							}
						},
						{
							"origin": [-0.3125, 4.13386, -0.44513],
							"size": [0.75, 0, 1.09375],
							"uv": {
								"north": {"uv": [0, 0], "uv_size": [0.75, 0]},
								"east": {"uv": [0, 0], "uv_size": [1, 0]},
								"south": {"uv": [0, 0], "uv_size": [0.75, 0]},
								"west": {"uv": [0, 0], "uv_size": [1, 0]},
								"up": {"uv": [25, 10], "uv_size": [0.75, 1]},
								"down": {"uv": [25, 12], "uv_size": [0.75, -1]}
							}
						},
						{
							"origin": [-0.3125, 4.13386, 0.39862],
							"size": [0.75, 0.0625, 0.09375],
							"uv": {
								"north": {"uv": [33, 5], "uv_size": [0.75, 0.25]},
								"east": {"uv": [35, 3], "uv_size": [0.25, 0.25]},
								"south": {"uv": [6, 33], "uv_size": [0.75, 0.25]},
								"west": {"uv": [4, 35], "uv_size": [0.25, 0.25]},
								"up": {"uv": [33, 6], "uv_size": [0.75, 0.25]},
								"down": {"uv": [7, 33.25], "uv_size": [0.75, -0.25]}
							}
						},
						{
							"origin": [0.4375, 4.07136, -0.44513],
							"size": [0.125, 0.125, 1.15625],
							"uv": {
								"north": {"uv": [29, 34], "uv_size": [0.25, 0.25]},
								"east": {"uv": [30, 22], "uv_size": [1.25, 0.25]},
								"south": {"uv": [34, 29], "uv_size": [0.25, 0.25]},
								"west": {"uv": [23, 30], "uv_size": [1.25, 0.25]},
								"up": {"uv": [25, 30], "uv_size": [0.25, 1.25]},
								"down": {"uv": [26, 31.25], "uv_size": [0.25, -1.25]}
							}
						},
						{
							"origin": [-0.4375, 4.07136, -0.44513],
							"size": [0.125, 0.125, 1.15625],
							"uv": {
								"north": {"uv": [34, 34], "uv_size": [0.25, 0.25]},
								"east": {"uv": [28, 30], "uv_size": [1.25, 0.25]},
								"south": {"uv": [0, 35], "uv_size": [0.25, 0.25]},
								"west": {"uv": [30, 30], "uv_size": [1.25, 0.25]},
								"up": {"uv": [0, 31], "uv_size": [0.25, 1.25]},
								"down": {"uv": [31, 1.25], "uv_size": [0.25, -1.25]}
							}
						},
						{
							"origin": [0.4375, 3.41511, 0.39862],
							"size": [0.125, 0.78125, 0.09375],
							"uv": {
								"north": {"uv": [30, 32], "uv_size": [0.25, 0.75]},
								"east": {"uv": [32, 30], "uv_size": [0.25, 0.75]},
								"south": {"uv": [31, 32], "uv_size": [0.25, 0.75]},
								"west": {"uv": [32, 31], "uv_size": [0.25, 0.75]},
								"up": {"uv": [30, 34], "uv_size": [0.25, 0.25]},
								"down": {"uv": [34, 30.25], "uv_size": [0.25, -0.25]}
							}
						},
						{
							"origin": [-0.4375, 3.41511, 0.39862],
							"size": [0.125, 0.78125, 0.09375],
							"uv": {
								"north": {"uv": [33, 1], "uv_size": [0.25, 0.75]},
								"east": {"uv": [2, 33], "uv_size": [0.25, 0.75]},
								"south": {"uv": [33, 2], "uv_size": [0.25, 0.75]},
								"west": {"uv": [3, 33], "uv_size": [0.25, 0.75]},
								"up": {"uv": [35, 1], "uv_size": [0.25, 0.25]},
								"down": {"uv": [2, 35.25], "uv_size": [0.25, -0.25]}
							}
						},
						{
							"origin": [-0.40625, 0.98615, -4.93138],
							"size": [0.9375, 0.75, 1.5],
							"uv": {
								"north": {"uv": [25, 3], "uv_size": [1, 0.75]},
								"east": {"uv": [22, 20], "uv_size": [1.5, 0.75]},
								"south": {"uv": [25, 4], "uv_size": [1, 0.75]},
								"west": {"uv": [23, 3], "uv_size": [1.5, 0.75]},
								"up": {"uv": [21, 7], "uv_size": [1, 1.5]},
								"down": {"uv": [8, 22.5], "uv_size": [1, -1.5]}
							}
						},
						{
							"origin": [-0.4375, 0.42365, -0.49388],
							"size": [1, 0.5, 0.9375],
							"pivot": [0.5625, 0.42365, -0.49388],
							"rotation": [10, 0, 0],
							"uv": {
								"north": {"uv": [27, 22], "uv_size": [1, 0.5]},
								"east": {"uv": [27, 23], "uv_size": [1, 0.5]},
								"south": {"uv": [27, 24], "uv_size": [1, 0.5]},
								"west": {"uv": [27, 25], "uv_size": [1, 0.5]},
								"up": {"uv": [24, 0], "uv_size": [1, 1]},
								"down": {"uv": [24, 2], "uv_size": [1, -1]}
							}
						},
						{
							"origin": [-0.4375, 0.42365, -1.74388],
							"size": [1, 0.5, 1.25],
							"uv": {
								"north": {"uv": [26, 27], "uv_size": [1, 0.5]},
								"east": {"uv": [2, 26], "uv_size": [1.25, 0.5]},
								"south": {"uv": [27, 26], "uv_size": [1, 0.5]},
								"west": {"uv": [4, 26], "uv_size": [1.25, 0.5]},
								"up": {"uv": [22, 22], "uv_size": [1, 1.25]},
								"down": {"uv": [0, 24.25], "uv_size": [1, -1.25]}
							}
						},
						{
							"origin": [-0.4375, 0.58644, -0.82062],
							"size": [1, 0.34375, 1.25],
							"uv": {
								"north": {"uv": [32, 3], "uv_size": [1, 0.25]},
								"east": {"uv": [21, 30], "uv_size": [1.25, 0.25]},
								"south": {"uv": [4, 32], "uv_size": [1, 0.25]},
								"west": {"uv": [30, 21], "uv_size": [1.25, 0.25]},
								"up": {"uv": [23, 0], "uv_size": [1, 1.25]},
								"down": {"uv": [1, 24.25], "uv_size": [1, -1.25]}
							}
						},
						{
							"origin": [-0.4375, 0.92365, -1.15013],
							"size": [1, 1.59375, 1.78125],
							"uv": {
								"north": {"uv": [9, 21], "uv_size": [1, 1.5]},
								"east": {"uv": [8, 17], "uv_size": [1.75, 1.5]},
								"south": {"uv": [21, 9], "uv_size": [1, 1.5]},
								"west": {"uv": [17, 14], "uv_size": [1.75, 1.5]},
								"up": {"uv": [19, 19], "uv_size": [1, 1.75]},
								"down": {"uv": [5, 21.75], "uv_size": [1, -1.75]}
							}
						},
						{
							"origin": [-0.46875, 1.4549, -1.15013],
							"size": [0.1875, 1.9375, 1.78125],
							"uv": {
								"north": {"uv": [9, 21], "uv_size": [0.1875, 1.9375]},
								"east": {"uv": [7.6875, 13.15625], "uv_size": [1.78125, 1.9375]},
								"south": {"uv": [21, 9], "uv_size": [0.1875, 1.9375]},
								"west": {"uv": [17, 14], "uv_size": [1.78125, 1.9375]},
								"up": {"uv": [19, 19], "uv_size": [0.1875, 1.78125]},
								"down": {"uv": [5, 21.78125], "uv_size": [0.1875, -1.78125]}
							}
						},
						{
							"origin": [0.40625, 1.4549, -1.15013],
							"size": [0.1875, 1.9375, 1.78125],
							"uv": {
								"north": {"uv": [9.1875, 21], "uv_size": [-0.1875, 1.9375]},
								"east": {"uv": [18.78125, 14], "uv_size": [-1.78125, 1.9375]},
								"south": {"uv": [21.1875, 9], "uv_size": [-0.1875, 1.9375]},
								"west": {"uv": [9.5625, 12.78125], "uv_size": [-1.78125, 1.9375]},
								"up": {"uv": [19.1875, 19], "uv_size": [-0.1875, 1.78125]},
								"down": {"uv": [5.1875, 21.78125], "uv_size": [-0.1875, -1.78125]}
							}
						},
						{
							"origin": [-0.46875, 1.8299, 1.47487],
							"size": [1.03125, 1.5, 1.5],
							"uv": {
								"north": {"uv": [64, 0], "uv_size": [-0.1875, 1.9375]},
								"east": {"uv": [64, 62], "uv_size": [-2.21875, 2]},
								"south": {"uv": [64, 0], "uv_size": [-0.1875, 1.9375]},
								"west": {"uv": [61.78125, 61.96875], "uv_size": [2.21875, 2.03125]},
								"up": {"uv": [64, 0], "uv_size": [-0.1875, 1.78125]},
								"down": {"uv": [64, 1.78125], "uv_size": [-0.1875, -1.78125]}
							}
						},
						{
							"origin": [-0.09375, 3.73615, 5.13112],
							"size": [0.375, 1, 1],
							"uv": {
								"north": {"uv": [64, 0], "uv_size": [-0.1875, 1.9375]},
								"east": {"uv": [64, 62], "uv_size": [-2.21875, 2]},
								"south": {"uv": [64, 0], "uv_size": [-0.1875, 1.9375]},
								"west": {"uv": [61.78125, 61.96875], "uv_size": [2.21875, 2.03125]},
								"up": {"uv": [64, 0], "uv_size": [-0.1875, 1.78125]},
								"down": {"uv": [64, 1.78125], "uv_size": [-0.1875, -1.78125]}
							}
						},
						{
							"origin": [3.78125, 0.48615, -2.15013],
							"size": [0.34375, 1.59375, 1.59375],
							"pivot": [3.9375, 1.73615, -2.05638],
							"rotation": [90, 0, -97.5],
							"uv": {
								"north": {"uv": [64, 0], "uv_size": [-0.1875, 1.9375]},
								"east": {"uv": [64, 62], "uv_size": [-2.21875, 2]},
								"south": {"uv": [64, 0], "uv_size": [-0.1875, 1.9375]},
								"west": {"uv": [61.78125, 61.96875], "uv_size": [2.21875, 2.03125]},
								"up": {"uv": [64, 0], "uv_size": [-0.1875, 1.78125]},
								"down": {"uv": [64, 1.78125], "uv_size": [-0.1875, -1.78125]}
							}
						},
						{
							"origin": [-4.125, 0.5174, -2.15013],
							"size": [0.34375, 1.59375, 1.59375],
							"pivot": [-3.9375, 1.7674, -2.05638],
							"rotation": [90, 0, 97.5],
							"uv": {
								"north": {"uv": [63.8125, 0], "uv_size": [0.1875, 1.9375]},
								"east": {"uv": [64, 61.96875], "uv_size": [-2.21875, 2.03125]},
								"south": {"uv": [63.8125, 0], "uv_size": [0.1875, 1.9375]},
								"west": {"uv": [61.78125, 62], "uv_size": [2.21875, 2]},
								"up": {"uv": [63.8125, 0], "uv_size": [0.1875, 1.78125]},
								"down": {"uv": [63.8125, 1.78125], "uv_size": [0.1875, -1.78125]}
							}
						},
						{
							"origin": [-0.25, 2.5174, -0.55638],
							"size": [0.65625, 0.28125, 0.8125],
							"uv": {
								"north": {"uv": [6, 34], "uv_size": [0.75, 0.25]},
								"east": {"uv": [34, 6], "uv_size": [0.75, 0.25]},
								"south": {"uv": [7, 34], "uv_size": [0.75, 0.25]},
								"west": {"uv": [34, 7], "uv_size": [0.75, 0.25]},
								"up": {"uv": [27, 1], "uv_size": [0.75, 0.75]},
								"down": {"uv": [2, 27.75], "uv_size": [0.75, -0.75]}
							}
						},
						{
							"origin": [-0.25, 2.73615, 0.09987],
							"size": [0.65625, 0.875, 0.1875],
							"pivot": [0.07813, 3.17365, 0.19362],
							"rotation": [-15, 0, 0],
							"uv": {
								"north": {"uv": [25, 19], "uv_size": [0.75, 1]},
								"east": {"uv": [22, 32], "uv_size": [0.25, 1]},
								"south": {"uv": [20, 25], "uv_size": [0.75, 1]},
								"west": {"uv": [32, 22], "uv_size": [0.25, 1]},
								"up": {"uv": [8, 34], "uv_size": [0.75, 0.25]},
								"down": {"uv": [34, 8.25], "uv_size": [0.75, -0.25]}
							}
						},
						{
							"origin": [0.375, 0.92365, 0.63112],
							"size": [0.1875, 1.5625, 5.46875],
							"pivot": [0.5625, 0.92365, 0.63112],
							"rotation": [7.5, -2.5, 0],
							"uv": {
								"north": {"uv": [26, 28], "uv_size": [0.25, 1.5]},
								"east": {"uv": [0, 10], "uv_size": [5.5, 1.5]},
								"south": {"uv": [28, 26], "uv_size": [0.25, 1.5]},
								"west": {"uv": [6, 10], "uv_size": [5.5, 1.5]},
								"up": {"uv": [11, 21], "uv_size": [0.25, 5.5]},
								"down": {"uv": [21, 16.5], "uv_size": [0.25, -5.5]}
							}
						},
						{
							"origin": [-0.4375, 0.92365, 0.63112],
							"size": [0.28125, 1.6875, 5.46875],
							"pivot": [-0.4375, 0.92365, 0.63112],
							"rotation": [7.5, 2.5, 0],
							"uv": {
								"north": {"uv": [3, 28], "uv_size": [0.25, 1.75]},
								"east": {"uv": [0, 4], "uv_size": [5.5, 1.75]},
								"south": {"uv": [4, 28], "uv_size": [0.25, 1.75]},
								"west": {"uv": [0, 6], "uv_size": [5.5, 1.75]},
								"up": {"uv": [16, 21], "uv_size": [0.25, 5.5]},
								"down": {"uv": [19, 26.5], "uv_size": [0.25, -5.5]}
							}
						},
						{
							"origin": [-0.1875, 0.92365, 0.63112],
							"size": [0.5625, 1.6875, 5.46875],
							"pivot": [-0.1875, 0.92365, 0.63112],
							"rotation": [7.5, 0, 0],
							"uv": {
								"north": {"uv": [24, 9], "uv_size": [0.5, 1.75]},
								"east": {"uv": [6, 0], "uv_size": [5.5, 1.75]},
								"south": {"uv": [17, 24], "uv_size": [0.5, 1.75]},
								"west": {"uv": [6, 2], "uv_size": [5.5, 1.75]},
								"up": {"uv": [17, 6], "uv_size": [0.5, 5.5]},
								"down": {"uv": [7, 22.5], "uv_size": [0.5, -5.5]}
							}
						},
						{
							"origin": [0.01875, 0.6424, 5.56862],
							"size": [0.16875, 0.8125, 0.1875],
							"pivot": [-0.375, 0.92365, 0.63112],
							"rotation": [7.5, 0, 0],
							"uv": {
								"north": {"uv": [4, 34], "uv_size": [0.25, 0.75]},
								"east": {"uv": [34, 4], "uv_size": [0.25, 0.75]},
								"south": {"uv": [5, 34], "uv_size": [0.25, 0.75]},
								"west": {"uv": [34, 5], "uv_size": [0.25, 0.75]},
								"up": {"uv": [35, 27], "uv_size": [0.25, 0.25]},
								"down": {"uv": [28, 35.25], "uv_size": [0.25, -0.25]}
							}
						},
						{
							"origin": [-0.0125, 0.125, 5.54282],
							"size": [0.23125, 0.3125, 0.3125],
							"pivot": [-0.375, 0.6424, 0.63112],
							"rotation": [10, 0, 0],
							"uv": {
								"north": {"uv": [35, 28], "uv_size": [0.25, 0.25]},
								"east": {"uv": [29, 35], "uv_size": [0.25, 0.25]},
								"south": {"uv": [35, 29], "uv_size": [0.25, 0.25]},
								"west": {"uv": [30, 35], "uv_size": [0.25, 0.25]},
								"up": {"uv": [35, 30], "uv_size": [0.25, 0.25]},
								"down": {"uv": [31, 35.25], "uv_size": [0.25, -0.25]}
							}
						},
						{
							"origin": [0.3125, 2.17365, 1.34987],
							"size": [0.25, 1.5625, 4.53125],
							"pivot": [0.5625, 3.73615, 1.34987],
							"rotation": [-5, -2.5, 0],
							"uv": {
								"north": {"uv": [28, 28], "uv_size": [0.25, 1.5]},
								"east": {"uv": [0, 12], "uv_size": [4.5, 1.5]},
								"south": {"uv": [0, 29], "uv_size": [0.25, 1.5]},
								"west": {"uv": [12, 0], "uv_size": [4.5, 1.5]},
								"up": {"uv": [6, 23], "uv_size": [0.25, 4.5]},
								"down": {"uv": [7, 27.5], "uv_size": [0.25, -4.5]}
							}
						},
						{
							"origin": [-0.125, 2.17365, 1.34987],
							"size": [0.4375, 1.5625, 4.53125],
							"pivot": [0.3125, 3.73615, 1.34987],
							"rotation": [-5, 0, 0],
							"uv": {
								"north": {"uv": [22, 24], "uv_size": [0.5, 1.5]},
								"east": {"uv": [5, 12], "uv_size": [4.5, 1.5]},
								"south": {"uv": [24, 22], "uv_size": [0.5, 1.5]},
								"west": {"uv": [12, 6], "uv_size": [4.5, 1.5]},
								"up": {"uv": [0, 18], "uv_size": [0.5, 4.5]},
								"down": {"uv": [1, 22.5], "uv_size": [0.5, -4.5]}
							}
						},
						{
							"origin": [0.0125, 3.59711, 1.23932],
							"size": [0.1, 1.6875, 0.1],
							"pivot": [0.0625, 4.50336, 1.28932],
							"rotation": [10, 0, 0],
							"uv": {
								"north": {"uv": [19, 28], "uv_size": [0.25, 1.75]},
								"east": {"uv": [28, 20], "uv_size": [0.25, 1.75]},
								"south": {"uv": [21, 28], "uv_size": [0.25, 1.75]},
								"west": {"uv": [22, 28], "uv_size": [0.25, 1.75]},
								"up": {"uv": [25, 34], "uv_size": [0.25, 0.25]},
								"down": {"uv": [34, 25.25], "uv_size": [0.25, -0.25]}
							}
						},
						{
							"origin": [0.03125, 5.17635, 1.1948],
							"size": [0.05, 0.05, 3.85],
							"pivot": [0.05625, 5.20135, 3.96355],
							"rotation": [0, 0, 0],
							"uv": {
								"north": {"uv": [26, 34], "uv_size": [0.25, 0.25]},
								"east": {"uv": [24, 6], "uv_size": [3.75, 0.25]},
								"south": {"uv": [34, 26], "uv_size": [0.25, 0.25]},
								"west": {"uv": [24, 8], "uv_size": [3.75, 0.25]},
								"up": {"uv": [13, 24], "uv_size": [0.25, 3.75]},
								"down": {"uv": [14, 27.75], "uv_size": [0.25, -3.75]}
							}
						},
						{
							"origin": [-0.0625, 3.17365, 5.13112],
							"size": [0.3125, 2.5, 0.53125],
							"pivot": [0.3125, 5.67365, 5.13112],
							"rotation": [0, 0, 0],
							"uv": {
								"north": {"uv": [25, 25], "uv_size": [0.25, 2.5]},
								"east": {"uv": [20, 22], "uv_size": [0.5, 2.5]},
								"south": {"uv": [0, 26], "uv_size": [0.25, 2.5]},
								"west": {"uv": [21, 22], "uv_size": [0.5, 2.5]},
								"up": {"uv": [16, 34], "uv_size": [0.25, 0.5]},
								"down": {"uv": [34, 16.5], "uv_size": [0.25, -0.5]}
							}
						},
						{
							"origin": [-0.0625, 3.17365, 5.13112],
							"size": [0.3125, 2.5, 0.625],
							"pivot": [0.3125, 5.67365, 5.13112],
							"rotation": [-20, 0, 0],
							"uv": {
								"north": {"uv": [1, 26], "uv_size": [0.25, 2.5]},
								"east": {"uv": [13, 19], "uv_size": [0.75, 2.5]},
								"south": {"uv": [26, 1], "uv_size": [0.25, 2.5]},
								"west": {"uv": [14, 19], "uv_size": [0.75, 2.5]},
								"up": {"uv": [26, 32], "uv_size": [0.25, 0.75]},
								"down": {"uv": [32, 26.75], "uv_size": [0.25, -0.75]}
							}
						},
						{
							"origin": [-0.0625, 4.61115, 4.84991],
							"size": [0.3125, 1.0625, 0.8125],
							"pivot": [0.3125, 5.67365, 5.66241],
							"rotation": [40, 0, 0],
							"uv": {
								"north": {"uv": [32, 2], "uv_size": [0.25, 1]},
								"east": {"uv": [25, 1], "uv_size": [0.75, 1]},
								"south": {"uv": [3, 32], "uv_size": [0.25, 1]},
								"west": {"uv": [25, 2], "uv_size": [0.75, 1]},
								"up": {"uv": [27, 32], "uv_size": [0.25, 0.75]},
								"down": {"uv": [32, 27.75], "uv_size": [0.25, -0.75]}
							}
						},
						{
							"origin": [-0.0625, 3.73473, 4.53287],
							"size": [0.3125, 1.125, 1.8125],
							"pivot": [0.3125, 4.85973, 6.34537],
							"rotation": [20, 0, 0],
							"uv": {
								"north": {"uv": [15, 30], "uv_size": [0.25, 1.25]},
								"east": {"uv": [18, 12], "uv_size": [1.75, 1.25]},
								"south": {"uv": [30, 15], "uv_size": [0.25, 1.25]},
								"west": {"uv": [19, 0], "uv_size": [1.75, 1.25]},
								"up": {"uv": [9, 28], "uv_size": [0.25, 1.75]},
								"down": {"uv": [13, 29.75], "uv_size": [0.25, -1.75]}
							}
						},
						{
							"origin": [-0.0625, 1.56767, 4.91765],
							"size": [0.3125, 1.125, 1.8125],
							"pivot": [0.3125, 2.69267, 6.73015],
							"rotation": [-37.5, 0, 0],
							"uv": {
								"north": {"uv": [19, 30], "uv_size": [0.25, 1.25]},
								"east": {"uv": [19, 4], "uv_size": [1.75, 1.25]},
								"south": {"uv": [30, 19], "uv_size": [0.25, 1.25]},
								"west": {"uv": [19, 6], "uv_size": [1.75, 1.25]},
								"up": {"uv": [16, 28], "uv_size": [0.25, 1.75]},
								"down": {"uv": [28, 18.75], "uv_size": [0.25, -1.75]}
							}
						},
						{
							"origin": [-0.0625, 2.67757, 4.91765],
							"size": [0.3125, 1.125, 1.8125],
							"pivot": [0.3125, 3.80257, 6.73015],
							"rotation": [0, 0, 0],
							"uv": {
								"north": {"uv": [16, 30], "uv_size": [0.25, 1.25]},
								"east": {"uv": [19, 2], "uv_size": [1.75, 1.25]},
								"south": {"uv": [30, 17], "uv_size": [0.25, 1.25]},
								"west": {"uv": [3, 19], "uv_size": [1.75, 1.25]},
								"up": {"uv": [14, 28], "uv_size": [0.25, 1.75]},
								"down": {"uv": [15, 29.75], "uv_size": [0.25, -1.75]}
							}
						},
						{
							"origin": [-0.4375, 2.17365, 1.34987],
							"size": [0.3125, 1.5625, 4.53125],
							"pivot": [-0.4375, 3.73615, 1.34987],
							"rotation": [-5, 2.5, 0],
							"uv": {
								"north": {"uv": [29, 0], "uv_size": [0.25, 1.5]},
								"east": {"uv": [12, 2], "uv_size": [4.5, 1.5]},
								"south": {"uv": [1, 29], "uv_size": [0.25, 1.5]},
								"west": {"uv": [12, 4], "uv_size": [4.5, 1.5]},
								"up": {"uv": [8, 23], "uv_size": [0.25, 4.5]},
								"down": {"uv": [9, 27.5], "uv_size": [0.25, -4.5]}
							}
						},
						{
							"origin": [0.21875, 1.2674, 1.56862],
							"size": [0.34375, 2.15625, 0.84375],
							"pivot": [0.0625, 2.34552, 1.52175],
							"rotation": [0, -5, 0],
							"uv": {
								"north": {"uv": [17, 26], "uv_size": [0.25, 2.25]},
								"east": {"uv": [6, 20], "uv_size": [0.75, 2.25]},
								"south": {"uv": [18, 26], "uv_size": [0.25, 2.25]},
								"west": {"uv": [20, 8], "uv_size": [0.75, 2.25]},
								"up": {"uv": [23, 32], "uv_size": [0.25, 0.75]},
								"down": {"uv": [32, 23.75], "uv_size": [0.25, -0.75]}
							}
						},
						{
							"origin": [-0.4375, 1.2674, 1.53737],
							"size": [0.46875, 2.15625, 0.84375],
							"pivot": [0.0625, 2.34552, 1.4905],
							"rotation": [0, 5, 0],
							"uv": {
								"north": {"uv": [23, 8], "uv_size": [0.5, 2.25]},
								"east": {"uv": [10, 20], "uv_size": [0.75, 2.25]},
								"south": {"uv": [10, 23], "uv_size": [0.5, 2.25]},
								"west": {"uv": [20, 11], "uv_size": [0.75, 2.25]},
								"up": {"uv": [29, 2], "uv_size": [0.5, 0.75]},
								"down": {"uv": [29, 3.75], "uv_size": [0.5, -0.75]}
							}
						},
						{
							"origin": [-0.4375, 0.92365, -4.49388],
							"size": [1, 0.5, 1.09375],
							"pivot": [0.5625, 0.92365, -3.40013],
							"rotation": [-35, 0, 0],
							"uv": {
								"north": {"uv": [27, 2], "uv_size": [1, 0.5]},
								"east": {"uv": [3, 27], "uv_size": [1, 0.5]},
								"south": {"uv": [27, 3], "uv_size": [1, 0.5]},
								"west": {"uv": [4, 27], "uv_size": [1, 0.5]},
								"up": {"uv": [13, 23], "uv_size": [1, 1]},
								"down": {"uv": [14, 24], "uv_size": [1, -1]}
							}
						},
						{
							"origin": [-0.4375, 1.69326, -5.66212],
							"size": [1, 0.5, 0.625],
							"pivot": [0.5625, 1.69326, -5.03712],
							"rotation": [-30, 0, 0],
							"uv": {
								"north": {"uv": [5, 27], "uv_size": [1, 0.5]},
								"east": {"uv": [24, 28], "uv_size": [0.75, 0.5]},
								"south": {"uv": [27, 9], "uv_size": [1, 0.5]},
								"west": {"uv": [28, 24], "uv_size": [0.75, 0.5]},
								"up": {"uv": [24, 11], "uv_size": [1, 0.75]},
								"down": {"uv": [24, 16.75], "uv_size": [1, -0.75]}
							}
						},
						{
							"origin": [-0.4375, 1.5174, -5.05638],
							"size": [1, 0.5, 0.8125],
							"pivot": [0.5625, 1.5174, -4.24388],
							"rotation": [-12.5, 0, 0],
							"uv": {
								"north": {"uv": [27, 10], "uv_size": [1, 0.5]},
								"east": {"uv": [25, 28], "uv_size": [0.75, 0.5]},
								"south": {"uv": [11, 27], "uv_size": [1, 0.5]},
								"west": {"uv": [28, 25], "uv_size": [0.75, 0.5]},
								"up": {"uv": [18, 24], "uv_size": [1, 0.75]},
								"down": {"uv": [24, 19.75], "uv_size": [1, -0.75]}
							}
						},
						{
							"origin": [-0.4375, 1.54865, -4.40013],
							"size": [1, 2, 1],
							"uv": {
								"north": {"uv": [8, 19], "uv_size": [1, 2]},
								"east": {"uv": [19, 8], "uv_size": [1, 2]},
								"south": {"uv": [9, 19], "uv_size": [1, 2]},
								"west": {"uv": [19, 10], "uv_size": [1, 2]},
								"up": {"uv": [23, 4], "uv_size": [1, 1]},
								"down": {"uv": [23, 12], "uv_size": [1, -1]}
							}
						},
						{
							"origin": [0.15625, 3.3924, -4.49388],
							"size": [0.125, 0.125, 0.5625],
							"uv": {
								"north": {"uv": [35, 26], "uv_size": [0.25, 0.25]},
								"east": {"uv": [21, 34], "uv_size": [0.5, 0.25]},
								"south": {"uv": [27, 35], "uv_size": [0.25, 0.25]},
								"west": {"uv": [34, 21], "uv_size": [0.5, 0.25]},
								"up": {"uv": [22, 34], "uv_size": [0.25, 0.5]},
								"down": {"uv": [34, 22.5], "uv_size": [0.25, -0.5]}
							}
						},
						{
							"origin": [-0.05677, 2.5942, -6.47563],
							"size": [0.2475, 0.18562, 0.69125],
							"pivot": [0.19073, 2.77983, -6.47563],
							"rotation": [32.5, 0, 0],
							"uv": {
								"north": {"uv": [35, 4], "uv_size": [0.25, 0.25]},
								"east": {"uv": [33, 7], "uv_size": [0.75, 0.25]},
								"south": {"uv": [5, 35], "uv_size": [0.25, 0.25]},
								"west": {"uv": [8, 33], "uv_size": [0.75, 0.25]},
								"up": {"uv": [33, 8], "uv_size": [0.25, 0.75]},
								"down": {"uv": [9, 33.75], "uv_size": [0.25, -0.75]}
							}
						},
						{
							"origin": [-0.05677, 2.62545, -6.47563],
							"size": [0.2475, 0.15437, 0.785],
							"pivot": [0.19073, 2.77983, -6.47563],
							"rotation": [30, 30, 0],
							"uv": {
								"north": {"uv": [35, 7], "uv_size": [0.25, 0.25]},
								"east": {"uv": [33, 13], "uv_size": [0.75, 0.25]},
								"south": {"uv": [8, 35], "uv_size": [0.25, 0.25]},
								"west": {"uv": [14, 33], "uv_size": [0.75, 0.25]},
								"up": {"uv": [33, 14], "uv_size": [0.25, 0.75]},
								"down": {"uv": [15, 33.75], "uv_size": [0.25, -0.75]}
							}
						},
						{
							"origin": [-0.05677, 2.5317, -6.47563],
							"size": [0.2475, 0.24812, 0.69125],
							"pivot": [0.19073, 2.77983, -6.47563],
							"rotation": [0, 32.5, 0],
							"uv": {
								"north": {"uv": [35, 15], "uv_size": [0.25, 0.25]},
								"east": {"uv": [33, 29], "uv_size": [0.75, 0.25]},
								"south": {"uv": [16, 35], "uv_size": [0.25, 0.25]},
								"west": {"uv": [30, 33], "uv_size": [0.75, 0.25]},
								"up": {"uv": [33, 30], "uv_size": [0.25, 0.75]},
								"down": {"uv": [31, 33.75], "uv_size": [0.25, -0.75]}
							}
						},
						{
							"origin": [-0.05677, 2.34517, -6.16313],
							"size": [0.2475, 0.62312, 0.37875],
							"pivot": [0.19073, 2.53267, -6.47563],
							"rotation": [0, 30, 0],
							"uv": {
								"north": {"uv": [17, 34], "uv_size": [0.25, 0.5]},
								"east": {"uv": [18, 32], "uv_size": [0.5, 0.5]},
								"south": {"uv": [34, 17], "uv_size": [0.25, 0.5]},
								"west": {"uv": [32, 18], "uv_size": [0.5, 0.5]},
								"up": {"uv": [18, 34], "uv_size": [0.25, 0.5]},
								"down": {"uv": [34, 18.5], "uv_size": [0.25, -0.5]}
							}
						},
						{
							"origin": [-0.05677, 2.53233, -6.47563],
							"size": [0.2475, 0.24812, 0.69125],
							"pivot": [-0.05677, 2.78045, -6.47563],
							"rotation": [0, -32.5, 0],
							"uv": {
								"north": {"uv": [35, 16], "uv_size": [0.25, 0.25]},
								"east": {"uv": [33, 31], "uv_size": [0.75, 0.25]},
								"south": {"uv": [17, 35], "uv_size": [0.25, 0.25]},
								"west": {"uv": [32, 33], "uv_size": [0.75, 0.25]},
								"up": {"uv": [33, 32], "uv_size": [0.25, 0.75]},
								"down": {"uv": [33, 33.75], "uv_size": [0.25, -0.75]}
							}
						},
						{
							"origin": [-0.06573, 2.53267, -6.47563],
							"size": [0.06, 0.18562, 0.785],
							"pivot": [-0.06573, 2.53267, -6.47563],
							"rotation": [-30, -30, 0],
							"uv": {
								"north": {"uv": [35, 14], "uv_size": [0.25, 0.25]},
								"east": {"uv": [33, 27], "uv_size": [0.75, 0.25]},
								"south": {"uv": [15, 35], "uv_size": [0.25, 0.25]},
								"west": {"uv": [28, 33], "uv_size": [0.75, 0.25]},
								"up": {"uv": [33, 28], "uv_size": [0.25, 0.75]},
								"down": {"uv": [29, 33.75], "uv_size": [0.25, -0.75]}
							}
						},
						{
							"origin": [-0.05677, 2.5942, -6.47563],
							"size": [0.2475, 0.18562, 0.785],
							"pivot": [-0.05677, 2.77983, -6.47563],
							"rotation": [30, -30, 0],
							"uv": {
								"north": {"uv": [35, 8], "uv_size": [0.25, 0.25]},
								"east": {"uv": [33, 15], "uv_size": [0.75, 0.25]},
								"south": {"uv": [9, 35], "uv_size": [0.25, 0.25]},
								"west": {"uv": [16, 33], "uv_size": [0.75, 0.25]},
								"up": {"uv": [33, 16], "uv_size": [0.25, 0.75]},
								"down": {"uv": [17, 33.75], "uv_size": [0.25, -0.75]}
							}
						},
						{
							"origin": [-0.06573, 2.34517, -6.16313],
							"size": [0.2475, 0.62312, 0.37875],
							"pivot": [-0.06573, 2.53267, -6.47563],
							"rotation": [0, -30, 0],
							"uv": {
								"north": {"uv": [19, 34], "uv_size": [0.25, 0.5]},
								"east": {"uv": [19, 32], "uv_size": [0.5, 0.5]},
								"south": {"uv": [34, 19], "uv_size": [0.25, 0.5]},
								"west": {"uv": [32, 19], "uv_size": [0.5, 0.5]},
								"up": {"uv": [20, 34], "uv_size": [0.25, 0.5]},
								"down": {"uv": [34, 20.5], "uv_size": [0.25, -0.5]}
							}
						},
						{
							"origin": [-0.05677, 2.5942, -6.47563],
							"size": [0.31, 0.18562, 0.785],
							"pivot": [-0.05677, 2.77983, -6.47563],
							"rotation": [34.38557, -24.65869, -9.52474],
							"uv": {
								"north": {"uv": [35, 9], "uv_size": [0.25, 0.25]},
								"east": {"uv": [33, 17], "uv_size": [0.75, 0.25]},
								"south": {"uv": [10, 35], "uv_size": [0.25, 0.25]},
								"west": {"uv": [18, 33], "uv_size": [0.75, 0.25]},
								"up": {"uv": [33, 18], "uv_size": [0.25, 0.75]},
								"down": {"uv": [19, 33.75], "uv_size": [0.25, -0.75]}
							}
						},
						{
							"origin": [-0.09698, 2.53267, -6.47563],
							"size": [0.27875, 0.18562, 0.785],
							"pivot": [0.18177, 2.53267, -6.47563],
							"rotation": [-34.38557, 24.65869, -9.52474],
							"uv": {
								"north": {"uv": [35, 12], "uv_size": [0.25, 0.25]},
								"east": {"uv": [33, 23], "uv_size": [0.75, 0.25]},
								"south": {"uv": [13, 35], "uv_size": [0.25, 0.25]},
								"west": {"uv": [24, 33], "uv_size": [0.75, 0.25]},
								"up": {"uv": [33, 24], "uv_size": [0.25, 0.75]},
								"down": {"uv": [25, 33.75], "uv_size": [0.25, -0.75]}
							}
						},
						{
							"origin": [-0.4375, 3.3299, -5.58763],
							"size": [0.5625, 0.21875, 1.1875],
							"pivot": [0.5625, 3.54865, -4.40013],
							"rotation": [10, 0, 0],
							"uv": {
								"north": {"uv": [9, 34], "uv_size": [0.5, 0.25]},
								"east": {"uv": [29, 24], "uv_size": [1.25, 0.25]},
								"south": {"uv": [34, 9], "uv_size": [0.5, 0.25]},
								"west": {"uv": [29, 25], "uv_size": [1.25, 0.25]},
								"up": {"uv": [21, 25], "uv_size": [0.5, 1.25]},
								"down": {"uv": [25, 23.25], "uv_size": [0.5, -1.25]}
							}
						},
						{
							"origin": [0.3125, 3.3299, -5.58763],
							"size": [0.25, 0.21875, 1.1875],
							"pivot": [0.5625, 3.54865, -4.40013],
							"rotation": [10, 0, 0],
							"uv": {
								"north": {"uv": [35, 25], "uv_size": [0.25, 0.25]},
								"east": {"uv": [31, 10], "uv_size": [1.25, 0.25]},
								"south": {"uv": [26, 35], "uv_size": [0.25, 0.25]},
								"west": {"uv": [11, 31], "uv_size": [1.25, 0.25]},
								"up": {"uv": [13, 31], "uv_size": [0.25, 1.25]},
								"down": {"uv": [14, 32.25], "uv_size": [0.25, -1.25]}
							}
						},
						{
							"origin": [-0.4375, 2.00576, -5.57838],
							"size": [1, 1.34375, 1.1875],
							"uv": {
								"north": {"uv": [2, 22], "uv_size": [1, 1.25]},
								"east": {"uv": [17, 20], "uv_size": [1.25, 1.25]},
								"south": {"uv": [3, 22], "uv_size": [1, 1.25]},
								"west": {"uv": [20, 19], "uv_size": [1.25, 1.25]},
								"up": {"uv": [4, 22], "uv_size": [1, 1.25]},
								"down": {"uv": [5, 23.25], "uv_size": [1, -1.25]}
							}
						},
						{
							"origin": [-0.05677, 2.53267, -6.47563],
							"size": [0.31, 0.09187, 0.785],
							"pivot": [-0.05677, 2.53267, -6.47563],
							"rotation": [-34.38557, -24.65869, 9.52474],
							"uv": {
								"north": {"uv": [35, 11], "uv_size": [0.25, 0.25]},
								"east": {"uv": [33, 21], "uv_size": [0.75, 0.25]},
								"south": {"uv": [12, 35], "uv_size": [0.25, 0.25]},
								"west": {"uv": [22, 33], "uv_size": [0.75, 0.25]},
								"up": {"uv": [33, 22], "uv_size": [0.25, 0.75]},
								"down": {"uv": [23, 33.75], "uv_size": [0.25, -0.75]}
							}
						},
						{
							"origin": [-0.05677, 2.53233, -6.47563],
							"size": [0.2475, 0.18562, 0.7225],
							"pivot": [0.19073, 2.53233, -6.47563],
							"rotation": [-35, 0, 0],
							"uv": {
								"north": {"uv": [35, 5], "uv_size": [0.25, 0.25]},
								"east": {"uv": [33, 9], "uv_size": [0.75, 0.25]},
								"south": {"uv": [6, 35], "uv_size": [0.25, 0.25]},
								"west": {"uv": [10, 33], "uv_size": [0.75, 0.25]},
								"up": {"uv": [33, 10], "uv_size": [0.25, 0.75]},
								"down": {"uv": [11, 33.75], "uv_size": [0.25, -0.75]}
							}
						},
						{
							"origin": [-0.09698, 2.5942, -6.47563],
							"size": [0.27875, 0.18562, 0.785],
							"pivot": [0.18177, 2.77983, -6.47563],
							"rotation": [34.38557, 24.65869, 9.52474],
							"uv": {
								"north": {"uv": [35, 10], "uv_size": [0.25, 0.25]},
								"east": {"uv": [33, 19], "uv_size": [0.75, 0.25]},
								"south": {"uv": [11, 35], "uv_size": [0.25, 0.25]},
								"west": {"uv": [20, 33], "uv_size": [0.75, 0.25]},
								"up": {"uv": [33, 20], "uv_size": [0.25, 0.75]},
								"down": {"uv": [21, 33.75], "uv_size": [0.25, -0.75]}
							}
						},
						{
							"origin": [-0.05677, 2.53267, -6.47563],
							"size": [0.2475, 0.18562, 0.785],
							"pivot": [0.19073, 2.53267, -6.47563],
							"rotation": [-30, 30, 0],
							"uv": {
								"north": {"uv": [35, 13], "uv_size": [0.25, 0.25]},
								"east": {"uv": [33, 25], "uv_size": [0.75, 0.25]},
								"south": {"uv": [14, 35], "uv_size": [0.25, 0.25]},
								"west": {"uv": [26, 33], "uv_size": [0.75, 0.25]},
								"up": {"uv": [33, 26], "uv_size": [0.25, 0.75]},
								"down": {"uv": [27, 33.75], "uv_size": [0.25, -0.75]}
							}
						},
						{
							"origin": [-0.5, 2.72451, -5.26588],
							"size": [1.125, 0.1875, 1.46875],
							"uv": {
								"north": {"uv": [1, 31], "uv_size": [1.25, 0.25]},
								"east": {"uv": [29, 23], "uv_size": [1.5, 0.25]},
								"south": {"uv": [3, 31], "uv_size": [1.25, 0.25]},
								"west": {"uv": [24, 29], "uv_size": [1.5, 0.25]},
								"up": {"uv": [19, 14], "uv_size": [1.25, 1.5]},
								"down": {"uv": [15, 20.5], "uv_size": [1.25, -1.5]}
							}
						},
						{
							"origin": [-0.4375, 1.2674, 0.38112],
							"size": [1, 2.15625, 1.21875],
							"uv": {
								"north": {"uv": [2, 18], "uv_size": [1, 2.25]},
								"east": {"uv": [17, 0], "uv_size": [1.25, 2.25]},
								"south": {"uv": [18, 6], "uv_size": [1, 2.25]},
								"west": {"uv": [17, 3], "uv_size": [1.25, 2.25]},
								"up": {"uv": [22, 8], "uv_size": [1, 1.25]},
								"down": {"uv": [22, 11.25], "uv_size": [1, -1.25]}
							}
						},
						{
							"origin": [-0.05677, 2.53233, -6.47563],
							"size": [0.2475, 0.2475, 0.66],
							"uv": {
								"north": {"uv": [35, 6], "uv_size": [0.25, 0.25]},
								"east": {"uv": [33, 11], "uv_size": [0.75, 0.25]},
								"south": {"uv": [7, 35], "uv_size": [0.25, 0.25]},
								"west": {"uv": [12, 33], "uv_size": [0.75, 0.25]},
								"up": {"uv": [33, 12], "uv_size": [0.25, 0.75]},
								"down": {"uv": [13, 33.75], "uv_size": [0.25, -0.75]}
							}
						},
						{
							"origin": [-0.4375, 1.2674, 0.63112],
							"size": [0.125, 2.15625, 0.96875],
							"uv": {
								"north": {"uv": [20, 26], "uv_size": [0.25, 2.25]},
								"east": {"uv": [18, 9], "uv_size": [1, 2.25]},
								"south": {"uv": [26, 21], "uv_size": [0.25, 2.25]},
								"west": {"uv": [18, 16], "uv_size": [1, 2.25]},
								"up": {"uv": [32, 4], "uv_size": [0.25, 1]},
								"down": {"uv": [32, 6], "uv_size": [0.25, -1]}
							}
						},
						{
							"origin": [0.00568, 2.59483, -6.72563],
							"size": [0.12255, 0.1225, 0.25375],
							"uv": {
								"north": {"uv": [35, 17], "uv_size": [0.25, 0.25]},
								"east": {"uv": [18, 35], "uv_size": [0.25, 0.25]},
								"south": {"uv": [35, 18], "uv_size": [0.25, 0.25]},
								"west": {"uv": [19, 35], "uv_size": [0.25, 0.25]},
								"up": {"uv": [35, 19], "uv_size": [0.25, 0.25]},
								"down": {"uv": [20, 35.25], "uv_size": [0.25, -0.25]}
							}
						},
						{
							"origin": [-0.42989, 2.09517, -5.87699],
							"size": [0.9975, 1.09125, 0.31625],
							"uv": {
								"north": {"uv": [2, 24], "uv_size": [1, 1]},
								"east": {"uv": [20, 32], "uv_size": [0.25, 1]},
								"south": {"uv": [24, 2], "uv_size": [1, 1]},
								"west": {"uv": [32, 20], "uv_size": [0.25, 1]},
								"up": {"uv": [21, 32], "uv_size": [1, 0.25]},
								"down": {"uv": [32, 21.25], "uv_size": [1, -0.25]}
							}
						},
						{
							"origin": [-0.4375, 3.17365, 4.25612],
							"size": [1, 0.15625, 1.96875],
							"uv": {
								"north": {"uv": [23, 31], "uv_size": [1, 0.25]},
								"east": {"uv": [15, 27], "uv_size": [2, 0.25]},
								"south": {"uv": [31, 23], "uv_size": [1, 0.25]},
								"west": {"uv": [27, 15], "uv_size": [2, 0.25]},
								"up": {"uv": [11, 19], "uv_size": [1, 2]},
								"down": {"uv": [12, 21], "uv_size": [1, -2]}
							}
						},
						{
							"origin": [0.5625, 3.17365, 4.25612],
							"size": [1.71875, 0.15625, 1.03125],
							"pivot": [0.5625, 3.3299, 4.25612],
							"rotation": [0, -25, 0],
							"uv": {
								"north": {"uv": [28, 8], "uv_size": [1.75, 0.25]},
								"east": {"uv": [24, 31], "uv_size": [1, 0.25]},
								"south": {"uv": [28, 9], "uv_size": [1.75, 0.25]},
								"west": {"uv": [31, 24], "uv_size": [1, 0.25]},
								"up": {"uv": [19, 16], "uv_size": [1.75, 1]},
								"down": {"uv": [17, 20], "uv_size": [1.75, -1]}
							}
						},
						{
							"origin": [-2.15625, 3.17365, 4.25612],
							"size": [1.71875, 0.15625, 1.03125],
							"pivot": [-0.4375, 3.3299, 4.25612],
							"rotation": [0, 25, 0],
							"uv": {
								"north": {"uv": [28, 10], "uv_size": [1.75, 0.25]},
								"east": {"uv": [30, 31], "uv_size": [1, 0.25]},
								"south": {"uv": [11, 28], "uv_size": [1.75, 0.25]},
								"west": {"uv": [31, 31], "uv_size": [1, 0.25]},
								"up": {"uv": [19, 17], "uv_size": [1.75, 1]},
								"down": {"uv": [19, 19], "uv_size": [1.75, -1]}
							}
						},
						{
							"origin": [2.125, 3.17365, 4.97487],
							"size": [0.59375, 0.15625, 1.03125],
							"pivot": [2.125, 3.3299, 4.97487],
							"rotation": [0, -77.5, 0],
							"uv": {
								"north": {"uv": [12, 34], "uv_size": [0.5, 0.25]},
								"east": {"uv": [31, 25], "uv_size": [1, 0.25]},
								"south": {"uv": [34, 12], "uv_size": [0.5, 0.25]},
								"west": {"uv": [31, 26], "uv_size": [1, 0.25]},
								"up": {"uv": [12, 27], "uv_size": [0.5, 1]},
								"down": {"uv": [27, 18], "uv_size": [0.5, -1]}
							}
						},
						{
							"origin": [-2.59375, 3.17365, 4.97487],
							"size": [0.59375, 0.15625, 1.03125],
							"pivot": [-2, 3.3299, 4.97487],
							"rotation": [0, 77.5, 0],
							"uv": {
								"north": {"uv": [14, 34], "uv_size": [0.5, 0.25]},
								"east": {"uv": [32, 0], "uv_size": [1, 0.25]},
								"south": {"uv": [34, 14], "uv_size": [0.5, 0.25]},
								"west": {"uv": [1, 32], "uv_size": [1, 0.25]},
								"up": {"uv": [27, 20], "uv_size": [0.5, 1]},
								"down": {"uv": [21, 28], "uv_size": [0.5, -1]}
							}
						},
						{
							"origin": [2.25, 3.17365, 5.53737],
							"size": [0.59375, 0.15625, 1.03125],
							"pivot": [2.25, 3.3299, 5.53737],
							"rotation": [-180, -50, 180],
							"uv": {
								"north": {"uv": [13, 34], "uv_size": [0.5, 0.25]},
								"east": {"uv": [27, 31], "uv_size": [1, 0.25]},
								"south": {"uv": [34, 13], "uv_size": [0.5, 0.25]},
								"west": {"uv": [31, 27], "uv_size": [1, 0.25]},
								"up": {"uv": [27, 18], "uv_size": [0.5, 1]},
								"down": {"uv": [19, 28], "uv_size": [0.5, -1]}
							}
						},
						{
							"origin": [-0.4375, 0.92365, -3.40013],
							"size": [1, 2.625, 2.25],
							"uv": {
								"north": {"uv": [5, 17], "uv_size": [1, 2.75]},
								"east": {"uv": [5, 14], "uv_size": [2.25, 2.75]},
								"south": {"uv": [6, 17], "uv_size": [1, 2.75]},
								"west": {"uv": [8, 14], "uv_size": [2.25, 2.75]},
								"up": {"uv": [10, 17], "uv_size": [1, 2.25]},
								"down": {"uv": [17, 18.25], "uv_size": [1, -2.25]}
							}
						},
						{
							"origin": [-2.71875, 3.17365, 5.53737],
							"size": [0.59375, 0.15625, 1.03125],
							"pivot": [-2.125, 3.3299, 5.53737],
							"rotation": [-180, 50, -180],
							"uv": {
								"north": {"uv": [15, 34], "uv_size": [0.5, 0.25]},
								"east": {"uv": [32, 1], "uv_size": [1, 0.25]},
								"south": {"uv": [34, 15], "uv_size": [0.5, 0.25]},
								"west": {"uv": [2, 32], "uv_size": [1, 0.25]},
								"up": {"uv": [27, 21], "uv_size": [0.5, 1]},
								"down": {"uv": [22, 28], "uv_size": [0.5, -1]}
							}
						},
						{
							"origin": [1.875, 3.17365, 5.97487],
							"size": [1.3125, 0.15625, 1.03125],
							"pivot": [1.875, 3.3299, 5.97487],
							"rotation": [-180, -10, 180],
							"uv": {
								"north": {"uv": [30, 12], "uv_size": [1.25, 0.25]},
								"east": {"uv": [28, 31], "uv_size": [1, 0.25]},
								"south": {"uv": [13, 30], "uv_size": [1.25, 0.25]},
								"west": {"uv": [31, 28], "uv_size": [1, 0.25]},
								"up": {"uv": [13, 22], "uv_size": [1.25, 1]},
								"down": {"uv": [22, 17], "uv_size": [1.25, -1]}
							}
						},
						{
							"origin": [-3.0625, 3.17365, 5.97487],
							"size": [1.3125, 0.15625, 1.03125],
							"pivot": [-1.75, 3.3299, 5.97487],
							"rotation": [-180, 10, -180],
							"uv": {
								"north": {"uv": [30, 13], "uv_size": [1.25, 0.25]},
								"east": {"uv": [29, 31], "uv_size": [1, 0.25]},
								"south": {"uv": [30, 14], "uv_size": [1.25, 0.25]},
								"west": {"uv": [31, 29], "uv_size": [1, 0.25]},
								"up": {"uv": [17, 22], "uv_size": [1.25, 1]},
								"down": {"uv": [22, 20], "uv_size": [1.25, -1]}
							}
						}
					]
				},
				{
					"name": "RightWing",
					"parent": "Plane",
					"pivot": [-3.20779, 1.61115, -1.55371],
					"rotation": [0, 0, 7.5],
					"cubes": [
						{
							"origin": [-1.5625, 1.51725, -3.11888],
							"size": [1.40625, 0.3125, 1],
							"pivot": [-1.40625, 1.5174, -3.11888],
							"rotation": [0, 27.5, 0],
							"uv": {
								"north": {"uv": [29, 5], "uv_size": [1.5, 0.25]},
								"east": {"uv": [31, 18], "uv_size": [1, 0.25]},
								"south": {"uv": [7, 29], "uv_size": [1.5, 0.25]},
								"west": {"uv": [31, 19], "uv_size": [1, 0.25]},
								"up": {"uv": [21, 3], "uv_size": [1.5, 1]},
								"down": {"uv": [21, 5], "uv_size": [1.5, -1]}
							}
						},
						{
							"origin": [-1.03125, 1.5174, -0.86884],
							"size": [0.875, 0.3125, 1],
							"pivot": [-1.40625, 1.5174, 0.13116],
							"rotation": [0, -35, 0.00001],
							"uv": {
								"north": {"uv": [20, 31], "uv_size": [1, 0.25]},
								"east": {"uv": [31, 20], "uv_size": [1, 0.25]},
								"south": {"uv": [21, 31], "uv_size": [1, 0.25]},
								"west": {"uv": [22, 31], "uv_size": [1, 0.25]},
								"up": {"uv": [23, 22], "uv_size": [1, 1]},
								"down": {"uv": [23, 24], "uv_size": [1, -1]}
							}
						},
						{
							"origin": [-6.28125, 1.51755, -3.11888],
							"size": [4.875, 0.3125, 1.21875],
							"pivot": [-1.40625, 1.7049, -3.11888],
							"rotation": [0, 10, 0],
							"uv": {
								"north": {"uv": [22, 14], "uv_size": [5, 0.25]},
								"east": {"uv": [30, 3], "uv_size": [1.25, 0.25]},
								"south": {"uv": [22, 15], "uv_size": [5, 0.25]},
								"west": {"uv": [4, 30], "uv_size": [1.25, 0.25]},
								"up": {"uv": [12, 10], "uv_size": [5, 1.25]},
								"down": {"uv": [0, 15.25], "uv_size": [5, -1.25]}
							}
						},
						{
							"origin": [-7.19156, 1.5174, -1.49752],
							"size": [0.84375, 0.3125, 1.28125],
							"pivot": [-6.34781, 1.7049, -1.49752],
							"rotation": [-180, 52.5, -180],
							"uv": {
								"north": {"uv": [25, 32], "uv_size": [0.75, 0.25]},
								"east": {"uv": [6, 30], "uv_size": [1.25, 0.25]},
								"south": {"uv": [32, 25], "uv_size": [0.75, 0.25]},
								"west": {"uv": [30, 6], "uv_size": [1.25, 0.25]},
								"up": {"uv": [24, 4], "uv_size": [0.75, 1.25]},
								"down": {"uv": [5, 25.25], "uv_size": [0.75, -1.25]}
							}
						},
						{
							"origin": [-11.06656, 1.51725, -0.84127],
							"size": [5.21875, 0.3125, 1.65625],
							"pivot": [-5.84781, 1.7049, -0.84127],
							"rotation": [-180, 15, -180],
							"uv": {
								"north": {"uv": [20, 21], "uv_size": [5.25, 0.25]},
								"east": {"uv": [7, 28], "uv_size": [1.75, 0.25]},
								"south": {"uv": [22, 7], "uv_size": [5.25, 0.25]},
								"west": {"uv": [28, 7], "uv_size": [1.75, 0.25]},
								"up": {"uv": [0, 8], "uv_size": [5.25, 1.75]},
								"down": {"uv": [6, 9.75], "uv_size": [5.25, -1.75]}
							}
						},
						{
							"origin": [-6.48844, 1.5174, -2.27234],
							"size": [0.28125, 0.3125, 1.28125],
							"pivot": [-6.20719, 1.7049, -2.27234],
							"rotation": [0, 60, 0],
							"uv": {
								"north": {"uv": [24, 34], "uv_size": [0.25, 0.25]},
								"east": {"uv": [30, 7], "uv_size": [1.25, 0.25]},
								"south": {"uv": [34, 24], "uv_size": [0.25, 0.25]},
								"west": {"uv": [8, 30], "uv_size": [1.25, 0.25]},
								"up": {"uv": [30, 8], "uv_size": [0.25, 1.25]},
								"down": {"uv": [30, 11.25], "uv_size": [0.25, -1.25]}
							}
						},
						{
							"origin": [-6.34781, 1.5174, -2.02877],
							"size": [3, 0.3125, 0.53125],
							"pivot": [-6.06656, 1.7049, -2.02877],
							"rotation": [0, 0, 0],
							"uv": {
								"north": {"uv": [0, 25], "uv_size": [3, 0.25]},
								"east": {"uv": [11, 34], "uv_size": [0.5, 0.25]},
								"south": {"uv": [25, 0], "uv_size": [3, 0.25]},
								"west": {"uv": [34, 11], "uv_size": [0.5, 0.25]},
								"up": {"uv": [21, 5], "uv_size": [3, 0.5]},
								"down": {"uv": [21, 6.5], "uv_size": [3, -0.5]}
							}
						},
						{
							"origin": [-2.69156, 1.51745, -2.52877],
							"size": [2.28125, 0.3125, 2.09375],
							"pivot": [-6.06656, 1.7049, -0.96627],
							"rotation": [0, 0, 0],
							"uv": {
								"north": {"uv": [26, 16], "uv_size": [2.25, 0.25]},
								"east": {"uv": [27, 13], "uv_size": [2, 0.25]},
								"south": {"uv": [26, 19], "uv_size": [2.25, 0.25]},
								"west": {"uv": [27, 14], "uv_size": [2, 0.25]},
								"up": {"uv": [15, 12], "uv_size": [2.25, 2]},
								"down": {"uv": [0, 18], "uv_size": [2.25, -2]}
							}
						}
					]
				},
				{
					"name": "RightLandingGear",
					"parent": "RightWing",
					"pivot": [-2.07285, 1.54613, -1.90059],
					"cubes": [
						{
							"origin": [-2.18463, 0.33551, -2.02246],
							"size": [0.15625, 1.1875, 0.25],
							"pivot": [-2.74713, 1.46051, -1.05371],
							"rotation": [0, 0, -7.5],
							"uv": {
								"north": {"uv": [8, 31], "uv_size": [0.25, 1.25]},
								"east": {"uv": [31, 8], "uv_size": [0.25, 1.25]},
								"south": {"uv": [9, 31], "uv_size": [0.25, 1.25]},
								"west": {"uv": [10, 31], "uv_size": [0.25, 1.25]},
								"up": {"uv": [35, 24], "uv_size": [0.25, 0.25]},
								"down": {"uv": [25, 35.25], "uv_size": [0.25, -0.25]}
							}
						},
						{
							"origin": [-1.87571, -0.13763, -2.30371],
							"size": [0.25, 0.8, 0.8],
							"pivot": [-1.75071, 0.35612, -1.90371],
							"rotation": [10, 0, -7.5],
							"uv": {
								"north": {"uv": [2, 34], "uv_size": [0.25, 0.75]},
								"east": {"uv": [26, 25], "uv_size": [0.75, 0.75]},
								"south": {"uv": [34, 2], "uv_size": [0.25, 0.75]},
								"west": {"uv": [26, 26], "uv_size": [0.75, 0.75]},
								"up": {"uv": [3, 34], "uv_size": [0.25, 0.75]},
								"down": {"uv": [34, 3.75], "uv_size": [0.25, -0.75]}
							}
						}
					]
				},
				{
					"name": "LeftWing",
					"parent": "Plane",
					"pivot": [3.33279, 1.61115, -1.55371],
					"rotation": [0, 0, -7.5],
					"cubes": [
						{
							"origin": [0.28125, 1.5174, -3.11888],
							"size": [1.40625, 0.3125, 1],
							"pivot": [1.53125, 1.5174, -3.11888],
							"rotation": [0, -27.5, 0],
							"uv": {
								"north": {"uv": [29, 4], "uv_size": [1.5, 0.25]},
								"east": {"uv": [31, 11], "uv_size": [1, 0.25]},
								"south": {"uv": [5, 29], "uv_size": [1.5, 0.25]},
								"west": {"uv": [31, 15], "uv_size": [1, 0.25]},
								"up": {"uv": [21, 0], "uv_size": [1.5, 1]},
								"down": {"uv": [21, 2], "uv_size": [1.5, -1]}
							}
						},
						{
							"origin": [0.28125, 1.5174, -0.86884],
							"size": [0.875, 0.3125, 1],
							"pivot": [1.53125, 1.5174, 0.13116],
							"rotation": [0, 35, -0.00001],
							"uv": {
								"north": {"uv": [31, 16], "uv_size": [1, 0.25]},
								"east": {"uv": [17, 31], "uv_size": [1, 0.25]},
								"south": {"uv": [31, 17], "uv_size": [1, 0.25]},
								"west": {"uv": [18, 31], "uv_size": [1, 0.25]},
								"up": {"uv": [17, 23], "uv_size": [1, 1]},
								"down": {"uv": [18, 24], "uv_size": [1, -1]}
							}
						},
						{
							"origin": [1.53125, 1.51755, -3.11888],
							"size": [4.875, 0.3125, 1.21875],
							"pivot": [1.53125, 1.7049, -3.11888],
							"rotation": [0, -10, 0],
							"uv": {
								"north": {"uv": [22, 12], "uv_size": [5, 0.25]},
								"east": {"uv": [29, 26], "uv_size": [1.25, 0.25]},
								"south": {"uv": [22, 13], "uv_size": [5, 0.25]},
								"west": {"uv": [29, 27], "uv_size": [1.25, 0.25]},
								"up": {"uv": [12, 8], "uv_size": [5, 1.25]},
								"down": {"uv": [10, 13.25], "uv_size": [5, -1.25]}
							}
						},
						{
							"origin": [6.47281, 1.5174, -1.49752],
							"size": [0.84375, 0.3125, 1.28125],
							"pivot": [6.47281, 1.7049, -1.49752],
							"rotation": [-180, -52.5, 180],
							"uv": {
								"north": {"uv": [24, 32], "uv_size": [0.75, 0.25]},
								"east": {"uv": [2, 30], "uv_size": [1.25, 0.25]},
								"south": {"uv": [32, 24], "uv_size": [0.75, 0.25]},
								"west": {"uv": [30, 2], "uv_size": [1.25, 0.25]},
								"up": {"uv": [3, 24], "uv_size": [0.75, 1.25]},
								"down": {"uv": [4, 25.25], "uv_size": [0.75, -1.25]}
							}
						},
						{
							"origin": [5.97281, 1.51725, -0.84127],
							"size": [5.21875, 0.3125, 1.65625],
							"pivot": [5.97281, 1.7049, -0.84127],
							"rotation": [-180, -15, 180],
							"uv": {
								"north": {"uv": [21, 17], "uv_size": [5.25, 0.25]},
								"east": {"uv": [5, 28], "uv_size": [1.75, 0.25]},
								"south": {"uv": [21, 18], "uv_size": [5.25, 0.25]},
								"west": {"uv": [28, 6], "uv_size": [1.75, 0.25]},
								"up": {"uv": [6, 4], "uv_size": [5.25, 1.75]},
								"down": {"uv": [6, 7.75], "uv_size": [5.25, -1.75]}
							}
						},
						{
							"origin": [6.33219, 1.5174, -2.27234],
							"size": [0.28125, 0.3125, 1.28125],
							"pivot": [6.33219, 1.7049, -2.27234],
							"rotation": [0, -60, 0],
							"uv": {
								"north": {"uv": [23, 34], "uv_size": [0.25, 0.25]},
								"east": {"uv": [29, 28], "uv_size": [1.25, 0.25]},
								"south": {"uv": [34, 23], "uv_size": [0.25, 0.25]},
								"west": {"uv": [29, 29], "uv_size": [1.25, 0.25]},
								"up": {"uv": [27, 29], "uv_size": [0.25, 1.25]},
								"down": {"uv": [30, 1.25], "uv_size": [0.25, -1.25]}
							}
						},
						{
							"origin": [3.47281, 1.5174, -2.02877],
							"size": [3, 0.3125, 0.53125],
							"pivot": [6.19156, 1.7049, -2.02877],
							"rotation": [0, 0, 0],
							"uv": {
								"north": {"uv": [24, 20], "uv_size": [3, 0.25]},
								"east": {"uv": [10, 34], "uv_size": [0.5, 0.25]},
								"south": {"uv": [23, 24], "uv_size": [3, 0.25]},
								"west": {"uv": [34, 10], "uv_size": [0.5, 0.25]},
								"up": {"uv": [2, 21], "uv_size": [3, 0.5]},
								"down": {"uv": [21, 2.5], "uv_size": [3, -0.5]}
							}
						},
						{
							"origin": [0.53531, 1.51625, -2.52877],
							"size": [2.28125, 0.3125, 2.09375],
							"pivot": [6.19156, 1.7049, -0.96627],
							"rotation": [0, 0, 0],
							"uv": {
								"north": {"uv": [26, 4], "uv_size": [2.25, 0.25]},
								"east": {"uv": [27, 11], "uv_size": [2, 0.25]},
								"south": {"uv": [26, 5], "uv_size": [2.25, 0.25]},
								"west": {"uv": [27, 12], "uv_size": [2, 0.25]},
								"up": {"uv": [11, 14], "uv_size": [2.25, 2]},
								"down": {"uv": [14, 16], "uv_size": [2.25, -2]}
							}
						}
					]
				},
				{
					"name": "LeftLandingGear",
					"parent": "LeftWing",
					"pivot": [2.07285, 1.54613, -1.90059],
					"cubes": [
						{
							"origin": [2.02838, 0.33551, -2.02246],
							"size": [0.15625, 1.1875, 0.25],
							"pivot": [2.74713, 1.46051, -1.05371],
							"rotation": [0, 0, 7.5],
							"uv": {
								"north": {"uv": [31, 4], "uv_size": [0.25, 1.25]},
								"east": {"uv": [5, 31], "uv_size": [0.25, 1.25]},
								"south": {"uv": [6, 31], "uv_size": [0.25, 1.25]},
								"west": {"uv": [7, 31], "uv_size": [0.25, 1.25]},
								"up": {"uv": [35, 23], "uv_size": [0.25, 0.25]},
								"down": {"uv": [24, 35.25], "uv_size": [0.25, -0.25]}
							}
						},
						{
							"origin": [1.62571, -0.13763, -2.30371],
							"size": [0.25, 0.8, 0.8],
							"pivot": [1.75071, 0.35612, -1.90371],
							"rotation": [10, 0, 7.5],
							"uv": {
								"north": {"uv": [0, 34], "uv_size": [0.25, 0.75]},
								"east": {"uv": [22, 26], "uv_size": [0.75, 0.75]},
								"south": {"uv": [34, 0], "uv_size": [0.25, 0.75]},
								"west": {"uv": [26, 24], "uv_size": [0.75, 0.75]},
								"up": {"uv": [1, 34], "uv_size": [0.25, 0.75]},
								"down": {"uv": [34, 1.75], "uv_size": [0.25, -0.75]}
							}
						}
					]
				},
				{
					"name": "Propellers",
					"parent": "Plane",
					"pivot": [0.0542, 2.55977, -5.95324],
					"cubes": [
						{
							"origin": [-0.08614, 3.03267, -6.03324],
							"size": [0.31, 1.52875, 0.16],
							"uv": {
								"north": {"uv": [10, 29], "uv_size": [0.25, 1.5]},
								"east": {"uv": [11, 29], "uv_size": [0.25, 1.5]},
								"south": {"uv": [29, 11], "uv_size": [0.25, 1.5]},
								"west": {"uv": [12, 29], "uv_size": [0.25, 1.5]},
								"up": {"uv": [35, 20], "uv_size": [0.25, 0.25]},
								"down": {"uv": [21, 35.25], "uv_size": [0.25, -0.25]}
							}
						},
						{
							"origin": [0.46364, 1.12642, -6.03324],
							"size": [0.31, 1.52875, 0.16],
							"pivot": [0.61864, 2.06267, -5.95324],
							"rotation": [0, 0, -45],
							"uv": {
								"north": {"uv": [29, 13], "uv_size": [0.25, 1.5]},
								"east": {"uv": [29, 15], "uv_size": [0.25, 1.5]},
								"south": {"uv": [17, 29], "uv_size": [0.25, 1.5]},
								"west": {"uv": [29, 17], "uv_size": [0.25, 1.5]},
								"up": {"uv": [35, 21], "uv_size": [0.25, 0.25]},
								"down": {"uv": [22, 35.25], "uv_size": [0.25, -0.25]}
							}
						},
						{
							"origin": [-0.67989, 1.12642, -6.03324],
							"size": [0.31, 1.52875, 0.16],
							"pivot": [-0.52489, 2.06267, -5.95324],
							"rotation": [0, 0, 45],
							"uv": {
								"north": {"uv": [18, 29], "uv_size": [0.25, 1.5]},
								"east": {"uv": [29, 19], "uv_size": [0.25, 1.5]},
								"south": {"uv": [20, 29], "uv_size": [0.25, 1.5]},
								"west": {"uv": [29, 21], "uv_size": [0.25, 1.5]},
								"up": {"uv": [35, 22], "uv_size": [0.25, 0.25]},
								"down": {"uv": [23, 35.25], "uv_size": [0.25, -0.25]}
							}
						}
					]
				}
			]
		}
	]
}