{
	"format_version": "1.12.0",
	"minecraft:geometry": [
		{
			"description": {
				"identifier": "geometry.zis_2",
				"texture_width": 32,
				"texture_height": 32,
				"visible_bounds_width": 2,
				"visible_bounds_height": 1.5,
				"visible_bounds_offset": [0, 0.25, 0]
			},
			"bones": [
				{
					"name": "bb_main",
					"pivot": [0, 0, 0],
					"cubes": [
						{
							"origin": [-1.25, 0.6, -0.5],
							"size": [2.5, 0.15, 0.5],
							"uv": {
								"north": {"uv": [9, 8], "uv_size": [2.5, 0.25]},
								"east": {"uv": [17, 7], "uv_size": [0.5, 0.25]},
								"south": {"uv": [9, 9], "uv_size": [2.5, 0.25]},
								"west": {"uv": [8, 17], "uv_size": [0.5, 0.25]},
								"up": {"uv": [0, 0], "uv_size": [2.5, 0.5]},
								"down": {"uv": [0, 1.5], "uv_size": [2.5, -0.5]}
							}
						}
					]
				},
				{
					"name": "bone",
					"pivot": [0, 0.6, -0.25],
					"cubes": [
						{
							"origin": [1.2, 0.00251, -0.49393],
							"size": [0.4001, 1.2, 0.5],
							"pivot": [1.5001, 0.60251, -0.24393],
							"rotation": [135, 0, 0],
							"uv": {
								"north": {"uv": [2, 9], "uv_size": [0.5, 1.25]},
								"east": {"uv": [9, 2], "uv_size": [0.5, 1.25]},
								"south": {"uv": [3, 9], "uv_size": [0.5, 1.25]},
								"west": {"uv": [9, 6], "uv_size": [0.5, 1.25]},
								"up": {"uv": [15, 9], "uv_size": [0.5, 0.5]},
								"down": {"uv": [10, 15.5], "uv_size": [0.5, -0.5]}
							}
						},
						{
							"origin": [-1.6002, -0.00251, -0.49896],
							"size": [0.4002, 1.2, 0.5],
							"pivot": [-1.5, 0.59749, -0.24896],
							"rotation": [135, 0, 0],
							"uv": {
								"north": {"uv": [10, 10], "uv_size": [0.5, 1.25]},
								"east": {"uv": [0, 11], "uv_size": [0.5, 1.25]},
								"south": {"uv": [1, 11], "uv_size": [0.5, 1.25]},
								"west": {"uv": [2, 11], "uv_size": [0.5, 1.25]},
								"up": {"uv": [2, 16], "uv_size": [0.5, 0.5]},
								"down": {"uv": [16, 2.5], "uv_size": [0.5, -0.5]}
							}
						},
						{
							"origin": [1.2, 0, -0.5],
							"size": [0.4, 1.2, 0.5],
							"pivot": [1.8, 0.6, -0.25],
							"rotation": [90, 0, 0],
							"uv": {
								"north": {"uv": [8, 8], "uv_size": [0.5, 1.25]},
								"east": {"uv": [0, 9], "uv_size": [0.5, 1.25]},
								"south": {"uv": [9, 0], "uv_size": [0.5, 1.25]},
								"west": {"uv": [1, 9], "uv_size": [0.5, 1.25]},
								"up": {"uv": [15, 5], "uv_size": [0.5, 0.5]},
								"down": {"uv": [6, 15.5], "uv_size": [0.5, -0.5]}
							}
						},
						{
							"origin": [-1.6, 0, -0.5],
							"size": [0.4, 1.2, 0.5],
							"pivot": [-1.8, 0.6, -0.25],
							"rotation": [90, 0, 0],
							"uv": {
								"north": {"uv": [6, 10], "uv_size": [0.5, 1.25]},
								"east": {"uv": [7, 10], "uv_size": [0.5, 1.25]},
								"south": {"uv": [8, 10], "uv_size": [0.5, 1.25]},
								"west": {"uv": [9, 10], "uv_size": [0.5, 1.25]},
								"up": {"uv": [1, 16], "uv_size": [0.5, 0.5]},
								"down": {"uv": [16, 1.5], "uv_size": [0.5, -0.5]}
							}
						},
						{
							"origin": [1.2, 0.00251, -0.49896],
							"size": [0.4001, 1.2, 0.5],
							"pivot": [1.5001, 0.60251, -0.24896],
							"rotation": [45, 0, 0],
							"uv": {
								"north": {"uv": [8, 2], "uv_size": [0.5, 1.25]},
								"east": {"uv": [6, 8], "uv_size": [0.5, 1.25]},
								"south": {"uv": [8, 6], "uv_size": [0.5, 1.25]},
								"west": {"uv": [7, 8], "uv_size": [0.5, 1.25]},
								"up": {"uv": [4, 15], "uv_size": [0.5, 0.5]},
								"down": {"uv": [15, 4.5], "uv_size": [0.5, -0.5]}
							}
						},
						{
							"origin": [-1.6001, 0.00459, -0.49393],
							"size": [0.4001, 1.2, 0.5],
							"pivot": [-1.5, 0.60459, -0.24393],
							"rotation": [45, 0, 0],
							"uv": {
								"north": {"uv": [11, 2], "uv_size": [0.5, 1.25]},
								"east": {"uv": [3, 11], "uv_size": [0.5, 1.25]},
								"south": {"uv": [4, 11], "uv_size": [0.5, 1.25]},
								"west": {"uv": [11, 4], "uv_size": [0.5, 1.25]},
								"up": {"uv": [3, 16], "uv_size": [0.5, 0.5]},
								"down": {"uv": [16, 3.5], "uv_size": [0.5, -0.5]}
							}
						},
						{
							"origin": [1.2, 0.00355, -0.49645],
							"size": [0.4, 1.2, 0.5],
							"uv": {
								"north": {"uv": [6, 6], "uv_size": [0.5, 1.25]},
								"east": {"uv": [7, 2], "uv_size": [0.5, 1.25]},
								"south": {"uv": [7, 6], "uv_size": [0.5, 1.25]},
								"west": {"uv": [8, 0], "uv_size": [0.5, 1.25]},
								"up": {"uv": [3, 15], "uv_size": [0.5, 0.5]},
								"down": {"uv": [15, 3.5], "uv_size": [0.5, -0.5]}
							}
						},
						{
							"origin": [-1.6, 0.00355, -0.49645],
							"size": [0.4, 1.2, 0.5],
							"uv": {
								"north": {"uv": [5, 11], "uv_size": [0.5, 1.25]},
								"east": {"uv": [11, 6], "uv_size": [0.5, 1.25]},
								"south": {"uv": [11, 10], "uv_size": [0.5, 1.25]},
								"west": {"uv": [12, 2], "uv_size": [0.5, 1.25]},
								"up": {"uv": [4, 16], "uv_size": [0.5, 0.5]},
								"down": {"uv": [16, 4.5], "uv_size": [0.5, -0.5]}
							}
						}
					]
				},
				{
					"name": "bone4",
					"pivot": [-0.62719, 0.8, 0.07498],
					"rotation": [-2.96075, -37.48058, 0.94707],
					"cubes": [
						{
							"origin": [-0.74764, 0.68684, -0.0065],
							"size": [0.25, 0.25, 5],
							"uv": {
								"north": {"uv": [19, 13], "uv_size": [0.25, 0.25]},
								"east": {"uv": [0, 2], "uv_size": [5, 0.25]},
								"south": {"uv": [14, 19], "uv_size": [0.25, 0.25]},
								"west": {"uv": [0, 3], "uv_size": [5, 0.25]},
								"up": {"uv": [0, 4], "uv_size": [0.25, 5]},
								"down": {"uv": [1, 9], "uv_size": [0.25, -5]}
							}
						},
						{
							"origin": [-0.82764, 0.68684, 4.6935],
							"size": [0.4, 0.1, 0.3],
							"uv": {
								"north": {"uv": [17, 11], "uv_size": [0.5, 0.25]},
								"east": {"uv": [19, 14], "uv_size": [0.25, 0.25]},
								"south": {"uv": [12, 17], "uv_size": [0.5, 0.25]},
								"west": {"uv": [15, 19], "uv_size": [0.25, 0.25]},
								"up": {"uv": [17, 12], "uv_size": [0.5, 0.25]},
								"down": {"uv": [13, 17.25], "uv_size": [0.5, -0.25]}
							}
						},
						{
							"origin": [-0.82764, -0.9214, 5.99063],
							"size": [0.4, 0.1, 0.5],
							"pivot": [-0.83764, 1.1286, 6.88677],
							"rotation": [-55, 0, 0],
							"uv": {
								"north": {"uv": [17, 13], "uv_size": [0.5, 0.25]},
								"east": {"uv": [14, 17], "uv_size": [0.5, 0.25]},
								"south": {"uv": [17, 14], "uv_size": [0.5, 0.25]},
								"west": {"uv": [15, 17], "uv_size": [0.5, 0.25]},
								"up": {"uv": [15, 14], "uv_size": [0.5, 0.5]},
								"down": {"uv": [15, 15.5], "uv_size": [0.5, -0.5]}
							}
						}
					]
				},
				{
					"name": "bone2",
					"pivot": [-0.5, 1.5, 0.05],
					"cubes": [
						{
							"origin": [-1.09019, 0.99954, -0.10643],
							"size": [0.8, 1.45, 0.1],
							"pivot": [-0.29019, 1.49954, -0.05643],
							"rotation": [-27.46175, -0.61399, -0.04417],
							"uv": {
								"north": {"uv": [4, 4], "uv_size": [0.75, 1.5]},
								"east": {"uv": [14, 12], "uv_size": [0.25, 1.5]},
								"south": {"uv": [5, 2], "uv_size": [0.75, 1.5]},
								"west": {"uv": [13, 14], "uv_size": [0.25, 1.5]},
								"up": {"uv": [10, 16], "uv_size": [0.75, 0.25]},
								"down": {"uv": [16, 10.25], "uv_size": [0.75, -0.25]}
							}
						},
						{
							"origin": [0.29019, 0.99954, -0.10643],
							"size": [0.8, 0.9, 0.1],
							"pivot": [0.29019, 1.49954, -0.05643],
							"rotation": [-27.46175, 0.61399, 0.04417],
							"uv": {
								"north": {"uv": [6, 2], "uv_size": [0.75, 1]},
								"east": {"uv": [5, 16], "uv_size": [0.25, 1]},
								"south": {"uv": [6, 3], "uv_size": [0.75, 1]},
								"west": {"uv": [16, 5], "uv_size": [0.25, 1]},
								"up": {"uv": [11, 16], "uv_size": [0.75, 0.25]},
								"down": {"uv": [16, 11.25], "uv_size": [0.75, -0.25]}
							}
						},
						{
							"origin": [0.88963, 1.91081, -0.15254],
							"size": [0.2, 0.55, 0.1],
							"pivot": [0.28963, 1.41081, -0.10254],
							"rotation": [-27.46175, 0.61399, 0.04417],
							"uv": {
								"north": {"uv": [19, 2], "uv_size": [0.25, 0.5]},
								"east": {"uv": [3, 19], "uv_size": [0.25, 0.5]},
								"south": {"uv": [19, 3], "uv_size": [0.25, 0.5]},
								"west": {"uv": [4, 19], "uv_size": [0.25, 0.5]},
								"up": {"uv": [21, 10], "uv_size": [0.25, 0.25]},
								"down": {"uv": [11, 21.25], "uv_size": [0.25, -0.25]}
							}
						},
						{
							"origin": [1, 1.5108, -0.0525],
							"size": [0.3, 0.45, 0.15],
							"pivot": [0.28963, 1.41081, -0.10254],
							"rotation": [-27.46175, 0.61399, 0.04417],
							"uv": {
								"north": {"uv": [19, 8], "uv_size": [0.25, 0.5]},
								"east": {"uv": [9, 19], "uv_size": [0.25, 0.5]},
								"south": {"uv": [19, 9], "uv_size": [0.25, 0.5]},
								"west": {"uv": [10, 19], "uv_size": [0.25, 0.5]},
								"up": {"uv": [21, 16], "uv_size": [0.25, 0.25]},
								"down": {"uv": [17, 21.25], "uv_size": [0.25, -0.25]}
							}
						},
						{
							"origin": [-1, 1.5108, -0.0525],
							"size": [0.3, 0.5, 0.15],
							"pivot": [0.28963, 1.41081, -0.10254],
							"rotation": [-27.46175, 0.61399, 0.04417],
							"uv": {
								"north": {"uv": [19, 10], "uv_size": [0.25, 0.5]},
								"east": {"uv": [11, 19], "uv_size": [0.25, 0.5]},
								"south": {"uv": [19, 11], "uv_size": [0.25, 0.5]},
								"west": {"uv": [12, 19], "uv_size": [0.25, 0.5]},
								"up": {"uv": [21, 17], "uv_size": [0.25, 0.25]},
								"down": {"uv": [18, 21.25], "uv_size": [0.25, -0.25]}
							}
						},
						{
							"origin": [0.58964, 1.511, -0.05039],
							"size": [0.3, 0.55, 0.05],
							"pivot": [0.08964, 1.41098, -0.10044],
							"rotation": [-27.46175, 0.61399, 0.04417],
							"uv": {
								"north": {"uv": [19, 6], "uv_size": [0.25, 0.5]},
								"east": {"uv": [7, 19], "uv_size": [0.25, 0.5]},
								"south": {"uv": [19, 7], "uv_size": [0.25, 0.5]},
								"west": {"uv": [8, 19], "uv_size": [0.25, 0.5]},
								"up": {"uv": [21, 15], "uv_size": [0.25, 0.25]},
								"down": {"uv": [16, 21.25], "uv_size": [0.25, -0.25]}
							}
						},
						{
							"origin": [0.59217, 2.31025, 0.05711],
							"size": [0.3, 0.1, 0.1],
							"pivot": [0.09217, 1.81025, 0.10711],
							"rotation": [-27.46175, 0.61399, 0.04417],
							"uv": {
								"north": {"uv": [21, 12], "uv_size": [0.25, 0.25]},
								"east": {"uv": [13, 21], "uv_size": [0.25, 0.25]},
								"south": {"uv": [21, 13], "uv_size": [0.25, 0.25]},
								"west": {"uv": [14, 21], "uv_size": [0.25, 0.25]},
								"up": {"uv": [21, 14], "uv_size": [0.25, 0.25]},
								"down": {"uv": [15, 21.25], "uv_size": [0.25, -0.25]}
							}
						},
						{
							"origin": [0.29764, 1.91165, -0.14075],
							"size": [0.3, 0.55, 0.1],
							"pivot": [-0.20236, 1.41165, -0.09075],
							"rotation": [-27.46175, 0.61399, 0.04417],
							"uv": {
								"north": {"uv": [19, 4], "uv_size": [0.25, 0.5]},
								"east": {"uv": [5, 19], "uv_size": [0.25, 0.5]},
								"south": {"uv": [19, 5], "uv_size": [0.25, 0.5]},
								"west": {"uv": [6, 19], "uv_size": [0.25, 0.5]},
								"up": {"uv": [21, 11], "uv_size": [0.25, 0.25]},
								"down": {"uv": [12, 21.25], "uv_size": [0.25, -0.25]}
							}
						},
						{
							"origin": [-0.29045, 2.04359, -0.08766],
							"size": [0.6, 0.4, 0.1],
							"pivot": [-0.69045, 1.54359, -0.03766],
							"rotation": [-27.46175, -0.61399, -0.04417],
							"uv": {
								"north": {"uv": [15, 13], "uv_size": [0.5, 0.5]},
								"east": {"uv": [17, 9], "uv_size": [0.25, 0.5]},
								"south": {"uv": [14, 15], "uv_size": [0.5, 0.5]},
								"west": {"uv": [10, 17], "uv_size": [0.25, 0.5]},
								"up": {"uv": [17, 10], "uv_size": [0.5, 0.25]},
								"down": {"uv": [11, 17.25], "uv_size": [0.5, -0.25]}
							}
						},
						{
							"origin": [-1, 0.8, -0.1],
							"size": [2, 0.2, 0.1],
							"pivot": [-0.5, 1.5, -0.05],
							"rotation": [-27.46175, -0.61399, -0.04417],
							"uv": {
								"north": {"uv": [0, 14], "uv_size": [2, 0.25]},
								"east": {"uv": [19, 12], "uv_size": [0.25, 0.25]},
								"south": {"uv": [14, 1], "uv_size": [2, 0.25]},
								"west": {"uv": [13, 19], "uv_size": [0.25, 0.25]},
								"up": {"uv": [2, 14], "uv_size": [2, 0.25]},
								"down": {"uv": [14, 2.25], "uv_size": [2, -0.25]}
							}
						},
						{
							"origin": [-1.58711, 1.51167, -0.35791],
							"size": [0.5, 1, 0.1],
							"pivot": [-0.08711, 1.01167, -0.30791],
							"rotation": [-27.46175, -0.61399, -0.04417],
							"uv": {
								"north": {"uv": [12, 13], "uv_size": [0.5, 1]},
								"east": {"uv": [11, 15], "uv_size": [0.25, 1]},
								"south": {"uv": [13, 13], "uv_size": [0.5, 1]},
								"west": {"uv": [15, 12], "uv_size": [0.25, 1]},
								"up": {"uv": [17, 8], "uv_size": [0.5, 0.25]},
								"down": {"uv": [9, 17.25], "uv_size": [0.5, -0.25]}
							}
						},
						{
							"origin": [1.08711, 1.51167, -0.35791],
							"size": [0.5, 1, 0.1],
							"pivot": [0.08711, 1.01167, -0.30791],
							"rotation": [-27.46175, 0.61399, 0.04417],
							"uv": {
								"north": {"uv": [14, 3], "uv_size": [0.5, 1]},
								"east": {"uv": [6, 16], "uv_size": [0.25, 1]},
								"south": {"uv": [4, 14], "uv_size": [0.5, 1]},
								"west": {"uv": [16, 6], "uv_size": [0.25, 1]},
								"up": {"uv": [2, 18], "uv_size": [0.5, 0.25]},
								"down": {"uv": [18, 2.25], "uv_size": [0.5, -0.25]}
							}
						}
					]
				},
				{
					"name": "bone3",
					"pivot": [0.62719, 0.8, 0.07498],
					"rotation": [-2.96075, 37.48058, -0.94707],
					"cubes": [
						{
							"origin": [0.49764, 0.68684, -0.0065],
							"size": [0.25, 0.25, 5],
							"uv": {
								"north": {"uv": [19, 15], "uv_size": [0.25, 0.25]},
								"east": {"uv": [3, 0], "uv_size": [5, 0.25]},
								"south": {"uv": [16, 19], "uv_size": [0.25, 0.25]},
								"west": {"uv": [3, 1], "uv_size": [5, 0.25]},
								"up": {"uv": [2, 4], "uv_size": [0.25, 5]},
								"down": {"uv": [3, 9], "uv_size": [0.25, -5]}
							}
						},
						{
							"origin": [0.42764, 0.68684, 4.6935],
							"size": [0.4, 0.1, 0.3],
							"uv": {
								"north": {"uv": [17, 15], "uv_size": [0.5, 0.25]},
								"east": {"uv": [19, 16], "uv_size": [0.25, 0.25]},
								"south": {"uv": [16, 17], "uv_size": [0.5, 0.25]},
								"west": {"uv": [17, 19], "uv_size": [0.25, 0.25]},
								"up": {"uv": [17, 16], "uv_size": [0.5, 0.25]},
								"down": {"uv": [17, 17.25], "uv_size": [0.5, -0.25]}
							}
						},
						{
							"origin": [0.42764, -0.9214, 5.99063],
							"size": [0.4, 0.1, 0.5],
							"pivot": [0.83764, 1.1286, 6.88677],
							"rotation": [-55, 0, 0],
							"uv": {
								"north": {"uv": [0, 18], "uv_size": [0.5, 0.25]},
								"east": {"uv": [18, 0], "uv_size": [0.5, 0.25]},
								"south": {"uv": [1, 18], "uv_size": [0.5, 0.25]},
								"west": {"uv": [18, 1], "uv_size": [0.5, 0.25]},
								"up": {"uv": [0, 16], "uv_size": [0.5, 0.5]},
								"down": {"uv": [16, 0.5], "uv_size": [0.5, -0.5]}
							}
						}
					]
				},
				{
					"name": "bone5",
					"pivot": [0, 0, 0],
					"cubes": [
						{
							"origin": [-0.03007, 1.00463, -2],
							"size": [0.25, 0.1, 2.5],
							"pivot": [0.21993, 1.10463, -2],
							"rotation": [0, 0, 37.5],
							"uv": {
								"north": {"uv": [19, 17], "uv_size": [0.25, 0.25]},
								"east": {"uv": [10, 0], "uv_size": [2.5, 0.25]},
								"south": {"uv": [18, 19], "uv_size": [0.25, 0.25]},
								"west": {"uv": [10, 1], "uv_size": [2.5, 0.25]},
								"up": {"uv": [10, 2], "uv_size": [0.25, 2.5]},
								"down": {"uv": [10, 7.5], "uv_size": [0.25, -2.5]}
							}
						},
						{
							"origin": [-0.21993, 1.00463, -2],
							"size": [0.25, 0.1, 2.5],
							"pivot": [-0.21993, 1.10463, -2],
							"rotation": [0, 0, -37.5],
							"uv": {
								"north": {"uv": [19, 20], "uv_size": [0.25, 0.25]},
								"east": {"uv": [3, 13], "uv_size": [2.5, 0.25]},
								"south": {"uv": [20, 19], "uv_size": [0.25, 0.25]},
								"west": {"uv": [13, 6], "uv_size": [2.5, 0.25]},
								"up": {"uv": [7, 13], "uv_size": [0.25, 2.5]},
								"down": {"uv": [8, 15.5], "uv_size": [0.25, -2.5]}
							}
						},
						{
							"origin": [0, 1.1, -2],
							"size": [0.25, 0.1, 2.5],
							"pivot": [0.25, 1.2, -2],
							"rotation": [0, 0, 17.5],
							"uv": {
								"north": {"uv": [18, 20], "uv_size": [0.25, 0.25]},
								"east": {"uv": [0, 13], "uv_size": [2.5, 0.25]},
								"south": {"uv": [20, 18], "uv_size": [0.25, 0.25]},
								"west": {"uv": [13, 0], "uv_size": [2.5, 0.25]},
								"up": {"uv": [11, 12], "uv_size": [0.25, 2.5]},
								"down": {"uv": [13, 3.5], "uv_size": [0.25, -2.5]}
							}
						},
						{
							"origin": [-0.25, 1.1, -2],
							"size": [0.25, 0.1, 2.5],
							"pivot": [-0.25, 1.2, -2],
							"rotation": [0, 0, -17.5],
							"uv": {
								"north": {"uv": [17, 20], "uv_size": [0.25, 0.25]},
								"east": {"uv": [7, 12], "uv_size": [2.5, 0.25]},
								"south": {"uv": [20, 17], "uv_size": [0.25, 0.25]},
								"west": {"uv": [12, 9], "uv_size": [2.5, 0.25]},
								"up": {"uv": [10, 12], "uv_size": [0.25, 2.5]},
								"down": {"uv": [12, 12.5], "uv_size": [0.25, -2.5]}
							}
						},
						{
							"origin": [-0.14095, 1.02529, -2],
							"size": [0.3, 0.15, 2.5],
							"uv": {
								"north": {"uv": [20, 20], "uv_size": [0.25, 0.25]},
								"east": {"uv": [13, 7], "uv_size": [2.5, 0.25]},
								"south": {"uv": [0, 21], "uv_size": [0.25, 0.25]},
								"west": {"uv": [13, 8], "uv_size": [2.5, 0.25]},
								"up": {"uv": [9, 13], "uv_size": [0.25, 2.5]},
								"down": {"uv": [13, 12.5], "uv_size": [0.25, -2.5]}
							}
						},
						{
							"origin": [0.15, 1.2, -2],
							"size": [0.1, 0.8, 0.1],
							"uv": {
								"north": {"uv": [12, 16], "uv_size": [0.25, 0.75]},
								"east": {"uv": [16, 12], "uv_size": [0.25, 0.75]},
								"south": {"uv": [13, 16], "uv_size": [0.25, 0.75]},
								"west": {"uv": [16, 13], "uv_size": [0.25, 0.75]},
								"up": {"uv": [0, 20], "uv_size": [0.25, 0.25]},
								"down": {"uv": [20, 0.25], "uv_size": [0.25, -0.25]}
							}
						},
						{
							"origin": [0.15, 1.2, -1.9],
							"size": [0.1, 0.2, 0.17],
							"uv": {
								"north": {"uv": [21, 0], "uv_size": [0.25, 0.25]},
								"east": {"uv": [1, 21], "uv_size": [0.25, 0.25]},
								"south": {"uv": [21, 1], "uv_size": [0.25, 0.25]},
								"west": {"uv": [2, 21], "uv_size": [0.25, 0.25]},
								"up": {"uv": [21, 2], "uv_size": [0.25, 0.25]},
								"down": {"uv": [3, 21.25], "uv_size": [0.25, -0.25]}
							}
						},
						{
							"origin": [-0.25, 1.2, -1.9],
							"size": [0.1, 0.2, 0.17],
							"uv": {
								"north": {"uv": [21, 3], "uv_size": [0.25, 0.25]},
								"east": {"uv": [4, 21], "uv_size": [0.25, 0.25]},
								"south": {"uv": [21, 4], "uv_size": [0.25, 0.25]},
								"west": {"uv": [5, 21], "uv_size": [0.25, 0.25]},
								"up": {"uv": [21, 5], "uv_size": [0.25, 0.25]},
								"down": {"uv": [6, 21.25], "uv_size": [0.25, -0.25]}
							}
						},
						{
							"origin": [-0.25, 1.2, -2],
							"size": [0.1, 0.8, 0.1],
							"uv": {
								"north": {"uv": [16, 16], "uv_size": [0.25, 0.75]},
								"east": {"uv": [0, 17], "uv_size": [0.25, 0.75]},
								"south": {"uv": [17, 0], "uv_size": [0.25, 0.75]},
								"west": {"uv": [1, 17], "uv_size": [0.25, 0.75]},
								"up": {"uv": [3, 20], "uv_size": [0.25, 0.25]},
								"down": {"uv": [20, 3.25], "uv_size": [0.25, -0.25]}
							}
						},
						{
							"origin": [-0.15, 1.6, -2],
							"size": [0.3, 0.4, 0.1],
							"uv": {
								"north": {"uv": [3, 18], "uv_size": [0.25, 0.5]},
								"east": {"uv": [18, 3], "uv_size": [0.25, 0.5]},
								"south": {"uv": [4, 18], "uv_size": [0.25, 0.5]},
								"west": {"uv": [18, 4], "uv_size": [0.25, 0.5]},
								"up": {"uv": [10, 20], "uv_size": [0.25, 0.25]},
								"down": {"uv": [20, 10.25], "uv_size": [0.25, -0.25]}
							}
						},
						{
							"origin": [-0.35, 0.9, -1],
							"size": [0.7, 0.1, 0.1],
							"uv": {
								"north": {"uv": [17, 1], "uv_size": [0.75, 0.25]},
								"east": {"uv": [11, 20], "uv_size": [0.25, 0.25]},
								"south": {"uv": [2, 17], "uv_size": [0.75, 0.25]},
								"west": {"uv": [20, 11], "uv_size": [0.25, 0.25]},
								"up": {"uv": [17, 2], "uv_size": [0.75, 0.25]},
								"down": {"uv": [3, 17.25], "uv_size": [0.75, -0.25]}
							}
						},
						{
							"origin": [-0.35, 0.5, -1],
							"size": [0.7, 0.4, 0.1],
							"pivot": [0.35, 0.9, -1],
							"rotation": [50, 0, 0],
							"uv": {
								"north": {"uv": [14, 14], "uv_size": [0.75, 0.5]},
								"east": {"uv": [13, 18], "uv_size": [0.25, 0.5]},
								"south": {"uv": [0, 15], "uv_size": [0.75, 0.5]},
								"west": {"uv": [18, 13], "uv_size": [0.25, 0.5]},
								"up": {"uv": [17, 3], "uv_size": [0.75, 0.25]},
								"down": {"uv": [4, 17.25], "uv_size": [0.75, -0.25]}
							}
						},
						{
							"origin": [-0.35, 1, -1],
							"size": [0.1, 0.5, 0.1],
							"uv": {
								"north": {"uv": [7, 18], "uv_size": [0.25, 0.5]},
								"east": {"uv": [18, 7], "uv_size": [0.25, 0.5]},
								"south": {"uv": [8, 18], "uv_size": [0.25, 0.5]},
								"west": {"uv": [18, 8], "uv_size": [0.25, 0.5]},
								"up": {"uv": [13, 20], "uv_size": [0.25, 0.25]},
								"down": {"uv": [20, 13.25], "uv_size": [0.25, -0.25]}
							}
						},
						{
							"origin": [0.25, 1, -1],
							"size": [0.1, 0.5, 0.1],
							"uv": {
								"north": {"uv": [5, 18], "uv_size": [0.25, 0.5]},
								"east": {"uv": [18, 5], "uv_size": [0.25, 0.5]},
								"south": {"uv": [6, 18], "uv_size": [0.25, 0.5]},
								"west": {"uv": [18, 6], "uv_size": [0.25, 0.5]},
								"up": {"uv": [12, 20], "uv_size": [0.25, 0.25]},
								"down": {"uv": [20, 12.25], "uv_size": [0.25, -0.25]}
							}
						},
						{
							"origin": [0.25, 1.5, -1],
							"size": [0.1, 0.4, 0.1],
							"pivot": [0.35, 1.5, -1],
							"rotation": [-45, 0, 0],
							"uv": {
								"north": {"uv": [9, 18], "uv_size": [0.25, 0.5]},
								"east": {"uv": [18, 9], "uv_size": [0.25, 0.5]},
								"south": {"uv": [10, 18], "uv_size": [0.25, 0.5]},
								"west": {"uv": [18, 10], "uv_size": [0.25, 0.5]},
								"up": {"uv": [14, 20], "uv_size": [0.25, 0.25]},
								"down": {"uv": [20, 14.25], "uv_size": [0.25, -0.25]}
							}
						},
						{
							"origin": [-0.35, 1.5, -1],
							"size": [0.1, 0.4, 0.1],
							"pivot": [-0.35, 1.5, -1],
							"rotation": [-45, 0, 0],
							"uv": {
								"north": {"uv": [11, 18], "uv_size": [0.25, 0.5]},
								"east": {"uv": [18, 11], "uv_size": [0.25, 0.5]},
								"south": {"uv": [12, 18], "uv_size": [0.25, 0.5]},
								"west": {"uv": [18, 12], "uv_size": [0.25, 0.5]},
								"up": {"uv": [15, 20], "uv_size": [0.25, 0.25]},
								"down": {"uv": [20, 15.25], "uv_size": [0.25, -0.25]}
							}
						},
						{
							"origin": [0.15, 1.17255, -1.88342],
							"size": [0.1, 0.83, 0.1],
							"pivot": [0.2, 1.62255, -1.83342],
							"rotation": [17.5, 0, 0],
							"uv": {
								"north": {"uv": [14, 16], "uv_size": [0.25, 0.75]},
								"east": {"uv": [16, 14], "uv_size": [0.25, 0.75]},
								"south": {"uv": [15, 16], "uv_size": [0.25, 0.75]},
								"west": {"uv": [16, 15], "uv_size": [0.25, 0.75]},
								"up": {"uv": [2, 20], "uv_size": [0.25, 0.25]},
								"down": {"uv": [20, 2.25], "uv_size": [0.25, -0.25]}
							}
						},
						{
							"origin": [-0.25, 1.17255, -1.88342],
							"size": [0.1, 0.83, 0.1],
							"pivot": [-0.2, 1.62255, -1.83342],
							"rotation": [17.5, 0, 0],
							"uv": {
								"north": {"uv": [17, 4], "uv_size": [0.25, 0.75]},
								"east": {"uv": [5, 17], "uv_size": [0.25, 0.75]},
								"south": {"uv": [17, 5], "uv_size": [0.25, 0.75]},
								"west": {"uv": [6, 17], "uv_size": [0.25, 0.75]},
								"up": {"uv": [21, 6], "uv_size": [0.25, 0.25]},
								"down": {"uv": [7, 21.25], "uv_size": [0.25, -0.25]}
							}
						},
						{
							"origin": [-0.25, 1.1, 0.5],
							"size": [0.5, 0.6, 0.5],
							"uv": {
								"north": {"uv": [7, 16], "uv_size": [0.5, 0.5]},
								"east": {"uv": [16, 7], "uv_size": [0.5, 0.5]},
								"south": {"uv": [8, 16], "uv_size": [0.5, 0.5]},
								"west": {"uv": [16, 8], "uv_size": [0.5, 0.5]},
								"up": {"uv": [9, 16], "uv_size": [0.5, 0.5]},
								"down": {"uv": [16, 9.5], "uv_size": [0.5, -0.5]}
							}
						},
						{
							"origin": [-0.25, 1.1, 1],
							"size": [0.5, 0.1, 0.3],
							"uv": {
								"north": {"uv": [14, 18], "uv_size": [0.5, 0.25]},
								"east": {"uv": [21, 7], "uv_size": [0.25, 0.25]},
								"south": {"uv": [18, 14], "uv_size": [0.5, 0.25]},
								"west": {"uv": [8, 21], "uv_size": [0.25, 0.25]},
								"up": {"uv": [15, 18], "uv_size": [0.5, 0.25]},
								"down": {"uv": [18, 15.25], "uv_size": [0.5, -0.25]}
							}
						},
						{
							"origin": [0.15, 1.2, 1],
							"size": [0.1, 0.5, 0.3],
							"uv": {
								"north": {"uv": [16, 18], "uv_size": [0.25, 0.5]},
								"east": {"uv": [18, 16], "uv_size": [0.25, 0.5]},
								"south": {"uv": [17, 18], "uv_size": [0.25, 0.5]},
								"west": {"uv": [18, 17], "uv_size": [0.25, 0.5]},
								"up": {"uv": [21, 8], "uv_size": [0.25, 0.25]},
								"down": {"uv": [9, 21.25], "uv_size": [0.25, -0.25]}
							}
						},
						{
							"origin": [-0.25, 1.2, 1],
							"size": [0.1, 0.5, 0.3],
							"uv": {
								"north": {"uv": [18, 18], "uv_size": [0.25, 0.5]},
								"east": {"uv": [0, 19], "uv_size": [0.25, 0.5]},
								"south": {"uv": [19, 0], "uv_size": [0.25, 0.5]},
								"west": {"uv": [1, 19], "uv_size": [0.25, 0.5]},
								"up": {"uv": [21, 9], "uv_size": [0.25, 0.25]},
								"down": {"uv": [10, 21.25], "uv_size": [0.25, -0.25]}
							}
						},
						{
							"origin": [-0.175, 1.3, -2],
							"size": [0.35, 0.35, 2.5],
							"uv": {
								"north": {"uv": [19, 18], "uv_size": [0.25, 0.25]},
								"east": {"uv": [12, 4], "uv_size": [2.5, 0.25]},
								"south": {"uv": [19, 19], "uv_size": [0.25, 0.25]},
								"west": {"uv": [12, 5], "uv_size": [2.5, 0.25]},
								"up": {"uv": [6, 12], "uv_size": [0.25, 2.5]},
								"down": {"uv": [12, 8.5], "uv_size": [0.25, -2.5]}
							}
						},
						{
							"origin": [-0.2, 1.25, -1.2],
							"size": [0.4, 0.825, 0.3],
							"uv": {
								"north": {"uv": [1, 15], "uv_size": [0.5, 0.75]},
								"east": {"uv": [17, 6], "uv_size": [0.25, 0.75]},
								"south": {"uv": [2, 15], "uv_size": [0.5, 0.75]},
								"west": {"uv": [7, 17], "uv_size": [0.25, 0.75]},
								"up": {"uv": [19, 1], "uv_size": [0.5, 0.25]},
								"down": {"uv": [2, 19.25], "uv_size": [0.5, -0.25]}
							}
						},
						{
							"origin": [-0.15, 1.325, -6],
							"size": [0.3, 0.3, 4.5],
							"uv": {
								"north": {"uv": [16, 20], "uv_size": [0.25, 0.25]},
								"east": {"uv": [5, 4], "uv_size": [4.5, 0.25]},
								"south": {"uv": [20, 16], "uv_size": [0.25, 0.25]},
								"west": {"uv": [5, 5], "uv_size": [4.5, 0.25]},
								"up": {"uv": [4, 6], "uv_size": [0.25, 4.5]},
								"down": {"uv": [5, 10.5], "uv_size": [0.25, -4.5]}
							}
						},
						{
							"origin": [-0.175, 1.7, -1.3],
							"size": [0.35, 0.35, 2],
							"uv": {
								"north": {"uv": [1, 20], "uv_size": [0.25, 0.25]},
								"east": {"uv": [14, 10], "uv_size": [2, 0.25]},
								"south": {"uv": [20, 1], "uv_size": [0.25, 0.25]},
								"west": {"uv": [14, 11], "uv_size": [2, 0.25]},
								"up": {"uv": [5, 14], "uv_size": [0.25, 2]},
								"down": {"uv": [12, 16], "uv_size": [0.25, -2]}
							}
						},
						{
							"origin": [-0.1, 1.77, -1.9],
							"size": [0.2, 0.2, 0.3],
							"uv": {
								"north": {"uv": [4, 20], "uv_size": [0.25, 0.25]},
								"east": {"uv": [20, 4], "uv_size": [0.25, 0.25]},
								"south": {"uv": [5, 20], "uv_size": [0.25, 0.25]},
								"west": {"uv": [20, 5], "uv_size": [0.25, 0.25]},
								"up": {"uv": [6, 20], "uv_size": [0.25, 0.25]},
								"down": {"uv": [20, 6.25], "uv_size": [0.25, -0.25]}
							}
						},
						{
							"origin": [-0.15, 1.725, -1.6],
							"size": [0.3, 0.3, 0.3],
							"uv": {
								"north": {"uv": [7, 20], "uv_size": [0.25, 0.25]},
								"east": {"uv": [20, 7], "uv_size": [0.25, 0.25]},
								"south": {"uv": [8, 20], "uv_size": [0.25, 0.25]},
								"west": {"uv": [20, 8], "uv_size": [0.25, 0.25]},
								"up": {"uv": [9, 20], "uv_size": [0.25, 0.25]},
								"down": {"uv": [20, 9.25], "uv_size": [0.25, -0.25]}
							}
						}
					]
				}
			]
		}
	]
}