{
	"format_version": "1.12.0",
	"minecraft:geometry": [
		{
			"description": {
				"identifier": "geometry.british_uniform",
				"texture_width": 64,
				"texture_height": 64,
				"visible_bounds_width": 3,
				"visible_bounds_height": 4.5,
				"visible_bounds_offset": [0, 1.75, 0]
			},
			"bones": [
				{
					"name": "Head",
					"pivot": [0, 24, 0]
				},
				{
					"name": "Helmet",
					"parent": "Head",
					"pivot": [0, 23.5, 0],
					"cubes": [
						{
							"origin": [-3.58514, 33.23981, -3.5],
							"size": [0.65, 0.65, 7],
							"pivot": [-3.43514, 33.93981, -3.5],
							"rotation": [0, 0, 40],
							"uv": {
								"north": {"uv": [43, 12], "uv_size": [8, 1]},
								"east": {"uv": [43, 26], "uv_size": [7, 1]},
								"south": {"uv": [43, 13], "uv_size": [8, 1]},
								"west": {"uv": [43, 27], "uv_size": [7, 1]},
								"up": {"uv": [0, 12], "uv_size": [8, 7]},
								"down": {"uv": [8, 19], "uv_size": [8, -7]}
							}
						},
						{
							"origin": [0.83809, 28.55044, -3.10642],
							"size": [0.65, 0.65, 6.8],
							"pivot": [-4.01191, 33.75044, -3.60642],
							"rotation": [90, -45, 90],
							"uv": {
								"north": {"uv": [43, 12], "uv_size": [8, 1]},
								"east": {"uv": [43, 26], "uv_size": [7, 1]},
								"south": {"uv": [43, 13], "uv_size": [8, 1]},
								"west": {"uv": [43, 27], "uv_size": [7, 1]},
								"up": {"uv": [0, 12], "uv_size": [8, 7]},
								"down": {"uv": [8, 19], "uv_size": [8, -7]}
							}
						},
						{
							"origin": [0.98809, 28.44438, -3.49964],
							"size": [0.8, 0.65, 6.8],
							"pivot": [-3.71191, 33.64438, 3.50036],
							"rotation": [-90, 45, 90],
							"uv": {
								"north": {"uv": [51, 13], "uv_size": [-8, 1]},
								"east": {"uv": [50, 26], "uv_size": [-7, 1]},
								"south": {"uv": [51, 12], "uv_size": [-8, 1]},
								"west": {"uv": [50, 27], "uv_size": [-7, 1]},
								"up": {"uv": [0, 19], "uv_size": [8, -7]},
								"down": {"uv": [8, 12], "uv_size": [8, 7]}
							}
						},
						{
							"origin": [2.67743, 33.47896, -3.5],
							"size": [0.65, 0.65, 7],
							"pivot": [3.48777, 34.0094, -4.5],
							"rotation": [0, 0, -40],
							"uv": {
								"north": {"uv": [51, 12], "uv_size": [-8, 1]},
								"east": {"uv": [50, 27], "uv_size": [-7, 1]},
								"south": {"uv": [51, 13], "uv_size": [-8, 1]},
								"west": {"uv": [50, 26], "uv_size": [-7, 1]},
								"up": {"uv": [8, 12], "uv_size": [-8, 7]},
								"down": {"uv": [16, 19], "uv_size": [-8, -7]}
							}
						},
						{
							"origin": [-3.51191, 32.99793, -3.5],
							"size": [6.8, 1, 7],
							"uv": {
								"north": {"uv": [43, 12], "uv_size": [8, 1]},
								"east": {"uv": [43, 26], "uv_size": [7, 1]},
								"south": {"uv": [43, 13], "uv_size": [8, 1]},
								"west": {"uv": [43, 27], "uv_size": [7, 1]},
								"up": {"uv": [0, 12], "uv_size": [8, 7]},
								"down": {"uv": [8, 19], "uv_size": [8, -7]}
							}
						},
						{
							"origin": [-4.00206, 32.45836, -4.09567],
							"size": [7.7, 1, 8.1],
							"uv": {
								"north": {"uv": [43, 12], "uv_size": [8, 1]},
								"east": {"uv": [43, 26], "uv_size": [7, 1]},
								"south": {"uv": [43, 13], "uv_size": [8, 1]},
								"west": {"uv": [43, 27], "uv_size": [7, 1]},
								"up": {"uv": [0, 12], "uv_size": [8, 7]},
								"down": {"uv": [8, 19], "uv_size": [8, -7]}
							}
						},
						{
							"origin": [-3.51191, 30.72065, -4.54672],
							"size": [6.8, 2.6, 0.5],
							"pivot": [-0.71191, 31.18028, -3.79672],
							"rotation": [-12.5, 0, 0],
							"uv": {
								"north": {"uv": [32, 32], "uv_size": [8, 2.5]},
								"east": {"uv": [50, 50], "uv_size": [0.5, 2.5]},
								"south": {"uv": [8, 35], "uv_size": [8, 2.5]},
								"west": {"uv": [7, 51], "uv_size": [0.5, 2.5]},
								"up": {"uv": [46, 25], "uv_size": [8, 0.5]},
								"down": {"uv": [46, 35.5], "uv_size": [8, -0.5]}
							}
						},
						{
							"origin": [-3.51191, 30.71632, 3.93264],
							"size": [6.8, 2.6, 0.5],
							"pivot": [0.28809, 31.26773, 3.18264],
							"rotation": [12.5, 0, 0],
							"uv": {
								"north": {"uv": [32, 35], "uv_size": [8, 2.5]},
								"east": {"uv": [8, 51], "uv_size": [0.5, 2.5]},
								"south": {"uv": [16, 36], "uv_size": [8, 2.5]},
								"west": {"uv": [9, 51], "uv_size": [0.5, 2.5]},
								"up": {"uv": [46, 36], "uv_size": [8, 0.5]},
								"down": {"uv": [46, 37.5], "uv_size": [8, -0.5]}
							}
						},
						{
							"origin": [-3.51191, 30.71632, 3.93264],
							"size": [6.8, 2.6, 0.5],
							"pivot": [0.28809, 31.26773, 3.18264],
							"rotation": [12.5, 0, 0],
							"uv": {
								"north": {"uv": [32, 35], "uv_size": [8, 2.5]},
								"east": {"uv": [8, 51], "uv_size": [0.5, 2.5]},
								"south": {"uv": [16, 36], "uv_size": [8, 2.5]},
								"west": {"uv": [9, 51], "uv_size": [0.5, 2.5]},
								"up": {"uv": [46, 36], "uv_size": [8, 0.5]},
								"down": {"uv": [46, 37.5], "uv_size": [8, -0.5]}
							}
						},
						{
							"origin": [-4.65, 30.99483, 3.45],
							"size": [1.1, 2.6, 1.1],
							"pivot": [-4.67293, 30.98859, 4.5],
							"rotation": [12.06864, -0.76664, 14.53493],
							"uv": {
								"north": {"uv": [32, 35], "uv_size": [8, 2.5]},
								"east": {"uv": [8, 51], "uv_size": [0.5, 2.5]},
								"south": {"uv": [16, 36], "uv_size": [8, 2.5]},
								"west": {"uv": [9, 51], "uv_size": [0.5, 2.5]},
								"up": {"uv": [46, 36], "uv_size": [8, 0.5]},
								"down": {"uv": [46, 37.5], "uv_size": [8, -0.5]}
							}
						},
						{
							"origin": [3.25, 30.98859, 3.45],
							"size": [1.1, 2.6, 1.1],
							"pivot": [4.32707, 30.98859, 4.5],
							"rotation": [12.06864, 0.76664, -14.53493],
							"uv": {
								"north": {"uv": [40, 35], "uv_size": [-8, 2.5]},
								"east": {"uv": [9.5, 51], "uv_size": [-0.5, 2.5]},
								"south": {"uv": [24, 36], "uv_size": [-8, 2.5]},
								"west": {"uv": [8.5, 51], "uv_size": [-0.5, 2.5]},
								"up": {"uv": [54, 36], "uv_size": [-8, 0.5]},
								"down": {"uv": [54, 37.5], "uv_size": [-8, -0.5]}
							}
						},
						{
							"origin": [3.25, 30.98859, -4.64],
							"size": [1.1, 2.6, 1.1],
							"pivot": [4.32707, 30.98859, -4.5],
							"rotation": [-12.06864, -0.76664, -14.53493],
							"uv": {
								"north": {"uv": [16, 36], "uv_size": [8, 2.5]},
								"east": {"uv": [9, 51], "uv_size": [0.5, 2.5]},
								"south": {"uv": [32, 35], "uv_size": [8, 2.5]},
								"west": {"uv": [8, 51], "uv_size": [0.5, 2.5]},
								"up": {"uv": [54, 36.5], "uv_size": [-8, -0.5]},
								"down": {"uv": [54, 37], "uv_size": [-8, 0.5]}
							}
						},
						{
							"origin": [-4.67293, 30.98859, -4.64],
							"size": [1.1, 2.6, 1.1],
							"pivot": [-4.67293, 30.98859, -4.5],
							"rotation": [-12.06864, 0.76664, 14.53493],
							"uv": {
								"north": {"uv": [24, 36], "uv_size": [-8, 2.5]},
								"east": {"uv": [8.5, 51], "uv_size": [-0.5, 2.5]},
								"south": {"uv": [40, 35], "uv_size": [-8, 2.5]},
								"west": {"uv": [9.5, 51], "uv_size": [-0.5, 2.5]},
								"up": {"uv": [46, 36.5], "uv_size": [8, -0.5]},
								"down": {"uv": [46, 37], "uv_size": [8, 0.5]}
							}
						},
						{
							"origin": [-4.65693, 31.46775, -3.5],
							"size": [2.6, 0.5, 7],
							"pivot": [-4.0269, 31.46775, 0],
							"rotation": [0, 0, -75],
							"uv": {
								"north": {"uv": [17, 49], "uv_size": [2.5, 0.5]},
								"east": {"uv": [46, 38], "uv_size": [8, 0.5]},
								"south": {"uv": [50, 26], "uv_size": [2.5, 0.5]},
								"west": {"uv": [45, 46], "uv_size": [8, 0.5]},
								"up": {"uv": [24, 36], "uv_size": [2.5, 8]},
								"down": {"uv": [27, 44], "uv_size": [2.5, -8]}
							}
						},
						{
							"origin": [1.83258, 31.55863, -3.5],
							"size": [2.6, 0.5, 7],
							"pivot": [3.70845, 31.55863, 1.5],
							"rotation": [0, 0, 75],
							"uv": {
								"north": {"uv": [50, 27], "uv_size": [2.5, 0.5]},
								"east": {"uv": [47, 6], "uv_size": [8, 0.5]},
								"south": {"uv": [50, 32], "uv_size": [2.5, 0.5]},
								"west": {"uv": [47, 7], "uv_size": [8, 0.5]},
								"up": {"uv": [37, 20], "uv_size": [2.5, 8]},
								"down": {"uv": [8, 46], "uv_size": [2.5, -8]}
							}
						},
						{
							"origin": [-2.40631, 31.27314, -4.63659],
							"size": [1, 9, 9.2],
							"pivot": [-3.65631, 32.27314, -0.63659],
							"rotation": [0, 0, 90],
							"uv": {
								"north": {"uv": [40, 27], "uv_size": [1, 0.5]},
								"east": {"uv": [46, 21], "uv_size": [8.5, 0.5]},
								"south": {"uv": [52, 2], "uv_size": [1, 0.5]},
								"west": {"uv": [46, 22], "uv_size": [8.5, 0.5]},
								"up": {"uv": [1, 43], "uv_size": [1, 8.5]},
								"down": {"uv": [2, 51.5], "uv_size": [1, -8.5]}
							}
						},
						{
							"origin": [-1.92293, 40.23859, -4.5],
							"size": [0.5, 1, 9],
							"pivot": [-3.67293, 32.23859, -0.5],
							"rotation": [0, 0, 90],
							"uv": {
								"north": {"uv": [40, 27], "uv_size": [1, 0.5]},
								"east": {"uv": [46, 21], "uv_size": [8.5, 0.5]},
								"south": {"uv": [52, 2], "uv_size": [1, 0.5]},
								"west": {"uv": [46, 22], "uv_size": [8.5, 0.5]},
								"up": {"uv": [1, 43], "uv_size": [1, 8.5]},
								"down": {"uv": [2, 51.5], "uv_size": [1, -8.5]}
							}
						},
						{
							"origin": [1.57707, 40.73859, -4.5],
							"size": [0.5, 1, 9],
							"pivot": [3.82707, 32.23859, -0.5],
							"rotation": [0, 0, -90],
							"uv": {
								"north": {"uv": [41, 27], "uv_size": [-1, 0.5]},
								"east": {"uv": [54.5, 22], "uv_size": [-8.5, 0.5]},
								"south": {"uv": [53, 2], "uv_size": [-1, 0.5]},
								"west": {"uv": [54.5, 21], "uv_size": [-8.5, 0.5]},
								"up": {"uv": [2, 43], "uv_size": [-1, 8.5]},
								"down": {"uv": [3, 51.5], "uv_size": [-1, -8.5]}
							}
						},
						{
							"origin": [1.57707, 30.73859, -5.5],
							"size": [0.5, 11, 1],
							"pivot": [3.82707, 32.23859, -0.5],
							"rotation": [0, 0, -90],
							"uv": {
								"north": {"uv": [41, 27], "uv_size": [-1, 0.5]},
								"east": {"uv": [54.5, 22], "uv_size": [-8.5, 0.5]},
								"south": {"uv": [53, 2], "uv_size": [-1, 0.5]},
								"west": {"uv": [54.5, 21], "uv_size": [-8.5, 0.5]},
								"up": {"uv": [2, 43], "uv_size": [-1, 8.5]},
								"down": {"uv": [3, 51.5], "uv_size": [-1, -8.5]}
							}
						},
						{
							"origin": [1.57707, 30.73859, 4.5],
							"size": [0.5, 11, 1],
							"pivot": [3.82707, 32.23859, -0.5],
							"rotation": [0, 0, -90],
							"uv": {
								"north": {"uv": [41, 27], "uv_size": [-1, 0.5]},
								"east": {"uv": [54.5, 22], "uv_size": [-8.5, 0.5]},
								"south": {"uv": [53, 2], "uv_size": [-1, 0.5]},
								"west": {"uv": [54.5, 21], "uv_size": [-8.5, 0.5]},
								"up": {"uv": [2, 43], "uv_size": [-1, 8.5]},
								"down": {"uv": [3, 51.5], "uv_size": [-1, -8.5]}
							}
						}
					]
				},
				{
					"name": "Body",
					"pivot": [0, 24, 0],
					"cubes": [
						{
							"origin": [-4, 12, -1.97656],
							"size": [8, 12, 4],
							"inflate": 0.25,
							"uv": {
								"north": {"uv": [0, 0], "uv_size": [8, 12]},
								"east": {"uv": [16, 0], "uv_size": [4, 12]},
								"south": {"uv": [8, 0], "uv_size": [8, 12]},
								"west": {"uv": [16, 12], "uv_size": [4, 12]},
								"up": {"uv": [8, 31], "uv_size": [8, 4]},
								"down": {"uv": [32, 20], "uv_size": [8, -4]}
							}
						}
					]
				},
				{
					"name": "Vest",
					"parent": "Body",
					"pivot": [-0.5, 24.5, -4.97656],
					"cubes": [
						{
							"origin": [-4.44941, 16.52202, -2.03516],
							"size": [0.22656, 0.98438, 4.35156],
							"uv": {
								"north": {"uv": [33, 52], "uv_size": [0.5, 1]},
								"east": {"uv": [24, 45], "uv_size": [4.5, 1]},
								"south": {"uv": [52, 42], "uv_size": [0.5, 1]},
								"west": {"uv": [45, 44], "uv_size": [4.5, 1]},
								"up": {"uv": [35, 48], "uv_size": [0.5, 4.5]},
								"down": {"uv": [48, 51.5], "uv_size": [0.5, -4.5]}
							}
						},
						{
							"origin": [4.22285, 16.52202, -2.03516],
							"size": [0.22656, 0.98438, 4.35156],
							"uv": {
								"north": {"uv": [52, 44], "uv_size": [0.5, 1]},
								"east": {"uv": [45, 45], "uv_size": [4.5, 1]},
								"south": {"uv": [52, 45], "uv_size": [0.5, 1]},
								"west": {"uv": [46, 16], "uv_size": [4.5, 1]},
								"up": {"uv": [5, 49], "uv_size": [0.5, 4.5]},
								"down": {"uv": [6, 53.5], "uv_size": [0.5, -4.5]}
							}
						},
						{
							"origin": [-4.46112, 16.52984, -2.47656],
							"size": [8.90234, 1, 0.5],
							"uv": {
								"north": {"uv": [43, 2], "uv_size": [9, 1]},
								"east": {"uv": [48, 52], "uv_size": [0.5, 1]},
								"south": {"uv": [43, 3], "uv_size": [9, 1]},
								"west": {"uv": [52, 50], "uv_size": [0.5, 1]},
								"up": {"uv": [46, 17], "uv_size": [9, 0.5]},
								"down": {"uv": [46, 18.5], "uv_size": [9, -0.5]}
							}
						},
						{
							"origin": [-4.46112, 16.52984, 1.97656],
							"size": [8.90234, 1, 0.5],
							"uv": {
								"north": {"uv": [43, 4], "uv_size": [9, 1]},
								"east": {"uv": [52, 51], "uv_size": [0.5, 1]},
								"south": {"uv": [43, 5], "uv_size": [9, 1]},
								"west": {"uv": [52, 52], "uv_size": [0.5, 1]},
								"up": {"uv": [46, 19], "uv_size": [9, 0.5]},
								"down": {"uv": [46, 20.5], "uv_size": [9, -0.5]}
							}
						},
						{
							"origin": [2.55878, 19.52984, -2.47656],
							"size": [0.90234, 5, 0.5],
							"uv": {
								"north": {"uv": [21, 43], "uv_size": [1, 7]},
								"east": {"uv": [41, 47], "uv_size": [0.5, 7]},
								"south": {"uv": [22, 43], "uv_size": [1, 7]},
								"west": {"uv": [42, 47], "uv_size": [0.5, 7]},
								"up": {"uv": [2, 53], "uv_size": [1, 0.5]},
								"down": {"uv": [53, 2.5], "uv_size": [1, -0.5]}
							}
						},
						{
							"origin": [-3.46112, 19.52984, -2.47656],
							"size": [0.90234, 5, 0.5],
							"uv": {
								"north": {"uv": [22, 43], "uv_size": [-1, 7]},
								"east": {"uv": [42.5, 47], "uv_size": [-0.5, 7]},
								"south": {"uv": [23, 43], "uv_size": [-1, 7]},
								"west": {"uv": [41.5, 47], "uv_size": [-0.5, 7]},
								"up": {"uv": [3, 53], "uv_size": [-1, 0.5]},
								"down": {"uv": [54, 2.5], "uv_size": [-1, -0.5]}
							}
						},
						{
							"origin": [-3.46112, 19.52984, 1.97656],
							"size": [0.90234, 5, 0.5],
							"uv": {
								"north": {"uv": [22, 43], "uv_size": [1, 7]},
								"east": {"uv": [42, 47], "uv_size": [0.5, 7]},
								"south": {"uv": [21, 43], "uv_size": [1, 7]},
								"west": {"uv": [41, 47], "uv_size": [0.5, 7]},
								"up": {"uv": [3, 53.5], "uv_size": [-1, -0.5]},
								"down": {"uv": [54, 2], "uv_size": [-1, 0.5]}
							}
						},
						{
							"origin": [2.55878, 19.52984, 1.97656],
							"size": [0.90234, 5, 0.5],
							"uv": {
								"north": {"uv": [23, 43], "uv_size": [-1, 7]},
								"east": {"uv": [41.5, 47], "uv_size": [-0.5, 7]},
								"south": {"uv": [22, 43], "uv_size": [-1, 7]},
								"west": {"uv": [42.5, 47], "uv_size": [-0.5, 7]},
								"up": {"uv": [2, 53.5], "uv_size": [1, -0.5]},
								"down": {"uv": [53, 2], "uv_size": [1, 0.5]}
							}
						},
						{
							"origin": [3.53888, 17.52984, -2.47656],
							"size": [0.90234, 2.5, 0.5],
							"pivot": [4.44122, 17.52984, -2.47656],
							"rotation": [0, 0, -22.5],
							"uv": {
								"north": {"uv": [21, 43], "uv_size": [1, 7]},
								"east": {"uv": [41, 47], "uv_size": [0.5, 7]},
								"south": {"uv": [22, 43], "uv_size": [1, 7]},
								"west": {"uv": [42, 47], "uv_size": [0.5, 7]},
								"up": {"uv": [2, 53], "uv_size": [1, 0.5]},
								"down": {"uv": [53, 2.5], "uv_size": [1, -0.5]}
							}
						},
						{
							"origin": [3.53888, 17.52984, 1.97656],
							"size": [0.90234, 2.5, 0.5],
							"pivot": [4.44122, 17.52984, 2.47656],
							"rotation": [0, 0, -22.5],
							"uv": {
								"north": {"uv": [23, 43], "uv_size": [-1, 7]},
								"east": {"uv": [41.5, 47], "uv_size": [-0.5, 7]},
								"south": {"uv": [22, 43], "uv_size": [-1, 7]},
								"west": {"uv": [42.5, 47], "uv_size": [-0.5, 7]},
								"up": {"uv": [2, 53.5], "uv_size": [1, -0.5]},
								"down": {"uv": [53, 2], "uv_size": [1, 0.5]}
							}
						},
						{
							"origin": [-4.44122, 17.52984, -2.47656],
							"size": [0.90234, 2.5, 0.5],
							"pivot": [-4.44122, 17.52984, -2.47656],
							"rotation": [0, 0, 22.5],
							"uv": {
								"north": {"uv": [22, 43], "uv_size": [-1, 7]},
								"east": {"uv": [42.5, 47], "uv_size": [-0.5, 7]},
								"south": {"uv": [23, 43], "uv_size": [-1, 7]},
								"west": {"uv": [41.5, 47], "uv_size": [-0.5, 7]},
								"up": {"uv": [3, 53], "uv_size": [-1, 0.5]},
								"down": {"uv": [54, 2.5], "uv_size": [-1, -0.5]}
							}
						},
						{
							"origin": [-4.44122, 17.52984, 1.97656],
							"size": [0.90234, 2.5, 0.5],
							"pivot": [-4.44122, 17.52984, 2.47656],
							"rotation": [0, 0, 22.5],
							"uv": {
								"north": {"uv": [22, 43], "uv_size": [1, 7]},
								"east": {"uv": [42, 47], "uv_size": [0.5, 7]},
								"south": {"uv": [21, 43], "uv_size": [1, 7]},
								"west": {"uv": [41, 47], "uv_size": [0.5, 7]},
								"up": {"uv": [3, 53.5], "uv_size": [-1, -0.5]},
								"down": {"uv": [54, 2], "uv_size": [-1, 0.5]}
							}
						},
						{
							"origin": [1.48789, 16.64612, -2.47656],
							"size": [0.90234, 2.5, 0.5],
							"pivot": [3.89023, 16.64612, -2.47656],
							"rotation": [0, 0, 22.5],
							"uv": {
								"north": {"uv": [21, 43], "uv_size": [1, 7]},
								"east": {"uv": [41, 47], "uv_size": [0.5, 7]},
								"south": {"uv": [22, 43], "uv_size": [1, 7]},
								"west": {"uv": [42, 47], "uv_size": [0.5, 7]},
								"up": {"uv": [2, 53], "uv_size": [1, 0.5]},
								"down": {"uv": [53, 2.5], "uv_size": [1, -0.5]}
							}
						},
						{
							"origin": [1.48789, 16.64612, 1.97656],
							"size": [0.90234, 2.5, 0.5],
							"pivot": [3.89023, 16.64612, 2.47656],
							"rotation": [0, 0, 22.5],
							"uv": {
								"north": {"uv": [23, 43], "uv_size": [-1, 7]},
								"east": {"uv": [41.5, 47], "uv_size": [-0.5, 7]},
								"south": {"uv": [22, 43], "uv_size": [-1, 7]},
								"west": {"uv": [42.5, 47], "uv_size": [-0.5, 7]},
								"up": {"uv": [2, 53.5], "uv_size": [1, -0.5]},
								"down": {"uv": [53, 2], "uv_size": [1, 0.5]}
							}
						},
						{
							"origin": [-2.39023, 16.64612, -2.47656],
							"size": [0.90234, 2.5, 0.5],
							"pivot": [-3.89023, 16.64612, -2.47656],
							"rotation": [0, 0, -22.5],
							"uv": {
								"north": {"uv": [22, 43], "uv_size": [-1, 7]},
								"east": {"uv": [42.5, 47], "uv_size": [-0.5, 7]},
								"south": {"uv": [23, 43], "uv_size": [-1, 7]},
								"west": {"uv": [41.5, 47], "uv_size": [-0.5, 7]},
								"up": {"uv": [3, 53], "uv_size": [-1, 0.5]},
								"down": {"uv": [54, 2.5], "uv_size": [-1, -0.5]}
							}
						},
						{
							"origin": [-2.39023, 16.64612, 1.97656],
							"size": [0.90234, 2.5, 0.5],
							"pivot": [-3.89023, 16.64612, 2.47656],
							"rotation": [0, 0, -22.5],
							"uv": {
								"north": {"uv": [22, 43], "uv_size": [1, 7]},
								"east": {"uv": [42, 47], "uv_size": [0.5, 7]},
								"south": {"uv": [21, 43], "uv_size": [1, 7]},
								"west": {"uv": [41, 47], "uv_size": [0.5, 7]},
								"up": {"uv": [3, 53.5], "uv_size": [-1, -0.5]},
								"down": {"uv": [54, 2], "uv_size": [-1, 0.5]}
							}
						},
						{
							"origin": [-4.94122, 21.02984, 2.47656],
							"size": [10.40234, 3.5, 3.5],
							"uv": {
								"north": {"uv": [32, 0], "uv_size": [10.5, 3.5]},
								"east": {"uv": [32, 42], "uv_size": [3.5, 3.5]},
								"south": {"uv": [32, 4], "uv_size": [10.5, 3.5]},
								"west": {"uv": [42, 35], "uv_size": [3.5, 3.5]},
								"up": {"uv": [32, 8], "uv_size": [10.5, 3.5]},
								"down": {"uv": [32, 15.5], "uv_size": [10.5, -3.5]}
							}
						},
						{
							"origin": [-2.44122, 18.02984, 2.47656],
							"size": [5.40234, 2.5, 1],
							"uv": {
								"north": {"uv": [40, 20], "uv_size": [5.5, 2.5]},
								"east": {"uv": [40, 32], "uv_size": [1, 2.5]},
								"south": {"uv": [58, 56], "uv_size": [6, 8]},
								"west": {"uv": [34, 48], "uv_size": [1, 2.5]},
								"up": {"uv": [24, 44], "uv_size": [5.5, 1]},
								"down": {"uv": [44, 33], "uv_size": [5.5, -1]}
							}
						},
						{
							"origin": [-3.44122, 24.52984, 2.47656],
							"size": [0.90234, 0, 3.5],
							"uv": {
								"north": {"uv": [53, 5], "uv_size": [1, 0.5]},
								"east": {"uv": [48, 14], "uv_size": [4, 0.5]},
								"south": {"uv": [53, 8], "uv_size": [1, 0.5]},
								"west": {"uv": [48, 15], "uv_size": [4, 0.5]},
								"up": {"uv": [17, 45], "uv_size": [1, 4]},
								"down": {"uv": [18, 49], "uv_size": [1, -4]}
							}
						},
						{
							"origin": [2.53888, 24.52984, 2.47656],
							"size": [0.90234, 0, 3.5],
							"uv": {
								"north": {"uv": [53, 12], "uv_size": [1, 0.5]},
								"east": {"uv": [48, 42], "uv_size": [4, 0.5]},
								"south": {"uv": [53, 13], "uv_size": [1, 0.5]},
								"west": {"uv": [49, 47], "uv_size": [4, 0.5]},
								"up": {"uv": [19, 45], "uv_size": [1, 4]},
								"down": {"uv": [29, 49], "uv_size": [1, -4]}
							}
						},
						{
							"origin": [-3.44122, 21, 2.47656],
							"size": [0.90234, 0, 3.5],
							"uv": {
								"north": {"uv": [53, 14], "uv_size": [1, 0.5]},
								"east": {"uv": [49, 48], "uv_size": [4, 0.5]},
								"south": {"uv": [53, 15], "uv_size": [1, 0.5]},
								"west": {"uv": [49, 49], "uv_size": [4, 0.5]},
								"up": {"uv": [8, 46], "uv_size": [1, 4]},
								"down": {"uv": [9, 50], "uv_size": [1, -4]}
							}
						},
						{
							"origin": [2.53888, 21, 2.47656],
							"size": [0.90234, 0, 3.5],
							"uv": {
								"north": {"uv": [53, 16], "uv_size": [1, 0.5]},
								"east": {"uv": [7, 50], "uv_size": [4, 0.5]},
								"south": {"uv": [23, 53], "uv_size": [1, 0.5]},
								"west": {"uv": [17, 50], "uv_size": [4, 0.5]},
								"up": {"uv": [10, 46], "uv_size": [1, 4]},
								"down": {"uv": [24, 50], "uv_size": [1, -4]}
							}
						},
						{
							"origin": [-3.44122, 21.02984, 5.97656],
							"size": [0.90234, 3.5, 0],
							"uv": {
								"north": {"uv": [47, 47], "uv_size": [1, 3.5]},
								"east": {"uv": [29, 49], "uv_size": [0.5, 3.5]},
								"south": {"uv": [23, 48], "uv_size": [1, 3.5]},
								"west": {"uv": [21, 50], "uv_size": [0.5, 3.5]},
								"up": {"uv": [53, 26], "uv_size": [1, 0.5]},
								"down": {"uv": [53, 27.5], "uv_size": [1, -0.5]}
							}
						},
						{
							"origin": [2.53888, 21.02984, 5.97656],
							"size": [0.90234, 3.5, 0],
							"uv": {
								"north": {"uv": [32, 48], "uv_size": [1, 3.5]},
								"east": {"uv": [22, 50], "uv_size": [0.5, 3.5]},
								"south": {"uv": [33, 48], "uv_size": [1, 3.5]},
								"west": {"uv": [24, 50], "uv_size": [0.5, 3.5]},
								"up": {"uv": [29, 53], "uv_size": [1, 0.5]},
								"down": {"uv": [32, 53.5], "uv_size": [1, -0.5]}
							}
						},
						{
							"origin": [2.55878, 23.52984, -1.97656],
							"size": [0.90234, 1, 4],
							"uv": {
								"north": {"uv": [30, 36], "uv_size": [1, 1]},
								"east": {"uv": [25, 46], "uv_size": [4, 1]},
								"south": {"uv": [31, 36], "uv_size": [1, 1]},
								"west": {"uv": [32, 46], "uv_size": [4, 1]},
								"up": {"uv": [25, 47], "uv_size": [1, 4]},
								"down": {"uv": [26, 51], "uv_size": [1, -4]}
							}
						},
						{
							"origin": [-3.46112, 23.52984, -1.97656],
							"size": [0.90234, 1, 4],
							"uv": {
								"north": {"uv": [30, 37], "uv_size": [1, 1]},
								"east": {"uv": [47, 8], "uv_size": [4, 1]},
								"south": {"uv": [31, 37], "uv_size": [1, 1]},
								"west": {"uv": [32, 47], "uv_size": [4, 1]},
								"up": {"uv": [27, 47], "uv_size": [1, 4]},
								"down": {"uv": [28, 51], "uv_size": [1, -4]}
							}
						},
						{
							"origin": [-4.5125, 15.85938, -2.96875],
							"size": [2.2, 3.38281, 0.5],
							"uv": {
								"north": {"uv": [58, 56], "uv_size": [6, 8]},
								"east": {"uv": [36, 50], "uv_size": [0.5, 3.5]},
								"south": {"uv": [41, 43], "uv_size": [2, 3.5]},
								"west": {"uv": [37, 50], "uv_size": [0.5, 3.5]},
								"up": {"uv": [50, 44], "uv_size": [2, 0.5]},
								"down": {"uv": [50, 45.5], "uv_size": [2, -0.5]}
							}
						},
						{
							"origin": [2.3125, 15.85938, -2.96875],
							"size": [2.2, 3.38281, 0.5],
							"uv": {
								"north": {"uv": [58, 56], "uv_size": [6, 8]},
								"east": {"uv": [38, 50], "uv_size": [0.5, 3.5]},
								"south": {"uv": [44, 16], "uv_size": [2, 3.5]},
								"west": {"uv": [49, 50], "uv_size": [0.5, 3.5]},
								"up": {"uv": [51, 8], "uv_size": [2, 0.5]},
								"down": {"uv": [51, 12.5], "uv_size": [2, -0.5]}
							}
						},
						{
							"origin": [-4.5125, 15.35938, 2.30859],
							"size": [2.2, 2.38281, 0.5],
							"uv": {
								"north": {"uv": [40, 35], "uv_size": [2, 2.5]},
								"east": {"uv": [47, 51], "uv_size": [0.5, 2.5]},
								"south": {"uv": [45, 6], "uv_size": [2, 2.5]},
								"west": {"uv": [51, 50], "uv_size": [0.5, 2.5]},
								"up": {"uv": [51, 13], "uv_size": [2, 0.5]},
								"down": {"uv": [51, 16.5], "uv_size": [2, -0.5]}
							}
						},
						{
							"origin": [-3.7, 17.8, 2.30859],
							"size": [0.7, 0.38281, 0.5],
							"uv": {
								"north": {"uv": [53, 46], "uv_size": [0.5, 0.5]},
								"east": {"uv": [53, 47], "uv_size": [0.5, 0.5]},
								"south": {"uv": [48, 53], "uv_size": [0.5, 0.5]},
								"west": {"uv": [53, 48], "uv_size": [0.5, 0.5]},
								"up": {"uv": [53, 49], "uv_size": [0.5, 0.5]},
								"down": {"uv": [50, 53.5], "uv_size": [0.5, -0.5]}
							}
						}
					]
				},
				{
					"name": "RightArm",
					"pivot": [-5, 22, 0],
					"cubes": [
						{
							"origin": [-7.88281, 12, -2.07812],
							"size": [4, 12, 4],
							"inflate": 0.25,
							"uv": {
								"north": {"uv": [0, 19], "uv_size": [4, 12]},
								"east": {"uv": [4, 19], "uv_size": [4, 12]},
								"south": {"uv": [8, 19], "uv_size": [4, 12]},
								"west": {"uv": [12, 19], "uv_size": [4, 12]},
								"up": {"uv": [37, 28], "uv_size": [4, 4]},
								"down": {"uv": [11, 42], "uv_size": [4, -4]}
							}
						},
						{
							"origin": [-8.5, 12.5, -2],
							"size": [0.5, 1, 4],
							"uv": {
								"north": {"uv": [53, 60], "uv_size": [3, 3]},
								"east": {"uv": [55, 61], "uv_size": [0.5, 1]},
								"south": {"uv": [53, 60], "uv_size": [3, 3]},
								"west": {"uv": [53, 60], "uv_size": [3, 3]},
								"up": {"uv": [56, 62], "uv_size": [-3, -2]},
								"down": {"uv": [56, 62], "uv_size": [-3, -2]}
							}
						},
						{
							"origin": [-4, 12.5, -2],
							"size": [0.5, 1, 4],
							"uv": {
								"north": {"uv": [53, 60], "uv_size": [3, 3]},
								"east": {"uv": [55, 61], "uv_size": [0.5, 1]},
								"south": {"uv": [53, 60], "uv_size": [3, 3]},
								"west": {"uv": [53, 60], "uv_size": [3, 3]},
								"up": {"uv": [56, 62], "uv_size": [-3, -2]},
								"down": {"uv": [56, 62], "uv_size": [-3, -2]}
							}
						},
						{
							"origin": [-8.5, 12.5, 2],
							"size": [5, 1, 0.5],
							"uv": {
								"north": {"uv": [53, 60], "uv_size": [3, 3]},
								"east": {"uv": [55, 61], "uv_size": [0.5, 1]},
								"south": {"uv": [53, 60], "uv_size": [3, 3]},
								"west": {"uv": [53, 60], "uv_size": [3, 3]},
								"up": {"uv": [56, 62], "uv_size": [-3, -2]},
								"down": {"uv": [56, 62], "uv_size": [-3, -2]}
							}
						},
						{
							"origin": [-8.5, 12.5, -2.5],
							"size": [5, 1, 0.5],
							"uv": {
								"north": {"uv": [53, 60], "uv_size": [3, 3]},
								"east": {"uv": [55, 61], "uv_size": [0.5, 1]},
								"south": {"uv": [53, 60], "uv_size": [3, 3]},
								"west": {"uv": [53, 60], "uv_size": [3, 3]},
								"up": {"uv": [56, 62], "uv_size": [-3, -2]},
								"down": {"uv": [56, 62], "uv_size": [-3, -2]}
							}
						}
					]
				},
				{
					"name": "LeftArm",
					"pivot": [5, 22, 0],
					"cubes": [
						{
							"origin": [3.96484, 12, -2.07031],
							"size": [4, 12, 4],
							"inflate": 0.25,
							"uv": {
								"north": {"uv": [20, 0], "uv_size": [4, 12]},
								"east": {"uv": [20, 12], "uv_size": [4, 12]},
								"south": {"uv": [24, 0], "uv_size": [4, 12]},
								"west": {"uv": [24, 12], "uv_size": [4, 12]},
								"up": {"uv": [30, 38], "uv_size": [4, 4]},
								"down": {"uv": [34, 42], "uv_size": [4, -4]}
							}
						},
						{
							"origin": [3.5, 12.5, -2.5],
							"size": [5, 1, 0.5],
							"uv": {
								"north": {"uv": [53, 60], "uv_size": [3, 3]},
								"east": {"uv": [55, 61], "uv_size": [0.5, 1]},
								"south": {"uv": [53, 60], "uv_size": [3, 3]},
								"west": {"uv": [53, 60], "uv_size": [3, 3]},
								"up": {"uv": [56, 62], "uv_size": [-3, -2]},
								"down": {"uv": [56, 62], "uv_size": [-3, -2]}
							}
						},
						{
							"origin": [3.5, 12.5, 2],
							"size": [5, 1, 0.5],
							"uv": {
								"north": {"uv": [53, 60], "uv_size": [3, 3]},
								"east": {"uv": [55, 61], "uv_size": [0.5, 1]},
								"south": {"uv": [53, 60], "uv_size": [3, 3]},
								"west": {"uv": [53, 60], "uv_size": [3, 3]},
								"up": {"uv": [56, 62], "uv_size": [-3, -2]},
								"down": {"uv": [56, 62], "uv_size": [-3, -2]}
							}
						},
						{
							"origin": [8, 12.5, -2],
							"size": [0.5, 1, 4],
							"uv": {
								"north": {"uv": [53, 60], "uv_size": [3, 3]},
								"east": {"uv": [55, 61], "uv_size": [0.5, 1]},
								"south": {"uv": [53, 60], "uv_size": [3, 3]},
								"west": {"uv": [53, 60], "uv_size": [3, 3]},
								"up": {"uv": [56, 62], "uv_size": [-3, -2]},
								"down": {"uv": [56, 62], "uv_size": [-3, -2]}
							}
						},
						{
							"origin": [3.5, 12.5, -2],
							"size": [0.5, 1, 4],
							"uv": {
								"north": {"uv": [53, 60], "uv_size": [3, 3]},
								"east": {"uv": [55, 61], "uv_size": [0.5, 1]},
								"south": {"uv": [53, 60], "uv_size": [3, 3]},
								"west": {"uv": [53, 60], "uv_size": [3, 3]},
								"up": {"uv": [56, 62], "uv_size": [-3, -2]},
								"down": {"uv": [56, 62], "uv_size": [-3, -2]}
							}
						}
					]
				},
				{
					"name": "RightLeg",
					"pivot": [-1.9, 12, 0],
					"cubes": [
						{
							"origin": [-3.92344, 0, -2.02734],
							"size": [4, 12, 4],
							"inflate": 0.25,
							"uv": {
								"north": {"uv": [16, 24], "uv_size": [4, 12]},
								"east": {"uv": [20, 24], "uv_size": [4, 12]},
								"south": {"uv": [24, 24], "uv_size": [4, 12]},
								"west": {"uv": [28, 0], "uv_size": [4, 12]},
								"up": {"uv": [38, 38], "uv_size": [4, 4]},
								"down": {"uv": [15, 43], "uv_size": [4, -4]}
							}
						}
					]
				},
				{
					"name": "LeftLeg",
					"pivot": [1.9, 12, 0],
					"cubes": [
						{
							"origin": [-0.03359, 0, -2.03516],
							"size": [4, 12, 4],
							"inflate": 0.25,
							"uv": {
								"north": {"uv": [28, 12], "uv_size": [4, 12]},
								"east": {"uv": [28, 24], "uv_size": [4, 12]},
								"south": {"uv": [0, 31], "uv_size": [4, 12]},
								"west": {"uv": [4, 31], "uv_size": [4, 12]},
								"up": {"uv": [19, 39], "uv_size": [4, 4]},
								"down": {"uv": [40, 20], "uv_size": [4, -4]}
							}
						}
					]
				}
			]
		}
	]
}