{
	"format_version": "1.12.0",
	"minecraft:geometry": [
		{
			"description": {
				"identifier": "geometry.german_uniform",
				"texture_width": 64,
				"texture_height": 64,
				"visible_bounds_width": 3,
				"visible_bounds_height": 4.5,
				"visible_bounds_offset": [0, 1.75, 0]
			},
			"bones": [
				{
					"name": "Head",
					"pivot": [0, 24, 0]
				},
				{
					"name": "Helmet",
					"parent": "Head",
					"pivot": [0, 23.5, 0.5],
					"cubes": [
						{
							"origin": [-3.5, 32.5, -3.5],
							"size": [7, 1, 7],
							"uv": {
								"north": {"uv": [17, 11], "uv_size": [0, 0]},
								"east": {"uv": [20, 11], "uv_size": [2, 1]},
								"south": {"uv": [18, 12], "uv_size": [3, 1]},
								"west": {"uv": [17, 11], "uv_size": [5, 1]},
								"up": {"uv": [32, 16], "uv_size": [-7, -5]},
								"down": {"uv": [22, 15], "uv_size": [-5, -3]}
							}
						},
						{
							"origin": [-4, 28.63557, -11.04769],
							"size": [8, 2.5, 0.5],
							"pivot": [0, -0.10822, 0.98815],
							"rotation": [-12.5, 0, 0],
							"uv": {
								"north": {"uv": [25, 11], "uv_size": [7, 5]},
								"east": {"uv": [20.5, 10], "uv_size": [-0.5, 2.5]},
								"south": {"uv": [21, 11], "uv_size": [0, 0]},
								"west": {"uv": [19.5, 11], "uv_size": [-0.5, 2.5]},
								"up": {"uv": [20, 11], "uv_size": [0, 1]},
								"down": {"uv": [21, 11], "uv_size": [-1, 1]}
							}
						},
						{
							"origin": [-4, 28.96023, 10.55955],
							"size": [8, 2.5, 0.5],
							"pivot": [0, 0, 0.5],
							"rotation": [12.5, 0, 0],
							"uv": {
								"north": {"uv": [19, 13], "uv_size": [1, 0]},
								"east": {"uv": [19, 9], "uv_size": [0.5, 2.5]},
								"south": {"uv": [25, 11], "uv_size": [7, 5]},
								"west": {"uv": [20, 12], "uv_size": [0.5, 2.5]},
								"up": {"uv": [21, 12], "uv_size": [-2, -1]},
								"down": {"uv": [19, 12], "uv_size": [-1, -1]}
							}
						},
						{
							"origin": [11.00621, 26.85297, 10.55954],
							"size": [1, 2.5, 0.5],
							"pivot": [0, 0, 0.5],
							"rotation": [12.08681, 3.21132, -14.65993],
							"uv": {
								"north": {"uv": [22, 12], "uv_size": [0.5, 2.5]},
								"east": {"uv": [18, 11], "uv_size": [0.5, 2.5]},
								"south": {"uv": [20, 12], "uv_size": [0.5, 2.5]},
								"west": {"uv": [19, 10], "uv_size": [0.5, 2.5]},
								"up": {"uv": [20.5, 11.5], "uv_size": [-0.5, -0.5]},
								"down": {"uv": [20.5, 12.5], "uv_size": [-0.5, -0.5]}
							}
						},
						{
							"origin": [10.95019, 26.53569, -11.04769],
							"size": [1, 2.5, 0.5],
							"pivot": [0, -0.10822, 0.98815],
							"rotation": [-12.08681, -3.21132, -14.65993],
							"uv": {
								"north": {"uv": [20.5, 11], "uv_size": [-0.5, 2.5]},
								"east": {"uv": [22.5, 10], "uv_size": [-0.5, 2.5]},
								"south": {"uv": [20.5, 9], "uv_size": [-0.5, 2.5]},
								"west": {"uv": [21, 12], "uv_size": [0, 0]},
								"up": {"uv": [20.5, 13], "uv_size": [-0.5, 0.5]},
								"down": {"uv": [20.5, 11], "uv_size": [-0.5, 0.5]}
							}
						},
						{
							"origin": [-12.00621, 26.85297, 10.55954],
							"size": [1, 2.5, 0.5],
							"pivot": [0, 0, 0.5],
							"rotation": [12.08681, -3.21132, 14.65993],
							"uv": {
								"north": {"uv": [19.5, 11], "uv_size": [-0.5, 2.5]},
								"east": {"uv": [23.5, 10], "uv_size": [-0.5, 2.5]},
								"south": {"uv": [19, 13], "uv_size": [-0.5, 2.5]},
								"west": {"uv": [20.5, 11], "uv_size": [-0.5, 2.5]},
								"up": {"uv": [20, 11.5], "uv_size": [0.5, -0.5]},
								"down": {"uv": [20, 12.5], "uv_size": [0.5, -0.5]}
							}
						},
						{
							"origin": [-11.95019, 26.53569, -11.04769],
							"size": [1, 2.5, 0.5],
							"pivot": [0, -0.10822, 0.98815],
							"rotation": [-12.08681, 3.21132, 14.65993],
							"uv": {
								"north": {"uv": [18, 12], "uv_size": [0.5, 2.5]},
								"east": {"uv": [19, 10], "uv_size": [0.5, 2.5]},
								"south": {"uv": [18, 11], "uv_size": [0.5, 2.5]},
								"west": {"uv": [18, 11], "uv_size": [0.5, 2.5]},
								"up": {"uv": [20, 11], "uv_size": [0.5, 0.5]},
								"down": {"uv": [19, 12], "uv_size": [0.5, 0.5]}
							}
						},
						{
							"origin": [28.34028, 11.90473, -4],
							"size": [2.5, 0.5, 8],
							"pivot": [0, 0, 0.5],
							"rotation": [0, 0, -75],
							"uv": {
								"north": {"uv": [20, 10], "uv_size": [2.5, 0.5]},
								"east": {"uv": [18, 11], "uv_size": [2, 1]},
								"south": {"uv": [18, 12], "uv_size": [2.5, 0.5]},
								"west": {"uv": [19, 13], "uv_size": [1, 1]},
								"up": {"uv": [22, 14], "uv_size": [-6, -8]},
								"down": {"uv": [20, 12], "uv_size": [-1, -1]}
							}
						},
						{
							"origin": [-30.84028, 11.90473, -4],
							"size": [2.5, 0.5, 8],
							"pivot": [0, 0, 0.5],
							"rotation": [0, 0, 75],
							"uv": {
								"north": {"uv": [18, 12], "uv_size": [2.5, 0.5]},
								"east": {"uv": [18, 12], "uv_size": [2, 0]},
								"south": {"uv": [18, 12], "uv_size": [2.5, 0.5]},
								"west": {"uv": [19, 12], "uv_size": [1, 0]},
								"up": {"uv": [32, 16], "uv_size": [-7, -5]},
								"down": {"uv": [21, 15], "uv_size": [-2, -2]}
							}
						},
						{
							"origin": [3.29497, 32.50503, -3.5],
							"size": [0.7, 0.5, 7],
							"pivot": [3.99497, 33.00503, -4],
							"rotation": [0, 0, 45],
							"uv": {
								"north": {"uv": [18, 12], "uv_size": [2.5, 0.5]},
								"east": {"uv": [18, 12], "uv_size": [2, 0]},
								"south": {"uv": [18, 12], "uv_size": [2.5, 0.5]},
								"west": {"uv": [19, 12], "uv_size": [1, 0]},
								"up": {"uv": [32, 16], "uv_size": [-7, -5]},
								"down": {"uv": [21, 15], "uv_size": [-2, -2]}
							}
						},
						{
							"origin": [-3.99497, 32.50503, -3.5],
							"size": [0.7, 0.5, 7],
							"pivot": [-3.99497, 33.00503, -4],
							"rotation": [0, 0, -45],
							"uv": {
								"north": {"uv": [20.5, 12], "uv_size": [-2.5, 0.5]},
								"east": {"uv": [20, 12], "uv_size": [-1, 0]},
								"south": {"uv": [20.5, 12], "uv_size": [-2.5, 0.5]},
								"west": {"uv": [20, 12], "uv_size": [-2, 0]},
								"up": {"uv": [25, 16], "uv_size": [7, -5]},
								"down": {"uv": [19, 15], "uv_size": [2, -2]}
							}
						},
						{
							"origin": [-3.5, 32.94465, -3.92613],
							"size": [7, 0.7, 0.5],
							"pivot": [4, 32.94465, -3.92613],
							"rotation": [-37.5, 0, 0],
							"uv": {
								"north": {"uv": [20.5, 12], "uv_size": [-2.5, 0.5]},
								"east": {"uv": [20, 12], "uv_size": [-1, 0]},
								"south": {"uv": [20.5, 12], "uv_size": [-2.5, 0.5]},
								"west": {"uv": [20, 12], "uv_size": [-2, 0]},
								"up": {"uv": [25, 16], "uv_size": [7, -5]},
								"down": {"uv": [19, 15], "uv_size": [2, -2]}
							}
						},
						{
							"origin": [3.34967, 33.0381, -3.89291],
							"size": [0.5, 0.7, 0.5],
							"pivot": [3.84967, 33.0381, -3.89291],
							"rotation": [-36.10502, -17.72091, -24.60981],
							"uv": {
								"north": {"uv": [20.5, 12], "uv_size": [-2.5, 0.5]},
								"east": {"uv": [20, 12], "uv_size": [-1, 0]},
								"south": {"uv": [20.5, 12], "uv_size": [-2.5, 0.5]},
								"west": {"uv": [20, 12], "uv_size": [-2, 0]},
								"up": {"uv": [25, 16], "uv_size": [7, -5]},
								"down": {"uv": [19, 15], "uv_size": [2, -2]}
							}
						},
						{
							"origin": [3.34967, 33.0381, 3.39291],
							"size": [0.5, 0.7, 0.5],
							"pivot": [3.84967, 33.0381, 3.89291],
							"rotation": [36.10502, 17.72091, -24.60981],
							"uv": {
								"north": {"uv": [18, 12], "uv_size": [2.5, 0.5]},
								"east": {"uv": [19, 12], "uv_size": [1, 0]},
								"south": {"uv": [18, 12], "uv_size": [2.5, 0.5]},
								"west": {"uv": [18, 12], "uv_size": [2, 0]},
								"up": {"uv": [25, 11], "uv_size": [7, 5]},
								"down": {"uv": [19, 13], "uv_size": [2, 2]}
							}
						},
						{
							"origin": [-3.84967, 33.0381, 3.39291],
							"size": [0.5, 0.7, 0.5],
							"pivot": [-3.84967, 33.0381, 3.89291],
							"rotation": [36.10502, -17.72091, 24.60981],
							"uv": {
								"north": {"uv": [20.5, 12], "uv_size": [-2.5, 0.5]},
								"east": {"uv": [20, 12], "uv_size": [-2, 0]},
								"south": {"uv": [20.5, 12], "uv_size": [-2.5, 0.5]},
								"west": {"uv": [20, 12], "uv_size": [-1, 0]},
								"up": {"uv": [32, 11], "uv_size": [-7, 5]},
								"down": {"uv": [21, 13], "uv_size": [-2, 2]}
							}
						},
						{
							"origin": [-3.84967, 33.0381, -3.89291],
							"size": [0.5, 0.7, 0.5],
							"pivot": [-3.84967, 33.0381, -3.89291],
							"rotation": [-36.10502, 17.72091, 24.60981],
							"uv": {
								"north": {"uv": [18, 12], "uv_size": [2.5, 0.5]},
								"east": {"uv": [18, 12], "uv_size": [2, 0]},
								"south": {"uv": [18, 12], "uv_size": [2.5, 0.5]},
								"west": {"uv": [19, 12], "uv_size": [1, 0]},
								"up": {"uv": [32, 16], "uv_size": [-7, -5]},
								"down": {"uv": [21, 15], "uv_size": [-2, -2]}
							}
						},
						{
							"origin": [-3.5, 32.94465, 3.42613],
							"size": [7, 0.7, 0.5],
							"pivot": [4, 32.94465, 3.92613],
							"rotation": [37.5, 0, 0],
							"uv": {
								"north": {"uv": [18, 12], "uv_size": [2.5, 0.5]},
								"east": {"uv": [19, 12], "uv_size": [1, 0]},
								"south": {"uv": [18, 12], "uv_size": [2.5, 0.5]},
								"west": {"uv": [18, 12], "uv_size": [2, 0]},
								"up": {"uv": [25, 11], "uv_size": [7, 5]},
								"down": {"uv": [19, 13], "uv_size": [2, 2]}
							}
						},
						{
							"origin": [-30.58519, -4.64705, -4.5],
							"size": [2, 0.5, 8.5],
							"pivot": [0, 0, 0.5],
							"rotation": [0, 0, 90],
							"uv": {
								"north": {"uv": [19, 12], "uv_size": [0, 0]},
								"east": {"uv": [19, 11], "uv_size": [0, 1]},
								"south": {"uv": [18, 11], "uv_size": [0, 1]},
								"west": {"uv": [19, 11], "uv_size": [0, 1]},
								"up": {"uv": [19, 12], "uv_size": [0, 0]},
								"down": {"uv": [31, 16], "uv_size": [-5, -4]}
							}
						},
						{
							"origin": [-30.58519, -4.64705, 4],
							"size": [2, 9.25, 0.5],
							"pivot": [0, 0, 0.5],
							"rotation": [0, 0, 90],
							"uv": {
								"north": {"uv": [18, 11], "uv_size": [0, 1]},
								"east": {"uv": [19, 11], "uv_size": [0, 1]},
								"south": {"uv": [19, 12], "uv_size": [0, 0]},
								"west": {"uv": [19, 11], "uv_size": [0, 1]},
								"up": {"uv": [19, 12], "uv_size": [0, 0]},
								"down": {"uv": [19, 11], "uv_size": [-1, 0]}
							}
						},
						{
							"origin": [-30.58519, -4.14705, -4.5],
							"size": [2, 8.25, 0.5],
							"pivot": [0, 0, 0.5],
							"rotation": [0, 0, 90],
							"uv": {
								"north": {"uv": [25, 11], "uv_size": [7, 5]},
								"east": {"uv": [19, 11], "uv_size": [0, 1]},
								"south": {"uv": [18, 11], "uv_size": [0, 1]},
								"west": {"uv": [19, 11], "uv_size": [0, 1]},
								"up": {"uv": [19, 12], "uv_size": [0, 0]},
								"down": {"uv": [19, 11], "uv_size": [-1, 0]}
							}
						},
						{
							"origin": [-0.96502, 24.35985, -4.60567],
							"size": [1.5, 8.8, 0.5],
							"pivot": [-0.21502, 28.48485, -4.35567],
							"rotation": [180, -27.5, -90],
							"uv": {
								"north": {"uv": [25, 11], "uv_size": [7, 5]},
								"east": {"uv": [19, 11], "uv_size": [0, 1]},
								"south": {"uv": [18, 11], "uv_size": [0, 1]},
								"west": {"uv": [19, 11], "uv_size": [0, 1]},
								"up": {"uv": [19, 12], "uv_size": [0, 0]},
								"down": {"uv": [19, 11], "uv_size": [-1, 0]}
							}
						},
						{
							"origin": [-23.77413, -4.50284, 16.80353],
							"size": [2, 9.2, 0.5],
							"pivot": [-0.03487, 0.14421, 0.49982],
							"rotation": [0, -27.5, 90],
							"uv": {
								"north": {"uv": [18, 11], "uv_size": [0, 1]},
								"east": {"uv": [19, 11], "uv_size": [0, 1]},
								"south": {"uv": [19, 12], "uv_size": [0, 0]},
								"west": {"uv": [19, 11], "uv_size": [0, 1]},
								"up": {"uv": [19, 12], "uv_size": [0, 0]},
								"down": {"uv": [19, 11], "uv_size": [-1, 0]}
							}
						},
						{
							"origin": [28.58519, -4.64705, -4.5],
							"size": [2, 0.5, 8.5],
							"pivot": [0, 0, 0.5],
							"rotation": [0, 0, -90],
							"uv": {
								"north": {"uv": [19, 12], "uv_size": [0, 0]},
								"east": {"uv": [19, 11], "uv_size": [0, 1]},
								"south": {"uv": [18, 11], "uv_size": [0, 1]},
								"west": {"uv": [19, 11], "uv_size": [0, 1]},
								"up": {"uv": [19, 12], "uv_size": [0, 0]},
								"down": {"uv": [22, 13], "uv_size": [1, 0]}
							}
						},
						{
							"origin": [-4.87793, 28.5287, 1],
							"size": [2, 0.5, 3.5],
							"pivot": [-4.64705, 28.58519, 4.5],
							"rotation": [0, 0, 105],
							"uv": {
								"north": {"uv": [19, 12], "uv_size": [0, 0]},
								"east": {"uv": [19, 11], "uv_size": [0, 1]},
								"south": {"uv": [18, 11], "uv_size": [0, 1]},
								"west": {"uv": [19, 11], "uv_size": [0, 1]},
								"up": {"uv": [19, 12], "uv_size": [0, 0]},
								"down": {"uv": [31, 15], "uv_size": [-4, -3]}
							}
						},
						{
							"origin": [2.87793, 28.5287, 1],
							"size": [2, 0.5, 3.5],
							"pivot": [4.64705, 28.58519, 4.5],
							"rotation": [0, 0, -105],
							"uv": {
								"north": {"uv": [19, 12], "uv_size": [0, 0]},
								"east": {"uv": [19, 11], "uv_size": [0, 1]},
								"south": {"uv": [18, 11], "uv_size": [0, 1]},
								"west": {"uv": [19, 11], "uv_size": [0, 1]},
								"up": {"uv": [19, 12], "uv_size": [0, 0]},
								"down": {"uv": [27, 15], "uv_size": [4, -3]}
							}
						},
						{
							"origin": [-4.87793, 28.5287, -4.5],
							"size": [1, 0.5, 5],
							"pivot": [-4.64705, 28.58519, 4.5],
							"rotation": [0, 0, 105],
							"uv": {
								"north": {"uv": [19, 12], "uv_size": [0, 0]},
								"east": {"uv": [19, 11], "uv_size": [0, 1]},
								"south": {"uv": [18, 11], "uv_size": [0, 1]},
								"west": {"uv": [19, 11], "uv_size": [0, 1]},
								"up": {"uv": [19, 12], "uv_size": [0, 0]},
								"down": {"uv": [31, 15], "uv_size": [-4, -3]}
							}
						},
						{
							"origin": [3.87793, 28.5287, -4.5],
							"size": [1, 0.5, 5],
							"pivot": [4.64705, 28.58519, 4.5],
							"rotation": [0, 0, -105],
							"uv": {
								"north": {"uv": [19, 12], "uv_size": [0, 0]},
								"east": {"uv": [19, 11], "uv_size": [0, 1]},
								"south": {"uv": [18, 11], "uv_size": [0, 1]},
								"west": {"uv": [19, 11], "uv_size": [0, 1]},
								"up": {"uv": [19, 12], "uv_size": [0, 0]},
								"down": {"uv": [27, 15], "uv_size": [4, -3]}
							}
						},
						{
							"origin": [-5.62035, 27.64596, -4.96187],
							"size": [1, 0.5, 0.5],
							"pivot": [-4.62035, 27.89596, -4.71187],
							"rotation": [-2.5, 27.5, 105],
							"uv": {
								"north": {"uv": [19, 12], "uv_size": [0, 0]},
								"east": {"uv": [19, 11], "uv_size": [0, 1]},
								"south": {"uv": [18, 11], "uv_size": [0, 1]},
								"west": {"uv": [19, 11], "uv_size": [0, 1]},
								"up": {"uv": [19, 12], "uv_size": [0, 0]},
								"down": {"uv": [31, 15], "uv_size": [-4, -3]}
							}
						},
						{
							"origin": [4.62035, 27.64596, -4.96187],
							"size": [1, 0.5, 0.5],
							"pivot": [4.62035, 27.89596, -4.71187],
							"rotation": [-2.5, -27.5, -105],
							"uv": {
								"north": {"uv": [19, 12], "uv_size": [0, 0]},
								"east": {"uv": [19, 11], "uv_size": [0, 1]},
								"south": {"uv": [18, 11], "uv_size": [0, 1]},
								"west": {"uv": [19, 11], "uv_size": [0, 1]},
								"up": {"uv": [19, 12], "uv_size": [0, 0]},
								"down": {"uv": [27, 15], "uv_size": [4, -3]}
							}
						},
						{
							"origin": [4.79841, 26.89719, 4.40495],
							"size": [2, 0.5, 1],
							"pivot": [4.79841, 27.14719, 5.15495],
							"rotation": [2.5, 27.5, -105],
							"uv": {
								"north": {"uv": [18, 11], "uv_size": [0, 1]},
								"east": {"uv": [19, 11], "uv_size": [0, 1]},
								"south": {"uv": [19, 12], "uv_size": [0, 0]},
								"west": {"uv": [19, 11], "uv_size": [0, 1]},
								"up": {"uv": [19, 12], "uv_size": [0, 0]},
								"down": {"uv": [27, 12], "uv_size": [4, 3]}
							}
						},
						{
							"origin": [-6.79841, 26.89719, 4.40495],
							"size": [2, 0.5, 1],
							"pivot": [-4.79841, 27.14719, 5.15495],
							"rotation": [2.5, -27.5, 105],
							"uv": {
								"north": {"uv": [18, 11], "uv_size": [0, 1]},
								"east": {"uv": [19, 11], "uv_size": [0, 1]},
								"south": {"uv": [19, 12], "uv_size": [0, 0]},
								"west": {"uv": [19, 11], "uv_size": [0, 1]},
								"up": {"uv": [19, 12], "uv_size": [0, 0]},
								"down": {"uv": [31, 12], "uv_size": [-4, 3]}
							}
						},
						{
							"origin": [-5.28113, 28.16055, -0.91353],
							"size": [1.5, 0.5, 3],
							"pivot": [-4.53113, 28.41055, 0.58647],
							"rotation": [-1.69208, 48.97354, 102.16019],
							"uv": {
								"north": {"uv": [18, 11], "uv_size": [0, 1]},
								"east": {"uv": [19, 11], "uv_size": [0, 1]},
								"south": {"uv": [19, 12], "uv_size": [0, 0]},
								"west": {"uv": [19, 11], "uv_size": [0, 1]},
								"up": {"uv": [19, 12], "uv_size": [0, 0]},
								"down": {"uv": [19, 11], "uv_size": [-1, 0]}
							}
						},
						{
							"origin": [3.78113, 28.16055, -0.91353],
							"size": [1.5, 0.5, 3],
							"pivot": [4.53113, 28.41055, 0.58647],
							"rotation": [-1.69208, -48.97354, -102.16019],
							"uv": {
								"north": {"uv": [18, 11], "uv_size": [0, 1]},
								"east": {"uv": [19, 11], "uv_size": [0, 1]},
								"south": {"uv": [19, 12], "uv_size": [0, 0]},
								"west": {"uv": [19, 11], "uv_size": [0, 1]},
								"up": {"uv": [19, 12], "uv_size": [0, 0]},
								"down": {"uv": [18, 11], "uv_size": [1, 0]}
							}
						}
					]
				},
				{
					"name": "Body",
					"pivot": [0, 24, 0],
					"cubes": [
						{
							"origin": [-4, 12, -1.97656],
							"size": [8, 12, 4],
							"inflate": 0.25,
							"uv": {
								"north": {"uv": [20, 36], "uv_size": [8, 12]},
								"east": {"uv": [16, 36], "uv_size": [4, 12]},
								"south": {"uv": [32, 36], "uv_size": [8, 12]},
								"west": {"uv": [28, 36], "uv_size": [4, 12]},
								"up": {"uv": [20, 32], "uv_size": [8, 4]},
								"down": {"uv": [28, 36], "uv_size": [8, -4]}
							}
						}
					]
				},
				{
					"name": "Vest",
					"parent": "Body",
					"pivot": [-0.5, 24.5, -4.97656],
					"cubes": [
						{
							"origin": [-4.44941, 16.52202, -2.03516],
							"size": [0.22656, 0.98438, 4.35156],
							"uv": {
								"north": {"uv": [30, 0], "uv_size": [2, 1]},
								"east": {"uv": [32, 0], "uv_size": [0.5, 1]},
								"south": {"uv": [8, 0], "uv_size": [8.90234, 1]},
								"west": {"uv": [31, 0], "uv_size": [0.5, 1]},
								"up": {"uv": [35.90234, 0.5], "uv_size": [-8.90234, -0.5]},
								"down": {"uv": [8.90234, 0.5], "uv_size": [-8.90234, -0.5]}
							}
						},
						{
							"origin": [-4.46112, 16.52984, -2.47656],
							"size": [8.90234, 1, 0.5],
							"uv": {
								"north": {"uv": [27, 0], "uv_size": [8.90234, 1]},
								"east": {"uv": [33, 0], "uv_size": [0.5, 1]},
								"south": {"uv": [27, 0], "uv_size": [8.90234, 1]},
								"west": {"uv": [33, 0], "uv_size": [0.5, 1]},
								"up": {"uv": [35.90234, 0.5], "uv_size": [-8.90234, -0.5]},
								"down": {"uv": [36, 0], "uv_size": [-9, 0]}
							}
						},
						{
							"origin": [-3.46112, 17.52984, -2.47656],
							"size": [0.90234, 7, 0.5],
							"uv": {
								"north": {"uv": [27, 0], "uv_size": [8.90234, 1]},
								"east": {"uv": [33, 0], "uv_size": [0.5, 1]},
								"south": {"uv": [27, 0], "uv_size": [8.90234, 1]},
								"west": {"uv": [33, 0], "uv_size": [0.5, 1]},
								"up": {"uv": [35.90234, 0.5], "uv_size": [-8.90234, -0.5]},
								"down": {"uv": [36, 0], "uv_size": [-9, 0]}
							}
						},
						{
							"origin": [-0.46112, 17.52984, 1.97656],
							"size": [0.90234, 4, 0.5],
							"uv": {
								"north": {"uv": [35.90234, 0], "uv_size": [-8.90234, 1]},
								"east": {"uv": [33.5, 0], "uv_size": [-0.5, 1]},
								"south": {"uv": [35.90234, 0], "uv_size": [-8.90234, 1]},
								"west": {"uv": [33.5, 0], "uv_size": [-0.5, 1]},
								"up": {"uv": [35.90234, 0], "uv_size": [-8.90234, 0.5]},
								"down": {"uv": [36, 0], "uv_size": [-9, 0]}
							}
						},
						{
							"origin": [-14.58486, 15.55496, 2.02344],
							"size": [0.90234, 4.5, 0.5],
							"pivot": [0, 0, 0],
							"rotation": [0, 0, 42.5],
							"uv": {
								"north": {"uv": [35.90234, 0], "uv_size": [-8.90234, 1]},
								"east": {"uv": [33.5, 0], "uv_size": [-0.5, 1]},
								"south": {"uv": [35.90234, 0], "uv_size": [-8.90234, 1]},
								"west": {"uv": [33.5, 0], "uv_size": [-0.5, 1]},
								"up": {"uv": [35.90234, 0], "uv_size": [-8.90234, 0.5]},
								"down": {"uv": [36, 0], "uv_size": [-9, 0]}
							}
						},
						{
							"origin": [13.68252, 15.55496, 2.02344],
							"size": [0.90234, 4.5, 0.5],
							"pivot": [0, 0, 0],
							"rotation": [0, 0, -42.5],
							"uv": {
								"north": {"uv": [27, 0], "uv_size": [8.90234, 1]},
								"east": {"uv": [33, 0], "uv_size": [0.5, 1]},
								"south": {"uv": [27, 0], "uv_size": [8.90234, 1]},
								"west": {"uv": [33, 0], "uv_size": [0.5, 1]},
								"up": {"uv": [27, 0], "uv_size": [8.90234, 0.5]},
								"down": {"uv": [27, 0], "uv_size": [9, 0]}
							}
						},
						{
							"origin": [2.55878, 17.52984, -2.47656],
							"size": [0.90234, 7, 0.5],
							"uv": {
								"north": {"uv": [35.90234, 0], "uv_size": [-8.90234, 1]},
								"east": {"uv": [33.5, 0], "uv_size": [-0.5, 1]},
								"south": {"uv": [35.90234, 0], "uv_size": [-8.90234, 1]},
								"west": {"uv": [33.5, 0], "uv_size": [-0.5, 1]},
								"up": {"uv": [27, 0.5], "uv_size": [8.90234, -0.5]},
								"down": {"uv": [27, 0], "uv_size": [9, 0]}
							}
						},
						{
							"origin": [2.55878, 24.02984, -1.97656],
							"size": [0.90234, 0.5, 4.5],
							"uv": {
								"north": {"uv": [35.90234, 0], "uv_size": [-8.90234, 1]},
								"east": {"uv": [33.5, 0], "uv_size": [-0.5, 1]},
								"south": {"uv": [35.90234, 0], "uv_size": [-8.90234, 1]},
								"west": {"uv": [33.5, 0], "uv_size": [-0.5, 1]},
								"up": {"uv": [27, 0.5], "uv_size": [8.90234, -0.5]},
								"down": {"uv": [27, 0], "uv_size": [9, 0]}
							}
						},
						{
							"origin": [-3.46112, 24.02984, -1.97656],
							"size": [0.90234, 0.5, 4.5],
							"uv": {
								"north": {"uv": [27, 0], "uv_size": [8.90234, 1]},
								"east": {"uv": [33, 0], "uv_size": [0.5, 1]},
								"south": {"uv": [27, 0], "uv_size": [8.90234, 1]},
								"west": {"uv": [33, 0], "uv_size": [0.5, 1]},
								"up": {"uv": [35.90234, 0.5], "uv_size": [-8.90234, -0.5]},
								"down": {"uv": [36, 0], "uv_size": [-9, 0]}
							}
						},
						{
							"origin": [-3.5125, 15.85938, -2.98437],
							"size": [1.2, 1.88281, 0.5],
							"uv": {
								"north": {"uv": [29, 1], "uv_size": [6, 8]},
								"east": {"uv": [31, 0], "uv_size": [0, 1]},
								"south": {"uv": [31, 0], "uv_size": [1, 1]},
								"west": {"uv": [32, 0], "uv_size": [0, 1]},
								"up": {"uv": [31, 0], "uv_size": [1, 0]},
								"down": {"uv": [31, 0], "uv_size": [1, 0]}
							}
						},
						{
							"origin": [2.3125, 15.85938, -2.96875],
							"size": [1.2, 1.88281, 0.5],
							"uv": {
								"north": {"uv": [35, 1], "uv_size": [-6, 8]},
								"east": {"uv": [32, 0], "uv_size": [0, 1]},
								"south": {"uv": [31, 0], "uv_size": [-1, 1]},
								"west": {"uv": [31, 0], "uv_size": [0, 1]},
								"up": {"uv": [32, 0], "uv_size": [-1, 0]},
								"down": {"uv": [32, 0], "uv_size": [-1, 0]}
							}
						},
						{
							"origin": [2.3125, 15.85938, 2.80859],
							"size": [1.2, 1.88281, 0.5],
							"uv": {
								"north": {"uv": [35, 1], "uv_size": [-6, 8]},
								"east": {"uv": [32, 0], "uv_size": [0, 1]},
								"south": {"uv": [35, 1], "uv_size": [-6, 8]},
								"west": {"uv": [31, 0], "uv_size": [0, 1]},
								"up": {"uv": [32, 0], "uv_size": [-1, 0]},
								"down": {"uv": [32, 0], "uv_size": [-1, 0]}
							}
						},
						{
							"origin": [-3.5125, 15.85938, 2.80859],
							"size": [1.2, 1.88281, 0.5],
							"uv": {
								"north": {"uv": [29, 1], "uv_size": [6, 8]},
								"east": {"uv": [31, 0], "uv_size": [0, 1]},
								"south": {"uv": [29, 1], "uv_size": [6, 8]},
								"west": {"uv": [32, 0], "uv_size": [0, 1]},
								"up": {"uv": [31, 0], "uv_size": [1, 0]},
								"down": {"uv": [31, 0], "uv_size": [1, 0]}
							}
						},
						{
							"origin": [0.69141, 15.85938, 2.81641],
							"size": [1.2, 1.88281, 0.5],
							"uv": {
								"north": {"uv": [35, 1], "uv_size": [-6, 8]},
								"east": {"uv": [32, 0], "uv_size": [0, 1]},
								"south": {"uv": [35, 1], "uv_size": [-6, 8]},
								"west": {"uv": [31, 0], "uv_size": [0, 1]},
								"up": {"uv": [32, 0], "uv_size": [-1, 0]},
								"down": {"uv": [32, 0], "uv_size": [-1, 0]}
							}
						},
						{
							"origin": [-1.89141, 15.85938, 2.81641],
							"size": [1.2, 1.88281, 0.5],
							"uv": {
								"north": {"uv": [29, 1], "uv_size": [6, 8]},
								"east": {"uv": [31, 0], "uv_size": [0, 1]},
								"south": {"uv": [29, 1], "uv_size": [6, 8]},
								"west": {"uv": [32, 0], "uv_size": [0, 1]},
								"up": {"uv": [31, 0], "uv_size": [1, 0]},
								"down": {"uv": [31, 0], "uv_size": [1, 0]}
							}
						},
						{
							"origin": [4.22284, 16.52202, -2.03516],
							"size": [0.22656, 0.98438, 4.35156],
							"uv": {
								"north": {"uv": [34.90234, 0], "uv_size": [-8.90234, 1]},
								"east": {"uv": [31.5, 0], "uv_size": [-0.5, 1]},
								"south": {"uv": [36.90234, 0], "uv_size": [-8.90234, 1]},
								"west": {"uv": [33, 0], "uv_size": [-0.5, 1]},
								"up": {"uv": [30, 0.5], "uv_size": [8.90234, -0.5]},
								"down": {"uv": [34, 0], "uv_size": [0, 0]}
							}
						},
						{
							"origin": [-1.89141, 15.85938, -2.95312],
							"size": [1.2, 1.88281, 0.5],
							"uv": {
								"north": {"uv": [29, 1], "uv_size": [6, 8]},
								"east": {"uv": [31, 0], "uv_size": [0, 1]},
								"south": {"uv": [32, 0], "uv_size": [1, 1]},
								"west": {"uv": [32, 0], "uv_size": [0, 1]},
								"up": {"uv": [31, 0], "uv_size": [1, 0]},
								"down": {"uv": [31, 0], "uv_size": [1, 0]}
							}
						},
						{
							"origin": [-4.48066, 16.52984, 2.30859],
							"size": [8.90234, 1, 0.5],
							"uv": {
								"north": {"uv": [27, 0], "uv_size": [8.90234, 1]},
								"east": {"uv": [31, 0], "uv_size": [0.5, 1]},
								"south": {"uv": [27, 0], "uv_size": [8.90234, 1]},
								"west": {"uv": [30, 0], "uv_size": [0.5, 1]},
								"up": {"uv": [35.90234, 0.5], "uv_size": [-8.90234, -0.5]},
								"down": {"uv": [35.90234, 0.5], "uv_size": [-8.90234, -0.5]}
							}
						}
					]
				},
				{
					"name": "bone",
					"parent": "Vest",
					"pivot": [1.525, 15.775, -1.99828],
					"rotation": [0, 0, -20],
					"cubes": [
						{
							"origin": [0.9, 17.5, -3.3],
							"size": [1.3, 2, 1.3],
							"uv": {
								"north": {"uv": [25, 27], "uv_size": [0.5, 0.5]},
								"east": {"uv": [25, 29], "uv_size": [0.5, 0.5]},
								"south": {"uv": [25, 29], "uv_size": [0.5, 0.5]},
								"west": {"uv": [25, 27], "uv_size": [0.5, 0.5]},
								"up": {"uv": [25.5, 27.5], "uv_size": [-0.5, -0.5]},
								"down": {"uv": [25.5, 29.5], "uv_size": [-0.5, -0.5]}
							}
						},
						{
							"origin": [1, 14.5, -2.8],
							"size": [1, 3, 1],
							"uv": {
								"north": {"uv": [23, 23], "uv_size": [0.5, 0.5]},
								"east": {"uv": [24, 23], "uv_size": [0.5, 0.5]},
								"south": {"uv": [25, 24], "uv_size": [0.5, 0.5]},
								"west": {"uv": [22, 26], "uv_size": [0.5, 0.5]},
								"up": {"uv": [24.5, 25.5], "uv_size": [-0.5, -0.5]},
								"down": {"uv": [23.5, 23.5], "uv_size": [-0.5, -0.5]}
							}
						},
						{
							"origin": [1, 14.5, -2.8],
							"size": [1, -0.2, 1],
							"uv": {
								"north": {"uv": [25, 27], "uv_size": [0.5, 0.5]},
								"east": {"uv": [25, 29], "uv_size": [0.5, 0.5]},
								"south": {"uv": [25, 28], "uv_size": [0.5, 0.5]},
								"west": {"uv": [25, 27], "uv_size": [0.5, 0.5]},
								"up": {"uv": [25.5, 27.5], "uv_size": [-0.5, -0.5]},
								"down": {"uv": [24.5, 29.5], "uv_size": [-0.5, -0.5]}
							}
						},
						{
							"origin": [1.9, 14.3, -2.8],
							"size": [-0.7, -0.2, 0.7],
							"uv": {
								"north": {"uv": [25, 27], "uv_size": [0.5, 0.5]},
								"east": {"uv": [25, 27], "uv_size": [0.5, 0.5]},
								"south": {"uv": [25, 27], "uv_size": [0.5, 0.5]},
								"west": {"uv": [25, 27], "uv_size": [0.5, 0.5]},
								"up": {"uv": [25.5, 27.5], "uv_size": [-0.5, -0.5]},
								"down": {"uv": [25.5, 27.5], "uv_size": [-0.5, -0.5]}
							}
						}
					]
				},
				{
					"name": "RightArm",
					"pivot": [-5.5, 22, 0],
					"cubes": [
						{
							"origin": [-8.6, 14, -2.5],
							"size": [4.7, 1, 0.2],
							"uv": {
								"north": {"uv": [0, 0], "uv_size": [4.7, 1]},
								"east": {"uv": [0, 0], "uv_size": [0.2, 1]},
								"south": {"uv": [0, 0], "uv_size": [4.7, 1]},
								"west": {"uv": [0, 0], "uv_size": [0.2, 1]},
								"up": {"uv": [4.7, 0.2], "uv_size": [-4.7, -0.2]},
								"down": {"uv": [4.7, 0.2], "uv_size": [-4.7, -0.2]}
							}
						},
						{
							"origin": [-8.5, 14, 2.1],
							"size": [4.7, 1, 0.2],
							"uv": {
								"north": {"uv": [0, 0], "uv_size": [4.7, 1]},
								"east": {"uv": [0, 0], "uv_size": [0.2, 1]},
								"south": {"uv": [0, 0], "uv_size": [4.7, 1]},
								"west": {"uv": [0, 0], "uv_size": [0.2, 1]},
								"up": {"uv": [4.7, 0.2], "uv_size": [-4.7, -0.2]},
								"down": {"uv": [4.7, 0.2], "uv_size": [-4.7, -0.2]}
							}
						},
						{
							"origin": [-8.8, 14, -2.5],
							"size": [0.2, 1, 4.8],
							"uv": {
								"north": {"uv": [0, 0], "uv_size": [0.2, 1]},
								"east": {"uv": [0, 0], "uv_size": [4.8, 1]},
								"south": {"uv": [0, 0], "uv_size": [0.2, 1]},
								"west": {"uv": [0, 0], "uv_size": [4.8, 1]},
								"up": {"uv": [2, 0], "uv_size": [0, 0]},
								"down": {"uv": [0.2, 4.8], "uv_size": [-0.2, -4.8]}
							}
						},
						{
							"origin": [-4, 14, -2.2],
							"size": [0.2, 1, 4.3],
							"uv": {
								"north": {"uv": [0, 0], "uv_size": [0.2, 1]},
								"east": {"uv": [0, 0], "uv_size": [4.3, 1]},
								"south": {"uv": [0, 0], "uv_size": [0.2, 1]},
								"west": {"uv": [0, 0], "uv_size": [4.3, 1]},
								"up": {"uv": [2, 0], "uv_size": [0, 0]},
								"down": {"uv": [0.2, 4.3], "uv_size": [-0.2, -4.3]}
							}
						},
						{
							"origin": [-8.38281, 12, -2.07812],
							"size": [4, 12, 4],
							"inflate": 0.25,
							"uv": {
								"north": {"uv": [44, 36], "uv_size": [4, 12]},
								"east": {"uv": [40, 36], "uv_size": [4, 12]},
								"south": {"uv": [52, 36], "uv_size": [4, 12]},
								"west": {"uv": [48, 36], "uv_size": [4, 12]},
								"up": {"uv": [44, 32], "uv_size": [4, 4]},
								"down": {"uv": [48, 36], "uv_size": [4, -4]}
							}
						}
					]
				},
				{
					"name": "LeftArm",
					"pivot": [5.5, 22, 0],
					"cubes": [
						{
							"origin": [4.46484, 12, -2.07031],
							"size": [4, 12, 4],
							"inflate": 0.25,
							"uv": {
								"north": {"uv": [52, 52], "uv_size": [4, 12]},
								"east": {"uv": [48, 52], "uv_size": [4, 12]},
								"south": {"uv": [60, 52], "uv_size": [4, 12]},
								"west": {"uv": [56, 52], "uv_size": [4, 12]},
								"up": {"uv": [52, 48], "uv_size": [4, 4]},
								"down": {"uv": [56, 52], "uv_size": [4, -4]}
							}
						},
						{
							"origin": [8.6, 14.27767, -14.64214],
							"size": [0.2, 1.9, 0.5],
							"pivot": [0, 0, 0],
							"rotation": [-45, 0, 0],
							"uv": {
								"north": {"uv": [0, 0], "uv_size": [0.2, 1.9]},
								"east": {"uv": [0, 0], "uv_size": [0.5, 1.9]},
								"south": {"uv": [0, 0], "uv_size": [0.2, 1.9]},
								"west": {"uv": [0, 0], "uv_size": [0.5, 1.9]},
								"up": {"uv": [0.2, 0.5], "uv_size": [-0.2, -0.5]},
								"down": {"uv": [0.2, 0.5], "uv_size": [-0.2, -0.5]}
							}
						},
						{
							"origin": [8.6, 14.15635, 14.26345],
							"size": [0.2, 1.9, 0.5],
							"pivot": [0, 0, 0],
							"rotation": [45, 0, 0],
							"uv": {
								"north": {"uv": [0.2, 0], "uv_size": [0.2, 1.9]},
								"east": {"uv": [0.5, 0], "uv_size": [0.5, 1.9]},
								"south": {"uv": [0.2, 0], "uv_size": [0.2, 1.9]},
								"west": {"uv": [20, 12], "uv_size": [0.5, 1.9]},
								"up": {"uv": [0.2, 1], "uv_size": [-0.2, -0.5]},
								"down": {"uv": [0.2, 1], "uv_size": [-0.2, -0.5]}
							}
						},
						{
							"origin": [8.7, 14.57645, 14.34127],
							"size": [0.2, 1.4, 0.3],
							"pivot": [0, 0, 0],
							"rotation": [45, 0, 0],
							"uv": {
								"north": {"uv": [9, 0], "uv_size": [0, 0]},
								"east": {"uv": [11, 0], "uv_size": [0.3, 1.4]},
								"south": {"uv": [9, 0], "uv_size": [0, 0]},
								"west": {"uv": [9, 0], "uv_size": [0, 0]},
								"up": {"uv": [9.2, 0.3], "uv_size": [-0.2, -0.3]},
								"down": {"uv": [9.2, 0.3], "uv_size": [-0.2, -0.3]}
							}
						},
						{
							"origin": [8.7, 14.27645, 14.34127],
							"size": [0.2, 0.3, 0.3],
							"pivot": [0, 0, 0],
							"rotation": [45, 0, 0],
							"uv": {
								"north": {"uv": [9, 0], "uv_size": [0.2, 0.3]},
								"east": {"uv": [10, 0], "uv_size": [0.3, 0.3]},
								"south": {"uv": [12, 0], "uv_size": [0.2, 0.3]},
								"west": {"uv": [9, 0], "uv_size": [0.3, 0.3]},
								"up": {"uv": [12.2, 0.3], "uv_size": [-0.2, -0.3]},
								"down": {"uv": [9.2, 0.3], "uv_size": [-0.2, -0.3]}
							}
						},
						{
							"origin": [8.7, 14.64127, -14.57645],
							"size": [0.2, 1.4, 0.3],
							"pivot": [0, 0, 0],
							"rotation": [-45, 0, 0],
							"uv": {
								"north": {"uv": [9, 0], "uv_size": [0, 0]},
								"east": {"uv": [7, 0], "uv_size": [0, 0]},
								"south": {"uv": [9, 0], "uv_size": [0, 0]},
								"west": {"uv": [9, 0], "uv_size": [0, 0]},
								"up": {"uv": [9.2, 0.3], "uv_size": [-0.2, -0.3]},
								"down": {"uv": [9.2, 0.3], "uv_size": [-0.2, -0.3]}
							}
						},
						{
							"origin": [8.6, 21.29289, -0.91421],
							"size": [0.2, 0.5, 2],
							"uv": {
								"north": {"uv": [0, 0], "uv_size": [0.2, 0.5]},
								"east": {"uv": [0, 0], "uv_size": [2, 0.5]},
								"south": {"uv": [0, 0], "uv_size": [0.2, 0.5]},
								"west": {"uv": [0, 0], "uv_size": [2, 0.5]},
								"up": {"uv": [0.2, 2], "uv_size": [-0.2, -2]},
								"down": {"uv": [0.2, 2], "uv_size": [-0.2, -2]}
							}
						},
						{
							"origin": [8.6, 21.43934, 0.93934],
							"size": [0.2, 0.35, 0.5],
							"uv": {
								"north": {"uv": [0, 0], "uv_size": [0.2, 0.35]},
								"east": {"uv": [0, 0], "uv_size": [0.5, 0.35]},
								"south": {"uv": [0, 0], "uv_size": [0.2, 0.35]},
								"west": {"uv": [0, 0], "uv_size": [0.5, 0.35]},
								"up": {"uv": [0.2, 0.5], "uv_size": [-0.2, -0.5]},
								"down": {"uv": [0.2, 0.5], "uv_size": [-0.2, -0.5]}
							}
						},
						{
							"origin": [8.6, 21.43934, -1.26777],
							"size": [0.2, 0.35, 0.5],
							"uv": {
								"north": {"uv": [0.2, 0], "uv_size": [0.2, 0.35]},
								"east": {"uv": [0.5, 0], "uv_size": [0.5, 0.35]},
								"south": {"uv": [0.2, 0], "uv_size": [0.2, 0.35]},
								"west": {"uv": [0.5, 0], "uv_size": [0.5, 0.35]},
								"up": {"uv": [0.2, 1], "uv_size": [-0.2, -0.5]},
								"down": {"uv": [0.2, 1], "uv_size": [-0.2, -0.5]}
							}
						},
						{
							"origin": [8.6, 20.79289, -0.41421],
							"size": [0.2, 0.5, 1],
							"uv": {
								"north": {"uv": [0, 0], "uv_size": [0.2, 0.5]},
								"east": {"uv": [0, 0], "uv_size": [1, 0.5]},
								"south": {"uv": [0, 0], "uv_size": [0.2, 0.5]},
								"west": {"uv": [0, 0], "uv_size": [1, 0.5]},
								"up": {"uv": [0.2, 1], "uv_size": [-0.2, -1]},
								"down": {"uv": [0.2, 1], "uv_size": [-0.2, -1]}
							}
						},
						{
							"origin": [8.7, 14, -2.5],
							"size": [0.2, 1, 4.8],
							"uv": {
								"north": {"uv": [0, 0], "uv_size": [0.2, 1]},
								"east": {"uv": [0, 0], "uv_size": [4.8, 1]},
								"south": {"uv": [0, 0], "uv_size": [0.2, 1]},
								"west": {"uv": [0, 0], "uv_size": [4.8, 1]},
								"up": {"uv": [2, 0], "uv_size": [0, 0]},
								"down": {"uv": [0.2, 4.8], "uv_size": [-0.2, -4.8]}
							}
						},
						{
							"origin": [4, 14, -2.2],
							"size": [0.2, 1, 4.3],
							"uv": {
								"north": {"uv": [0, 0], "uv_size": [0.2, 1]},
								"east": {"uv": [0, 0], "uv_size": [4.3, 1]},
								"south": {"uv": [0, 0], "uv_size": [0.2, 1]},
								"west": {"uv": [0, 0], "uv_size": [4.3, 1]},
								"up": {"uv": [2, 0], "uv_size": [0, 0]},
								"down": {"uv": [0.2, 4.3], "uv_size": [-0.2, -4.3]}
							}
						},
						{
							"origin": [4, 14, 2.1],
							"size": [4.7, 1, 0.2],
							"uv": {
								"north": {"uv": [0, 0], "uv_size": [4.7, 1]},
								"east": {"uv": [0, 0], "uv_size": [0.2, 1]},
								"south": {"uv": [0, 0], "uv_size": [4.7, 1]},
								"west": {"uv": [0, 0], "uv_size": [0.2, 1]},
								"up": {"uv": [4.7, 0.2], "uv_size": [-4.7, -0.2]},
								"down": {"uv": [4.7, 0.2], "uv_size": [-4.7, -0.2]}
							}
						},
						{
							"origin": [4, 14, -2.5],
							"size": [4.7, 1, 0.2],
							"uv": {
								"north": {"uv": [0, 0], "uv_size": [4.7, 1]},
								"east": {"uv": [0, 0], "uv_size": [0.2, 1]},
								"south": {"uv": [0, 0], "uv_size": [4.7, 1]},
								"west": {"uv": [0, 0], "uv_size": [0.2, 1]},
								"up": {"uv": [4.7, 0.2], "uv_size": [-4.7, -0.2]},
								"down": {"uv": [4.7, 0.2], "uv_size": [-4.7, -0.2]}
							}
						}
					]
				},
				{
					"name": "bone2",
					"parent": "LeftArm",
					"pivot": [5.5, 22, 0]
				},
				{
					"name": "RightLeg",
					"pivot": [-1.9, 12, 0],
					"cubes": [
						{
							"origin": [-3.92344, 0, -2.02734],
							"size": [4, 12, 4],
							"inflate": 0.25,
							"uv": {
								"north": {"uv": [4, 36], "uv_size": [4, 12]},
								"east": {"uv": [0, 36], "uv_size": [4, 12]},
								"south": {"uv": [12, 36], "uv_size": [4, 12]},
								"west": {"uv": [8, 36], "uv_size": [4, 12]},
								"up": {"uv": [4, 32], "uv_size": [4, 4]},
								"down": {"uv": [8, 36], "uv_size": [4, -4]}
							}
						}
					]
				},
				{
					"name": "LeftLeg",
					"pivot": [1.9, 12, 0],
					"cubes": [
						{
							"origin": [-0.03359, 0, -2.03516],
							"size": [4, 12, 4],
							"inflate": 0.25,
							"uv": {
								"north": {"uv": [4, 52], "uv_size": [4, 12]},
								"east": {"uv": [0, 52], "uv_size": [4, 12]},
								"south": {"uv": [12, 52], "uv_size": [4, 12]},
								"west": {"uv": [8, 52], "uv_size": [4, 12]},
								"up": {"uv": [4, 48], "uv_size": [4, 4]},
								"down": {"uv": [8, 52], "uv_size": [4, -4]}
							}
						}
					]
				}
			]
		}
	]
}