{
	"format_version": "1.12.0",
	"minecraft:geometry": [
		{
			"description": {
				"identifier": "geometry.german_feldgrau",
				"texture_width": 128,
				"texture_height": 128,
				"visible_bounds_width": 3,
				"visible_bounds_height": 4.5,
				"visible_bounds_offset": [0, 1.75, 0]
			},
			"bones": [
				{
					"name": "bb_main",
					"pivot": [0, 0, 0],
					"cubes": [
						{
							"origin": [-6.79841, 26.89719, 4.40495],
							"size": [2, 0.5, 1],
							"pivot": [-4.79841, 27.14719, 5.15495],
							"rotation": [2.5, -27.5, 105],
							"uv": {
								"north": {"uv": [59, 59], "uv_size": [2, 0.5]},
								"east": {"uv": [50, 61], "uv_size": [1, 0.5]},
								"south": {"uv": [4, 60], "uv_size": [2, 0.5]},
								"west": {"uv": [61, 50], "uv_size": [1, 0.5]},
								"up": {"uv": [26, 41], "uv_size": [2, 1]},
								"down": {"uv": [56, 7], "uv_size": [2, -1]}
							}
						}
					]
				},
				{
					"name": "Head",
					"pivot": [0, 24, 0]
				},
				{
					"name": "Helmet",
					"parent": "Head",
					"pivot": [0, 23.5, 0.5],
					"cubes": [
						{
							"origin": [-3.5, 32.5, -3.5],
							"size": [7, 1, 7],
							"uv": {
								"north": {"uv": [48, 4], "uv_size": [7, 1]},
								"east": {"uv": [48, 5], "uv_size": [7, 1]},
								"south": {"uv": [48, 6], "uv_size": [7, 1]},
								"west": {"uv": [48, 7], "uv_size": [7, 1]},
								"up": {"uv": [0, 12], "uv_size": [7, 7]},
								"down": {"uv": [7, 19], "uv_size": [7, -7]}
							}
						},
						{
							"origin": [-4, 28.63557, -11.04769],
							"size": [8, 2.5, 0.5],
							"pivot": [0, -0.10822, 0.98815],
							"rotation": [-12.5, 0, 0],
							"uv": {
								"north": {"uv": [37, 32], "uv_size": [8, 2.5]},
								"east": {"uv": [58, 8], "uv_size": [0.5, 2.5]},
								"south": {"uv": [33, 37], "uv_size": [8, 2.5]},
								"west": {"uv": [9, 58], "uv_size": [0.5, 2.5]},
								"up": {"uv": [53, 11], "uv_size": [8, 0.5]},
								"down": {"uv": [53, 12.5], "uv_size": [8, -0.5]}
							}
						},
						{
							"origin": [-4, 28.96023, 10.55955],
							"size": [8, 2.5, 0.5],
							"pivot": [0, 0, 0.5],
							"rotation": [12.5, 0, 0],
							"uv": {
								"north": {"uv": [38, 0], "uv_size": [8, 2.5]},
								"east": {"uv": [10, 58], "uv_size": [0.5, 2.5]},
								"south": {"uv": [38, 3], "uv_size": [8, 2.5]},
								"west": {"uv": [11, 58], "uv_size": [0.5, 2.5]},
								"up": {"uv": [53, 13], "uv_size": [8, 0.5]},
								"down": {"uv": [53, 14.5], "uv_size": [8, -0.5]}
							}
						},
						{
							"origin": [11.00621, 26.85297, 10.55954],
							"size": [1, 2.5, 0.5],
							"pivot": [0, 0, 0.5],
							"rotation": [12.08681, 3.21132, -14.65993],
							"uv": {
								"north": {"uv": [0, 55], "uv_size": [1, 2.5]},
								"east": {"uv": [13, 58], "uv_size": [0.5, 2.5]},
								"south": {"uv": [1, 55], "uv_size": [1, 2.5]},
								"west": {"uv": [20, 58], "uv_size": [0.5, 2.5]},
								"up": {"uv": [37, 61], "uv_size": [1, 0.5]},
								"down": {"uv": [38, 61.5], "uv_size": [1, -0.5]}
							}
						},
						{
							"origin": [10.95019, 26.53569, -11.04769],
							"size": [1, 2.5, 0.5],
							"pivot": [0, -0.10822, 0.98815],
							"rotation": [-12.08681, -3.21132, -14.65993],
							"uv": {
								"north": {"uv": [2, 55], "uv_size": [1, 2.5]},
								"east": {"uv": [21, 58], "uv_size": [0.5, 2.5]},
								"south": {"uv": [3, 55], "uv_size": [1, 2.5]},
								"west": {"uv": [22, 58], "uv_size": [0.5, 2.5]},
								"up": {"uv": [61, 38], "uv_size": [1, 0.5]},
								"down": {"uv": [61, 39.5], "uv_size": [1, -0.5]}
							}
						},
						{
							"origin": [-12.00621, 26.85297, 10.55954],
							"size": [1, 2.5, 0.5],
							"pivot": [0, 0, 0.5],
							"rotation": [12.08681, -3.21132, 14.65993],
							"uv": {
								"north": {"uv": [55, 4], "uv_size": [1, 2.5]},
								"east": {"uv": [23, 58], "uv_size": [0.5, 2.5]},
								"south": {"uv": [5, 55], "uv_size": [1, 2.5]},
								"west": {"uv": [26, 58], "uv_size": [0.5, 2.5]},
								"up": {"uv": [40, 61], "uv_size": [1, 0.5]},
								"down": {"uv": [61, 40.5], "uv_size": [1, -0.5]}
							}
						},
						{
							"origin": [-11.95019, 26.53569, -11.04769],
							"size": [1, 2.5, 0.5],
							"pivot": [0, -0.10822, 0.98815],
							"rotation": [-12.08681, 3.21132, 14.65993],
							"uv": {
								"north": {"uv": [6, 55], "uv_size": [1, 2.5]},
								"east": {"uv": [58, 33], "uv_size": [0.5, 2.5]},
								"south": {"uv": [7, 55], "uv_size": [1, 2.5]},
								"west": {"uv": [38, 58], "uv_size": [0.5, 2.5]},
								"up": {"uv": [41, 61], "uv_size": [1, 0.5]},
								"down": {"uv": [61, 41.5], "uv_size": [1, -0.5]}
							}
						},
						{
							"origin": [28.34028, 11.90473, -4],
							"size": [2.5, 0.5, 8],
							"pivot": [0, 0, 0.5],
							"rotation": [0, 0, -75],
							"uv": {
								"north": {"uv": [58, 18], "uv_size": [2.5, 0.5]},
								"east": {"uv": [53, 15], "uv_size": [8, 0.5]},
								"south": {"uv": [58, 19], "uv_size": [2.5, 0.5]},
								"west": {"uv": [53, 16], "uv_size": [8, 0.5]},
								"up": {"uv": [39, 6], "uv_size": [2.5, 8]},
								"down": {"uv": [39, 22], "uv_size": [2.5, -8]}
							}
						},
						{
							"origin": [-30.84028, 11.90473, -4],
							"size": [2.5, 0.5, 8],
							"pivot": [0, 0, 0.5],
							"rotation": [0, 0, 75],
							"uv": {
								"north": {"uv": [58, 38], "uv_size": [2.5, 0.5]},
								"east": {"uv": [53, 17], "uv_size": [8, 0.5]},
								"south": {"uv": [39, 58], "uv_size": [2.5, 0.5]},
								"west": {"uv": [53, 31], "uv_size": [8, 0.5]},
								"up": {"uv": [33, 40], "uv_size": [2.5, 8]},
								"down": {"uv": [36, 48], "uv_size": [2.5, -8]}
							}
						},
						{
							"origin": [3.29497, 32.50503, -3.5],
							"size": [0.7, 0.5, 7],
							"pivot": [3.99497, 33.00503, -4],
							"rotation": [0, 0, 45],
							"uv": {
								"north": {"uv": [62, 17], "uv_size": [0.75, 0.5]},
								"east": {"uv": [53, 36], "uv_size": [7, 0.5]},
								"south": {"uv": [62, 29], "uv_size": [0.75, 0.5]},
								"west": {"uv": [46, 53], "uv_size": [7, 0.5]},
								"up": {"uv": [17, 50], "uv_size": [0.75, 7]},
								"down": {"uv": [18, 57], "uv_size": [0.75, -7]}
							}
						},
						{
							"origin": [-3.99497, 32.50503, -3.5],
							"size": [0.7, 0.5, 7],
							"pivot": [-3.99497, 33.00503, -4],
							"rotation": [0, 0, -45],
							"uv": {
								"north": {"uv": [62, 34], "uv_size": [0.75, 0.5]},
								"east": {"uv": [53, 50], "uv_size": [7, 0.5]},
								"south": {"uv": [35, 62], "uv_size": [0.75, 0.5]},
								"west": {"uv": [53, 51], "uv_size": [7, 0.5]},
								"up": {"uv": [19, 50], "uv_size": [0.75, 7]},
								"down": {"uv": [20, 57], "uv_size": [0.75, -7]}
							}
						},
						{
							"origin": [-3.5, 32.8, -3.5],
							"size": [7, 0.7, 0.5],
							"pivot": [3.5, 33.5, -3.5],
							"rotation": [-42.5, 0, 0],
							"uv": {
								"north": {"uv": [50, 18], "uv_size": [7, 0.75]},
								"east": {"uv": [62, 35], "uv_size": [0.5, 0.75]},
								"south": {"uv": [50, 19], "uv_size": [7, 0.75]},
								"west": {"uv": [62, 36], "uv_size": [0.5, 0.75]},
								"up": {"uv": [53, 53], "uv_size": [7, 0.5]},
								"down": {"uv": [54, 23.5], "uv_size": [7, -0.5]}
							}
						},
						{
							"origin": [3.25, 32.8, -3.5],
							"size": [0.25, 0.7, 0.5],
							"pivot": [3.5, 33.5, -3.5],
							"rotation": [-38.60502, -17.72091, -24.60981],
							"uv": {
								"north": {"uv": [63, 55], "uv_size": [0.25, 0.75]},
								"east": {"uv": [37, 62], "uv_size": [0.5, 0.75]},
								"south": {"uv": [56, 63], "uv_size": [0.25, 0.75]},
								"west": {"uv": [38, 62], "uv_size": [0.5, 0.75]},
								"up": {"uv": [64, 9], "uv_size": [0.25, 0.5]},
								"down": {"uv": [10, 64.5], "uv_size": [0.25, -0.5]}
							}
						},
						{
							"origin": [3.34967, 33.0381, 3.39291],
							"size": [0.5, 0.7, 0.5],
							"pivot": [3.84967, 33.0381, 3.89291],
							"rotation": [36.10502, 17.72091, -24.60981],
							"uv": {
								"north": {"uv": [62, 38], "uv_size": [0.5, 0.75]},
								"east": {"uv": [62, 39], "uv_size": [0.5, 0.75]},
								"south": {"uv": [40, 62], "uv_size": [0.5, 0.75]},
								"west": {"uv": [62, 40], "uv_size": [0.5, 0.75]},
								"up": {"uv": [36, 63], "uv_size": [0.5, 0.5]},
								"down": {"uv": [63, 36.5], "uv_size": [0.5, -0.5]}
							}
						},
						{
							"origin": [-3.84967, 33.0381, 3.39291],
							"size": [0.5, 0.7, 0.5],
							"pivot": [-3.84967, 33.0381, 3.89291],
							"rotation": [36.10502, -17.72091, 24.60981],
							"uv": {
								"north": {"uv": [41, 62], "uv_size": [0.5, 0.75]},
								"east": {"uv": [62, 41], "uv_size": [0.5, 0.75]},
								"south": {"uv": [42, 62], "uv_size": [0.5, 0.75]},
								"west": {"uv": [62, 42], "uv_size": [0.5, 0.75]},
								"up": {"uv": [37, 63], "uv_size": [0.5, 0.5]},
								"down": {"uv": [38, 63.5], "uv_size": [0.5, -0.5]}
							}
						},
						{
							"origin": [-3.84967, 33.0381, -3.89291],
							"size": [0.5, 0.7, 0.5],
							"pivot": [-3.84967, 33.0381, -3.89291],
							"rotation": [-36.10502, 17.72091, 24.60981],
							"uv": {
								"north": {"uv": [43, 62], "uv_size": [0.5, 0.75]},
								"east": {"uv": [62, 43], "uv_size": [0.5, 0.75]},
								"south": {"uv": [44, 62], "uv_size": [0.5, 0.75]},
								"west": {"uv": [62, 44], "uv_size": [0.5, 0.75]},
								"up": {"uv": [63, 38], "uv_size": [0.5, 0.5]},
								"down": {"uv": [63, 39.5], "uv_size": [0.5, -0.5]}
							}
						},
						{
							"origin": [-3.5, 32.94465, 3.42613],
							"size": [7, 0.7, 0.5],
							"pivot": [4, 32.94465, 3.92613],
							"rotation": [37.5, 0, 0],
							"uv": {
								"north": {"uv": [50, 20], "uv_size": [7, 0.75]},
								"east": {"uv": [45, 62], "uv_size": [0.5, 0.75]},
								"south": {"uv": [50, 21], "uv_size": [7, 0.75]},
								"west": {"uv": [62, 45], "uv_size": [0.5, 0.75]},
								"up": {"uv": [54, 24], "uv_size": [7, 0.5]},
								"down": {"uv": [54, 32.5], "uv_size": [7, -0.5]}
							}
						},
						{
							"origin": [-30.58519, -4.64705, -4.5],
							"size": [2, 0.5, 8.5],
							"pivot": [0, 0, 0.5],
							"rotation": [0, 0, 90],
							"uv": {
								"north": {"uv": [59, 20], "uv_size": [2, 0.5]},
								"east": {"uv": [52, 45], "uv_size": [8.5, 0.5]},
								"south": {"uv": [59, 21], "uv_size": [2, 0.5]},
								"west": {"uv": [52, 48], "uv_size": [8.5, 0.5]},
								"up": {"uv": [14, 41], "uv_size": [2, 8.5]},
								"down": {"uv": [16, 49.5], "uv_size": [2, -8.5]}
							}
						},
						{
							"origin": [-30.58519, -4.64705, 4],
							"size": [2, 9.25, 0.5],
							"pivot": [0, 0, 0.5],
							"rotation": [0, 0, 90],
							"uv": {
								"north": {"uv": [39, 40], "uv_size": [2, 9.25]},
								"east": {"uv": [27, 51], "uv_size": [0.5, 9.25]},
								"south": {"uv": [8, 41], "uv_size": [2, 9.25]},
								"west": {"uv": [28, 51], "uv_size": [0.5, 9.25]},
								"up": {"uv": [59, 33], "uv_size": [2, 0.5]},
								"down": {"uv": [59, 34.5], "uv_size": [2, -0.5]}
							}
						},
						{
							"origin": [-30.58519, -4.14705, -4.5],
							"size": [2, 8.25, 0.5],
							"pivot": [0, 0, 0.5],
							"rotation": [0, 0, 90],
							"uv": {
								"north": {"uv": [22, 41], "uv_size": [2, 8.25]},
								"east": {"uv": [43, 53], "uv_size": [0.5, 8.25]},
								"south": {"uv": [24, 41], "uv_size": [2, 8.25]},
								"west": {"uv": [44, 53], "uv_size": [0.5, 8.25]},
								"up": {"uv": [59, 35], "uv_size": [2, 0.5]},
								"down": {"uv": [59, 39.5], "uv_size": [2, -0.5]}
							}
						},
						{
							"origin": [-0.96502, 24.35985, -4.60567],
							"size": [1.5, 8.8, 0.5],
							"pivot": [-0.21502, 28.48485, -4.35567],
							"rotation": [180, -27.5, -90],
							"uv": {
								"north": {"uv": [30, 42], "uv_size": [1.5, 8.75]},
								"east": {"uv": [14, 52], "uv_size": [0.5, 8.75]},
								"south": {"uv": [46, 0], "uv_size": [1.5, 8.75]},
								"west": {"uv": [15, 52], "uv_size": [0.5, 8.75]},
								"up": {"uv": [61, 23], "uv_size": [1.5, 0.5]},
								"down": {"uv": [24, 61.5], "uv_size": [1.5, -0.5]}
							}
						},
						{
							"origin": [-23.77413, -4.50284, 16.80353],
							"size": [2, 9.2, 0.5],
							"pivot": [-0.03487, 0.14421, 0.49982],
							"rotation": [0, -27.5, 90],
							"uv": {
								"north": {"uv": [10, 41], "uv_size": [2, 9.25]},
								"east": {"uv": [30, 51], "uv_size": [0.5, 9.25]},
								"south": {"uv": [12, 41], "uv_size": [2, 9.25]},
								"west": {"uv": [31, 51], "uv_size": [0.5, 9.25]},
								"up": {"uv": [40, 59], "uv_size": [2, 0.5]},
								"down": {"uv": [59, 40.5], "uv_size": [2, -0.5]}
							}
						},
						{
							"origin": [28.58519, -4.64705, -4.5],
							"size": [2, 0.5, 8.5],
							"pivot": [0, 0, 0.5],
							"rotation": [0, 0, -90],
							"uv": {
								"north": {"uv": [59, 41], "uv_size": [2, 0.5]},
								"east": {"uv": [52, 49], "uv_size": [8.5, 0.5]},
								"south": {"uv": [59, 42], "uv_size": [2, 0.5]},
								"west": {"uv": [52, 52], "uv_size": [8.5, 0.5]},
								"up": {"uv": [18, 41], "uv_size": [2, 8.5]},
								"down": {"uv": [20, 49.5], "uv_size": [2, -8.5]}
							}
						},
						{
							"origin": [-4.87793, 28.5287, 1],
							"size": [2, 0.5, 3.5],
							"pivot": [-4.64705, 28.58519, 4.5],
							"rotation": [0, 0, 105],
							"uv": {
								"north": {"uv": [59, 43], "uv_size": [2, 0.5]},
								"east": {"uv": [38, 57], "uv_size": [3.5, 0.5]},
								"south": {"uv": [46, 59], "uv_size": [2, 0.5]},
								"west": {"uv": [57, 46], "uv_size": [3.5, 0.5]},
								"up": {"uv": [12, 19], "uv_size": [2, 3.5]},
								"down": {"uv": [6, 51.5], "uv_size": [2, -3.5]}
							}
						},
						{
							"origin": [2.87793, 28.5287, 1],
							"size": [2, 0.5, 3.5],
							"pivot": [4.64705, 28.58519, 4.5],
							"rotation": [0, 0, -105],
							"uv": {
								"north": {"uv": [53, 59], "uv_size": [2, 0.5]},
								"east": {"uv": [57, 47], "uv_size": [3.5, 0.5]},
								"south": {"uv": [55, 59], "uv_size": [2, 0.5]},
								"west": {"uv": [18.25, 44.5], "uv_size": [3.5, 0.5]},
								"up": {"uv": [32, 48], "uv_size": [2, 3.5]},
								"down": {"uv": [15.25, 48.5], "uv_size": [2, -3.5]}
							}
						},
						{
							"origin": [-4.87793, 28.5287, -4.5],
							"size": [1, 0.5, 5],
							"pivot": [-4.64705, 28.58519, 4.5],
							"rotation": [0, 0, 105],
							"uv": {
								"north": {"uv": [42, 61], "uv_size": [1, 0.5]},
								"east": {"uv": [55, 7], "uv_size": [5, 0.5]},
								"south": {"uv": [61, 42], "uv_size": [1, 0.5]},
								"west": {"uv": [8, 55], "uv_size": [5, 0.5]},
								"up": {"uv": [38, 6], "uv_size": [1, 5]},
								"down": {"uv": [32, 47], "uv_size": [1, -5]}
							}
						},
						{
							"origin": [3.87793, 28.5287, -4.5],
							"size": [1, 0.5, 5],
							"pivot": [4.64705, 28.58519, 4.5],
							"rotation": [0, 0, -105],
							"uv": {
								"north": {"uv": [61, 43], "uv_size": [1, 0.5]},
								"east": {"uv": [55, 22], "uv_size": [5, 0.5]},
								"south": {"uv": [61, 44], "uv_size": [1, 0.5]},
								"west": {"uv": [55, 25], "uv_size": [5, 0.5]},
								"up": {"uv": [24, 50], "uv_size": [1, 5]},
								"down": {"uv": [25, 55], "uv_size": [1, -5]}
							}
						},
						{
							"origin": [-5.62035, 27.64596, -4.96187],
							"size": [1, 0.5, 0.5],
							"pivot": [-4.62035, 27.89596, -4.71187],
							"rotation": [-2.5, 27.5, 105],
							"uv": {
								"north": {"uv": [45, 61], "uv_size": [1, 0.5]},
								"east": {"uv": [40, 63], "uv_size": [0.5, 0.5]},
								"south": {"uv": [61, 45], "uv_size": [1, 0.5]},
								"west": {"uv": [63, 40], "uv_size": [0.5, 0.5]},
								"up": {"uv": [46, 61], "uv_size": [1, 0.5]},
								"down": {"uv": [61, 46.5], "uv_size": [1, -0.5]}
							}
						},
						{
							"origin": [4.62035, 27.64596, -4.96187],
							"size": [1, 0.5, 0.5],
							"pivot": [4.62035, 27.89596, -4.71187],
							"rotation": [-2.5, -27.5, -105],
							"uv": {
								"north": {"uv": [47, 61], "uv_size": [1, 0.5]},
								"east": {"uv": [41, 63], "uv_size": [0.5, 0.5]},
								"south": {"uv": [61, 47], "uv_size": [1, 0.5]},
								"west": {"uv": [63, 41], "uv_size": [0.5, 0.5]},
								"up": {"uv": [48, 61], "uv_size": [1, 0.5]},
								"down": {"uv": [61, 48.5], "uv_size": [1, -0.5]}
							}
						},
						{
							"origin": [4.79841, 26.89719, 4.40495],
							"size": [2, 0.5, 1],
							"pivot": [4.79841, 27.14719, 5.15495],
							"rotation": [2.5, 27.5, -105],
							"uv": {
								"north": {"uv": [59, 57], "uv_size": [2, 0.5]},
								"east": {"uv": [49, 61], "uv_size": [1, 0.5]},
								"south": {"uv": [59, 58], "uv_size": [2, 0.5]},
								"west": {"uv": [61, 49], "uv_size": [1, 0.5]},
								"up": {"uv": [12, 23], "uv_size": [2, 1]},
								"down": {"uv": [37, 12], "uv_size": [2, -1]}
							}
						},
						{
							"origin": [-5.28113, 28.16055, -0.91353],
							"size": [1.5, 0.5, 3],
							"pivot": [-4.53113, 28.41055, 0.58647],
							"rotation": [-1.69208, 48.97354, 102.16019],
							"uv": {
								"north": {"uv": [61, 24], "uv_size": [1.5, 0.5]},
								"east": {"uv": [58, 0], "uv_size": [3, 0.5]},
								"south": {"uv": [61, 25], "uv_size": [1.5, 0.5]},
								"west": {"uv": [1, 58], "uv_size": [3, 0.5]},
								"up": {"uv": [5, 52], "uv_size": [1.5, 3]},
								"down": {"uv": [7, 55], "uv_size": [1.5, -3]}
							}
						},
						{
							"origin": [3.78113, 28.16055, -0.91353],
							"size": [1.5, 0.5, 3],
							"pivot": [4.53113, 28.41055, 0.58647],
							"rotation": [-1.69208, -48.97354, -102.16019],
							"uv": {
								"north": {"uv": [26, 61], "uv_size": [1.5, 0.5]},
								"east": {"uv": [58, 1], "uv_size": [3, 0.5]},
								"south": {"uv": [61, 26], "uv_size": [1.5, 0.5]},
								"west": {"uv": [58, 2], "uv_size": [3, 0.5]},
								"up": {"uv": [9, 52], "uv_size": [1.5, 3]},
								"down": {"uv": [15.5, 49.25], "uv_size": [1.5, -3]}
							}
						}
					]
				},
				{
					"name": "Body",
					"pivot": [0, 24, 0],
					"cubes": [
						{
							"origin": [-4, 12.5, -2.22656],
							"size": [8, 11.5, 4.25],
							"inflate": 0.25,
							"uv": {
								"north": {"uv": [0, 0], "uv_size": [8, 11.5]},
								"east": {"uv": [14, 12], "uv_size": [4.25, 11.5]},
								"south": {"uv": [8, 0], "uv_size": [8, 11.5]},
								"west": {"uv": [16, 0], "uv_size": [4.25, 11.5]},
								"up": {"uv": [31, 12], "uv_size": [8, 4.25]},
								"down": {"uv": [31, 21.25], "uv_size": [8, -4.25]}
							}
						},
						{
							"origin": [0.5, 23.25, -2.4],
							"size": [1.75, 0.75, 0],
							"inflate": 0.25,
							"pivot": [1.125, 23.25, -2.47656],
							"rotation": [0, 0, -30],
							"uv": {
								"north": {"uv": [5, 58], "uv_size": [1.75, 0.75]},
								"east": {"uv": [0, 0], "uv_size": [0, 0.75]},
								"south": {"uv": [58, 5], "uv_size": [1.75, 0.75]},
								"west": {"uv": [38.75, 52.5], "uv_size": [0, 0.75]},
								"up": {"uv": [40, 52.25], "uv_size": [1.75, 0]},
								"down": {"uv": [0, 0], "uv_size": [1.75, 0]}
							}
						},
						{
							"origin": [1.75, 23.75, -1.9],
							"size": [0.5, 0.25, 4],
							"inflate": 0.25,
							"pivot": [1.125, 23.25, -1.97656],
							"rotation": [0, 0, -30],
							"uv": {
								"north": {"uv": [27, 64], "uv_size": [0.5, 0.25]},
								"east": {"uv": [60, 60], "uv_size": [4, 0.25]},
								"south": {"uv": [28, 64], "uv_size": [0.5, 0.25]},
								"west": {"uv": [61, 0], "uv_size": [4, 0.25]},
								"up": {"uv": [32, 57], "uv_size": [0.5, 4]},
								"down": {"uv": [33, 61], "uv_size": [0.5, -4]}
							}
						},
						{
							"origin": [-2.25, 23.75, -1.9],
							"size": [0.5, 0.25, 4],
							"inflate": 0.25,
							"pivot": [-1.125, 23.25, -1.97656],
							"rotation": [0, 0, 30],
							"uv": {
								"north": {"uv": [64, 28], "uv_size": [0.5, 0.25]},
								"east": {"uv": [61, 1], "uv_size": [4, 0.25]},
								"south": {"uv": [29, 64], "uv_size": [0.5, 0.25]},
								"west": {"uv": [61, 2], "uv_size": [4, 0.25]},
								"up": {"uv": [34, 57], "uv_size": [0.5, 4]},
								"down": {"uv": [35, 61], "uv_size": [0.5, -4]}
							}
						},
						{
							"origin": [-1.58422, 24.30353, 2.1],
							"size": [3.15, 0.25, 0],
							"inflate": 0.25,
							"uv": {
								"north": {"uv": [61, 21], "uv_size": [3.25, 0.25]},
								"east": {"uv": [0, 0], "uv_size": [0, 0.25]},
								"south": {"uv": [61, 22], "uv_size": [3.25, 0.25]},
								"west": {"uv": [0, 0], "uv_size": [0, 0.25]},
								"up": {"uv": [35.25, 50.5], "uv_size": [3.25, 0]},
								"down": {"uv": [0, 0], "uv_size": [3.25, 0]}
							}
						},
						{
							"origin": [-2.25, 23.25, -2.4],
							"size": [1.75, 0.75, 0],
							"inflate": 0.25,
							"pivot": [-1.125, 23.25, -2.47656],
							"rotation": [0, 0, 30],
							"uv": {
								"north": {"uv": [58, 6], "uv_size": [1.75, 0.75]},
								"east": {"uv": [36, 48.5], "uv_size": [0, 0.75]},
								"south": {"uv": [7, 58], "uv_size": [1.75, 0.75]},
								"west": {"uv": [41, 52], "uv_size": [0, 0.75]},
								"up": {"uv": [36, 51.25], "uv_size": [1.75, 0]},
								"down": {"uv": [39.25, 51.25], "uv_size": [1.75, 0]}
							}
						},
						{
							"origin": [0.5, 18.5, -2.5],
							"size": [3.5, 4.25, 1],
							"uv": {
								"north": {"uv": [26, 42], "uv_size": [3.5, 4.25]},
								"east": {"uv": [16, 52], "uv_size": [1, 4.25]},
								"south": {"uv": [42, 26], "uv_size": [3.5, 4.25]},
								"west": {"uv": [21, 52], "uv_size": [1, 4.25]},
								"up": {"uv": [8, 35], "uv_size": [3.5, 1]},
								"down": {"uv": [28, 37], "uv_size": [3.5, -1]}
							}
						},
						{
							"origin": [-4, 18.5, -2.5],
							"size": [3.5, 4.25, 1],
							"uv": {
								"north": {"uv": [45, 36], "uv_size": [3.5, 4.25]},
								"east": {"uv": [34, 52], "uv_size": [1, 4.25]},
								"south": {"uv": [45, 41], "uv_size": [3.5, 4.25]},
								"west": {"uv": [35, 52], "uv_size": [1, 4.25]},
								"up": {"uv": [54, 42], "uv_size": [3.5, 1]},
								"down": {"uv": [54, 44], "uv_size": [3.5, -1]}
							}
						},
						{
							"origin": [0.5, 12.5, -2.5],
							"size": [3.5, 4.25, 1],
							"uv": {
								"north": {"uv": [0, 43], "uv_size": [3.5, 4.25]},
								"east": {"uv": [22, 52], "uv_size": [1, 4.25]},
								"south": {"uv": [4, 43], "uv_size": [3.5, 4.25]},
								"west": {"uv": [23, 52], "uv_size": [1, 4.25]},
								"up": {"uv": [0, 54], "uv_size": [3.5, 1]},
								"down": {"uv": [54, 34], "uv_size": [3.5, -1]}
							}
						},
						{
							"origin": [-4, 12.5, -2.5],
							"size": [3.5, 4.25, 1],
							"uv": {
								"north": {"uv": [41, 43], "uv_size": [3.5, 4.25]},
								"east": {"uv": [32, 52], "uv_size": [1, 4.25]},
								"south": {"uv": [45, 31], "uv_size": [3.5, 4.25]},
								"west": {"uv": [33, 52], "uv_size": [1, 4.25]},
								"up": {"uv": [54, 38], "uv_size": [3.5, 1]},
								"down": {"uv": [54, 40], "uv_size": [3.5, -1]}
							}
						},
						{
							"origin": [0.5, 14.75, -2.75],
							"size": [3.5, 2, 1],
							"uv": {
								"north": {"uv": [41, 48], "uv_size": [3.5, 2]},
								"east": {"uv": [31, 22], "uv_size": [1, 2]},
								"south": {"uv": [45, 48], "uv_size": [3.5, 2]},
								"west": {"uv": [18, 57], "uv_size": [1, 2]},
								"up": {"uv": [54, 34], "uv_size": [3.5, 1]},
								"down": {"uv": [54, 36], "uv_size": [3.5, -1]}
							}
						},
						{
							"origin": [-4, 14.75, -2.75],
							"size": [3.5, 2, 1],
							"uv": {
								"north": {"uv": [49, 8], "uv_size": [3.5, 2]},
								"east": {"uv": [57, 18], "uv_size": [1, 2]},
								"south": {"uv": [49, 10], "uv_size": [3.5, 2]},
								"west": {"uv": [19, 57], "uv_size": [1, 2]},
								"up": {"uv": [54, 40], "uv_size": [3.5, 1]},
								"down": {"uv": [54, 42], "uv_size": [3.5, -1]}
							}
						},
						{
							"origin": [0.5, 20.75, -2.75],
							"size": [3.5, 2, 0.25],
							"uv": {
								"north": {"uv": [33, 10], "uv_size": [3.5, 2]},
								"east": {"uv": [7, 62], "uv_size": [0.25, 2]},
								"south": {"uv": [37, 35], "uv_size": [3.5, 2]},
								"west": {"uv": [8, 62], "uv_size": [0.25, 2]},
								"up": {"uv": [61, 18], "uv_size": [3.5, 0.25]},
								"down": {"uv": [61, 19.25], "uv_size": [3.5, -0.25]}
							}
						},
						{
							"origin": [-4, 20.75, -2.75],
							"size": [3.5, 2, 0.25],
							"uv": {
								"north": {"uv": [49, 12], "uv_size": [3.5, 2]},
								"east": {"uv": [62, 15], "uv_size": [0.25, 2]},
								"south": {"uv": [49, 14], "uv_size": [3.5, 2]},
								"west": {"uv": [20, 62], "uv_size": [0.25, 2]},
								"up": {"uv": [20, 61], "uv_size": [3.5, 0.25]},
								"down": {"uv": [61, 20.25], "uv_size": [3.5, -0.25]}
							}
						}
					]
				},
				{
					"name": "Vest",
					"parent": "Body",
					"pivot": [-0.5, 24.5, -4.97656],
					"cubes": [
						{
							"origin": [-4.46112, 17.04546, -2.47656],
							"size": [0.22656, 1.23438, 4.85156],
							"uv": {
								"north": {"uv": [62, 57], "uv_size": [0.25, 1.25]},
								"east": {"uv": [49, 23], "uv_size": [4.75, 1.25]},
								"south": {"uv": [58, 62], "uv_size": [0.25, 1.25]},
								"west": {"uv": [49, 38], "uv_size": [4.75, 1.25]},
								"up": {"uv": [58, 39], "uv_size": [0.25, 4.75]},
								"down": {"uv": [52, 62.75], "uv_size": [0.25, -4.75]}
							}
						},
						{
							"origin": [4.23456, 17.04546, -2.47656],
							"size": [0.22656, 1.23438, 4.85156],
							"uv": {
								"north": {"uv": [63, 28], "uv_size": [0.25, 1.25]},
								"east": {"uv": [49, 40], "uv_size": [4.75, 1.25]},
								"south": {"uv": [63, 32], "uv_size": [0.25, 1.25]},
								"west": {"uv": [49, 42], "uv_size": [4.75, 1.25]},
								"up": {"uv": [16, 59], "uv_size": [0.25, 4.75]},
								"down": {"uv": [17, 63.75], "uv_size": [0.25, -4.75]}
							}
						},
						{
							"origin": [-4.46112, 17.02984, -2.97656],
							"size": [8.90234, 1.25, 0.5],
							"uv": {
								"north": {"uv": [46, 25], "uv_size": [9, 1.25]},
								"east": {"uv": [61, 35], "uv_size": [0.5, 1.25]},
								"south": {"uv": [46, 27], "uv_size": [9, 1.25]},
								"west": {"uv": [36, 61], "uv_size": [0.5, 1.25]},
								"up": {"uv": [43, 52], "uv_size": [9, 0.5]},
								"down": {"uv": [52, 44.5], "uv_size": [9, -0.5]}
							}
						},
						{
							"origin": [-4.46112, 17.02984, 2.375],
							"size": [8.90234, 1.25, 0.25],
							"uv": {
								"north": {"uv": [46, 29], "uv_size": [9, 1.25]},
								"east": {"uv": [63, 34], "uv_size": [0.25, 1.25]},
								"south": {"uv": [45, 46], "uv_size": [9, 1.25]},
								"west": {"uv": [35, 63], "uv_size": [0.25, 1.25]},
								"up": {"uv": [55, 30], "uv_size": [9, 0.25]},
								"down": {"uv": [55, 37.25], "uv_size": [9, -0.25]}
							}
						},
						{
							"origin": [0.28888, 17.02984, 2.625],
							"size": [0.40234, 0.75, 0.25],
							"uv": {
								"north": {"uv": [54, 62], "uv_size": [0.5, 0.75]},
								"east": {"uv": [7, 64], "uv_size": [0.25, 0.75]},
								"south": {"uv": [55, 62], "uv_size": [0.5, 0.75]},
								"west": {"uv": [8, 64], "uv_size": [0.25, 0.75]},
								"up": {"uv": [64, 29], "uv_size": [0.5, 0.25]},
								"down": {"uv": [30, 64.25], "uv_size": [0.5, -0.25]}
							}
						},
						{
							"origin": [-2.21112, 17.02984, 2.625],
							"size": [0.40234, 0.75, 0.25],
							"uv": {
								"north": {"uv": [56, 62], "uv_size": [0.5, 0.75]},
								"east": {"uv": [64, 8], "uv_size": [0.25, 0.75]},
								"south": {"uv": [57, 62], "uv_size": [0.5, 0.75]},
								"west": {"uv": [9, 64], "uv_size": [0.25, 0.75]},
								"up": {"uv": [64, 30], "uv_size": [0.5, 0.25]},
								"down": {"uv": [31, 64.25], "uv_size": [0.5, -0.25]}
							}
						},
						{
							"origin": [-2.21112, 13.77984, 2.625],
							"size": [2.90234, 3.25, 0.5],
							"uv": {
								"north": {"uv": [48, 0], "uv_size": [3, 3.25]},
								"east": {"uv": [45, 57], "uv_size": [0.5, 3.25]},
								"south": {"uv": [3, 48], "uv_size": [3, 3.25]},
								"west": {"uv": [0, 58], "uv_size": [0.5, 3.25]},
								"up": {"uv": [58, 3], "uv_size": [3, 0.5]},
								"down": {"uv": [58, 4.5], "uv_size": [3, -0.5]}
							}
						},
						{
							"origin": [-3.46112, 18.27984, -2.97656],
							"size": [0.90234, 6.25, 0.5],
							"uv": {
								"north": {"uv": [29, 47], "uv_size": [1, 6.25]},
								"east": {"uv": [48, 54], "uv_size": [0.5, 6.25]},
								"south": {"uv": [36, 48], "uv_size": [1, 6.25]},
								"west": {"uv": [49, 54], "uv_size": [0.5, 6.25]},
								"up": {"uv": [51, 61], "uv_size": [1, 0.5]},
								"down": {"uv": [61, 51.5], "uv_size": [1, -0.5]}
							}
						},
						{
							"origin": [-0.46112, 17.52984, 1.97656],
							"size": [0.90234, 4, 0.5],
							"uv": {
								"north": {"uv": [53, 32], "uv_size": [1, 4]},
								"east": {"uv": [42, 55], "uv_size": [0.5, 4]},
								"south": {"uv": [45, 53], "uv_size": [1, 4]},
								"west": {"uv": [12, 56], "uv_size": [0.5, 4]},
								"up": {"uv": [61, 52], "uv_size": [1, 0.5]},
								"down": {"uv": [53, 61.5], "uv_size": [1, -0.5]}
							}
						},
						{
							"origin": [-14.33486, 15.55496, 2.02344],
							"size": [0.65234, 4.5, 0.5],
							"pivot": [0, 0, 0],
							"rotation": [0, 0, 42.5],
							"uv": {
								"north": {"uv": [4, 54], "uv_size": [0.75, 4.5]},
								"east": {"uv": [24, 55], "uv_size": [0.5, 4.5]},
								"south": {"uv": [29, 54], "uv_size": [0.75, 4.5]},
								"west": {"uv": [25, 55], "uv_size": [0.5, 4.5]},
								"up": {"uv": [46, 62], "uv_size": [0.75, 0.5]},
								"down": {"uv": [62, 46.5], "uv_size": [0.75, -0.5]}
							}
						},
						{
							"origin": [13.68252, 15.55496, 2.02344],
							"size": [0.65234, 4.5, 0.5],
							"pivot": [0, 0, 0],
							"rotation": [0, 0, -42.5],
							"uv": {
								"north": {"uv": [46, 54], "uv_size": [0.75, 4.5]},
								"east": {"uv": [36, 55], "uv_size": [0.5, 4.5]},
								"south": {"uv": [47, 54], "uv_size": [0.75, 4.5]},
								"west": {"uv": [37, 55], "uv_size": [0.5, 4.5]},
								"up": {"uv": [47, 62], "uv_size": [0.75, 0.5]},
								"down": {"uv": [62, 47.5], "uv_size": [0.75, -0.5]}
							}
						},
						{
							"origin": [2.55878, 18.27984, -2.97656],
							"size": [0.90234, 6.25, 0.5],
							"uv": {
								"north": {"uv": [37, 48], "uv_size": [1, 6.25]},
								"east": {"uv": [50, 54], "uv_size": [0.5, 6.25]},
								"south": {"uv": [38, 48], "uv_size": [1, 6.25]},
								"west": {"uv": [51, 54], "uv_size": [0.5, 6.25]},
								"up": {"uv": [61, 53], "uv_size": [1, 0.5]},
								"down": {"uv": [54, 61.5], "uv_size": [1, -0.5]}
							}
						},
						{
							"origin": [2.55878, 24.02984, -2.47656],
							"size": [0.90234, 0.5, 5],
							"uv": {
								"north": {"uv": [55, 61], "uv_size": [1, 0.5]},
								"east": {"uv": [55, 26], "uv_size": [5, 0.5]},
								"south": {"uv": [56, 61], "uv_size": [1, 0.5]},
								"west": {"uv": [55, 27], "uv_size": [5, 0.5]},
								"up": {"uv": [39, 50], "uv_size": [1, 5]},
								"down": {"uv": [40, 55], "uv_size": [1, -5]}
							}
						},
						{
							"origin": [-3.46112, 24.02984, -2.47656],
							"size": [0.90234, 0.5, 5],
							"uv": {
								"north": {"uv": [57, 61], "uv_size": [1, 0.5]},
								"east": {"uv": [55, 28], "uv_size": [5, 0.5]},
								"south": {"uv": [61, 57], "uv_size": [1, 0.5]},
								"west": {"uv": [55, 29], "uv_size": [5, 0.5]},
								"up": {"uv": [41, 50], "uv_size": [1, 5]},
								"down": {"uv": [42, 55], "uv_size": [1, -5]}
							}
						},
						{
							"origin": [3.3125, 16.85938, -3.23437],
							"size": [1.2, 1.63281, 0.25],
							"uv": {
								"north": {"uv": [38, 55], "uv_size": [1.25, 1.75]},
								"east": {"uv": [21, 62], "uv_size": [0.25, 1.75]},
								"south": {"uv": [40, 55], "uv_size": [1.25, 1.75]},
								"west": {"uv": [22, 62], "uv_size": [0.25, 1.75]},
								"up": {"uv": [62, 59], "uv_size": [1.25, 0.25]},
								"down": {"uv": [62, 61.25], "uv_size": [1.25, -0.25]}
							}
						},
						{
							"origin": [-4.5125, 16.85938, -3.23437],
							"size": [1.2, 1.63281, 0.25],
							"uv": {
								"north": {"uv": [56, 56], "uv_size": [1.25, 1.75]},
								"east": {"uv": [32, 62], "uv_size": [0.25, 1.75]},
								"south": {"uv": [16, 57], "uv_size": [1.25, 1.75]},
								"west": {"uv": [62, 32], "uv_size": [0.25, 1.75]},
								"up": {"uv": [63, 24], "uv_size": [1.25, 0.25]},
								"down": {"uv": [63, 25.25], "uv_size": [1.25, -0.25]}
							}
						},
						{
							"origin": [0.8125, 16.85938, -3.23437],
							"size": [1.2, 1.63281, 0.25],
							"uv": {
								"north": {"uv": [52, 55], "uv_size": [1.25, 1.75]},
								"east": {"uv": [23, 62], "uv_size": [0.25, 1.75]},
								"south": {"uv": [54, 55], "uv_size": [1.25, 1.75]},
								"west": {"uv": [24, 62], "uv_size": [0.25, 1.75]},
								"up": {"uv": [63, 4], "uv_size": [1.25, 0.25]},
								"down": {"uv": [5, 63.25], "uv_size": [1.25, -0.25]}
							}
						},
						{
							"origin": [-2.0125, 16.85938, -3.23437],
							"size": [1.2, 1.63281, 0.25],
							"uv": {
								"north": {"uv": [56, 4], "uv_size": [1.25, 1.75]},
								"east": {"uv": [27, 62], "uv_size": [0.25, 1.75]},
								"south": {"uv": [8, 56], "uv_size": [1.25, 1.75]},
								"west": {"uv": [62, 27], "uv_size": [0.25, 1.75]},
								"up": {"uv": [63, 13], "uv_size": [1.25, 0.25]},
								"down": {"uv": [63, 14.25], "uv_size": [1.25, -0.25]}
							}
						},
						{
							"origin": [2.0625, 16.85938, -3.23437],
							"size": [1.2, 1.63281, 0.25],
							"uv": {
								"north": {"uv": [56, 0], "uv_size": [1.25, 1.75]},
								"east": {"uv": [25, 62], "uv_size": [0.25, 1.75]},
								"south": {"uv": [56, 2], "uv_size": [1.25, 1.75]},
								"west": {"uv": [26, 62], "uv_size": [0.25, 1.75]},
								"up": {"uv": [63, 7], "uv_size": [1.25, 0.25]},
								"down": {"uv": [9, 63.25], "uv_size": [1.25, -0.25]}
							}
						},
						{
							"origin": [-3.2625, 16.85938, -3.23437],
							"size": [1.2, 1.63281, 0.25],
							"uv": {
								"north": {"uv": [10, 56], "uv_size": [1.25, 1.75]},
								"east": {"uv": [30, 62], "uv_size": [0.25, 1.75]},
								"south": {"uv": [56, 54], "uv_size": [1.25, 1.75]},
								"west": {"uv": [31, 62], "uv_size": [0.25, 1.75]},
								"up": {"uv": [63, 15], "uv_size": [1.25, 0.25]},
								"down": {"uv": [63, 16.25], "uv_size": [1.25, -0.25]}
							}
						},
						{
							"origin": [3.3125, 17.85938, -3.48437],
							"size": [1.2, 0.63281, 0.25],
							"uv": {
								"north": {"uv": [61, 3], "uv_size": [1.25, 0.75]},
								"east": {"uv": [63, 56], "uv_size": [0.25, 0.75]},
								"south": {"uv": [4, 61], "uv_size": [1.25, 0.75]},
								"west": {"uv": [57, 63], "uv_size": [0.25, 0.75]},
								"up": {"uv": [62, 62], "uv_size": [1.25, 0.25]},
								"down": {"uv": [63, 3.25], "uv_size": [1.25, -0.25]}
							}
						},
						{
							"origin": [-4.5125, 17.85938, -3.48437],
							"size": [1.2, 0.63281, 0.25],
							"uv": {
								"north": {"uv": [13, 61], "uv_size": [1.25, 0.75]},
								"east": {"uv": [1, 64], "uv_size": [0.25, 0.75]},
								"south": {"uv": [61, 13], "uv_size": [1.25, 0.75]},
								"west": {"uv": [2, 64], "uv_size": [0.25, 0.75]},
								"up": {"uv": [63, 26], "uv_size": [1.25, 0.25]},
								"down": {"uv": [63, 27.25], "uv_size": [1.25, -0.25]}
							}
						},
						{
							"origin": [2.0625, 17.85938, -3.48437],
							"size": [1.2, 0.63281, 0.25],
							"uv": {
								"north": {"uv": [61, 4], "uv_size": [1.25, 0.75]},
								"east": {"uv": [63, 57], "uv_size": [0.25, 0.75]},
								"south": {"uv": [61, 5], "uv_size": [1.25, 0.75]},
								"west": {"uv": [63, 58], "uv_size": [0.25, 0.75]},
								"up": {"uv": [63, 5], "uv_size": [1.25, 0.25]},
								"down": {"uv": [63, 6.25], "uv_size": [1.25, -0.25]}
							}
						},
						{
							"origin": [-3.2625, 17.85938, -3.48437],
							"size": [1.2, 0.63281, 0.25],
							"uv": {
								"north": {"uv": [61, 11], "uv_size": [1.25, 0.75]},
								"east": {"uv": [63, 63], "uv_size": [0.25, 0.75]},
								"south": {"uv": [61, 12], "uv_size": [1.25, 0.75]},
								"west": {"uv": [0, 64], "uv_size": [0.25, 0.75]},
								"up": {"uv": [63, 17], "uv_size": [1.25, 0.25]},
								"down": {"uv": [63, 23.25], "uv_size": [1.25, -0.25]}
							}
						},
						{
							"origin": [0.8125, 17.85938, -3.48437],
							"size": [1.2, 0.63281, 0.25],
							"uv": {
								"north": {"uv": [61, 6], "uv_size": [1.25, 0.75]},
								"east": {"uv": [59, 63], "uv_size": [0.25, 0.75]},
								"south": {"uv": [7, 61], "uv_size": [1.25, 0.75]},
								"west": {"uv": [60, 63], "uv_size": [0.25, 0.75]},
								"up": {"uv": [11, 63], "uv_size": [1.25, 0.25]},
								"down": {"uv": [63, 11.25], "uv_size": [1.25, -0.25]}
							}
						},
						{
							"origin": [-2.0125, 17.85938, -3.48437],
							"size": [1.2, 0.63281, 0.25],
							"uv": {
								"north": {"uv": [9, 61], "uv_size": [1.25, 0.75]},
								"east": {"uv": [61, 63], "uv_size": [0.25, 0.75]},
								"south": {"uv": [11, 61], "uv_size": [1.25, 0.75]},
								"west": {"uv": [62, 63], "uv_size": [0.25, 0.75]},
								"up": {"uv": [63, 12], "uv_size": [1.25, 0.25]},
								"down": {"uv": [13, 63.25], "uv_size": [1.25, -0.25]}
							}
						}
					]
				},
				{
					"name": "Shovel",
					"parent": "Vest",
					"pivot": [4, 16.25, 2.14844],
					"cubes": [
						{
							"origin": [1, 14.25, 2.39844],
							"size": [3, 3.75, 0.25],
							"uv": {
								"north": {"uv": [26, 47], "uv_size": [3, 3.75]},
								"east": {"uv": [61, 14], "uv_size": [0.25, 3.75]},
								"south": {"uv": [0, 48], "uv_size": [3, 3.75]},
								"west": {"uv": [15, 61], "uv_size": [0.25, 3.75]},
								"up": {"uv": [30, 61], "uv_size": [3, 0.25]},
								"down": {"uv": [61, 31.25], "uv_size": [3, -0.25]}
							}
						},
						{
							"origin": [2, 8, 2.14844],
							"size": [1, 6.25, 0.75],
							"uv": {
								"north": {"uv": [49, 16], "uv_size": [1, 6.25]},
								"east": {"uv": [13, 51], "uv_size": [0.75, 6.25]},
								"south": {"uv": [49, 31], "uv_size": [1, 6.25]},
								"west": {"uv": [26, 51], "uv_size": [0.75, 6.25]},
								"up": {"uv": [61, 32], "uv_size": [1, 0.75]},
								"down": {"uv": [33, 61.75], "uv_size": [1, -0.75]}
							}
						},
						{
							"origin": [2, 14.25, 2.64844],
							"size": [1, 0.75, 0.25],
							"pivot": [3, 14.25, 2.89844],
							"rotation": [15, 0, 0],
							"uv": {
								"north": {"uv": [61, 33], "uv_size": [1, 0.75]},
								"east": {"uv": [3, 64], "uv_size": [0.25, 0.75]},
								"south": {"uv": [34, 61], "uv_size": [1, 0.75]},
								"west": {"uv": [4, 64], "uv_size": [0.25, 0.75]},
								"up": {"uv": [63, 53], "uv_size": [1, 0.25]},
								"down": {"uv": [54, 63.25], "uv_size": [1, -0.25]}
							}
						},
						{
							"origin": [2, 14.25, 2.10156],
							"size": [1, 0.75, 0.25],
							"pivot": [3, 14.25, 2.10156],
							"rotation": [-15, 0, 0],
							"uv": {
								"north": {"uv": [61, 34], "uv_size": [1, 0.75]},
								"east": {"uv": [5, 64], "uv_size": [0.25, 0.75]},
								"south": {"uv": [35, 61], "uv_size": [1, 0.75]},
								"west": {"uv": [6, 64], "uv_size": [0.25, 0.75]},
								"up": {"uv": [63, 54], "uv_size": [1, 0.25]},
								"down": {"uv": [55, 63.25], "uv_size": [1, -0.25]}
							}
						}
					]
				},
				{
					"name": "RightArm",
					"pivot": [-5.5, 22, 0],
					"cubes": [
						{
							"origin": [-8.6, 14, -2.5],
							"size": [4.7, 1, 0.2],
							"uv": {
								"north": {"uv": [50, 22], "uv_size": [4.75, 1]},
								"east": {"uv": [42, 63], "uv_size": [0.25, 1]},
								"south": {"uv": [50, 37], "uv_size": [4.75, 1]},
								"west": {"uv": [63, 42], "uv_size": [0.25, 1]},
								"up": {"uv": [53, 58], "uv_size": [4.75, 0.25]},
								"down": {"uv": [58, 54.25], "uv_size": [4.75, -0.25]}
							}
						},
						{
							"origin": [-8.6, 14, 2.1],
							"size": [4.7, 1, 0.2],
							"uv": {
								"north": {"uv": [43, 50], "uv_size": [4.75, 1]},
								"east": {"uv": [43, 63], "uv_size": [0.25, 1]},
								"south": {"uv": [48, 50], "uv_size": [4.75, 1]},
								"west": {"uv": [63, 43], "uv_size": [0.25, 1]},
								"up": {"uv": [58, 55], "uv_size": [4.75, 0.25]},
								"down": {"uv": [58, 56.25], "uv_size": [4.75, -0.25]}
							}
						},
						{
							"origin": [-8.8, 14, -2.5],
							"size": [0.2, 1, 4.8],
							"uv": {
								"north": {"uv": [44, 63], "uv_size": [0.25, 1]},
								"east": {"uv": [51, 0], "uv_size": [4.75, 1]},
								"south": {"uv": [63, 44], "uv_size": [0.25, 1]},
								"west": {"uv": [51, 1], "uv_size": [4.75, 1]},
								"up": {"uv": [58, 57], "uv_size": [0.25, 4.75]},
								"down": {"uv": [1, 63.75], "uv_size": [0.25, -4.75]}
							}
						},
						{
							"origin": [-4, 14, -2.2],
							"size": [0.2, 1, 4.3],
							"uv": {
								"north": {"uv": [45, 63], "uv_size": [0.25, 1]},
								"east": {"uv": [0, 53], "uv_size": [4.25, 1]},
								"south": {"uv": [63, 45], "uv_size": [0.25, 1]},
								"west": {"uv": [53, 8], "uv_size": [4.25, 1]},
								"up": {"uv": [18, 59], "uv_size": [0.25, 4.25]},
								"down": {"uv": [19, 63.25], "uv_size": [0.25, -4.25]}
							}
						},
						{
							"origin": [-8.38281, 12, -2.07812],
							"size": [4, 12, 4],
							"inflate": 0.25,
							"uv": {
								"north": {"uv": [0, 19], "uv_size": [4, 12]},
								"east": {"uv": [4, 19], "uv_size": [4, 12]},
								"south": {"uv": [8, 19], "uv_size": [4, 12]},
								"west": {"uv": [19, 12], "uv_size": [4, 12]},
								"up": {"uv": [8, 31], "uv_size": [4, 4]},
								"down": {"uv": [41, 39], "uv_size": [4, -4]}
							}
						},
						{
							"origin": [-6.04289, 23.5, -0.29289],
							"size": [1, 1, 0.55],
							"uv": {
								"north": {"uv": [60, 36], "uv_size": [1, 1]},
								"east": {"uv": [12, 62], "uv_size": [0.5, 1]},
								"south": {"uv": [37, 60], "uv_size": [1, 1]},
								"west": {"uv": [13, 62], "uv_size": [0.5, 1]},
								"up": {"uv": [14, 62], "uv_size": [1, 0.5]},
								"down": {"uv": [62, 14.5], "uv_size": [1, -0.5]}
							}
						},
						{
							"origin": [-5.75, 23.5, -1],
							"size": [1, 1, 1],
							"pivot": [-5.75, 24.75, -1],
							"rotation": [0, -45, 0],
							"uv": {
								"north": {"uv": [53, 60], "uv_size": [1, 1]},
								"east": {"uv": [60, 53], "uv_size": [1, 1]},
								"south": {"uv": [54, 60], "uv_size": [1, 1]},
								"west": {"uv": [55, 60], "uv_size": [1, 1]},
								"up": {"uv": [56, 60], "uv_size": [1, 1]},
								"down": {"uv": [59, 61], "uv_size": [1, -1]}
							}
						},
						{
							"origin": [-5.75, 23.5, 0],
							"size": [1, 1, 1],
							"pivot": [-5.75, 24.75, 1],
							"rotation": [0, 45, 0],
							"uv": {
								"north": {"uv": [40, 60], "uv_size": [1, 1]},
								"east": {"uv": [41, 60], "uv_size": [1, 1]},
								"south": {"uv": [46, 60], "uv_size": [1, 1]},
								"west": {"uv": [47, 60], "uv_size": [1, 1]},
								"up": {"uv": [60, 50], "uv_size": [1, 1]},
								"down": {"uv": [60, 52], "uv_size": [1, -1]}
							}
						},
						{
							"origin": [-8.5, 23.5, -1],
							"size": [2.75, 1.01, 2],
							"uv": {
								"north": {"uv": [54, 47], "uv_size": [2.75, 1]},
								"east": {"uv": [57, 21], "uv_size": [2, 1]},
								"south": {"uv": [52, 54], "uv_size": [2.75, 1]},
								"west": {"uv": [22, 57], "uv_size": [2, 1]},
								"up": {"uv": [14, 50], "uv_size": [2.75, 2]},
								"down": {"uv": [50, 18], "uv_size": [2.75, -2]}
							}
						}
					]
				},
				{
					"name": "LeftArm",
					"pivot": [5.5, 22, 0],
					"cubes": [
						{
							"origin": [4.46484, 12, -2.07031],
							"size": [4, 12, 4],
							"inflate": 0.25,
							"uv": {
								"north": {"uv": [21, 0], "uv_size": [4, 12]},
								"east": {"uv": [23, 12], "uv_size": [4, 12]},
								"south": {"uv": [12, 24], "uv_size": [4, 12]},
								"west": {"uv": [16, 24], "uv_size": [4, 12]},
								"up": {"uv": [41, 39], "uv_size": [4, 4]},
								"down": {"uv": [42, 10], "uv_size": [4, -4]}
							}
						},
						{
							"origin": [8.6, 14.27767, -14.64214],
							"size": [0.2, 1.9, 0.5],
							"pivot": [0, 0, 0],
							"rotation": [-45, 0, 0],
							"uv": {
								"north": {"uv": [61, 58], "uv_size": [0.25, 2]},
								"east": {"uv": [42, 59], "uv_size": [0.5, 2]},
								"south": {"uv": [59, 61], "uv_size": [0.25, 2]},
								"west": {"uv": [57, 59], "uv_size": [0.5, 2]},
								"up": {"uv": [64, 10], "uv_size": [0.25, 0.5]},
								"down": {"uv": [11, 64.5], "uv_size": [0.25, -0.5]}
							}
						},
						{
							"origin": [8.6, 14.15635, 14.26345],
							"size": [0.2, 1.9, 0.5],
							"pivot": [0, 0, 0],
							"rotation": [45, 0, 0],
							"uv": {
								"north": {"uv": [60, 61], "uv_size": [0.25, 2]},
								"east": {"uv": [60, 5], "uv_size": [0.5, 2]},
								"south": {"uv": [61, 61], "uv_size": [0.25, 2]},
								"west": {"uv": [6, 60], "uv_size": [0.5, 2]},
								"up": {"uv": [12, 64], "uv_size": [0.25, 0.5]},
								"down": {"uv": [13, 64.5], "uv_size": [0.25, -0.5]}
							}
						},
						{
							"origin": [8.7, 14.57645, 14.34127],
							"size": [0.2, 1.4, 0.3],
							"pivot": [0, 0, 0],
							"rotation": [45, 0, 0],
							"uv": {
								"north": {"uv": [48, 62], "uv_size": [0.25, 1.5]},
								"east": {"uv": [62, 48], "uv_size": [0.25, 1.5]},
								"south": {"uv": [49, 62], "uv_size": [0.25, 1.5]},
								"west": {"uv": [50, 62], "uv_size": [0.25, 1.5]},
								"up": {"uv": [64, 31], "uv_size": [0.25, 0.25]},
								"down": {"uv": [32, 64.25], "uv_size": [0.25, -0.25]}
							}
						},
						{
							"origin": [8.7, 14.27645, 14.34127],
							"size": [0.2, 0.3, 0.3],
							"pivot": [0, 0, 0],
							"rotation": [45, 0, 0],
							"uv": {
								"north": {"uv": [64, 32], "uv_size": [0.25, 0.25]},
								"east": {"uv": [33, 64], "uv_size": [0.25, 0.25]},
								"south": {"uv": [64, 33], "uv_size": [0.25, 0.25]},
								"west": {"uv": [34, 64], "uv_size": [0.25, 0.25]},
								"up": {"uv": [64, 34], "uv_size": [0.25, 0.25]},
								"down": {"uv": [64, 35.25], "uv_size": [0.25, -0.25]}
							}
						},
						{
							"origin": [8.7, 14.64127, -14.57645],
							"size": [0.2, 1.4, 0.3],
							"pivot": [0, 0, 0],
							"rotation": [-45, 0, 0],
							"uv": {
								"north": {"uv": [62, 50], "uv_size": [0.25, 1.5]},
								"east": {"uv": [51, 62], "uv_size": [0.25, 1.5]},
								"south": {"uv": [62, 52], "uv_size": [0.25, 1.5]},
								"west": {"uv": [53, 62], "uv_size": [0.25, 1.5]},
								"up": {"uv": [36, 64], "uv_size": [0.25, 0.25]},
								"down": {"uv": [64, 36.25], "uv_size": [0.25, -0.25]}
							}
						},
						{
							"origin": [8.6, 21.29289, -0.91421],
							"size": [0.2, 0.5, 2],
							"uv": {
								"north": {"uv": [14, 64], "uv_size": [0.25, 0.5]},
								"east": {"uv": [7, 60], "uv_size": [2, 0.5]},
								"south": {"uv": [16, 64], "uv_size": [0.25, 0.5]},
								"west": {"uv": [60, 7], "uv_size": [2, 0.5]},
								"up": {"uv": [0, 62], "uv_size": [0.25, 2]},
								"down": {"uv": [4, 64], "uv_size": [0.25, -2]}
							}
						},
						{
							"origin": [8.6, 21.43934, 0.93934],
							"size": [0.2, 0.35, 0.5],
							"uv": {
								"north": {"uv": [37, 64], "uv_size": [0.25, 0.25]},
								"east": {"uv": [17, 64], "uv_size": [0.5, 0.25]},
								"south": {"uv": [64, 37], "uv_size": [0.25, 0.25]},
								"west": {"uv": [18, 64], "uv_size": [0.5, 0.25]},
								"up": {"uv": [19, 64], "uv_size": [0.25, 0.5]},
								"down": {"uv": [20, 64.5], "uv_size": [0.25, -0.5]}
							}
						},
						{
							"origin": [8.6, 21.43934, -1.26777],
							"size": [0.2, 0.35, 0.5],
							"uv": {
								"north": {"uv": [38, 64], "uv_size": [0.25, 0.25]},
								"east": {"uv": [21, 64], "uv_size": [0.5, 0.25]},
								"south": {"uv": [64, 38], "uv_size": [0.25, 0.25]},
								"west": {"uv": [22, 64], "uv_size": [0.5, 0.25]},
								"up": {"uv": [23, 64], "uv_size": [0.25, 0.5]},
								"down": {"uv": [24, 64.5], "uv_size": [0.25, -0.5]}
							}
						},
						{
							"origin": [8.6, 20.79289, -0.41421],
							"size": [0.2, 0.5, 1],
							"uv": {
								"north": {"uv": [25, 64], "uv_size": [0.25, 0.5]},
								"east": {"uv": [5, 62], "uv_size": [1, 0.5]},
								"south": {"uv": [26, 64], "uv_size": [0.25, 0.5]},
								"west": {"uv": [6, 62], "uv_size": [1, 0.5]},
								"up": {"uv": [46, 63], "uv_size": [0.25, 1]},
								"down": {"uv": [63, 47], "uv_size": [0.25, -1]}
							}
						},
						{
							"origin": [8.7, 14, -2.5],
							"size": [0.2, 1, 4.8],
							"uv": {
								"north": {"uv": [47, 63], "uv_size": [0.25, 1]},
								"east": {"uv": [51, 2], "uv_size": [4.75, 1]},
								"south": {"uv": [63, 47], "uv_size": [0.25, 1]},
								"west": {"uv": [51, 3], "uv_size": [4.75, 1]},
								"up": {"uv": [2, 59], "uv_size": [0.25, 4.75]},
								"down": {"uv": [3, 63.75], "uv_size": [0.25, -4.75]}
							}
						},
						{
							"origin": [4, 14, -2.2],
							"size": [0.2, 1, 4.3],
							"uv": {
								"north": {"uv": [63, 48], "uv_size": [0.25, 1]},
								"east": {"uv": [53, 9], "uv_size": [4.25, 1]},
								"south": {"uv": [63, 49], "uv_size": [0.25, 1]},
								"west": {"uv": [53, 10], "uv_size": [4.25, 1]},
								"up": {"uv": [29, 59], "uv_size": [0.25, 4.25]},
								"down": {"uv": [39, 63.25], "uv_size": [0.25, -4.25]}
							}
						},
						{
							"origin": [4, 14, 2.1],
							"size": [4.7, 1, 0.2],
							"uv": {
								"north": {"uv": [8, 51], "uv_size": [4.75, 1]},
								"east": {"uv": [63, 50], "uv_size": [0.25, 1]},
								"south": {"uv": [43, 51], "uv_size": [4.75, 1]},
								"west": {"uv": [63, 51], "uv_size": [0.25, 1]},
								"up": {"uv": [4, 59], "uv_size": [4.75, 0.25]},
								"down": {"uv": [59, 8.25], "uv_size": [4.75, -0.25]}
							}
						},
						{
							"origin": [4, 14, -2.5],
							"size": [4.7, 1, 0.2],
							"uv": {
								"north": {"uv": [48, 51], "uv_size": [4.75, 1]},
								"east": {"uv": [52, 63], "uv_size": [0.25, 1]},
								"south": {"uv": [0, 52], "uv_size": [4.75, 1]},
								"west": {"uv": [63, 52], "uv_size": [0.25, 1]},
								"up": {"uv": [59, 9], "uv_size": [4.75, 0.25]},
								"down": {"uv": [59, 10.25], "uv_size": [4.75, -0.25]}
							}
						},
						{
							"origin": [5.75, 23.5, -1],
							"size": [2.75, 1.02, 2],
							"uv": {
								"north": {"uv": [42, 31], "uv_size": [2.75, 1]},
								"east": {"uv": [20, 57], "uv_size": [2, 1]},
								"south": {"uv": [54, 46], "uv_size": [2.75, 1]},
								"west": {"uv": [57, 20], "uv_size": [2, 1]},
								"up": {"uv": [49, 44], "uv_size": [2.75, 2]},
								"down": {"uv": [49, 50], "uv_size": [2.75, -2]}
							}
						},
						{
							"origin": [4.75, 23.5, -1],
							"size": [1, 1, 1],
							"pivot": [5.75, 24.75, -1],
							"rotation": [0, 45, 0],
							"uv": {
								"north": {"uv": [37, 10], "uv_size": [1, 1]},
								"east": {"uv": [32, 47], "uv_size": [1, 1]},
								"south": {"uv": [48, 8], "uv_size": [1, 1]},
								"west": {"uv": [55, 54], "uv_size": [1, 1]},
								"up": {"uv": [12, 60], "uv_size": [1, 1]},
								"down": {"uv": [60, 23], "uv_size": [1, -1]}
							}
						},
						{
							"origin": [4.75, 23.5, 0],
							"size": [1, 1, 1],
							"pivot": [5.75, 24.75, 1],
							"rotation": [0, -45, 0],
							"uv": {
								"north": {"uv": [24, 60], "uv_size": [1, 1]},
								"east": {"uv": [25, 60], "uv_size": [1, 1]},
								"south": {"uv": [60, 25], "uv_size": [1, 1]},
								"west": {"uv": [60, 26], "uv_size": [1, 1]},
								"up": {"uv": [60, 27], "uv_size": [1, 1]},
								"down": {"uv": [60, 29], "uv_size": [1, -1]}
							}
						},
						{
							"origin": [5.04289, 23.5, -0.29289],
							"size": [1, 1, 0.55],
							"uv": {
								"north": {"uv": [60, 29], "uv_size": [1, 1]},
								"east": {"uv": [62, 7], "uv_size": [0.5, 1]},
								"south": {"uv": [36, 60], "uv_size": [1, 1]},
								"west": {"uv": [9, 62], "uv_size": [0.5, 1]},
								"up": {"uv": [10, 62], "uv_size": [1, 0.5]},
								"down": {"uv": [11, 62.5], "uv_size": [1, -0.5]}
							}
						}
					]
				},
				{
					"name": "bone2",
					"parent": "LeftArm",
					"pivot": [5.5, 22, 0]
				},
				{
					"name": "RightLeg",
					"pivot": [-1.9, 12, 0],
					"cubes": [
						{
							"origin": [-3.92344, 0, -2.02734],
							"size": [4, 12, 4],
							"inflate": 0.25,
							"uv": {
								"north": {"uv": [28, 24], "uv_size": [4, 12]},
								"east": {"uv": [29, 0], "uv_size": [4, 12]},
								"south": {"uv": [0, 31], "uv_size": [4, 12]},
								"west": {"uv": [4, 31], "uv_size": [4, 12]},
								"up": {"uv": [42, 18], "uv_size": [4, 4]},
								"down": {"uv": [42, 26], "uv_size": [4, -4]}
							}
						},
						{
							"origin": [-4.17344, 7.25, -1.52734],
							"size": [0, 4, 3],
							"inflate": 0.25,
							"uv": {
								"north": {"uv": [0, 0], "uv_size": [0, 4]},
								"east": {"uv": [46, 17], "uv_size": [3, 4]},
								"south": {"uv": [0, 0], "uv_size": [0, 4]},
								"west": {"uv": [46, 21], "uv_size": [3, 4]},
								"up": {"uv": [0, 0], "uv_size": [0, 3]},
								"down": {"uv": [0, 3], "uv_size": [0, -3]}
							}
						},
						{
							"origin": [-4.42344, 9.5, -1.52734],
							"size": [0.25, 1.75, 3],
							"inflate": 0.25,
							"uv": {
								"north": {"uv": [33, 62], "uv_size": [0.25, 1.75]},
								"east": {"uv": [50, 33], "uv_size": [3, 1.75]},
								"south": {"uv": [34, 62], "uv_size": [0.25, 1.75]},
								"west": {"uv": [50, 35], "uv_size": [3, 1.75]},
								"up": {"uv": [61, 27], "uv_size": [0.25, 3]},
								"down": {"uv": [28, 64], "uv_size": [0.25, -3]}
							}
						},
						{
							"origin": [-4.17344, 0, -2.27734],
							"size": [4.5, 4.75, 4.5],
							"inflate": 0.25,
							"uv": {
								"north": {"uv": [33, 5], "uv_size": [4.5, 4.75]},
								"east": {"uv": [8, 36], "uv_size": [4.5, 4.75]},
								"south": {"uv": [13, 36], "uv_size": [4.5, 4.75]},
								"west": {"uv": [18, 36], "uv_size": [4.5, 4.75]},
								"up": {"uv": [37, 27], "uv_size": [4.5, 4.5]},
								"down": {"uv": [28, 41.5], "uv_size": [4.5, -4.5]}
							}
						}
					]
				},
				{
					"name": "LeftLeg",
					"pivot": [1.9, 12, 0],
					"cubes": [
						{
							"origin": [-0.03359, 0, -2.03516],
							"size": [4, 12, 4],
							"inflate": 0.25,
							"uv": {
								"north": {"uv": [20, 24], "uv_size": [4, 12]},
								"east": {"uv": [24, 24], "uv_size": [4, 12]},
								"south": {"uv": [25, 0], "uv_size": [4, 12]},
								"west": {"uv": [27, 12], "uv_size": [4, 12]},
								"up": {"uv": [42, 10], "uv_size": [4, 4]},
								"down": {"uv": [42, 18], "uv_size": [4, -4]}
							}
						},
						{
							"origin": [4.21641, 7.25, -1.53516],
							"size": [0, 4, 3],
							"inflate": 0.25,
							"uv": {
								"north": {"uv": [0, 0], "uv_size": [0, 4]},
								"east": {"uv": [46, 9], "uv_size": [3, 4]},
								"south": {"uv": [0, 0], "uv_size": [0, 4]},
								"west": {"uv": [46, 13], "uv_size": [3, 4]},
								"up": {"uv": [0, 0], "uv_size": [0, 3]},
								"down": {"uv": [0, 3], "uv_size": [0, -3]}
							}
						},
						{
							"origin": [4.46641, 9.5, -1.53516],
							"size": [0, 1.75, 3],
							"inflate": 0.25,
							"uv": {
								"north": {"uv": [0, 0], "uv_size": [0, 1.75]},
								"east": {"uv": [21, 50], "uv_size": [3, 1.75]},
								"south": {"uv": [0, 0], "uv_size": [0, 1.75]},
								"west": {"uv": [50, 31], "uv_size": [3, 1.75]},
								"up": {"uv": [0, 0], "uv_size": [0, 3]},
								"down": {"uv": [0, 3], "uv_size": [0, -3]}
							}
						},
						{
							"origin": [-0.28359, 0, -2.28516],
							"size": [4.5, 4.75, 4.5],
							"inflate": 0.25,
							"uv": {
								"north": {"uv": [32, 22], "uv_size": [4.5, 4.75]},
								"east": {"uv": [32, 27], "uv_size": [4.5, 4.75]},
								"south": {"uv": [32, 32], "uv_size": [4.5, 4.75]},
								"west": {"uv": [33, 0], "uv_size": [4.5, 4.75]},
								"up": {"uv": [23, 36], "uv_size": [4.5, 4.5]},
								"down": {"uv": [37, 26.5], "uv_size": [4.5, -4.5]}
							}
						}
					]
				}
			]
		}
	]
}