{
	"format_version": "1.12.0",
	"minecraft:geometry": [
		{
			"description": {
				"identifier": "geometry.italian_uniform",
				"texture_width": 64,
				"texture_height": 64,
				"visible_bounds_width": 3,
				"visible_bounds_height": 4.5,
				"visible_bounds_offset": [0, 1.75, 0]
			},
			"bones": [
				{
					"name": "Head",
					"pivot": [0, 24, 0]
				},
				{
					"name": "Helmet",
					"parent": "Head",
					"pivot": [0, 23.5, 0],
					"cubes": [
						{
							"origin": [-4, 32, -4],
							"size": [8, 1, 8],
							"uv": {
								"north": {"uv": [42, 3], "uv_size": [8, 1]},
								"east": {"uv": [30, 43], "uv_size": [7.5, 1]},
								"south": {"uv": [42, 4], "uv_size": [8, 1]},
								"west": {"uv": [44, 5], "uv_size": [7.5, 1]},
								"up": {"uv": [0, 12], "uv_size": [8, 7.5]},
								"down": {"uv": [8, 19.5], "uv_size": [8, -7.5]}
							}
						},
						{
							"origin": [-4, 27.08626, 3.96148],
							"size": [8, 5.8, 0.5],
							"pivot": [-0.5, 30.83626, 3.71148],
							"rotation": [12.5, 0, 0],
							"uv": {
								"north": {"uv": [32, 26], "uv_size": [8, 3.5]},
								"east": {"uv": [37, 49], "uv_size": [0.5, 3.5]},
								"south": {"uv": [32, 30], "uv_size": [8, 3.5]},
								"west": {"uv": [48, 49], "uv_size": [0.5, 3.5]},
								"up": {"uv": [46, 12], "uv_size": [8, 0.5]},
								"down": {"uv": [46, 13.5], "uv_size": [8, -0.5]}
							}
						},
						{
							"origin": [-4.90587, 27.10507, 3.95731],
							"size": [1, 2.4, 0.5],
							"pivot": [-0.40587, 30.85507, 3.70731],
							"rotation": [12.5, 0, 0],
							"uv": {
								"north": {"uv": [32, 26], "uv_size": [8, 3.5]},
								"east": {"uv": [37, 49], "uv_size": [0.5, 3.5]},
								"south": {"uv": [32, 30], "uv_size": [8, 3.5]},
								"west": {"uv": [48, 49], "uv_size": [0.5, 3.5]},
								"up": {"uv": [46, 12], "uv_size": [8, 0.5]},
								"down": {"uv": [46, 13.5], "uv_size": [8, -0.5]}
							}
						},
						{
							"origin": [3.90587, 27.10507, 3.95731],
							"size": [1, 2.4, 0.5],
							"pivot": [0.40587, 30.85507, 3.70731],
							"rotation": [12.5, 0, 0],
							"uv": {
								"north": {"uv": [40, 26], "uv_size": [-8, 3.5]},
								"east": {"uv": [48.5, 49], "uv_size": [-0.5, 3.5]},
								"south": {"uv": [40, 30], "uv_size": [-8, 3.5]},
								"west": {"uv": [37.5, 49], "uv_size": [-0.5, 3.5]},
								"up": {"uv": [54, 12], "uv_size": [-8, 0.5]},
								"down": {"uv": [54, 13.5], "uv_size": [-8, -0.5]}
							}
						},
						{
							"origin": [-4, 29.37915, -4.39655],
							"size": [8, 3.5, 0.5],
							"pivot": [-0.5, 31.12915, -3.64655],
							"rotation": [-12.5, 0, 0],
							"uv": {
								"north": {"uv": [38, 34], "uv_size": [8, 3]},
								"east": {"uv": [40, 50], "uv_size": [0.5, 3]},
								"south": {"uv": [38, 37], "uv_size": [8, 3]},
								"west": {"uv": [42, 50], "uv_size": [0.5, 3]},
								"up": {"uv": [47, 20], "uv_size": [8, 0.5]},
								"down": {"uv": [47, 21.5], "uv_size": [8, -0.5]}
							}
						},
						{
							"origin": [-4.33204, 29.34571, 3.29311],
							"size": [1.5, 3.5, 1],
							"pivot": [-4.08204, 31.59571, 3.54311],
							"rotation": [12.08681, -3.21132, 14.65993],
							"uv": {
								"north": {"uv": [44, 29], "uv_size": [1.5, 3.5]},
								"east": {"uv": [43, 46], "uv_size": [1, 3.5]},
								"south": {"uv": [35, 44], "uv_size": [1.5, 3.5]},
								"west": {"uv": [21, 47], "uv_size": [1, 3.5]},
								"up": {"uv": [30, 38], "uv_size": [1.5, 1]},
								"down": {"uv": [49, 35], "uv_size": [1.5, -1]}
							}
						},
						{
							"origin": [2.83204, 29.34571, 3.29311],
							"size": [1.5, 3.5, 1],
							"pivot": [4.08204, 31.59571, 3.54311],
							"rotation": [12.08681, 3.21132, -14.65993],
							"uv": {
								"north": {"uv": [44, 40], "uv_size": [1.5, 3.5]},
								"east": {"uv": [22, 47], "uv_size": [1, 3.5]},
								"south": {"uv": [44, 44], "uv_size": [1.5, 3.5]},
								"west": {"uv": [27, 47], "uv_size": [1, 3.5]},
								"up": {"uv": [49, 35], "uv_size": [1.5, 1]},
								"down": {"uv": [49, 37], "uv_size": [1.5, -1]}
							}
						},
						{
							"origin": [-4.32574, 29.39246, -4.28275],
							"size": [1.1, 3.5, 1],
							"pivot": [-4.26073, 31.64246, -3.53275],
							"rotation": [-12.08681, 3.21132, 14.65993],
							"uv": {
								"north": {"uv": [43, 50], "uv_size": [0.5, 3]},
								"east": {"uv": [48, 25], "uv_size": [1, 3]},
								"south": {"uv": [50, 49], "uv_size": [0.5, 3]},
								"west": {"uv": [48, 34], "uv_size": [1, 3]},
								"up": {"uv": [36, 53], "uv_size": [0.5, 1]},
								"down": {"uv": [53, 37], "uv_size": [0.5, -1]}
							}
						},
						{
							"origin": [3.22574, 29.39246, -4.28275],
							"size": [1.1, 3.5, 1],
							"pivot": [4.26073, 31.64246, -3.53275],
							"rotation": [-12.08681, -3.21132, -14.65993],
							"uv": {
								"north": {"uv": [0, 51], "uv_size": [0.5, 3]},
								"east": {"uv": [35, 48], "uv_size": [1, 3]},
								"south": {"uv": [51, 0], "uv_size": [0.5, 3]},
								"west": {"uv": [36, 48], "uv_size": [1, 3]},
								"up": {"uv": [37, 53], "uv_size": [0.5, 1]},
								"down": {"uv": [53, 38], "uv_size": [0.5, -1]}
							}
						},
						{
							"origin": [-5.71997, 31.18022, -2.5],
							"size": [3.5, 0.5, 6.5],
							"pivot": [-3.96997, 31.18022, 0],
							"rotation": [0, 0, -75],
							"uv": {
								"north": {"uv": [48, 28], "uv_size": [4, 0.5]},
								"east": {"uv": [47, 41], "uv_size": [6.5, 0.5]},
								"south": {"uv": [48, 37], "uv_size": [4, 0.5]},
								"west": {"uv": [47, 42], "uv_size": [6.5, 0.5]},
								"up": {"uv": [11, 32], "uv_size": [4, 6.5]},
								"down": {"uv": [36, 11.5], "uv_size": [4, -6.5]}
							}
						},
						{
							"origin": [2.21997, 31.18022, -2.5],
							"size": [3.5, 0.5, 6.5],
							"pivot": [3.96997, 31.18022, 0],
							"rotation": [0, 0, 75],
							"uv": {
								"north": {"uv": [49, 27], "uv_size": [4, 0.5]},
								"east": {"uv": [47, 43], "uv_size": [6.5, 0.5]},
								"south": {"uv": [49, 33], "uv_size": [4, 0.5]},
								"west": {"uv": [47, 44], "uv_size": [6.5, 0.5]},
								"up": {"uv": [15, 36], "uv_size": [4, 6.5]},
								"down": {"uv": [19, 42.5], "uv_size": [4, -6.5]}
							}
						},
						{
							"origin": [2.21997, 31.18022, -4],
							"size": [3.5, 0.5, 1.5],
							"pivot": [3.96997, 31.18022, 0],
							"rotation": [0, 0, 75],
							"uv": {
								"north": {"uv": [50, 10], "uv_size": [3, 0.5]},
								"east": {"uv": [52, 28], "uv_size": [1.5, 0.5]},
								"south": {"uv": [50, 11], "uv_size": [3, 0.5]},
								"west": {"uv": [52, 31], "uv_size": [1.5, 0.5]},
								"up": {"uv": [45, 27], "uv_size": [3, 1.5]},
								"down": {"uv": [38, 46.5], "uv_size": [3, -1.5]}
							}
						},
						{
							"origin": [-5.71997, 31.18022, -4],
							"size": [3.5, 0.5, 1.5],
							"pivot": [-3.96997, 31.18022, 0],
							"rotation": [0, 0, -75],
							"uv": {
								"north": {"uv": [53, 10], "uv_size": [-3, 0.5]},
								"east": {"uv": [53.5, 31], "uv_size": [-1.5, 0.5]},
								"south": {"uv": [53, 11], "uv_size": [-3, 0.5]},
								"west": {"uv": [53.5, 28], "uv_size": [-1.5, 0.5]},
								"up": {"uv": [48, 27], "uv_size": [-3, 1.5]},
								"down": {"uv": [41, 46.5], "uv_size": [-3, -1.5]}
							}
						},
						{
							"origin": [0.74031, 32.53384, -3.06827],
							"size": [1.5, 0.5, 7.8],
							"pivot": [4.99031, 32.4494, -0.06827],
							"rotation": [0, 0, -90],
							"uv": {
								"north": {"uv": [52, 32], "uv_size": [1.5, 0.5]},
								"east": {"uv": [47, 45], "uv_size": [6, 0.5]},
								"south": {"uv": [52, 34], "uv_size": [1.5, 0.5]},
								"west": {"uv": [46, 47], "uv_size": [6, 0.5]},
								"up": {"uv": [42, 40], "uv_size": [1.5, 6]},
								"down": {"uv": [43, 18], "uv_size": [1.5, -6]}
							}
						},
						{
							"origin": [-2.24031, 32.53384, -3.06827],
							"size": [1.5, 0.5, 7.8],
							"pivot": [-4.99031, 32.4494, -0.06827],
							"rotation": [0, 0, 90],
							"uv": {
								"north": {"uv": [53.5, 32], "uv_size": [-1.5, 0.5]},
								"east": {"uv": [52, 47], "uv_size": [-6, 0.5]},
								"south": {"uv": [53.5, 34], "uv_size": [-1.5, 0.5]},
								"west": {"uv": [53, 45], "uv_size": [-6, 0.5]},
								"up": {"uv": [43.5, 40], "uv_size": [-1.5, 6]},
								"down": {"uv": [44.5, 18], "uv_size": [-1.5, -6]}
							}
						},
						{
							"origin": [0.16661, 32.46014, -2.41827],
							"size": [0.5, 0.5, 1.3],
							"pivot": [4.91661, 32.4494, -0.41827],
							"rotation": [0, 0, -90],
							"uv": {
								"north": {"uv": [52, 32], "uv_size": [1.5, 0.5]},
								"east": {"uv": [47, 45], "uv_size": [6, 0.5]},
								"south": {"uv": [52, 34], "uv_size": [1.5, 0.5]},
								"west": {"uv": [46, 47], "uv_size": [6, 0.5]},
								"up": {"uv": [42, 40], "uv_size": [1.5, 6]},
								"down": {"uv": [43, 18], "uv_size": [1.5, -6]}
							}
						},
						{
							"origin": [-0.66661, 32.46014, -2.41827],
							"size": [0.5, 0.5, 1.3],
							"pivot": [-4.91661, 32.4494, -0.41827],
							"rotation": [0, 0, 90],
							"uv": {
								"north": {"uv": [53.5, 32], "uv_size": [-1.5, 0.5]},
								"east": {"uv": [52, 47], "uv_size": [-6, 0.5]},
								"south": {"uv": [53.5, 34], "uv_size": [-1.5, 0.5]},
								"west": {"uv": [53, 45], "uv_size": [-6, 0.5]},
								"up": {"uv": [43.5, 40], "uv_size": [-1.5, 6]},
								"down": {"uv": [44.5, 18], "uv_size": [-1.5, -6]}
							}
						},
						{
							"origin": [0.15587, 31.9494, -1.11827],
							"size": [1, 0.5, 5.85],
							"pivot": [4.90587, 31.9494, -0.01827],
							"rotation": [0, 0, -90],
							"uv": {
								"north": {"uv": [52, 32], "uv_size": [1.5, 0.5]},
								"east": {"uv": [47, 45], "uv_size": [6, 0.5]},
								"south": {"uv": [52, 34], "uv_size": [1.5, 0.5]},
								"west": {"uv": [46, 47], "uv_size": [6, 0.5]},
								"up": {"uv": [42, 40], "uv_size": [1.5, 6]},
								"down": {"uv": [43, 18], "uv_size": [1.5, -6]}
							}
						},
						{
							"origin": [-1.15587, 31.9494, -1.11827],
							"size": [1, 0.5, 5.85],
							"pivot": [-4.90587, 31.9494, -0.01827],
							"rotation": [0, 0, 90],
							"uv": {
								"north": {"uv": [53.5, 32], "uv_size": [-1.5, 0.5]},
								"east": {"uv": [52, 47], "uv_size": [-6, 0.5]},
								"south": {"uv": [53.5, 34], "uv_size": [-1.5, 0.5]},
								"west": {"uv": [53, 45], "uv_size": [-6, 0.5]},
								"up": {"uv": [43.5, 40], "uv_size": [-1.5, 6]},
								"down": {"uv": [44.5, 18], "uv_size": [-1.5, -6]}
							}
						},
						{
							"origin": [1.15587, 32.4494, -3.86827],
							"size": [1, 0.5, 1],
							"pivot": [4.90587, 32.4494, 0.13173],
							"rotation": [0, 0, -90],
							"uv": {
								"north": {"uv": [52, 32], "uv_size": [1.5, 0.5]},
								"east": {"uv": [47, 45], "uv_size": [6, 0.5]},
								"south": {"uv": [52, 34], "uv_size": [1.5, 0.5]},
								"west": {"uv": [46, 47], "uv_size": [6, 0.5]},
								"up": {"uv": [42, 40], "uv_size": [1.5, 6]},
								"down": {"uv": [43, 18], "uv_size": [1.5, -6]}
							}
						},
						{
							"origin": [-2.15587, 32.4494, -3.86827],
							"size": [1, 0.5, 1],
							"pivot": [-4.90587, 32.4494, 0.13173],
							"rotation": [0, 0, 90],
							"uv": {
								"north": {"uv": [53.5, 32], "uv_size": [-1.5, 0.5]},
								"east": {"uv": [52, 47], "uv_size": [-6, 0.5]},
								"south": {"uv": [53.5, 34], "uv_size": [-1.5, 0.5]},
								"west": {"uv": [53, 45], "uv_size": [-6, 0.5]},
								"up": {"uv": [43.5, 40], "uv_size": [-1.5, 6]},
								"down": {"uv": [44.5, 18], "uv_size": [-1.5, -6]}
							}
						},
						{
							"origin": [1.53074, 33.236, -4.76827],
							"size": [0.6, -0.5, 0.9],
							"pivot": [5.03661, 32.60526, 0.23173],
							"rotation": [0, 0, -90],
							"uv": {
								"north": {"uv": [52, 32], "uv_size": [1.5, 0.5]},
								"east": {"uv": [47, 45], "uv_size": [6, 0.5]},
								"south": {"uv": [52, 34], "uv_size": [1.5, 0.5]},
								"west": {"uv": [46, 47], "uv_size": [6, 0.5]},
								"up": {"uv": [42, 40], "uv_size": [1.5, 6]},
								"down": {"uv": [43, 18], "uv_size": [1.5, -6]}
							}
						},
						{
							"origin": [-2.13074, 33.236, -4.76827],
							"size": [0.6, -0.5, 0.9],
							"pivot": [-5.03661, 32.60526, 0.23173],
							"rotation": [0, 0, 90],
							"uv": {
								"north": {"uv": [53.5, 32], "uv_size": [-1.5, 0.5]},
								"east": {"uv": [52, 47], "uv_size": [-6, 0.5]},
								"south": {"uv": [53.5, 34], "uv_size": [-1.5, 0.5]},
								"west": {"uv": [53, 45], "uv_size": [-6, 0.5]},
								"up": {"uv": [43.5, 40], "uv_size": [-1.5, 6]},
								"down": {"uv": [44.5, 18], "uv_size": [-1.5, -6]}
							}
						},
						{
							"origin": [-2.13074, 33.236, -4.76827],
							"size": [0.6, 9, 0.9],
							"pivot": [-5.03661, 32.60526, 0.23173],
							"rotation": [0, 0, 90],
							"uv": {
								"north": {"uv": [53.5, 32], "uv_size": [-1.5, 0.5]},
								"east": {"uv": [52, 47], "uv_size": [-6, 0.5]},
								"south": {"uv": [53.5, 34], "uv_size": [-1.5, 0.5]},
								"west": {"uv": [53, 45], "uv_size": [-6, 0.5]},
								"up": {"uv": [43.5, 40], "uv_size": [-1.5, 6]},
								"down": {"uv": [44.5, 18], "uv_size": [-1.5, -6]}
							}
						},
						{
							"origin": [3.90587, 27.89616, -4.65361],
							"size": [0.5, 0.5, 2.5],
							"pivot": [4.90587, 27.89616, -1.15361],
							"rotation": [0, -35.20617, -90],
							"uv": {
								"north": {"uv": [53, 30], "uv_size": [1, 0.5]},
								"east": {"uv": [50, 16], "uv_size": [3, 0.5]},
								"south": {"uv": [53, 33], "uv_size": [1, 0.5]},
								"west": {"uv": [50, 17], "uv_size": [3, 0.5]},
								"up": {"uv": [0, 48], "uv_size": [1, 3]},
								"down": {"uv": [1, 51], "uv_size": [1, -3]}
							}
						},
						{
							"origin": [-4.40587, 27.89616, -4.65361],
							"size": [0.5, 0.5, 2.5],
							"pivot": [-4.90587, 27.89616, -1.15361],
							"rotation": [0, 35.20617, 90],
							"uv": {
								"north": {"uv": [54, 30], "uv_size": [-1, 0.5]},
								"east": {"uv": [53, 17], "uv_size": [-3, 0.5]},
								"south": {"uv": [54, 33], "uv_size": [-1, 0.5]},
								"west": {"uv": [53, 16], "uv_size": [-3, 0.5]},
								"up": {"uv": [1, 48], "uv_size": [-1, 3]},
								"down": {"uv": [2, 51], "uv_size": [-1, -3]}
							}
						},
						{
							"origin": [4.90587, 27.6556, -2.54722],
							"size": [0.5, 0.5, 1.5],
							"pivot": [4.90587, 27.6556, -2.54722],
							"rotation": [0, -17.70617, -90],
							"uv": {
								"north": {"uv": [53, 30], "uv_size": [1, 0.5]},
								"east": {"uv": [50, 16], "uv_size": [3, 0.5]},
								"south": {"uv": [53, 33], "uv_size": [1, 0.5]},
								"west": {"uv": [50, 17], "uv_size": [3, 0.5]},
								"up": {"uv": [0, 48], "uv_size": [1, 3]},
								"down": {"uv": [1, 51], "uv_size": [1, -3]}
							}
						},
						{
							"origin": [-5.40587, 27.6556, -2.54722],
							"size": [0.5, 0.5, 1.5],
							"pivot": [-4.90587, 27.6556, -2.54722],
							"rotation": [0, 17.70617, 90],
							"uv": {
								"north": {"uv": [54, 30], "uv_size": [-1, 0.5]},
								"east": {"uv": [53, 17], "uv_size": [-3, 0.5]},
								"south": {"uv": [54, 33], "uv_size": [-1, 0.5]},
								"west": {"uv": [53, 16], "uv_size": [-3, 0.5]},
								"up": {"uv": [1, 48], "uv_size": [-1, 3]},
								"down": {"uv": [2, 51], "uv_size": [-1, -3]}
							}
						}
					]
				},
				{
					"name": "Body",
					"pivot": [0, 24, 0],
					"cubes": [
						{
							"origin": [-4, 12, -1.97656],
							"size": [8, 12, 4],
							"inflate": 0.25,
							"uv": {
								"north": {"uv": [0, 0], "uv_size": [8, 12]},
								"east": {"uv": [16, 0], "uv_size": [4, 12]},
								"south": {"uv": [8, 0], "uv_size": [8, 12]},
								"west": {"uv": [16, 12], "uv_size": [4, 12]},
								"up": {"uv": [32, 18], "uv_size": [8, 4]},
								"down": {"uv": [32, 26], "uv_size": [8, -4]}
							}
						}
					]
				},
				{
					"name": "Vest",
					"parent": "Body",
					"pivot": [-0.5, 24.5, -4.97656],
					"cubes": [
						{
							"origin": [-4.44941, 16.52202, -2.03516],
							"size": [0.22656, 0.98438, 4.35156],
							"uv": {
								"north": {"uv": [22, 52], "uv_size": [0.5, 1]},
								"east": {"uv": [44, 8], "uv_size": [4.5, 1]},
								"south": {"uv": [52, 35], "uv_size": [0.5, 1]},
								"west": {"uv": [44, 33], "uv_size": [4.5, 1]},
								"up": {"uv": [44, 48], "uv_size": [0.5, 4.5]},
								"down": {"uv": [45, 52.5], "uv_size": [0.5, -4.5]}
							}
						},
						{
							"origin": [-4.46112, 16.52984, -2.97656],
							"size": [8.90234, 1, 1],
							"uv": {
								"north": {"uv": [40, 9], "uv_size": [9, 1]},
								"east": {"uv": [50, 26], "uv_size": [1, 1]},
								"south": {"uv": [40, 10], "uv_size": [9, 1]},
								"west": {"uv": [50, 46], "uv_size": [1, 1]},
								"up": {"uv": [40, 11], "uv_size": [9, 1]},
								"down": {"uv": [42, 1], "uv_size": [9, -1]}
							}
						},
						{
							"origin": [-14.96112, 8.02984, -2.47656],
							"size": [0.90234, 12.5, 0.5],
							"pivot": [0, 0, 0],
							"rotation": [0, 0, 45],
							"uv": {
								"north": {"uv": [41, 40], "uv_size": [1, 12.5]},
								"east": {"uv": [24, 44], "uv_size": [0.5, 12.5]},
								"south": {"uv": [4, 42], "uv_size": [1, 12.5]},
								"west": {"uv": [25, 44], "uv_size": [0.5, 12.5]},
								"up": {"uv": [52, 39], "uv_size": [1, 0.5]},
								"down": {"uv": [52, 40.5], "uv_size": [1, -0.5]}
							}
						},
						{
							"origin": [14.03888, 8.02984, -2.47656],
							"size": [0.90234, 12.5, 0.5],
							"pivot": [0, 0, 0],
							"rotation": [0, 0, -45],
							"uv": {
								"north": {"uv": [5, 42], "uv_size": [1, 12.5]},
								"east": {"uv": [26, 44], "uv_size": [0.5, 12.5]},
								"south": {"uv": [6, 42], "uv_size": [1, 12.5]},
								"west": {"uv": [30, 44], "uv_size": [0.5, 12.5]},
								"up": {"uv": [52, 47], "uv_size": [1, 0.5]},
								"down": {"uv": [52, 48.5], "uv_size": [1, -0.5]}
							}
						},
						{
							"origin": [14.03888, 8.02984, 1.97656],
							"size": [0.90234, 12.5, 0.5],
							"pivot": [0, 0, 0],
							"rotation": [0, 0, -45],
							"uv": {
								"north": {"uv": [7, 42], "uv_size": [1, 12.5]},
								"east": {"uv": [31, 44], "uv_size": [0.5, 12.5]},
								"south": {"uv": [8, 42], "uv_size": [1, 12.5]},
								"west": {"uv": [32, 44], "uv_size": [0.5, 12.5]},
								"up": {"uv": [52, 49], "uv_size": [1, 0.5]},
								"down": {"uv": [50, 52.5], "uv_size": [1, -0.5]}
							}
						},
						{
							"origin": [-14.96112, 8.02984, 1.97656],
							"size": [0.90234, 12.5, 0.5],
							"pivot": [0, 0, 0],
							"rotation": [0, 0, 45],
							"uv": {
								"north": {"uv": [9, 42], "uv_size": [1, 12.5]},
								"east": {"uv": [33, 44], "uv_size": [0.5, 12.5]},
								"south": {"uv": [10, 42], "uv_size": [1, 12.5]},
								"west": {"uv": [34, 44], "uv_size": [0.5, 12.5]},
								"up": {"uv": [52, 50], "uv_size": [1, 0.5]},
								"down": {"uv": [52, 51.5], "uv_size": [1, -0.5]}
							}
						},
						{
							"origin": [-14.96112, 8.02984, -2.02344],
							"size": [0.90234, 0.5, 4],
							"pivot": [0, 0, 0],
							"rotation": [0, 0, 45],
							"uv": {
								"north": {"uv": [52, 52], "uv_size": [1, 0.5]},
								"east": {"uv": [48, 38], "uv_size": [4, 0.5]},
								"south": {"uv": [53, 0], "uv_size": [1, 0.5]},
								"west": {"uv": [48, 39], "uv_size": [4, 0.5]},
								"up": {"uv": [15, 32], "uv_size": [1, 4]},
								"down": {"uv": [13, 49], "uv_size": [1, -4]}
							}
						},
						{
							"origin": [14.05878, 8.02984, -2.02344],
							"size": [0.90234, 0.5, 4],
							"pivot": [0, 0, 0],
							"rotation": [0, 0, -45],
							"uv": {
								"north": {"uv": [53, 6], "uv_size": [1, 0.5]},
								"east": {"uv": [48, 40], "uv_size": [4, 0.5]},
								"south": {"uv": [53, 7], "uv_size": [1, 0.5]},
								"west": {"uv": [48, 48], "uv_size": [4, 0.5]},
								"up": {"uv": [14, 45], "uv_size": [1, 4]},
								"down": {"uv": [46, 22], "uv_size": [1, -4]}
							}
						},
						{
							"origin": [4.05878, 12.02984, -1.52344],
							"size": [0.90234, 4.5, 3],
							"uv": {
								"north": {"uv": [12, 45], "uv_size": [1, 4.5]},
								"east": {"uv": [27, 40], "uv_size": [3, 4.5]},
								"south": {"uv": [45, 12], "uv_size": [1, 4.5]},
								"west": {"uv": [58, 57], "uv_size": [6, 7]},
								"up": {"uv": [39, 47], "uv_size": [1, 3]},
								"down": {"uv": [40, 50], "uv_size": [1, -3]}
							}
						},
						{
							"origin": [-1.94122, 12.02984, 1.97656],
							"size": [5.40234, 5, 1],
							"uv": {
								"north": {"uv": [32, 34], "uv_size": [5.5, 5]},
								"east": {"uv": [37, 44], "uv_size": [1, 5]},
								"south": {"uv": [58, 57], "uv_size": [6, 7]},
								"west": {"uv": [11, 45], "uv_size": [1, 5]},
								"up": {"uv": [44, 6], "uv_size": [5.5, 1]},
								"down": {"uv": [44, 8], "uv_size": [5.5, -1]}
							}
						},
						{
							"origin": [-14.96112, 19.52984, -2.02344],
							"size": [0.90234, 1, 4],
							"pivot": [0, 0, 0],
							"rotation": [0, 0, 45],
							"uv": {
								"north": {"uv": [17, 51], "uv_size": [1, 1]},
								"east": {"uv": [46, 16], "uv_size": [4, 1]},
								"south": {"uv": [18, 51], "uv_size": [1, 1]},
								"west": {"uv": [46, 29], "uv_size": [4, 1]},
								"up": {"uv": [46, 34], "uv_size": [1, 4]},
								"down": {"uv": [46, 42], "uv_size": [1, -4]}
							}
						},
						{
							"origin": [14.05878, 19.52984, -2.02344],
							"size": [0.90234, 1, 4],
							"pivot": [0, 0, 0],
							"rotation": [0, 0, -45],
							"uv": {
								"north": {"uv": [51, 18], "uv_size": [1, 1]},
								"east": {"uv": [46, 30], "uv_size": [4, 1]},
								"south": {"uv": [51, 19], "uv_size": [1, 1]},
								"west": {"uv": [46, 31], "uv_size": [4, 1]},
								"up": {"uv": [42, 46], "uv_size": [1, 4]},
								"down": {"uv": [46, 46], "uv_size": [1, -4]}
							}
						},
						{
							"origin": [0.19141, 15.85938, -3.49609],
							"size": [1.2, 1.88281, 0.5],
							"uv": {
								"north": {"uv": [50, 57], "uv_size": [5, 7]},
								"east": {"uv": [35, 51], "uv_size": [0.5, 2]},
								"south": {"uv": [17, 49], "uv_size": [1, 2]},
								"west": {"uv": [36, 51], "uv_size": [0.5, 2]},
								"up": {"uv": [22, 53], "uv_size": [1, 0.5]},
								"down": {"uv": [53, 22.5], "uv_size": [1, -0.5]}
							}
						},
						{
							"origin": [4.22284, 16.52202, -2.03516],
							"size": [0.22656, 0.98438, 4.35156],
							"uv": {
								"north": {"uv": [23, 53], "uv_size": [0.5, 1]},
								"east": {"uv": [45, 17], "uv_size": [4.5, 1]},
								"south": {"uv": [53, 25], "uv_size": [0.5, 1]},
								"west": {"uv": [45, 22], "uv_size": [4.5, 1]},
								"up": {"uv": [46, 48], "uv_size": [0.5, 4.5]},
								"down": {"uv": [47, 52.5], "uv_size": [0.5, -4.5]}
							}
						},
						{
							"origin": [-1.39141, 15.85938, -3.45312],
							"size": [1.2, 1.88281, 0.5],
							"uv": {
								"north": {"uv": [50, 57], "uv_size": [5, 7]},
								"east": {"uv": [51, 49], "uv_size": [0.5, 2]},
								"south": {"uv": [49, 25], "uv_size": [1, 2]},
								"west": {"uv": [51, 51], "uv_size": [0.5, 2]},
								"up": {"uv": [53, 26], "uv_size": [1, 0.5]},
								"down": {"uv": [27, 53.5], "uv_size": [1, -0.5]}
							}
						},
						{
							"origin": [-4.48066, 16.52984, 2.30859],
							"size": [8.90234, 1, 0.5],
							"uv": {
								"north": {"uv": [42, 1], "uv_size": [9, 1]},
								"east": {"uv": [53, 27], "uv_size": [0.5, 1]},
								"south": {"uv": [42, 2], "uv_size": [9, 1]},
								"west": {"uv": [53, 29], "uv_size": [0.5, 1]},
								"up": {"uv": [45, 23], "uv_size": [9, 0.5]},
								"down": {"uv": [45, 24.5], "uv_size": [9, -0.5]}
							}
						}
					]
				},
				{
					"name": "bone",
					"parent": "Vest",
					"pivot": [-3.475, 19.775, -2.49828],
					"rotation": [0, 0, 42.5]
				},
				{
					"name": "RightArm",
					"pivot": [-4.5, 22, 0],
					"cubes": [
						{
							"origin": [-8.44122, 13.02984, -2.47656],
							"size": [4.90234, 1, 0.5],
							"uv": {
								"north": {"uv": [49, 9], "uv_size": [-9, 1]},
								"east": {"uv": [51, 46], "uv_size": [-1, 1]},
								"south": {"uv": [49, 10], "uv_size": [-9, 1]},
								"west": {"uv": [51, 26], "uv_size": [-1, 1]},
								"up": {"uv": [49, 11], "uv_size": [-9, 1]},
								"down": {"uv": [51, 1], "uv_size": [-9, -1]}
							}
						},
						{
							"origin": [-8.44122, 13.02984, -1.97656],
							"size": [0.40234, 1, 4],
							"uv": {
								"north": {"uv": [49, 9], "uv_size": [-9, 1]},
								"east": {"uv": [51, 46], "uv_size": [-1, 1]},
								"south": {"uv": [49, 10], "uv_size": [-9, 1]},
								"west": {"uv": [51, 26], "uv_size": [-1, 1]},
								"up": {"uv": [49, 11], "uv_size": [-9, 1]},
								"down": {"uv": [51, 1], "uv_size": [-9, -1]}
							}
						},
						{
							"origin": [-8.44122, 13.02984, 2.02344],
							"size": [4.90234, 1, 0.5],
							"uv": {
								"north": {"uv": [49, 9], "uv_size": [-9, 1]},
								"east": {"uv": [51, 46], "uv_size": [-1, 1]},
								"south": {"uv": [49, 10], "uv_size": [-9, 1]},
								"west": {"uv": [51, 26], "uv_size": [-1, 1]},
								"up": {"uv": [49, 11], "uv_size": [-9, 1]},
								"down": {"uv": [51, 1], "uv_size": [-9, -1]}
							}
						},
						{
							"origin": [-3.94122, 13.02984, -1.97656],
							"size": [0.40234, 1, 4],
							"uv": {
								"north": {"uv": [49, 9], "uv_size": [-9, 1]},
								"east": {"uv": [51, 46], "uv_size": [-1, 1]},
								"south": {"uv": [49, 10], "uv_size": [-9, 1]},
								"west": {"uv": [51, 26], "uv_size": [-1, 1]},
								"up": {"uv": [49, 11], "uv_size": [-9, 1]},
								"down": {"uv": [51, 1], "uv_size": [-9, -1]}
							}
						},
						{
							"origin": [-7.88281, 12, -2.07812],
							"size": [4, 12, 4],
							"inflate": 0.25,
							"uv": {
								"north": {"uv": [0, 20], "uv_size": [4, 12]},
								"east": {"uv": [20, 0], "uv_size": [4, 12]},
								"south": {"uv": [4, 20], "uv_size": [4, 12]},
								"west": {"uv": [8, 20], "uv_size": [4, 12]},
								"up": {"uv": [30, 39], "uv_size": [4, 4]},
								"down": {"uv": [34, 43], "uv_size": [4, -4]}
							}
						}
					]
				},
				{
					"name": "LeftArm",
					"pivot": [5, 22, 0],
					"cubes": [
						{
							"origin": [3.53888, 13.02984, -2.47656],
							"size": [4.90234, 1, 0.5],
							"uv": {
								"north": {"uv": [40, 9], "uv_size": [9, 1]},
								"east": {"uv": [50, 26], "uv_size": [1, 1]},
								"south": {"uv": [40, 10], "uv_size": [9, 1]},
								"west": {"uv": [50, 46], "uv_size": [1, 1]},
								"up": {"uv": [40, 11], "uv_size": [9, 1]},
								"down": {"uv": [42, 1], "uv_size": [9, -1]}
							}
						},
						{
							"origin": [3.53888, 13.02984, 2.02344],
							"size": [4.90234, 1, 0.5],
							"uv": {
								"north": {"uv": [40, 9], "uv_size": [9, 1]},
								"east": {"uv": [50, 26], "uv_size": [1, 1]},
								"south": {"uv": [40, 10], "uv_size": [9, 1]},
								"west": {"uv": [50, 46], "uv_size": [1, 1]},
								"up": {"uv": [40, 11], "uv_size": [9, 1]},
								"down": {"uv": [42, 1], "uv_size": [9, -1]}
							}
						},
						{
							"origin": [8.03888, 13.02984, -1.97656],
							"size": [0.40234, 1, 4],
							"uv": {
								"north": {"uv": [40, 9], "uv_size": [9, 1]},
								"east": {"uv": [50, 26], "uv_size": [1, 1]},
								"south": {"uv": [40, 10], "uv_size": [9, 1]},
								"west": {"uv": [50, 46], "uv_size": [1, 1]},
								"up": {"uv": [40, 11], "uv_size": [9, 1]},
								"down": {"uv": [42, 1], "uv_size": [9, -1]}
							}
						},
						{
							"origin": [3.53888, 13.02984, -1.97656],
							"size": [0.40234, 1, 4],
							"uv": {
								"north": {"uv": [40, 9], "uv_size": [9, 1]},
								"east": {"uv": [50, 26], "uv_size": [1, 1]},
								"south": {"uv": [40, 10], "uv_size": [9, 1]},
								"west": {"uv": [50, 46], "uv_size": [1, 1]},
								"up": {"uv": [40, 11], "uv_size": [9, 1]},
								"down": {"uv": [42, 1], "uv_size": [9, -1]}
							}
						},
						{
							"origin": [3.96484, 12, -2.07031],
							"size": [4, 12, 4],
							"inflate": 0.25,
							"uv": {
								"north": {"uv": [12, 20], "uv_size": [4, 12]},
								"east": {"uv": [20, 12], "uv_size": [4, 12]},
								"south": {"uv": [24, 0], "uv_size": [4, 12]},
								"west": {"uv": [24, 12], "uv_size": [4, 12]},
								"up": {"uv": [40, 5], "uv_size": [4, 4]},
								"down": {"uv": [40, 22], "uv_size": [4, -4]}
							}
						}
					]
				},
				{
					"name": "RightLeg",
					"pivot": [-1.9, 12, 0],
					"cubes": [
						{
							"origin": [-3.92344, 0, -2.02734],
							"size": [4, 12, 4],
							"inflate": 0.25,
							"uv": {
								"north": {"uv": [16, 24], "uv_size": [4, 12]},
								"east": {"uv": [20, 24], "uv_size": [4, 12]},
								"south": {"uv": [24, 24], "uv_size": [4, 12]},
								"west": {"uv": [28, 0], "uv_size": [4, 12]},
								"up": {"uv": [40, 22], "uv_size": [4, 4]},
								"down": {"uv": [23, 44], "uv_size": [4, -4]}
							}
						}
					]
				},
				{
					"name": "LeftLeg",
					"pivot": [1.9, 12, 0],
					"cubes": [
						{
							"origin": [-0.03359, 0, -2.03516],
							"size": [4, 12, 4],
							"inflate": 0.25,
							"uv": {
								"north": {"uv": [28, 12], "uv_size": [4, 12]},
								"east": {"uv": [28, 24], "uv_size": [4, 12]},
								"south": {"uv": [0, 32], "uv_size": [4, 12]},
								"west": {"uv": [32, 0], "uv_size": [4, 12]},
								"up": {"uv": [40, 26], "uv_size": [4, 4]},
								"down": {"uv": [40, 34], "uv_size": [4, -4]}
							}
						}
					]
				}
			]
		}
	]
}