{
	"format_version": "1.12.0",
	"minecraft:geometry": [
		{
			"description": {
				"identifier": "geometry.m1941",
				"texture_width": 128,
				"texture_height": 128,
				"visible_bounds_width": 3,
				"visible_bounds_height": 4.5,
				"visible_bounds_offset": [0, 1.75, 0]
			},
			"bones": [
				{
					"name": "Head",
					"pivot": [0, 24, 0]
				},
				{
					"name": "Helmet",
					"parent": "Head",
					"pivot": [0, 23.5, 0],
					"cubes": [
						{
							"origin": [-3.5, 33.07341, -4.0985],
							"size": [7.5, 0.5, 7.5],
							"uv": {
								"north": {"uv": [7.5, 12], "uv_size": [-7.5, 7.5]},
								"east": {"uv": [7.5, 12], "uv_size": [-7.5, 7.5]},
								"south": {"uv": [7.5, 12], "uv_size": [-7.5, 7.5]},
								"west": {"uv": [7.5, 12], "uv_size": [-7.5, 7.5]},
								"up": {"uv": [0, 19.5], "uv_size": [7.5, -7.5]},
								"down": {"uv": [0, 19.5], "uv_size": [7.5, -7.5]}
							}
						},
						{
							"origin": [-3.5, 28.74379, -11.53584],
							"size": [7.5, 2.5, 0.5],
							"pivot": [0.5, 0, 0],
							"rotation": [-12.5, 0, 0],
							"uv": {
								"north": {"uv": [43, 18], "uv_size": [7.5, 2.5]},
								"east": {"uv": [43, 18], "uv_size": [7.5, 2.5]},
								"south": {"uv": [43, 18], "uv_size": [7.5, 2.5]},
								"west": {"uv": [43, 18], "uv_size": [7.5, 2.5]},
								"up": {"uv": [50.5, 20.5], "uv_size": [-7.5, -2.5]},
								"down": {"uv": [50.5, 20.5], "uv_size": [-7.5, -2.5]}
							}
						},
						{
							"origin": [-3.5, 33, -4.5],
							"size": [7.5, 0.7, 0.5],
							"pivot": [4.5, 33, -4.5],
							"rotation": [-35, 0, 0],
							"uv": {
								"north": {"uv": [51, 39], "uv_size": [7.5, 0.5]},
								"east": {"uv": [51, 39], "uv_size": [7.5, 0.5]},
								"south": {"uv": [51, 39], "uv_size": [7.5, 0.5]},
								"west": {"uv": [51, 39], "uv_size": [7.5, 0.5]},
								"up": {"uv": [58.5, 39.5], "uv_size": [-7.5, -0.5]},
								"down": {"uv": [58.5, 39.5], "uv_size": [-7.5, -0.5]}
							}
						},
						{
							"origin": [-3.5985, 33, 3.9015],
							"size": [7.5, 0.7, 0.5],
							"pivot": [4.4015, 33, 3.9015],
							"rotation": [-35, -90, 0],
							"uv": {
								"north": {"uv": [52, 1.5], "uv_size": [7.5, -0.5]},
								"east": {"uv": [34, 64], "uv_size": [0.5, 0.5]},
								"south": {"uv": [52, 30], "uv_size": [7.5, 0.5]},
								"west": {"uv": [64, 34], "uv_size": [0.5, 0.5]},
								"up": {"uv": [52, 31], "uv_size": [7.5, 0.5]},
								"down": {"uv": [50, 52.5], "uv_size": [7.5, -0.5]}
							}
						},
						{
							"origin": [-3.4015, 33, 3.9015],
							"size": [7.5, 0.7, 0.5],
							"pivot": [-3.9015, 33, 3.9015],
							"rotation": [-35, 90, 0],
							"uv": {
								"north": {"uv": [53, 3], "uv_size": [7.5, 0.5]},
								"east": {"uv": [53, 3], "uv_size": [7.5, 0.5]},
								"south": {"uv": [53, 3], "uv_size": [7.5, 0.5]},
								"west": {"uv": [53, 3], "uv_size": [7.5, 0.5]},
								"up": {"uv": [60.5, 3.5], "uv_size": [-7.5, -0.5]},
								"down": {"uv": [60.5, 3.5], "uv_size": [-7.5, -0.5]}
							}
						},
						{
							"origin": [-3.5, 33, 3.30301],
							"size": [7.5, 0.7, 0.5],
							"pivot": [4.5, 33, 3.80301],
							"rotation": [35, 0, 0],
							"uv": {
								"north": {"uv": [53, 8], "uv_size": [7.5, 0.5]},
								"east": {"uv": [53, 8], "uv_size": [7.5, 0.5]},
								"south": {"uv": [53, 8], "uv_size": [7.5, 0.5]},
								"west": {"uv": [53, 8], "uv_size": [7.5, 0.5]},
								"up": {"uv": [60.5, 8.5], "uv_size": [-7.5, -0.5]},
								"down": {"uv": [60.5, 8.5], "uv_size": [-7.5, -0.5]}
							}
						},
						{
							"origin": [3.92375, 33.02182, 3.40358],
							"size": [0.5, 0.8, 0.5],
							"pivot": [4.34059, 32.94201, 3.91776],
							"rotation": [35, 0, -35],
							"uv": {
								"north": {"uv": [63, 1], "uv_size": [0.5, -1]},
								"east": {"uv": [63, 1], "uv_size": [0.5, -1]},
								"south": {"uv": [63, 1], "uv_size": [0.5, -1]},
								"west": {"uv": [63, 1], "uv_size": [0.5, -1]},
								"up": {"uv": [63.5, 0], "uv_size": [-0.5, 1]},
								"down": {"uv": [63.5, 0], "uv_size": [-0.5, 1]}
							}
						},
						{
							"origin": [-3.92375, 33.02182, 3.40358],
							"size": [0.5, 0.8, 0.5],
							"pivot": [-3.84059, 32.94201, 3.91776],
							"rotation": [35, 0, 35],
							"uv": {
								"north": {"uv": [63, 1], "uv_size": [0.5, 1]},
								"east": {"uv": [63, 4], "uv_size": [0.5, 1]},
								"south": {"uv": [63, 5], "uv_size": [0.5, 1]},
								"west": {"uv": [63, 6], "uv_size": [0.5, 1]},
								"up": {"uv": [38, 64], "uv_size": [0.5, 0.5]},
								"down": {"uv": [64, 38.5], "uv_size": [0.5, -0.5]}
							}
						},
						{
							"origin": [-4.08824, 32.7869, -4.69099],
							"size": [0.5, 0.8, 0.5],
							"pivot": [-4.00508, 32.70709, -4.20518],
							"rotation": [-35, 0, 35],
							"uv": {
								"north": {"uv": [63, 7], "uv_size": [0.5, 1]},
								"east": {"uv": [63, 7], "uv_size": [0.5, 1]},
								"south": {"uv": [63, 7], "uv_size": [0.5, 1]},
								"west": {"uv": [63, 7], "uv_size": [0.5, 1]},
								"up": {"uv": [63.5, 8], "uv_size": [-0.5, -1]},
								"down": {"uv": [63.5, 8], "uv_size": [-0.5, -1]}
							}
						},
						{
							"origin": [4.08824, 32.7869, -4.69099],
							"size": [0.5, 0.8, 0.5],
							"pivot": [4.50508, 32.70709, -4.20518],
							"rotation": [-35, 0, -35],
							"uv": {
								"north": {"uv": [16, 63], "uv_size": [0.5, 1]},
								"east": {"uv": [16, 63], "uv_size": [0.5, 1]},
								"south": {"uv": [16, 63], "uv_size": [0.5, 1]},
								"west": {"uv": [16, 63], "uv_size": [0.5, 1]},
								"up": {"uv": [16.5, 64], "uv_size": [-0.5, -1]},
								"down": {"uv": [16.5, 64], "uv_size": [-0.5, -1]}
							}
						},
						{
							"origin": [-3.5, 28.74379, 10.38625],
							"size": [7.5, 2.5, 0.5],
							"pivot": [0.5, -0.21644, -0.6733],
							"rotation": [12.5, 0, 0],
							"uv": {
								"north": {"uv": [43, 38], "uv_size": [7.5, 2.5]},
								"east": {"uv": [43, 38], "uv_size": [7.5, 2.5]},
								"south": {"uv": [43, 38], "uv_size": [7.5, 2.5]},
								"west": {"uv": [43, 38], "uv_size": [7.5, 2.5]},
								"up": {"uv": [50.5, 40.5], "uv_size": [-7.5, -2.5]},
								"down": {"uv": [50.5, 40.5], "uv_size": [-7.5, -2.5]}
							}
						},
						{
							"origin": [-5.23355, 31.47789, -4.0985],
							"size": [2.5, 0.5, 7.5],
							"pivot": [-3.98355, 31.72789, -0.3485],
							"rotation": [0, 0, -75],
							"uv": {
								"north": {"uv": [45.5, 48.5], "uv_size": [-2.5, -7.5]},
								"east": {"uv": [45.5, 48.5], "uv_size": [-2.5, -7.5]},
								"south": {"uv": [45.5, 48.5], "uv_size": [-2.5, -7.5]},
								"west": {"uv": [45.5, 48.5], "uv_size": [-2.5, -7.5]},
								"up": {"uv": [43, 41], "uv_size": [2.5, 7.5]},
								"down": {"uv": [43, 41], "uv_size": [2.5, 7.5]}
							}
						},
						{
							"origin": [-30.24102, 11.75299, -4.0985],
							"size": [2.5, 0.5, 7.8],
							"pivot": [0.59926, 0.05298, -0.5985],
							"rotation": [0, 0, 75],
							"uv": {
								"north": {"uv": [19.5, 43], "uv_size": [-2.5, -8]},
								"east": {"uv": [19.5, 43], "uv_size": [-2.5, -8]},
								"south": {"uv": [19.5, 43], "uv_size": [-2.5, -8]},
								"west": {"uv": [19.5, 43], "uv_size": [-2.5, -8]},
								"up": {"uv": [17, 35], "uv_size": [2.5, 8]},
								"down": {"uv": [17, 35], "uv_size": [2.5, 8]}
							}
						},
						{
							"origin": [2.44855, 29.58519, 3.4015],
							"size": [2.6, 1, 1],
							"pivot": [5.04855, 30.58519, 4.4015],
							"rotation": [0, -12.5, 75],
							"uv": {
								"north": {"uv": [39, 35], "uv_size": [2.5, 1]},
								"east": {"uv": [39, 35], "uv_size": [2.5, 1]},
								"south": {"uv": [39, 35], "uv_size": [2.5, 1]},
								"west": {"uv": [39, 35], "uv_size": [2.5, 1]},
								"up": {"uv": [41.5, 36], "uv_size": [-2.5, -1]},
								"down": {"uv": [41.5, 36], "uv_size": [-2.5, -1]}
							}
						},
						{
							"origin": [2.46086, 29.48019, -5.13195],
							"size": [2.6, 1, 1],
							"pivot": [5.06086, 30.48019, -4.63195],
							"rotation": [0, 12.5, 75],
							"uv": {
								"north": {"uv": [56, 12], "uv_size": [2.5, 1]},
								"east": {"uv": [56, 12], "uv_size": [2.5, 1]},
								"south": {"uv": [56, 12], "uv_size": [2.5, 1]},
								"west": {"uv": [56, 12], "uv_size": [2.5, 1]},
								"up": {"uv": [58.5, 13], "uv_size": [-2.5, -1]},
								"down": {"uv": [58.5, 13], "uv_size": [-2.5, -1]}
							}
						},
						{
							"origin": [-4.56086, 29.48019, -5.13195],
							"size": [2.6, 1, 1],
							"pivot": [-4.56086, 30.48019, -4.63195],
							"rotation": [0, -12.5, -75],
							"uv": {
								"north": {"uv": [56, 18], "uv_size": [2.5, 1]},
								"east": {"uv": [56, 18], "uv_size": [2.5, 1]},
								"south": {"uv": [56, 18], "uv_size": [2.5, 1]},
								"west": {"uv": [56, 18], "uv_size": [2.5, 1]},
								"up": {"uv": [58.5, 19], "uv_size": [-2.5, -1]},
								"down": {"uv": [58.5, 19], "uv_size": [-2.5, -1]}
							}
						},
						{
							"origin": [-4.32568, 29.9, 3.4015],
							"size": [2.6, 1, 1],
							"pivot": [-4.24554, 30.58519, 4.5985],
							"rotation": [0, 12.5, -75],
							"uv": {
								"north": {"uv": [58.5, 55], "uv_size": [-2.5, -1]},
								"east": {"uv": [58.5, 55], "uv_size": [-2.5, -1]},
								"south": {"uv": [58.5, 55], "uv_size": [-2.5, -1]},
								"west": {"uv": [58.5, 55], "uv_size": [-2.5, -1]},
								"up": {"uv": [56, 54], "uv_size": [2.5, 1]},
								"down": {"uv": [56, 54], "uv_size": [2.5, 1]}
							}
						},
						{
							"origin": [-30.14053, -5.228, 3.9015],
							"size": [2.6, 9.67, 0.5],
							"pivot": [0.5256, -0.08095, -0.0985],
							"rotation": [0, 0, 90],
							"uv": {
								"north": {"uv": [62.5, 30.5], "uv_size": [-2.5, -0.5]},
								"east": {"uv": [62.5, 30.5], "uv_size": [-2.5, -0.5]},
								"south": {"uv": [62.5, 30.5], "uv_size": [-2.5, -0.5]},
								"west": {"uv": [62.5, 30.5], "uv_size": [-2.5, -0.5]},
								"up": {"uv": [60, 30], "uv_size": [2.5, 0.5]},
								"down": {"uv": [60, 30], "uv_size": [2.5, 0.5]}
							}
						},
						{
							"origin": [-29.91906, -4.58233, -5.07649],
							"size": [1.9, 8.67, 0.5],
							"pivot": [0.56613, 0.06472, -0.07649],
							"rotation": [0, 0, 90],
							"uv": {
								"north": {"uv": [34, 46], "uv_size": [2, 8.5]},
								"east": {"uv": [34, 46], "uv_size": [2, 8.5]},
								"south": {"uv": [34, 46], "uv_size": [2, 8.5]},
								"west": {"uv": [34, 46], "uv_size": [2, 8.5]},
								"up": {"uv": [36, 54.5], "uv_size": [-2, -8.5]},
								"down": {"uv": [36, 54.5], "uv_size": [-2, -8.5]}
							}
						},
						{
							"origin": [-28.11906, -5.58233, -5.57649],
							"size": [0.1, 10.67, 0.5],
							"pivot": [0.56613, 0.06472, -0.07649],
							"rotation": [0, 0, 90],
							"uv": {
								"north": {"uv": [43, 49], "uv_size": [0.5, 10.5]},
								"east": {"uv": [43, 49], "uv_size": [0.5, 10.5]},
								"south": {"uv": [43, 49], "uv_size": [0.5, 10.5]},
								"west": {"uv": [43, 49], "uv_size": [0.5, 10.5]},
								"up": {"uv": [43.5, 59.5], "uv_size": [-0.5, -10.5]},
								"down": {"uv": [43.5, 59.5], "uv_size": [-0.5, -10.5]}
							}
						},
						{
							"origin": [-29.91906, 2.91767, -5.07649],
							"size": [1.9, 1.67, 9],
							"pivot": [0.56613, 0.06472, -0.07649],
							"rotation": [0, 0, 90],
							"uv": {
								"north": {"uv": [12, 43], "uv_size": [-2, 9]},
								"east": {"uv": [12, 43], "uv_size": [-2, 9]},
								"south": {"uv": [12, 43], "uv_size": [-2, 9]},
								"west": {"uv": [12, 43], "uv_size": [-2, 9]},
								"up": {"uv": [10, 52], "uv_size": [2, -9]},
								"down": {"uv": [10, 52], "uv_size": [2, -9]}
							}
						},
						{
							"origin": [-29.01906, 3.16591, -2.69219],
							"size": [1, 0.67, 7.1],
							"pivot": [0.56613, -0.68704, -0.19219],
							"rotation": [0, 0, 90],
							"uv": {
								"north": {"uv": [17, 63], "uv_size": [1, 0.5]},
								"east": {"uv": [54, 2], "uv_size": [7, 0.5]},
								"south": {"uv": [18, 63.5], "uv_size": [1, -0.5]},
								"west": {"uv": [54, 29], "uv_size": [7, 0.5]},
								"up": {"uv": [29, 48], "uv_size": [1, 7]},
								"down": {"uv": [30, 55], "uv_size": [1, -7]}
							}
						},
						{
							"origin": [-28.11906, 3.66591, -2.69219],
							"size": [0.1, 0.67, 7.1],
							"pivot": [0.56613, -0.68704, -0.19219],
							"rotation": [0, 0, 90],
							"uv": {
								"north": {"uv": [55, 44], "uv_size": [7, 0.5]},
								"east": {"uv": [55, 44], "uv_size": [7, 0.5]},
								"south": {"uv": [55, 44], "uv_size": [7, 0.5]},
								"west": {"uv": [55, 44], "uv_size": [7, 0.5]},
								"up": {"uv": [62, 44.5], "uv_size": [-7, -0.5]},
								"down": {"uv": [62, 44.5], "uv_size": [-7, -0.5]}
							}
						},
						{
							"origin": [-28.11906, -6.33409, -2.69219],
							"size": [0.1, 0.67, 7.1],
							"pivot": [0.56613, -0.68704, -0.19219],
							"rotation": [0, 0, 90],
							"uv": {
								"north": {"uv": [43, 64], "uv_size": [0.5, 0.5]},
								"east": {"uv": [55, 45], "uv_size": [7, 0.5]},
								"south": {"uv": [64, 43], "uv_size": [0.5, 0.5]},
								"west": {"uv": [55, 46], "uv_size": [7, 0.5]},
								"up": {"uv": [31, 55], "uv_size": [0.5, 7]},
								"down": {"uv": [32, 62], "uv_size": [0.5, -7]}
							}
						},
						{
							"origin": [-28.11906, -6.33409, 4.30781],
							"size": [0.1, 10.67, 0.6],
							"pivot": [0.56613, -0.68704, -0.19219],
							"rotation": [0, 0, 90],
							"uv": {
								"north": {"uv": [49, 49], "uv_size": [0.5, 10.5]},
								"east": {"uv": [49, 49], "uv_size": [0.5, 10.5]},
								"south": {"uv": [49, 49], "uv_size": [0.5, 10.5]},
								"west": {"uv": [49, 49], "uv_size": [0.5, 10.5]},
								"up": {"uv": [49.5, 59.5], "uv_size": [-0.5, -10.5]},
								"down": {"uv": [49.5, 59.5], "uv_size": [-0.5, -10.5]}
							}
						},
						{
							"origin": [28.01906, 2.66591, -2.69219],
							"size": [1, 0.67, 7.1],
							"pivot": [-0.56613, -0.68704, -0.19219],
							"rotation": [0, 0, -90],
							"uv": {
								"north": {"uv": [19, 63], "uv_size": [1, 0.5]},
								"east": {"uv": [19, 63], "uv_size": [1, 0.5]},
								"south": {"uv": [19, 63], "uv_size": [1, 0.5]},
								"west": {"uv": [19, 63], "uv_size": [1, 0.5]},
								"up": {"uv": [20, 63.5], "uv_size": [-1, -0.5]},
								"down": {"uv": [20, 63.5], "uv_size": [-1, -0.5]}
							}
						},
						{
							"origin": [4.95408, 27.65514, -4.99334],
							"size": [1, 0.67, 2.5],
							"pivot": [4.75408, 27.99014, 1.00666],
							"rotation": [0, 17.5, 90],
							"uv": {
								"north": {"uv": [39, 57.5], "uv_size": [-1, -2.5]},
								"east": {"uv": [39, 57.5], "uv_size": [-1, -2.5]},
								"south": {"uv": [39, 57.5], "uv_size": [-1, -2.5]},
								"west": {"uv": [39, 57.5], "uv_size": [-1, -2.5]},
								"up": {"uv": [38, 55], "uv_size": [1, 2.5]},
								"down": {"uv": [38, 55], "uv_size": [1, 2.5]}
							}
						},
						{
							"origin": [5.85408, 28.15514, -4.99334],
							"size": [0.1, 0.67, 2.5],
							"pivot": [4.75408, 27.99014, 1.00666],
							"rotation": [0, 17.5, 90],
							"uv": {
								"north": {"uv": [43, 60], "uv_size": [2.5, 0.5]},
								"east": {"uv": [43, 60], "uv_size": [2.5, 0.5]},
								"south": {"uv": [43, 60], "uv_size": [2.5, 0.5]},
								"west": {"uv": [43, 60], "uv_size": [2.5, 0.5]},
								"up": {"uv": [45.5, 60.5], "uv_size": [-2.5, -0.5]},
								"down": {"uv": [45.5, 60.5], "uv_size": [-2.5, -0.5]}
							}
						},
						{
							"origin": [5.85408, 18.15514, -4.99334],
							"size": [0.1, 0.67, 2.5],
							"pivot": [4.75408, 27.99014, 1.00666],
							"rotation": [0, 17.5, 90],
							"uv": {
								"north": {"uv": [46, 64], "uv_size": [0.5, 0.5]},
								"east": {"uv": [49, 60], "uv_size": [2.5, 0.5]},
								"south": {"uv": [64, 46], "uv_size": [0.5, 0.5]},
								"west": {"uv": [59, 60], "uv_size": [2.5, 0.5]},
								"up": {"uv": [18, 60], "uv_size": [0.5, 2.5]},
								"down": {"uv": [19, 62.5], "uv_size": [0.5, -2.5]}
							}
						},
						{
							"origin": [-5.95408, 27.15514, -4.99334],
							"size": [1, 0.67, 2.5],
							"pivot": [-4.75408, 27.99014, 1.00666],
							"rotation": [0, -17.5, -90],
							"uv": {
								"north": {"uv": [10, 58.5], "uv_size": [-1, -2.5]},
								"east": {"uv": [10, 58.5], "uv_size": [-1, -2.5]},
								"south": {"uv": [10, 58.5], "uv_size": [-1, -2.5]},
								"west": {"uv": [10, 58.5], "uv_size": [-1, -2.5]},
								"up": {"uv": [9, 56], "uv_size": [1, 2.5]},
								"down": {"uv": [9, 56], "uv_size": [1, 2.5]}
							}
						},
						{
							"origin": [28.01906, 2.91767, -5.07649],
							"size": [1.9, 1.17, 9],
							"pivot": [-0.56613, 0.06472, -0.07649],
							"rotation": [0, 0, -90],
							"uv": {
								"north": {"uv": [27, 55], "uv_size": [-2, -9]},
								"east": {"uv": [27, 55], "uv_size": [-2, -9]},
								"south": {"uv": [27, 55], "uv_size": [-2, -9]},
								"west": {"uv": [27, 55], "uv_size": [-2, -9]},
								"up": {"uv": [25, 46], "uv_size": [2, 9]},
								"down": {"uv": [25, 46], "uv_size": [2, 9]}
							}
						},
						{
							"origin": [4.2, 23, -2.5],
							"size": [0.3, 5, 0.5],
							"pivot": [6.35, 27, 0.5],
							"rotation": [-30, 0, 0],
							"uv": {
								"north": {"uv": [24, 57], "uv_size": [0.5, 5]},
								"east": {"uv": [24, 57], "uv_size": [0.5, 5]},
								"south": {"uv": [24, 57], "uv_size": [0.5, 5]},
								"west": {"uv": [24, 57], "uv_size": [0.5, 5]},
								"up": {"uv": [24.5, 62], "uv_size": [-0.5, -5]},
								"down": {"uv": [24.5, 62], "uv_size": [-0.5, -5]}
							}
						},
						{
							"origin": [-4.3, 23, -2.5],
							"size": [0.3, 5, 0.5],
							"pivot": [6.35, 27, 0.5],
							"rotation": [-30, 0, 0],
							"uv": {
								"north": {"uv": [28, 57], "uv_size": [0.5, 5]},
								"east": {"uv": [28, 57], "uv_size": [0.5, 5]},
								"south": {"uv": [28, 57], "uv_size": [0.5, 5]},
								"west": {"uv": [28, 57], "uv_size": [0.5, 5]},
								"up": {"uv": [28.5, 62], "uv_size": [-0.5, -5]},
								"down": {"uv": [28.5, 62], "uv_size": [-0.5, -5]}
							}
						},
						{
							"origin": [-4.3, 22.56699, -2.75],
							"size": [8.8, 0.5, 0.5],
							"pivot": [6.85, 26.56699, 0.25],
							"rotation": [-30, 0, 0],
							"uv": {
								"north": {"uv": [50, 24], "uv_size": [9, 0.5]},
								"east": {"uv": [50, 24], "uv_size": [9, 0.5]},
								"south": {"uv": [50, 24], "uv_size": [9, 0.5]},
								"west": {"uv": [50, 24], "uv_size": [9, 0.5]},
								"up": {"uv": [59, 24.5], "uv_size": [-9, -0.5]},
								"down": {"uv": [59, 24.5], "uv_size": [-9, -0.5]}
							}
						}
					]
				},
				{
					"name": "Body",
					"pivot": [0, 24, 0],
					"cubes": [
						{
							"origin": [-2.75, 17.75, -2.22656],
							"size": [2, 3.25, 0],
							"inflate": 0.25,
							"uv": {
								"north": {"uv": [12, 31], "uv_size": [2.5, 4]},
								"east": {"uv": [0, 0], "uv_size": [0, 4]},
								"south": {"uv": [35, 7], "uv_size": [2.5, 4]},
								"west": {"uv": [0, 0], "uv_size": [0, 4]},
								"up": {"uv": [0, 0], "uv_size": [2.5, 0]},
								"down": {"uv": [0, 0], "uv_size": [2.5, 0]}
							}
						},
						{
							"origin": [-3.5, 13.25, -2.22656],
							"size": [2.5, 1.75, 0],
							"inflate": 0.25,
							"pivot": [-2.25, 14.125, -2.22656],
							"rotation": [0, 0, 12.5],
							"uv": {
								"north": {"uv": [49, 30], "uv_size": [2.5, 2]},
								"east": {"uv": [0, 0], "uv_size": [0, 2]},
								"south": {"uv": [3, 50], "uv_size": [2.5, 2]},
								"west": {"uv": [0, 0], "uv_size": [0, 2]},
								"up": {"uv": [0, 0], "uv_size": [2.5, 0]},
								"down": {"uv": [0, 0], "uv_size": [2.5, 0]}
							}
						},
						{
							"origin": [1, 13.25, -2.22656],
							"size": [2.5, 1.75, 0],
							"inflate": 0.25,
							"pivot": [2.25, 14.125, -2.22656],
							"rotation": [0, 0, -12.5],
							"uv": {
								"north": {"uv": [6, 50], "uv_size": [2.5, 2]},
								"east": {"uv": [0, 0], "uv_size": [0, 2]},
								"south": {"uv": [12, 50], "uv_size": [2.5, 2]},
								"west": {"uv": [0, 0], "uv_size": [0, 2]},
								"up": {"uv": [0, 0], "uv_size": [2.5, 0]},
								"down": {"uv": [0, 0], "uv_size": [2.5, 0]}
							}
						},
						{
							"origin": [0.75, 17.75, -2.22656],
							"size": [2, 3.25, 0],
							"inflate": 0.25,
							"uv": {
								"north": {"uv": [40, 3], "uv_size": [2.5, 4]},
								"east": {"uv": [0, 0], "uv_size": [0, 4]},
								"south": {"uv": [48, 12], "uv_size": [2.5, 4]},
								"west": {"uv": [0, 0], "uv_size": [0, 4]},
								"up": {"uv": [0, 0], "uv_size": [2.5, 0]},
								"down": {"uv": [0, 0], "uv_size": [2.5, 0]}
							}
						},
						{
							"origin": [0.75, 20, -2.47656],
							"size": [2, 1, 0],
							"inflate": 0.25,
							"uv": {
								"north": {"uv": [5, 58], "uv_size": [2.5, 1]},
								"east": {"uv": [0, 0], "uv_size": [0, 1]},
								"south": {"uv": [10, 58], "uv_size": [2.5, 1]},
								"west": {"uv": [0, 0], "uv_size": [0, 1]},
								"up": {"uv": [0, 0], "uv_size": [2.5, 0]},
								"down": {"uv": [0, 0], "uv_size": [2.5, 0]}
							}
						},
						{
							"origin": [-2.75, 20, -2.47656],
							"size": [2, 1, 0],
							"inflate": 0.25,
							"uv": {
								"north": {"uv": [37, 58], "uv_size": [2.5, 1]},
								"east": {"uv": [0, 0], "uv_size": [0, 1]},
								"south": {"uv": [50, 58], "uv_size": [2.5, 1]},
								"west": {"uv": [0, 0], "uv_size": [0, 1]},
								"up": {"uv": [0, 0], "uv_size": [2.5, 0]},
								"down": {"uv": [0, 0], "uv_size": [2.5, 0]}
							}
						},
						{
							"origin": [0.75694, 20.04511, -2.476],
							"size": [0.85, 1, 0],
							"inflate": 0.25,
							"pivot": [0.35694, 19.79511, -2.47712],
							"rotation": [0, 0, 17.5],
							"uv": {
								"north": {"uv": [61, 59], "uv_size": [1, 1]},
								"east": {"uv": [0, 0], "uv_size": [0, 1]},
								"south": {"uv": [62, 0], "uv_size": [1, 1]},
								"west": {"uv": [0, 0], "uv_size": [0, 1]},
								"up": {"uv": [0, 0], "uv_size": [1, 0]},
								"down": {"uv": [0, 0], "uv_size": [1, 0]}
							}
						},
						{
							"origin": [1.88843, 20.07518, -2.476],
							"size": [0.85, 1, 0],
							"inflate": 0.25,
							"pivot": [3.23843, 19.82518, -2.47712],
							"rotation": [0, 0, -17.5],
							"uv": {
								"north": {"uv": [62, 5], "uv_size": [1, 1]},
								"east": {"uv": [0, 0], "uv_size": [0, 1]},
								"south": {"uv": [62, 6], "uv_size": [1, 1]},
								"west": {"uv": [0, 0], "uv_size": [0, 1]},
								"up": {"uv": [0, 0], "uv_size": [1, 0]},
								"down": {"uv": [0, 0], "uv_size": [1, 0]}
							}
						},
						{
							"origin": [-1.6, 20, -2.476],
							"size": [0.85, 1, 0],
							"inflate": 0.25,
							"pivot": [-0.5, 19.75, -2.47656],
							"rotation": [0, 0, -17.5],
							"uv": {
								"north": {"uv": [62, 7], "uv_size": [1, 1]},
								"east": {"uv": [0, 0], "uv_size": [0, 1]},
								"south": {"uv": [8, 62], "uv_size": [1, 1]},
								"west": {"uv": [0, 0], "uv_size": [0, 1]},
								"up": {"uv": [0, 0], "uv_size": [1, 0]},
								"down": {"uv": [0, 0], "uv_size": [1, 0]}
							}
						},
						{
							"origin": [-2.73843, 20.07518, -2.476],
							"size": [0.85, 1, 0],
							"inflate": 0.25,
							"pivot": [-3.23843, 19.82518, -2.47692],
							"rotation": [0, 0, 17.5],
							"uv": {
								"north": {"uv": [62, 1], "uv_size": [1, 1]},
								"east": {"uv": [0, 0], "uv_size": [0, 1]},
								"south": {"uv": [62, 4], "uv_size": [1, 1]},
								"west": {"uv": [0, 0], "uv_size": [0, 1]},
								"up": {"uv": [0, 0], "uv_size": [1, 0]},
								"down": {"uv": [0, 0], "uv_size": [1, 0]}
							}
						},
						{
							"origin": [0.25, 23.75, -2.22656],
							"size": [2.5, 0.5, 0],
							"inflate": 0.25,
							"pivot": [2.25, 24, -2.22656],
							"rotation": [0, 0, -32.5],
							"uv": {
								"north": {"uv": [61, 10], "uv_size": [2.5, 0.5]},
								"east": {"uv": [0, 0], "uv_size": [0, 0.5]},
								"south": {"uv": [61, 11], "uv_size": [2.5, 0.5]},
								"west": {"uv": [0, 0], "uv_size": [0, 0.5]},
								"up": {"uv": [0, 0.25], "uv_size": [2.5, -0.25]},
								"down": {"uv": [0, 0], "uv_size": [2.5, 0]}
							}
						},
						{
							"origin": [2, 23.75, -1.72656],
							"size": [0.75, 0.5, 3.75],
							"inflate": 0.25,
							"pivot": [2.25, 24, -2.22656],
							"rotation": [0, 0, -32.5],
							"uv": {
								"north": {"uv": [31, 64], "uv_size": [1, 0.5]},
								"east": {"uv": [59, 18], "uv_size": [4, 0.5]},
								"south": {"uv": [64, 31], "uv_size": [1, 0.5]},
								"west": {"uv": [59, 19], "uv_size": [4, 0.5]},
								"up": {"uv": [15, 20], "uv_size": [1, 4]},
								"down": {"uv": [17, 55], "uv_size": [1, -4]}
							}
						},
						{
							"origin": [-2.38611, 24.07467, 2.02344],
							"size": [4.75, 0.5, 0],
							"inflate": 0.25,
							"uv": {
								"north": {"uv": [0, 58], "uv_size": [5, 0.5]},
								"east": {"uv": [0, 0], "uv_size": [0, 0.5]},
								"south": {"uv": [58, 49], "uv_size": [5, 0.5]},
								"west": {"uv": [0, 0], "uv_size": [0, 0.5]},
								"up": {"uv": [1, 39], "uv_size": [6, -1.5]},
								"down": {"uv": [0, 0], "uv_size": [5, 0]}
							}
						},
						{
							"origin": [-2.75, 23.75, -1.72656],
							"size": [0.5, 0.5, 3.75],
							"inflate": 0.25,
							"pivot": [-2.25, 24, -2.22656],
							"rotation": [0, 0, 32.5],
							"uv": {
								"north": {"uv": [65, 18], "uv_size": [0.5, 0.5]},
								"east": {"uv": [59, 20], "uv_size": [4, 0.5]},
								"south": {"uv": [19, 65], "uv_size": [0.5, 0.5]},
								"west": {"uv": [59, 21], "uv_size": [4, 0.5]},
								"up": {"uv": [59, 22], "uv_size": [0.5, 4]},
								"down": {"uv": [30, 63], "uv_size": [0.5, -4]}
							}
						},
						{
							"origin": [-2.75, 23.75, -2.22656],
							"size": [2.5, 0.5, 0],
							"inflate": 0.25,
							"pivot": [-2.25, 24, -2.22656],
							"rotation": [0, 0, 32.5],
							"uv": {
								"north": {"uv": [61, 17], "uv_size": [2.5, 0.5]},
								"east": {"uv": [0, 0], "uv_size": [0, 0.5]},
								"south": {"uv": [61, 29], "uv_size": [2.5, 0.5]},
								"west": {"uv": [0, 0], "uv_size": [0, 0.5]},
								"up": {"uv": [0, 0], "uv_size": [2.5, 0]},
								"down": {"uv": [0, 0], "uv_size": [2.5, 0]}
							}
						},
						{
							"origin": [-4.25, 12.25, -2.25],
							"size": [8.5, 11.75, 4.5],
							"uv": {
								"north": {"uv": [0, 0], "uv_size": [8.5, 12]},
								"east": {"uv": [16, 12], "uv_size": [4.5, 12]},
								"south": {"uv": [9, 0], "uv_size": [8.5, 12]},
								"west": {"uv": [18, 0], "uv_size": [4.5, 12]},
								"up": {"uv": [24, 34], "uv_size": [8.5, 4.5]},
								"down": {"uv": [34, 28.5], "uv_size": [8.5, -4.5]}
							}
						}
					]
				},
				{
					"name": "Vest",
					"parent": "Body",
					"pivot": [-0.5, 24, -4.97656],
					"cubes": [
						{
							"origin": [-4.46112, 15.04546, -1.97656],
							"size": [0.22656, 2.48438, 4.35156],
							"uv": {
								"north": {"uv": [52, 60], "uv_size": [0.5, 2.5]},
								"east": {"uv": [12, 47], "uv_size": [4.5, 2.5]},
								"south": {"uv": [61, 4], "uv_size": [0.5, 2.5]},
								"west": {"uv": [48, 3], "uv_size": [4.5, 2.5]},
								"up": {"uv": [55, 57], "uv_size": [0.5, 4.5]},
								"down": {"uv": [13, 62.5], "uv_size": [0.5, -4.5]}
							}
						},
						{
							"origin": [-4.46112, 15.02984, -2.47656],
							"size": [8.90234, 2.5, 0.5],
							"uv": {
								"north": {"uv": [38, 21], "uv_size": [9, 2.5]},
								"east": {"uv": [61, 7], "uv_size": [0.5, 2.5]},
								"south": {"uv": [39, 29], "uv_size": [9, 2.5]},
								"west": {"uv": [61, 26], "uv_size": [0.5, 2.5]},
								"up": {"uv": [50, 28], "uv_size": [9, 0.5]},
								"down": {"uv": [50, 41.5], "uv_size": [9, -0.5]}
							}
						},
						{
							"origin": [-3.81211, 19.17675, 2.52344],
							"size": [0.65234, 4.5, 0.5],
							"pivot": [-3.81211, 23.67675, 3.02344],
							"rotation": [0, 0, -55],
							"uv": {
								"north": {"uv": [22, 58], "uv_size": [0.5, 4.5]},
								"east": {"uv": [23, 58], "uv_size": [0.5, 4.5]},
								"south": {"uv": [53, 58], "uv_size": [0.5, 4.5]},
								"west": {"uv": [54, 58], "uv_size": [0.5, 4.5]},
								"up": {"uv": [50, 64], "uv_size": [0.5, 0.5]},
								"down": {"uv": [64, 50.5], "uv_size": [0.5, -0.5]}
							}
						},
						{
							"origin": [3.15977, 19.17675, 2.52344],
							"size": [0.65234, 4.5, 0.5],
							"pivot": [3.81211, 23.67675, 3.02344],
							"rotation": [0, 0, 55],
							"uv": {
								"north": {"uv": [6, 59], "uv_size": [0.5, 4.5]},
								"east": {"uv": [7, 59], "uv_size": [0.5, 4.5]},
								"south": {"uv": [9, 59], "uv_size": [0.5, 4.5]},
								"west": {"uv": [10, 59], "uv_size": [0.5, 4.5]},
								"up": {"uv": [65, 19], "uv_size": [0.5, 0.5]},
								"down": {"uv": [20, 65.5], "uv_size": [0.5, -0.5]}
							}
						},
						{
							"origin": [2.90977, 16.92675, -2.47656],
							"size": [0.90234, 7.25, 0.5],
							"uv": {
								"north": {"uv": [20, 24], "uv_size": [1, 7.5]},
								"east": {"uv": [18, 51], "uv_size": [0.5, 7.5]},
								"south": {"uv": [42, 43], "uv_size": [1, 7.5]},
								"west": {"uv": [19, 51], "uv_size": [0.5, 7.5]},
								"up": {"uv": [63, 21], "uv_size": [1, 0.5]},
								"down": {"uv": [22, 63.5], "uv_size": [1, -0.5]}
							}
						},
						{
							"origin": [-3.84023, 16.92675, -2.47656],
							"size": [0.90234, 7.25, 0.5],
							"uv": {
								"north": {"uv": [9, 48], "uv_size": [1, 7.5]},
								"east": {"uv": [42, 51], "uv_size": [0.5, 7.5]},
								"south": {"uv": [48, 24], "uv_size": [1, 7.5]},
								"west": {"uv": [14, 52], "uv_size": [0.5, 7.5]},
								"up": {"uv": [32, 64], "uv_size": [1, 0.5]},
								"down": {"uv": [64, 32.5], "uv_size": [1, -0.5]}
							}
						},
						{
							"origin": [-0.59023, 17.42675, 2.52344],
							"size": [0.90234, 4.5, 0.5],
							"uv": {
								"north": {"uv": [38, 50], "uv_size": [1, 4.5]},
								"east": {"uv": [57, 58], "uv_size": [0.5, 4.5]},
								"south": {"uv": [39, 50], "uv_size": [1, 4.5]},
								"west": {"uv": [58, 58], "uv_size": [0.5, 4.5]},
								"up": {"uv": [63, 22], "uv_size": [1, 0.5]},
								"down": {"uv": [23, 63.5], "uv_size": [1, -0.5]}
							}
						},
						{
							"origin": [2.90977, 23.67675, -1.97656],
							"size": [0.90234, 0.5, 5],
							"uv": {
								"north": {"uv": [63, 23], "uv_size": [1, 0.5]},
								"east": {"uv": [57, 16], "uv_size": [5, 0.5]},
								"south": {"uv": [24, 63], "uv_size": [1, 0.5]},
								"west": {"uv": [50, 57], "uv_size": [5, 0.5]},
								"up": {"uv": [49, 24], "uv_size": [1, 5]},
								"down": {"uv": [0, 55], "uv_size": [1, -5]}
							}
						},
						{
							"origin": [-3.81211, 23.67675, -1.97656],
							"size": [0.90234, 0.5, 5],
							"uv": {
								"north": {"uv": [63, 24], "uv_size": [1, 0.5]},
								"east": {"uv": [57, 56], "uv_size": [5, 0.5]},
								"south": {"uv": [25, 63], "uv_size": [1, 0.5]},
								"west": {"uv": [57, 57], "uv_size": [5, 0.5]},
								"up": {"uv": [1, 50], "uv_size": [1, 5]},
								"down": {"uv": [2, 55], "uv_size": [1, -5]}
							}
						},
						{
							"origin": [-4.5125, 15.10938, -2.98437],
							"size": [1.7, 2.38281, 0.5],
							"uv": {
								"north": {"uv": [3, 52], "uv_size": [1.5, 2.5]},
								"east": {"uv": [61, 32], "uv_size": [0.5, 2.5]},
								"south": {"uv": [5, 52], "uv_size": [1.5, 2.5]},
								"west": {"uv": [61, 35], "uv_size": [0.5, 2.5]},
								"up": {"uv": [62, 8], "uv_size": [1.5, 0.5]},
								"down": {"uv": [62, 9.5], "uv_size": [1.5, -0.5]}
							}
						},
						{
							"origin": [-4.5125, 13.85938, -3.23437],
							"size": [2.95, 1.13281, 0.25],
							"uv": {
								"north": {"uv": [23, 11], "uv_size": [3, 1]},
								"east": {"uv": [28, 64], "uv_size": [0.5, 1]},
								"south": {"uv": [28, 10], "uv_size": [3, 1]},
								"west": {"uv": [64, 28], "uv_size": [0.5, 1]},
								"up": {"uv": [59, 43], "uv_size": [3, 0.5]},
								"down": {"uv": [50, 59.5], "uv_size": [3, -0.5]}
							}
						},
						{
							"origin": [-4.52011, 13.82111, -3.2342],
							"size": [1.6, 1.13281, 0.25],
							"pivot": [-4.42011, 13.82111, -3.23437],
							"rotation": [0, 0, 22.5],
							"uv": {
								"north": {"uv": [59, 58], "uv_size": [1.5, 1]},
								"east": {"uv": [29, 64], "uv_size": [0.5, 1]},
								"south": {"uv": [59, 59], "uv_size": [1.5, 1]},
								"west": {"uv": [64, 29], "uv_size": [0.5, 1]},
								"up": {"uv": [62, 57], "uv_size": [1.5, 0.5]},
								"down": {"uv": [62, 59.5], "uv_size": [1.5, -0.5]}
							}
						},
						{
							"origin": [-3.1625, 13.85938, -3.2342],
							"size": [1.6, 1.13281, 0.25],
							"pivot": [-1.5625, 13.85938, -3.23437],
							"rotation": [0, 0, -22.5],
							"uv": {
								"north": {"uv": [60, 0], "uv_size": [1.5, 1]},
								"east": {"uv": [30, 64], "uv_size": [0.5, 1]},
								"south": {"uv": [60, 1], "uv_size": [1.5, 1]},
								"west": {"uv": [64, 30], "uv_size": [0.5, 1]},
								"up": {"uv": [62, 60], "uv_size": [1.5, 0.5]},
								"down": {"uv": [62, 61.5], "uv_size": [1.5, -0.5]}
							}
						},
						{
							"origin": [-4.5125, 13.10938, -2.98437],
							"size": [2.95, 1.88281, 0.5],
							"uv": {
								"north": {"uv": [48, 32], "uv_size": [3, 2]},
								"east": {"uv": [60, 61], "uv_size": [0.5, 2]},
								"south": {"uv": [49, 0], "uv_size": [3, 2]},
								"west": {"uv": [61, 61], "uv_size": [0.5, 2]},
								"up": {"uv": [59, 54], "uv_size": [3, 0.5]},
								"down": {"uv": [59, 55.5], "uv_size": [3, -0.5]}
							}
						},
						{
							"origin": [2.8125, 15.10938, -2.96875],
							"size": [1.7, 2.38281, 0.5],
							"uv": {
								"north": {"uv": [7, 52], "uv_size": [1.5, 2.5]},
								"east": {"uv": [37, 61], "uv_size": [0.5, 2.5]},
								"south": {"uv": [10, 52], "uv_size": [1.5, 2.5]},
								"west": {"uv": [38, 61], "uv_size": [0.5, 2.5]},
								"up": {"uv": [62, 16], "uv_size": [1.5, 0.5]},
								"down": {"uv": [20, 62.5], "uv_size": [1.5, -0.5]}
							}
						},
						{
							"origin": [2.3125, 15.10938, 2.78125],
							"size": [1.7, 2.38281, 0.5],
							"uv": {
								"north": {"uv": [54, 54], "uv_size": [1.5, 2.5]},
								"east": {"uv": [46, 61], "uv_size": [0.5, 2.5]},
								"south": {"uv": [0, 55], "uv_size": [1.5, 2.5]},
								"west": {"uv": [47, 61], "uv_size": [0.5, 2.5]},
								"up": {"uv": [62, 35], "uv_size": [1.5, 0.5]},
								"down": {"uv": [62, 36.5], "uv_size": [1.5, -0.5]}
							}
						},
						{
							"origin": [-4.1875, 15.10938, 2.78125],
							"size": [1.7, 2.38281, 0.5],
							"uv": {
								"north": {"uv": [6, 55], "uv_size": [1.5, 2.5]},
								"east": {"uv": [50, 61], "uv_size": [0.5, 2.5]},
								"south": {"uv": [10, 55], "uv_size": [1.5, 2.5]},
								"west": {"uv": [51, 61], "uv_size": [0.5, 2.5]},
								"up": {"uv": [62, 44], "uv_size": [1.5, 0.5]},
								"down": {"uv": [62, 45.5], "uv_size": [1.5, -0.5]}
							}
						},
						{
							"origin": [-2.1875, 15.10938, 2.78125],
							"size": [1.7, 2.38281, 0.5],
							"uv": {
								"north": {"uv": [12, 55], "uv_size": [1.5, 2.5]},
								"east": {"uv": [56, 61], "uv_size": [0.5, 2.5]},
								"south": {"uv": [22, 55], "uv_size": [1.5, 2.5]},
								"west": {"uv": [59, 61], "uv_size": [0.5, 2.5]},
								"up": {"uv": [62, 46], "uv_size": [1.5, 0.5]},
								"down": {"uv": [62, 47.5], "uv_size": [1.5, -0.5]}
							}
						},
						{
							"origin": [0.3125, 15.10938, 2.78125],
							"size": [1.7, 2.38281, 0.5],
							"uv": {
								"north": {"uv": [2, 55], "uv_size": [1.5, 2.5]},
								"east": {"uv": [48, 61], "uv_size": [0.5, 2.5]},
								"south": {"uv": [4, 55], "uv_size": [1.5, 2.5]},
								"west": {"uv": [49, 61], "uv_size": [0.5, 2.5]},
								"up": {"uv": [62, 39], "uv_size": [1.5, 0.5]},
								"down": {"uv": [62, 40.5], "uv_size": [1.5, -0.5]}
							}
						},
						{
							"origin": [0.8125, 15.10938, -2.96875],
							"size": [1.7, 2.38281, 0.5],
							"uv": {
								"north": {"uv": [12, 52], "uv_size": [1.5, 2.5]},
								"east": {"uv": [61, 38], "uv_size": [0.5, 2.5]},
								"south": {"uv": [20, 54], "uv_size": [1.5, 2.5]},
								"west": {"uv": [39, 61], "uv_size": [0.5, 2.5]},
								"up": {"uv": [24, 62], "uv_size": [1.5, 0.5]},
								"down": {"uv": [26, 62.5], "uv_size": [1.5, -0.5]}
							}
						},
						{
							"origin": [0.8125, 16.35938, -3.21875],
							"size": [1.7, 1.13281, 0.25],
							"uv": {
								"north": {"uv": [59, 26], "uv_size": [1.5, 1]},
								"east": {"uv": [20, 64], "uv_size": [0.5, 1]},
								"south": {"uv": [59, 27], "uv_size": [1.5, 1]},
								"west": {"uv": [64, 20], "uv_size": [0.5, 1]},
								"up": {"uv": [28, 62], "uv_size": [1.5, 0.5]},
								"down": {"uv": [62, 28.5], "uv_size": [1.5, -0.5]}
							}
						},
						{
							"origin": [-2.39141, 16.35938, -3.20312],
							"size": [1.7, 1.13281, 0.25],
							"uv": {
								"north": {"uv": [59, 36], "uv_size": [1.5, 1]},
								"east": {"uv": [23, 64], "uv_size": [0.5, 1]},
								"south": {"uv": [37, 59], "uv_size": [1.5, 1]},
								"west": {"uv": [64, 23], "uv_size": [0.5, 1]},
								"up": {"uv": [62, 34], "uv_size": [1.5, 0.5]},
								"down": {"uv": [35, 62.5], "uv_size": [1.5, -0.5]}
							}
						},
						{
							"origin": [2.8125, 16.35938, -3.21875],
							"size": [1.7, 1.13281, 0.25],
							"uv": {
								"north": {"uv": [59, 28], "uv_size": [1.5, 1]},
								"east": {"uv": [21, 64], "uv_size": [0.5, 1]},
								"south": {"uv": [59, 32], "uv_size": [1.5, 1]},
								"west": {"uv": [64, 21], "uv_size": [0.5, 1]},
								"up": {"uv": [31, 62], "uv_size": [1.5, 0.5]},
								"down": {"uv": [62, 32.5], "uv_size": [1.5, -0.5]}
							}
						},
						{
							"origin": [2.3125, 16.35938, 3.28125],
							"size": [1.7, 1.13281, 0.25],
							"uv": {
								"north": {"uv": [59, 37], "uv_size": [1.5, 1]},
								"east": {"uv": [24, 64], "uv_size": [0.5, 1]},
								"south": {"uv": [59, 38], "uv_size": [1.5, 1]},
								"west": {"uv": [64, 24], "uv_size": [0.5, 1]},
								"up": {"uv": [62, 37], "uv_size": [1.5, 0.5]},
								"down": {"uv": [62, 38.5], "uv_size": [1.5, -0.5]}
							}
						},
						{
							"origin": [-4.1875, 16.35938, 3.28125],
							"size": [1.7, 1.13281, 0.25],
							"uv": {
								"north": {"uv": [59, 41], "uv_size": [1.5, 1]},
								"east": {"uv": [27, 64], "uv_size": [0.5, 1]},
								"south": {"uv": [59, 42], "uv_size": [1.5, 1]},
								"west": {"uv": [64, 27], "uv_size": [0.5, 1]},
								"up": {"uv": [62, 55], "uv_size": [1.5, 0.5]},
								"down": {"uv": [62, 56.5], "uv_size": [1.5, -0.5]}
							}
						},
						{
							"origin": [0.3125, 16.35938, 3.28125],
							"size": [1.7, 1.13281, 0.25],
							"uv": {
								"north": {"uv": [39, 59], "uv_size": [1.5, 1]},
								"east": {"uv": [25, 64], "uv_size": [0.5, 1]},
								"south": {"uv": [59, 39], "uv_size": [1.5, 1]},
								"west": {"uv": [64, 25], "uv_size": [0.5, 1]},
								"up": {"uv": [62, 41], "uv_size": [1.5, 0.5]},
								"down": {"uv": [62, 43.5], "uv_size": [1.5, -0.5]}
							}
						},
						{
							"origin": [-2.1875, 16.35938, 3.28125],
							"size": [1.7, 1.13281, 0.25],
							"uv": {
								"north": {"uv": [59, 40], "uv_size": [1.5, 1]},
								"east": {"uv": [26, 64], "uv_size": [0.5, 1]},
								"south": {"uv": [41, 59], "uv_size": [1.5, 1]},
								"west": {"uv": [64, 26], "uv_size": [0.5, 1]},
								"up": {"uv": [62, 48], "uv_size": [1.5, 0.5]},
								"down": {"uv": [62, 54.5], "uv_size": [1.5, -0.5]}
							}
						},
						{
							"origin": [-4.5125, 16.35938, -3.21875],
							"size": [1.7, 1.13281, 0.25],
							"uv": {
								"north": {"uv": [59, 33], "uv_size": [1.5, 1]},
								"east": {"uv": [22, 64], "uv_size": [0.5, 1]},
								"south": {"uv": [59, 35], "uv_size": [1.5, 1]},
								"west": {"uv": [64, 22], "uv_size": [0.5, 1]},
								"up": {"uv": [33, 62], "uv_size": [1.5, 0.5]},
								"down": {"uv": [62, 33.5], "uv_size": [1.5, -0.5]}
							}
						},
						{
							"origin": [4.21466, 15.04546, -1.97656],
							"size": [0.22656, 2.48438, 4.35156],
							"uv": {
								"north": {"uv": [40, 61], "uv_size": [0.5, 2.5]},
								"east": {"uv": [48, 6], "uv_size": [4.5, 2.5]},
								"south": {"uv": [41, 61], "uv_size": [0.5, 2.5]},
								"west": {"uv": [48, 9], "uv_size": [4.5, 2.5]},
								"up": {"uv": [0, 59], "uv_size": [0.5, 4.5]},
								"down": {"uv": [1, 63.5], "uv_size": [0.5, -4.5]}
							}
						},
						{
							"origin": [-2.39141, 15.10938, -2.95312],
							"size": [1.7, 2.38281, 0.5],
							"uv": {
								"north": {"uv": [50, 54], "uv_size": [1.5, 2.5]},
								"east": {"uv": [42, 61], "uv_size": [0.5, 2.5]},
								"south": {"uv": [52, 54], "uv_size": [1.5, 2.5]},
								"west": {"uv": [43, 61], "uv_size": [0.5, 2.5]},
								"up": {"uv": [62, 26], "uv_size": [1.5, 0.5]},
								"down": {"uv": [62, 27.5], "uv_size": [1.5, -0.5]}
							}
						},
						{
							"origin": [-4.46112, 15.02984, 2.375],
							"size": [8.90234, 2.5, 0.5],
							"uv": {
								"north": {"uv": [39, 32], "uv_size": [9, 2.5]},
								"east": {"uv": [44, 61], "uv_size": [0.5, 2.5]},
								"south": {"uv": [40, 0], "uv_size": [9, 2.5]},
								"west": {"uv": [45, 61], "uv_size": [0.5, 2.5]},
								"up": {"uv": [50, 42], "uv_size": [9, 0.5]},
								"down": {"uv": [50, 43.5], "uv_size": [9, -0.5]}
							}
						}
					]
				},
				{
					"name": "RightArm",
					"pivot": [-5.5, 22, 0],
					"cubes": [
						{
							"origin": [-8.6, 14, -2.5],
							"size": [4.7, 1, 0.2],
							"uv": {
								"north": {"uv": [50, 44], "uv_size": [4.5, 1]},
								"east": {"uv": [63, 25], "uv_size": [0.5, 1]},
								"south": {"uv": [50, 45], "uv_size": [4.5, 1]},
								"west": {"uv": [26, 63], "uv_size": [0.5, 1]},
								"up": {"uv": [58, 50], "uv_size": [4.5, 0.5]},
								"down": {"uv": [58, 51.5], "uv_size": [4.5, -0.5]}
							}
						},
						{
							"origin": [-8.6, 14, 2.1],
							"size": [4.7, 1, 0.2],
							"uv": {
								"north": {"uv": [50, 46], "uv_size": [4.5, 1]},
								"east": {"uv": [27, 63], "uv_size": [0.5, 1]},
								"south": {"uv": [50, 47], "uv_size": [4.5, 1]},
								"west": {"uv": [28, 63], "uv_size": [0.5, 1]},
								"up": {"uv": [58, 52], "uv_size": [4.5, 0.5]},
								"down": {"uv": [58, 53.5], "uv_size": [4.5, -0.5]}
							}
						},
						{
							"origin": [-8.8, 14, -2.5],
							"size": [0.2, 1, 4.8],
							"uv": {
								"north": {"uv": [29, 63], "uv_size": [0.5, 1]},
								"east": {"uv": [48, 17], "uv_size": [5, 1]},
								"south": {"uv": [30, 63], "uv_size": [0.5, 1]},
								"west": {"uv": [48, 34], "uv_size": [5, 1]},
								"up": {"uv": [29, 57], "uv_size": [0.5, 5]},
								"down": {"uv": [34, 62], "uv_size": [0.5, -5]}
							}
						},
						{
							"origin": [-4, 14, -2.2],
							"size": [0.2, 1, 4.3],
							"uv": {
								"north": {"uv": [63, 30], "uv_size": [0.5, 1]},
								"east": {"uv": [50, 48], "uv_size": [4.5, 1]},
								"south": {"uv": [31, 63], "uv_size": [0.5, 1]},
								"west": {"uv": [50, 49], "uv_size": [4.5, 1]},
								"up": {"uv": [2, 59], "uv_size": [0.5, 4.5]},
								"down": {"uv": [3, 63.5], "uv_size": [0.5, -4.5]}
							}
						},
						{
							"origin": [-8.75, 12.25, -2.25],
							"size": [4.5, 11.75, 4.25],
							"uv": {
								"north": {"uv": [0, 20], "uv_size": [4.5, 11]},
								"east": {"uv": [5, 20], "uv_size": [4.5, 11]},
								"south": {"uv": [10, 20], "uv_size": [4.5, 11]},
								"west": {"uv": [21, 12], "uv_size": [4.5, 11]},
								"up": {"uv": [43, 8], "uv_size": [4.5, 4.5]},
								"down": {"uv": [43, 17.5], "uv_size": [4.5, -4.5]}
							}
						}
					]
				},
				{
					"name": "LeftArm",
					"pivot": [5.5, 22, 0],
					"cubes": [
						{
							"origin": [3.9, 14, 2.1],
							"size": [4.7, 1, 0.2],
							"uv": {
								"north": {"uv": [50, 50], "uv_size": [4.5, 1]},
								"east": {"uv": [63, 31], "uv_size": [0.5, 1]},
								"south": {"uv": [51, 12], "uv_size": [4.5, 1]},
								"west": {"uv": [32, 63], "uv_size": [0.5, 1]},
								"up": {"uv": [59, 12], "uv_size": [4.5, 0.5]},
								"down": {"uv": [59, 13.5], "uv_size": [4.5, -0.5]}
							}
						},
						{
							"origin": [3.8, 14, -2.2],
							"size": [0.2, 1, 4.3],
							"uv": {
								"north": {"uv": [33, 63], "uv_size": [0.5, 1]},
								"east": {"uv": [51, 13], "uv_size": [4.5, 1]},
								"south": {"uv": [34, 63], "uv_size": [0.5, 1]},
								"west": {"uv": [51, 14], "uv_size": [4.5, 1]},
								"up": {"uv": [4, 59], "uv_size": [0.5, 4.5]},
								"down": {"uv": [5, 63.5], "uv_size": [0.5, -4.5]}
							}
						},
						{
							"origin": [8.6, 14, -2.5],
							"size": [0.2, 1, 4.8],
							"uv": {
								"north": {"uv": [35, 63], "uv_size": [0.5, 1]},
								"east": {"uv": [49, 2], "uv_size": [5, 1]},
								"south": {"uv": [36, 63], "uv_size": [0.5, 1]},
								"west": {"uv": [49, 29], "uv_size": [5, 1]},
								"up": {"uv": [35, 57], "uv_size": [0.5, 5]},
								"down": {"uv": [36, 62], "uv_size": [0.5, -5]}
							}
						},
						{
							"origin": [8.6, 21.2612, -0.55946],
							"size": [0.2, 0.5, 0.8],
							"pivot": [8.8, 21.14839, 0.36079],
							"rotation": [-55, 0, 0],
							"uv": {
								"north": {"uv": [51, 64], "uv_size": [0.5, 0.5]},
								"east": {"uv": [63, 42], "uv_size": [1, 0.5]},
								"south": {"uv": [64, 51], "uv_size": [0.5, 0.5]},
								"west": {"uv": [63, 49], "uv_size": [1, 0.5]},
								"up": {"uv": [63, 50], "uv_size": [0.5, 1]},
								"down": {"uv": [63, 52], "uv_size": [0.5, -1]}
							}
						},
						{
							"origin": [8.8, 21.34212, -0.48571],
							"size": [0.2, 0.3, 0.8],
							"pivot": [8.5, 21.2293, 0.43454],
							"rotation": [-55, 0, 0],
							"uv": {
								"north": {"uv": [52, 64], "uv_size": [0.5, 0.5]},
								"east": {"uv": [52, 63], "uv_size": [1, 0.5]},
								"south": {"uv": [64, 52], "uv_size": [0.5, 0.5]},
								"west": {"uv": [63, 52], "uv_size": [1, 0.5]},
								"up": {"uv": [53, 63], "uv_size": [0.5, 1]},
								"down": {"uv": [63, 54], "uv_size": [0.5, -1]}
							}
						},
						{
							"origin": [8.6, 21.47045, -0.18849],
							"size": [0.2, 0.5, 0.8],
							"pivot": [8.8, 21.34838, -0.05811],
							"rotation": [55, 0, 0],
							"uv": {
								"north": {"uv": [53, 64], "uv_size": [0.5, 0.5]},
								"east": {"uv": [54, 63], "uv_size": [1, 0.5]},
								"south": {"uv": [64, 53], "uv_size": [0.5, 0.5]},
								"west": {"uv": [55, 63], "uv_size": [1, 0.5]},
								"up": {"uv": [57, 63], "uv_size": [0.5, 1]},
								"down": {"uv": [58, 64], "uv_size": [0.5, -1]}
							}
						},
						{
							"origin": [8.8, 21.58, -0.18849],
							"size": [0.2, 0.3, 0.8],
							"pivot": [8.8, 21.34838, -0.05811],
							"rotation": [55, 0, 0],
							"uv": {
								"north": {"uv": [54, 64], "uv_size": [0.5, 0.5]},
								"east": {"uv": [63, 58], "uv_size": [1, 0.5]},
								"south": {"uv": [64, 54], "uv_size": [0.5, 0.5]},
								"west": {"uv": [60, 63], "uv_size": [1, 0.5]},
								"up": {"uv": [61, 63], "uv_size": [0.5, 1]},
								"down": {"uv": [62, 64], "uv_size": [0.5, -1]}
							}
						},
						{
							"origin": [8.6, 20.54089, 0.36205],
							"size": [0.2, 0.5, 0.8],
							"pivot": [8.8, 20.89946, 1.30347],
							"rotation": [-45, 0, 0],
							"uv": {
								"north": {"uv": [55, 64], "uv_size": [0.5, 0.5]},
								"east": {"uv": [63, 62], "uv_size": [1, 0.5]},
								"south": {"uv": [64, 55], "uv_size": [0.5, 0.5]},
								"west": {"uv": [63, 63], "uv_size": [1, 0.5]},
								"up": {"uv": [0, 64], "uv_size": [0.5, 1]},
								"down": {"uv": [64, 1], "uv_size": [0.5, -1]}
							}
						},
						{
							"origin": [8.8, 20.70372, 0.37844],
							"size": [0.2, 0.3, 0.8],
							"pivot": [8.5, 21.0623, 1.31986],
							"rotation": [-45, 0, 0],
							"uv": {
								"north": {"uv": [56, 64], "uv_size": [0.5, 0.5]},
								"east": {"uv": [1, 64], "uv_size": [1, 0.5]},
								"south": {"uv": [64, 56], "uv_size": [0.5, 0.5]},
								"west": {"uv": [64, 1], "uv_size": [1, 0.5]},
								"up": {"uv": [2, 64], "uv_size": [0.5, 1]},
								"down": {"uv": [64, 3], "uv_size": [0.5, -1]}
							}
						},
						{
							"origin": [8.6, 20.54089, -1.01071],
							"size": [0.2, 0.5, 0.8],
							"pivot": [8.8, 20.89946, -1.15213],
							"rotation": [45, 0, 0],
							"uv": {
								"north": {"uv": [57, 64], "uv_size": [0.5, 0.5]},
								"east": {"uv": [3, 64], "uv_size": [1, 0.5]},
								"south": {"uv": [64, 57], "uv_size": [0.5, 0.5]},
								"west": {"uv": [64, 3], "uv_size": [1, 0.5]},
								"up": {"uv": [4, 64], "uv_size": [0.5, 1]},
								"down": {"uv": [64, 5], "uv_size": [0.5, -1]}
							}
						},
						{
							"origin": [8.8, 20.60372, -1.10044],
							"size": [0.2, 0.3, 0.8],
							"pivot": [8.5, 20.9623, -1.24186],
							"rotation": [45, 0, 0],
							"uv": {
								"north": {"uv": [58, 64], "uv_size": [0.5, 0.5]},
								"east": {"uv": [5, 64], "uv_size": [1, 0.5]},
								"south": {"uv": [64, 58], "uv_size": [0.5, 0.5]},
								"west": {"uv": [64, 5], "uv_size": [1, 0.5]},
								"up": {"uv": [6, 64], "uv_size": [0.5, 1]},
								"down": {"uv": [64, 7], "uv_size": [0.5, -1]}
							}
						},
						{
							"origin": [8.6, 20.44946, -1.30213],
							"size": [0.2, 0.5, 0.5],
							"pivot": [8.7, 20.69946, -0.90213],
							"rotation": [-90, 0, 0],
							"uv": {
								"north": {"uv": [59, 64], "uv_size": [0.5, 0.5]},
								"east": {"uv": [64, 59], "uv_size": [0.5, 0.5]},
								"south": {"uv": [60, 64], "uv_size": [0.5, 0.5]},
								"west": {"uv": [64, 60], "uv_size": [0.5, 0.5]},
								"up": {"uv": [61, 64], "uv_size": [0.5, 0.5]},
								"down": {"uv": [64, 61.5], "uv_size": [0.5, -0.5]}
							}
						},
						{
							"origin": [8.8, 20.37088, -1.25044],
							"size": [0.2, 0.3, 0.4],
							"pivot": [8.4, 20.62088, -0.85044],
							"rotation": [-90, 0, 0],
							"uv": {
								"north": {"uv": [62, 64], "uv_size": [0.5, 0.5]},
								"east": {"uv": [64, 62], "uv_size": [0.5, 0.5]},
								"south": {"uv": [63, 64], "uv_size": [0.5, 0.5]},
								"west": {"uv": [64, 63], "uv_size": [0.5, 0.5]},
								"up": {"uv": [64, 64], "uv_size": [0.5, 0.5]},
								"down": {"uv": [0, 65.5], "uv_size": [0.5, -0.5]}
							}
						},
						{
							"origin": [8.6, 20.64946, 0.75347],
							"size": [0.2, 0.5, 0.5],
							"pivot": [8.7, 20.89946, 1.05347],
							"rotation": [90, 0, 0],
							"uv": {
								"north": {"uv": [65, 0], "uv_size": [0.5, 0.5]},
								"east": {"uv": [1, 65], "uv_size": [0.5, 0.5]},
								"south": {"uv": [65, 1], "uv_size": [0.5, 0.5]},
								"west": {"uv": [2, 65], "uv_size": [0.5, 0.5]},
								"up": {"uv": [65, 2], "uv_size": [0.5, 0.5]},
								"down": {"uv": [3, 65.5], "uv_size": [0.5, -0.5]}
							}
						},
						{
							"origin": [8.8, 20.67088, 0.62844],
							"size": [0.2, 0.3, 0.5],
							"pivot": [8.4, 20.92088, 0.92844],
							"rotation": [90, 0, 0],
							"uv": {
								"north": {"uv": [65, 3], "uv_size": [0.5, 0.5]},
								"east": {"uv": [4, 65], "uv_size": [0.5, 0.5]},
								"south": {"uv": [65, 4], "uv_size": [0.5, 0.5]},
								"west": {"uv": [5, 65], "uv_size": [0.5, 0.5]},
								"up": {"uv": [65, 5], "uv_size": [0.5, 0.5]},
								"down": {"uv": [6, 65.5], "uv_size": [0.5, -0.5]}
							}
						},
						{
							"origin": [8.6, 20.48249, -0.83073],
							"size": [0.2, 0.5, 1],
							"pivot": [8.8, 20.98249, -0.83073],
							"rotation": [-40, 0, 0],
							"uv": {
								"north": {"uv": [65, 6], "uv_size": [0.5, 0.5]},
								"east": {"uv": [7, 64], "uv_size": [1, 0.5]},
								"south": {"uv": [7, 65], "uv_size": [0.5, 0.5]},
								"west": {"uv": [64, 7], "uv_size": [1, 0.5]},
								"up": {"uv": [8, 64], "uv_size": [0.5, 1]},
								"down": {"uv": [64, 9], "uv_size": [0.5, -1]}
							}
						},
						{
							"origin": [8.8, 20.5039, -0.77905],
							"size": [0.2, 0.3, 0.9],
							"pivot": [8.5, 21.0039, -0.77905],
							"rotation": [-40, 0, 0],
							"uv": {
								"north": {"uv": [65, 7], "uv_size": [0.5, 0.5]},
								"east": {"uv": [9, 64], "uv_size": [1, 0.5]},
								"south": {"uv": [8, 65], "uv_size": [0.5, 0.5]},
								"west": {"uv": [64, 9], "uv_size": [1, 0.5]},
								"up": {"uv": [10, 64], "uv_size": [0.5, 1]},
								"down": {"uv": [64, 11], "uv_size": [0.5, -1]}
							}
						},
						{
							"origin": [8.6, 20.7726, -0.05271],
							"size": [0.2, 0.5, 1],
							"pivot": [8.8, 21.17532, 1.36323],
							"rotation": [40, 0, 0],
							"uv": {
								"north": {"uv": [65, 8], "uv_size": [0.5, 0.5]},
								"east": {"uv": [11, 64], "uv_size": [1, 0.5]},
								"south": {"uv": [9, 65], "uv_size": [0.5, 0.5]},
								"west": {"uv": [64, 11], "uv_size": [1, 0.5]},
								"up": {"uv": [12, 64], "uv_size": [0.5, 1]},
								"down": {"uv": [64, 13], "uv_size": [0.5, -1]}
							}
						},
						{
							"origin": [8.8, 20.85829, -0.10113],
							"size": [0.2, 0.3, 0.9],
							"pivot": [8.5, 21.26102, 1.3148],
							"rotation": [40, 0, 0],
							"uv": {
								"north": {"uv": [65, 9], "uv_size": [0.5, 0.5]},
								"east": {"uv": [13, 64], "uv_size": [1, 0.5]},
								"south": {"uv": [10, 65], "uv_size": [0.5, 0.5]},
								"west": {"uv": [64, 13], "uv_size": [1, 0.5]},
								"up": {"uv": [14, 64], "uv_size": [0.5, 1]},
								"down": {"uv": [64, 15], "uv_size": [0.5, -1]}
							}
						},
						{
							"origin": [8.6, 19.95668, -0.38608],
							"size": [0.2, 0.5, 0.9],
							"uv": {
								"north": {"uv": [65, 10], "uv_size": [0.5, 0.5]},
								"east": {"uv": [15, 64], "uv_size": [1, 0.5]},
								"south": {"uv": [11, 65], "uv_size": [0.5, 0.5]},
								"west": {"uv": [64, 15], "uv_size": [1, 0.5]},
								"up": {"uv": [16, 64], "uv_size": [0.5, 1]},
								"down": {"uv": [64, 17], "uv_size": [0.5, -1]}
							}
						},
						{
							"origin": [8.8, 20.04237, -0.411],
							"size": [0.2, 0.3, 0.9],
							"uv": {
								"north": {"uv": [65, 11], "uv_size": [0.5, 0.5]},
								"east": {"uv": [17, 64], "uv_size": [1, 0.5]},
								"south": {"uv": [12, 65], "uv_size": [0.5, 0.5]},
								"west": {"uv": [64, 17], "uv_size": [1, 0.5]},
								"up": {"uv": [18, 64], "uv_size": [0.5, 1]},
								"down": {"uv": [64, 19], "uv_size": [0.5, -1]}
							}
						},
						{
							"origin": [8.6, 21.75371, -0.1836],
							"size": [0.2, 0.5, 0.5],
							"uv": {
								"north": {"uv": [65, 12], "uv_size": [0.5, 0.5]},
								"east": {"uv": [13, 65], "uv_size": [0.5, 0.5]},
								"south": {"uv": [65, 13], "uv_size": [0.5, 0.5]},
								"west": {"uv": [14, 65], "uv_size": [0.5, 0.5]},
								"up": {"uv": [65, 14], "uv_size": [0.5, 0.5]},
								"down": {"uv": [15, 65.5], "uv_size": [0.5, -0.5]}
							}
						},
						{
							"origin": [8.8, 21.90182, -0.10951],
							"size": [0.2, 0.3, 0.35],
							"uv": {
								"north": {"uv": [65, 15], "uv_size": [0.5, 0.5]},
								"east": {"uv": [16, 65], "uv_size": [0.5, 0.5]},
								"south": {"uv": [65, 16], "uv_size": [0.5, 0.5]},
								"west": {"uv": [17, 65], "uv_size": [0.5, 0.5]},
								"up": {"uv": [65, 17], "uv_size": [0.5, 0.5]},
								"down": {"uv": [18, 65.5], "uv_size": [0.5, -0.5]}
							}
						},
						{
							"origin": [3.9, 14, -2.5],
							"size": [4.7, 1, 0.2],
							"uv": {
								"north": {"uv": [51, 15], "uv_size": [4.5, 1]},
								"east": {"uv": [19, 64], "uv_size": [0.5, 1]},
								"south": {"uv": [51, 18], "uv_size": [4.5, 1]},
								"west": {"uv": [64, 19], "uv_size": [0.5, 1]},
								"up": {"uv": [59, 14], "uv_size": [4.5, 0.5]},
								"down": {"uv": [59, 15.5], "uv_size": [4.5, -0.5]}
							}
						},
						{
							"origin": [4.25, 12.25, -2.25],
							"size": [4.5, 11.75, 4.25],
							"uv": {
								"north": {"uv": [23, 0], "uv_size": [4.5, 11]},
								"east": {"uv": [21, 23], "uv_size": [4.5, 11]},
								"south": {"uv": [15, 24], "uv_size": [4.5, 11]},
								"west": {"uv": [26, 11], "uv_size": [4.5, 11]},
								"up": {"uv": [43, 24], "uv_size": [4.5, 4.5]},
								"down": {"uv": [29, 47.5], "uv_size": [4.5, -4.5]}
							}
						}
					]
				},
				{
					"name": "bone2",
					"parent": "LeftArm",
					"pivot": [5.5, 22, 0]
				},
				{
					"name": "RightLeg",
					"pivot": [-1.9, 12, 0],
					"cubes": [
						{
							"origin": [-4.17344, 0, -2.02734],
							"size": [4, 12, 4],
							"inflate": 0.25,
							"uv": {
								"north": {"uv": [26, 22], "uv_size": [4, 12]},
								"east": {"uv": [30, 22], "uv_size": [4, 12]},
								"south": {"uv": [0, 31], "uv_size": [4, 12]},
								"west": {"uv": [31, 0], "uv_size": [4, 12]},
								"up": {"uv": [29, 39], "uv_size": [4, 4]},
								"down": {"uv": [38, 50], "uv_size": [4, -4]}
							}
						},
						{
							"origin": [-4.42344, 0, -2.27734],
							"size": [4.75, 6.5, 4.5],
							"inflate": 0.25,
							"uv": {
								"north": {"uv": [34, 29], "uv_size": [5, 6.5]},
								"east": {"uv": [38, 36], "uv_size": [4.5, 6.5]},
								"south": {"uv": [35, 0], "uv_size": [5, 6.5]},
								"west": {"uv": [24, 39], "uv_size": [4.5, 6.5]},
								"up": {"uv": [12, 42], "uv_size": [5, 4.5]},
								"down": {"uv": [0, 47.5], "uv_size": [5, -4.5]}
							}
						}
					]
				},
				{
					"name": "LeftLeg",
					"pivot": [1.9, 12, 0],
					"cubes": [
						{
							"origin": [-0.03359, 0, -2.03516],
							"size": [4, 12, 4],
							"inflate": 0.25,
							"uv": {
								"north": {"uv": [4, 31], "uv_size": [4, 12]},
								"east": {"uv": [8, 31], "uv_size": [4, 12]},
								"south": {"uv": [34, 12], "uv_size": [4, 12]},
								"west": {"uv": [20, 34], "uv_size": [4, 12]},
								"up": {"uv": [46, 41], "uv_size": [4, 4]},
								"down": {"uv": [46, 49], "uv_size": [4, -4]}
							}
						},
						{
							"origin": [-0.28359, 0, -2.28516],
							"size": [4.5, 6.5, 4.5],
							"inflate": 0.25,
							"uv": {
								"north": {"uv": [12, 35], "uv_size": [4.5, 6.5]},
								"east": {"uv": [33, 36], "uv_size": [4.5, 6.5]},
								"south": {"uv": [38, 7], "uv_size": [4.5, 6.5]},
								"west": {"uv": [38, 14], "uv_size": [4.5, 6.5]},
								"up": {"uv": [43, 3], "uv_size": [4.5, 4.5]},
								"down": {"uv": [5, 47.5], "uv_size": [4.5, -4.5]}
							}
						}
					]
				}
			]
		}
	]
}