{
	"format_version": "1.12.0",
	"minecraft:geometry": [
		{
			"description": {
				"identifier": "geometry.soviet_uniform",
				"texture_width": 64,
				"texture_height": 64,
				"visible_bounds_width": 3,
				"visible_bounds_height": 4.5,
				"visible_bounds_offset": [0, 1.75, 0]
			},
			"bones": [
				{
					"name": "Head",
					"pivot": [0, 24, 0]
				},
				{
					"name": "Helmet",
					"parent": "Head",
					"pivot": [0, 23, -0.5],
					"cubes": [
						{
							"origin": [-3.38823, 32.91454, -3.6864],
							"size": [7, 1, 7],
							"uv": {
								"north": {"uv": [39, 33], "uv_size": [7, 1]},
								"east": {"uv": [39, 35], "uv_size": [6, 1]},
								"south": {"uv": [39, 34], "uv_size": [7, 1]},
								"west": {"uv": [39, 36], "uv_size": [6, 1]},
								"up": {"uv": [28, 12], "uv_size": [7, 6]},
								"down": {"uv": [28, 24], "uv_size": [7, -6]}
							}
						},
						{
							"origin": [-3.38823, 28.50165, 10.08735],
							"size": [7, 4, 0.5],
							"pivot": [0, 0, 0],
							"rotation": [12.5, 0, 0],
							"uv": {
								"north": {"uv": [32, 0], "uv_size": [7, 4]},
								"east": {"uv": [10, 45], "uv_size": [0.5, 4]},
								"south": {"uv": [31, 13], "uv_size": [7, 4]},
								"west": {"uv": [11, 45], "uv_size": [0.5, 4]},
								"up": {"uv": [44, 43], "uv_size": [7, 0.5]},
								"down": {"uv": [44, 44.5], "uv_size": [7, -0.5]}
							}
						},
						{
							"origin": [-3.38823, 28.20453, -10.92762],
							"size": [7, 4, 0.5],
							"pivot": [0, 0, 0],
							"rotation": [-12.5, 0, 0],
							"uv": {
								"north": {"uv": [33, 4], "uv_size": [4.5, 4]},
								"east": {"uv": [16, 45], "uv_size": [0.5, 4]},
								"south": {"uv": [28, 32], "uv_size": [7, 4]},
								"west": {"uv": [20, 45], "uv_size": [0.5, 4]},
								"up": {"uv": [45, 7], "uv_size": [7, 0.5]},
								"down": {"uv": [45, 8.5], "uv_size": [7, -0.5]}
							}
						},
						{
							"origin": [10.90075, 26.4594, 9.58735],
							"size": [1, 4, 1],
							"pivot": [0, 0, 0],
							"rotation": [12.08681, 3.21132, -14.65993],
							"uv": {
								"north": {"uv": [42, 43], "uv_size": [1, 4]},
								"east": {"uv": [43, 43], "uv_size": [1, 4]},
								"south": {"uv": [0, 44], "uv_size": [1, 4]},
								"west": {"uv": [1, 44], "uv_size": [1, 4]},
								"up": {"uv": [48, 4], "uv_size": [1, 1]},
								"down": {"uv": [7, 49], "uv_size": [1, -1]}
							}
						},
						{
							"origin": [10.32385, 26.17239, -10.92762],
							"size": [1.5, 4, 1],
							"pivot": [0, 0, 0],
							"rotation": [-12.08681, -3.21132, -14.65993],
							"uv": {
								"north": {"uv": [20, 40], "uv_size": [1.5, 4]},
								"east": {"uv": [2, 44], "uv_size": [1, 4]},
								"south": {"uv": [22, 40], "uv_size": [1.5, 4]},
								"west": {"uv": [3, 44], "uv_size": [1, 4]},
								"up": {"uv": [45, 36], "uv_size": [1.5, 1]},
								"down": {"uv": [46, 42], "uv_size": [1.5, -1]}
							}
						},
						{
							"origin": [-11.68483, 26.51725, 9.58735],
							"size": [1, 4, 1],
							"pivot": [0, 0, 0],
							"rotation": [12.08681, -3.21132, 14.65993],
							"uv": {
								"north": {"uv": [4, 44], "uv_size": [1, 4]},
								"east": {"uv": [5, 44], "uv_size": [1, 4]},
								"south": {"uv": [6, 44], "uv_size": [1, 4]},
								"west": {"uv": [7, 44], "uv_size": [1, 4]},
								"up": {"uv": [8, 48], "uv_size": [1, 1]},
								"down": {"uv": [10, 49], "uv_size": [1, -1]}
							}
						},
						{
							"origin": [-11.60793, 26.23024, -10.92762],
							"size": [1, 4, 1],
							"pivot": [0, 0, 0],
							"rotation": [-12.08681, 3.21132, 14.65993],
							"uv": {
								"north": {"uv": [44, 7], "uv_size": [1, 4]},
								"east": {"uv": [8, 44], "uv_size": [1, 4]},
								"south": {"uv": [10, 44], "uv_size": [1, 4]},
								"west": {"uv": [11, 44], "uv_size": [1, 4]},
								"up": {"uv": [11, 48], "uv_size": [1, 1]},
								"down": {"uv": [48, 12], "uv_size": [1, -1]}
							}
						},
						{
							"origin": [-4.42351, 27.64242, 3.64986],
							"size": [9, 2.5, 0.5],
							"uv": {
								"north": {"uv": [4, 36], "uv_size": [9, 2.5]},
								"east": {"uv": [3, 48], "uv_size": [0.5, 2.5]},
								"south": {"uv": [13, 36], "uv_size": [9, 2.5]},
								"west": {"uv": [4, 48], "uv_size": [0.5, 2.5]},
								"up": {"uv": [40, 30], "uv_size": [9, 0.5]},
								"down": {"uv": [41, 38.5], "uv_size": [9, -0.5]}
							}
						},
						{
							"origin": [-4.05295, 27.64242, -4.52266],
							"size": [8.7, 2.5, 0.5],
							"uv": {
								"north": {"uv": [22, 36], "uv_size": [9, 2.5]},
								"east": {"uv": [5, 48], "uv_size": [0.5, 2.5]},
								"south": {"uv": [36, 24], "uv_size": [9, 2.5]},
								"west": {"uv": [8, 45], "uv_size": [0.5, 2.5]},
								"up": {"uv": [41, 39], "uv_size": [9, 0.5]},
								"down": {"uv": [41, 40.5], "uv_size": [9, -0.5]}
							}
						},
						{
							"origin": [27.882, 11.55051, -3.6864],
							"size": [4, 0.5, 7],
							"pivot": [0, 0, 0],
							"rotation": [0, 0, -75],
							"uv": {
								"north": {"uv": [45, 24], "uv_size": [4, 0.5]},
								"east": {"uv": [45, 12], "uv_size": [6, 0.5]},
								"south": {"uv": [45, 25], "uv_size": [4, 0.5]},
								"west": {"uv": [45, 13], "uv_size": [6, 0.5]},
								"up": {"uv": [35, 12], "uv_size": [4, 6]},
								"down": {"uv": [35, 24], "uv_size": [4, -6]}
							}
						},
						{
							"origin": [-31.85732, 11.77532, -3.5],
							"size": [4, 0.5, 6.8],
							"pivot": [0, 0, 0],
							"rotation": [0, 0, 75],
							"uv": {
								"north": {"uv": [45, 26], "uv_size": [4, 0.5]},
								"east": {"uv": [45, 14], "uv_size": [6, 0.5]},
								"south": {"uv": [45, 35], "uv_size": [4, 0.5]},
								"west": {"uv": [45, 15], "uv_size": [6, 0.5]},
								"up": {"uv": [35, 32], "uv_size": [4, 6]},
								"down": {"uv": [0, 42], "uv_size": [4, -6]}
							}
						},
						{
							"origin": [-30.14242, -4.42351, -4.52266],
							"size": [2.5, 0.5, 8.5],
							"pivot": [0, 0, 0],
							"rotation": [0, 0, 90],
							"uv": {
								"north": {"uv": [37, 0], "uv_size": [2.5, 0.5]},
								"east": {"uv": [45, 9], "uv_size": [7, 0.5]},
								"south": {"uv": [47, 31], "uv_size": [2.5, 0.5]},
								"west": {"uv": [45, 10], "uv_size": [7, 0.5]},
								"up": {"uv": [37, 38], "uv_size": [2.5, 7]},
								"down": {"uv": [39, 7], "uv_size": [2.5, -7]}
							}
						},
						{
							"origin": [-28.08519, -4.64705, -5],
							"size": [0.5, 0.5, 9.5],
							"pivot": [0, 0, 0],
							"rotation": [0, 0, 90],
							"uv": {
								"north": {"uv": [50, 33], "uv_size": [0.5, 0.5]},
								"east": {"uv": [41, 42], "uv_size": [9, 0.5]},
								"south": {"uv": [34, 50], "uv_size": [0.5, 0.5]},
								"west": {"uv": [0, 43], "uv_size": [9, 0.5]},
								"up": {"uv": [43, 7], "uv_size": [0.5, 9]},
								"down": {"uv": [9, 52], "uv_size": [0.5, -9]}
							}
						},
						{
							"origin": [27.58519, -5.14705, -5],
							"size": [0.5, 0.5, 9.5],
							"pivot": [0, 0, 0],
							"rotation": [0, 0, -90],
							"uv": {
								"north": {"uv": [50, 34], "uv_size": [0.5, 0.5]},
								"east": {"uv": [10, 43], "uv_size": [9, 0.5]},
								"south": {"uv": [35, 50], "uv_size": [0.5, 0.5]},
								"west": {"uv": [43, 16], "uv_size": [9, 0.5]},
								"up": {"uv": [19, 43], "uv_size": [0.5, 9]},
								"down": {"uv": [41, 52], "uv_size": [0.5, -9]}
							}
						},
						{
							"origin": [27.58519, -4.64705, -5],
							"size": [0.5, 9, 0.5],
							"pivot": [0, 0, 0],
							"rotation": [0, 0, -90],
							"uv": {
								"north": {"uv": [24, 40], "uv_size": [0.5, 9.5]},
								"east": {"uv": [25, 40], "uv_size": [0.5, 9.5]},
								"south": {"uv": [26, 40], "uv_size": [0.5, 9.5]},
								"west": {"uv": [27, 40], "uv_size": [0.5, 9.5]},
								"up": {"uv": [50, 35], "uv_size": [0.5, 0.5]},
								"down": {"uv": [36, 50.5], "uv_size": [0.5, -0.5]}
							}
						},
						{
							"origin": [27.58519, -4.64705, 4],
							"size": [0.5, 9, 0.5],
							"pivot": [0, 0, 0],
							"rotation": [0, 0, -90],
							"uv": {
								"north": {"uv": [28, 40], "uv_size": [0.5, 9.5]},
								"east": {"uv": [29, 40], "uv_size": [0.5, 9.5]},
								"south": {"uv": [30, 40], "uv_size": [0.5, 9.5]},
								"west": {"uv": [40, 38], "uv_size": [0.5, 9.5]},
								"up": {"uv": [50, 36], "uv_size": [0.5, 0.5]},
								"down": {"uv": [50, 37.5], "uv_size": [0.5, -0.5]}
							}
						},
						{
							"origin": [27.58519, -4.64705, -4],
							"size": [2.5, 0.5, 8],
							"pivot": [0, 0, 0],
							"rotation": [0, 0, -90],
							"uv": {
								"north": {"uv": [47, 36], "uv_size": [2.5, 0.5]},
								"east": {"uv": [43, 17], "uv_size": [8, 0.5]},
								"south": {"uv": [48, 3], "uv_size": [2.5, 0.5]},
								"west": {"uv": [43, 18], "uv_size": [8, 0.5]},
								"up": {"uv": [31, 36], "uv_size": [2.5, 8]},
								"down": {"uv": [34, 46], "uv_size": [2.5, -8]}
							}
						}
					]
				},
				{
					"name": "Body",
					"pivot": [0, 24, 0],
					"cubes": [
						{
							"origin": [-4, 12, -1.97656],
							"size": [8, 12, 4],
							"inflate": 0.25,
							"uv": {
								"north": {"uv": [0, 0], "uv_size": [8, 12]},
								"east": {"uv": [0, 12], "uv_size": [4, 12]},
								"south": {"uv": [8, 0], "uv_size": [8, 12]},
								"west": {"uv": [4, 12], "uv_size": [4, 12]},
								"up": {"uv": [28, 28], "uv_size": [8, 4]},
								"down": {"uv": [1, 11], "uv_size": [8, -3]}
							}
						}
					]
				},
				{
					"name": "Vest",
					"parent": "Body",
					"pivot": [-0.5, 24.5, -4.97656],
					"cubes": [
						{
							"origin": [-4.44941, 16.52202, -2.03516],
							"size": [0.22656, 0.98438, 4.35156],
							"uv": {
								"north": {"uv": [48, 41], "uv_size": [0.5, 1]},
								"east": {"uv": [41, 41], "uv_size": [4.5, 1]},
								"south": {"uv": [49, 4], "uv_size": [0.5, 1]},
								"west": {"uv": [42, 0], "uv_size": [4.5, 1]},
								"up": {"uv": [31, 44], "uv_size": [0.5, 4.5]},
								"down": {"uv": [32, 48.5], "uv_size": [0.5, -4.5]}
							}
						},
						{
							"origin": [6.70946, 16.85601, -2.47656],
							"size": [0.93359, 1, 5],
							"pivot": [0, 0, 0],
							"rotation": [0, 0, -35],
							"uv": {
								"north": {"uv": [12, 48], "uv_size": [1, 1]},
								"east": {"uv": [0, 42], "uv_size": [4, 1]},
								"south": {"uv": [17, 48], "uv_size": [1, 1]},
								"west": {"uv": [44, 11], "uv_size": [4, 1]},
								"up": {"uv": [12, 44], "uv_size": [1, 4]},
								"down": {"uv": [44, 16], "uv_size": [1, -4]}
							}
						},
						{
							"origin": [16.70946, 16.85601, -2.47656],
							"size": [0.93359, 1, 5],
							"pivot": [0, 0, 0],
							"rotation": [0, 0, -35],
							"uv": {
								"north": {"uv": [12, 48], "uv_size": [1, 1]},
								"east": {"uv": [0, 42], "uv_size": [4, 1]},
								"south": {"uv": [17, 48], "uv_size": [1, 1]},
								"west": {"uv": [44, 11], "uv_size": [4, 1]},
								"up": {"uv": [12, 44], "uv_size": [1, 4]},
								"down": {"uv": [44, 16], "uv_size": [1, -4]}
							}
						},
						{
							"origin": [6.70946, 16.85601, -2.97656],
							"size": [10.93359, 1, 0.5],
							"pivot": [0, 0, 0],
							"rotation": [0, 0, -35],
							"uv": {
								"north": {"uv": [12, 48], "uv_size": [1, 1]},
								"east": {"uv": [0, 42], "uv_size": [4, 1]},
								"south": {"uv": [17, 48], "uv_size": [1, 1]},
								"west": {"uv": [44, 11], "uv_size": [4, 1]},
								"up": {"uv": [12, 44], "uv_size": [1, 4]},
								"down": {"uv": [44, 16], "uv_size": [1, -4]}
							}
						},
						{
							"origin": [6.70946, 16.85601, 2.52344],
							"size": [10.93359, 1, 0.5],
							"pivot": [0, 0, 0],
							"rotation": [0, 0, -35],
							"uv": {
								"north": {"uv": [12, 48], "uv_size": [1, 1]},
								"east": {"uv": [0, 42], "uv_size": [4, 1]},
								"south": {"uv": [17, 48], "uv_size": [1, 1]},
								"west": {"uv": [44, 11], "uv_size": [4, 1]},
								"up": {"uv": [12, 44], "uv_size": [1, 4]},
								"down": {"uv": [44, 16], "uv_size": [1, -4]}
							}
						},
						{
							"origin": [2.57422, 17.5, -2.47656],
							"size": [0.67969, 7, 0.5],
							"uv": {
								"north": {"uv": [20, 39], "uv_size": [10.5, 1]},
								"east": {"uv": [39, 49], "uv_size": [0.5, 1]},
								"south": {"uv": [39, 20], "uv_size": [10.5, 1]},
								"west": {"uv": [49, 41], "uv_size": [0.5, 1]},
								"up": {"uv": [40, 28], "uv_size": [10.5, 0.5]},
								"down": {"uv": [40, 29.5], "uv_size": [10.5, -0.5]}
							}
						},
						{
							"origin": [-3.25391, 17.5, -2.47656],
							"size": [0.67969, 7, 0.5],
							"uv": {
								"north": {"uv": [30.5, 39], "uv_size": [-10.5, 1]},
								"east": {"uv": [49.5, 41], "uv_size": [-0.5, 1]},
								"south": {"uv": [49.5, 20], "uv_size": [-10.5, 1]},
								"west": {"uv": [39.5, 49], "uv_size": [-0.5, 1]},
								"up": {"uv": [50.5, 28], "uv_size": [-10.5, 0.5]},
								"down": {"uv": [50.5, 29.5], "uv_size": [-10.5, -0.5]}
							}
						},
						{
							"origin": [2.57422, 17.5, 1.97656],
							"size": [0.67969, 7, 0.5],
							"uv": {
								"north": {"uv": [49.5, 20], "uv_size": [-10.5, 1]},
								"east": {"uv": [39.5, 49], "uv_size": [-0.5, 1]},
								"south": {"uv": [30.5, 39], "uv_size": [-10.5, 1]},
								"west": {"uv": [49.5, 41], "uv_size": [-0.5, 1]},
								"up": {"uv": [40, 28.5], "uv_size": [10.5, -0.5]},
								"down": {"uv": [40, 29], "uv_size": [10.5, 0.5]}
							}
						},
						{
							"origin": [-3.25391, 17.5, 1.97656],
							"size": [0.67969, 7, 0.5],
							"uv": {
								"north": {"uv": [39, 20], "uv_size": [10.5, 1]},
								"east": {"uv": [49, 41], "uv_size": [0.5, 1]},
								"south": {"uv": [20, 39], "uv_size": [10.5, 1]},
								"west": {"uv": [39, 49], "uv_size": [0.5, 1]},
								"up": {"uv": [50.5, 28.5], "uv_size": [-10.5, -0.5]},
								"down": {"uv": [50.5, 29], "uv_size": [-10.5, 0.5]}
							}
						},
						{
							"origin": [2.5, 23.5, -1.97656],
							"size": [0.77344, 1, 4],
							"uv": {
								"north": {"uv": [48, 23], "uv_size": [1, 1]},
								"east": {"uv": [13, 44], "uv_size": [4, 1]},
								"south": {"uv": [48, 34], "uv_size": [1, 1]},
								"west": {"uv": [20, 44], "uv_size": [4, 1]},
								"up": {"uv": [17, 44], "uv_size": [1, 4]},
								"down": {"uv": [18, 48], "uv_size": [1, -4]}
							}
						},
						{
							"origin": [-3.27344, 23.5, -1.97656],
							"size": [0.77344, 1, 4],
							"uv": {
								"north": {"uv": [49, 23], "uv_size": [-1, 1]},
								"east": {"uv": [24, 44], "uv_size": [-4, 1]},
								"south": {"uv": [49, 34], "uv_size": [-1, 1]},
								"west": {"uv": [17, 44], "uv_size": [-4, 1]},
								"up": {"uv": [18, 44], "uv_size": [-1, 4]},
								"down": {"uv": [19, 48], "uv_size": [-1, -4]}
							}
						},
						{
							"origin": [-4.46112, 16.52984, -2.47656],
							"size": [8.90234, 1, 0.5],
							"uv": {
								"north": {"uv": [39, 21], "uv_size": [9, 1]},
								"east": {"uv": [49, 46], "uv_size": [0.5, 1]},
								"south": {"uv": [39, 22], "uv_size": [9, 1]},
								"west": {"uv": [47, 49], "uv_size": [0.5, 1]},
								"up": {"uv": [42, 1], "uv_size": [9, 0.5]},
								"down": {"uv": [42, 2.5], "uv_size": [9, -0.5]}
							}
						},
						{
							"origin": [1.69141, 15.85938, 2.49609],
							"size": [2.7, 1.88281, 0.5],
							"pivot": [0, 0, 0],
							"rotation": [0, -180, 0],
							"uv": {
								"north": {"uv": [40, 47], "uv_size": [-1, 2]},
								"east": {"uv": [49.5, 21], "uv_size": [-0.5, 2]},
								"south": {"uv": [59, 59], "uv_size": [-4, 5]},
								"west": {"uv": [22.5, 49], "uv_size": [-0.5, 2]},
								"up": {"uv": [50, 21.5], "uv_size": [1, -0.5]},
								"down": {"uv": [50, 22], "uv_size": [1, 0.5]}
							}
						},
						{
							"origin": [4.22284, 16.52202, -2.03516],
							"size": [0.22656, 0.98438, 4.35156],
							"uv": {
								"north": {"uv": [28, 50], "uv_size": [0.5, 1]},
								"east": {"uv": [42, 3], "uv_size": [4.5, 1]},
								"south": {"uv": [29, 50], "uv_size": [0.5, 1]},
								"west": {"uv": [42, 4], "uv_size": [4.5, 1]},
								"up": {"uv": [33, 44], "uv_size": [0.5, 4.5]},
								"down": {"uv": [13, 49.5], "uv_size": [0.5, -4.5]}
							}
						},
						{
							"origin": [-4.48066, 16.52984, 2.30859],
							"size": [8.90234, 1, 0.5],
							"uv": {
								"north": {"uv": [39, 23], "uv_size": [9, 1]},
								"east": {"uv": [50, 31], "uv_size": [0.5, 1]},
								"south": {"uv": [39, 32], "uv_size": [9, 1]},
								"west": {"uv": [50, 32], "uv_size": [0.5, 1]},
								"up": {"uv": [42, 5], "uv_size": [9, 0.5]},
								"down": {"uv": [42, 6.5], "uv_size": [9, -0.5]}
							}
						},
						{
							"origin": [2, 15.5, -4.02344],
							"size": [1.5, 2, 1.5],
							"uv": {
								"north": {"uv": [63.5, 60], "uv_size": [-1.5, 2]},
								"east": {"uv": [63.5, 61], "uv_size": [-1.5, 2]},
								"south": {"uv": [64, 59], "uv_size": [-4, 5]},
								"west": {"uv": [64.5, 61], "uv_size": [-1.5, 2]},
								"up": {"uv": [63.5, 60], "uv_size": [-1.5, 1.5]},
								"down": {"uv": [64.5, 60], "uv_size": [-1.5, 1.5]}
							}
						},
						{
							"origin": [2.1, 17.5, -3.9],
							"size": [1.3, 0.2, 1.3],
							"uv": {
								"north": {"uv": [63.3, 61], "uv_size": [-1.3, 0.2]},
								"east": {"uv": [62.3, 61], "uv_size": [-1.3, 0.2]},
								"south": {"uv": [63.3, 62], "uv_size": [-1.3, 0.2]},
								"west": {"uv": [63.3, 62], "uv_size": [-1.3, 0.2]},
								"up": {"uv": [62.3, 61], "uv_size": [-1.3, 1.3]},
								"down": {"uv": [62.3, 61], "uv_size": [-1.3, 1.3]}
							}
						},
						{
							"origin": [2.5, 17.5, -3.52344],
							"size": [0.5, 1, 0.5],
							"uv": {
								"north": {"uv": [63.5, 42], "uv_size": [-0.5, 1]},
								"east": {"uv": [63.5, 42], "uv_size": [-0.5, 1]},
								"south": {"uv": [63.5, 42], "uv_size": [-0.5, 1]},
								"west": {"uv": [63.5, 42], "uv_size": [-0.5, 1]},
								"up": {"uv": [63.5, 42], "uv_size": [-0.5, 0.5]},
								"down": {"uv": [63.5, 42], "uv_size": [-0.5, 0.5]}
							}
						}
					]
				},
				{
					"name": "RightArm",
					"pivot": [-5.5, 22, 0],
					"cubes": [
						{
							"origin": [-8.1, 13.5, -2.4],
							"size": [4.7, 1, 0.2],
							"uv": {
								"north": {"uv": [57, 15], "uv_size": [4.7, 1]},
								"east": {"uv": [58, 15], "uv_size": [0.2, 1]},
								"south": {"uv": [0, 0], "uv_size": [4.7, 1]},
								"west": {"uv": [60, 15], "uv_size": [0.2, 1]},
								"up": {"uv": [61.7, 15.2], "uv_size": [-4.7, -0.2]},
								"down": {"uv": [61.7, 15.2], "uv_size": [-4.7, -0.2]}
							}
						},
						{
							"origin": [-8.3, 13.5, 2.1],
							"size": [4.7, 1, 0.2],
							"uv": {
								"north": {"uv": [56, 15], "uv_size": [4.7, 1]},
								"east": {"uv": [58, 15], "uv_size": [0.2, 1]},
								"south": {"uv": [57, 15], "uv_size": [4, 1]},
								"west": {"uv": [59, 15], "uv_size": [0.2, 1]},
								"up": {"uv": [61.7, 15.2], "uv_size": [-4.7, -0.2]},
								"down": {"uv": [61.7, 15.2], "uv_size": [-4.7, -0.2]}
							}
						},
						{
							"origin": [-3.6, 13.5, -2.2],
							"size": [0.2, 1, 4.5],
							"uv": {
								"north": {"uv": [60, 15], "uv_size": [0.2, 1]},
								"east": {"uv": [57, 15], "uv_size": [4.5, 1]},
								"south": {"uv": [58, 15], "uv_size": [0.2, 1]},
								"west": {"uv": [57, 15], "uv_size": [4.5, 1]},
								"up": {"uv": [58, 16], "uv_size": [0, -1]},
								"down": {"uv": [59, 16], "uv_size": [0, -1]}
							}
						},
						{
							"origin": [-8.3, 13.5, -2.4],
							"size": [0.2, 1, 4.5],
							"uv": {
								"north": {"uv": [60, 15], "uv_size": [0.2, 1]},
								"east": {"uv": [57, 15], "uv_size": [4.5, 1]},
								"south": {"uv": [58, 15], "uv_size": [0.2, 1]},
								"west": {"uv": [57, 15], "uv_size": [4.5, 1]},
								"up": {"uv": [58, 16], "uv_size": [0, -1]},
								"down": {"uv": [59, 16], "uv_size": [0, -1]}
							}
						},
						{
							"origin": [-7.88281, 12, -2.07812],
							"size": [4, 12, 4],
							"inflate": 0.25,
							"uv": {
								"north": {"uv": [8, 12], "uv_size": [4, 12]},
								"east": {"uv": [12, 12], "uv_size": [4, 12]},
								"south": {"uv": [16, 0], "uv_size": [4, 12]},
								"west": {"uv": [16, 12], "uv_size": [4, 12]},
								"up": {"uv": [36, 27], "uv_size": [4, 4]},
								"down": {"uv": [4, 43], "uv_size": [4, -4]}
							}
						}
					]
				},
				{
					"name": "LeftArm",
					"pivot": [5.5, 22, 0],
					"cubes": [
						{
							"origin": [3.96484, 12, -2.07031],
							"size": [4, 12, 4],
							"inflate": 0.25,
							"uv": {
								"north": {"uv": [20, 0], "uv_size": [4, 12]},
								"east": {"uv": [20, 12], "uv_size": [4, 12]},
								"south": {"uv": [0, 24], "uv_size": [4, 12]},
								"west": {"uv": [24, 0], "uv_size": [4, 12]},
								"up": {"uv": [39, 7], "uv_size": [4, 4]},
								"down": {"uv": [8, 43], "uv_size": [4, -4]}
							}
						},
						{
							"origin": [3.6, 13.5, -2.4],
							"size": [0.2, 1, 4.5],
							"uv": {
								"north": {"uv": [59, 15], "uv_size": [0.2, 1]},
								"east": {"uv": [57, 15], "uv_size": [4.5, 1]},
								"south": {"uv": [0, 0], "uv_size": [0.2, 1]},
								"west": {"uv": [0, 0], "uv_size": [4.5, 1]},
								"up": {"uv": [62, 15], "uv_size": [-5, 0]},
								"down": {"uv": [58, 16], "uv_size": [0, 0]}
							}
						},
						{
							"origin": [8.1, 13.5, -2.4],
							"size": [0.2, 1, 4.5],
							"uv": {
								"north": {"uv": [60, 15], "uv_size": [0.2, 1]},
								"east": {"uv": [57, 15], "uv_size": [4.5, 1]},
								"south": {"uv": [58, 15], "uv_size": [0.2, 1]},
								"west": {"uv": [57, 15], "uv_size": [4.5, 1]},
								"up": {"uv": [58, 16], "uv_size": [0, -1]},
								"down": {"uv": [59, 16], "uv_size": [0, -1]}
							}
						},
						{
							"origin": [3.6, 13.5, 2.1],
							"size": [4.7, 1, 0.2],
							"uv": {
								"north": {"uv": [56, 15], "uv_size": [4.7, 1]},
								"east": {"uv": [58, 15], "uv_size": [0.2, 1]},
								"south": {"uv": [57, 15], "uv_size": [4, 1]},
								"west": {"uv": [59, 15], "uv_size": [0.2, 1]},
								"up": {"uv": [61.7, 15.2], "uv_size": [-4.7, -0.2]},
								"down": {"uv": [61.7, 15.2], "uv_size": [-4.7, -0.2]}
							}
						},
						{
							"origin": [3.6, 13.5, -2.4],
							"size": [4.7, 1, 0.2],
							"uv": {
								"north": {"uv": [57, 15], "uv_size": [4.7, 1]},
								"east": {"uv": [58, 15], "uv_size": [0.2, 1]},
								"south": {"uv": [0, 0], "uv_size": [4.7, 1]},
								"west": {"uv": [60, 15], "uv_size": [0.2, 1]},
								"up": {"uv": [61.7, 15.2], "uv_size": [-4.7, -0.2]},
								"down": {"uv": [61.7, 15.2], "uv_size": [-4.7, -0.2]}
							}
						}
					]
				},
				{
					"name": "RightLeg",
					"pivot": [-1.9, 12, 0],
					"cubes": [
						{
							"origin": [-3.92344, 0, -2.02734],
							"size": [4, 12, 4],
							"inflate": 0.25,
							"uv": {
								"north": {"uv": [4, 24], "uv_size": [4, 12]},
								"east": {"uv": [8, 24], "uv_size": [4, 12]},
								"south": {"uv": [12, 24], "uv_size": [4, 12]},
								"west": {"uv": [24, 12], "uv_size": [4, 12]},
								"up": {"uv": [39, 11], "uv_size": [4, 4]},
								"down": {"uv": [12, 43], "uv_size": [4, -4]}
							}
						}
					]
				},
				{
					"name": "LeftLeg",
					"pivot": [1.9, 12, 0],
					"cubes": [
						{
							"origin": [-0.03359, 0, -2.03516],
							"size": [4, 12, 4],
							"inflate": 0.25,
							"uv": {
								"north": {"uv": [16, 24], "uv_size": [4, 12]},
								"east": {"uv": [20, 24], "uv_size": [4, 12]},
								"south": {"uv": [24, 24], "uv_size": [4, 12]},
								"west": {"uv": [28, 0], "uv_size": [4, 12]},
								"up": {"uv": [39, 15], "uv_size": [4, 4]},
								"down": {"uv": [16, 43], "uv_size": [4, -4]}
							}
						}
					]
				}
			]
		}
	]
}