{
	"format_version": "1.12.0",
	"minecraft:geometry": [
		{
			"description": {
				"identifier": "geometry.us_uniform",
				"texture_width": 64,
				"texture_height": 64,
				"visible_bounds_width": 3,
				"visible_bounds_height": 4.5,
				"visible_bounds_offset": [0, 1.75, 0]
			},
			"bones": [
				{
					"name": "Head",
					"pivot": [0, 24, 0]
				},
				{
					"name": "Helmet",
					"parent": "Head",
					"pivot": [0, 23.5, 0],
					"cubes": [
						{
							"origin": [-3.5, 33.07341, -4.0985],
							"size": [7.5, 0.5, 7.5],
							"uv": {
								"north": {"uv": [17, 11], "uv_size": [0, 0]},
								"east": {"uv": [20, 11], "uv_size": [2, 1]},
								"south": {"uv": [18, 12], "uv_size": [3, 1]},
								"west": {"uv": [17, 11], "uv_size": [5, 1]},
								"up": {"uv": [24, 16], "uv_size": [-7, -5]},
								"down": {"uv": [22, 15], "uv_size": [-5, -3]}
							}
						},
						{
							"origin": [-3.5, 28.74379, -11.53584],
							"size": [7.5, 2.5, 0.5],
							"pivot": [0.5, 0, 0],
							"rotation": [-12.5, 0, 0],
							"uv": {
								"north": {"uv": [16, 11], "uv_size": [7, 5]},
								"east": {"uv": [20.5, 10], "uv_size": [-0.5, 2.5]},
								"south": {"uv": [21, 11], "uv_size": [0, 0]},
								"west": {"uv": [19.5, 11], "uv_size": [-0.5, 2.5]},
								"up": {"uv": [20, 11], "uv_size": [0, 1]},
								"down": {"uv": [21, 11], "uv_size": [-1, 1]}
							}
						},
						{
							"origin": [-3.5, 33, -4.5],
							"size": [7.5, 0.7, 0.5],
							"pivot": [4.5, 33, -4.5],
							"rotation": [-35, 0, 0],
							"uv": {
								"north": {"uv": [16, 11], "uv_size": [7, 5]},
								"east": {"uv": [20.5, 10], "uv_size": [-0.5, 2.5]},
								"south": {"uv": [21, 11], "uv_size": [0, 0]},
								"west": {"uv": [19.5, 11], "uv_size": [-0.5, 2.5]},
								"up": {"uv": [20, 11], "uv_size": [0, 1]},
								"down": {"uv": [21, 11], "uv_size": [-1, 1]}
							}
						},
						{
							"origin": [-3.5985, 33, 3.9015],
							"size": [7.5, 0.7, 0.5],
							"pivot": [4.4015, 33, 3.9015],
							"rotation": [-35, -90, 0],
							"uv": {
								"north": {"uv": [16, 11], "uv_size": [7, 5]},
								"east": {"uv": [20.5, 10], "uv_size": [-0.5, 2.5]},
								"south": {"uv": [21, 11], "uv_size": [0, 0]},
								"west": {"uv": [19.5, 11], "uv_size": [-0.5, 2.5]},
								"up": {"uv": [20, 11], "uv_size": [0, 1]},
								"down": {"uv": [21, 11], "uv_size": [-1, 1]}
							}
						},
						{
							"origin": [-3.4015, 33, 3.9015],
							"size": [7.5, 0.7, 0.5],
							"pivot": [-3.9015, 33, 3.9015],
							"rotation": [-35, 90, 0],
							"uv": {
								"north": {"uv": [23, 11], "uv_size": [-7, 5]},
								"east": {"uv": [19, 11], "uv_size": [0.5, 2.5]},
								"south": {"uv": [21, 11], "uv_size": [0, 0]},
								"west": {"uv": [20, 10], "uv_size": [0.5, 2.5]},
								"up": {"uv": [20, 11], "uv_size": [0, 1]},
								"down": {"uv": [20, 11], "uv_size": [1, 1]}
							}
						},
						{
							"origin": [-3.5, 33, 3.30301],
							"size": [7.5, 0.7, 0.5],
							"pivot": [4.5, 33, 3.80301],
							"rotation": [35, 0, 0],
							"uv": {
								"north": {"uv": [21, 11], "uv_size": [0, 0]},
								"east": {"uv": [20, 10], "uv_size": [0.5, 2.5]},
								"south": {"uv": [23, 11], "uv_size": [-7, 5]},
								"west": {"uv": [19, 11], "uv_size": [0.5, 2.5]},
								"up": {"uv": [20, 12], "uv_size": [0, -1]},
								"down": {"uv": [21, 12], "uv_size": [-1, -1]}
							}
						},
						{
							"origin": [3.92375, 33.02182, 3.40358],
							"size": [0.5, 0.8, 0.5],
							"pivot": [4.34059, 32.94201, 3.91776],
							"rotation": [35, 0, -35],
							"uv": {
								"north": {"uv": [21, 11], "uv_size": [0, 0]},
								"east": {"uv": [20, 10], "uv_size": [0.5, 2.5]},
								"south": {"uv": [23, 11], "uv_size": [-7, 5]},
								"west": {"uv": [19, 11], "uv_size": [0.5, 2.5]},
								"up": {"uv": [20, 12], "uv_size": [0, -1]},
								"down": {"uv": [21, 12], "uv_size": [-1, -1]}
							}
						},
						{
							"origin": [-3.92375, 33.02182, 3.40358],
							"size": [0.5, 0.8, 0.5],
							"pivot": [-3.84059, 32.94201, 3.91776],
							"rotation": [35, 0, 35],
							"uv": {
								"north": {"uv": [21, 11], "uv_size": [0, 0]},
								"east": {"uv": [19.5, 11], "uv_size": [-0.5, 2.5]},
								"south": {"uv": [16, 11], "uv_size": [7, 5]},
								"west": {"uv": [20.5, 10], "uv_size": [-0.5, 2.5]},
								"up": {"uv": [20, 12], "uv_size": [0, -1]},
								"down": {"uv": [20, 12], "uv_size": [1, -1]}
							}
						},
						{
							"origin": [-4.08824, 32.7869, -4.69099],
							"size": [0.5, 0.8, 0.5],
							"pivot": [-4.00508, 32.70709, -4.20518],
							"rotation": [-35, 0, 35],
							"uv": {
								"north": {"uv": [23, 11], "uv_size": [-7, 5]},
								"east": {"uv": [19, 11], "uv_size": [0.5, 2.5]},
								"south": {"uv": [21, 11], "uv_size": [0, 0]},
								"west": {"uv": [20, 10], "uv_size": [0.5, 2.5]},
								"up": {"uv": [20, 11], "uv_size": [0, 1]},
								"down": {"uv": [20, 11], "uv_size": [1, 1]}
							}
						},
						{
							"origin": [4.08824, 32.7869, -4.69099],
							"size": [0.5, 0.8, 0.5],
							"pivot": [4.50508, 32.70709, -4.20518],
							"rotation": [-35, 0, -35],
							"uv": {
								"north": {"uv": [16, 11], "uv_size": [7, 5]},
								"east": {"uv": [20.5, 10], "uv_size": [-0.5, 2.5]},
								"south": {"uv": [21, 11], "uv_size": [0, 0]},
								"west": {"uv": [19.5, 11], "uv_size": [-0.5, 2.5]},
								"up": {"uv": [20, 11], "uv_size": [0, 1]},
								"down": {"uv": [21, 11], "uv_size": [-1, 1]}
							}
						},
						{
							"origin": [-3.5, 28.74379, 10.38625],
							"size": [7.5, 2.5, 0.5],
							"pivot": [0.5, -0.21644, -0.6733],
							"rotation": [12.5, 0, 0],
							"uv": {
								"north": {"uv": [19, 13], "uv_size": [1, 0]},
								"east": {"uv": [19, 9], "uv_size": [0.5, 2.5]},
								"south": {"uv": [16, 11], "uv_size": [7, 5]},
								"west": {"uv": [20, 12], "uv_size": [0.5, 2.5]},
								"up": {"uv": [21, 12], "uv_size": [-2, -1]},
								"down": {"uv": [19, 12], "uv_size": [-1, -1]}
							}
						},
						{
							"origin": [-5.23355, 31.47789, -4.0985],
							"size": [2.5, 0.5, 7.5],
							"pivot": [-3.98355, 31.72789, -0.3485],
							"rotation": [0, 0, -75],
							"uv": {
								"north": {"uv": [20, 10], "uv_size": [2.5, 0.5]},
								"east": {"uv": [18, 11], "uv_size": [2, 1]},
								"south": {"uv": [18, 12], "uv_size": [2.5, 0.5]},
								"west": {"uv": [19, 13], "uv_size": [1, 1]},
								"up": {"uv": [24, 16], "uv_size": [-8, -8]},
								"down": {"uv": [20, 12], "uv_size": [-1, -1]}
							}
						},
						{
							"origin": [-30.24102, 11.75299, -4.0985],
							"size": [2.5, 0.5, 7.8],
							"pivot": [0.59926, 0.05298, -0.5985],
							"rotation": [0, 0, 75],
							"uv": {
								"north": {"uv": [18, 12], "uv_size": [2.5, 0.5]},
								"east": {"uv": [18, 12], "uv_size": [2, 0]},
								"south": {"uv": [18, 12], "uv_size": [2.5, 0.5]},
								"west": {"uv": [19, 12], "uv_size": [1, 0]},
								"up": {"uv": [24, 15], "uv_size": [-7, -5]},
								"down": {"uv": [21, 15], "uv_size": [-2, -2]}
							}
						},
						{
							"origin": [2.44855, 29.58519, 3.4015],
							"size": [2.6, 1, 1],
							"pivot": [5.04855, 30.58519, 4.4015],
							"rotation": [0, -12.5, 75],
							"uv": {
								"north": {"uv": [18, 12], "uv_size": [2.5, 0.5]},
								"east": {"uv": [18, 12], "uv_size": [2, 0]},
								"south": {"uv": [18, 12], "uv_size": [2.5, 0.5]},
								"west": {"uv": [19, 12], "uv_size": [1, 0]},
								"up": {"uv": [24, 15], "uv_size": [-7, -5]},
								"down": {"uv": [21, 15], "uv_size": [-2, -2]}
							}
						},
						{
							"origin": [2.46086, 29.48019, -5.13195],
							"size": [2.6, 1, 1],
							"pivot": [5.06086, 30.48019, -4.63195],
							"rotation": [0, 12.5, 75],
							"uv": {
								"north": {"uv": [20.5, 12], "uv_size": [-2.5, 0.5]},
								"east": {"uv": [20, 12], "uv_size": [-2, 0]},
								"south": {"uv": [20.5, 12], "uv_size": [-2.5, 0.5]},
								"west": {"uv": [20, 12], "uv_size": [-1, 0]},
								"up": {"uv": [24, 10], "uv_size": [-7, 5]},
								"down": {"uv": [21, 13], "uv_size": [-2, 2]}
							}
						},
						{
							"origin": [-4.56086, 29.48019, -5.13195],
							"size": [2.6, 1, 1],
							"pivot": [-4.56086, 30.48019, -4.63195],
							"rotation": [0, -12.5, -75],
							"uv": {
								"north": {"uv": [18, 12], "uv_size": [2.5, 0.5]},
								"east": {"uv": [19, 12], "uv_size": [1, 0]},
								"south": {"uv": [18, 12], "uv_size": [2.5, 0.5]},
								"west": {"uv": [18, 12], "uv_size": [2, 0]},
								"up": {"uv": [17, 10], "uv_size": [7, 5]},
								"down": {"uv": [19, 13], "uv_size": [2, 2]}
							}
						},
						{
							"origin": [-4.32568, 29.9, 3.4015],
							"size": [2.6, 1, 1],
							"pivot": [-4.24554, 30.58519, 4.5985],
							"rotation": [0, 12.5, -75],
							"uv": {
								"north": {"uv": [20.5, 12], "uv_size": [-2.5, 0.5]},
								"east": {"uv": [20, 12], "uv_size": [-1, 0]},
								"south": {"uv": [20.5, 12], "uv_size": [-2.5, 0.5]},
								"west": {"uv": [20, 12], "uv_size": [-2, 0]},
								"up": {"uv": [17, 15], "uv_size": [7, -5]},
								"down": {"uv": [19, 15], "uv_size": [2, -2]}
							}
						},
						{
							"origin": [-30.14053, -5.228, 3.9015],
							"size": [2.6, 9.67, 0.5],
							"pivot": [0.5256, -0.08095, -0.0985],
							"rotation": [0, 0, 90],
							"uv": {
								"north": {"uv": [18, 11], "uv_size": [0, 1]},
								"east": {"uv": [19, 11], "uv_size": [0, 1]},
								"south": {"uv": [19, 12], "uv_size": [0, 0]},
								"west": {"uv": [19, 11], "uv_size": [0, 1]},
								"up": {"uv": [19, 12], "uv_size": [0, 0]},
								"down": {"uv": [19, 11], "uv_size": [-1, 0]}
							}
						},
						{
							"origin": [-29.91906, -4.58233, -5.07649],
							"size": [1.9, 8.67, 0.5],
							"pivot": [0.56613, 0.06472, -0.07649],
							"rotation": [0, 0, 90],
							"uv": {
								"north": {"uv": [18, 11], "uv_size": [0, 1]},
								"east": {"uv": [19, 11], "uv_size": [0, 1]},
								"south": {"uv": [19, 12], "uv_size": [0, 0]},
								"west": {"uv": [19, 11], "uv_size": [0, 1]},
								"up": {"uv": [19, 12], "uv_size": [0, 0]},
								"down": {"uv": [19, 11], "uv_size": [-1, 0]}
							}
						},
						{
							"origin": [-28.11906, -5.58233, -5.57649],
							"size": [0.1, 10.67, 0.5],
							"pivot": [0.56613, 0.06472, -0.07649],
							"rotation": [0, 0, 90],
							"uv": {
								"north": {"uv": [18, 11], "uv_size": [0, 1]},
								"east": {"uv": [19, 11], "uv_size": [0, 1]},
								"south": {"uv": [19, 12], "uv_size": [0, 0]},
								"west": {"uv": [19, 11], "uv_size": [0, 1]},
								"up": {"uv": [19, 12], "uv_size": [0, 0]},
								"down": {"uv": [19, 11], "uv_size": [-1, 0]}
							}
						},
						{
							"origin": [-29.91906, 2.91767, -5.07649],
							"size": [1.9, 1.67, 9],
							"pivot": [0.56613, 0.06472, -0.07649],
							"rotation": [0, 0, 90],
							"uv": {
								"north": {"uv": [18, 11], "uv_size": [0, 1]},
								"east": {"uv": [19, 11], "uv_size": [0, 1]},
								"south": {"uv": [19, 12], "uv_size": [0, 0]},
								"west": {"uv": [19, 11], "uv_size": [0, 1]},
								"up": {"uv": [19, 12], "uv_size": [0, 0]},
								"down": {"uv": [19, 11], "uv_size": [-1, 0]}
							}
						},
						{
							"origin": [-29.01906, 3.16591, -2.69219],
							"size": [1, 0.67, 7.1],
							"pivot": [0.56613, -0.68704, -0.19219],
							"rotation": [0, 0, 90],
							"uv": {
								"north": {"uv": [18, 11], "uv_size": [0, 1]},
								"east": {"uv": [19, 11], "uv_size": [0, 1]},
								"south": {"uv": [19, 12], "uv_size": [0, 0]},
								"west": {"uv": [19, 11], "uv_size": [0, 1]},
								"up": {"uv": [19, 12], "uv_size": [0, 0]},
								"down": {"uv": [19, 11], "uv_size": [-1, 0]}
							}
						},
						{
							"origin": [-28.11906, 3.66591, -2.69219],
							"size": [0.1, 0.67, 7.1],
							"pivot": [0.56613, -0.68704, -0.19219],
							"rotation": [0, 0, 90],
							"uv": {
								"north": {"uv": [18, 11], "uv_size": [0, 1]},
								"east": {"uv": [19, 11], "uv_size": [0, 1]},
								"south": {"uv": [19, 12], "uv_size": [0, 0]},
								"west": {"uv": [19, 11], "uv_size": [0, 1]},
								"up": {"uv": [19, 12], "uv_size": [0, 0]},
								"down": {"uv": [19, 11], "uv_size": [-1, 0]}
							}
						},
						{
							"origin": [-28.11906, -6.33409, -2.69219],
							"size": [0.1, 0.67, 7.1],
							"pivot": [0.56613, -0.68704, -0.19219],
							"rotation": [0, 0, 90],
							"uv": {
								"north": {"uv": [18, 11], "uv_size": [0, 1]},
								"east": {"uv": [19, 11], "uv_size": [0, 1]},
								"south": {"uv": [19, 12], "uv_size": [0, 0]},
								"west": {"uv": [19, 11], "uv_size": [0, 1]},
								"up": {"uv": [19, 12], "uv_size": [0, 0]},
								"down": {"uv": [19, 11], "uv_size": [-1, 0]}
							}
						},
						{
							"origin": [-28.11906, -6.33409, 4.30781],
							"size": [0.1, 10.67, 0.6],
							"pivot": [0.56613, -0.68704, -0.19219],
							"rotation": [0, 0, 90],
							"uv": {
								"north": {"uv": [18, 11], "uv_size": [0, 1]},
								"east": {"uv": [19, 11], "uv_size": [0, 1]},
								"south": {"uv": [19, 12], "uv_size": [0, 0]},
								"west": {"uv": [19, 11], "uv_size": [0, 1]},
								"up": {"uv": [19, 12], "uv_size": [0, 0]},
								"down": {"uv": [19, 11], "uv_size": [-1, 0]}
							}
						},
						{
							"origin": [28.01906, 2.66591, -2.69219],
							"size": [1, 0.67, 7.1],
							"pivot": [-0.56613, -0.68704, -0.19219],
							"rotation": [0, 0, -90],
							"uv": {
								"north": {"uv": [18, 11], "uv_size": [0, 1]},
								"east": {"uv": [19, 11], "uv_size": [0, 1]},
								"south": {"uv": [19, 12], "uv_size": [0, 0]},
								"west": {"uv": [19, 11], "uv_size": [0, 1]},
								"up": {"uv": [19, 12], "uv_size": [0, 0]},
								"down": {"uv": [18, 11], "uv_size": [1, 0]}
							}
						},
						{
							"origin": [4.95408, 27.65514, -4.99334],
							"size": [1, 0.67, 2.5],
							"pivot": [4.75408, 27.99014, 1.00666],
							"rotation": [0, 17.5, 90],
							"uv": {
								"north": {"uv": [18, 11], "uv_size": [0, 1]},
								"east": {"uv": [19, 11], "uv_size": [0, 1]},
								"south": {"uv": [19, 12], "uv_size": [0, 0]},
								"west": {"uv": [19, 11], "uv_size": [0, 1]},
								"up": {"uv": [19, 12], "uv_size": [0, 0]},
								"down": {"uv": [19, 11], "uv_size": [-1, 0]}
							}
						},
						{
							"origin": [5.85408, 28.15514, -4.99334],
							"size": [0.1, 0.67, 2.5],
							"pivot": [4.75408, 27.99014, 1.00666],
							"rotation": [0, 17.5, 90],
							"uv": {
								"north": {"uv": [18, 11], "uv_size": [0, 1]},
								"east": {"uv": [19, 11], "uv_size": [0, 1]},
								"south": {"uv": [19, 12], "uv_size": [0, 0]},
								"west": {"uv": [19, 11], "uv_size": [0, 1]},
								"up": {"uv": [19, 12], "uv_size": [0, 0]},
								"down": {"uv": [19, 11], "uv_size": [-1, 0]}
							}
						},
						{
							"origin": [5.85408, 18.15514, -4.99334],
							"size": [0.1, 0.67, 2.5],
							"pivot": [4.75408, 27.99014, 1.00666],
							"rotation": [0, 17.5, 90],
							"uv": {
								"north": {"uv": [18, 11], "uv_size": [0, 1]},
								"east": {"uv": [19, 11], "uv_size": [0, 1]},
								"south": {"uv": [19, 12], "uv_size": [0, 0]},
								"west": {"uv": [19, 11], "uv_size": [0, 1]},
								"up": {"uv": [19, 12], "uv_size": [0, 0]},
								"down": {"uv": [19, 11], "uv_size": [-1, 0]}
							}
						},
						{
							"origin": [-5.95408, 27.15514, -4.99334],
							"size": [1, 0.67, 2.5],
							"pivot": [-4.75408, 27.99014, 1.00666],
							"rotation": [0, -17.5, -90],
							"uv": {
								"north": {"uv": [18, 11], "uv_size": [0, 1]},
								"east": {"uv": [19, 11], "uv_size": [0, 1]},
								"south": {"uv": [19, 12], "uv_size": [0, 0]},
								"west": {"uv": [19, 11], "uv_size": [0, 1]},
								"up": {"uv": [19, 12], "uv_size": [0, 0]},
								"down": {"uv": [18, 11], "uv_size": [1, 0]}
							}
						},
						{
							"origin": [28.01906, 2.91767, -5.07649],
							"size": [1.9, 1.17, 9],
							"pivot": [-0.56613, 0.06472, -0.07649],
							"rotation": [0, 0, -90],
							"uv": {
								"north": {"uv": [18, 11], "uv_size": [0, 1]},
								"east": {"uv": [19, 11], "uv_size": [0, 1]},
								"south": {"uv": [19, 12], "uv_size": [0, 0]},
								"west": {"uv": [19, 11], "uv_size": [0, 1]},
								"up": {"uv": [19, 12], "uv_size": [0, 0]},
								"down": {"uv": [18, 11], "uv_size": [1, 0]}
							}
						},
						{
							"origin": [4.2, 23, -2.5],
							"size": [0.3, 5, 0.5],
							"pivot": [6.35, 27, 0.5],
							"rotation": [-30, 0, 0],
							"uv": {
								"north": {"uv": [13, 9], "uv_size": [0.3, 4.5]},
								"east": {"uv": [13, 9], "uv_size": [0.5, 4.5]},
								"south": {"uv": [15, 10], "uv_size": [0.3, 4.5]},
								"west": {"uv": [13, 9], "uv_size": [0.5, 4.5]},
								"up": {"uv": [0.3, 0.5], "uv_size": [-0.3, -0.5]},
								"down": {"uv": [14.3, 12.5], "uv_size": [-0.3, -0.5]}
							}
						},
						{
							"origin": [-4.3, 23, -2.5],
							"size": [0.3, 5, 0.5],
							"pivot": [6.35, 27, 0.5],
							"rotation": [-30, 0, 0],
							"uv": {
								"north": {"uv": [26, 1], "uv_size": [0.3, 4.5]},
								"east": {"uv": [26, 1], "uv_size": [0.5, 4.5]},
								"south": {"uv": [26, 1], "uv_size": [0.3, 4.5]},
								"west": {"uv": [26, 1], "uv_size": [0.5, 4.5]},
								"up": {"uv": [26.3, 3.5], "uv_size": [-0.3, -0.5]},
								"down": {"uv": [26.3, 2.5], "uv_size": [-0.3, -0.5]}
							}
						},
						{
							"origin": [-4.3, 22.56699, -2.75],
							"size": [8.8, 0.5, 0.5],
							"pivot": [6.85, 26.56699, 0.25],
							"rotation": [-30, 0, 0],
							"uv": {
								"north": {"uv": [26, 1], "uv_size": [1, 5]},
								"east": {"uv": [13, 13], "uv_size": [0.5, 0.5]},
								"south": {"uv": [10, 11], "uv_size": [5, 0]},
								"west": {"uv": [15, 10], "uv_size": [0.5, 0.5]},
								"up": {"uv": [16, 15], "uv_size": [-8, -7]},
								"down": {"uv": [12, 11], "uv_size": [-3, 0]}
							}
						}
					]
				},
				{
					"name": "Body",
					"pivot": [0, 24, 0],
					"cubes": [
						{
							"origin": [-4, 12, -1.97656],
							"size": [8, 12, 4],
							"inflate": 0.25,
							"uv": {
								"north": {"uv": [20, 36], "uv_size": [8, 12]},
								"east": {"uv": [16, 36], "uv_size": [4, 12]},
								"south": {"uv": [32, 36], "uv_size": [8, 12]},
								"west": {"uv": [28, 36], "uv_size": [4, 12]},
								"up": {"uv": [20, 32], "uv_size": [8, 4]},
								"down": {"uv": [28, 36], "uv_size": [8, -4]}
							}
						}
					]
				},
				{
					"name": "Vest",
					"parent": "Body",
					"pivot": [-0.5, 24.5, -4.97656],
					"cubes": [
						{
							"origin": [-4.44941, 16.52202, -2.03516],
							"size": [0.22656, 0.98438, 4.35156],
							"uv": {
								"north": {"uv": [30, 0], "uv_size": [2, 1]},
								"east": {"uv": [32, 0], "uv_size": [0.5, 1]},
								"south": {"uv": [8, 0], "uv_size": [8.90234, 1]},
								"west": {"uv": [31, 0], "uv_size": [0.5, 1]},
								"up": {"uv": [35.90234, 0.5], "uv_size": [-8.90234, -0.5]},
								"down": {"uv": [8.90234, 0.5], "uv_size": [-8.90234, -0.5]}
							}
						},
						{
							"origin": [-4.46112, 16.52984, -2.47656],
							"size": [8.90234, 1, 0.5],
							"uv": {
								"north": {"uv": [27, 0], "uv_size": [8.90234, 1]},
								"east": {"uv": [33, 0], "uv_size": [0.5, 1]},
								"south": {"uv": [27, 0], "uv_size": [8.90234, 1]},
								"west": {"uv": [33, 0], "uv_size": [0.5, 1]},
								"up": {"uv": [35.90234, 0.5], "uv_size": [-8.90234, -0.5]},
								"down": {"uv": [36, 0], "uv_size": [-9, 0]}
							}
						},
						{
							"origin": [-3.06211, 19.67675, -2.47656],
							"size": [0.90234, 5, 0.5],
							"uv": {
								"north": {"uv": [27, 0], "uv_size": [8.90234, 1]},
								"east": {"uv": [33, 0], "uv_size": [0.5, 1]},
								"south": {"uv": [27, 0], "uv_size": [8.90234, 1]},
								"west": {"uv": [33, 0], "uv_size": [0.5, 1]},
								"up": {"uv": [35.90234, 0.5], "uv_size": [-8.90234, -0.5]},
								"down": {"uv": [36, 0], "uv_size": [-9, 0]}
							}
						},
						{
							"origin": [-3.06211, 19.67675, 1.97656],
							"size": [0.90234, 5, 0.5],
							"uv": {
								"north": {"uv": [35.90234, 0], "uv_size": [-8.90234, 1]},
								"east": {"uv": [33.5, 0], "uv_size": [-0.5, 1]},
								"south": {"uv": [35.90234, 0], "uv_size": [-8.90234, 1]},
								"west": {"uv": [33.5, 0], "uv_size": [-0.5, 1]},
								"up": {"uv": [35.90234, 0], "uv_size": [-8.90234, 0.5]},
								"down": {"uv": [36, 0], "uv_size": [-9, 0]}
							}
						},
						{
							"origin": [2.15977, 19.67675, -2.47656],
							"size": [0.90234, 5, 0.5],
							"uv": {
								"north": {"uv": [35.90234, 0], "uv_size": [-8.90234, 1]},
								"east": {"uv": [33.5, 0], "uv_size": [-0.5, 1]},
								"south": {"uv": [35.90234, 0], "uv_size": [-8.90234, 1]},
								"west": {"uv": [33.5, 0], "uv_size": [-0.5, 1]},
								"up": {"uv": [27, 0.5], "uv_size": [8.90234, -0.5]},
								"down": {"uv": [27, 0], "uv_size": [9, 0]}
							}
						},
						{
							"origin": [2.15977, 19.67675, 1.97656],
							"size": [0.90234, 5, 0.5],
							"uv": {
								"north": {"uv": [27, 0], "uv_size": [8.90234, 1]},
								"east": {"uv": [33, 0], "uv_size": [0.5, 1]},
								"south": {"uv": [27, 0], "uv_size": [8.90234, 1]},
								"west": {"uv": [33, 0], "uv_size": [0.5, 1]},
								"up": {"uv": [27, 0], "uv_size": [8.90234, 0.5]},
								"down": {"uv": [27, 0], "uv_size": [9, 0]}
							}
						},
						{
							"origin": [11.7088, 12.96068, -2.47656],
							"size": [0.90234, 3, 0.5],
							"pivot": [0, 0, 0],
							"rotation": [0, 0, -30],
							"uv": {
								"north": {"uv": [35.90234, 0], "uv_size": [-8.90234, 1]},
								"east": {"uv": [33.5, 0], "uv_size": [-0.5, 1]},
								"south": {"uv": [35.90234, 0], "uv_size": [-8.90234, 1]},
								"west": {"uv": [33.5, 0], "uv_size": [-0.5, 1]},
								"up": {"uv": [27, 0.5], "uv_size": [8.90234, -0.5]},
								"down": {"uv": [27, 0], "uv_size": [9, 0]}
							}
						},
						{
							"origin": [11.7088, 12.96068, 1.97656],
							"size": [0.90234, 3, 0.5],
							"pivot": [0, 0, 0],
							"rotation": [0, 0, -30],
							"uv": {
								"north": {"uv": [27, 0], "uv_size": [8.90234, 1]},
								"east": {"uv": [33, 0], "uv_size": [0.5, 1]},
								"south": {"uv": [27, 0], "uv_size": [8.90234, 1]},
								"west": {"uv": [33, 0], "uv_size": [0.5, 1]},
								"up": {"uv": [27, 0], "uv_size": [8.90234, 0.5]},
								"down": {"uv": [27, 0], "uv_size": [9, 0]}
							}
						},
						{
							"origin": [-12.61114, 12.96068, -2.47656],
							"size": [0.90234, 3, 0.5],
							"pivot": [0, 0, 0],
							"rotation": [0, 0, 30],
							"uv": {
								"north": {"uv": [27, 0], "uv_size": [8.90234, 1]},
								"east": {"uv": [33, 0], "uv_size": [0.5, 1]},
								"south": {"uv": [27, 0], "uv_size": [8.90234, 1]},
								"west": {"uv": [33, 0], "uv_size": [0.5, 1]},
								"up": {"uv": [35.90234, 0.5], "uv_size": [-8.90234, -0.5]},
								"down": {"uv": [36, 0], "uv_size": [-9, 0]}
							}
						},
						{
							"origin": [-12.61114, 12.96068, 1.97656],
							"size": [0.90234, 3, 0.5],
							"pivot": [0, 0, 0],
							"rotation": [0, 0, 30],
							"uv": {
								"north": {"uv": [35.90234, 0], "uv_size": [-8.90234, 1]},
								"east": {"uv": [33.5, 0], "uv_size": [-0.5, 1]},
								"south": {"uv": [35.90234, 0], "uv_size": [-8.90234, 1]},
								"west": {"uv": [33.5, 0], "uv_size": [-0.5, 1]},
								"up": {"uv": [35.90234, 0], "uv_size": [-8.90234, 0.5]},
								"down": {"uv": [36, 0], "uv_size": [-9, 0]}
							}
						},
						{
							"origin": [7.18651, 15.57162, -2.47656],
							"size": [0.90234, 3, 0.5],
							"pivot": [0, 0, 0],
							"rotation": [0, 0, -30],
							"uv": {
								"north": {"uv": [27, 0], "uv_size": [8.90234, 1]},
								"east": {"uv": [33, 0], "uv_size": [0.5, 1]},
								"south": {"uv": [27, 0], "uv_size": [8.90234, 1]},
								"west": {"uv": [33, 0], "uv_size": [0.5, 1]},
								"up": {"uv": [35.90234, 0.5], "uv_size": [-8.90234, -0.5]},
								"down": {"uv": [36, 0], "uv_size": [-9, 0]}
							}
						},
						{
							"origin": [7.18651, 15.57162, 1.97656],
							"size": [0.90234, 3, 0.5],
							"pivot": [0, 0, 0],
							"rotation": [0, 0, -30],
							"uv": {
								"north": {"uv": [35.90234, 0], "uv_size": [-8.90234, 1]},
								"east": {"uv": [33.5, 0], "uv_size": [-0.5, 1]},
								"south": {"uv": [35.90234, 0], "uv_size": [-8.90234, 1]},
								"west": {"uv": [33.5, 0], "uv_size": [-0.5, 1]},
								"up": {"uv": [35.90234, 0], "uv_size": [-8.90234, 0.5]},
								"down": {"uv": [36, 0], "uv_size": [-9, 0]}
							}
						},
						{
							"origin": [-8.08885, 15.57162, -2.47656],
							"size": [0.90234, 3, 0.5],
							"pivot": [0, 0, 0],
							"rotation": [0, 0, 30],
							"uv": {
								"north": {"uv": [35.90234, 0], "uv_size": [-8.90234, 1]},
								"east": {"uv": [33.5, 0], "uv_size": [-0.5, 1]},
								"south": {"uv": [35.90234, 0], "uv_size": [-8.90234, 1]},
								"west": {"uv": [33.5, 0], "uv_size": [-0.5, 1]},
								"up": {"uv": [27, 0.5], "uv_size": [8.90234, -0.5]},
								"down": {"uv": [27, 0], "uv_size": [9, 0]}
							}
						},
						{
							"origin": [-8.08885, 15.57162, 1.97656],
							"size": [0.90234, 3, 0.5],
							"pivot": [0, 0, 0],
							"rotation": [0, 0, 30],
							"uv": {
								"north": {"uv": [27, 0], "uv_size": [8.90234, 1]},
								"east": {"uv": [33, 0], "uv_size": [0.5, 1]},
								"south": {"uv": [27, 0], "uv_size": [8.90234, 1]},
								"west": {"uv": [33, 0], "uv_size": [0.5, 1]},
								"up": {"uv": [27, 0], "uv_size": [8.90234, 0.5]},
								"down": {"uv": [27, 0], "uv_size": [9, 0]}
							}
						},
						{
							"origin": [2.15977, 24.17675, -1.97656],
							"size": [0.90234, 0.5, 4.5],
							"uv": {
								"north": {"uv": [35.90234, 0], "uv_size": [-8.90234, 1]},
								"east": {"uv": [33.5, 0], "uv_size": [-0.5, 1]},
								"south": {"uv": [35.90234, 0], "uv_size": [-8.90234, 1]},
								"west": {"uv": [33.5, 0], "uv_size": [-0.5, 1]},
								"up": {"uv": [27, 0.5], "uv_size": [8.90234, -0.5]},
								"down": {"uv": [27, 0], "uv_size": [9, 0]}
							}
						},
						{
							"origin": [-3.06211, 24.17675, -1.97656],
							"size": [0.90234, 0.5, 4.5],
							"uv": {
								"north": {"uv": [27, 0], "uv_size": [8.90234, 1]},
								"east": {"uv": [33, 0], "uv_size": [0.5, 1]},
								"south": {"uv": [27, 0], "uv_size": [8.90234, 1]},
								"west": {"uv": [33, 0], "uv_size": [0.5, 1]},
								"up": {"uv": [35.90234, 0.5], "uv_size": [-8.90234, -0.5]},
								"down": {"uv": [36, 0], "uv_size": [-9, 0]}
							}
						},
						{
							"origin": [-4.0125, 15.85938, -2.98437],
							"size": [1.2, 1.88281, 0.5],
							"uv": {
								"north": {"uv": [58, 27], "uv_size": [6, 8]},
								"east": {"uv": [31, 0], "uv_size": [0, 1]},
								"south": {"uv": [31, 0], "uv_size": [1, 1]},
								"west": {"uv": [32, 0], "uv_size": [0, 1]},
								"up": {"uv": [31, 0], "uv_size": [1, 0]},
								"down": {"uv": [31, 0], "uv_size": [1, 0]}
							}
						},
						{
							"origin": [2.8125, 15.85938, -2.96875],
							"size": [1.2, 1.88281, 0.5],
							"uv": {
								"north": {"uv": [64, 27], "uv_size": [-6, 8]},
								"east": {"uv": [32, 0], "uv_size": [0, 1]},
								"south": {"uv": [31, 0], "uv_size": [-1, 1]},
								"west": {"uv": [31, 0], "uv_size": [0, 1]},
								"up": {"uv": [32, 0], "uv_size": [-1, 0]},
								"down": {"uv": [32, 0], "uv_size": [-1, 0]}
							}
						},
						{
							"origin": [1.3125, 15.85938, -2.96875],
							"size": [1.2, 1.88281, 0.5],
							"uv": {
								"north": {"uv": [64, 27], "uv_size": [-6, 8]},
								"east": {"uv": [32, 0], "uv_size": [0, 1]},
								"south": {"uv": [31, 0], "uv_size": [-1, 1]},
								"west": {"uv": [31, 0], "uv_size": [0, 1]},
								"up": {"uv": [32, 0], "uv_size": [-1, 0]},
								"down": {"uv": [32, 0], "uv_size": [-1, 0]}
							}
						},
						{
							"origin": [2.3125, 15.85938, 2.80859],
							"size": [1.2, 1.88281, 0.5],
							"uv": {
								"north": {"uv": [64, 27], "uv_size": [-6, 8]},
								"east": {"uv": [32, 0], "uv_size": [0, 1]},
								"south": {"uv": [64, 27], "uv_size": [-6, 8]},
								"west": {"uv": [31, 0], "uv_size": [0, 1]},
								"up": {"uv": [32, 0], "uv_size": [-1, 0]},
								"down": {"uv": [32, 0], "uv_size": [-1, 0]}
							}
						},
						{
							"origin": [-3.5125, 15.85938, 2.80859],
							"size": [1.2, 1.88281, 0.5],
							"uv": {
								"north": {"uv": [58, 27], "uv_size": [6, 8]},
								"east": {"uv": [31, 0], "uv_size": [0, 1]},
								"south": {"uv": [58, 27], "uv_size": [6, 8]},
								"west": {"uv": [32, 0], "uv_size": [0, 1]},
								"up": {"uv": [31, 0], "uv_size": [1, 0]},
								"down": {"uv": [31, 0], "uv_size": [1, 0]}
							}
						},
						{
							"origin": [0.69141, 15.85938, 2.81641],
							"size": [1.2, 1.88281, 0.5],
							"uv": {
								"north": {"uv": [64, 27], "uv_size": [-6, 8]},
								"east": {"uv": [32, 0], "uv_size": [0, 1]},
								"south": {"uv": [64, 27], "uv_size": [-6, 8]},
								"west": {"uv": [31, 0], "uv_size": [0, 1]},
								"up": {"uv": [32, 0], "uv_size": [-1, 0]},
								"down": {"uv": [32, 0], "uv_size": [-1, 0]}
							}
						},
						{
							"origin": [-1.89141, 15.85938, 2.81641],
							"size": [1.2, 1.88281, 0.5],
							"uv": {
								"north": {"uv": [58, 27], "uv_size": [6, 8]},
								"east": {"uv": [31, 0], "uv_size": [0, 1]},
								"south": {"uv": [58, 27], "uv_size": [6, 8]},
								"west": {"uv": [32, 0], "uv_size": [0, 1]},
								"up": {"uv": [31, 0], "uv_size": [1, 0]},
								"down": {"uv": [31, 0], "uv_size": [1, 0]}
							}
						},
						{
							"origin": [4.22284, 16.52202, -2.03516],
							"size": [0.22656, 0.98438, 4.35156],
							"uv": {
								"north": {"uv": [34.90234, 0], "uv_size": [-8.90234, 1]},
								"east": {"uv": [31.5, 0], "uv_size": [-0.5, 1]},
								"south": {"uv": [36.90234, 0], "uv_size": [-8.90234, 1]},
								"west": {"uv": [33, 0], "uv_size": [-0.5, 1]},
								"up": {"uv": [30, 0.5], "uv_size": [8.90234, -0.5]},
								"down": {"uv": [34, 0], "uv_size": [0, 0]}
							}
						},
						{
							"origin": [-2.39141, 15.85938, -2.95312],
							"size": [1.2, 1.88281, 0.5],
							"uv": {
								"north": {"uv": [58, 27], "uv_size": [6, 8]},
								"east": {"uv": [31, 0], "uv_size": [0, 1]},
								"south": {"uv": [32, 0], "uv_size": [1, 1]},
								"west": {"uv": [32, 0], "uv_size": [0, 1]},
								"up": {"uv": [31, 0], "uv_size": [1, 0]},
								"down": {"uv": [31, 0], "uv_size": [1, 0]}
							}
						},
						{
							"origin": [-4.48066, 16.52984, 2.30859],
							"size": [8.90234, 1, 0.5],
							"uv": {
								"north": {"uv": [27, 0], "uv_size": [8.90234, 1]},
								"east": {"uv": [31, 0], "uv_size": [0.5, 1]},
								"south": {"uv": [27, 0], "uv_size": [8.90234, 1]},
								"west": {"uv": [30, 0], "uv_size": [0.5, 1]},
								"up": {"uv": [35.90234, 0.5], "uv_size": [-8.90234, -0.5]},
								"down": {"uv": [35.90234, 0.5], "uv_size": [-8.90234, -0.5]}
							}
						}
					]
				},
				{
					"name": "RightArm",
					"pivot": [-5.5, 22, 0],
					"cubes": [
						{
							"origin": [-8.6, 14, -2.5],
							"size": [4.7, 1, 0.2],
							"uv": {
								"north": {"uv": [59, 43], "uv_size": [4.7, 1]},
								"east": {"uv": [0, 0], "uv_size": [0.2, 1]},
								"south": {"uv": [59, 43], "uv_size": [4.7, 1]},
								"west": {"uv": [62, 43], "uv_size": [0.2, 1]},
								"up": {"uv": [63.7, 43.2], "uv_size": [-4.7, -0.2]},
								"down": {"uv": [63.7, 43.2], "uv_size": [-4.7, -0.2]}
							}
						},
						{
							"origin": [-8.6, 14, 2.1],
							"size": [4.7, 1, 0.2],
							"uv": {
								"north": {"uv": [59, 43], "uv_size": [4.7, 1]},
								"east": {"uv": [0, 0], "uv_size": [0.2, 1]},
								"south": {"uv": [59, 43], "uv_size": [4, 1]},
								"west": {"uv": [0, 0], "uv_size": [0.2, 1]},
								"up": {"uv": [63.7, 43.2], "uv_size": [-4.7, -0.2]},
								"down": {"uv": [63.7, 43.2], "uv_size": [-4.7, -0.2]}
							}
						},
						{
							"origin": [-8.8, 14, -2.5],
							"size": [0.2, 1, 4.8],
							"uv": {
								"north": {"uv": [61, 43], "uv_size": [0.2, 1]},
								"east": {"uv": [59, 43], "uv_size": [4, 1]},
								"south": {"uv": [62, 43], "uv_size": [0.2, 1]},
								"west": {"uv": [59, 43], "uv_size": [4.8, 1]},
								"up": {"uv": [62, 44], "uv_size": [0, 0]},
								"down": {"uv": [64, 44], "uv_size": [-5, -1]}
							}
						},
						{
							"origin": [-4, 14, -2.2],
							"size": [0.2, 1, 4.3],
							"uv": {
								"north": {"uv": [62, 43], "uv_size": [0.2, 1]},
								"east": {"uv": [59, 43], "uv_size": [4.3, 1]},
								"south": {"uv": [60, 43], "uv_size": [0.2, 1]},
								"west": {"uv": [59, 43], "uv_size": [4.3, 1]},
								"up": {"uv": [60, 44], "uv_size": [0, 0]},
								"down": {"uv": [62, 44], "uv_size": [0, 0]}
							}
						},
						{
							"origin": [-8.38281, 12, -2.07812],
							"size": [4, 12, 4],
							"inflate": 0.25,
							"uv": {
								"north": {"uv": [44, 36], "uv_size": [4, 12]},
								"east": {"uv": [40, 36], "uv_size": [4, 12]},
								"south": {"uv": [52, 36], "uv_size": [4, 12]},
								"west": {"uv": [48, 36], "uv_size": [4, 12]},
								"up": {"uv": [44, 32], "uv_size": [4, 4]},
								"down": {"uv": [48, 36], "uv_size": [4, -4]}
							}
						}
					]
				},
				{
					"name": "LeftArm",
					"pivot": [5.5, 22, 0],
					"cubes": [
						{
							"origin": [4.46484, 12, -2.07031],
							"size": [4, 12, 4],
							"inflate": 0.25,
							"uv": {
								"north": {"uv": [52, 52], "uv_size": [4, 12]},
								"east": {"uv": [48, 52], "uv_size": [4, 12]},
								"south": {"uv": [60, 52], "uv_size": [4, 12]},
								"west": {"uv": [56, 52], "uv_size": [4, 12]},
								"up": {"uv": [52, 48], "uv_size": [4, 4]},
								"down": {"uv": [56, 52], "uv_size": [4, -4]}
							}
						},
						{
							"origin": [3.9, 14, 2.1],
							"size": [4.7, 1, 0.2],
							"uv": {
								"north": {"uv": [63.7, 43], "uv_size": [-4.7, 1]},
								"east": {"uv": [0.2, 0], "uv_size": [-0.2, 1]},
								"south": {"uv": [63, 43], "uv_size": [-4, 1]},
								"west": {"uv": [0.2, 0], "uv_size": [-0.2, 1]},
								"up": {"uv": [59, 43.2], "uv_size": [4.7, -0.2]},
								"down": {"uv": [59, 43.2], "uv_size": [4.7, -0.2]}
							}
						},
						{
							"origin": [3.8, 14, -2.2],
							"size": [0.2, 1, 4.3],
							"uv": {
								"north": {"uv": [62.2, 43], "uv_size": [-0.2, 1]},
								"east": {"uv": [63.3, 43], "uv_size": [-4.3, 1]},
								"south": {"uv": [60.2, 43], "uv_size": [-0.2, 1]},
								"west": {"uv": [63.3, 43], "uv_size": [-4.3, 1]},
								"up": {"uv": [60, 44], "uv_size": [0, 0]},
								"down": {"uv": [62, 44], "uv_size": [0, 0]}
							}
						},
						{
							"origin": [8.6, 14, -2.5],
							"size": [0.2, 1, 4.8],
							"uv": {
								"north": {"uv": [61.2, 43], "uv_size": [-0.2, 1]},
								"east": {"uv": [63.8, 43], "uv_size": [-4.8, 1]},
								"south": {"uv": [62.2, 43], "uv_size": [-0.2, 1]},
								"west": {"uv": [63, 43], "uv_size": [-4, 1]},
								"up": {"uv": [62, 44], "uv_size": [0, 0]},
								"down": {"uv": [59, 44], "uv_size": [5, -1]}
							}
						},
						{
							"origin": [8.6, 21.2612, -0.55946],
							"size": [0.2, 0.5, 0.8],
							"pivot": [8.8, 21.14839, 0.36079],
							"rotation": [-55, 0, 0],
							"uv": {
								"north": {"uv": [61.2, 43], "uv_size": [-0.2, 1]},
								"east": {"uv": [63.8, 43], "uv_size": [-4.8, 1]},
								"south": {"uv": [62.2, 43], "uv_size": [-0.2, 1]},
								"west": {"uv": [63, 43], "uv_size": [-4, 1]},
								"up": {"uv": [62, 44], "uv_size": [0, 0]},
								"down": {"uv": [59, 44], "uv_size": [5, -1]}
							}
						},
						{
							"origin": [8.8, 21.34212, -0.48571],
							"size": [0.2, 0.3, 0.8],
							"pivot": [8.5, 21.2293, 0.43454],
							"rotation": [-55, 0, 0],
							"uv": {
								"north": {"uv": [5, 0], "uv_size": [-0.2, 1]},
								"east": {"uv": [63.8, 43], "uv_size": [-4.8, 1]},
								"south": {"uv": [62.2, 43], "uv_size": [-0.2, 1]},
								"west": {"uv": [17, 0], "uv_size": [-4, 1]},
								"up": {"uv": [7, 0], "uv_size": [0, 0]},
								"down": {"uv": [8, 1], "uv_size": [5, -1]}
							}
						},
						{
							"origin": [8.6, 21.47045, -0.18849],
							"size": [0.2, 0.5, 0.8],
							"pivot": [8.8, 21.34838, -0.05811],
							"rotation": [55, 0, 0],
							"uv": {
								"north": {"uv": [62, 43], "uv_size": [0.2, 1]},
								"east": {"uv": [59, 43], "uv_size": [4.8, 1]},
								"south": {"uv": [61, 43], "uv_size": [0.2, 1]},
								"west": {"uv": [59, 43], "uv_size": [4, 1]},
								"up": {"uv": [62, 44], "uv_size": [0, 0]},
								"down": {"uv": [59, 43], "uv_size": [5, 1]}
							}
						},
						{
							"origin": [8.8, 21.58, -0.18849],
							"size": [0.2, 0.3, 0.8],
							"pivot": [8.8, 21.34838, -0.05811],
							"rotation": [55, 0, 0],
							"uv": {
								"north": {"uv": [62, 43], "uv_size": [0.2, 1]},
								"east": {"uv": [59, 43], "uv_size": [4.8, 1]},
								"south": {"uv": [61, 43], "uv_size": [0.2, 1]},
								"west": {"uv": [9, 0], "uv_size": [4, 1]},
								"up": {"uv": [8, 0], "uv_size": [0, 0]},
								"down": {"uv": [8, 0], "uv_size": [5, 1]}
							}
						},
						{
							"origin": [8.6, 20.54089, 0.36205],
							"size": [0.2, 0.5, 0.8],
							"pivot": [8.8, 20.89946, 1.30347],
							"rotation": [-45, 0, 0],
							"uv": {
								"north": {"uv": [61.2, 43], "uv_size": [-0.2, 1]},
								"east": {"uv": [63.8, 43], "uv_size": [-4.8, 1]},
								"south": {"uv": [62.2, 43], "uv_size": [-0.2, 1]},
								"west": {"uv": [63, 43], "uv_size": [-4, 1]},
								"up": {"uv": [62, 44], "uv_size": [0, 0]},
								"down": {"uv": [59, 44], "uv_size": [5, -1]}
							}
						},
						{
							"origin": [8.8, 20.70372, 0.37844],
							"size": [0.2, 0.3, 0.8],
							"pivot": [8.5, 21.0623, 1.31986],
							"rotation": [-45, 0, 0],
							"uv": {
								"north": {"uv": [61.2, 43], "uv_size": [-0.2, 1]},
								"east": {"uv": [63.8, 43], "uv_size": [-4.8, 1]},
								"south": {"uv": [62.2, 43], "uv_size": [-0.2, 1]},
								"west": {"uv": [15, 0], "uv_size": [-4, 1]},
								"up": {"uv": [11, 0], "uv_size": [0, 0]},
								"down": {"uv": [8, 1], "uv_size": [5, -1]}
							}
						},
						{
							"origin": [8.6, 20.54089, -1.01071],
							"size": [0.2, 0.5, 0.8],
							"pivot": [8.8, 20.89946, -1.15213],
							"rotation": [45, 0, 0],
							"uv": {
								"north": {"uv": [62, 43], "uv_size": [0.2, 1]},
								"east": {"uv": [59, 43], "uv_size": [4.8, 1]},
								"south": {"uv": [61, 43], "uv_size": [0.2, 1]},
								"west": {"uv": [59, 43], "uv_size": [4, 1]},
								"up": {"uv": [62, 44], "uv_size": [0, 0]},
								"down": {"uv": [59, 43], "uv_size": [5, 1]}
							}
						},
						{
							"origin": [8.8, 20.60372, -1.10044],
							"size": [0.2, 0.3, 0.8],
							"pivot": [8.5, 20.9623, -1.24186],
							"rotation": [45, 0, 0],
							"uv": {
								"north": {"uv": [62, 43], "uv_size": [0.2, 1]},
								"east": {"uv": [59, 43], "uv_size": [4.8, 1]},
								"south": {"uv": [61, 43], "uv_size": [0.2, 1]},
								"west": {"uv": [8, 0], "uv_size": [4, 1]},
								"up": {"uv": [7, 0], "uv_size": [0, 0]},
								"down": {"uv": [12, 0], "uv_size": [5, 1]}
							}
						},
						{
							"origin": [8.6, 20.44946, -1.30213],
							"size": [0.2, 0.5, 0.5],
							"pivot": [8.7, 20.69946, -0.90213],
							"rotation": [-90, 0, 0],
							"uv": {
								"north": {"uv": [62, 43], "uv_size": [0.2, 1]},
								"east": {"uv": [59, 43], "uv_size": [4.8, 1]},
								"south": {"uv": [61, 43], "uv_size": [0.2, 1]},
								"west": {"uv": [59, 43], "uv_size": [4, 1]},
								"up": {"uv": [62, 44], "uv_size": [0, 0]},
								"down": {"uv": [59, 43], "uv_size": [5, 1]}
							}
						},
						{
							"origin": [8.8, 20.37088, -1.25044],
							"size": [0.2, 0.3, 0.4],
							"pivot": [8.4, 20.62088, -0.85044],
							"rotation": [-90, 0, 0],
							"uv": {
								"north": {"uv": [62, 43], "uv_size": [0.2, 1]},
								"east": {"uv": [59, 43], "uv_size": [4.8, 1]},
								"south": {"uv": [61, 43], "uv_size": [0.2, 1]},
								"west": {"uv": [9, 0], "uv_size": [4, 1]},
								"up": {"uv": [9, 0], "uv_size": [0, 0]},
								"down": {"uv": [7, 0], "uv_size": [5, 1]}
							}
						},
						{
							"origin": [8.6, 20.64946, 0.75347],
							"size": [0.2, 0.5, 0.5],
							"pivot": [8.7, 20.89946, 1.05347],
							"rotation": [90, 0, 0],
							"uv": {
								"north": {"uv": [61.2, 43], "uv_size": [-0.2, 1]},
								"east": {"uv": [63.8, 43], "uv_size": [-4.8, 1]},
								"south": {"uv": [62.2, 43], "uv_size": [-0.2, 1]},
								"west": {"uv": [63, 43], "uv_size": [-4, 1]},
								"up": {"uv": [62, 44], "uv_size": [0, 0]},
								"down": {"uv": [59, 44], "uv_size": [5, -1]}
							}
						},
						{
							"origin": [8.8, 20.67088, 0.62844],
							"size": [0.2, 0.3, 0.5],
							"pivot": [8.4, 20.92088, 0.92844],
							"rotation": [90, 0, 0],
							"uv": {
								"north": {"uv": [61.2, 43], "uv_size": [-0.2, 1]},
								"east": {"uv": [63.8, 43], "uv_size": [-4.8, 1]},
								"south": {"uv": [62.2, 43], "uv_size": [-0.2, 1]},
								"west": {"uv": [13, 0], "uv_size": [-4, 1]},
								"up": {"uv": [11, 0], "uv_size": [0, 0]},
								"down": {"uv": [10, 1], "uv_size": [5, -1]}
							}
						},
						{
							"origin": [8.6, 20.48249, -0.83073],
							"size": [0.2, 0.5, 1],
							"pivot": [8.8, 20.98249, -0.83073],
							"rotation": [-40, 0, 0],
							"uv": {
								"north": {"uv": [62, 43], "uv_size": [0.2, 1]},
								"east": {"uv": [59, 43], "uv_size": [4.8, 1]},
								"south": {"uv": [61, 43], "uv_size": [0.2, 1]},
								"west": {"uv": [59, 43], "uv_size": [4, 1]},
								"up": {"uv": [62, 44], "uv_size": [0, 0]},
								"down": {"uv": [59, 43], "uv_size": [5, 1]}
							}
						},
						{
							"origin": [8.8, 20.5039, -0.77905],
							"size": [0.2, 0.3, 0.9],
							"pivot": [8.5, 21.0039, -0.77905],
							"rotation": [-40, 0, 0],
							"uv": {
								"north": {"uv": [62, 43], "uv_size": [0.2, 1]},
								"east": {"uv": [59, 43], "uv_size": [4.8, 1]},
								"south": {"uv": [61, 43], "uv_size": [0.2, 1]},
								"west": {"uv": [13, 0], "uv_size": [4, 1]},
								"up": {"uv": [15, 0], "uv_size": [0, 0]},
								"down": {"uv": [9, 0], "uv_size": [5, 1]}
							}
						},
						{
							"origin": [8.6, 20.7726, -0.05271],
							"size": [0.2, 0.5, 1],
							"pivot": [8.8, 21.17532, 1.36323],
							"rotation": [40, 0, 0],
							"uv": {
								"north": {"uv": [61.2, 43], "uv_size": [-0.2, 1]},
								"east": {"uv": [63.8, 43], "uv_size": [-4.8, 1]},
								"south": {"uv": [62.2, 43], "uv_size": [-0.2, 1]},
								"west": {"uv": [63, 43], "uv_size": [-4, 1]},
								"up": {"uv": [62, 44], "uv_size": [0, 0]},
								"down": {"uv": [59, 44], "uv_size": [5, -1]}
							}
						},
						{
							"origin": [8.8, 20.85829, -0.10113],
							"size": [0.2, 0.3, 0.9],
							"pivot": [8.5, 21.26102, 1.3148],
							"rotation": [40, 0, 0],
							"uv": {
								"north": {"uv": [61.2, 43], "uv_size": [-0.2, 1]},
								"east": {"uv": [63.8, 43], "uv_size": [-4.8, 1]},
								"south": {"uv": [62.2, 43], "uv_size": [-0.2, 1]},
								"west": {"uv": [12, 0], "uv_size": [-4, 1]},
								"up": {"uv": [8, 0], "uv_size": [0, 0]},
								"down": {"uv": [6, 1], "uv_size": [5, -1]}
							}
						},
						{
							"origin": [8.6, 19.95668, -0.38608],
							"size": [0.2, 0.5, 0.9],
							"uv": {
								"north": {"uv": [61.2, 43], "uv_size": [-0.2, 1]},
								"east": {"uv": [63.8, 43], "uv_size": [-4.8, 1]},
								"south": {"uv": [62.2, 43], "uv_size": [-0.2, 1]},
								"west": {"uv": [63, 43], "uv_size": [-4, 1]},
								"up": {"uv": [62, 44], "uv_size": [0, 0]},
								"down": {"uv": [59, 44], "uv_size": [5, -1]}
							}
						},
						{
							"origin": [8.8, 20.04237, -0.411],
							"size": [0.2, 0.3, 0.9],
							"uv": {
								"north": {"uv": [61.2, 43], "uv_size": [-0.2, 1]},
								"east": {"uv": [63.8, 43], "uv_size": [-4.8, 1]},
								"south": {"uv": [62.2, 43], "uv_size": [-0.2, 1]},
								"west": {"uv": [15, 0], "uv_size": [-4, 1]},
								"up": {"uv": [13, 0], "uv_size": [0, 0]},
								"down": {"uv": [4, 1], "uv_size": [5, -1]}
							}
						},
						{
							"origin": [8.6, 21.75371, -0.1836],
							"size": [0.2, 0.5, 0.5],
							"uv": {
								"north": {"uv": [61.2, 43], "uv_size": [-0.2, 1]},
								"east": {"uv": [63.8, 43], "uv_size": [-4.8, 1]},
								"south": {"uv": [62.2, 43], "uv_size": [-0.2, 1]},
								"west": {"uv": [63, 43], "uv_size": [-4, 1]},
								"up": {"uv": [62, 44], "uv_size": [0, 0]},
								"down": {"uv": [59, 44], "uv_size": [5, -1]}
							}
						},
						{
							"origin": [8.8, 21.90182, -0.10951],
							"size": [0.2, 0.3, 0.35],
							"uv": {
								"north": {"uv": [11, 0], "uv_size": [-0.2, 1]},
								"east": {"uv": [63.8, 43], "uv_size": [-4.8, 1]},
								"south": {"uv": [10, 0], "uv_size": [-0.2, 1]},
								"west": {"uv": [12, 0], "uv_size": [-4, 1]},
								"up": {"uv": [9, 0], "uv_size": [0, 0]},
								"down": {"uv": [6, 1], "uv_size": [5, -1]}
							}
						},
						{
							"origin": [3.9, 14, -2.5],
							"size": [4.7, 1, 0.2],
							"uv": {
								"north": {"uv": [63.7, 43], "uv_size": [-4.7, 1]},
								"east": {"uv": [62.2, 43], "uv_size": [-0.2, 1]},
								"south": {"uv": [63.7, 43], "uv_size": [-4.7, 1]},
								"west": {"uv": [0.2, 0], "uv_size": [-0.2, 1]},
								"up": {"uv": [59, 43.2], "uv_size": [4.7, -0.2]},
								"down": {"uv": [59, 43.2], "uv_size": [4.7, -0.2]}
							}
						}
					]
				},
				{
					"name": "bone2",
					"parent": "LeftArm",
					"pivot": [5.5, 22, 0]
				},
				{
					"name": "RightLeg",
					"pivot": [-1.9, 12, 0],
					"cubes": [
						{
							"origin": [-3.92344, 0, -2.02734],
							"size": [4, 12, 4],
							"inflate": 0.25,
							"uv": {
								"north": {"uv": [4, 36], "uv_size": [4, 12]},
								"east": {"uv": [0, 36], "uv_size": [4, 12]},
								"south": {"uv": [12, 36], "uv_size": [4, 12]},
								"west": {"uv": [8, 36], "uv_size": [4, 12]},
								"up": {"uv": [4, 32], "uv_size": [4, 4]},
								"down": {"uv": [8, 36], "uv_size": [4, -4]}
							}
						}
					]
				},
				{
					"name": "LeftLeg",
					"pivot": [1.9, 12, 0],
					"cubes": [
						{
							"origin": [-0.03359, 0, -2.03516],
							"size": [4, 12, 4],
							"inflate": 0.25,
							"uv": {
								"north": {"uv": [4, 52], "uv_size": [4, 12]},
								"east": {"uv": [0, 52], "uv_size": [4, 12]},
								"south": {"uv": [12, 52], "uv_size": [4, 12]},
								"west": {"uv": [8, 52], "uv_size": [4, 12]},
								"up": {"uv": [4, 48], "uv_size": [4, 4]},
								"down": {"uv": [8, 52], "uv_size": [4, -4]}
							}
						}
					]
				}
			]
		}
	]
}