{
	"format_version": "1.16.0",
	"minecraft:entity": {
		"description": {
			"identifier": "nwa:cannonball12",
			"is_spawnable": false,
			"is_summonable": true,
			"is_experimental": true,
			"runtime_identifier": "minecraft:snowball"
		},
		"component_groups": {
			"minecraft:exploding": {
				"minecraft:explode": {
					"fuse_length": 0,
					"fuse_lit": true,
					"power": 4,
					"causes_fire": false
				}
			}
		},
		"components": {
			"minecraft:collision_box": {
				"width": 0.0,
				"height": 0.0
			},
			"minecraft:scale": {
				"value": 1.5
			},
			"minecraft:projectile": {
				"shoot_target": true,
				"hit_sound": "golem.death",
      "on_hit": {
					"impact_damage": {
						"damage": 25,
						"knockback": false,
						"semirandomdiffdamage": false,
						"destroyonhit": false
					},
       "particle_on_hit": {
         "particle_type": "nwa:explosion",
         "num_particles": 6,
         "on_entity_hit": true,
         "on_other_hit": true
       },
					"definition_event": {
						"affect_projectile": true,
						"event_trigger": {
							"event": "minecraft:explode",
							"target": "self"
						}
					}
				},
				"power": 6,
				"gravity": 0.5,
				"inertia": 1,
				"uncertainty_base": 1,
				"uncertainty_multiplier": 0,
				"anchor": 0,
				"angle_offset": 0,
				"offset": [
					0,
					0,
					0
				],
				"reflect_on_hurt": true,
				"catchFire": false
			},
			"minecraft:physics": {}
		},
		"events": {
			"minecraft:explode": {
				"add": {
					"component_groups": [
						"minecraft:exploding"
					]
				},
      "run_command": {
				 "command": [
				  "particle nwa:explosion ~ ~ ~"
				 ]
				}
			}
		}
	}
}
