{
	"format_version": "1.8.0",
	"minecraft:entity": {
		"description": {
			"identifier": "nwa:musket_ball",
			"is_spawnable": false,
			"is_summonable": true,
			"is_experimental": true,
			"runtime_identifier": "minecraft:snowball"
		},
		"component_groups": {
			"projectile:sound": {
				"minecraft:timer": {
					"looping": false,
					"time": 1,
					"time_down_event": {
						"event": "projectile:soundplay"
					}
				}
			}
		},
		"components": {
			"minecraft:collision_box": {
				"width": 0.0,
				"height": 0.0
			},
			"minecraft:scale": {
				"value": 0.25
			},
			"minecraft:projectile": {
				"shoot_target": true,
				"hit_sound": "golem.death",
				"onHit": {
					"impact_damage": {
						"damage": 10,
						"knockback": false,
						"semirandomdiffdamage": false,
						"destroyonhit": false
					},
					"definition_event": {
						"affectProjectile": true,
						"eventTrigger": {
							"event": "minecraft:explode",
							"target": "self"
						}
					}
				},
				"power": 5,
				"gravity": 0.5,
				"inertia": 1,
				"uncertaintyBase": 1,
				"uncertaintyMultiplier": 0,
				"anchor": 0,
				"angle_offset": 0,
				"offset": [
					0,
					0,
					0
				],
				"reflectOnHurt": true,
				"catchFire": false
			},
			"minecraft:physics": {}
		},
		"events": {
			"minecraft:entity_spawned": {
				"run_command": {
					"command": [
						"particle nwa:muzzle_smoke ~ ~ ~", "playsound shoot.musket @a ~ ~ ~"
					]
				},
      "add": {
       "component_groups": ["projectile:sound"]
      }
    }, 
			"projectile:soundplay": {
				"run_command": {
					"command": [
						"playsound shoot.musket @a ~ ~ ~"
					]
				}
			}
		}
	}
}
