{
	"format_version": "1.10.0",
	"particle_effect": {
		"description": {
			"identifier": "nwa:explosion",
			"basic_render_parameters": {
				"material": "particles_alpha",
				"texture": "textures/particle/fog"
			}
		},
		"components": {
			"minecraft:emitter_rate_instant": {
				"num_particles": 6
			},
			"minecraft:emitter_lifetime_looping": {
				"active_time": 1
			},
			"minecraft:emitter_shape_point": {
				"offset": [0, 1, 0]
			},
			"minecraft:particle_lifetime_expression": {
				"max_lifetime": 5
			},
			"minecraft:particle_initial_spin": {
				"rotation_rate": 2
			},
			"minecraft:particle_initial_speed": 1,
			"minecraft:particle_motion_dynamic": {
				"linear_drag_coefficient": 1
			},
			"minecraft:particle_appearance_billboard": {
				"size": [2, 2],
				"facing_camera_mode": "rotate_xyz",
				"uv": {
					"texture_width": 16,
					"texture_height": 16,
					"uv": [0, 0],
					"uv_size": [1, 1]
				}
			},
			"minecraft:particle_appearance_tinting": {
				"color": [0.07059, 0.07059, 0.07059, 1]
			}
		}
	}
}