{
	"format_version": "1.14.0",
	"sound_definitions": {
	  "shoot.75mm": {
			"category": "neutral",
			"sounds": ["sounds/75mm"]
		},
		"shoot.20mm": {
			"category": "neutral",
			"sounds": ["sounds/20mm"]
		},
		"shoot.50mm": {
			"category": "neutral",
			"sounds": ["sounds/50mm"]
		},
		"shoot.37mm": {
			"category": "neutral",
			"sounds": ["sounds/37mm"]
		},
		"shoot.47mm": {
			"category": "neutral",
			"sounds": ["sounds/47mm"]
		},
		"shoot.57mm": {
			"category": "neutral",
			"sounds": ["sounds/57mm"]
		},
		"shoot.88mm": {
			"category": "neutral",
			"sounds": ["sounds/88mm"]
		},
		"shoot.88flak": {
			"category": "neutral",
			"sounds": ["sounds/75mm"]
		},
		"shoot.100mm": {
			"category": "neutral",
			"sounds": ["sounds/100mm"]
		},
		"shoot.90mm": {
			"category": "neutral",
			"sounds": ["sounds/90mm"]
		},
		"shoot.50cal": {
		  "category": "neutral",
		  "sounds": ["sounds/50cal"]
		},
		"shoot.mg42": {
		  "category": "neutral",
		  "sounds": ["sounds/mg42"]
		},
		"shoot.us76mm": {
			"category": "neutral",
			"sounds": ["sounds/us_76mm"]
		},
		"shoot.ussr76mm": {
			"category": "neutral",
			"sounds": ["sounds/ussr_76mm"]
		},
		"drive.light": {
			"category": "neutral",
			"sounds": ["sounds/tank_run1"]
		},
		"drive.medium": {
			"category": "neutral",
			"sounds": ["sounds/tank_run2"]
		},
		"drive.heavy": {
			"category": "neutral",
			"sounds": ["sounds/tank_run3"]
		},
		"drive.jeep": {
		  "category": "neutral",
		  "sounds": ["sounds/jeep_move"]
		},
   "plane.engine": {
     "category": "neutral",
     "sounds": ["sounds/plane_engine"]
   },
   "plane.shoot": {
     "category": "neutral",
     "sounds": ["sounds/plane_shoot"]
   }
	}
}
