{
	"format_version": "1.12.0",
	"minecraft:geometry": [
		{
			"description": {
				"identifier": "geometry.12_pounder",
				"texture_width": 32,
				"texture_height": 32,
				"visible_bounds_width": 2,
				"visible_bounds_height": 1.5,
				"visible_bounds_offset": [0, 0.25, 0]
			},
			"bones": [
				{
					"name": "Wheels",
					"pivot": [0, 1.53732, -0.99229],
					"cubes": [
						{
							"origin": [1.365, 0.8704, -2.52],
							"size": [0.27, 1.25921, 0.38],
							"pivot": [0.875, 1.5, -1],
							"rotation": [-45, 0, 0],
							"uv": {
								"north": {"uv": [7, 13], "uv_size": [0.25, 1.25]},
								"east": {"uv": [9, 8], "uv_size": [0.375, 1.25]},
								"south": {"uv": [8, 13], "uv_size": [0.25, 1.25]},
								"west": {"uv": [10, 0], "uv_size": [0.375, 1.25]},
								"up": {"uv": [21, 3], "uv_size": [0.25, 0.375]},
								"down": {"uv": [4, 21.375], "uv_size": [0.25, -0.375]}
							}
						},
						{
							"origin": [1.365, 0.8704, -2.52],
							"size": [0.27, 1.25921, 0.38],
							"uv": {
								"north": {"uv": [9, 13], "uv_size": [0.25, 1.25]},
								"east": {"uv": [10, 2], "uv_size": [0.375, 1.25]},
								"south": {"uv": [10, 13], "uv_size": [0.25, 1.25]},
								"west": {"uv": [3, 10], "uv_size": [0.375, 1.25]},
								"up": {"uv": [21, 4], "uv_size": [0.25, 0.375]},
								"down": {"uv": [5, 21.375], "uv_size": [0.25, -0.375]}
							}
						},
						{
							"origin": [1.365, 0.8704, 0.14],
							"size": [0.27, 1.25921, 0.38],
							"pivot": [0.875, 1.5, -1],
							"rotation": [-45, 0, 0],
							"uv": {
								"north": {"uv": [11, 13], "uv_size": [0.25, 1.25]},
								"east": {"uv": [4, 10], "uv_size": [0.375, 1.25]},
								"south": {"uv": [13, 11], "uv_size": [0.25, 1.25]},
								"west": {"uv": [10, 4], "uv_size": [0.375, 1.25]},
								"up": {"uv": [21, 5], "uv_size": [0.25, 0.375]},
								"down": {"uv": [6, 21.375], "uv_size": [0.25, -0.375]}
							}
						},
						{
							"origin": [1.365, 0.8704, 0.14],
							"size": [0.27, 1.25921, 0.38],
							"uv": {
								"north": {"uv": [12, 13], "uv_size": [0.25, 1.25]},
								"east": {"uv": [5, 10], "uv_size": [0.375, 1.25]},
								"south": {"uv": [13, 13], "uv_size": [0.25, 1.25]},
								"west": {"uv": [10, 6], "uv_size": [0.375, 1.25]},
								"up": {"uv": [21, 6], "uv_size": [0.25, 0.375]},
								"down": {"uv": [7, 21.375], "uv_size": [0.25, -0.375]}
							}
						},
						{
							"origin": [0.865, 1.2454, -1.36],
							"size": [0.77, 0.755, 0.755],
							"uv": {
								"north": {"uv": [7, 6], "uv_size": [0.75, 0.75]},
								"east": {"uv": [7, 7], "uv_size": [0.75, 0.75]},
								"south": {"uv": [1, 8], "uv_size": [0.75, 0.75]},
								"west": {"uv": [2, 8], "uv_size": [0.75, 0.75]},
								"up": {"uv": [8, 3], "uv_size": [0.75, 0.75]},
								"down": {"uv": [8, 4.75], "uv_size": [0.75, -0.75]}
							}
						},
						{
							"origin": [-0.885, 1.4954, -1.11],
							"size": [1.77, 0.255, 0.255],
							"uv": {
								"north": {"uv": [16, 7], "uv_size": [1.75, 0.125]},
								"east": {"uv": [23, 12], "uv_size": [0.125, 0.125]},
								"south": {"uv": [16, 8], "uv_size": [1.75, 0.125]},
								"west": {"uv": [13, 23], "uv_size": [0.125, 0.125]},
								"up": {"uv": [16, 9], "uv_size": [1.75, 0.125]},
								"down": {"uv": [16, 10.125], "uv_size": [1.75, -0.125]}
							}
						},
						{
							"origin": [1.615, 1.3704, -1.235],
							"size": [0.27, 0.505, 0.505],
							"uv": {
								"north": {"uv": [19, 8], "uv_size": [0.25, 0.5]},
								"east": {"uv": [15, 14], "uv_size": [0.5, 0.5]},
								"south": {"uv": [9, 19], "uv_size": [0.25, 0.5]},
								"west": {"uv": [15, 15], "uv_size": [0.5, 0.5]},
								"up": {"uv": [19, 9], "uv_size": [0.25, 0.5]},
								"down": {"uv": [10, 19.5], "uv_size": [0.25, -0.5]}
							}
						},
						{
							"origin": [1.365, -0.02, -1.6296],
							"size": [0.27, 0.38, 1.25921],
							"pivot": [0.875, 1.5, -1],
							"rotation": [-45, 0, 0],
							"uv": {
								"north": {"uv": [21, 7], "uv_size": [0.25, 0.375]},
								"east": {"uv": [10, 8], "uv_size": [1.25, 0.375]},
								"south": {"uv": [8, 21], "uv_size": [0.25, 0.375]},
								"west": {"uv": [9, 10], "uv_size": [1.25, 0.375]},
								"up": {"uv": [0, 14], "uv_size": [0.25, 1.25]},
								"down": {"uv": [14, 1.25], "uv_size": [0.25, -1.25]}
							}
						},
						{
							"origin": [1.365, -0.02, -1.6296],
							"size": [0.27, 0.38, 1.25921],
							"uv": {
								"north": {"uv": [21, 8], "uv_size": [0.25, 0.375]},
								"east": {"uv": [10, 9], "uv_size": [1.25, 0.375]},
								"south": {"uv": [9, 21], "uv_size": [0.25, 0.375]},
								"west": {"uv": [11, 0], "uv_size": [1.25, 0.375]},
								"up": {"uv": [1, 14], "uv_size": [0.25, 1.25]},
								"down": {"uv": [2, 15.25], "uv_size": [0.25, -1.25]}
							}
						},
						{
							"origin": [1.49, 0.355, -1.05],
							"size": [0.145, 1.005, 0.13421],
							"pivot": [1.635, 0.355, -1.1296],
							"rotation": [0, 0, -22.5],
							"uv": {
								"north": {"uv": [18, 2], "uv_size": [0.125, 1]},
								"east": {"uv": [18, 3], "uv_size": [0.125, 1]},
								"south": {"uv": [18, 4], "uv_size": [0.125, 1]},
								"west": {"uv": [18, 5], "uv_size": [0.125, 1]},
								"up": {"uv": [11, 22], "uv_size": [0.125, 0.125]},
								"down": {"uv": [22, 11.125], "uv_size": [0.125, -0.125]}
							}
						},
						{
							"origin": [1.49, 1.48, 0.2454],
							"size": [0.145, 1.005, 0.13421],
							"pivot": [1.635, 1.48, 0.2454],
							"rotation": [90, 22.5, 0],
							"uv": {
								"north": {"uv": [18, 14], "uv_size": [0.125, 1]},
								"east": {"uv": [18, 15], "uv_size": [0.125, 1]},
								"south": {"uv": [16, 18], "uv_size": [0.125, 1]},
								"west": {"uv": [18, 16], "uv_size": [0.125, 1]},
								"up": {"uv": [17, 22], "uv_size": [0.125, 0.125]},
								"down": {"uv": [22, 17.125], "uv_size": [0.125, -0.125]}
							}
						},
						{
							"origin": [1.49, 1.48, -2.3796],
							"size": [0.145, 1.005, 0.13421],
							"pivot": [1.635, 1.48, -2.2454],
							"rotation": [-90, -22.5, 0],
							"uv": {
								"north": {"uv": [19, 2], "uv_size": [0.125, 1]},
								"east": {"uv": [3, 19], "uv_size": [0.125, 1]},
								"south": {"uv": [19, 3], "uv_size": [0.125, 1]},
								"west": {"uv": [4, 19], "uv_size": [0.125, 1]},
								"up": {"uv": [20, 22], "uv_size": [0.125, 0.125]},
								"down": {"uv": [22, 20.125], "uv_size": [0.125, -0.125]}
							}
						},
						{
							"origin": [1.49, 2.23, -2.2546],
							"size": [0.145, 1.005, 0.13421],
							"pivot": [1.635, 2.23, -2.1204],
							"rotation": [-124.58859, -18.82943, 12.54707],
							"uv": {
								"north": {"uv": [17, 18], "uv_size": [0.125, 1]},
								"east": {"uv": [18, 17], "uv_size": [0.125, 1]},
								"south": {"uv": [18, 18], "uv_size": [0.125, 1]},
								"west": {"uv": [0, 19], "uv_size": [0.125, 1]},
								"up": {"uv": [18, 22], "uv_size": [0.125, 0.125]},
								"down": {"uv": [22, 18.125], "uv_size": [0.125, -0.125]}
							}
						},
						{
							"origin": [1.49, -0.11, -2.2546],
							"size": [0.145, 1.005, 0.13421],
							"pivot": [1.635, 0.895, -2.1204],
							"rotation": [124.58859, -18.82943, -12.54707],
							"uv": {
								"north": {"uv": [19, 4], "uv_size": [0.125, 1]},
								"east": {"uv": [5, 19], "uv_size": [0.125, 1]},
								"south": {"uv": [19, 5], "uv_size": [0.125, 1]},
								"west": {"uv": [6, 19], "uv_size": [0.125, 1]},
								"up": {"uv": [21, 22], "uv_size": [0.125, 0.125]},
								"down": {"uv": [22, 21.125], "uv_size": [0.125, -0.125]}
							}
						},
						{
							"origin": [1.49, -0.11, 0.1204],
							"size": [0.145, 1.005, 0.13421],
							"pivot": [1.635, 0.895, 0.1204],
							"rotation": [-124.58859, 18.82943, -12.54707],
							"uv": {
								"north": {"uv": [19, 6], "uv_size": [0.125, 1]},
								"east": {"uv": [7, 19], "uv_size": [0.125, 1]},
								"south": {"uv": [19, 7], "uv_size": [0.125, 1]},
								"west": {"uv": [8, 19], "uv_size": [0.125, 1]},
								"up": {"uv": [22, 22], "uv_size": [0.125, 0.125]},
								"down": {"uv": [0, 23.125], "uv_size": [0.125, -0.125]}
							}
						},
						{
							"origin": [1.49, 2.23, 0.1204],
							"size": [0.145, 1.005, 0.13421],
							"pivot": [1.635, 2.23, 0.1204],
							"rotation": [124.58859, 18.82943, 12.54707],
							"uv": {
								"north": {"uv": [19, 0], "uv_size": [0.125, 1]},
								"east": {"uv": [1, 19], "uv_size": [0.125, 1]},
								"south": {"uv": [19, 1], "uv_size": [0.125, 1]},
								"west": {"uv": [2, 19], "uv_size": [0.125, 1]},
								"up": {"uv": [19, 22], "uv_size": [0.125, 0.125]},
								"down": {"uv": [22, 19.125], "uv_size": [0.125, -0.125]}
							}
						},
						{
							"origin": [1.49, 1.64, -1.05],
							"size": [0.145, 1.005, 0.13421],
							"pivot": [1.635, 2.645, -1.0046],
							"rotation": [0, 0, 22.5],
							"uv": {
								"north": {"uv": [18, 6], "uv_size": [0.125, 1]},
								"east": {"uv": [7, 18], "uv_size": [0.125, 1]},
								"south": {"uv": [18, 7], "uv_size": [0.125, 1]},
								"west": {"uv": [8, 18], "uv_size": [0.125, 1]},
								"up": {"uv": [12, 22], "uv_size": [0.125, 0.125]},
								"down": {"uv": [22, 12.125], "uv_size": [0.125, -0.125]}
							}
						},
						{
							"origin": [1.49, 1.64, -1.6296],
							"size": [0.145, 1.005, 0.13421],
							"pivot": [1.635, 2.645, -1.6296],
							"rotation": [25, 0, 22.5],
							"uv": {
								"north": {"uv": [18, 8], "uv_size": [0.125, 1]},
								"east": {"uv": [9, 18], "uv_size": [0.125, 1]},
								"south": {"uv": [18, 9], "uv_size": [0.125, 1]},
								"west": {"uv": [10, 18], "uv_size": [0.125, 1]},
								"up": {"uv": [13, 22], "uv_size": [0.125, 0.125]},
								"down": {"uv": [22, 13.125], "uv_size": [0.125, -0.125]}
							}
						},
						{
							"origin": [1.49, 0.355, -1.7546],
							"size": [0.145, 1.13, 0.13421],
							"pivot": [1.635, 0.355, -1.7546],
							"rotation": [-25, 0, -22.5],
							"uv": {
								"north": {"uv": [11, 17], "uv_size": [0.125, 1.125]},
								"east": {"uv": [17, 11], "uv_size": [0.125, 1.125]},
								"south": {"uv": [12, 17], "uv_size": [0.125, 1.125]},
								"west": {"uv": [13, 17], "uv_size": [0.125, 1.125]},
								"up": {"uv": [14, 22], "uv_size": [0.125, 0.125]},
								"down": {"uv": [22, 14.125], "uv_size": [0.125, -0.125]}
							}
						},
						{
							"origin": [1.49, 0.355, -0.3796],
							"size": [0.145, 1.255, 0.13421],
							"pivot": [1.635, 0.355, -0.2454],
							"rotation": [25, 0, -22.5],
							"uv": {
								"north": {"uv": [17, 1], "uv_size": [0.125, 1.25]},
								"east": {"uv": [2, 17], "uv_size": [0.125, 1.25]},
								"south": {"uv": [3, 17], "uv_size": [0.125, 1.25]},
								"west": {"uv": [17, 3], "uv_size": [0.125, 1.25]},
								"up": {"uv": [15, 22], "uv_size": [0.125, 0.125]},
								"down": {"uv": [22, 15.125], "uv_size": [0.125, -0.125]}
							}
						},
						{
							"origin": [1.49, 1.64, -0.3796],
							"size": [0.145, 1.005, 0.13421],
							"pivot": [1.635, 2.645, -0.2454],
							"rotation": [-25, 0, 22.5],
							"uv": {
								"north": {"uv": [18, 10], "uv_size": [0.125, 1]},
								"east": {"uv": [18, 11], "uv_size": [0.125, 1]},
								"south": {"uv": [18, 12], "uv_size": [0.125, 1]},
								"west": {"uv": [18, 13], "uv_size": [0.125, 1]},
								"up": {"uv": [16, 22], "uv_size": [0.125, 0.125]},
								"down": {"uv": [22, 16.125], "uv_size": [0.125, -0.125]}
							}
						},
						{
							"origin": [1.365, 2.64, -1.6296],
							"size": [0.27, 0.38, 1.25921],
							"pivot": [0.875, 1.5, -1],
							"rotation": [-45, 0, 0],
							"uv": {
								"north": {"uv": [21, 9], "uv_size": [0.25, 0.375]},
								"east": {"uv": [11, 1], "uv_size": [1.25, 0.375]},
								"south": {"uv": [10, 21], "uv_size": [0.25, 0.375]},
								"west": {"uv": [11, 2], "uv_size": [1.25, 0.375]},
								"up": {"uv": [14, 2], "uv_size": [0.25, 1.25]},
								"down": {"uv": [3, 15.25], "uv_size": [0.25, -1.25]}
							}
						},
						{
							"origin": [1.365, 2.64, -1.6296],
							"size": [0.27, 0.38, 1.25921],
							"uv": {
								"north": {"uv": [21, 10], "uv_size": [0.25, 0.375]},
								"east": {"uv": [11, 3], "uv_size": [1.25, 0.375]},
								"south": {"uv": [11, 21], "uv_size": [0.25, 0.375]},
								"west": {"uv": [11, 4], "uv_size": [1.25, 0.375]},
								"up": {"uv": [4, 14], "uv_size": [0.25, 1.25]},
								"down": {"uv": [14, 5.25], "uv_size": [0.25, -1.25]}
							}
						},
						{
							"origin": [-1.635, 0.8704, 0.14],
							"size": [0.27, 1.25921, 0.38],
							"pivot": [-0.875, 1.5, -1],
							"rotation": [-45, 0, 0],
							"uv": {
								"north": {"uv": [14, 10], "uv_size": [0.25, 1.25]},
								"east": {"uv": [0, 12], "uv_size": [0.375, 1.25]},
								"south": {"uv": [14, 12], "uv_size": [0.25, 1.25]},
								"west": {"uv": [1, 12], "uv_size": [0.375, 1.25]},
								"up": {"uv": [21, 13], "uv_size": [0.25, 0.375]},
								"down": {"uv": [14, 21.375], "uv_size": [0.25, -0.375]}
							}
						},
						{
							"origin": [-1.635, 0.8704, 0.14],
							"size": [0.27, 1.25921, 0.38],
							"uv": {
								"north": {"uv": [14, 14], "uv_size": [0.25, 1.25]},
								"east": {"uv": [2, 12], "uv_size": [0.375, 1.25]},
								"south": {"uv": [15, 0], "uv_size": [0.25, 1.25]},
								"west": {"uv": [3, 12], "uv_size": [0.375, 1.25]},
								"up": {"uv": [21, 14], "uv_size": [0.25, 0.375]},
								"down": {"uv": [15, 21.375], "uv_size": [0.25, -0.375]}
							}
						},
						{
							"origin": [-1.885, 1.3704, -1.235],
							"size": [0.27, 0.505, 0.505],
							"uv": {
								"north": {"uv": [19, 10], "uv_size": [0.25, 0.5]},
								"east": {"uv": [0, 16], "uv_size": [0.5, 0.5]},
								"south": {"uv": [11, 19], "uv_size": [0.25, 0.5]},
								"west": {"uv": [16, 0], "uv_size": [0.5, 0.5]},
								"up": {"uv": [19, 11], "uv_size": [0.25, 0.5]},
								"down": {"uv": [12, 19.5], "uv_size": [0.25, -0.5]}
							}
						},
						{
							"origin": [-1.635, 1.2454, -1.36],
							"size": [0.77, 0.755, 0.755],
							"uv": {
								"north": {"uv": [8, 5], "uv_size": [0.75, 0.75]},
								"east": {"uv": [6, 8], "uv_size": [0.75, 0.75]},
								"south": {"uv": [8, 6], "uv_size": [0.75, 0.75]},
								"west": {"uv": [7, 8], "uv_size": [0.75, 0.75]},
								"up": {"uv": [8, 7], "uv_size": [0.75, 0.75]},
								"down": {"uv": [8, 8.75], "uv_size": [0.75, -0.75]}
							}
						},
						{
							"origin": [-1.635, -0.02, -1.6296],
							"size": [0.27, 0.38, 1.25921],
							"pivot": [-0.875, 1.5, -1],
							"rotation": [-45, 0, 0],
							"uv": {
								"north": {"uv": [21, 15], "uv_size": [0.25, 0.375]},
								"east": {"uv": [11, 7], "uv_size": [1.25, 0.375]},
								"south": {"uv": [16, 21], "uv_size": [0.25, 0.375]},
								"west": {"uv": [4, 12], "uv_size": [1.25, 0.375]},
								"up": {"uv": [15, 2], "uv_size": [0.25, 1.25]},
								"down": {"uv": [15, 5.25], "uv_size": [0.25, -1.25]}
							}
						},
						{
							"origin": [-1.635, 0.355, -1.05],
							"size": [0.145, 1.005, 0.13421],
							"pivot": [-1.635, 0.355, -1.0046],
							"rotation": [0, 0, 22.5],
							"uv": {
								"north": {"uv": [19, 12], "uv_size": [0.125, 1]},
								"east": {"uv": [13, 19], "uv_size": [0.125, 1]},
								"south": {"uv": [19, 13], "uv_size": [0.125, 1]},
								"west": {"uv": [14, 19], "uv_size": [0.125, 1]},
								"up": {"uv": [23, 0], "uv_size": [0.125, 0.125]},
								"down": {"uv": [1, 23.125], "uv_size": [0.125, -0.125]}
							}
						},
						{
							"origin": [-1.635, -0.02, -1.6296],
							"size": [0.27, 0.38, 1.25921],
							"uv": {
								"north": {"uv": [21, 16], "uv_size": [0.25, 0.375]},
								"east": {"uv": [12, 5], "uv_size": [1.25, 0.375]},
								"south": {"uv": [17, 21], "uv_size": [0.25, 0.375]},
								"west": {"uv": [6, 12], "uv_size": [1.25, 0.375]},
								"up": {"uv": [15, 6], "uv_size": [0.25, 1.25]},
								"down": {"uv": [7, 16.25], "uv_size": [0.25, -1.25]}
							}
						},
						{
							"origin": [-1.635, 1.48, -2.3796],
							"size": [0.145, 1.005, 0.13421],
							"pivot": [-1.635, 1.48, -2.2454],
							"rotation": [-90, 22.5, 0],
							"uv": {
								"north": {"uv": [19, 16], "uv_size": [0.125, 1]},
								"east": {"uv": [17, 19], "uv_size": [0.125, 1]},
								"south": {"uv": [19, 17], "uv_size": [0.125, 1]},
								"west": {"uv": [18, 19], "uv_size": [0.125, 1]},
								"up": {"uv": [23, 2], "uv_size": [0.125, 0.125]},
								"down": {"uv": [3, 23.125], "uv_size": [0.125, -0.125]}
							}
						},
						{
							"origin": [-1.635, 1.48, 0.2454],
							"size": [0.145, 1.005, 0.13421],
							"pivot": [-1.635, 1.48, 0.2454],
							"rotation": [90, -22.5, 0],
							"uv": {
								"north": {"uv": [19, 14], "uv_size": [0.125, 1]},
								"east": {"uv": [15, 19], "uv_size": [0.125, 1]},
								"south": {"uv": [19, 15], "uv_size": [0.125, 1]},
								"west": {"uv": [16, 19], "uv_size": [0.125, 1]},
								"up": {"uv": [23, 1], "uv_size": [0.125, 0.125]},
								"down": {"uv": [2, 23.125], "uv_size": [0.125, -0.125]}
							}
						},
						{
							"origin": [-1.635, -0.11, -2.2546],
							"size": [0.145, 1.005, 0.13421],
							"pivot": [-1.635, 0.895, -2.1204],
							"rotation": [124.58859, 18.82943, 12.54707],
							"uv": {
								"north": {"uv": [1, 20], "uv_size": [0.125, 1]},
								"east": {"uv": [20, 1], "uv_size": [0.125, 1]},
								"south": {"uv": [2, 20], "uv_size": [0.125, 1]},
								"west": {"uv": [20, 2], "uv_size": [0.125, 1]},
								"up": {"uv": [23, 4], "uv_size": [0.125, 0.125]},
								"down": {"uv": [5, 23.125], "uv_size": [0.125, -0.125]}
							}
						},
						{
							"origin": [-1.635, 2.23, -2.2546],
							"size": [0.145, 1.005, 0.13421],
							"pivot": [-1.635, 2.23, -2.1204],
							"rotation": [-124.58859, 18.82943, -12.54707],
							"uv": {
								"north": {"uv": [19, 18], "uv_size": [0.125, 1]},
								"east": {"uv": [19, 19], "uv_size": [0.125, 1]},
								"south": {"uv": [0, 20], "uv_size": [0.125, 1]},
								"west": {"uv": [20, 0], "uv_size": [0.125, 1]},
								"up": {"uv": [23, 3], "uv_size": [0.125, 0.125]},
								"down": {"uv": [4, 23.125], "uv_size": [0.125, -0.125]}
							}
						},
						{
							"origin": [-1.635, 2.23, 0.1204],
							"size": [0.145, 1.005, 0.13421],
							"pivot": [-1.635, 2.23, 0.1204],
							"rotation": [124.58859, -18.82943, -12.54707],
							"uv": {
								"north": {"uv": [5, 20], "uv_size": [0.125, 1]},
								"east": {"uv": [20, 5], "uv_size": [0.125, 1]},
								"south": {"uv": [6, 20], "uv_size": [0.125, 1]},
								"west": {"uv": [20, 6], "uv_size": [0.125, 1]},
								"up": {"uv": [23, 6], "uv_size": [0.125, 0.125]},
								"down": {"uv": [7, 23.125], "uv_size": [0.125, -0.125]}
							}
						},
						{
							"origin": [-1.635, 1.64, -1.05],
							"size": [0.145, 1.005, 0.13421],
							"pivot": [-1.635, 2.645, -1.0046],
							"rotation": [0, 0, -22.5],
							"uv": {
								"north": {"uv": [7, 20], "uv_size": [0.125, 1]},
								"east": {"uv": [20, 7], "uv_size": [0.125, 1]},
								"south": {"uv": [8, 20], "uv_size": [0.125, 1]},
								"west": {"uv": [20, 8], "uv_size": [0.125, 1]},
								"up": {"uv": [23, 7], "uv_size": [0.125, 0.125]},
								"down": {"uv": [8, 23.125], "uv_size": [0.125, -0.125]}
							}
						},
						{
							"origin": [-1.635, -0.11, 0.1204],
							"size": [0.145, 1.005, 0.13421],
							"pivot": [-1.635, 0.895, 0.1204],
							"rotation": [-124.58859, -18.82943, 12.54707],
							"uv": {
								"north": {"uv": [3, 20], "uv_size": [0.125, 1]},
								"east": {"uv": [20, 3], "uv_size": [0.125, 1]},
								"south": {"uv": [4, 20], "uv_size": [0.125, 1]},
								"west": {"uv": [20, 4], "uv_size": [0.125, 1]},
								"up": {"uv": [23, 5], "uv_size": [0.125, 0.125]},
								"down": {"uv": [6, 23.125], "uv_size": [0.125, -0.125]}
							}
						},
						{
							"origin": [-1.635, 0.355, -1.7546],
							"size": [0.145, 1.13, 0.13421],
							"pivot": [-1.635, 0.355, -1.7546],
							"rotation": [-25, 0, 22.5],
							"uv": {
								"north": {"uv": [17, 13], "uv_size": [0.125, 1.125]},
								"east": {"uv": [14, 17], "uv_size": [0.125, 1.125]},
								"south": {"uv": [15, 17], "uv_size": [0.125, 1.125]},
								"west": {"uv": [17, 15], "uv_size": [0.125, 1.125]},
								"up": {"uv": [23, 9], "uv_size": [0.125, 0.125]},
								"down": {"uv": [10, 23.125], "uv_size": [0.125, -0.125]}
							}
						},
						{
							"origin": [-1.635, 1.64, -1.6296],
							"size": [0.145, 1.005, 0.13421],
							"pivot": [-1.635, 2.645, -1.6296],
							"rotation": [25, 0, -22.5],
							"uv": {
								"north": {"uv": [9, 20], "uv_size": [0.125, 1]},
								"east": {"uv": [20, 9], "uv_size": [0.125, 1]},
								"south": {"uv": [10, 20], "uv_size": [0.125, 1]},
								"west": {"uv": [20, 10], "uv_size": [0.125, 1]},
								"up": {"uv": [23, 8], "uv_size": [0.125, 0.125]},
								"down": {"uv": [9, 23.125], "uv_size": [0.125, -0.125]}
							}
						},
						{
							"origin": [-1.635, 1.64, -0.3796],
							"size": [0.145, 1.005, 0.13421],
							"pivot": [-1.635, 2.645, -0.2454],
							"rotation": [-25, 0, -22.5],
							"uv": {
								"north": {"uv": [11, 20], "uv_size": [0.125, 1]},
								"east": {"uv": [20, 11], "uv_size": [0.125, 1]},
								"south": {"uv": [12, 20], "uv_size": [0.125, 1]},
								"west": {"uv": [20, 12], "uv_size": [0.125, 1]},
								"up": {"uv": [23, 11], "uv_size": [0.125, 0.125]},
								"down": {"uv": [12, 23.125], "uv_size": [0.125, -0.125]}
							}
						},
						{
							"origin": [-1.635, 2.64, -1.6296],
							"size": [0.27, 0.38, 1.25921],
							"pivot": [-0.875, 1.5, -1],
							"rotation": [-45, 0, 0],
							"uv": {
								"north": {"uv": [21, 17], "uv_size": [0.25, 0.375]},
								"east": {"uv": [12, 6], "uv_size": [1.25, 0.375]},
								"south": {"uv": [18, 21], "uv_size": [0.25, 0.375]},
								"west": {"uv": [12, 8], "uv_size": [1.25, 0.375]},
								"up": {"uv": [8, 15], "uv_size": [0.25, 1.25]},
								"down": {"uv": [15, 9.25], "uv_size": [0.25, -1.25]}
							}
						},
						{
							"origin": [-1.635, 0.8704, -2.52],
							"size": [0.27, 1.25921, 0.38],
							"uv": {
								"north": {"uv": [14, 6], "uv_size": [0.25, 1.25]},
								"east": {"uv": [10, 11], "uv_size": [0.375, 1.25]},
								"south": {"uv": [14, 8], "uv_size": [0.25, 1.25]},
								"west": {"uv": [11, 10], "uv_size": [0.375, 1.25]},
								"up": {"uv": [21, 12], "uv_size": [0.25, 0.375]},
								"down": {"uv": [13, 21.375], "uv_size": [0.25, -0.375]}
							}
						},
						{
							"origin": [-1.635, 2.64, -1.6296],
							"size": [0.27, 0.38, 1.25921],
							"uv": {
								"north": {"uv": [21, 18], "uv_size": [0.25, 0.375]},
								"east": {"uv": [12, 9], "uv_size": [1.25, 0.375]},
								"south": {"uv": [19, 21], "uv_size": [0.25, 0.375]},
								"west": {"uv": [12, 10], "uv_size": [1.25, 0.375]},
								"up": {"uv": [9, 15], "uv_size": [0.25, 1.25]},
								"down": {"uv": [10, 16.25], "uv_size": [0.25, -1.25]}
							}
						},
						{
							"origin": [-1.635, 0.355, -0.3796],
							"size": [0.145, 1.255, 0.13421],
							"pivot": [-1.635, 0.355, -0.2454],
							"rotation": [25, 0, 22.5],
							"uv": {
								"north": {"uv": [4, 17], "uv_size": [0.125, 1.25]},
								"east": {"uv": [5, 17], "uv_size": [0.125, 1.25]},
								"south": {"uv": [17, 5], "uv_size": [0.125, 1.25]},
								"west": {"uv": [6, 17], "uv_size": [0.125, 1.25]},
								"up": {"uv": [23, 10], "uv_size": [0.125, 0.125]},
								"down": {"uv": [11, 23.125], "uv_size": [0.125, -0.125]}
							}
						},
						{
							"origin": [-1.635, 0.8704, -2.52],
							"size": [0.27, 1.25921, 0.38],
							"pivot": [-0.875, 1.5, -1],
							"rotation": [-45, 0, 0],
							"uv": {
								"north": {"uv": [5, 14], "uv_size": [0.25, 1.25]},
								"east": {"uv": [11, 5], "uv_size": [0.375, 1.25]},
								"south": {"uv": [6, 14], "uv_size": [0.25, 1.25]},
								"west": {"uv": [9, 11], "uv_size": [0.375, 1.25]},
								"up": {"uv": [21, 11], "uv_size": [0.25, 0.375]},
								"down": {"uv": [12, 21.375], "uv_size": [0.25, -0.375]}
							}
						}
					]
				},
				{
					"name": "Cradle",
					"pivot": [0, -0.25, 0],
					"cubes": [
						{
							"origin": [-0.5, 0.25, 2.5],
							"size": [1.125, 0.125, 0.75],
							"uv": {
								"north": {"uv": [16, 17], "uv_size": [1.125, 0.125]},
								"east": {"uv": [0, 22], "uv_size": [0.75, 0.125]},
								"south": {"uv": [0, 18], "uv_size": [1.125, 0.125]},
								"west": {"uv": [22, 0], "uv_size": [0.75, 0.125]},
								"up": {"uv": [1, 7], "uv_size": [1.125, 0.75]},
								"down": {"uv": [7, 2.75], "uv_size": [1.125, -0.75]}
							}
						}
					]
				},
				{
					"name": "RightSide",
					"parent": "Cradle",
					"pivot": [-0.5, 0.67555, 1.97512],
					"rotation": [0, -2.5, 0],
					"cubes": [
						{
							"origin": [-0.625, 1.17771, 0.87245],
							"size": [0.25, 0.5, 2.125],
							"pivot": [-0.625, 1.67771, 0.87245],
							"rotation": [-32.5, 0, 0],
							"uv": {
								"north": {"uv": [18, 20], "uv_size": [0.25, 0.5]},
								"east": {"uv": [1, 6], "uv_size": [2.125, 0.5]},
								"south": {"uv": [20, 18], "uv_size": [0.25, 0.5]},
								"west": {"uv": [6, 1], "uv_size": [2.125, 0.5]},
								"up": {"uv": [7, 9], "uv_size": [0.25, 2.125]},
								"down": {"uv": [8, 11.125], "uv_size": [0.25, -2.125]}
							}
						},
						{
							"origin": [-0.37524, 0.67957, 1.44561],
							"size": [0.75, 0.5, 0.25],
							"pivot": [-0.00024, 0.92957, 1.57061],
							"rotation": [-32.5, 0, 0],
							"uv": {
								"north": {"uv": [13, 2], "uv_size": [0.75, 0.5]},
								"east": {"uv": [21, 2], "uv_size": [0.25, 0.5]},
								"south": {"uv": [13, 3], "uv_size": [0.75, 0.5]},
								"west": {"uv": [3, 21], "uv_size": [0.25, 0.5]},
								"up": {"uv": [15, 16], "uv_size": [0.75, 0.25]},
								"down": {"uv": [16, 15.25], "uv_size": [0.75, -0.25]}
							}
						},
						{
							"origin": [-0.625, 0.10803, 2.49095],
							"size": [0.25, 0.5, 0.625],
							"pivot": [-0.625, 0.10803, 2.49095],
							"rotation": [-17.5, 0, 0],
							"uv": {
								"north": {"uv": [19, 20], "uv_size": [0.25, 0.5]},
								"east": {"uv": [11, 15], "uv_size": [0.625, 0.5]},
								"south": {"uv": [20, 19], "uv_size": [0.25, 0.5]},
								"west": {"uv": [15, 11], "uv_size": [0.625, 0.5]},
								"up": {"uv": [9, 17], "uv_size": [0.25, 0.625]},
								"down": {"uv": [10, 17.625], "uv_size": [0.25, -0.625]}
							}
						},
						{
							"origin": [-0.625, 0.10803, 2.99095],
							"size": [0.25, 0.25, 0.5],
							"pivot": [-0.625, 0.10803, 3.49095],
							"rotation": [22.5, 0, 0],
							"uv": {
								"north": {"uv": [6, 22], "uv_size": [0.25, 0.25]},
								"east": {"uv": [20, 20], "uv_size": [0.5, 0.25]},
								"south": {"uv": [22, 6], "uv_size": [0.25, 0.25]},
								"west": {"uv": [0, 21], "uv_size": [0.5, 0.25]},
								"up": {"uv": [21, 0], "uv_size": [0.25, 0.5]},
								"down": {"uv": [1, 21.5], "uv_size": [0.25, -0.5]}
							}
						},
						{
							"origin": [-0.625, 0.10803, 2.74095],
							"size": [0.25, 0.375, 0.75],
							"pivot": [-0.625, -0.01697, 2.74095],
							"rotation": [0, 0, 0],
							"uv": {
								"north": {"uv": [21, 20], "uv_size": [0.25, 0.375]},
								"east": {"uv": [13, 15], "uv_size": [0.75, 0.375]},
								"south": {"uv": [21, 21], "uv_size": [0.25, 0.375]},
								"west": {"uv": [15, 13], "uv_size": [0.75, 0.375]},
								"up": {"uv": [13, 16], "uv_size": [0.25, 0.75]},
								"down": {"uv": [16, 13.75], "uv_size": [0.25, -0.75]}
							}
						},
						{
							"origin": [-0.625, 0.95327, 0.42833],
							"size": [0.25, 0.5, 2.25],
							"pivot": [-0.625, 0.95327, 0.67833],
							"rotation": [-25, 0, 0],
							"uv": {
								"north": {"uv": [21, 1], "uv_size": [0.25, 0.5]},
								"east": {"uv": [4, 4], "uv_size": [2.25, 0.5]},
								"south": {"uv": [2, 21], "uv_size": [0.25, 0.5]},
								"west": {"uv": [1, 5], "uv_size": [2.25, 0.5]},
								"up": {"uv": [1, 9], "uv_size": [0.25, 2.25]},
								"down": {"uv": [2, 11.25], "uv_size": [0.25, -2.25]}
							}
						},
						{
							"origin": [-0.625, 1.29637, -1.92776],
							"size": [0.25, 0.75, 2.75],
							"pivot": [-0.5, 1.67137, -0.55276],
							"rotation": [-15, 0, 0],
							"uv": {
								"north": {"uv": [14, 16], "uv_size": [0.25, 0.75]},
								"east": {"uv": [0, 2], "uv_size": [2.75, 0.75]},
								"south": {"uv": [16, 14], "uv_size": [0.25, 0.75]},
								"west": {"uv": [0, 3], "uv_size": [2.75, 0.75]},
								"up": {"uv": [4, 7], "uv_size": [0.25, 2.75]},
								"down": {"uv": [5, 9.75], "uv_size": [0.25, -2.75]}
							}
						}
					]
				},
				{
					"name": "LeftSide",
					"parent": "Cradle",
					"pivot": [0.5, 0.67555, 1.97512],
					"rotation": [0, 2.5, 0],
					"cubes": [
						{
							"origin": [0.375, 1.17771, 0.87245],
							"size": [0.25, 0.5, 2.125],
							"pivot": [0.625, 1.67771, 0.87245],
							"rotation": [-32.5, 0, 0],
							"uv": {
								"north": {"uv": [13, 20], "uv_size": [0.25, 0.5]},
								"east": {"uv": [4, 5], "uv_size": [2.125, 0.5]},
								"south": {"uv": [20, 13], "uv_size": [0.25, 0.5]},
								"west": {"uv": [6, 0], "uv_size": [2.125, 0.5]},
								"up": {"uv": [9, 5], "uv_size": [0.25, 2.125]},
								"down": {"uv": [6, 11.125], "uv_size": [0.25, -2.125]}
							}
						},
						{
							"origin": [0.375, 0.10803, 2.49095],
							"size": [0.25, 0.5, 0.625],
							"pivot": [0.625, 0.10803, 2.49095],
							"rotation": [-17.5, 0, 0],
							"uv": {
								"north": {"uv": [15, 20], "uv_size": [0.25, 0.5]},
								"east": {"uv": [13, 7], "uv_size": [0.625, 0.5]},
								"south": {"uv": [20, 15], "uv_size": [0.25, 0.5]},
								"west": {"uv": [15, 10], "uv_size": [0.625, 0.5]},
								"up": {"uv": [7, 17], "uv_size": [0.25, 0.625]},
								"down": {"uv": [8, 17.625], "uv_size": [0.25, -0.625]}
							}
						},
						{
							"origin": [0.375, 0.10803, 2.99095],
							"size": [0.25, 0.25, 0.5],
							"pivot": [0.625, 0.10803, 3.49095],
							"rotation": [22.5, 0, 0],
							"uv": {
								"north": {"uv": [5, 22], "uv_size": [0.25, 0.25]},
								"east": {"uv": [16, 20], "uv_size": [0.5, 0.25]},
								"south": {"uv": [22, 5], "uv_size": [0.25, 0.25]},
								"west": {"uv": [20, 16], "uv_size": [0.5, 0.25]},
								"up": {"uv": [17, 20], "uv_size": [0.25, 0.5]},
								"down": {"uv": [20, 17.5], "uv_size": [0.25, -0.5]}
							}
						},
						{
							"origin": [0.375, 0.10803, 2.74095],
							"size": [0.25, 0.375, 0.75],
							"pivot": [0.625, -0.01697, 2.74095],
							"rotation": [0, 0, 0],
							"uv": {
								"north": {"uv": [21, 19], "uv_size": [0.25, 0.375]},
								"east": {"uv": [12, 15], "uv_size": [0.75, 0.375]},
								"south": {"uv": [20, 21], "uv_size": [0.25, 0.375]},
								"west": {"uv": [15, 12], "uv_size": [0.75, 0.375]},
								"up": {"uv": [12, 16], "uv_size": [0.25, 0.75]},
								"down": {"uv": [16, 12.75], "uv_size": [0.25, -0.75]}
							}
						},
						{
							"origin": [0.375, 0.95327, 0.42833],
							"size": [0.25, 0.5, 2.25],
							"pivot": [0.625, 0.95327, 0.67833],
							"rotation": [-25, 0, 0],
							"uv": {
								"north": {"uv": [14, 20], "uv_size": [0.25, 0.5]},
								"east": {"uv": [4, 2], "uv_size": [2.25, 0.5]},
								"south": {"uv": [20, 14], "uv_size": [0.25, 0.5]},
								"west": {"uv": [4, 3], "uv_size": [2.25, 0.5]},
								"up": {"uv": [0, 9], "uv_size": [0.25, 2.25]},
								"down": {"uv": [9, 2.25], "uv_size": [0.25, -2.25]}
							}
						},
						{
							"origin": [0.375, 1.29637, -1.92776],
							"size": [0.25, 0.75, 2.75],
							"pivot": [0.5, 1.67137, -0.55276],
							"rotation": [-15, 0, 0],
							"uv": {
								"north": {"uv": [11, 16], "uv_size": [0.25, 0.75]},
								"east": {"uv": [0, 0], "uv_size": [2.75, 0.75]},
								"south": {"uv": [16, 11], "uv_size": [0.25, 0.75]},
								"west": {"uv": [0, 1], "uv_size": [2.75, 0.75]},
								"up": {"uv": [3, 7], "uv_size": [0.25, 2.75]},
								"down": {"uv": [7, 5.75], "uv_size": [0.25, -2.75]}
							}
						},
						{
							"origin": [-0.375, 2.19109, -1.15205],
							"size": [1, 0.25, 0.25],
							"pivot": [0.125, 2.31609, -1.02705],
							"rotation": [-15, -2.5, 0],
							"uv": {
								"north": {"uv": [2, 16], "uv_size": [1, 0.25]},
								"east": {"uv": [8, 22], "uv_size": [0.25, 0.25]},
								"south": {"uv": [16, 2], "uv_size": [1, 0.25]},
								"west": {"uv": [22, 8], "uv_size": [0.25, 0.25]},
								"up": {"uv": [3, 16], "uv_size": [1, 0.25]},
								"down": {"uv": [16, 3.25], "uv_size": [1, -0.25]}
							}
						}
					]
				},
				{
					"name": "Cannon",
					"pivot": [-0.05833, 2.43626, -1.03694],
					"cubes": [
						{
							"origin": [-0.3, 2.17807, -3.84948],
							"size": [0.5, 0.5, 2],
							"uv": {
								"north": {"uv": [1, 16], "uv_size": [0.5, 0.5]},
								"east": {"uv": [1, 4], "uv_size": [2, 0.5]},
								"south": {"uv": [16, 1], "uv_size": [0.5, 0.5]},
								"west": {"uv": [4, 6], "uv_size": [2, 0.5]},
								"up": {"uv": [6, 6], "uv_size": [0.5, 2]},
								"down": {"uv": [0, 9], "uv_size": [0.5, -2]}
							}
						},
						{
							"origin": [-0.375, 2.12807, -3.97448],
							"size": [0.625, 0.625, 0.375],
							"uv": {
								"north": {"uv": [8, 12], "uv_size": [0.625, 0.625]},
								"east": {"uv": [5, 16], "uv_size": [0.375, 0.625]},
								"south": {"uv": [11, 12], "uv_size": [0.625, 0.625]},
								"west": {"uv": [16, 5], "uv_size": [0.375, 0.625]},
								"up": {"uv": [6, 16], "uv_size": [0.625, 0.375]},
								"down": {"uv": [16, 6.375], "uv_size": [0.625, -0.375]}
							}
						},
						{
							"origin": [-0.33, 2.155, -4.09948],
							"size": [0.55, 0.55, 0.75],
							"uv": {
								"north": {"uv": [4, 16], "uv_size": [0.5, 0.5]},
								"east": {"uv": [4, 13], "uv_size": [0.75, 0.5]},
								"south": {"uv": [16, 4], "uv_size": [0.5, 0.5]},
								"west": {"uv": [13, 4], "uv_size": [0.75, 0.5]},
								"up": {"uv": [5, 13], "uv_size": [0.5, 0.75]},
								"down": {"uv": [6, 13.75], "uv_size": [0.5, -0.75]}
							}
						},
						{
							"origin": [-0.375, 2.12807, -1.84948],
							"size": [0.625, 0.625, 2.125],
							"uv": {
								"north": {"uv": [13, 0], "uv_size": [0.625, 0.625]},
								"east": {"uv": [3, 0], "uv_size": [2.125, 0.625]},
								"south": {"uv": [13, 1], "uv_size": [0.625, 0.625]},
								"west": {"uv": [3, 1], "uv_size": [2.125, 0.625]},
								"up": {"uv": [3, 2], "uv_size": [0.625, 2.125]},
								"down": {"uv": [0, 6.125], "uv_size": [0.625, -2.125]}
							}
						},
						{
							"origin": [-0.425, 2.07762, 0.27564],
							"size": [0.725, 0.725, 0.25],
							"uv": {
								"north": {"uv": [9, 3], "uv_size": [0.75, 0.75]},
								"east": {"uv": [16, 16], "uv_size": [0.25, 0.75]},
								"south": {"uv": [9, 4], "uv_size": [0.75, 0.75]},
								"west": {"uv": [0, 17], "uv_size": [0.25, 0.75]},
								"up": {"uv": [17, 0], "uv_size": [0.75, 0.25]},
								"down": {"uv": [1, 17.25], "uv_size": [0.75, -0.25]}
							}
						},
						{
							"origin": [-0.375, 2.125, 0.52564],
							"size": [0.6, 0.6, 0.1],
							"uv": {
								"north": {"uv": [12, 11], "uv_size": [0.625, 0.625]},
								"east": {"uv": [3, 22], "uv_size": [0.125, 0.625]},
								"south": {"uv": [12, 12], "uv_size": [0.625, 0.625]},
								"west": {"uv": [22, 3], "uv_size": [0.125, 0.625]},
								"up": {"uv": [4, 22], "uv_size": [0.625, 0.125]},
								"down": {"uv": [22, 4.125], "uv_size": [0.625, -0.125]}
							}
						},
						{
							"origin": [-0.175, 2.295, 0.625],
							"size": [0.225, 0.225, 0.1],
							"uv": {
								"north": {"uv": [7, 22], "uv_size": [0.25, 0.25]},
								"east": {"uv": [9, 22], "uv_size": [0.125, 0.25]},
								"south": {"uv": [22, 7], "uv_size": [0.25, 0.25]},
								"west": {"uv": [22, 9], "uv_size": [0.125, 0.25]},
								"up": {"uv": [10, 22], "uv_size": [0.25, 0.125]},
								"down": {"uv": [22, 10.125], "uv_size": [0.25, -0.125]}
							}
						},
						{
							"origin": [-0.25, 2.225, 0.725],
							"size": [0.35, 0.35, 0.2],
							"uv": {
								"north": {"uv": [18, 0], "uv_size": [0.375, 0.375]},
								"east": {"uv": [1, 22], "uv_size": [0.25, 0.375]},
								"south": {"uv": [18, 1], "uv_size": [0.375, 0.375]},
								"west": {"uv": [22, 1], "uv_size": [0.25, 0.375]},
								"up": {"uv": [2, 22], "uv_size": [0.375, 0.25]},
								"down": {"uv": [22, 2.25], "uv_size": [0.375, -0.25]}
							}
						}
					]
				}
			]
		}
	]
}