{
	"format_version": "1.12.0",
	"minecraft:geometry": [
		{
			"description": {
				"identifier": "geometry.24_pounder",
				"texture_width": 32,
				"texture_height": 32,
				"visible_bounds_width": 2,
				"visible_bounds_height": 1.5,
				"visible_bounds_offset": [0, 0.25, 0]
			},
			"bones": [
				{
					"name": "Wheels",
					"pivot": [0, 1.78593, -1.36715],
					"cubes": [
						{
							"origin": [1.83195, 1.0006, -3.17001],
							"size": [0.3186, 1.48587, 0.4484],
							"pivot": [1.25375, 1.74353, -1.37641],
							"rotation": [-45, 0, 0],
							"uv": {
								"north": {"uv": [4, 13], "uv_size": [0.25, 1.5]},
								"east": {"uv": [3, 8], "uv_size": [0.5, 1.5]},
								"south": {"uv": [13, 4], "uv_size": [0.25, 1.5]},
								"west": {"uv": [8, 3], "uv_size": [0.5, 1.5]},
								"up": {"uv": [21, 16], "uv_size": [0.25, 0.5]},
								"down": {"uv": [21, 17.5], "uv_size": [0.25, -0.5]}
							}
						},
						{
							"origin": [1.83195, 1.0006, -3.17001],
							"size": [0.3186, 1.48587, 0.4484],
							"uv": {
								"north": {"uv": [5, 13], "uv_size": [0.25, 1.5]},
								"east": {"uv": [4, 8], "uv_size": [0.5, 1.5]},
								"south": {"uv": [6, 13], "uv_size": [0.25, 1.5]},
								"west": {"uv": [5, 8], "uv_size": [0.5, 1.5]},
								"up": {"uv": [21, 18], "uv_size": [0.25, 0.5]},
								"down": {"uv": [21, 19.5], "uv_size": [0.25, -0.5]}
							}
						},
						{
							"origin": [1.83195, 1.0006, -0.03121],
							"size": [0.3186, 1.48587, 0.4484],
							"pivot": [1.25375, 1.74353, -1.37641],
							"rotation": [-45, 0, 0],
							"uv": {
								"north": {"uv": [7, 13], "uv_size": [0.25, 1.5]},
								"east": {"uv": [6, 8], "uv_size": [0.5, 1.5]},
								"south": {"uv": [13, 7], "uv_size": [0.25, 1.5]},
								"west": {"uv": [7, 8], "uv_size": [0.5, 1.5]},
								"up": {"uv": [21, 20], "uv_size": [0.25, 0.5]},
								"down": {"uv": [21, 21.5], "uv_size": [0.25, -0.5]}
							}
						},
						{
							"origin": [1.83195, 1.0006, -0.03121],
							"size": [0.3186, 1.48587, 0.4484],
							"uv": {
								"north": {"uv": [8, 13], "uv_size": [0.25, 1.5]},
								"east": {"uv": [8, 7], "uv_size": [0.5, 1.5]},
								"south": {"uv": [9, 13], "uv_size": [0.25, 1.5]},
								"west": {"uv": [0, 9], "uv_size": [0.5, 1.5]},
								"up": {"uv": [22, 0], "uv_size": [0.25, 0.5]},
								"down": {"uv": [22, 1.5], "uv_size": [0.25, -0.5]}
							}
						},
						{
							"origin": [1.24195, 1.4431, -1.80121],
							"size": [0.9086, 0.8909, 0.8909],
							"uv": {
								"north": {"uv": [3, 6], "uv_size": [1, 1]},
								"east": {"uv": [3, 7], "uv_size": [1, 1]},
								"south": {"uv": [7, 3], "uv_size": [1, 1]},
								"west": {"uv": [7, 4], "uv_size": [1, 1]},
								"up": {"uv": [6, 7], "uv_size": [1, 1]},
								"down": {"uv": [7, 8], "uv_size": [1, -1]}
							}
						},
						{
							"origin": [-1.26555, 1.7381, -1.50621],
							"size": [2.5311, 0.3009, 0.3009],
							"uv": {
								"north": {"uv": [6, 11], "uv_size": [2.5, 0.25]},
								"east": {"uv": [23, 22], "uv_size": [0.25, 0.25]},
								"south": {"uv": [11, 6], "uv_size": [2.5, 0.25]},
								"west": {"uv": [23, 23], "uv_size": [0.25, 0.25]},
								"up": {"uv": [9, 11], "uv_size": [2.5, 0.25]},
								"down": {"uv": [0, 12.25], "uv_size": [2.5, -0.25]}
							}
						},
						{
							"origin": [2.12695, 1.5906, -1.65371],
							"size": [0.3186, 0.5959, 0.5959],
							"uv": {
								"north": {"uv": [6, 22], "uv_size": [0.25, 0.5]},
								"east": {"uv": [2, 21], "uv_size": [0.5, 0.5]},
								"south": {"uv": [22, 6], "uv_size": [0.25, 0.5]},
								"west": {"uv": [21, 2], "uv_size": [0.5, 0.5]},
								"up": {"uv": [7, 22], "uv_size": [0.25, 0.5]},
								"down": {"uv": [22, 7.5], "uv_size": [0.25, -0.5]}
							}
						},
						{
							"origin": [1.83195, -0.05007, -2.11935],
							"size": [0.3186, 0.4484, 1.48587],
							"pivot": [1.25375, 1.74353, -1.37641],
							"rotation": [-45, 0, 0],
							"uv": {
								"north": {"uv": [2, 22], "uv_size": [0.25, 0.5]},
								"east": {"uv": [9, 0], "uv_size": [1.5, 0.5]},
								"south": {"uv": [22, 2], "uv_size": [0.25, 0.5]},
								"west": {"uv": [1, 9], "uv_size": [1.5, 0.5]},
								"up": {"uv": [13, 9], "uv_size": [0.25, 1.5]},
								"down": {"uv": [10, 14.5], "uv_size": [0.25, -1.5]}
							}
						},
						{
							"origin": [1.83195, -0.05007, -2.11935],
							"size": [0.3186, 0.4484, 1.48587],
							"uv": {
								"north": {"uv": [3, 22], "uv_size": [0.25, 0.5]},
								"east": {"uv": [9, 1], "uv_size": [1.5, 0.5]},
								"south": {"uv": [22, 3], "uv_size": [0.25, 0.5]},
								"west": {"uv": [9, 2], "uv_size": [1.5, 0.5]},
								"up": {"uv": [11, 13], "uv_size": [0.25, 1.5]},
								"down": {"uv": [13, 12.5], "uv_size": [0.25, -1.5]}
							}
						},
						{
							"origin": [1.97945, 0.39243, -1.43541],
							"size": [0.1711, 1.1859, 0.15837],
							"pivot": [2.15055, 0.39243, -1.52935],
							"rotation": [0, 0, -22.5],
							"uv": {
								"north": {"uv": [16, 8], "uv_size": [0.25, 1.25]},
								"east": {"uv": [16, 10], "uv_size": [0.25, 1.25]},
								"south": {"uv": [16, 12], "uv_size": [0.25, 1.25]},
								"west": {"uv": [14, 16], "uv_size": [0.25, 1.25]},
								"up": {"uv": [21, 22], "uv_size": [0.25, 0.25]},
								"down": {"uv": [22, 21.25], "uv_size": [0.25, -0.25]}
							}
						},
						{
							"origin": [1.97945, 1.71993, 0.09315],
							"size": [0.1711, 1.1859, 0.15837],
							"pivot": [2.15055, 1.71993, 0.09315],
							"rotation": [90, 22.5, 0],
							"uv": {
								"north": {"uv": [17, 8], "uv_size": [0.25, 1.25]},
								"east": {"uv": [9, 17], "uv_size": [0.25, 1.25]},
								"south": {"uv": [10, 17], "uv_size": [0.25, 1.25]},
								"west": {"uv": [17, 10], "uv_size": [0.25, 1.25]},
								"up": {"uv": [23, 4], "uv_size": [0.25, 0.25]},
								"down": {"uv": [5, 23.25], "uv_size": [0.25, -0.25]}
							}
						},
						{
							"origin": [1.97945, 1.71993, -3.00435],
							"size": [0.1711, 1.1859, 0.15837],
							"pivot": [2.15055, 1.71993, -2.84598],
							"rotation": [-90, -22.5, 0],
							"uv": {
								"north": {"uv": [18, 4], "uv_size": [0.25, 1.25]},
								"east": {"uv": [18, 6], "uv_size": [0.25, 1.25]},
								"south": {"uv": [18, 8], "uv_size": [0.25, 1.25]},
								"west": {"uv": [18, 10], "uv_size": [0.25, 1.25]},
								"up": {"uv": [23, 7], "uv_size": [0.25, 0.25]},
								"down": {"uv": [8, 23.25], "uv_size": [0.25, -0.25]}
							}
						},
						{
							"origin": [1.97945, 2.60493, -2.85685],
							"size": [0.1711, 1.1859, 0.15837],
							"pivot": [2.15055, 2.60493, -2.69848],
							"rotation": [-124.58859, -18.82943, 12.54707],
							"uv": {
								"north": {"uv": [11, 17], "uv_size": [0.25, 1.25]},
								"east": {"uv": [12, 17], "uv_size": [0.25, 1.25]},
								"south": {"uv": [17, 12], "uv_size": [0.25, 1.25]},
								"west": {"uv": [13, 17], "uv_size": [0.25, 1.25]},
								"up": {"uv": [23, 5], "uv_size": [0.25, 0.25]},
								"down": {"uv": [6, 23.25], "uv_size": [0.25, -0.25]}
							}
						},
						{
							"origin": [1.97945, -0.15627, -2.85685],
							"size": [0.1711, 1.1859, 0.15837],
							"pivot": [2.15055, 1.02963, -2.69848],
							"rotation": [124.58859, -18.82943, -12.54707],
							"uv": {
								"north": {"uv": [18, 12], "uv_size": [0.25, 1.25]},
								"east": {"uv": [14, 18], "uv_size": [0.25, 1.25]},
								"south": {"uv": [18, 14], "uv_size": [0.25, 1.25]},
								"west": {"uv": [15, 18], "uv_size": [0.25, 1.25]},
								"up": {"uv": [23, 8], "uv_size": [0.25, 0.25]},
								"down": {"uv": [9, 23.25], "uv_size": [0.25, -0.25]}
							}
						},
						{
							"origin": [1.97945, -0.15627, -0.05435],
							"size": [0.1711, 1.1859, 0.15837],
							"pivot": [2.15055, 1.02963, -0.05435],
							"rotation": [-124.58859, 18.82943, -12.54707],
							"uv": {
								"north": {"uv": [16, 18], "uv_size": [0.25, 1.25]},
								"east": {"uv": [18, 16], "uv_size": [0.25, 1.25]},
								"south": {"uv": [17, 18], "uv_size": [0.25, 1.25]},
								"west": {"uv": [18, 18], "uv_size": [0.25, 1.25]},
								"up": {"uv": [23, 9], "uv_size": [0.25, 0.25]},
								"down": {"uv": [10, 23.25], "uv_size": [0.25, -0.25]}
							}
						},
						{
							"origin": [1.97945, 2.60493, -0.05435],
							"size": [0.1711, 1.1859, 0.15837],
							"pivot": [2.15055, 2.60493, -0.05435],
							"rotation": [124.58859, 18.82943, 12.54707],
							"uv": {
								"north": {"uv": [17, 14], "uv_size": [0.25, 1.25]},
								"east": {"uv": [17, 16], "uv_size": [0.25, 1.25]},
								"south": {"uv": [18, 0], "uv_size": [0.25, 1.25]},
								"west": {"uv": [18, 2], "uv_size": [0.25, 1.25]},
								"up": {"uv": [23, 6], "uv_size": [0.25, 0.25]},
								"down": {"uv": [7, 23.25], "uv_size": [0.25, -0.25]}
							}
						},
						{
							"origin": [1.97945, 1.90873, -1.43541],
							"size": [0.1711, 1.1859, 0.15837],
							"pivot": [2.15055, 3.09463, -1.38185],
							"rotation": [0, 0, 22.5],
							"uv": {
								"north": {"uv": [16, 14], "uv_size": [0.25, 1.25]},
								"east": {"uv": [15, 16], "uv_size": [0.25, 1.25]},
								"south": {"uv": [16, 16], "uv_size": [0.25, 1.25]},
								"west": {"uv": [0, 17], "uv_size": [0.25, 1.25]},
								"up": {"uv": [22, 22], "uv_size": [0.25, 0.25]},
								"down": {"uv": [0, 23.25], "uv_size": [0.25, -0.25]}
							}
						},
						{
							"origin": [1.97945, 1.90873, -2.11935],
							"size": [0.1711, 1.1859, 0.15837],
							"pivot": [2.15055, 3.09463, -2.11935],
							"rotation": [25, 0, 22.5],
							"uv": {
								"north": {"uv": [17, 0], "uv_size": [0.25, 1.25]},
								"east": {"uv": [1, 17], "uv_size": [0.25, 1.25]},
								"south": {"uv": [2, 17], "uv_size": [0.25, 1.25]},
								"west": {"uv": [17, 2], "uv_size": [0.25, 1.25]},
								"up": {"uv": [23, 0], "uv_size": [0.25, 0.25]},
								"down": {"uv": [1, 23.25], "uv_size": [0.25, -0.25]}
							}
						},
						{
							"origin": [1.97945, 0.39243, -2.26685],
							"size": [0.1711, 1.3334, 0.15837],
							"pivot": [2.15055, 0.39243, -2.26685],
							"rotation": [-25, 0, -22.5],
							"uv": {
								"north": {"uv": [3, 17], "uv_size": [0.25, 1.25]},
								"east": {"uv": [4, 17], "uv_size": [0.25, 1.25]},
								"south": {"uv": [17, 4], "uv_size": [0.25, 1.25]},
								"west": {"uv": [5, 17], "uv_size": [0.25, 1.25]},
								"up": {"uv": [23, 1], "uv_size": [0.25, 0.25]},
								"down": {"uv": [2, 23.25], "uv_size": [0.25, -0.25]}
							}
						},
						{
							"origin": [1.97945, 0.39243, -0.64435],
							"size": [0.1711, 1.4809, 0.15837],
							"pivot": [2.15055, 0.39243, -0.48598],
							"rotation": [25, 0, -22.5],
							"uv": {
								"north": {"uv": [14, 2], "uv_size": [0.25, 1.5]},
								"east": {"uv": [14, 4], "uv_size": [0.25, 1.5]},
								"south": {"uv": [14, 6], "uv_size": [0.25, 1.5]},
								"west": {"uv": [14, 8], "uv_size": [0.25, 1.5]},
								"up": {"uv": [23, 2], "uv_size": [0.25, 0.25]},
								"down": {"uv": [3, 23.25], "uv_size": [0.25, -0.25]}
							}
						},
						{
							"origin": [1.97945, 1.90873, -0.64435],
							"size": [0.1711, 1.1859, 0.15837],
							"pivot": [2.15055, 3.09463, -0.48598],
							"rotation": [-25, 0, 22.5],
							"uv": {
								"north": {"uv": [6, 17], "uv_size": [0.25, 1.25]},
								"east": {"uv": [17, 6], "uv_size": [0.25, 1.25]},
								"south": {"uv": [7, 17], "uv_size": [0.25, 1.25]},
								"west": {"uv": [8, 17], "uv_size": [0.25, 1.25]},
								"up": {"uv": [23, 3], "uv_size": [0.25, 0.25]},
								"down": {"uv": [4, 23.25], "uv_size": [0.25, -0.25]}
							}
						},
						{
							"origin": [1.83195, 3.08873, -2.11935],
							"size": [0.3186, 0.4484, 1.48587],
							"pivot": [1.25375, 1.74353, -1.37641],
							"rotation": [-45, 0, 0],
							"uv": {
								"north": {"uv": [4, 22], "uv_size": [0.25, 0.5]},
								"east": {"uv": [9, 3], "uv_size": [1.5, 0.5]},
								"south": {"uv": [22, 4], "uv_size": [0.25, 0.5]},
								"west": {"uv": [9, 4], "uv_size": [1.5, 0.5]},
								"up": {"uv": [12, 13], "uv_size": [0.25, 1.5]},
								"down": {"uv": [13, 14.5], "uv_size": [0.25, -1.5]}
							}
						},
						{
							"origin": [1.83195, 3.08873, -2.11935],
							"size": [0.3186, 0.4484, 1.48587],
							"uv": {
								"north": {"uv": [5, 22], "uv_size": [0.25, 0.5]},
								"east": {"uv": [9, 5], "uv_size": [1.5, 0.5]},
								"south": {"uv": [22, 5], "uv_size": [0.25, 0.5]},
								"west": {"uv": [9, 6], "uv_size": [1.5, 0.5]},
								"up": {"uv": [0, 14], "uv_size": [0.25, 1.5]},
								"down": {"uv": [14, 1.5], "uv_size": [0.25, -1.5]}
							}
						},
						{
							"origin": [-2.15055, 1.0006, -0.03121],
							"size": [0.3186, 1.48587, 0.4484],
							"pivot": [-1.25375, 1.74353, -1.37641],
							"rotation": [-45, 0, 0],
							"uv": {
								"north": {"uv": [15, 2], "uv_size": [0.25, 1.5]},
								"east": {"uv": [2, 10], "uv_size": [0.5, 1.5]},
								"south": {"uv": [4, 15], "uv_size": [0.25, 1.5]},
								"west": {"uv": [3, 10], "uv_size": [0.5, 1.5]},
								"up": {"uv": [10, 22], "uv_size": [0.25, 0.5]},
								"down": {"uv": [22, 10.5], "uv_size": [0.25, -0.5]}
							}
						},
						{
							"origin": [-2.15055, 1.0006, -0.03121],
							"size": [0.3186, 1.48587, 0.4484],
							"uv": {
								"north": {"uv": [15, 4], "uv_size": [0.25, 1.5]},
								"east": {"uv": [4, 10], "uv_size": [0.5, 1.5]},
								"south": {"uv": [5, 15], "uv_size": [0.25, 1.5]},
								"west": {"uv": [5, 10], "uv_size": [0.5, 1.5]},
								"up": {"uv": [11, 22], "uv_size": [0.25, 0.5]},
								"down": {"uv": [22, 11.5], "uv_size": [0.25, -0.5]}
							}
						},
						{
							"origin": [-2.44555, 1.5906, -1.65371],
							"size": [0.3186, 0.5959, 0.5959],
							"uv": {
								"north": {"uv": [12, 22], "uv_size": [0.25, 0.5]},
								"east": {"uv": [3, 21], "uv_size": [0.5, 0.5]},
								"south": {"uv": [22, 12], "uv_size": [0.25, 0.5]},
								"west": {"uv": [21, 3], "uv_size": [0.5, 0.5]},
								"up": {"uv": [13, 22], "uv_size": [0.25, 0.5]},
								"down": {"uv": [22, 13.5], "uv_size": [0.25, -0.5]}
							}
						},
						{
							"origin": [-2.15055, 1.4431, -1.80121],
							"size": [0.9086, 0.8909, 0.8909],
							"uv": {
								"north": {"uv": [0, 8], "uv_size": [1, 1]},
								"east": {"uv": [8, 0], "uv_size": [1, 1]},
								"south": {"uv": [1, 8], "uv_size": [1, 1]},
								"west": {"uv": [8, 1], "uv_size": [1, 1]},
								"up": {"uv": [2, 8], "uv_size": [1, 1]},
								"down": {"uv": [8, 3], "uv_size": [1, -1]}
							}
						},
						{
							"origin": [-2.15055, -0.05007, -2.11935],
							"size": [0.3186, 0.4484, 1.48587],
							"pivot": [-1.25375, 1.74353, -1.37641],
							"rotation": [-45, 0, 0],
							"uv": {
								"north": {"uv": [14, 22], "uv_size": [0.25, 0.5]},
								"east": {"uv": [6, 10], "uv_size": [1.5, 0.5]},
								"south": {"uv": [22, 14], "uv_size": [0.25, 0.5]},
								"west": {"uv": [10, 7], "uv_size": [1.5, 0.5]},
								"up": {"uv": [6, 15], "uv_size": [0.25, 1.5]},
								"down": {"uv": [15, 7.5], "uv_size": [0.25, -1.5]}
							}
						},
						{
							"origin": [-2.15055, 0.39243, -1.43541],
							"size": [0.1711, 1.1859, 0.15837],
							"pivot": [-2.15055, 0.39243, -1.38185],
							"rotation": [0, 0, 22.5],
							"uv": {
								"north": {"uv": [0, 19], "uv_size": [0.25, 1.25]},
								"east": {"uv": [19, 0], "uv_size": [0.25, 1.25]},
								"south": {"uv": [1, 19], "uv_size": [0.25, 1.25]},
								"west": {"uv": [2, 19], "uv_size": [0.25, 1.25]},
								"up": {"uv": [23, 10], "uv_size": [0.25, 0.25]},
								"down": {"uv": [11, 23.25], "uv_size": [0.25, -0.25]}
							}
						},
						{
							"origin": [-2.15055, -0.05007, -2.11935],
							"size": [0.3186, 0.4484, 1.48587],
							"uv": {
								"north": {"uv": [15, 22], "uv_size": [0.25, 0.5]},
								"east": {"uv": [10, 8], "uv_size": [1.5, 0.5]},
								"south": {"uv": [22, 15], "uv_size": [0.25, 0.5]},
								"west": {"uv": [10, 9], "uv_size": [1.5, 0.5]},
								"up": {"uv": [7, 15], "uv_size": [0.25, 1.5]},
								"down": {"uv": [8, 16.5], "uv_size": [0.25, -1.5]}
							}
						},
						{
							"origin": [-2.15055, 1.71993, -3.00435],
							"size": [0.1711, 1.1859, 0.15837],
							"pivot": [-2.15055, 1.71993, -2.84598],
							"rotation": [-90, 22.5, 0],
							"uv": {
								"north": {"uv": [5, 19], "uv_size": [0.25, 1.25]},
								"east": {"uv": [6, 19], "uv_size": [0.25, 1.25]},
								"south": {"uv": [19, 6], "uv_size": [0.25, 1.25]},
								"west": {"uv": [7, 19], "uv_size": [0.25, 1.25]},
								"up": {"uv": [23, 12], "uv_size": [0.25, 0.25]},
								"down": {"uv": [13, 23.25], "uv_size": [0.25, -0.25]}
							}
						},
						{
							"origin": [-2.15055, 1.71993, 0.09315],
							"size": [0.1711, 1.1859, 0.15837],
							"pivot": [-2.15055, 1.71993, 0.09315],
							"rotation": [90, -22.5, 0],
							"uv": {
								"north": {"uv": [19, 2], "uv_size": [0.25, 1.25]},
								"east": {"uv": [3, 19], "uv_size": [0.25, 1.25]},
								"south": {"uv": [4, 19], "uv_size": [0.25, 1.25]},
								"west": {"uv": [19, 4], "uv_size": [0.25, 1.25]},
								"up": {"uv": [23, 11], "uv_size": [0.25, 0.25]},
								"down": {"uv": [12, 23.25], "uv_size": [0.25, -0.25]}
							}
						},
						{
							"origin": [-2.15055, -0.15627, -2.85685],
							"size": [0.1711, 1.1859, 0.15837],
							"pivot": [-2.15055, 1.02963, -2.69848],
							"rotation": [124.58859, 18.82943, 12.54707],
							"uv": {
								"north": {"uv": [19, 10], "uv_size": [0.25, 1.25]},
								"east": {"uv": [11, 19], "uv_size": [0.25, 1.25]},
								"south": {"uv": [12, 19], "uv_size": [0.25, 1.25]},
								"west": {"uv": [19, 12], "uv_size": [0.25, 1.25]},
								"up": {"uv": [23, 14], "uv_size": [0.25, 0.25]},
								"down": {"uv": [15, 23.25], "uv_size": [0.25, -0.25]}
							}
						},
						{
							"origin": [-2.15055, 2.60493, -2.85685],
							"size": [0.1711, 1.1859, 0.15837],
							"pivot": [-2.15055, 2.60493, -2.69848],
							"rotation": [-124.58859, 18.82943, -12.54707],
							"uv": {
								"north": {"uv": [8, 19], "uv_size": [0.25, 1.25]},
								"east": {"uv": [19, 8], "uv_size": [0.25, 1.25]},
								"south": {"uv": [9, 19], "uv_size": [0.25, 1.25]},
								"west": {"uv": [10, 19], "uv_size": [0.25, 1.25]},
								"up": {"uv": [23, 13], "uv_size": [0.25, 0.25]},
								"down": {"uv": [14, 23.25], "uv_size": [0.25, -0.25]}
							}
						},
						{
							"origin": [-2.15055, 2.60493, -0.05435],
							"size": [0.1711, 1.1859, 0.15837],
							"pivot": [-2.15055, 2.60493, -0.05435],
							"rotation": [124.58859, -18.82943, -12.54707],
							"uv": {
								"north": {"uv": [20, 0], "uv_size": [0.25, 1.25]},
								"east": {"uv": [20, 2], "uv_size": [0.25, 1.25]},
								"south": {"uv": [20, 4], "uv_size": [0.25, 1.25]},
								"west": {"uv": [20, 6], "uv_size": [0.25, 1.25]},
								"up": {"uv": [23, 16], "uv_size": [0.25, 0.25]},
								"down": {"uv": [17, 23.25], "uv_size": [0.25, -0.25]}
							}
						},
						{
							"origin": [-2.15055, 1.90873, -1.43541],
							"size": [0.1711, 1.1859, 0.15837],
							"pivot": [-2.15055, 3.09463, -1.38185],
							"rotation": [0, 0, -22.5],
							"uv": {
								"north": {"uv": [20, 8], "uv_size": [0.25, 1.25]},
								"east": {"uv": [20, 10], "uv_size": [0.25, 1.25]},
								"south": {"uv": [20, 12], "uv_size": [0.25, 1.25]},
								"west": {"uv": [14, 20], "uv_size": [0.25, 1.25]},
								"up": {"uv": [23, 17], "uv_size": [0.25, 0.25]},
								"down": {"uv": [18, 23.25], "uv_size": [0.25, -0.25]}
							}
						},
						{
							"origin": [-2.15055, -0.15627, -0.05435],
							"size": [0.1711, 1.1859, 0.15837],
							"pivot": [-2.15055, 1.02963, -0.05435],
							"rotation": [-124.58859, -18.82943, 12.54707],
							"uv": {
								"north": {"uv": [13, 19], "uv_size": [0.25, 1.25]},
								"east": {"uv": [19, 14], "uv_size": [0.25, 1.25]},
								"south": {"uv": [19, 16], "uv_size": [0.25, 1.25]},
								"west": {"uv": [19, 18], "uv_size": [0.25, 1.25]},
								"up": {"uv": [23, 15], "uv_size": [0.25, 0.25]},
								"down": {"uv": [16, 23.25], "uv_size": [0.25, -0.25]}
							}
						},
						{
							"origin": [-2.15055, 0.39243, -2.26685],
							"size": [0.1711, 1.3334, 0.15837],
							"pivot": [-2.15055, 0.39243, -2.26685],
							"rotation": [-25, 0, 22.5],
							"uv": {
								"north": {"uv": [17, 20], "uv_size": [0.25, 1.25]},
								"east": {"uv": [18, 20], "uv_size": [0.25, 1.25]},
								"south": {"uv": [20, 18], "uv_size": [0.25, 1.25]},
								"west": {"uv": [19, 20], "uv_size": [0.25, 1.25]},
								"up": {"uv": [23, 19], "uv_size": [0.25, 0.25]},
								"down": {"uv": [20, 23.25], "uv_size": [0.25, -0.25]}
							}
						},
						{
							"origin": [-2.15055, 1.90873, -2.11935],
							"size": [0.1711, 1.1859, 0.15837],
							"pivot": [-2.15055, 3.09463, -2.11935],
							"rotation": [25, 0, -22.5],
							"uv": {
								"north": {"uv": [20, 14], "uv_size": [0.25, 1.25]},
								"east": {"uv": [15, 20], "uv_size": [0.25, 1.25]},
								"south": {"uv": [16, 20], "uv_size": [0.25, 1.25]},
								"west": {"uv": [20, 16], "uv_size": [0.25, 1.25]},
								"up": {"uv": [23, 18], "uv_size": [0.25, 0.25]},
								"down": {"uv": [19, 23.25], "uv_size": [0.25, -0.25]}
							}
						},
						{
							"origin": [-2.15055, 1.90873, -0.64435],
							"size": [0.1711, 1.1859, 0.15837],
							"pivot": [-2.15055, 3.09463, -0.48598],
							"rotation": [-25, 0, -22.5],
							"uv": {
								"north": {"uv": [20, 20], "uv_size": [0.25, 1.25]},
								"east": {"uv": [0, 21], "uv_size": [0.25, 1.25]},
								"south": {"uv": [21, 0], "uv_size": [0.25, 1.25]},
								"west": {"uv": [1, 21], "uv_size": [0.25, 1.25]},
								"up": {"uv": [23, 21], "uv_size": [0.25, 0.25]},
								"down": {"uv": [22, 23.25], "uv_size": [0.25, -0.25]}
							}
						},
						{
							"origin": [-2.15055, 3.08873, -2.11935],
							"size": [0.3186, 0.4484, 1.48587],
							"pivot": [-1.25375, 1.74353, -1.37641],
							"rotation": [-45, 0, 0],
							"uv": {
								"north": {"uv": [16, 22], "uv_size": [0.25, 0.5]},
								"east": {"uv": [10, 10], "uv_size": [1.5, 0.5]},
								"south": {"uv": [22, 16], "uv_size": [0.25, 0.5]},
								"west": {"uv": [11, 0], "uv_size": [1.5, 0.5]},
								"up": {"uv": [11, 15], "uv_size": [0.25, 1.5]},
								"down": {"uv": [12, 16.5], "uv_size": [0.25, -1.5]}
							}
						},
						{
							"origin": [-2.15055, 1.0006, -3.17001],
							"size": [0.3186, 1.48587, 0.4484],
							"uv": {
								"north": {"uv": [14, 14], "uv_size": [0.25, 1.5]},
								"east": {"uv": [9, 9], "uv_size": [0.5, 1.5]},
								"south": {"uv": [15, 0], "uv_size": [0.25, 1.5]},
								"west": {"uv": [1, 10], "uv_size": [0.5, 1.5]},
								"up": {"uv": [9, 22], "uv_size": [0.25, 0.5]},
								"down": {"uv": [22, 9.5], "uv_size": [0.25, -0.5]}
							}
						},
						{
							"origin": [-2.15055, 3.08873, -2.11935],
							"size": [0.3186, 0.4484, 1.48587],
							"uv": {
								"north": {"uv": [17, 22], "uv_size": [0.25, 0.5]},
								"east": {"uv": [11, 1], "uv_size": [1.5, 0.5]},
								"south": {"uv": [22, 17], "uv_size": [0.25, 0.5]},
								"west": {"uv": [11, 2], "uv_size": [1.5, 0.5]},
								"up": {"uv": [15, 12], "uv_size": [0.25, 1.5]},
								"down": {"uv": [13, 16.5], "uv_size": [0.25, -1.5]}
							}
						},
						{
							"origin": [-2.15055, 0.39243, -0.64435],
							"size": [0.1711, 1.4809, 0.15837],
							"pivot": [-2.15055, 0.39243, -0.48598],
							"rotation": [25, 0, 22.5],
							"uv": {
								"north": {"uv": [15, 8], "uv_size": [0.25, 1.5]},
								"east": {"uv": [9, 15], "uv_size": [0.25, 1.5]},
								"south": {"uv": [10, 15], "uv_size": [0.25, 1.5]},
								"west": {"uv": [15, 10], "uv_size": [0.25, 1.5]},
								"up": {"uv": [23, 20], "uv_size": [0.25, 0.25]},
								"down": {"uv": [21, 23.25], "uv_size": [0.25, -0.25]}
							}
						},
						{
							"origin": [-2.15055, 1.0006, -3.17001],
							"size": [0.3186, 1.48587, 0.4484],
							"pivot": [-1.25375, 1.74353, -1.37641],
							"rotation": [-45, 0, 0],
							"uv": {
								"north": {"uv": [14, 10], "uv_size": [0.25, 1.5]},
								"east": {"uv": [9, 7], "uv_size": [0.5, 1.5]},
								"south": {"uv": [14, 12], "uv_size": [0.25, 1.5]},
								"west": {"uv": [8, 9], "uv_size": [0.5, 1.5]},
								"up": {"uv": [8, 22], "uv_size": [0.25, 0.5]},
								"down": {"uv": [22, 8.5], "uv_size": [0.25, -0.5]}
							}
						}
					]
				},
				{
					"name": "Cradle",
					"pivot": [0, -0.25, 0]
				},
				{
					"name": "RightSide",
					"parent": "Cradle",
					"pivot": [0.03571, 0.85812, 1.63354],
					"cubes": [
						{
							"origin": [-0.3125, 1.24575, 0.7885],
							"size": [0.625, 0.5, 2.125],
							"pivot": [0.0625, 1.74575, 0.7885],
							"rotation": [-32.5, 0, 0],
							"uv": {
								"north": {"uv": [15, 14], "uv_size": [0.75, 0.5]},
								"east": {"uv": [0, 6], "uv_size": [2.25, 0.5]},
								"south": {"uv": [15, 15], "uv_size": [0.75, 0.5]},
								"west": {"uv": [6, 5], "uv_size": [2.25, 0.5]},
								"up": {"uv": [2, 2], "uv_size": [0.75, 2.25]},
								"down": {"uv": [3, 2.25], "uv_size": [0.75, -2.25]}
							}
						},
						{
							"origin": [-0.3125, 0.17607, 2.407],
							"size": [0.625, 0.5, 0.625],
							"pivot": [0.0625, 0.17607, 2.407],
							"rotation": [-17.5, 0, 0],
							"uv": {
								"north": {"uv": [0, 16], "uv_size": [0.75, 0.5]},
								"east": {"uv": [16, 0], "uv_size": [0.75, 0.5]},
								"south": {"uv": [1, 16], "uv_size": [0.75, 0.5]},
								"west": {"uv": [16, 1], "uv_size": [0.75, 0.5]},
								"up": {"uv": [3, 12], "uv_size": [0.75, 0.75]},
								"down": {"uv": [12, 3.75], "uv_size": [0.75, -0.75]}
							}
						},
						{
							"origin": [-0.3125, 0.17607, 2.907],
							"size": [0.625, 0.25, 0.5],
							"pivot": [0.0625, 0.17607, 3.407],
							"rotation": [22.5, 0, 0],
							"uv": {
								"north": {"uv": [6, 21], "uv_size": [0.75, 0.25]},
								"east": {"uv": [18, 22], "uv_size": [0.5, 0.25]},
								"south": {"uv": [21, 6], "uv_size": [0.75, 0.25]},
								"west": {"uv": [22, 18], "uv_size": [0.5, 0.25]},
								"up": {"uv": [2, 16], "uv_size": [0.75, 0.5]},
								"down": {"uv": [16, 2.5], "uv_size": [0.75, -0.5]}
							}
						},
						{
							"origin": [-0.3125, 0.17607, 2.657],
							"size": [0.625, 0.375, 0.75],
							"pivot": [0.0625, 0.05107, 2.657],
							"rotation": [0, 0, 0],
							"uv": {
								"north": {"uv": [7, 21], "uv_size": [0.75, 0.25]},
								"east": {"uv": [21, 7], "uv_size": [0.75, 0.25]},
								"south": {"uv": [8, 21], "uv_size": [0.75, 0.25]},
								"west": {"uv": [21, 8], "uv_size": [0.75, 0.25]},
								"up": {"uv": [4, 12], "uv_size": [0.75, 0.75]},
								"down": {"uv": [12, 4.75], "uv_size": [0.75, -0.75]}
							}
						},
						{
							"origin": [-0.3125, 1.02131, 0.34438],
							"size": [0.625, 0.5, 2.25],
							"pivot": [0.0625, 1.02131, 0.59438],
							"rotation": [-25, 0, 0],
							"uv": {
								"north": {"uv": [3, 16], "uv_size": [0.75, 0.5]},
								"east": {"uv": [6, 6], "uv_size": [2.25, 0.5]},
								"south": {"uv": [16, 3], "uv_size": [0.75, 0.5]},
								"west": {"uv": [0, 7], "uv_size": [2.25, 0.5]},
								"up": {"uv": [3, 3], "uv_size": [0.75, 2.25]},
								"down": {"uv": [4, 2.25], "uv_size": [0.75, -2.25]}
							}
						},
						{
							"origin": [-0.3125, 1.36441, -0.01171],
							"size": [0.625, 0.75, 0.75],
							"pivot": [0.1875, 1.73941, -0.63671],
							"rotation": [-15, 0, 0],
							"uv": {
								"north": {"uv": [5, 12], "uv_size": [0.75, 0.75]},
								"east": {"uv": [12, 5], "uv_size": [0.75, 0.75]},
								"south": {"uv": [6, 12], "uv_size": [0.75, 0.75]},
								"west": {"uv": [7, 12], "uv_size": [0.75, 0.75]},
								"up": {"uv": [12, 7], "uv_size": [0.75, 0.75]},
								"down": {"uv": [8, 12.75], "uv_size": [0.75, -0.75]}
							}
						},
						{
							"origin": [0.3125, 1.36441, -2.01171],
							"size": [0.25, 0.75, 2.25],
							"pivot": [0.1875, 1.73941, -0.63671],
							"rotation": [-15, 0, 0],
							"uv": {
								"north": {"uv": [13, 21], "uv_size": [0.25, 0.75]},
								"east": {"uv": [4, 3], "uv_size": [2.25, 0.75]},
								"south": {"uv": [21, 13], "uv_size": [0.25, 0.75]},
								"west": {"uv": [4, 4], "uv_size": [2.25, 0.75]},
								"up": {"uv": [1, 13], "uv_size": [0.25, 2.25]},
								"down": {"uv": [13, 3.25], "uv_size": [0.25, -2.25]}
							}
						},
						{
							"origin": [-0.5625, 1.36441, -2.01171],
							"size": [0.25, 0.75, 2.25],
							"pivot": [-0.1875, 1.73941, -0.63671],
							"rotation": [-15, 0, 0],
							"uv": {
								"north": {"uv": [21, 14], "uv_size": [0.25, 0.75]},
								"east": {"uv": [0, 5], "uv_size": [2.25, 0.75]},
								"south": {"uv": [21, 15], "uv_size": [0.25, 0.75]},
								"west": {"uv": [5, 0], "uv_size": [2.25, 0.75]},
								"up": {"uv": [2, 13], "uv_size": [0.25, 2.25]},
								"down": {"uv": [3, 15.25], "uv_size": [0.25, -2.25]}
							}
						}
					]
				},
				{
					"name": "Cannon",
					"pivot": [-0.00075, 2.38243, -1.52356],
					"cubes": [
						{
							"origin": [-0.285, 2.08434, -4.84219],
							"size": [0.6, 0.6, 2.4],
							"uv": {
								"north": {"uv": [4, 21], "uv_size": [0.5, 0.5]},
								"east": {"uv": [5, 1], "uv_size": [2.5, 0.5]},
								"south": {"uv": [21, 4], "uv_size": [0.5, 0.5]},
								"west": {"uv": [5, 2], "uv_size": [2.5, 0.5]},
								"up": {"uv": [4, 5], "uv_size": [0.5, 2.5]},
								"down": {"uv": [5, 7.5], "uv_size": [0.5, -2.5]}
							}
						},
						{
							"origin": [-0.375, 2.02434, -4.99219],
							"size": [0.75, 0.75, 0.45],
							"uv": {
								"north": {"uv": [12, 9], "uv_size": [0.75, 0.75]},
								"east": {"uv": [16, 4], "uv_size": [0.5, 0.75]},
								"south": {"uv": [10, 12], "uv_size": [0.75, 0.75]},
								"west": {"uv": [16, 5], "uv_size": [0.5, 0.75]},
								"up": {"uv": [16, 6], "uv_size": [0.75, 0.5]},
								"down": {"uv": [16, 7.5], "uv_size": [0.75, -0.5]}
							}
						},
						{
							"origin": [-0.321, 2.05666, -5.14219],
							"size": [0.66, 0.66, 0.9],
							"uv": {
								"north": {"uv": [0, 13], "uv_size": [0.75, 0.75]},
								"east": {"uv": [0, 11], "uv_size": [1, 0.75]},
								"south": {"uv": [13, 0], "uv_size": [0.75, 0.75]},
								"west": {"uv": [11, 3], "uv_size": [1, 0.75]},
								"up": {"uv": [11, 4], "uv_size": [0.75, 1]},
								"down": {"uv": [11, 6], "uv_size": [0.75, -1]}
							}
						},
						{
							"origin": [-0.375, 2.02434, -2.44219],
							"size": [0.75, 0.75, 2.55],
							"uv": {
								"north": {"uv": [12, 11], "uv_size": [0.75, 0.75]},
								"east": {"uv": [0, 0], "uv_size": [2.5, 0.75]},
								"south": {"uv": [12, 12], "uv_size": [0.75, 0.75]},
								"west": {"uv": [0, 1], "uv_size": [2.5, 0.75]},
								"up": {"uv": [0, 2], "uv_size": [0.75, 2.5]},
								"down": {"uv": [1, 4.5], "uv_size": [0.75, -2.5]}
							}
						},
						{
							"origin": [-0.435, 1.9638, 0.10795],
							"size": [0.87, 0.87, 0.3],
							"uv": {
								"north": {"uv": [12, 8], "uv_size": [0.75, 0.75]},
								"east": {"uv": [9, 21], "uv_size": [0.25, 0.75]},
								"south": {"uv": [9, 12], "uv_size": [0.75, 0.75]},
								"west": {"uv": [21, 9], "uv_size": [0.25, 0.75]},
								"up": {"uv": [10, 21], "uv_size": [0.75, 0.25]},
								"down": {"uv": [21, 10.25], "uv_size": [0.75, -0.25]}
							}
						},
						{
							"origin": [-0.375, 2.02066, 0.40795],
							"size": [0.72, 0.72, 0.12],
							"uv": {
								"north": {"uv": [12, 10], "uv_size": [0.75, 0.75]},
								"east": {"uv": [11, 21], "uv_size": [0.25, 0.75]},
								"south": {"uv": [11, 12], "uv_size": [0.75, 0.75]},
								"west": {"uv": [21, 11], "uv_size": [0.25, 0.75]},
								"up": {"uv": [12, 21], "uv_size": [0.75, 0.25]},
								"down": {"uv": [21, 12.25], "uv_size": [0.75, -0.25]}
							}
						},
						{
							"origin": [-0.135, 2.22466, 0.52719],
							"size": [0.27, 0.27, 0.12],
							"uv": {
								"north": {"uv": [0, 24], "uv_size": [0.25, 0.25]},
								"east": {"uv": [24, 0], "uv_size": [0.25, 0.25]},
								"south": {"uv": [1, 24], "uv_size": [0.25, 0.25]},
								"west": {"uv": [24, 1], "uv_size": [0.25, 0.25]},
								"up": {"uv": [2, 24], "uv_size": [0.25, 0.25]},
								"down": {"uv": [24, 2.25], "uv_size": [0.25, -0.25]}
							}
						},
						{
							"origin": [-0.225, 2.14066, 0.64719],
							"size": [0.42, 0.42, 0.24],
							"uv": {
								"north": {"uv": [5, 21], "uv_size": [0.5, 0.5]},
								"east": {"uv": [19, 22], "uv_size": [0.25, 0.5]},
								"south": {"uv": [21, 5], "uv_size": [0.5, 0.5]},
								"west": {"uv": [22, 19], "uv_size": [0.25, 0.5]},
								"up": {"uv": [20, 22], "uv_size": [0.5, 0.25]},
								"down": {"uv": [22, 20.25], "uv_size": [0.5, -0.25]}
							}
						}
					]
				}
			]
		}
	]
}