{
	"format_version": "1.12.0",
	"minecraft:geometry": [
		{
			"description": {
				"identifier": "geometry.6_pounder",
				"texture_width": 64,
				"texture_height": 64,
				"visible_bounds_width": 10.5,
				"visible_bounds_height": 10.5,
				"visible_bounds_offset": [0, 0.25, 0]
			},
			"bones": [
				{
					"name": "bb_main",
					"pivot": [0, 0, 0],
					"cubes": [
						{
							"origin": [-4.125, 3.625, -3.625],
							"size": [8.375, 0.5, 0.5],
							"uv": {
								"north": {"uv": [24, 0], "uv_size": [6.75, 0.5]},
								"east": {"uv": [33, 23], "uv_size": [0.5, 0.5]},
								"south": {"uv": [24, 1], "uv_size": [6.75, 0.5]},
								"west": {"uv": [24, 33], "uv_size": [0.5, 0.5]},
								"up": {"uv": [24, 2], "uv_size": [6.75, 0.5]},
								"down": {"uv": [24, 3.5], "uv_size": [6.75, -0.5]}
							}
						},
						{
							"origin": [-1.75, 5.5, -4],
							"size": [3.375, 0.5, 0.5],
							"uv": {
								"north": {"uv": [28, 16], "uv_size": [3.5, 0.5]},
								"east": {"uv": [33, 24], "uv_size": [0.5, 0.5]},
								"south": {"uv": [29, 12], "uv_size": [3.5, 0.5]},
								"west": {"uv": [25, 33], "uv_size": [0.5, 0.5]},
								"up": {"uv": [29, 13], "uv_size": [3.5, 0.5]},
								"down": {"uv": [20, 29.5], "uv_size": [3.5, -0.5]}
							}
						}
					]
				},
				{
					"name": "octagon",
					"pivot": [-1, 3.875, -3.375],
					"cubes": [
						{
							"origin": [-4.08, 2.28028, -7.225],
							"size": [1.41, 3.18944, 0.635],
							"pivot": [-1, 3.875, -3.375],
							"rotation": [-45, 0, 0],
							"uv": {
								"north": {"uv": [14, 10], "uv_size": [1.5, 3.25]},
								"east": {"uv": [24, 28], "uv_size": [0.5, 3.25]},
								"south": {"uv": [11, 14], "uv_size": [1.5, 3.25]},
								"west": {"uv": [1, 29], "uv_size": [0.5, 3.25]},
								"up": {"uv": [5, 32], "uv_size": [1.5, 0.5]},
								"down": {"uv": [32, 5.5], "uv_size": [1.5, -0.5]}
							}
						},
						{
							"origin": [-4.08, 2.28028, -7.225],
							"size": [1.41, 3.18944, 0.635],
							"uv": {
								"north": {"uv": [14, 14], "uv_size": [1.5, 3.25]},
								"east": {"uv": [24, 24], "uv_size": [0.75, 3.25]},
								"south": {"uv": [0, 15], "uv_size": [1.5, 3.25]},
								"west": {"uv": [25, 4], "uv_size": [0.75, 3.25]},
								"up": {"uv": [30, 7], "uv_size": [1.5, 0.75]},
								"down": {"uv": [21, 30.75], "uv_size": [1.5, -0.75]}
							}
						},
						{
							"origin": [-4.08, 2.28028, -0.16],
							"size": [1.41, 3.18944, 0.635],
							"pivot": [-1, 3.875, -3.375],
							"rotation": [-45, 0, 0],
							"uv": {
								"north": {"uv": [15, 0], "uv_size": [1.5, 3.25]},
								"east": {"uv": [13, 25], "uv_size": [0.75, 3.25]},
								"south": {"uv": [2, 15], "uv_size": [1.5, 3.25]},
								"west": {"uv": [14, 25], "uv_size": [0.75, 3.25]},
								"up": {"uv": [30, 22], "uv_size": [1.5, 0.75]},
								"down": {"uv": [30, 23.75], "uv_size": [1.5, -0.75]}
							}
						},
						{
							"origin": [-4.08, 2.28028, -0.16],
							"size": [1.41, 3.18944, 0.635],
							"uv": {
								"north": {"uv": [4, 15], "uv_size": [1.5, 3.25]},
								"east": {"uv": [20, 25], "uv_size": [0.75, 3.25]},
								"south": {"uv": [15, 4], "uv_size": [1.5, 3.25]},
								"west": {"uv": [21, 25], "uv_size": [0.75, 3.25]},
								"up": {"uv": [25, 30], "uv_size": [1.5, 0.75]},
								"down": {"uv": [31, 0.75], "uv_size": [1.5, -0.75]}
							}
						},
						{
							"origin": [-4.08, 0.025, -4.96972],
							"size": [1.41, 0.635, 3.18944],
							"pivot": [-1, 3.875, -3.375],
							"rotation": [-45, 0, 0],
							"uv": {
								"north": {"uv": [31, 1], "uv_size": [1.5, 0.75]},
								"east": {"uv": [25, 12], "uv_size": [3.25, 0.75]},
								"south": {"uv": [2, 31], "uv_size": [1.5, 0.75]},
								"west": {"uv": [25, 13], "uv_size": [3.25, 0.75]},
								"up": {"uv": [16, 8], "uv_size": [1.5, 3.25]},
								"down": {"uv": [16, 15.25], "uv_size": [1.5, -3.25]}
							}
						},
						{
							"origin": [-4.08, 0.025, -4.96972],
							"size": [1.41, 0.635, 3.18944],
							"uv": {
								"north": {"uv": [31, 2], "uv_size": [1.5, 0.75]},
								"east": {"uv": [25, 24], "uv_size": [3.25, 0.75]},
								"south": {"uv": [31, 3], "uv_size": [1.5, 0.75]},
								"west": {"uv": [25, 25], "uv_size": [3.25, 0.75]},
								"up": {"uv": [16, 16], "uv_size": [1.5, 3.25]},
								"down": {"uv": [17, 3.25], "uv_size": [1.5, -3.25]}
							}
						},
						{
							"origin": [-3.83, 0.65, -3.71972],
							"size": [0.91, 6.51, 0.56444],
							"uv": {
								"north": {"uv": [5, 8], "uv_size": [1, 6.5]},
								"east": {"uv": [3, 24], "uv_size": [0.5, 6.5]},
								"south": {"uv": [6, 8], "uv_size": [1, 6.5]},
								"west": {"uv": [4, 24], "uv_size": [0.5, 6.5]},
								"up": {"uv": [29, 32], "uv_size": [1, 0.5]},
								"down": {"uv": [32, 29.5], "uv_size": [1, -0.5]}
							}
						},
						{
							"origin": [-3.83, 0.65, -3.71972],
							"size": [0.91, 6.51, 0.56444],
							"pivot": [-3.375, 3.8425, -3.4375],
							"rotation": [-90, 0, 0],
							"uv": {
								"north": {"uv": [8, 7], "uv_size": [1, 6.5]},
								"east": {"uv": [5, 24], "uv_size": [0.5, 6.5]},
								"south": {"uv": [9, 0], "uv_size": [1, 6.5]},
								"west": {"uv": [6, 24], "uv_size": [0.5, 6.5]},
								"up": {"uv": [30, 32], "uv_size": [1, 0.5]},
								"down": {"uv": [32, 30.5], "uv_size": [1, -0.5]}
							}
						},
						{
							"origin": [-3.83, 0.65, -3.71972],
							"size": [0.91, 6.51, 0.56444],
							"pivot": [-3.375, 3.8425, -3.4375],
							"rotation": [-45, 0, 0],
							"uv": {
								"north": {"uv": [9, 7], "uv_size": [1, 6.5]},
								"east": {"uv": [10, 24], "uv_size": [0.5, 6.5]},
								"south": {"uv": [10, 0], "uv_size": [1, 6.5]},
								"west": {"uv": [11, 24], "uv_size": [0.5, 6.5]},
								"up": {"uv": [31, 32], "uv_size": [1, 0.5]},
								"down": {"uv": [32, 31.5], "uv_size": [1, -0.5]}
							}
						},
						{
							"origin": [-3.83, 0.525, -3.71972],
							"size": [0.91, 6.885, 0.56444],
							"pivot": [-3.375, 3.8425, -3.4375],
							"rotation": [45, 0, 0],
							"uv": {
								"north": {"uv": [7, 0], "uv_size": [1, 7]},
								"east": {"uv": [7, 23], "uv_size": [0.5, 7]},
								"south": {"uv": [7, 7], "uv_size": [1, 7]},
								"west": {"uv": [8, 23], "uv_size": [0.5, 7]},
								"up": {"uv": [32, 32], "uv_size": [1, 0.5]},
								"down": {"uv": [0, 33.5], "uv_size": [1, -0.5]}
							}
						},
						{
							"origin": [-4.08, 7.09, -4.96972],
							"size": [1.41, 0.635, 3.18944],
							"pivot": [-1, 3.875, -3.375],
							"rotation": [-45, 0, 0],
							"uv": {
								"north": {"uv": [4, 31], "uv_size": [1.5, 0.75]},
								"east": {"uv": [26, 4], "uv_size": [3.25, 0.75]},
								"south": {"uv": [6, 31], "uv_size": [1.5, 0.75]},
								"west": {"uv": [26, 5], "uv_size": [3.25, 0.75]},
								"up": {"uv": [17, 4], "uv_size": [1.5, 3.25]},
								"down": {"uv": [18, 11.25], "uv_size": [1.5, -3.25]}
							}
						},
						{
							"origin": [-4.08, 7.09, -4.96972],
							"size": [1.41, 0.635, 3.18944],
							"uv": {
								"north": {"uv": [31, 8], "uv_size": [1.5, 0.75]},
								"east": {"uv": [26, 6], "uv_size": [3.25, 0.75]},
								"south": {"uv": [31, 9], "uv_size": [1.5, 0.75]},
								"west": {"uv": [26, 7], "uv_size": [3.25, 0.75]},
								"up": {"uv": [11, 18], "uv_size": [1.5, 3.25]},
								"down": {"uv": [18, 15.25], "uv_size": [1.5, -3.25]}
							}
						}
					]
				},
				{
					"name": "octagon2",
					"pivot": [1.125, 3.875, -3.375],
					"cubes": [
						{
							"origin": [2.795, 2.28028, -7.225],
							"size": [1.41, 3.18944, 0.635],
							"pivot": [1.125, 3.875, -3.375],
							"rotation": [-45, 0, 0],
							"uv": {
								"north": {"uv": [13, 18], "uv_size": [1.5, 3.25]},
								"east": {"uv": [13, 29], "uv_size": [0.5, 3.25]},
								"south": {"uv": [18, 16], "uv_size": [1.5, 3.25]},
								"west": {"uv": [14, 29], "uv_size": [0.5, 3.25]},
								"up": {"uv": [32, 6], "uv_size": [1.5, 0.5]},
								"down": {"uv": [7, 32.5], "uv_size": [1.5, -0.5]}
							}
						},
						{
							"origin": [2.795, 2.28028, -7.225],
							"size": [1.41, 3.18944, 0.635],
							"uv": {
								"north": {"uv": [0, 19], "uv_size": [1.5, 3.25]},
								"east": {"uv": [22, 25], "uv_size": [0.75, 3.25]},
								"south": {"uv": [19, 0], "uv_size": [1.5, 3.25]},
								"west": {"uv": [23, 25], "uv_size": [0.75, 3.25]},
								"up": {"uv": [10, 31], "uv_size": [1.5, 0.75]},
								"down": {"uv": [31, 10.75], "uv_size": [1.5, -0.75]}
							}
						},
						{
							"origin": [2.795, 2.28028, -0.16],
							"size": [1.41, 3.18944, 0.635],
							"pivot": [1.125, 3.875, -3.375],
							"rotation": [-45, 0, 0],
							"uv": {
								"north": {"uv": [2, 19], "uv_size": [1.5, 3.25]},
								"east": {"uv": [26, 8], "uv_size": [0.75, 3.25]},
								"south": {"uv": [4, 19], "uv_size": [1.5, 3.25]},
								"west": {"uv": [25, 26], "uv_size": [0.75, 3.25]},
								"up": {"uv": [31, 11], "uv_size": [1.5, 0.75]},
								"down": {"uv": [31, 14.75], "uv_size": [1.5, -0.75]}
							}
						},
						{
							"origin": [2.795, 2.28028, -0.16],
							"size": [1.41, 3.18944, 0.635],
							"uv": {
								"north": {"uv": [19, 4], "uv_size": [1.5, 3.25]},
								"east": {"uv": [26, 26], "uv_size": [0.75, 3.25]},
								"south": {"uv": [6, 19], "uv_size": [1.5, 3.25]},
								"west": {"uv": [0, 27], "uv_size": [0.75, 3.25]},
								"up": {"uv": [15, 31], "uv_size": [1.5, 0.75]},
								"down": {"uv": [31, 15.75], "uv_size": [1.5, -0.75]}
							}
						},
						{
							"origin": [2.795, 0.025, -4.96972],
							"size": [1.41, 0.635, 3.18944],
							"pivot": [1.125, 3.875, -3.375],
							"rotation": [-45, 0, 0],
							"uv": {
								"north": {"uv": [17, 31], "uv_size": [1.5, 0.75]},
								"east": {"uv": [27, 8], "uv_size": [3.25, 0.75]},
								"south": {"uv": [31, 17], "uv_size": [1.5, 0.75]},
								"west": {"uv": [27, 9], "uv_size": [3.25, 0.75]},
								"up": {"uv": [8, 19], "uv_size": [1.5, 3.25]},
								"down": {"uv": [20, 11.25], "uv_size": [1.5, -3.25]}
							}
						},
						{
							"origin": [2.795, 0.025, -4.96972],
							"size": [1.41, 0.635, 3.18944],
							"uv": {
								"north": {"uv": [31, 18], "uv_size": [1.5, 0.75]},
								"east": {"uv": [27, 10], "uv_size": [3.25, 0.75]},
								"south": {"uv": [31, 19], "uv_size": [1.5, 0.75]},
								"west": {"uv": [27, 11], "uv_size": [3.25, 0.75]},
								"up": {"uv": [20, 12], "uv_size": [1.5, 3.25]},
								"down": {"uv": [15, 23.25], "uv_size": [1.5, -3.25]}
							}
						},
						{
							"origin": [3.045, 0.65, -3.71972],
							"size": [0.91, 6.51, 0.56444],
							"uv": {
								"north": {"uv": [10, 7], "uv_size": [1, 6.5]},
								"east": {"uv": [12, 24], "uv_size": [0.5, 6.5]},
								"south": {"uv": [11, 0], "uv_size": [1, 6.5]},
								"west": {"uv": [15, 24], "uv_size": [0.5, 6.5]},
								"up": {"uv": [33, 0], "uv_size": [1, 0.5]},
								"down": {"uv": [1, 33.5], "uv_size": [1, -0.5]}
							}
						},
						{
							"origin": [3.045, 0.65, -3.71972],
							"size": [0.91, 6.51, 0.56444],
							"pivot": [3.5, 3.8425, -3.4375],
							"rotation": [-90, 0, 0],
							"uv": {
								"north": {"uv": [11, 7], "uv_size": [1, 6.5]},
								"east": {"uv": [16, 24], "uv_size": [0.5, 6.5]},
								"south": {"uv": [12, 0], "uv_size": [1, 6.5]},
								"west": {"uv": [17, 24], "uv_size": [0.5, 6.5]},
								"up": {"uv": [33, 1], "uv_size": [1, 0.5]},
								"down": {"uv": [2, 33.5], "uv_size": [1, -0.5]}
							}
						},
						{
							"origin": [3.045, 0.65, -3.71972],
							"size": [0.91, 6.51, 0.56444],
							"pivot": [3.5, 3.8425, -3.4375],
							"rotation": [-45, 0, 0],
							"uv": {
								"north": {"uv": [12, 7], "uv_size": [1, 6.5]},
								"east": {"uv": [18, 24], "uv_size": [0.5, 6.5]},
								"south": {"uv": [13, 0], "uv_size": [1, 6.5]},
								"west": {"uv": [19, 24], "uv_size": [0.5, 6.5]},
								"up": {"uv": [33, 2], "uv_size": [1, 0.5]},
								"down": {"uv": [3, 33.5], "uv_size": [1, -0.5]}
							}
						},
						{
							"origin": [3.045, 0.525, -3.71972],
							"size": [0.91, 6.885, 0.56444],
							"pivot": [3.5, 3.8425, -3.4375],
							"rotation": [45, 0, 0],
							"uv": {
								"north": {"uv": [0, 8], "uv_size": [1, 7]},
								"east": {"uv": [9, 23], "uv_size": [0.5, 7]},
								"south": {"uv": [8, 0], "uv_size": [1, 7]},
								"west": {"uv": [2, 24], "uv_size": [0.5, 7]},
								"up": {"uv": [33, 3], "uv_size": [1, 0.5]},
								"down": {"uv": [4, 33.5], "uv_size": [1, -0.5]}
							}
						},
						{
							"origin": [2.795, 7.09, -4.96972],
							"size": [1.41, 0.635, 3.18944],
							"pivot": [1.125, 3.875, -3.375],
							"rotation": [-45, 0, 0],
							"uv": {
								"north": {"uv": [31, 20], "uv_size": [1.5, 0.75]},
								"east": {"uv": [27, 17], "uv_size": [3.25, 0.75]},
								"south": {"uv": [21, 31], "uv_size": [1.5, 0.75]},
								"west": {"uv": [27, 18], "uv_size": [3.25, 0.75]},
								"up": {"uv": [20, 16], "uv_size": [1.5, 3.25]},
								"down": {"uv": [17, 23.25], "uv_size": [1.5, -3.25]}
							}
						},
						{
							"origin": [2.795, 7.09, -4.96972],
							"size": [1.41, 0.635, 3.18944],
							"uv": {
								"north": {"uv": [31, 21], "uv_size": [1.5, 0.75]},
								"east": {"uv": [27, 19], "uv_size": [3.25, 0.75]},
								"south": {"uv": [31, 24], "uv_size": [1.5, 0.75]},
								"west": {"uv": [27, 26], "uv_size": [3.25, 0.75]},
								"up": {"uv": [19, 20], "uv_size": [1.5, 3.25]},
								"down": {"uv": [21, 3.25], "uv_size": [1.5, -3.25]}
							}
						}
					]
				},
				{
					"name": "bone3",
					"pivot": [-2, 3.9371, -0.48266],
					"rotation": [-25, 0, 0],
					"cubes": [
						{
							"origin": [-1.625, 3.00907, -4.79405],
							"size": [0.875, 1.125, 6.75],
							"uv": {
								"north": {"uv": [9, 30], "uv_size": [1, 1.25]},
								"east": {"uv": [0, 0], "uv_size": [6.75, 1.25]},
								"south": {"uv": [30, 14], "uv_size": [1, 1.25]},
								"west": {"uv": [0, 2], "uv_size": [6.75, 1.25]},
								"up": {"uv": [1, 8], "uv_size": [1, 6.75]},
								"down": {"uv": [2, 14.75], "uv_size": [1, -6.75]}
							}
						},
						{
							"origin": [0.625, 3.00907, -4.79405],
							"size": [0.875, 1.125, 6.75],
							"uv": {
								"north": {"uv": [20, 30], "uv_size": [1, 1.25]},
								"east": {"uv": [0, 4], "uv_size": [6.75, 1.25]},
								"south": {"uv": [30, 20], "uv_size": [1, 1.25]},
								"west": {"uv": [0, 6], "uv_size": [6.75, 1.25]},
								"up": {"uv": [3, 8], "uv_size": [1, 6.75]},
								"down": {"uv": [4, 14.75], "uv_size": [1, -6.75]}
							}
						},
						{
							"origin": [-1.625, 2.10276, -3.62143],
							"size": [0.875, 1, 1.125],
							"uv": {
								"north": {"uv": [32, 23], "uv_size": [1, 0.75]},
								"east": {"uv": [24, 32], "uv_size": [1, 0.75]},
								"south": {"uv": [25, 32], "uv_size": [1, 0.75]},
								"west": {"uv": [32, 25], "uv_size": [1, 0.75]},
								"up": {"uv": [2, 32], "uv_size": [1, 1]},
								"down": {"uv": [3, 33], "uv_size": [1, -1]}
							}
						},
						{
							"origin": [0.625, 2.10276, -3.62143],
							"size": [0.875, 1, 1.125],
							"uv": {
								"north": {"uv": [26, 32], "uv_size": [1, 0.75]},
								"east": {"uv": [32, 26], "uv_size": [1, 0.75]},
								"south": {"uv": [27, 32], "uv_size": [1, 0.75]},
								"west": {"uv": [32, 27], "uv_size": [1, 0.75]},
								"up": {"uv": [4, 32], "uv_size": [1, 1]},
								"down": {"uv": [32, 5], "uv_size": [1, -1]}
							}
						},
						{
							"origin": [-1.625, 3.00907, 1.95595],
							"size": [0.875, 0.75, 5],
							"uv": {
								"north": {"uv": [32, 7], "uv_size": [1, 0.75]},
								"east": {"uv": [22, 17], "uv_size": [5, 0.75]},
								"south": {"uv": [9, 32], "uv_size": [1, 0.75]},
								"west": {"uv": [22, 18], "uv_size": [5, 0.75]},
								"up": {"uv": [13, 7], "uv_size": [1, 5]},
								"down": {"uv": [13, 17], "uv_size": [1, -5]}
							}
						},
						{
							"origin": [0.625, 3.00907, 1.95595],
							"size": [0.875, 0.75, 5],
							"uv": {
								"north": {"uv": [19, 32], "uv_size": [1, 0.75]},
								"east": {"uv": [23, 22], "uv_size": [5, 0.75]},
								"south": {"uv": [20, 32], "uv_size": [1, 0.75]},
								"west": {"uv": [23, 23], "uv_size": [5, 0.75]},
								"up": {"uv": [9, 14], "uv_size": [1, 5]},
								"down": {"uv": [10, 19], "uv_size": [1, -5]}
							}
						},
						{
							"origin": [-1.625, 3.00907, 1.95595],
							"size": [0.875, 0.75, 5],
							"pivot": [-2.375, 3.75907, 6.95595],
							"rotation": [-4, 0, 0],
							"uv": {
								"north": {"uv": [10, 32], "uv_size": [1, 0.75]},
								"east": {"uv": [22, 19], "uv_size": [5, 0.75]},
								"south": {"uv": [11, 32], "uv_size": [1, 0.75]},
								"west": {"uv": [2, 23], "uv_size": [5, 0.75]},
								"up": {"uv": [14, 0], "uv_size": [1, 5]},
								"down": {"uv": [14, 10], "uv_size": [1, -5]}
							}
						},
						{
							"origin": [0.625, 3.00907, 1.95595],
							"size": [0.875, 0.75, 5],
							"pivot": [2.375, 3.75907, 6.95595],
							"rotation": [-4, 0, 0],
							"uv": {
								"north": {"uv": [17, 32], "uv_size": [1, 0.75]},
								"east": {"uv": [23, 20], "uv_size": [5, 0.75]},
								"south": {"uv": [18, 32], "uv_size": [1, 0.75]},
								"west": {"uv": [23, 21], "uv_size": [5, 0.75]},
								"up": {"uv": [7, 14], "uv_size": [1, 5]},
								"down": {"uv": [8, 19], "uv_size": [1, -5]}
							}
						},
						{
							"origin": [-1.625, 3.38407, -4.79405],
							"size": [0.875, 0.75, 6.75],
							"pivot": [-2.375, 4.13407, 1.95595],
							"rotation": [-5, 0, 0],
							"uv": {
								"north": {"uv": [9, 32.125], "uv_size": [1, 0.75]},
								"east": {"uv": [24, 14], "uv_size": [4, 0.75]},
								"south": {"uv": [15, 32], "uv_size": [1, 0.75]},
								"west": {"uv": [24, 15], "uv_size": [4, 0.75]},
								"up": {"uv": [6, 15], "uv_size": [1, 4]},
								"down": {"uv": [0, 27], "uv_size": [1, -4]}
							}
						},
						{
							"origin": [0.625, 3.38407, -4.79405],
							"size": [0.875, 0.75, 6.75],
							"pivot": [2.375, 4.13407, 1.95595],
							"rotation": [-5, 0, 0],
							"uv": {
								"north": {"uv": [20, 32], "uv_size": [1, 0.75]},
								"east": {"uv": [24, 16], "uv_size": [4, 0.75]},
								"south": {"uv": [22, 32], "uv_size": [1, 0.75]},
								"west": {"uv": [20, 24], "uv_size": [4, 0.75]},
								"up": {"uv": [23, 0], "uv_size": [1, 4]},
								"down": {"uv": [1, 27], "uv_size": [1, -4]}
							}
						}
					]
				},
				{
					"name": "bone2",
					"pivot": [-0.02232, 6.12054, -2.85714],
					"cubes": [
						{
							"origin": [-0.71875, 5.40625, -3],
							"size": [1.375, 1.375, 2.75],
							"uv": {
								"north": {"uv": [27, 27], "uv_size": [1.5, 1.5]},
								"east": {"uv": [10, 22], "uv_size": [2.75, 1.5]},
								"south": {"uv": [28, 14], "uv_size": [1.5, 1.5]},
								"west": {"uv": [22, 12], "uv_size": [2.75, 1.5]},
								"up": {"uv": [13, 22], "uv_size": [1.5, 2.75]},
								"down": {"uv": [22, 16.75], "uv_size": [1.5, -2.75]}
							}
						},
						{
							"origin": [-0.84375, 5.28125, -0.25],
							"size": [1.625, 1.625, 0.25],
							"uv": {
								"north": {"uv": [24, 8], "uv_size": [1.75, 1.75]},
								"east": {"uv": [33, 9], "uv_size": [0.25, 1.75]},
								"south": {"uv": [24, 10], "uv_size": [1.75, 1.75]},
								"west": {"uv": [10, 33], "uv_size": [0.25, 1.75]},
								"up": {"uv": [11, 33], "uv_size": [1.75, 0.25]},
								"down": {"uv": [33, 11.25], "uv_size": [1.75, -0.25]}
							}
						},
						{
							"origin": [-0.59375, 5.53125, 0],
							"size": [1.125, 1.125, 0.125],
							"uv": {
								"north": {"uv": [29, 27], "uv_size": [1.25, 1.25]},
								"east": {"uv": [33, 17], "uv_size": [0.25, 1.25]},
								"south": {"uv": [29, 29], "uv_size": [1.25, 1.25]},
								"west": {"uv": [18, 33], "uv_size": [0.25, 1.25]},
								"up": {"uv": [19, 33], "uv_size": [1.25, 0.25]},
								"down": {"uv": [33, 19.25], "uv_size": [1.25, -0.25]}
							}
						},
						{
							"origin": [-0.21875, 5.90625, 0],
							"size": [0.5, 0.5, 0.375],
							"uv": {
								"north": {"uv": [33, 20], "uv_size": [0.5, 0.5]},
								"east": {"uv": [21, 33], "uv_size": [0.5, 0.5]},
								"south": {"uv": [33, 21], "uv_size": [0.5, 0.5]},
								"west": {"uv": [22, 33], "uv_size": [0.5, 0.5]},
								"up": {"uv": [33, 22], "uv_size": [0.5, 0.5]},
								"down": {"uv": [23, 33.5], "uv_size": [0.5, -0.5]}
							}
						},
						{
							"origin": [-0.34375, 5.78125, 0.375],
							"size": [0.75, 0.75, 0.375],
							"uv": {
								"north": {"uv": [28, 32], "uv_size": [0.75, 0.75]},
								"east": {"uv": [33, 15], "uv_size": [0.5, 0.75]},
								"south": {"uv": [32, 28], "uv_size": [0.75, 0.75]},
								"west": {"uv": [16, 33], "uv_size": [0.5, 0.75]},
								"up": {"uv": [33, 16], "uv_size": [0.75, 0.5]},
								"down": {"uv": [17, 33.5], "uv_size": [0.75, -0.5]}
							}
						},
						{
							"origin": [-0.59375, 5.53125, -6.75],
							"size": [1.125, 1.125, 3.75],
							"uv": {
								"north": {"uv": [29, 24], "uv_size": [1.25, 1.25]},
								"east": {"uv": [21, 4], "uv_size": [3.75, 1.25]},
								"south": {"uv": [27, 29], "uv_size": [1.25, 1.25]},
								"west": {"uv": [21, 6], "uv_size": [3.75, 1.25]},
								"up": {"uv": [21, 20], "uv_size": [1.25, 3.75]},
								"down": {"uv": [22, 11.75], "uv_size": [1.25, -3.75]}
							}
						},
						{
							"origin": [-0.71875, 5.40625, -6.875],
							"size": [1.375, 1.375, 0.125],
							"uv": {
								"north": {"uv": [28, 20], "uv_size": [1.5, 1.5]},
								"east": {"uv": [33, 12], "uv_size": [0.25, 1.5]},
								"south": {"uv": [28, 22], "uv_size": [1.5, 1.5]},
								"west": {"uv": [13, 33], "uv_size": [0.25, 1.5]},
								"up": {"uv": [14, 33], "uv_size": [1.5, 0.25]},
								"down": {"uv": [33, 14.25], "uv_size": [1.5, -0.25]}
							}
						},
						{
							"origin": [-0.55, 5.62, -7.6875],
							"size": [1, 1, 0.875],
							"uv": {
								"north": {"uv": [29, 31], "uv_size": [1, 1]},
								"east": {"uv": [31, 29], "uv_size": [1, 1]},
								"south": {"uv": [30, 31], "uv_size": [1, 1]},
								"west": {"uv": [31, 30], "uv_size": [1, 1]},
								"up": {"uv": [31, 31], "uv_size": [1, 1]},
								"down": {"uv": [0, 33], "uv_size": [1, -1]}
							}
						}
					]
				}
			]
		}
	]
}
