{
	"format_version": "1.12.0",
	"minecraft:geometry": [
		{
			"description": {
				"identifier": "geometry.austrian_m1805",
				"texture_width": 32,
				"texture_height": 32,
				"visible_bounds_width": 4,
				"visible_bounds_height": 2.5,
				"visible_bounds_offset": [0, 0.75, 0]
			},
			"bones": [
				{
					"name": "root",
					"pivot": [0, 0, 0]
				},
				{
					"name": "waist",
					"parent": "root",
					"pivot": [0, 12, 0]
				},
				{
					"name": "body",
					"parent": "waist",
					"pivot": [0, 24, 0]
				},
				{
					"name": "rightArm",
					"parent": "body",
					"pivot": [-5, 22, 0]
				},
				{
					"name": "rightItem",
					"parent": "rightArm",
					"pivot": [-6, 15, 1],
					"locators": {
						"model_root": [-6, 15, 1]
					}
				},
				{
					"name": "Musket",
					"parent": "rightItem",
					"pivot": [-6.6875, 13.07763, -2.26898],
					"cubes": [
						{
							"origin": [-6.825, 13.25, -19.875],
							"size": [0.45, 0.3, 18.25],
							"uv": {
								"north": {"uv": [16, 4], "uv_size": [0.5, 0.5]},
								"east": {"uv": [2, 2], "uv_size": [18.5, 0.5]},
								"south": {"uv": [16, 5], "uv_size": [0.5, 0.5]},
								"west": {"uv": [2, 3], "uv_size": [18.5, 0.5]},
								"up": {"uv": [2, 4], "uv_size": [0.5, 18.5]},
								"down": {"uv": [3, 22.5], "uv_size": [0.5, -18.5]}
							}
						},
						{
							"origin": [-6.87, 13.005, -7.125],
							"size": [0.55, 0.55, 0.5],
							"uv": {
								"north": {"uv": [16, 16], "uv_size": [0.5, 0.5]},
								"east": {"uv": [17, 4], "uv_size": [0.5, 0.5]},
								"south": {"uv": [17, 5], "uv_size": [0.5, 0.5]},
								"west": {"uv": [6, 17], "uv_size": [0.5, 0.5]},
								"up": {"uv": [17, 6], "uv_size": [0.5, 0.5]},
								"down": {"uv": [7, 17.5], "uv_size": [0.5, -0.5]}
							}
						},
						{
							"origin": [-6.87, 13.13, -14],
							"size": [0.55, 0.425, 0.375],
							"uv": {
								"north": {"uv": [6, 18], "uv_size": [0.5, 0.5]},
								"east": {"uv": [18, 6], "uv_size": [0.5, 0.5]},
								"south": {"uv": [7, 18], "uv_size": [0.5, 0.5]},
								"west": {"uv": [18, 7], "uv_size": [0.5, 0.5]},
								"up": {"uv": [8, 18], "uv_size": [0.5, 0.5]},
								"down": {"uv": [18, 8.5], "uv_size": [0.5, -0.5]}
							}
						},
						{
							"origin": [-6.87, 13.13, -20.625],
							"size": [0.55, 0.425, 1.375],
							"uv": {
								"north": {"uv": [9, 18], "uv_size": [0.5, 0.5]},
								"east": {"uv": [11, 12], "uv_size": [1.5, 0.5]},
								"south": {"uv": [18, 9], "uv_size": [0.5, 0.5]},
								"west": {"uv": [13, 8], "uv_size": [1.5, 0.5]},
								"up": {"uv": [13, 9], "uv_size": [0.5, 1.5]},
								"down": {"uv": [11, 14.5], "uv_size": [0.5, -1.5]}
							}
						},
						{
							"origin": [-6.87, 12.955, -20.625],
							"size": [0.55, 0.175, 0.25],
							"uv": {
								"north": {"uv": [10, 18], "uv_size": [0.5, 0.5]},
								"east": {"uv": [18, 10], "uv_size": [0.5, 0.5]},
								"south": {"uv": [11, 18], "uv_size": [0.5, 0.5]},
								"west": {"uv": [18, 11], "uv_size": [0.5, 0.5]},
								"up": {"uv": [12, 18], "uv_size": [0.5, 0.5]},
								"down": {"uv": [18, 12.5], "uv_size": [0.5, -0.5]}
							}
						},
						{
							"origin": [-6.68954, 13.5149, -22.25],
							"size": [0.3, 0.3, 20.625],
							"pivot": [-6.70204, 13.6649, -11.9375],
							"rotation": [0, 0, 45],
							"uv": {
								"north": {"uv": [15, 16], "uv_size": [0.3, 0.3]},
								"east": {"uv": [0, 0], "uv_size": [20.625, 0]},
								"south": {"uv": [16, 15], "uv_size": [0.3, 0.3]},
								"west": {"uv": [0, 1], "uv_size": [20.625, 0.3]},
								"up": {"uv": [0, 2], "uv_size": [0.3, 20.625]},
								"down": {"uv": [1, 22.625], "uv_size": [0.3, -20.625]}
							}
						},
						{
							"origin": [-6.70397, 13.0446, -22.109],
							"size": [0.1872, 0.1872, 1.52],
							"pivot": [-6.61037, 13.1382, -21.349],
							"rotation": [0, 0, 45],
							"uv": {
								"north": {"uv": [13, 18], "uv_size": [0.5, 0.5]},
								"east": {"uv": [13, 11], "uv_size": [1.5, 0.5]},
								"south": {"uv": [18, 13], "uv_size": [0.5, 0.5]},
								"west": {"uv": [12, 13], "uv_size": [1.5, 0.5]},
								"up": {"uv": [6, 14], "uv_size": [0.5, 1.5]},
								"down": {"uv": [7, 15.5], "uv_size": [0.5, -1.5]}
							}
						},
						{
							"origin": [-6.71686, 13.41258, -7.125],
							"size": [0.4, 0.4, 0.5],
							"pivot": [-6.62936, 13.68758, -17.1875],
							"rotation": [0, 0, 45],
							"uv": {
								"north": {"uv": [17, 7], "uv_size": [0.5, 0.5]},
								"east": {"uv": [8, 17], "uv_size": [0.5, 0.5]},
								"south": {"uv": [17, 8], "uv_size": [0.5, 0.5]},
								"west": {"uv": [9, 17], "uv_size": [0.5, 0.5]},
								"up": {"uv": [17, 9], "uv_size": [0.5, 0.5]},
								"down": {"uv": [10, 17.5], "uv_size": [0.5, -0.5]}
							}
						},
						{
							"origin": [-6.71686, 13.41258, -14],
							"size": [0.4, 0.4, 0.375],
							"pivot": [-6.62936, 13.68758, -24.0625],
							"rotation": [0, 0, 45],
							"uv": {
								"north": {"uv": [17, 10], "uv_size": [0.5, 0.5]},
								"east": {"uv": [11, 17], "uv_size": [0.5, 0.5]},
								"south": {"uv": [17, 11], "uv_size": [0.5, 0.5]},
								"west": {"uv": [12, 17], "uv_size": [0.5, 0.5]},
								"up": {"uv": [17, 12], "uv_size": [0.5, 0.5]},
								"down": {"uv": [13, 17.5], "uv_size": [0.5, -0.5]}
							}
						},
						{
							"origin": [-6.71686, 13.41258, -20.625],
							"size": [0.4, 0.4, 0.375],
							"pivot": [-6.62936, 13.68758, -30.6875],
							"rotation": [0, 0, 45],
							"uv": {
								"north": {"uv": [17, 13], "uv_size": [0.5, 0.5]},
								"east": {"uv": [14, 17], "uv_size": [0.5, 0.5]},
								"south": {"uv": [17, 14], "uv_size": [0.5, 0.5]},
								"west": {"uv": [15, 17], "uv_size": [0.5, 0.5]},
								"up": {"uv": [17, 15], "uv_size": [0.5, 0.5]},
								"down": {"uv": [16, 17.5], "uv_size": [0.5, -0.5]}
							}
						},
						{
							"origin": [-6.71686, 13.41258, -20],
							"size": [0.4, 0.4, 0.125],
							"pivot": [-6.62936, 13.68758, -30.0625],
							"rotation": [0, 0, 45],
							"uv": {
								"north": {"uv": [17, 16], "uv_size": [0.5, 0.5]},
								"east": {"uv": [17, 17], "uv_size": [0.5, 0.5]},
								"south": {"uv": [4, 18], "uv_size": [0.5, 0.5]},
								"west": {"uv": [18, 4], "uv_size": [0.5, 0.5]},
								"up": {"uv": [5, 18], "uv_size": [0.5, 0.5]},
								"down": {"uv": [18, 5.5], "uv_size": [0.5, -0.5]}
							}
						},
						{
							"origin": [-6.875, 13.25, -1.625],
							"size": [0.5, 0.55, 0.625],
							"uv": {
								"north": {"uv": [6, 16], "uv_size": [0.5, 0.5]},
								"east": {"uv": [16, 6], "uv_size": [0.5, 0.5]},
								"south": {"uv": [7, 16], "uv_size": [0.5, 0.5]},
								"west": {"uv": [16, 7], "uv_size": [0.5, 0.5]},
								"up": {"uv": [8, 16], "uv_size": [0.5, 0.5]},
								"down": {"uv": [16, 8.5], "uv_size": [0.5, -0.5]}
							}
						},
						{
							"origin": [-6.825, 13.27546, -1.16539],
							"size": [0.45, 0.55, 2.625],
							"pivot": [-6.375, 13.27546, -1.16539],
							"rotation": [-17.5, 0, 0],
							"uv": {
								"north": {"uv": [10, 16], "uv_size": [0.5, 0.5]},
								"east": {"uv": [9, 10], "uv_size": [2.5, 0.5]},
								"south": {"uv": [16, 10], "uv_size": [0.5, 0.5]},
								"west": {"uv": [11, 6], "uv_size": [2.5, 0.5]},
								"up": {"uv": [11, 7], "uv_size": [0.5, 2.5]},
								"down": {"uv": [9, 13.5], "uv_size": [0.5, -2.5]}
							}
						},
						{
							"origin": [-6.9, 13.27546, -1.04039],
							"size": [0.075, 0.3, 0.75],
							"pivot": [-6.9, 13.57546, -1.04039],
							"rotation": [-17.5, 0, 0],
							"uv": {
								"north": {"uv": [19, 14], "uv_size": [0.5, 0.5]},
								"east": {"uv": [14, 9], "uv_size": [1, 0.5]},
								"south": {"uv": [15, 19], "uv_size": [0.5, 0.5]},
								"west": {"uv": [14, 10], "uv_size": [1, 0.5]},
								"up": {"uv": [12, 14], "uv_size": [0.5, 1]},
								"down": {"uv": [14, 13], "uv_size": [0.5, -1]}
							}
						},
						{
							"origin": [-6.9, 13.17493, -0.3251],
							"size": [0.075, 0.175, 0.25],
							"pivot": [-6.9, 13.34993, -0.3251],
							"rotation": [-37.5, 0, 0],
							"uv": {
								"north": {"uv": [19, 16], "uv_size": [0.5, 0.5]},
								"east": {"uv": [17, 19], "uv_size": [0.5, 0.5]},
								"south": {"uv": [19, 17], "uv_size": [0.5, 0.5]},
								"west": {"uv": [18, 19], "uv_size": [0.5, 0.5]},
								"up": {"uv": [19, 18], "uv_size": [0.5, 0.5]},
								"down": {"uv": [19, 19.5], "uv_size": [0.5, -0.5]}
							}
						},
						{
							"origin": [-6.9, 13.02274, -0.12676],
							"size": [0.075, 0.175, 0.125],
							"pivot": [-6.9, 13.19774, -0.12676],
							"rotation": [-77.5, 0, 0],
							"uv": {
								"north": {"uv": [4, 20], "uv_size": [0.5, 0.5]},
								"east": {"uv": [20, 4], "uv_size": [0.5, 0.5]},
								"south": {"uv": [5, 20], "uv_size": [0.5, 0.5]},
								"west": {"uv": [20, 5], "uv_size": [0.5, 0.5]},
								"up": {"uv": [6, 20], "uv_size": [0.5, 0.5]},
								"down": {"uv": [20, 6.5], "uv_size": [0.5, -0.5]}
							}
						},
						{
							"origin": [-6.9, 12.86282, -0.27056],
							"size": [0.075, 0.175, 1.125],
							"pivot": [-6.9, 13.03782, -0.27056],
							"rotation": [175, 0, 0],
							"uv": {
								"north": {"uv": [7, 20], "uv_size": [0.5, 0.5]},
								"east": {"uv": [15, 7], "uv_size": [1, 0.5]},
								"south": {"uv": [20, 7], "uv_size": [0.5, 0.5]},
								"west": {"uv": [8, 15], "uv_size": [1, 0.5]},
								"up": {"uv": [15, 8], "uv_size": [0.5, 1]},
								"down": {"uv": [9, 16], "uv_size": [0.5, -1]}
							}
						},
						{
							"origin": [-6.9, 13.15046, -1.79039],
							"size": [0.075, 0.425, 0.75],
							"uv": {
								"north": {"uv": [19, 15], "uv_size": [0.5, 0.5]},
								"east": {"uv": [13, 14], "uv_size": [1, 0.5]},
								"south": {"uv": [16, 19], "uv_size": [0.5, 0.5]},
								"west": {"uv": [14, 13], "uv_size": [1, 0.5]},
								"up": {"uv": [14, 14], "uv_size": [0.5, 1]},
								"down": {"uv": [15, 7], "uv_size": [0.5, -1]}
							}
						},
						{
							"origin": [-6.9, 13.40046, -2.54039],
							"size": [0.075, 0.175, 0.75],
							"pivot": [-6.9, 13.57546, -1.79039],
							"rotation": [10, 0, 0],
							"uv": {
								"north": {"uv": [12, 20], "uv_size": [0.5, 0.5]},
								"east": {"uv": [15, 11], "uv_size": [1, 0.5]},
								"south": {"uv": [20, 12], "uv_size": [0.5, 0.5]},
								"west": {"uv": [12, 15], "uv_size": [1, 0.5]},
								"up": {"uv": [15, 12], "uv_size": [0.5, 1]},
								"down": {"uv": [13, 16], "uv_size": [0.5, -1]}
							}
						},
						{
							"origin": [-6.975, 13.34277, -2.19971],
							"size": [0.075, 0.55, 0.125],
							"pivot": [-6.9375, 13.74277, -2.13721],
							"rotation": [2.5, 0, 0],
							"uv": {
								"north": {"uv": [21, 10], "uv_size": [0.5, 0.5]},
								"east": {"uv": [11, 21], "uv_size": [0.5, 0.5]},
								"south": {"uv": [21, 11], "uv_size": [0.5, 0.5]},
								"west": {"uv": [12, 21], "uv_size": [0.5, 0.5]},
								"up": {"uv": [21, 12], "uv_size": [0.5, 0.5]},
								"down": {"uv": [13, 21.5], "uv_size": [0.5, -0.5]}
							}
						},
						{
							"origin": [-6.975, 13.89536, -2.20631],
							"size": [0.075, 0.675, 0.125],
							"pivot": [-6.975, 13.89536, -2.08131],
							"rotation": [47.5, 0, 0],
							"uv": {
								"north": {"uv": [21, 13], "uv_size": [0.5, 0.5]},
								"east": {"uv": [14, 21], "uv_size": [0.5, 0.5]},
								"south": {"uv": [21, 14], "uv_size": [0.5, 0.5]},
								"west": {"uv": [15, 21], "uv_size": [0.5, 0.5]},
								"up": {"uv": [21, 15], "uv_size": [0.5, 0.5]},
								"down": {"uv": [16, 21.5], "uv_size": [0.5, -0.5]}
							}
						},
						{
							"origin": [-6.9, 13.15046, -2.79039],
							"size": [0.075, 0.3, 1],
							"uv": {
								"north": {"uv": [8, 20], "uv_size": [0.5, 0.5]},
								"east": {"uv": [15, 9], "uv_size": [1, 0.5]},
								"south": {"uv": [20, 8], "uv_size": [0.5, 0.5]},
								"west": {"uv": [10, 15], "uv_size": [1, 0.5]},
								"up": {"uv": [15, 10], "uv_size": [0.5, 1]},
								"down": {"uv": [11, 16], "uv_size": [0.5, -1]}
							}
						},
						{
							"origin": [-6.9, 13.15046, -3.04039],
							"size": [0.075, 0.175, 0.25],
							"pivot": [-6.9, 13.15046, -2.79039],
							"rotation": [-55, 0, 0],
							"uv": {
								"north": {"uv": [9, 20], "uv_size": [0.5, 0.5]},
								"east": {"uv": [20, 9], "uv_size": [0.5, 0.5]},
								"south": {"uv": [10, 20], "uv_size": [0.5, 0.5]},
								"west": {"uv": [20, 10], "uv_size": [0.5, 0.5]},
								"up": {"uv": [11, 20], "uv_size": [0.5, 0.5]},
								"down": {"uv": [20, 11.5], "uv_size": [0.5, -0.5]}
							}
						},
						{
							"origin": [-6.7, 13.02546, -1.29039],
							"size": [0.2, 0.175, 0.375],
							"pivot": [-6.375, 13.02546, -1.29039],
							"rotation": [-87.5, 0, 0],
							"uv": {
								"north": {"uv": [14, 18], "uv_size": [0.5, 0.5]},
								"east": {"uv": [18, 14], "uv_size": [0.5, 0.5]},
								"south": {"uv": [15, 18], "uv_size": [0.5, 0.5]},
								"west": {"uv": [18, 15], "uv_size": [0.5, 0.5]},
								"up": {"uv": [16, 18], "uv_size": [0.5, 0.5]},
								"down": {"uv": [18, 16.5], "uv_size": [0.5, -0.5]}
							}
						},
						{
							"origin": [-6.7, 12.65081, -1.27403],
							"size": [0.2, 0.175, 0.375],
							"pivot": [-6.375, 12.65081, -1.27403],
							"rotation": [-32.5, 0, 0],
							"uv": {
								"north": {"uv": [17, 18], "uv_size": [0.5, 0.5]},
								"east": {"uv": [18, 17], "uv_size": [0.5, 0.5]},
								"south": {"uv": [18, 18], "uv_size": [0.5, 0.5]},
								"west": {"uv": [4, 19], "uv_size": [0.5, 0.5]},
								"up": {"uv": [19, 4], "uv_size": [0.5, 0.5]},
								"down": {"uv": [5, 19.5], "uv_size": [0.5, -0.5]}
							}
						},
						{
							"origin": [-6.7, 12.44933, -0.95776],
							"size": [0.2, 0.175, 0.5],
							"pivot": [-6.375, 12.44933, -0.95776],
							"rotation": [-5, 0, 0],
							"uv": {
								"north": {"uv": [19, 5], "uv_size": [0.5, 0.5]},
								"east": {"uv": [6, 19], "uv_size": [0.5, 0.5]},
								"south": {"uv": [19, 6], "uv_size": [0.5, 0.5]},
								"west": {"uv": [7, 19], "uv_size": [0.5, 0.5]},
								"up": {"uv": [19, 7], "uv_size": [0.5, 0.5]},
								"down": {"uv": [8, 19.5], "uv_size": [0.5, -0.5]}
							}
						},
						{
							"origin": [-6.7, 12.40575, -0.45966],
							"size": [0.2, 0.175, 0.375],
							"pivot": [-6.375, 12.40575, -0.45966],
							"rotation": [25, 0, 0],
							"uv": {
								"north": {"uv": [19, 8], "uv_size": [0.5, 0.5]},
								"east": {"uv": [9, 19], "uv_size": [0.5, 0.5]},
								"south": {"uv": [19, 9], "uv_size": [0.5, 0.5]},
								"west": {"uv": [10, 19], "uv_size": [0.5, 0.5]},
								"up": {"uv": [19, 10], "uv_size": [0.5, 0.5]},
								"down": {"uv": [11, 19.5], "uv_size": [0.5, -0.5]}
							}
						},
						{
							"origin": [-6.7, 12.56423, -0.1198],
							"size": [0.2, 0.175, 0.375],
							"pivot": [-6.375, 12.56423, -0.1198],
							"rotation": [50, 0, 0],
							"uv": {
								"north": {"uv": [19, 11], "uv_size": [0.5, 0.5]},
								"east": {"uv": [12, 19], "uv_size": [0.5, 0.5]},
								"south": {"uv": [19, 12], "uv_size": [0.5, 0.5]},
								"west": {"uv": [13, 19], "uv_size": [0.5, 0.5]},
								"up": {"uv": [19, 13], "uv_size": [0.5, 0.5]},
								"down": {"uv": [14, 19.5], "uv_size": [0.5, -0.5]}
							}
						},
						{
							"origin": [-6.825, 12.33565, 1.25351],
							"size": [0.45, 0.675, 0.55],
							"pivot": [-5, 13.01065, 1.25351],
							"rotation": [27.5, 0, 0],
							"uv": {
								"north": {"uv": [12, 16], "uv_size": [0.5, 0.5]},
								"east": {"uv": [16, 12], "uv_size": [0.5, 0.5]},
								"south": {"uv": [13, 16], "uv_size": [0.5, 0.5]},
								"west": {"uv": [16, 13], "uv_size": [0.5, 0.5]},
								"up": {"uv": [14, 16], "uv_size": [0.5, 0.5]},
								"down": {"uv": [16, 14.5], "uv_size": [0.5, -0.5]}
							}
						},
						{
							"origin": [-6.825, 13.25, -12.125],
							"size": [0.45, 0.3, 11.625],
							"pivot": [-5, 13.25, -12.125],
							"rotation": [-1.5, 0, 0],
							"uv": {
								"north": {"uv": [9, 16], "uv_size": [0.5, 0.5]},
								"east": {"uv": [4, 4], "uv_size": [11.5, 0.5]},
								"south": {"uv": [16, 9], "uv_size": [0.5, 0.5]},
								"west": {"uv": [4, 5], "uv_size": [11.5, 0.5]},
								"up": {"uv": [4, 6], "uv_size": [0.5, 11.5]},
								"down": {"uv": [5, 17.5], "uv_size": [0.5, -11.5]}
							}
						},
						{
							"origin": [-6.825, 12.20015, 2.01292],
							"size": [0.45, 1.05, 2.875],
							"pivot": [-5, 12.20015, 2.01292],
							"rotation": [-11.5, 0, 0],
							"uv": {
								"north": {"uv": [13, 12], "uv_size": [0.5, 1]},
								"east": {"uv": [6, 6], "uv_size": [3.5, 1]},
								"south": {"uv": [14, 6], "uv_size": [0.5, 1]},
								"west": {"uv": [6, 7], "uv_size": [3.5, 1]},
								"up": {"uv": [6, 10], "uv_size": [0.5, 3.5]},
								"down": {"uv": [10, 9.5], "uv_size": [0.5, -3.5]}
							}
						},
						{
							"origin": [-6.825, 12.20015, 4.88792],
							"size": [0.45, 0.8, 0.375],
							"pivot": [-5, 12.20015, 2.01292],
							"rotation": [-11.5, 0, 0],
							"uv": {
								"north": {"uv": [13, 12], "uv_size": [0.5, 1]},
								"east": {"uv": [6, 6], "uv_size": [3.5, 1]},
								"south": {"uv": [14, 6], "uv_size": [0.5, 1]},
								"west": {"uv": [6, 7], "uv_size": [3.5, 1]},
								"up": {"uv": [6, 10], "uv_size": [0.5, 3.5]},
								"down": {"uv": [10, 9.5], "uv_size": [0.5, -3.5]}
							}
						},
						{
							"origin": [-6.825, 12.45015, 1.76292],
							"size": [0.45, 0.8, 3.625],
							"pivot": [-5, 13.25015, 1.76292],
							"rotation": [-2, 0, 0],
							"uv": {
								"north": {"uv": [8, 14], "uv_size": [0.5, 1]},
								"east": {"uv": [6, 8], "uv_size": [3.5, 1]},
								"south": {"uv": [9, 14], "uv_size": [0.5, 1]},
								"west": {"uv": [6, 9], "uv_size": [3.5, 1]},
								"up": {"uv": [7, 10], "uv_size": [0.5, 3.5]},
								"down": {"uv": [8, 13.5], "uv_size": [0.5, -3.5]}
							}
						},
						{
							"origin": [-6.825, 12.94569, -0.50398],
							"size": [0.45, 0.3, 2.625],
							"pivot": [-5, 12.94569, -0.50398],
							"rotation": [-16.5, 0, 0],
							"uv": {
								"north": {"uv": [11, 16], "uv_size": [0.5, 0.5]},
								"east": {"uv": [10, 11], "uv_size": [2.5, 0.5]},
								"south": {"uv": [16, 11], "uv_size": [0.5, 0.5]},
								"west": {"uv": [12, 7], "uv_size": [2.5, 0.5]},
								"up": {"uv": [12, 8], "uv_size": [0.5, 2.5]},
								"down": {"uv": [10, 14.5], "uv_size": [0.5, -2.5]}
							}
						}
					]
				},
				{
					"name": "Hammer",
					"parent": "Musket",
					"pivot": [-6.9975, 13.28473, -1.10612],
					"rotation": [-17.5, 0, 0],
					"cubes": [
						{
							"origin": [-7.1, 13.27546, -1.29039],
							"size": [0.2, 0.3, 0.375],
							"pivot": [-6.95, 13.36296, -1.10289],
							"rotation": [47.5, 0, 0],
							"uv": {
								"north": {"uv": [13, 20], "uv_size": [0.225, 0.3]},
								"east": {"uv": [20, 13], "uv_size": [0.375, 0.3]},
								"south": {"uv": [14, 20], "uv_size": [0.225, 0.3]},
								"west": {"uv": [20, 14], "uv_size": [0.375, 0.3]},
								"up": {"uv": [15, 20], "uv_size": [0.225, 0.375]},
								"down": {"uv": [20, 15.375], "uv_size": [0.225, -0.375]}
							}
						},
						{
							"origin": [-7.08, 14, -1.29039],
							"size": [0.15, 0.1, 0.375],
							"pivot": [-6.95, 13.36296, -1.10289],
							"rotation": [47.5, 0, 0],
							"uv": {
								"north": {"uv": [21, 4], "uv_size": [0.5, 0.5]},
								"east": {"uv": [5, 21], "uv_size": [0.5, 0.5]},
								"south": {"uv": [21, 5], "uv_size": [0.5, 0.5]},
								"west": {"uv": [6, 21], "uv_size": [0.5, 0.5]},
								"up": {"uv": [21, 6], "uv_size": [0.5, 0.5]},
								"down": {"uv": [7, 21.5], "uv_size": [0.5, -0.5]}
							}
						},
						{
							"origin": [-7.08, 13.75, -1.29039],
							"size": [0.15, 0.1, 0.375],
							"pivot": [-6.95, 13.36296, -1.10289],
							"rotation": [47.5, 0, 0],
							"uv": {
								"north": {"uv": [21, 7], "uv_size": [0.5, 0.5]},
								"east": {"uv": [8, 21], "uv_size": [0.5, 0.5]},
								"south": {"uv": [21, 8], "uv_size": [0.5, 0.5]},
								"west": {"uv": [9, 21], "uv_size": [0.5, 0.5]},
								"up": {"uv": [21, 9], "uv_size": [0.5, 0.5]},
								"down": {"uv": [10, 21.5], "uv_size": [0.5, -0.5]}
							}
						},
						{
							"origin": [-7.1, 13.02546, -1.16539],
							"size": [0.2, 0.3, 0.25],
							"pivot": [-6.95, 13.36296, -1.10289],
							"rotation": [47.5, 0, 0],
							"uv": {
								"north": {"uv": [17, 20], "uv_size": [0.5, 0.5]},
								"east": {"uv": [20, 17], "uv_size": [0.5, 0.5]},
								"south": {"uv": [18, 20], "uv_size": [0.5, 0.5]},
								"west": {"uv": [20, 18], "uv_size": [0.5, 0.5]},
								"up": {"uv": [19, 20], "uv_size": [0.5, 0.5]},
								"down": {"uv": [20, 19.5], "uv_size": [0.5, -0.5]}
							}
						},
						{
							"origin": [-7.1, 13.08886, -0.89628],
							"size": [0.2, 0.3, 0.25],
							"pivot": [-7, 13.08886, -0.89628],
							"rotation": [75, 0, 0],
							"uv": {
								"north": {"uv": [20, 20], "uv_size": [0.5, 0.5]},
								"east": {"uv": [21, 0], "uv_size": [0.5, 0.5]},
								"south": {"uv": [21, 1], "uv_size": [0.5, 0.5]},
								"west": {"uv": [21, 2], "uv_size": [0.5, 0.5]},
								"up": {"uv": [21, 3], "uv_size": [0.5, 0.5]},
								"down": {"uv": [4, 21.5], "uv_size": [0.5, -0.5]}
							}
						},
						{
							"origin": [-7.05, 13.52546, -1.16539],
							"size": [0.1, 0.925, 0.05],
							"pivot": [-6.95, 13.73796, -0.97789],
							"rotation": [47.5, 0, 0],
							"uv": {
								"north": {"uv": [15, 13], "uv_size": [0.5, 1]},
								"east": {"uv": [14, 15], "uv_size": [0.5, 1]},
								"south": {"uv": [15, 14], "uv_size": [0.5, 1]},
								"west": {"uv": [15, 15], "uv_size": [0.5, 1]},
								"up": {"uv": [16, 20], "uv_size": [0.5, 0.5]},
								"down": {"uv": [20, 16.5], "uv_size": [0.5, -0.5]}
							}
						}
					]
				}
			]
		}
	]
}