{
	"format_version": "1.12.0",
	"minecraft:geometry": [
		{
			"description": {
				"identifier": "geometry.baker",
				"texture_width": 32,
				"texture_height": 32,
				"visible_bounds_width": 4,
				"visible_bounds_height": 2.5,
				"visible_bounds_offset": [0, 0.75, 0]
			},
			"bones": [
				{
					"name": "root",
					"pivot": [0, 0, 0]
				},
				{
					"name": "waist",
					"parent": "root",
					"pivot": [0, 12, 0]
				},
				{
					"name": "body",
					"parent": "waist",
					"pivot": [0, 24, 0]
				},
				{
					"name": "rightArm",
					"parent": "body",
					"pivot": [-5, 22, 0]
				},
				{
					"name": "rightItem",
					"parent": "rightArm",
					"pivot": [-6, 15, 1],
					"locators": {
						"model_root": [-6, 15, 1]
					}
				},
				{
					"name": "Baker",
					"parent": "rightItem",
					"pivot": [-5.25, 12.70853, -2.21607],
					"cubes": [
						{
							"origin": [-5.5, 13.125, -14],
							"size": [0.5, 0.375, 0.25],
							"uv": {
								"north": {"uv": [9, 15], "uv_size": [0.5, 0.5]},
								"east": {"uv": [17, 1], "uv_size": [0.25, 0.5]},
								"south": {"uv": [10, 15], "uv_size": [0.5, 0.5]},
								"west": {"uv": [2, 17], "uv_size": [0.25, 0.5]},
								"up": {"uv": [17, 2], "uv_size": [0.5, 0.25]},
								"down": {"uv": [3, 17.25], "uv_size": [0.5, -0.25]}
							}
						},
						{
							"origin": [-5.5, 13, -13.75],
							"size": [0.5, 0.5, 6.125],
							"uv": {
								"north": {"uv": [14, 15], "uv_size": [0.5, 0.5]},
								"east": {"uv": [0, 2], "uv_size": [6.25, 0.5]},
								"south": {"uv": [15, 14], "uv_size": [0.5, 0.5]},
								"west": {"uv": [0, 3], "uv_size": [6.25, 0.5]},
								"up": {"uv": [0, 4], "uv_size": [0.5, 6.25]},
								"down": {"uv": [1, 10.25], "uv_size": [0.5, -6.25]}
							}
						},
						{
							"origin": [-5.42249, 13.325, -15.25],
							"size": [0.35, 0.35, 10.75],
							"pivot": [-5.24749, 13.5, -9.875],
							"rotation": [0, 0, 45],
							"uv": {
								"north": {"uv": [19, 5], "uv_size": [0.25, 0.25]},
								"east": {"uv": [2, 4], "uv_size": [10.75, 0.25]},
								"south": {"uv": [6, 19], "uv_size": [0.25, 0.25]},
								"west": {"uv": [5, 0], "uv_size": [10.75, 0.25]},
								"up": {"uv": [2, 5], "uv_size": [0.25, 10.75]},
								"down": {"uv": [3, 15.75], "uv_size": [0.25, -10.75]}
							}
						},
						{
							"origin": [-5.33586, 12.9055, -15],
							"size": [0.189, 0.189, 7.68],
							"pivot": [-5.24136, 13, -12.0975],
							"rotation": [0, 0, 45],
							"uv": {
								"north": {"uv": [19, 6], "uv_size": [0.25, 0.25]},
								"east": {"uv": [7, 3], "uv_size": [7.75, 0.25]},
								"south": {"uv": [7, 19], "uv_size": [0.25, 0.25]},
								"west": {"uv": [6, 7], "uv_size": [7.75, 0.25]},
								"up": {"uv": [6, 8], "uv_size": [0.25, 7.75]},
								"down": {"uv": [7, 15.75], "uv_size": [0.25, -7.75]}
							}
						},
						{
							"origin": [-5.5, 12.875, -7.625],
							"size": [0.5, 0.625, 4.75],
							"uv": {
								"north": {"uv": [13, 1], "uv_size": [0.5, 0.75]},
								"east": {"uv": [0, 0], "uv_size": [4.75, 0.75]},
								"south": {"uv": [13, 4], "uv_size": [0.5, 0.75]},
								"west": {"uv": [0, 1], "uv_size": [4.75, 0.75]},
								"up": {"uv": [4, 7], "uv_size": [0.5, 4.75]},
								"down": {"uv": [5, 11.75], "uv_size": [0.5, -4.75]}
							}
						},
						{
							"origin": [-5.4375, 12.62645, -3.8844],
							"size": [0.375, 0.3125, 0.125],
							"pivot": [-5.25, 12.7827, -3.8219],
							"rotation": [-17.5, 0, 0],
							"uv": {
								"north": {"uv": [17, 8], "uv_size": [0.5, 0.25]},
								"east": {"uv": [19, 7], "uv_size": [0.25, 0.25]},
								"south": {"uv": [9, 17], "uv_size": [0.5, 0.25]},
								"west": {"uv": [8, 19], "uv_size": [0.25, 0.25]},
								"up": {"uv": [17, 9], "uv_size": [0.5, 0.25]},
								"down": {"uv": [10, 17.25], "uv_size": [0.5, -0.25]}
							}
						},
						{
							"origin": [-5.4375, 12.16694, -3.83452],
							"size": [0.375, 0.1875, 0.125],
							"pivot": [-5, 12.35444, -3.83452],
							"rotation": [75, 0, 0],
							"uv": {
								"north": {"uv": [17, 10], "uv_size": [0.5, 0.25]},
								"east": {"uv": [19, 8], "uv_size": [0.25, 0.25]},
								"south": {"uv": [11, 17], "uv_size": [0.5, 0.25]},
								"west": {"uv": [9, 19], "uv_size": [0.25, 0.25]},
								"up": {"uv": [17, 11], "uv_size": [0.5, 0.25]},
								"down": {"uv": [12, 17.25], "uv_size": [0.5, -0.25]}
							}
						},
						{
							"origin": [-5.4375, 11.99341, -3.65341],
							"size": [0.375, 0.3125, 0.125],
							"pivot": [-5, 12.30591, -3.65341],
							"rotation": [92.5, 0, 0],
							"uv": {
								"north": {"uv": [17, 14], "uv_size": [0.5, 0.25]},
								"east": {"uv": [19, 10], "uv_size": [0.25, 0.25]},
								"south": {"uv": [15, 17], "uv_size": [0.5, 0.25]},
								"west": {"uv": [11, 19], "uv_size": [0.25, 0.25]},
								"up": {"uv": [17, 15], "uv_size": [0.5, 0.25]},
								"down": {"uv": [16, 17.25], "uv_size": [0.5, -0.25]}
							}
						},
						{
							"origin": [-5.4375, 12.00704, -3.34121],
							"size": [0.375, 0.3125, 0.125],
							"pivot": [-5, 12.31954, -3.34121],
							"rotation": [102.5, 0, 0],
							"uv": {
								"north": {"uv": [17, 16], "uv_size": [0.5, 0.25]},
								"east": {"uv": [19, 11], "uv_size": [0.25, 0.25]},
								"south": {"uv": [17, 17], "uv_size": [0.5, 0.25]},
								"west": {"uv": [12, 19], "uv_size": [0.25, 0.25]},
								"up": {"uv": [0, 18], "uv_size": [0.5, 0.25]},
								"down": {"uv": [18, 0.25], "uv_size": [0.5, -0.25]}
							}
						},
						{
							"origin": [-5.4375, 12.07468, -3.03611],
							"size": [0.375, 0.3125, 0.125],
							"pivot": [-5, 12.38718, -3.03611],
							"rotation": [102.5, 0, 0],
							"uv": {
								"north": {"uv": [1, 18], "uv_size": [0.5, 0.25]},
								"east": {"uv": [19, 12], "uv_size": [0.25, 0.25]},
								"south": {"uv": [18, 1], "uv_size": [0.5, 0.25]},
								"west": {"uv": [13, 19], "uv_size": [0.25, 0.25]},
								"up": {"uv": [2, 18], "uv_size": [0.5, 0.25]},
								"down": {"uv": [18, 2.25], "uv_size": [0.5, -0.25]}
							}
						},
						{
							"origin": [-5.4375, 12.06629, -2.66704],
							"size": [0.375, 0.375, 0.125],
							"pivot": [-5, 12.44129, -2.66704],
							"rotation": [175, 0, 0],
							"uv": {
								"north": {"uv": [16, 0], "uv_size": [0.5, 0.5]},
								"east": {"uv": [9, 18], "uv_size": [0.25, 0.5]},
								"south": {"uv": [1, 16], "uv_size": [0.5, 0.5]},
								"west": {"uv": [18, 9], "uv_size": [0.25, 0.5]},
								"up": {"uv": [10, 18], "uv_size": [0.5, 0.25]},
								"down": {"uv": [18, 10.25], "uv_size": [0.5, -0.25]}
							}
						},
						{
							"origin": [-5.4375, 12.19129, -2.79204],
							"size": [0.375, 0.25, 0.125],
							"pivot": [-5, 12.44129, -2.79204],
							"rotation": [57.5, 0, 0],
							"uv": {
								"north": {"uv": [3, 18], "uv_size": [0.5, 0.25]},
								"east": {"uv": [19, 13], "uv_size": [0.25, 0.25]},
								"south": {"uv": [18, 3], "uv_size": [0.5, 0.25]},
								"west": {"uv": [14, 19], "uv_size": [0.25, 0.25]},
								"up": {"uv": [4, 18], "uv_size": [0.5, 0.25]},
								"down": {"uv": [18, 4.25], "uv_size": [0.5, -0.25]}
							}
						},
						{
							"origin": [-5.4375, 12.16238, -2.63903],
							"size": [0.375, 0.25, 0.125],
							"pivot": [-5, 12.41238, -2.51403],
							"rotation": [32.5, 0, 0],
							"uv": {
								"north": {"uv": [5, 18], "uv_size": [0.5, 0.25]},
								"east": {"uv": [19, 14], "uv_size": [0.25, 0.25]},
								"south": {"uv": [18, 5], "uv_size": [0.5, 0.25]},
								"west": {"uv": [15, 19], "uv_size": [0.25, 0.25]},
								"up": {"uv": [6, 18], "uv_size": [0.5, 0.25]},
								"down": {"uv": [18, 6.25], "uv_size": [0.5, -0.25]}
							}
						},
						{
							"origin": [-5.4375, 11.82654, -2.5047],
							"size": [0.375, 0.375, 0.125],
							"pivot": [-5, 12.20154, -2.3797],
							"rotation": [7.5, 0, 0],
							"uv": {
								"north": {"uv": [15, 15], "uv_size": [0.5, 0.5]},
								"east": {"uv": [7, 18], "uv_size": [0.25, 0.5]},
								"south": {"uv": [0, 16], "uv_size": [0.5, 0.5]},
								"west": {"uv": [18, 7], "uv_size": [0.25, 0.5]},
								"up": {"uv": [8, 18], "uv_size": [0.5, 0.25]},
								"down": {"uv": [18, 8.25], "uv_size": [0.5, -0.25]}
							}
						},
						{
							"origin": [-5.4375, 11.82654, -2.3703],
							"size": [0.375, 0.375, 0.125],
							"pivot": [-5, 12.20154, -2.3703],
							"rotation": [-7.5, 0, 0],
							"uv": {
								"north": {"uv": [16, 1], "uv_size": [0.5, 0.5]},
								"east": {"uv": [11, 18], "uv_size": [0.25, 0.5]},
								"south": {"uv": [2, 16], "uv_size": [0.5, 0.5]},
								"west": {"uv": [18, 11], "uv_size": [0.25, 0.5]},
								"up": {"uv": [12, 18], "uv_size": [0.5, 0.25]},
								"down": {"uv": [18, 12.25], "uv_size": [0.5, -0.25]}
							}
						},
						{
							"origin": [-5.4375, 12.20154, -2.3703],
							"size": [0.375, 0.375, 0.125],
							"pivot": [-5, 12.20154, -2.3703],
							"rotation": [-47.5, 0, 0],
							"uv": {
								"north": {"uv": [3, 16], "uv_size": [0.5, 0.5]},
								"east": {"uv": [13, 18], "uv_size": [0.25, 0.5]},
								"south": {"uv": [16, 4], "uv_size": [0.5, 0.5]},
								"west": {"uv": [18, 13], "uv_size": [0.25, 0.5]},
								"up": {"uv": [14, 18], "uv_size": [0.5, 0.25]},
								"down": {"uv": [18, 14.25], "uv_size": [0.5, -0.25]}
							}
						},
						{
							"origin": [-5.4375, 12.33997, -3.92849],
							"size": [0.375, 0.3125, 0.125],
							"pivot": [-5, 12.65247, -3.92849],
							"rotation": [17.5, 0, 0],
							"uv": {
								"north": {"uv": [17, 12], "uv_size": [0.5, 0.25]},
								"east": {"uv": [19, 9], "uv_size": [0.25, 0.25]},
								"south": {"uv": [13, 17], "uv_size": [0.5, 0.25]},
								"west": {"uv": [10, 19], "uv_size": [0.25, 0.25]},
								"up": {"uv": [17, 13], "uv_size": [0.5, 0.25]},
								"down": {"uv": [14, 17.25], "uv_size": [0.5, -0.25]}
							}
						},
						{
							"origin": [-5.5, 13.125, -3.375],
							"size": [0.5, 0.625, 1.75],
							"pivot": [-5, 13.75, -3.375],
							"rotation": [-25, 0, 0],
							"uv": {
								"north": {"uv": [8, 14], "uv_size": [0.5, 0.75]},
								"east": {"uv": [10, 6], "uv_size": [1.75, 0.75]},
								"south": {"uv": [14, 8], "uv_size": [0.5, 0.75]},
								"west": {"uv": [11, 1], "uv_size": [1.75, 0.75]},
								"up": {"uv": [8, 12], "uv_size": [0.5, 1.75]},
								"down": {"uv": [12, 9.75], "uv_size": [0.5, -1.75]}
							}
						},
						{
							"origin": [-5.5, 12.4968, -2.16639],
							"size": [0.5, 0.625, 0.375],
							"pivot": [-5, 12.4968, -2.16639],
							"rotation": [-40, 0, 0],
							"uv": {
								"north": {"uv": [10, 14], "uv_size": [0.5, 0.75]},
								"east": {"uv": [14, 10], "uv_size": [0.5, 0.75]},
								"south": {"uv": [14, 11], "uv_size": [0.5, 0.75]},
								"west": {"uv": [14, 12], "uv_size": [0.5, 0.75]},
								"up": {"uv": [15, 10], "uv_size": [0.5, 0.5]},
								"down": {"uv": [11, 15.5], "uv_size": [0.5, -0.5]}
							}
						},
						{
							"origin": [-5.5, 12.25576, -1.87912],
							"size": [0.5, 0.625, 3.375],
							"pivot": [-5, 12.25576, -1.87912],
							"rotation": [-22.5, 0, 0],
							"uv": {
								"north": {"uv": [14, 13], "uv_size": [0.5, 0.75]},
								"east": {"uv": [5, 1], "uv_size": [3.5, 0.75]},
								"south": {"uv": [14, 14], "uv_size": [0.5, 0.75]},
								"west": {"uv": [4, 5], "uv_size": [3.5, 0.75]},
								"up": {"uv": [8, 8], "uv_size": [0.5, 3.5]},
								"down": {"uv": [9, 11.5], "uv_size": [0.5, -3.5]}
							}
						},
						{
							"origin": [-5, 11.99619, -0.55711],
							"size": [0.05, 0.625, 2],
							"pivot": [-4.975, 12.30869, 0.44289],
							"rotation": [-7.5, 0, 0],
							"uv": {
								"north": {"uv": [16, 7], "uv_size": [0.25, 0.75]},
								"east": {"uv": [8, 5], "uv_size": [2, 0.75]},
								"south": {"uv": [16, 8], "uv_size": [0.25, 0.75]},
								"west": {"uv": [8, 6], "uv_size": [2, 0.75]},
								"up": {"uv": [1, 14], "uv_size": [0.25, 2]},
								"down": {"uv": [14, 3], "uv_size": [0.25, -2]}
							}
						},
						{
							"origin": [-5.55, 11.99619, -0.55711],
							"size": [0.05, 0.625, 2],
							"pivot": [-5.475, 12.30869, 0.44289],
							"rotation": [-7.5, 0, 0],
							"uv": {
								"north": {"uv": [9, 16], "uv_size": [0.25, 0.75]},
								"east": {"uv": [9, 1], "uv_size": [2, 0.75]},
								"south": {"uv": [16, 9], "uv_size": [0.25, 0.75]},
								"west": {"uv": [10, 5], "uv_size": [2, 0.75]},
								"up": {"uv": [14, 4], "uv_size": [0.25, 2]},
								"down": {"uv": [14, 8], "uv_size": [0.25, -2]}
							}
						},
						{
							"origin": [-5.55, 11.99619, 1.44289],
							"size": [0.6, 0.625, 0.1],
							"pivot": [-5.425, 12.30869, 0.44289],
							"rotation": [-7.5, 0, 0],
							"uv": {
								"north": {"uv": [0, 15], "uv_size": [0.5, 0.75]},
								"east": {"uv": [10, 16], "uv_size": [0.25, 0.75]},
								"south": {"uv": [15, 1], "uv_size": [0.5, 0.75]},
								"west": {"uv": [16, 10], "uv_size": [0.25, 0.75]},
								"up": {"uv": [17, 7], "uv_size": [0.5, 0.25]},
								"down": {"uv": [8, 17.25], "uv_size": [0.5, -0.25]}
							}
						},
						{
							"origin": [-5.5, 12.88076, -1.00412],
							"size": [0.5, 0.375, 2.25],
							"pivot": [-5, 12.25576, -1.87912],
							"rotation": [-22.5, 0, 0],
							"uv": {
								"north": {"uv": [13, 15], "uv_size": [0.5, 0.5]},
								"east": {"uv": [11, 2], "uv_size": [2.25, 0.5]},
								"south": {"uv": [15, 13], "uv_size": [0.5, 0.5]},
								"west": {"uv": [11, 11], "uv_size": [2.25, 0.5]},
								"up": {"uv": [4, 12], "uv_size": [0.5, 2.25]},
								"down": {"uv": [5, 14.25], "uv_size": [0.5, -2.25]}
							}
						},
						{
							"origin": [-5.5, 13.25576, -0.00412],
							"size": [0.5, 0.375, 1.125],
							"pivot": [-5, 12.25576, -1.87912],
							"rotation": [-22.5, 0, 0],
							"uv": {
								"north": {"uv": [15, 11], "uv_size": [0.5, 0.5]},
								"east": {"uv": [12, 10], "uv_size": [1.25, 0.5]},
								"south": {"uv": [15, 12], "uv_size": [0.5, 0.5]},
								"west": {"uv": [11, 12], "uv_size": [1.25, 0.5]},
								"up": {"uv": [13, 8], "uv_size": [0.5, 1.25]},
								"down": {"uv": [11, 14.25], "uv_size": [0.5, -1.25]}
							}
						},
						{
							"origin": [-5.5, 12.81325, -1.96475],
							"size": [0.5, 0.25, 0.1875],
							"pivot": [-5, 13.06325, -1.90225],
							"rotation": [30, 0, 0],
							"uv": {
								"north": {"uv": [17, 4], "uv_size": [0.5, 0.25]},
								"east": {"uv": [19, 4], "uv_size": [0.25, 0.25]},
								"south": {"uv": [5, 17], "uv_size": [0.5, 0.25]},
								"west": {"uv": [5, 19], "uv_size": [0.25, 0.25]},
								"up": {"uv": [17, 5], "uv_size": [0.5, 0.25]},
								"down": {"uv": [6, 17.25], "uv_size": [0.5, -0.25]}
							}
						},
						{
							"origin": [-5.5, 12.47575, -1.794],
							"size": [0.5, 0.65, 3.125],
							"pivot": [-5, 13.12575, -1.794],
							"rotation": [0, 0, 0],
							"uv": {
								"north": {"uv": [9, 14], "uv_size": [0.5, 0.75]},
								"east": {"uv": [4, 6], "uv_size": [3.25, 0.75]},
								"south": {"uv": [14, 9], "uv_size": [0.5, 0.75]},
								"west": {"uv": [7, 2], "uv_size": [3.25, 0.75]},
								"up": {"uv": [10, 8], "uv_size": [0.5, 3.25]},
								"down": {"uv": [0, 14.25], "uv_size": [0.5, -3.25]}
							}
						},
						{
							"origin": [-5.5, 10.9642, 1.23897],
							"size": [0.5, 2.175, 0.25],
							"pivot": [-5, 11.5892, 1.23897],
							"rotation": [0, 0, 0],
							"uv": {
								"north": {"uv": [1, 11], "uv_size": [0.5, 2.25]},
								"east": {"uv": [12, 13], "uv_size": [0.25, 2.25]},
								"south": {"uv": [11, 8], "uv_size": [0.5, 2.25]},
								"west": {"uv": [13, 12], "uv_size": [0.25, 2.25]},
								"up": {"uv": [17, 6], "uv_size": [0.5, 0.25]},
								"down": {"uv": [7, 17.25], "uv_size": [0.5, -0.25]}
							}
						},
						{
							"origin": [-5.5, 13.5, -4.625],
							"size": [0.5, 0.25, 1.25],
							"uv": {
								"north": {"uv": [17, 3], "uv_size": [0.5, 0.25]},
								"east": {"uv": [15, 2], "uv_size": [1.25, 0.25]},
								"south": {"uv": [4, 17], "uv_size": [0.5, 0.25]},
								"west": {"uv": [15, 3], "uv_size": [1.25, 0.25]},
								"up": {"uv": [9, 12], "uv_size": [0.5, 1.25]},
								"down": {"uv": [10, 13.25], "uv_size": [0.5, -1.25]}
							}
						},
						{
							"origin": [-5.5625, 12.9375, -4.5625],
							"size": [0.0625, 0.75, 1.25],
							"uv": {
								"north": {"uv": [11, 16], "uv_size": [0.25, 0.75]},
								"east": {"uv": [12, 5], "uv_size": [1.25, 0.75]},
								"south": {"uv": [16, 11], "uv_size": [0.25, 0.75]},
								"west": {"uv": [12, 6], "uv_size": [1.25, 0.75]},
								"up": {"uv": [4, 15], "uv_size": [0.25, 1.25]},
								"down": {"uv": [15, 5.25], "uv_size": [0.25, -1.25]}
							}
						},
						{
							"origin": [-5.625, 13.63248, -4.09481],
							"size": [0.0625, 0.75, 0.0625],
							"pivot": [-5.59375, 14.00748, -4.09481],
							"rotation": [-20, 0, 0],
							"uv": {
								"north": {"uv": [16, 16], "uv_size": [0.25, 0.75]},
								"east": {"uv": [0, 17], "uv_size": [0.25, 0.75]},
								"south": {"uv": [17, 0], "uv_size": [0.25, 0.75]},
								"west": {"uv": [1, 17], "uv_size": [0.25, 0.75]},
								"up": {"uv": [13, 20], "uv_size": [0.25, 0.25]},
								"down": {"uv": [20, 13.25], "uv_size": [0.25, -0.25]}
							}
						},
						{
							"origin": [-5.625, 13.32122, -4.22684],
							"size": [0.0625, 0.3125, 0.0625],
							"pivot": [-5.625, 13.63372, -4.16434],
							"rotation": [-50, 0, 0],
							"uv": {
								"north": {"uv": [14, 20], "uv_size": [0.25, 0.25]},
								"east": {"uv": [20, 14], "uv_size": [0.25, 0.25]},
								"south": {"uv": [15, 20], "uv_size": [0.25, 0.25]},
								"west": {"uv": [20, 15], "uv_size": [0.25, 0.25]},
								"up": {"uv": [16, 20], "uv_size": [0.25, 0.25]},
								"down": {"uv": [20, 16.25], "uv_size": [0.25, -0.25]}
							}
						},
						{
							"origin": [-5.5625, 13.4375, -3.3125],
							"size": [0.0625, 0.25, 0.875],
							"pivot": [-5.5625, 13.6875, -3.3125],
							"rotation": [-35, 0, 0],
							"uv": {
								"north": {"uv": [19, 17], "uv_size": [0.25, 0.25]},
								"east": {"uv": [16, 5], "uv_size": [1, 0.25]},
								"south": {"uv": [18, 19], "uv_size": [0.25, 0.25]},
								"west": {"uv": [6, 16], "uv_size": [1, 0.25]},
								"up": {"uv": [16, 6], "uv_size": [0.25, 1]},
								"down": {"uv": [7, 17], "uv_size": [0.25, -1]}
							}
						},
						{
							"origin": [-5.5635, 12.9375, -3.3125],
							"size": [0.0625, 0.25, 0.5625],
							"pivot": [-5.5625, 12.9375, -3.3125],
							"rotation": [5, 0, 0],
							"uv": {
								"north": {"uv": [19, 18], "uv_size": [0.25, 0.25]},
								"east": {"uv": [15, 18], "uv_size": [0.5, 0.25]},
								"south": {"uv": [19, 19], "uv_size": [0.25, 0.25]},
								"west": {"uv": [18, 15], "uv_size": [0.5, 0.25]},
								"up": {"uv": [16, 18], "uv_size": [0.25, 0.5]},
								"down": {"uv": [18, 16.5], "uv_size": [0.25, -0.5]}
							}
						},
						{
							"origin": [-5.5605, 13.14904, -3.32446],
							"size": [0.0625, 0.25, 0.25],
							"uv": {
								"north": {"uv": [0, 20], "uv_size": [0.25, 0.25]},
								"east": {"uv": [20, 0], "uv_size": [0.25, 0.25]},
								"south": {"uv": [1, 20], "uv_size": [0.25, 0.25]},
								"west": {"uv": [20, 1], "uv_size": [0.25, 0.25]},
								"up": {"uv": [2, 20], "uv_size": [0.25, 0.25]},
								"down": {"uv": [20, 2.25], "uv_size": [0.25, -0.25]}
							}
						},
						{
							"origin": [-5.5625, 12.9375, -5.1875],
							"size": [0.0625, 0.25, 0.625],
							"uv": {
								"north": {"uv": [19, 15], "uv_size": [0.25, 0.25]},
								"east": {"uv": [12, 16], "uv_size": [0.75, 0.25]},
								"south": {"uv": [16, 19], "uv_size": [0.25, 0.25]},
								"west": {"uv": [16, 12], "uv_size": [0.75, 0.25]},
								"up": {"uv": [13, 16], "uv_size": [0.25, 0.75]},
								"down": {"uv": [16, 13.75], "uv_size": [0.25, -0.75]}
							}
						},
						{
							"origin": [-5.5605, 13.0625, -5.1875],
							"size": [0.0625, 0.125, 0.6875],
							"pivot": [-5.5625, 13.1875, -5.1875],
							"rotation": [10, 0, 0],
							"uv": {
								"north": {"uv": [19, 16], "uv_size": [0.25, 0.25]},
								"east": {"uv": [14, 16], "uv_size": [0.75, 0.25]},
								"south": {"uv": [17, 19], "uv_size": [0.25, 0.25]},
								"west": {"uv": [16, 14], "uv_size": [0.75, 0.25]},
								"up": {"uv": [15, 16], "uv_size": [0.25, 0.75]},
								"down": {"uv": [16, 15.75], "uv_size": [0.25, -0.75]}
							}
						}
					]
				},
				{
					"name": "Hammer",
					"parent": "Baker",
					"pivot": [-5.61542, 13.5252, -3.74095],
					"rotation": [-17.5, 0, 0],
					"cubes": [
						{
							"origin": [-5.65875, 13.32448, -3.92707],
							"size": [0.085, 0.4075, 0.34],
							"uv": {
								"north": {"uv": [17, 18], "uv_size": [0.25, 0.5]},
								"east": {"uv": [18, 17], "uv_size": [0.25, 0.5]},
								"south": {"uv": [18, 18], "uv_size": [0.25, 0.5]},
								"west": {"uv": [0, 19], "uv_size": [0.25, 0.5]},
								"up": {"uv": [3, 20], "uv_size": [0.25, 0.25]},
								"down": {"uv": [20, 3.25], "uv_size": [0.25, -0.25]}
							}
						},
						{
							"origin": [-5.65875, 13.49448, -3.58707],
							"size": [0.085, 1.19, 0.085],
							"uv": {
								"north": {"uv": [5, 15], "uv_size": [0.25, 1.25]},
								"east": {"uv": [15, 6], "uv_size": [0.25, 1.25]},
								"south": {"uv": [8, 15], "uv_size": [0.25, 1.25]},
								"west": {"uv": [15, 8], "uv_size": [0.25, 1.25]},
								"up": {"uv": [4, 20], "uv_size": [0.25, 0.25]},
								"down": {"uv": [20, 4.25], "uv_size": [0.25, -0.25]}
							}
						},
						{
							"origin": [-5.65875, 14.30698, -3.89957],
							"size": [0.085, 0.065, 0.335],
							"uv": {
								"north": {"uv": [6, 20], "uv_size": [0.25, 0.25]},
								"east": {"uv": [20, 6], "uv_size": [0.25, 0.25]},
								"south": {"uv": [7, 20], "uv_size": [0.25, 0.25]},
								"west": {"uv": [20, 7], "uv_size": [0.25, 0.25]},
								"up": {"uv": [8, 20], "uv_size": [0.25, 0.25]},
								"down": {"uv": [20, 8.25], "uv_size": [0.25, -0.25]}
							}
						},
						{
							"origin": [-5.65875, 13.99448, -3.89957],
							"size": [0.085, 0.065, 0.335],
							"uv": {
								"north": {"uv": [9, 20], "uv_size": [0.25, 0.25]},
								"east": {"uv": [20, 9], "uv_size": [0.25, 0.25]},
								"south": {"uv": [10, 20], "uv_size": [0.25, 0.25]},
								"west": {"uv": [20, 10], "uv_size": [0.25, 0.25]},
								"up": {"uv": [11, 20], "uv_size": [0.25, 0.25]},
								"down": {"uv": [20, 11.25], "uv_size": [0.25, -0.25]}
							}
						},
						{
							"origin": [-5.6875, 14.24448, -3.98457],
							"size": [0.1475, 0.065, 0.46],
							"uv": {
								"north": {"uv": [5, 20], "uv_size": [0.25, 0.25]},
								"east": {"uv": [19, 0], "uv_size": [0.5, 0.25]},
								"south": {"uv": [20, 5], "uv_size": [0.25, 0.25]},
								"west": {"uv": [1, 19], "uv_size": [0.5, 0.25]},
								"up": {"uv": [19, 1], "uv_size": [0.25, 0.5]},
								"down": {"uv": [2, 19.5], "uv_size": [0.25, -0.5]}
							}
						},
						{
							"origin": [-5.6875, 14.05698, -3.98457],
							"size": [0.1475, 0.065, 0.46],
							"uv": {
								"north": {"uv": [12, 20], "uv_size": [0.25, 0.25]},
								"east": {"uv": [19, 2], "uv_size": [0.5, 0.25]},
								"south": {"uv": [20, 12], "uv_size": [0.25, 0.25]},
								"west": {"uv": [3, 19], "uv_size": [0.5, 0.25]},
								"up": {"uv": [19, 3], "uv_size": [0.25, 0.5]},
								"down": {"uv": [4, 19.5], "uv_size": [0.25, -0.5]}
							}
						}
					]
				}
			]
		}
	]
}