{
	"format_version": "1.12.0",
	"minecraft:geometry": [
		{
			"description": {
				"identifier": "geometry.brown_bess",
				"texture_width": 32,
				"texture_height": 32,
				"visible_bounds_width": 4,
				"visible_bounds_height": 2.5,
				"visible_bounds_offset": [0, 0.75, 0]
			},
			"bones": [
				{
					"name": "root",
					"pivot": [0, 0, 0]
				},
				{
					"name": "waist",
					"parent": "root",
					"pivot": [0, 12, 0]
				},
				{
					"name": "body",
					"parent": "waist",
					"pivot": [0, 24, 0]
				},
				{
					"name": "rightArm",
					"parent": "body",
					"pivot": [-5, 22, 0]
				},
				{
					"name": "rightItem",
					"parent": "rightArm",
					"pivot": [-6, 15, 1],
					"locators": {
						"model_root": [-6, 15, 1]
					}
				},
				{
					"name": "Bess",
					"parent": "rightItem",
					"pivot": [-0.68709, 12.61358, -1.29269],
					"cubes": [
						{
							"origin": [-0.875, 13, -17.375],
							"size": [0.5, 0.5, 15.75],
							"uv": {
								"north": {"uv": [15, 12], "uv_size": [0.5, 0.5]},
								"east": {"uv": [0, 0], "uv_size": [15.75, 0.5]},
								"south": {"uv": [13, 15], "uv_size": [0.5, 0.5]},
								"west": {"uv": [0, 1], "uv_size": [15.75, 0.5]},
								"up": {"uv": [0, 2], "uv_size": [0.5, 15.75]},
								"down": {"uv": [1, 17.75], "uv_size": [0.5, -15.75]}
							}
						},
						{
							"origin": [-0.875, 13.125, -17.75],
							"size": [0.5, 0.375, 0.375],
							"uv": {
								"north": {"uv": [16, 14], "uv_size": [0.5, 0.375]},
								"east": {"uv": [17, 7], "uv_size": [0.375, 0.375]},
								"south": {"uv": [15, 16], "uv_size": [0.5, 0.375]},
								"west": {"uv": [8, 17], "uv_size": [0.375, 0.375]},
								"up": {"uv": [16, 15], "uv_size": [0.5, 0.375]},
								"down": {"uv": [16, 16.375], "uv_size": [0.5, -0.375]}
							}
						},
						{
							"origin": [-0.875, 13.25, -1.875],
							"size": [0.5, 0.5, 0.625],
							"pivot": [1, 13.75, -2.125],
							"rotation": [-22.5, 0, 0],
							"uv": {
								"north": {"uv": [15, 13], "uv_size": [0.5, 0.5]},
								"east": {"uv": [8, 15], "uv_size": [0.625, 0.5]},
								"south": {"uv": [14, 15], "uv_size": [0.5, 0.5]},
								"west": {"uv": [9, 15], "uv_size": [0.625, 0.5]},
								"up": {"uv": [10, 15], "uv_size": [0.5, 0.625]},
								"down": {"uv": [15, 10.625], "uv_size": [0.5, -0.625]}
							}
						},
						{
							"origin": [-1.05, 13.70712, -2.49307],
							"size": [0.1, 0.625, 0.125],
							"pivot": [-0.925, 14.01962, -2.43057],
							"rotation": [-27.5, 0, 0],
							"uv": {
								"north": {"uv": [18, 11], "uv_size": [0.125, 0.625]},
								"east": {"uv": [12, 18], "uv_size": [0.125, 0.625]},
								"south": {"uv": [18, 12], "uv_size": [0.125, 0.625]},
								"west": {"uv": [13, 18], "uv_size": [0.125, 0.625]},
								"up": {"uv": [20, 20], "uv_size": [0.125, 0.125]},
								"down": {"uv": [0, 21.125], "uv_size": [0.125, -0.125]}
							}
						},
						{
							"origin": [-1.05, 13.14386, -2.64399],
							"size": [0.1, 0.625, 0.125],
							"pivot": [-0.925, 13.45636, -2.58149],
							"rotation": [-2.5, 0, 0],
							"uv": {
								"north": {"uv": [18, 16], "uv_size": [0.125, 0.625]},
								"east": {"uv": [17, 18], "uv_size": [0.125, 0.625]},
								"south": {"uv": [18, 17], "uv_size": [0.125, 0.625]},
								"west": {"uv": [18, 18], "uv_size": [0.125, 0.625]},
								"up": {"uv": [21, 6], "uv_size": [0.125, 0.125]},
								"down": {"uv": [7, 21.125], "uv_size": [0.125, -0.125]}
							}
						},
						{
							"origin": [-0.975, 13.03684, -3.22903],
							"size": [0.1, 0.125, 0.155],
							"pivot": [-0.975, 13.16184, -3.35403],
							"rotation": [60, 0, 0],
							"uv": {
								"north": {"uv": [21, 0], "uv_size": [0.125, 0.125]},
								"east": {"uv": [1, 21], "uv_size": [0.125, 0.125]},
								"south": {"uv": [21, 1], "uv_size": [0.125, 0.125]},
								"west": {"uv": [2, 21], "uv_size": [0.125, 0.125]},
								"up": {"uv": [21, 2], "uv_size": [0.125, 0.125]},
								"down": {"uv": [3, 21.125], "uv_size": [0.125, -0.125]}
							}
						},
						{
							"origin": [-0.975, 12.87933, -1.89403],
							"size": [0.1, 0.525, 0.405],
							"pivot": [-0.975, 13.40433, -1.89403],
							"rotation": [-22.5, 0, 0],
							"uv": {
								"north": {"uv": [19, 10], "uv_size": [0.125, 0.5]},
								"east": {"uv": [17, 0], "uv_size": [0.375, 0.5]},
								"south": {"uv": [11, 19], "uv_size": [0.125, 0.5]},
								"west": {"uv": [17, 1], "uv_size": [0.375, 0.5]},
								"up": {"uv": [19, 18], "uv_size": [0.125, 0.375]},
								"down": {"uv": [19, 19.375], "uv_size": [0.125, -0.375]}
							}
						},
						{
							"origin": [-0.975, 13.09934, -1.51986],
							"size": [0.1, 0.15, 0.53],
							"pivot": [-0.975, 13.24934, -1.51986],
							"rotation": [-52.5, 0, 0],
							"uv": {
								"north": {"uv": [21, 3], "uv_size": [0.125, 0.125]},
								"east": {"uv": [19, 11], "uv_size": [0.5, 0.125]},
								"south": {"uv": [4, 21], "uv_size": [0.125, 0.125]},
								"west": {"uv": [12, 19], "uv_size": [0.5, 0.125]},
								"up": {"uv": [19, 12], "uv_size": [0.125, 0.5]},
								"down": {"uv": [13, 19.5], "uv_size": [0.125, -0.5]}
							}
						},
						{
							"origin": [-0.975, 12.58755, -1.31622],
							"size": [0.1, 0.15, 0.655],
							"pivot": [-0.975, 12.73755, -1.31622],
							"rotation": [177.5, 0, 0],
							"uv": {
								"north": {"uv": [21, 4], "uv_size": [0.125, 0.125]},
								"east": {"uv": [18, 13], "uv_size": [0.625, 0.125]},
								"south": {"uv": [5, 21], "uv_size": [0.125, 0.125]},
								"west": {"uv": [14, 18], "uv_size": [0.625, 0.125]},
								"up": {"uv": [18, 14], "uv_size": [0.125, 0.625]},
								"down": {"uv": [15, 18.625], "uv_size": [0.125, -0.625]}
							}
						},
						{
							"origin": [-0.975, 12.61612, -1.97059],
							"size": [0.1, 0.15, 0.78],
							"pivot": [-0.975, 12.76612, -1.97059],
							"rotation": [170, 0, 0],
							"uv": {
								"north": {"uv": [21, 5], "uv_size": [0.125, 0.125]},
								"east": {"uv": [18, 7], "uv_size": [0.75, 0.125]},
								"south": {"uv": [6, 21], "uv_size": [0.125, 0.125]},
								"west": {"uv": [8, 18], "uv_size": [0.75, 0.125]},
								"up": {"uv": [18, 8], "uv_size": [0.125, 0.75]},
								"down": {"uv": [9, 18.75], "uv_size": [0.125, -0.75]}
							}
						},
						{
							"origin": [-0.975, 12.77933, -1.76903],
							"size": [0.1, 0.37, 0.32],
							"uv": {
								"north": {"uv": [19, 16], "uv_size": [0.125, 0.375]},
								"east": {"uv": [17, 9], "uv_size": [0.375, 0.375]},
								"south": {"uv": [17, 19], "uv_size": [0.125, 0.375]},
								"west": {"uv": [10, 17], "uv_size": [0.375, 0.375]},
								"up": {"uv": [19, 17], "uv_size": [0.125, 0.375]},
								"down": {"uv": [18, 19.375], "uv_size": [0.125, -0.375]}
							}
						},
						{
							"origin": [-0.975, 12.90933, -3.78403],
							"size": [0.1, 0.37, 0.57],
							"uv": {
								"north": {"uv": [0, 20], "uv_size": [0.125, 0.375]},
								"east": {"uv": [16, 5], "uv_size": [0.625, 0.375]},
								"south": {"uv": [20, 0], "uv_size": [0.125, 0.375]},
								"west": {"uv": [8, 16], "uv_size": [0.625, 0.375]},
								"up": {"uv": [18, 15], "uv_size": [0.125, 0.625]},
								"down": {"uv": [16, 18.625], "uv_size": [0.125, -0.625]}
							}
						},
						{
							"origin": [-0.975, 12.90933, -3.21403],
							"size": [0.1, 0.495, 1.32],
							"uv": {
								"north": {"uv": [19, 13], "uv_size": [0.125, 0.5]},
								"east": {"uv": [13, 6], "uv_size": [1.375, 0.5]},
								"south": {"uv": [14, 19], "uv_size": [0.125, 0.5]},
								"west": {"uv": [13, 10], "uv_size": [1.375, 0.5]},
								"up": {"uv": [4, 17], "uv_size": [0.125, 1.375]},
								"down": {"uv": [5, 18.375], "uv_size": [0.125, -1.375]}
							}
						},
						{
							"origin": [-0.875, 13.15433, -2.14403],
							"size": [0.5, 0.5, 0.25],
							"uv": {
								"north": {"uv": [4, 16], "uv_size": [0.5, 0.5]},
								"east": {"uv": [1, 18], "uv_size": [0.25, 0.5]},
								"south": {"uv": [5, 16], "uv_size": [0.5, 0.5]},
								"west": {"uv": [18, 1], "uv_size": [0.25, 0.5]},
								"up": {"uv": [18, 5], "uv_size": [0.5, 0.25]},
								"down": {"uv": [18, 6.25], "uv_size": [0.5, -0.25]}
							}
						},
						{
							"origin": [-0.875, 12.66515, -1.31661],
							"size": [0.5, 0.75, 1],
							"pivot": [1, 13.41515, -1.31661],
							"rotation": [-30, 0, 0],
							"uv": {
								"north": {"uv": [14, 12], "uv_size": [0.5, 0.75]},
								"east": {"uv": [10, 12], "uv_size": [1, 0.75]},
								"south": {"uv": [14, 13], "uv_size": [0.5, 0.75]},
								"west": {"uv": [12, 10], "uv_size": [1, 0.75]},
								"up": {"uv": [11, 14], "uv_size": [0.5, 1]},
								"down": {"uv": [14, 12], "uv_size": [0.5, -1]}
							}
						},
						{
							"origin": [-0.875, 12.41515, -0.19161],
							"size": [0.5, 0.375, 0.375],
							"pivot": [1, 12.79015, -0.19161],
							"rotation": [40, 0, 0],
							"uv": {
								"north": {"uv": [10, 16], "uv_size": [0.5, 0.375]},
								"east": {"uv": [17, 5], "uv_size": [0.375, 0.375]},
								"south": {"uv": [16, 10], "uv_size": [0.5, 0.375]},
								"west": {"uv": [17, 6], "uv_size": [0.375, 0.375]},
								"up": {"uv": [11, 16], "uv_size": [0.5, 0.375]},
								"down": {"uv": [12, 16.375], "uv_size": [0.5, -0.375]}
							}
						},
						{
							"origin": [-0.875, 11.9062, 0.09566],
							"size": [0.5, 1.125, 2.5],
							"uv": {
								"north": {"uv": [12, 13], "uv_size": [0.5, 1.125]},
								"east": {"uv": [6, 4], "uv_size": [2.5, 1.125]},
								"south": {"uv": [13, 13], "uv_size": [0.5, 1.125]},
								"west": {"uv": [6, 6], "uv_size": [2.5, 1.125]},
								"up": {"uv": [4, 10], "uv_size": [0.5, 2.5]},
								"down": {"uv": [5, 12.5], "uv_size": [0.5, -2.5]}
							}
						},
						{
							"origin": [-0.875, 11.6562, 1.72066],
							"size": [0.5, 0.25, 0.5],
							"uv": {
								"north": {"uv": [17, 15], "uv_size": [0.5, 0.25]},
								"east": {"uv": [16, 17], "uv_size": [0.5, 0.25]},
								"south": {"uv": [17, 16], "uv_size": [0.5, 0.25]},
								"west": {"uv": [17, 17], "uv_size": [0.5, 0.25]},
								"up": {"uv": [16, 0], "uv_size": [0.5, 0.5]},
								"down": {"uv": [16, 1.5], "uv_size": [0.5, -0.5]}
							}
						},
						{
							"origin": [-0.875, 11.5312, 2.59566],
							"size": [0.5, 1.5, 0.375],
							"pivot": [1, 13.0312, 2.59566],
							"rotation": [-17.5, 0, 0],
							"uv": {
								"north": {"uv": [11, 12], "uv_size": [0.5, 1.5]},
								"east": {"uv": [4, 14], "uv_size": [0.375, 1.5]},
								"south": {"uv": [12, 11], "uv_size": [0.5, 1.5]},
								"west": {"uv": [5, 14], "uv_size": [0.375, 1.5]},
								"up": {"uv": [16, 12], "uv_size": [0.5, 0.375]},
								"down": {"uv": [13, 16.375], "uv_size": [0.5, -0.375]}
							}
						},
						{
							"origin": [-0.875, 12.41843, 2.95331],
							"size": [0.5, 0.5, 0.25],
							"pivot": [1, 12.91843, 2.95331],
							"rotation": [-65, 0, 0],
							"uv": {
								"north": {"uv": [15, 14], "uv_size": [0.5, 0.5]},
								"east": {"uv": [17, 13], "uv_size": [0.25, 0.5]},
								"south": {"uv": [15, 15], "uv_size": [0.5, 0.5]},
								"west": {"uv": [14, 17], "uv_size": [0.25, 0.5]},
								"up": {"uv": [17, 14], "uv_size": [0.5, 0.25]},
								"down": {"uv": [15, 17.25], "uv_size": [0.5, -0.25]}
							}
						},
						{
							"origin": [-0.875, 12.31686, 3.05896],
							"size": [0.5, 0.375, 2],
							"pivot": [1, 12.69186, 3.05896],
							"rotation": [-100, 0, 0],
							"uv": {
								"north": {"uv": [16, 13], "uv_size": [0.5, 0.375]},
								"east": {"uv": [4, 13], "uv_size": [2, 0.375]},
								"south": {"uv": [14, 16], "uv_size": [0.5, 0.375]},
								"west": {"uv": [13, 5], "uv_size": [2, 0.375]},
								"up": {"uv": [10, 10], "uv_size": [0.5, 2]},
								"down": {"uv": [11, 12], "uv_size": [0.5, -2]}
							}
						},
						{
							"origin": [-0.875, 12.16515, -0.57558],
							"size": [0.5, 0.75, 3.625],
							"pivot": [1, 12.91515, -0.45058],
							"rotation": [-25, 0, 0],
							"uv": {
								"north": {"uv": [14, 14], "uv_size": [0.5, 0.75]},
								"east": {"uv": [9, 5], "uv_size": [3.625, 0.75]},
								"south": {"uv": [15, 5], "uv_size": [0.5, 0.75]},
								"west": {"uv": [9, 6], "uv_size": [3.625, 0.75]},
								"up": {"uv": [8, 9], "uv_size": [0.5, 3.625]},
								"down": {"uv": [9, 12.625], "uv_size": [0.5, -3.625]}
							}
						},
						{
							"origin": [-0.875, 12.26563, -1.95058],
							"size": [0.5, 0.25, 1.125],
							"pivot": [1, 12.26563, -0.82558],
							"rotation": [-20, 0, 0],
							"uv": {
								"north": {"uv": [17, 11], "uv_size": [0.5, 0.25]},
								"east": {"uv": [11, 15], "uv_size": [1.125, 0.25]},
								"south": {"uv": [12, 17], "uv_size": [0.5, 0.25]},
								"west": {"uv": [15, 11], "uv_size": [1.125, 0.25]},
								"up": {"uv": [10, 13], "uv_size": [0.5, 1.125]},
								"down": {"uv": [13, 12.125], "uv_size": [0.5, -1.125]}
							}
						},
						{
							"origin": [-0.75, 12.48265, -1.89027],
							"size": [0.25, 0.125, 0.5],
							"pivot": [1, 12.48265, -1.39027],
							"rotation": [50, 0, 0],
							"uv": {
								"north": {"uv": [5, 20], "uv_size": [0.25, 0.125]},
								"east": {"uv": [1, 19], "uv_size": [0.5, 0.125]},
								"south": {"uv": [20, 5], "uv_size": [0.25, 0.125]},
								"west": {"uv": [19, 1], "uv_size": [0.5, 0.125]},
								"up": {"uv": [17, 12], "uv_size": [0.25, 0.5]},
								"down": {"uv": [13, 17.5], "uv_size": [0.25, -0.5]}
							}
						},
						{
							"origin": [-0.75, 12.00396, -2.19264],
							"size": [0.25, 0.125, 0.25],
							"pivot": [1, 12.00396, -1.94264],
							"rotation": [-7.5, 0, 0],
							"uv": {
								"north": {"uv": [6, 20], "uv_size": [0.25, 0.125]},
								"east": {"uv": [20, 6], "uv_size": [0.25, 0.125]},
								"south": {"uv": [7, 20], "uv_size": [0.25, 0.125]},
								"west": {"uv": [20, 7], "uv_size": [0.25, 0.125]},
								"up": {"uv": [4, 19], "uv_size": [0.25, 0.25]},
								"down": {"uv": [5, 19.25], "uv_size": [0.25, -0.25]}
							}
						},
						{
							"origin": [-0.75, 12.21337, -2.61727],
							"size": [0.25, 0.125, 0.25],
							"pivot": [1, 12.21337, -2.36727],
							"rotation": [-67.5, 0, 0],
							"uv": {
								"north": {"uv": [10, 20], "uv_size": [0.25, 0.125]},
								"east": {"uv": [20, 10], "uv_size": [0.25, 0.125]},
								"south": {"uv": [11, 20], "uv_size": [0.25, 0.125]},
								"west": {"uv": [20, 11], "uv_size": [0.25, 0.125]},
								"up": {"uv": [19, 7], "uv_size": [0.25, 0.25]},
								"down": {"uv": [8, 19.25], "uv_size": [0.25, -0.25]}
							}
						},
						{
							"origin": [-0.75, 12.44434, -2.71295],
							"size": [0.25, 0.125, 0.25],
							"pivot": [1, 12.44434, -2.46295],
							"rotation": [-85, 0, 0],
							"uv": {
								"north": {"uv": [14, 20], "uv_size": [0.25, 0.125]},
								"east": {"uv": [20, 14], "uv_size": [0.25, 0.125]},
								"south": {"uv": [15, 20], "uv_size": [0.25, 0.125]},
								"west": {"uv": [20, 15], "uv_size": [0.25, 0.125]},
								"up": {"uv": [19, 9], "uv_size": [0.25, 0.25]},
								"down": {"uv": [10, 19.25], "uv_size": [0.25, -0.25]}
							}
						},
						{
							"origin": [-0.75, 12.03659, -2.4405],
							"size": [0.25, 0.125, 0.25],
							"pivot": [1, 12.03659, -2.1905],
							"rotation": [-45, 0, 0],
							"uv": {
								"north": {"uv": [12, 20], "uv_size": [0.25, 0.125]},
								"east": {"uv": [20, 12], "uv_size": [0.25, 0.125]},
								"south": {"uv": [13, 20], "uv_size": [0.25, 0.125]},
								"west": {"uv": [20, 13], "uv_size": [0.25, 0.125]},
								"up": {"uv": [19, 8], "uv_size": [0.25, 0.25]},
								"down": {"uv": [9, 19.25], "uv_size": [0.25, -0.25]}
							}
						},
						{
							"origin": [-0.75, 12.09963, -1.96167],
							"size": [0.25, 0.125, 0.25],
							"pivot": [1, 12.09963, -1.71167],
							"rotation": [22.5, 0, 0],
							"uv": {
								"north": {"uv": [8, 20], "uv_size": [0.25, 0.125]},
								"east": {"uv": [20, 8], "uv_size": [0.25, 0.125]},
								"south": {"uv": [9, 20], "uv_size": [0.25, 0.125]},
								"west": {"uv": [20, 9], "uv_size": [0.25, 0.125]},
								"up": {"uv": [19, 5], "uv_size": [0.25, 0.25]},
								"down": {"uv": [19, 6.25], "uv_size": [0.25, -0.25]}
							}
						},
						{
							"origin": [-0.875, 12.60765, -3.26527],
							"size": [0.5, 0.25, 1.5],
							"pivot": [1, 12.60765, -1.76527],
							"rotation": [-5, 0, 0],
							"uv": {
								"north": {"uv": [0, 18], "uv_size": [0.5, 0.25]},
								"east": {"uv": [15, 6], "uv_size": [1.5, 0.25]},
								"south": {"uv": [18, 0], "uv_size": [0.5, 0.25]},
								"west": {"uv": [15, 7], "uv_size": [1.5, 0.25]},
								"up": {"uv": [8, 13], "uv_size": [0.5, 1.5]},
								"down": {"uv": [9, 14.5], "uv_size": [0.5, -1.5]}
							}
						},
						{
							"origin": [-0.875, 12.75, -7.25],
							"size": [0.5, 0.25, 5.875],
							"uv": {
								"north": {"uv": [17, 10], "uv_size": [0.5, 0.25]},
								"east": {"uv": [9, 7], "uv_size": [5.875, 0.25]},
								"south": {"uv": [11, 17], "uv_size": [0.5, 0.25]},
								"west": {"uv": [10, 9], "uv_size": [5.875, 0.25]},
								"up": {"uv": [4, 4], "uv_size": [0.5, 5.875]},
								"down": {"uv": [5, 9.875], "uv_size": [0.5, -5.875]}
							}
						},
						{
							"origin": [-0.7352, 13.0114, -18.081],
							"size": [0.2352, 0.2352, 10.7658],
							"pivot": [-0.67169, 13.129, -13.2606],
							"rotation": [0, 0, 45],
							"uv": {
								"north": {"uv": [19, 2], "uv_size": [0.25, 0.25]},
								"east": {"uv": [6, 8], "uv_size": [11, 0.25]},
								"south": {"uv": [19, 3], "uv_size": [0.25, 0.25]},
								"west": {"uv": [9, 4], "uv_size": [11, 0.25]},
								"up": {"uv": [6, 9], "uv_size": [0.25, 11]},
								"down": {"uv": [7, 20], "uv_size": [0.25, -11]}
							}
						},
						{
							"origin": [-0.80251, 13.325, -18.5],
							"size": [0.35, 0.35, 16.36752],
							"pivot": [-0.62751, 13.5, -7.87874],
							"rotation": [0, 0, 45],
							"uv": {
								"north": {"uv": [17, 8], "uv_size": [0.375, 0.375]},
								"east": {"uv": [2, 2], "uv_size": [16.375, 0.375]},
								"south": {"uv": [9, 17], "uv_size": [0.375, 0.375]},
								"west": {"uv": [2, 3], "uv_size": [16.375, 0.375]},
								"up": {"uv": [2, 4], "uv_size": [0.375, 16.375]},
								"down": {"uv": [3, 20.375], "uv_size": [0.375, -16.375]}
							}
						}
					]
				},
				{
					"name": "Hammer",
					"parent": "Bess",
					"pivot": [-0.95, 13.25688, -2.16068],
					"rotation": [12.5, 0, 0],
					"cubes": [
						{
							"origin": [-1.05, 12.90497, -2.27884],
							"size": [0.1, 0.625, 0.375],
							"pivot": [-1.05, 13.21747, -2.21634],
							"rotation": [-2.5, 0, 0],
							"uv": {
								"north": {"uv": [0, 19], "uv_size": [0.125, 0.625]},
								"east": {"uv": [9, 16], "uv_size": [0.375, 0.625]},
								"south": {"uv": [19, 0], "uv_size": [0.125, 0.625]},
								"west": {"uv": [16, 9], "uv_size": [0.375, 0.625]},
								"up": {"uv": [1, 20], "uv_size": [0.125, 0.375]},
								"down": {"uv": [20, 1.375], "uv_size": [0.125, -0.375]}
							}
						},
						{
							"origin": [-1.05, 13.32764, -1.91494],
							"size": [0.1, 0.375, 0.125],
							"pivot": [-1.1, 13.33853, -1.66541],
							"rotation": [-17.5, 0, 0],
							"uv": {
								"north": {"uv": [20, 2], "uv_size": [0.125, 0.375]},
								"east": {"uv": [20, 3], "uv_size": [0.125, 0.375]},
								"south": {"uv": [4, 20], "uv_size": [0.125, 0.375]},
								"west": {"uv": [20, 4], "uv_size": [0.125, 0.375]},
								"up": {"uv": [21, 10], "uv_size": [0.125, 0.125]},
								"down": {"uv": [11, 21.125], "uv_size": [0.125, -0.125]}
							}
						},
						{
							"origin": [-1.05, 13.68593, -1.78735],
							"size": [0.1, 0.75, 0.125],
							"pivot": [-1.1, 13.73376, -1.67186],
							"rotation": [-35, 0, 0],
							"uv": {
								"north": {"uv": [18, 9], "uv_size": [0.125, 0.75]},
								"east": {"uv": [10, 18], "uv_size": [0.125, 0.75]},
								"south": {"uv": [18, 10], "uv_size": [0.125, 0.75]},
								"west": {"uv": [11, 18], "uv_size": [0.125, 0.75]},
								"up": {"uv": [21, 11], "uv_size": [0.125, 0.125]},
								"down": {"uv": [12, 21.125], "uv_size": [0.125, -0.125]}
							}
						},
						{
							"origin": [-1.175, 13.63809, -2.15283],
							"size": [0.225, 0.125, 0.375],
							"pivot": [-1.1, 13.73376, -1.67186],
							"rotation": [-35, 0, 0],
							"uv": {
								"north": {"uv": [16, 20], "uv_size": [0.25, 0.125]},
								"east": {"uv": [20, 16], "uv_size": [0.25, 0.125]},
								"south": {"uv": [17, 20], "uv_size": [0.25, 0.125]},
								"west": {"uv": [20, 17], "uv_size": [0.25, 0.125]},
								"up": {"uv": [19, 14], "uv_size": [0.25, 0.25]},
								"down": {"uv": [15, 19.25], "uv_size": [0.25, -0.25]}
							}
						},
						{
							"origin": [-1.175, 13.9169, -2.13302],
							"size": [0.225, 0.125, 0.375],
							"pivot": [-1.1, 13.73376, -1.67186],
							"rotation": [-35, 0, 0],
							"uv": {
								"north": {"uv": [18, 20], "uv_size": [0.25, 0.125]},
								"east": {"uv": [20, 18], "uv_size": [0.25, 0.125]},
								"south": {"uv": [19, 20], "uv_size": [0.25, 0.125]},
								"west": {"uv": [20, 19], "uv_size": [0.25, 0.125]},
								"up": {"uv": [19, 15], "uv_size": [0.25, 0.25]},
								"down": {"uv": [16, 19.25], "uv_size": [0.25, -0.25]}
							}
						},
						{
							"origin": [-1.05, 13.39104, -1.89051],
							"size": [0.1, 0.125, 0.125],
							"pivot": [-1.05, 13.57854, -1.89051],
							"rotation": [-12.5, 0, 0],
							"uv": {
								"north": {"uv": [21, 7], "uv_size": [0.125, 0.125]},
								"east": {"uv": [8, 21], "uv_size": [0.125, 0.125]},
								"south": {"uv": [21, 8], "uv_size": [0.125, 0.125]},
								"west": {"uv": [9, 21], "uv_size": [0.125, 0.125]},
								"up": {"uv": [21, 9], "uv_size": [0.125, 0.125]},
								"down": {"uv": [10, 21.125], "uv_size": [0.125, -0.125]}
							}
						}
					]
				}
			]
		}
	]
}