{
	"format_version": "1.12.0",
	"minecraft:geometry": [
		{
			"description": {
				"identifier": "geometry.cannonball6",
				"texture_width": 64,
				"texture_height": 64,
				"visible_bounds_width": 2,
				"visible_bounds_height": 1.5,
				"visible_bounds_offset": [0, 0.25, 0]
			},
			"bones": [
				{
					"name": "bb_main",
					"pivot": [0, 0, 0],
					"cubes": [
						{"origin": [-3, -4, -3], "size": [6, 8, 6], "uv": [22, 20]},
						{"origin": [-4, -3, -3], "size": [8, 6, 6], "uv": [0, 14]},
						{"origin": [-3, -3, -4], "size": [6, 6, 8], "uv": [0, 0]}
					]
				}
			]
		}
	]
}