{
	"format_version": "1.16.0",
	"minecraft:geometry": [
		{
			"description": {
				"identifier": "geometry.charville",
				"texture_width": 32,
				"texture_height": 32,
				"visible_bounds_width": 4,
				"visible_bounds_height": 2.5,
				"visible_bounds_offset": [0, 0.75, 0]
			},
			"bones": [
				{
					"name": "root",
					"pivot": [0, 0, 0]
				},
				{
					"name": "waist",
					"parent": "root",
					"pivot": [0, 12, 0]
				},
				{
					"name": "body",
					"parent": "waist",
					"pivot": [0, 24, 0]
				},
				{
					"name": "rightArm",
					"parent": "body",
					"pivot": [-5, 22, 0]
				},
				{
					"name": "rightItem",
					"parent": "rightArm",
					"pivot": [-6, 15, 1],
					"locators": {
						"model_root": [-6, 15, 1]
					}
				},
				{
					"name": "Charville",
					"parent": "rightItem",
					"pivot": [-6.44258, 12.59243, -2.19748],
					"binding": "q.item_slot_to_bone_name(c.item_slot)",
					"cubes": [
						{
							"origin": [-6.25, 13.25, -20.75],
							"size": [0.375, 0.375, 17.75],
							"pivot": [-5.75, 13.75, -5.0625],
							"rotation": [0, 0, 45],
							"uv": {
								"north": {"uv": [17, 15], "uv_size": [0.5, 0.5]},
								"east": {"uv": [0, 4], "uv_size": [17.75, 0.5]},
								"south": {"uv": [16, 17], "uv_size": [0.5, 0.5]},
								"west": {"uv": [0, 5], "uv_size": [17.75, 0.5]},
								"up": {"uv": [0, 6], "uv_size": [0.5, 17.75]},
								"down": {"uv": [1, 23.75], "uv_size": [0.5, -17.75]}
							}
						},
						{
							"origin": [-6.47678, 13.125, -19],
							"size": [0.55, 0.625, 16.75],
							"uv": {
								"north": {"uv": [8, 17], "uv_size": [0.5, 0.75]},
								"east": {"uv": [0, 0], "uv_size": [16.75, 0.75]},
								"south": {"uv": [9, 17], "uv_size": [0.5, 0.75]},
								"west": {"uv": [0, 1], "uv_size": [16.75, 0.75]},
								"up": {"uv": [2, 6], "uv_size": [0.5, 16.75]},
								"down": {"uv": [3, 22.75], "uv_size": [0.5, -16.75]}
							}
						},
						{
							"origin": [-6.60178, 12.75, -3.875],
							"size": [0.175, 0.875, 1.625],
							"uv": {
								"north": {"uv": [18, 4], "uv_size": [0.25, 1]},
								"east": {"uv": [10, 9], "uv_size": [1.75, 1]},
								"south": {"uv": [18, 5], "uv_size": [0.25, 1]},
								"west": {"uv": [10, 11], "uv_size": [1.75, 1]},
								"up": {"uv": [17, 2], "uv_size": [0.25, 1.75]},
								"down": {"uv": [17, 8.75], "uv_size": [0.25, -1.75]}
							}
						},
						{
							"origin": [-6.77678, 13.13626, -3.01054],
							"size": [0.175, 0.75, 0.1],
							"pivot": [-6.68928, 13.16936, -2.96817],
							"rotation": [22.5, 0, 0],
							"uv": {
								"north": {"uv": [17, 18], "uv_size": [0.25, 0.75]},
								"east": {"uv": [18, 17], "uv_size": [0.25, 0.75]},
								"south": {"uv": [18, 18], "uv_size": [0.25, 0.75]},
								"west": {"uv": [19, 0], "uv_size": [0.25, 0.75]},
								"up": {"uv": [21, 17], "uv_size": [0.25, 0.25]},
								"down": {"uv": [18, 21.25], "uv_size": [0.25, -0.25]}
							}
						},
						{
							"origin": [-6.77678, 13.80645, -3.26579],
							"size": [0.175, 0.875, 0.1],
							"pivot": [-6.77678, 13.80645, -3.16579],
							"rotation": [-12.5, 0, 0],
							"uv": {
								"north": {"uv": [11, 18], "uv_size": [0.25, 1]},
								"east": {"uv": [18, 11], "uv_size": [0.25, 1]},
								"south": {"uv": [12, 18], "uv_size": [0.25, 1]},
								"west": {"uv": [18, 12], "uv_size": [0.25, 1]},
								"up": {"uv": [21, 18], "uv_size": [0.25, 0.25]},
								"down": {"uv": [19, 21.25], "uv_size": [0.25, -0.25]}
							}
						},
						{
							"origin": [-6.60178, 13, -2.25],
							"size": [0.175, 0.625, 0.75],
							"pivot": [-6.60178, 13.625, -2.25],
							"rotation": [-35, 0, 0],
							"uv": {
								"north": {"uv": [15, 18], "uv_size": [0.25, 0.75]},
								"east": {"uv": [16, 9], "uv_size": [0.75, 0.75]},
								"south": {"uv": [18, 15], "uv_size": [0.25, 0.75]},
								"west": {"uv": [16, 13], "uv_size": [0.75, 0.75]},
								"up": {"uv": [16, 18], "uv_size": [0.25, 0.75]},
								"down": {"uv": [18, 16.75], "uv_size": [0.25, -0.75]}
							}
						},
						{
							"origin": [-6.60178, 13.25, -4.875],
							"size": [0.175, 0.375, 1],
							"pivot": [-6.60178, 13.625, -3.875],
							"rotation": [25, 0, 0],
							"uv": {
								"north": {"uv": [19, 17], "uv_size": [0.25, 0.5]},
								"east": {"uv": [16, 15], "uv_size": [1, 0.5]},
								"south": {"uv": [18, 19], "uv_size": [0.25, 0.5]},
								"west": {"uv": [16, 16], "uv_size": [1, 0.5]},
								"up": {"uv": [18, 7], "uv_size": [0.25, 1]},
								"down": {"uv": [8, 19], "uv_size": [0.25, -1]}
							}
						},
						{
							"origin": [-6.60178, 12.82738, -4.78131],
							"size": [0.175, 0.375, 1],
							"pivot": [-6.60178, 13.20238, -4.78131],
							"rotation": [-4, 0, 0],
							"uv": {
								"north": {"uv": [19, 18], "uv_size": [0.25, 0.5]},
								"east": {"uv": [17, 0], "uv_size": [1, 0.5]},
								"south": {"uv": [19, 19], "uv_size": [0.25, 0.5]},
								"west": {"uv": [17, 1], "uv_size": [1, 0.5]},
								"up": {"uv": [18, 8], "uv_size": [0.25, 1]},
								"down": {"uv": [9, 19], "uv_size": [0.25, -1]}
							}
						},
						{
							"origin": [-6.60178, 13.20238, -4.03131],
							"size": [0.175, 0.125, 0.25],
							"pivot": [-6.60178, 13.57738, -4.78131],
							"rotation": [-4, 0, 0],
							"uv": {
								"north": {"uv": [21, 1], "uv_size": [0.25, 0.25]},
								"east": {"uv": [21, 2], "uv_size": [0.25, 0.25]},
								"south": {"uv": [21, 3], "uv_size": [0.25, 0.25]},
								"west": {"uv": [21, 4], "uv_size": [0.25, 0.25]},
								"up": {"uv": [21, 5], "uv_size": [0.25, 0.25]},
								"down": {"uv": [21, 7.25], "uv_size": [0.25, -0.25]}
							}
						},
						{
							"origin": [-6.60178, 12.75, -2.375],
							"size": [0.175, 0.125, 0.375],
							"pivot": [-6.60178, 12.75, -2.25],
							"rotation": [-15, 0, 0],
							"uv": {
								"north": {"uv": [20, 20], "uv_size": [0.25, 0.25]},
								"east": {"uv": [19, 15], "uv_size": [0.5, 0.25]},
								"south": {"uv": [21, 0], "uv_size": [0.25, 0.25]},
								"west": {"uv": [16, 19], "uv_size": [0.5, 0.25]},
								"up": {"uv": [19, 16], "uv_size": [0.25, 0.5]},
								"down": {"uv": [17, 19.5], "uv_size": [0.25, -0.5]}
							}
						},
						{
							"origin": [-6.47678, 13.75, -3],
							"size": [0.55, 0.25, 0.375],
							"uv": {
								"north": {"uv": [19, 1], "uv_size": [0.5, 0.25]},
								"east": {"uv": [19, 2], "uv_size": [0.5, 0.25]},
								"south": {"uv": [19, 3], "uv_size": [0.5, 0.25]},
								"west": {"uv": [19, 4], "uv_size": [0.5, 0.25]},
								"up": {"uv": [17, 16], "uv_size": [0.5, 0.5]},
								"down": {"uv": [17, 17.5], "uv_size": [0.5, -0.5]}
							}
						},
						{
							"origin": [-6.47678, 13.125, -19],
							"size": [0.55, 0.625, 16.75],
							"pivot": [-5.92678, 13.125, -19],
							"rotation": [-2, 0, 0],
							"uv": {
								"north": {"uv": [17, 9], "uv_size": [0.5, 0.75]},
								"east": {"uv": [0, 2], "uv_size": [16.75, 0.75]},
								"south": {"uv": [10, 17], "uv_size": [0.5, 0.75]},
								"west": {"uv": [0, 3], "uv_size": [16.75, 0.75]},
								"up": {"uv": [4, 6], "uv_size": [0.5, 16.75]},
								"down": {"uv": [5, 22.75], "uv_size": [0.5, -16.75]}
							}
						},
						{
							"origin": [-6.47678, 13.25, -2.625],
							"size": [0.55, 0.75, 2.25],
							"pivot": [-5.92678, 14, -2.625],
							"rotation": [-32, 0, 0],
							"uv": {
								"north": {"uv": [11, 17], "uv_size": [0.5, 0.75]},
								"east": {"uv": [12, 9], "uv_size": [2.25, 0.75]},
								"south": {"uv": [17, 11], "uv_size": [0.5, 0.75]},
								"west": {"uv": [10, 12], "uv_size": [2.25, 0.75]},
								"up": {"uv": [14, 11], "uv_size": [0.5, 2.25]},
								"down": {"uv": [12, 16.25], "uv_size": [0.5, -2.25]}
							}
						},
						{
							"origin": [-6.47678, 12.54043, -2.5102],
							"size": [0.55, 0.625, 5.5],
							"pivot": [-5.92678, 12.54043, -2.2602],
							"rotation": [-25.5, 0, 0],
							"uv": {
								"north": {"uv": [12, 17], "uv_size": [0.5, 0.75]},
								"east": {"uv": [10, 7], "uv_size": [5.5, 0.75]},
								"south": {"uv": [17, 12], "uv_size": [0.5, 0.75]},
								"west": {"uv": [10, 8], "uv_size": [5.5, 0.75]},
								"up": {"uv": [8, 11], "uv_size": [0.5, 5.5]},
								"down": {"uv": [9, 16.5], "uv_size": [0.5, -5.5]}
							}
						},
						{
							"origin": [-6.35178, 11.64636, -1.82109],
							"size": [0.3, 0.75, 0.125],
							"pivot": [-5.92678, 12.39636, -1.82109],
							"rotation": [-15.5, 0, 0],
							"uv": {
								"north": {"uv": [13, 18], "uv_size": [0.25, 0.75]},
								"east": {"uv": [18, 13], "uv_size": [0.25, 0.75]},
								"south": {"uv": [14, 18], "uv_size": [0.25, 0.75]},
								"west": {"uv": [18, 14], "uv_size": [0.25, 0.75]},
								"up": {"uv": [13, 20], "uv_size": [0.25, 0.25]},
								"down": {"uv": [20, 13.25], "uv_size": [0.25, -0.25]}
							}
						},
						{
							"origin": [-6.35178, 11.39024, -2.02606],
							"size": [0.3, 0.25, 0.125],
							"pivot": [-5.92678, 11.64024, -1.90106],
							"rotation": [-70.5, 0, 0],
							"uv": {
								"north": {"uv": [14, 20], "uv_size": [0.25, 0.25]},
								"east": {"uv": [20, 14], "uv_size": [0.25, 0.25]},
								"south": {"uv": [15, 20], "uv_size": [0.25, 0.25]},
								"west": {"uv": [20, 15], "uv_size": [0.25, 0.25]},
								"up": {"uv": [16, 20], "uv_size": [0.25, 0.25]},
								"down": {"uv": [20, 16.25], "uv_size": [0.25, -0.25]}
							}
						},
						{
							"origin": [-6.35178, 11.05678, -2.26172],
							"size": [0.3, 0.5, 0.125],
							"pivot": [-5.92678, 11.55678, -2.13672],
							"rotation": [-98, 0, 0],
							"uv": {
								"north": {"uv": [9, 19], "uv_size": [0.25, 0.5]},
								"east": {"uv": [19, 9], "uv_size": [0.25, 0.5]},
								"south": {"uv": [10, 19], "uv_size": [0.25, 0.5]},
								"west": {"uv": [11, 19], "uv_size": [0.25, 0.5]},
								"up": {"uv": [17, 20], "uv_size": [0.25, 0.25]},
								"down": {"uv": [20, 17.25], "uv_size": [0.25, -0.25]}
							}
						},
						{
							"origin": [-6.35178, 11.12637, -2.75686],
							"size": [0.3, 0.5, 0.125],
							"pivot": [-5.92678, 11.62637, -2.63186],
							"rotation": [-150.5, 0, 0],
							"uv": {
								"north": {"uv": [19, 11], "uv_size": [0.25, 0.5]},
								"east": {"uv": [12, 19], "uv_size": [0.25, 0.5]},
								"south": {"uv": [19, 12], "uv_size": [0.25, 0.5]},
								"west": {"uv": [13, 19], "uv_size": [0.25, 0.5]},
								"up": {"uv": [18, 20], "uv_size": [0.25, 0.25]},
								"down": {"uv": [20, 18.25], "uv_size": [0.25, -0.25]}
							}
						},
						{
							"origin": [-6.35178, 11.56155, -3.00307],
							"size": [0.3, 0.5, 0.125],
							"pivot": [-5.92678, 12.06155, -2.87807],
							"rotation": [179.5, 0, 0],
							"uv": {
								"north": {"uv": [19, 13], "uv_size": [0.25, 0.5]},
								"east": {"uv": [14, 19], "uv_size": [0.25, 0.5]},
								"south": {"uv": [19, 14], "uv_size": [0.25, 0.5]},
								"west": {"uv": [15, 19], "uv_size": [0.25, 0.5]},
								"up": {"uv": [19, 20], "uv_size": [0.25, 0.25]},
								"down": {"uv": [20, 19.25], "uv_size": [0.25, -0.25]}
							}
						},
						{
							"origin": [-6.47678, 12.44016, -0.9289],
							"size": [0.55, 0.5, 0.25],
							"pivot": [-5.92678, 12.94016, -0.9289],
							"rotation": [-5.5, 0, 0],
							"uv": {
								"north": {"uv": [18, 0], "uv_size": [0.5, 0.5]},
								"east": {"uv": [19, 5], "uv_size": [0.25, 0.5]},
								"south": {"uv": [18, 1], "uv_size": [0.5, 0.5]},
								"west": {"uv": [19, 7], "uv_size": [0.25, 0.5]},
								"up": {"uv": [8, 19], "uv_size": [0.5, 0.25]},
								"down": {"uv": [19, 8.25], "uv_size": [0.5, -0.25]}
							}
						},
						{
							"origin": [-6.47678, 12.1662, -0.93005],
							"size": [0.55, 0.75, 0.75],
							"pivot": [-5.92678, 12.9162, -0.68005],
							"rotation": [29.5, 0, 0],
							"uv": {
								"north": {"uv": [17, 13], "uv_size": [0.5, 0.75]},
								"east": {"uv": [13, 12], "uv_size": [0.75, 0.75]},
								"south": {"uv": [14, 17], "uv_size": [0.5, 0.75]},
								"west": {"uv": [15, 9], "uv_size": [0.75, 0.75]},
								"up": {"uv": [17, 14], "uv_size": [0.5, 0.75]},
								"down": {"uv": [15, 17.75], "uv_size": [0.5, -0.75]}
							}
						},
						{
							"origin": [-6.47678, 11.66241, -0.24488],
							"size": [0.55, 1.5, 3.25],
							"pivot": [-5.92678, 13.16241, -0.24488],
							"rotation": [-3, 0, 0],
							"uv": {
								"north": {"uv": [13, 14], "uv_size": [0.5, 1.5]},
								"east": {"uv": [6, 6], "uv_size": [3.25, 1.5]},
								"south": {"uv": [14, 14], "uv_size": [0.5, 1.5]},
								"west": {"uv": [6, 8], "uv_size": [3.25, 1.5]},
								"up": {"uv": [10, 13], "uv_size": [0.5, 3.25]},
								"down": {"uv": [11, 16.25], "uv_size": [0.5, -3.25]}
							}
						},
						{
							"origin": [-6.47678, 10.41241, 2.50512],
							"size": [0.55, 1.5, 0.5],
							"pivot": [-5.92678, 11.91241, -0.24488],
							"rotation": [-3, 0, 0],
							"uv": {
								"north": {"uv": [15, 11], "uv_size": [0.5, 1.5]},
								"east": {"uv": [15, 13], "uv_size": [0.5, 1.5]},
								"south": {"uv": [15, 15], "uv_size": [0.5, 1.5]},
								"west": {"uv": [16, 7], "uv_size": [0.5, 1.5]},
								"up": {"uv": [18, 2], "uv_size": [0.5, 0.5]},
								"down": {"uv": [18, 3.5], "uv_size": [0.5, -0.5]}
							}
						},
						{
							"origin": [-6.47678, 11.03741, 1.13012],
							"size": [0.55, 0.875, 1.375],
							"pivot": [-5.92678, 11.91241, -0.74488],
							"rotation": [-3, 0, 0],
							"uv": {
								"north": {"uv": [14, 16], "uv_size": [0.5, 1]},
								"east": {"uv": [12, 11], "uv_size": [1.5, 1]},
								"south": {"uv": [16, 14], "uv_size": [0.5, 1]},
								"west": {"uv": [12, 13], "uv_size": [1.5, 1]},
								"up": {"uv": [16, 11], "uv_size": [0.5, 1.5]},
								"down": {"uv": [13, 17.5], "uv_size": [0.5, -1.5]}
							}
						}
					]
				},
				{
					"name": "Rod",
					"parent": "Charville",
					"pivot": [-6.36872, 13.125, -11.875],
					"cubes": [
						{
							"origin": [-6.125, 12.625, -20.25],
							"size": [0.125, 0.125, 17.75],
							"pivot": [-5.625, 13.125, -4.5625],
							"rotation": [0, 0, 45],
							"uv": {
								"north": {"uv": [21, 19], "uv_size": [0.25, 0.25]},
								"east": {"uv": [6, 10], "uv_size": [17.75, 0.25]},
								"south": {"uv": [20, 21], "uv_size": [0.25, 0.25]},
								"west": {"uv": [10, 6], "uv_size": [17.75, 0.25]},
								"up": {"uv": [6, 11], "uv_size": [0.25, 17.75]},
								"down": {"uv": [7, 28.75], "uv_size": [0.25, -17.75]}
							}
						}
					]
				},
				{
					"name": "Hammer",
					"parent": "Charville",
					"pivot": [-6.66964, 13.52083, -2.61042],
					"rotation": [-17.5, 0, 0],
					"cubes": [
						{
							"origin": [-6.72678, 13.375, -2.75],
							"size": [0.125, 0.375, 0.375],
							"uv": {
								"north": {"uv": [20, 0], "uv_size": [0.25, 0.5]},
								"east": {"uv": [18, 9], "uv_size": [0.5, 0.5]},
								"south": {"uv": [20, 1], "uv_size": [0.25, 0.5]},
								"west": {"uv": [10, 18], "uv_size": [0.5, 0.5]},
								"up": {"uv": [20, 2], "uv_size": [0.25, 0.5]},
								"down": {"uv": [20, 3.5], "uv_size": [0.25, -0.5]}
							}
						},
						{
							"origin": [-6.72678, 13.75, -2.75],
							"size": [0.125, 0.375, 0.25],
							"uv": {
								"north": {"uv": [20, 4], "uv_size": [0.25, 0.5]},
								"east": {"uv": [20, 5], "uv_size": [0.25, 0.5]},
								"south": {"uv": [20, 7], "uv_size": [0.25, 0.5]},
								"west": {"uv": [8, 20], "uv_size": [0.25, 0.5]},
								"up": {"uv": [8, 21], "uv_size": [0.25, 0.25]},
								"down": {"uv": [21, 8.25], "uv_size": [0.25, -0.25]}
							}
						},
						{
							"origin": [-6.72678, 14.375, -2.625],
							"size": [0.125, 0.25, 0.125],
							"uv": {
								"north": {"uv": [21, 14], "uv_size": [0.25, 0.25]},
								"east": {"uv": [15, 21], "uv_size": [0.25, 0.25]},
								"south": {"uv": [21, 15], "uv_size": [0.25, 0.25]},
								"west": {"uv": [16, 21], "uv_size": [0.25, 0.25]},
								"up": {"uv": [21, 16], "uv_size": [0.25, 0.25]},
								"down": {"uv": [17, 21.25], "uv_size": [0.25, -0.25]}
							}
						},
						{
							"origin": [-6.775, 14.2, -2.625],
							"size": [0.2, 0.19, 0.125],
							"uv": {
								"north": {"uv": [21, 11], "uv_size": [0.25, 0.25]},
								"east": {"uv": [12, 21], "uv_size": [0.25, 0.25]},
								"south": {"uv": [21, 12], "uv_size": [0.25, 0.25]},
								"west": {"uv": [13, 21], "uv_size": [0.25, 0.25]},
								"up": {"uv": [21, 13], "uv_size": [0.25, 0.25]},
								"down": {"uv": [14, 21.25], "uv_size": [0.25, -0.25]}
							}
						},
						{
							"origin": [-6.775, 14.125, -2.875],
							"size": [0.2, 0.08, 0.4],
							"uv": {
								"north": {"uv": [9, 21], "uv_size": [0.25, 0.25]},
								"east": {"uv": [20, 8], "uv_size": [0.5, 0.25]},
								"south": {"uv": [21, 9], "uv_size": [0.25, 0.25]},
								"west": {"uv": [9, 20], "uv_size": [0.5, 0.25]},
								"up": {"uv": [20, 9], "uv_size": [0.25, 0.5]},
								"down": {"uv": [10, 20.5], "uv_size": [0.25, -0.5]}
							}
						},
						{
							"origin": [-6.775, 14.375, -2.875],
							"size": [0.2, 0.08, 0.4],
							"uv": {
								"north": {"uv": [10, 21], "uv_size": [0.25, 0.25]},
								"east": {"uv": [11, 20], "uv_size": [0.5, 0.25]},
								"south": {"uv": [11, 21], "uv_size": [0.25, 0.25]},
								"west": {"uv": [20, 11], "uv_size": [0.5, 0.25]},
								"up": {"uv": [12, 20], "uv_size": [0.25, 0.5]},
								"down": {"uv": [20, 12.5], "uv_size": [0.25, -0.5]}
							}
						}
					]
				}
			]
		}
	]
}