{
	"format_version": "1.12.0",
	"minecraft:geometry": [
		{
			"description": {
				"identifier": "geometry.hussar",
				"texture_width": 32,
				"texture_height": 32,
				"visible_bounds_width": 4,
				"visible_bounds_height": 2.5,
				"visible_bounds_offset": [0, 0.75, 0]
			},
			"bones": [
				{
					"name": "root",
					"pivot": [0, 0, 0]
				},
				{
					"name": "waist",
					"parent": "root",
					"pivot": [0, 12, 0]
				},
				{
					"name": "body",
					"parent": "waist",
					"pivot": [0, 24, 0]
				},
				{
					"name": "rightArm",
					"parent": "body",
					"pivot": [-5, 22, 0]
				},
				{
					"name": "rightItem",
					"parent": "rightArm",
					"pivot": [-6, 15, 1],
					"locators": {
						"model_root": [-6, 15, 1]
					}
				},
				{
					"name": "Hussar",
					"parent": "rightItem",
					"pivot": [-0.80736, 12.27699, -4.16743],
					"cubes": [
						{
							"origin": [-1, 13, -11.625],
							"size": [0.625, 0.625, 6.75],
							"uv": {
								"north": {"uv": [10, 14], "uv_size": [0.5, 0.5]},
								"east": {"uv": [8, 0], "uv_size": [7, 0.5]},
								"south": {"uv": [14, 10], "uv_size": [0.5, 0.5]},
								"west": {"uv": [8, 1], "uv_size": [7, 0.5]},
								"up": {"uv": [2, 8], "uv_size": [0.5, 7]},
								"down": {"uv": [3, 15], "uv_size": [0.5, -7]}
							}
						},
						{
							"origin": [-1.1, 13, -5.875],
							"size": [0.1, 0.625, 1.125],
							"uv": {
								"north": {"uv": [2, 16], "uv_size": [0.5, 0.5]},
								"east": {"uv": [4, 14], "uv_size": [1, 0.5]},
								"south": {"uv": [16, 2], "uv_size": [0.5, 0.5]},
								"west": {"uv": [14, 4], "uv_size": [1, 0.5]},
								"up": {"uv": [5, 14], "uv_size": [0.5, 1]},
								"down": {"uv": [14, 6], "uv_size": [0.5, -1]}
							}
						},
						{
							"origin": [-1.2, 13.37787, -5.88792],
							"size": [0.1, 0.75, 0.125],
							"pivot": [-1.2, 13.37787, -5.76292],
							"rotation": [-7.5, 0, 0],
							"uv": {
								"north": {"uv": [6, 14], "uv_size": [0.5, 1]},
								"east": {"uv": [14, 6], "uv_size": [0.5, 1]},
								"south": {"uv": [7, 14], "uv_size": [0.5, 1]},
								"west": {"uv": [14, 7], "uv_size": [0.5, 1]},
								"up": {"uv": [7, 18], "uv_size": [0.5, 0.5]},
								"down": {"uv": [18, 7.5], "uv_size": [0.5, -0.5]}
							}
						},
						{
							"origin": [-1.2, 14.12145, -5.79003],
							"size": [0.1, 0.875, 0.125],
							"pivot": [-1.2, 14.12145, -5.66503],
							"rotation": [50, 0, 0],
							"uv": {
								"north": {"uv": [8, 14], "uv_size": [0.5, 1]},
								"east": {"uv": [14, 8], "uv_size": [0.5, 1]},
								"south": {"uv": [9, 14], "uv_size": [0.5, 1]},
								"west": {"uv": [14, 9], "uv_size": [0.5, 1]},
								"up": {"uv": [8, 18], "uv_size": [0.5, 0.5]},
								"down": {"uv": [18, 8.5], "uv_size": [0.5, -0.5]}
							}
						},
						{
							"origin": [-1.1, 13.25, -6],
							"size": [0.1, 0.125, 0.125],
							"uv": {
								"north": {"uv": [17, 5], "uv_size": [0.5, 0.5]},
								"east": {"uv": [6, 17], "uv_size": [0.5, 0.5]},
								"south": {"uv": [17, 6], "uv_size": [0.5, 0.5]},
								"west": {"uv": [7, 17], "uv_size": [0.5, 0.5]},
								"up": {"uv": [17, 7], "uv_size": [0.5, 0.5]},
								"down": {"uv": [8, 17.5], "uv_size": [0.5, -0.5]}
							}
						},
						{
							"origin": [-1.05, 12.875, -11.75],
							"size": [0.75, 0.75, 1],
							"uv": {
								"north": {"uv": [9, 13], "uv_size": [0.5, 1]},
								"east": {"uv": [11, 11], "uv_size": [1, 1]},
								"south": {"uv": [13, 9], "uv_size": [0.5, 1]},
								"west": {"uv": [4, 12], "uv_size": [1, 1]},
								"up": {"uv": [13, 10], "uv_size": [0.5, 1]},
								"down": {"uv": [11, 14], "uv_size": [0.5, -1]}
							}
						},
						{
							"origin": [-1.05, 12.875, -9.875],
							"size": [0.75, 0.75, 0.375],
							"uv": {
								"north": {"uv": [13, 11], "uv_size": [0.5, 1]},
								"east": {"uv": [12, 13], "uv_size": [0.5, 1]},
								"south": {"uv": [13, 12], "uv_size": [0.5, 1]},
								"west": {"uv": [13, 13], "uv_size": [0.5, 1]},
								"up": {"uv": [16, 0], "uv_size": [0.5, 0.5]},
								"down": {"uv": [16, 1.5], "uv_size": [0.5, -0.5]}
							}
						},
						{
							"origin": [-1.05, 13.25, -12.125],
							"size": [0.75, 0.375, 0.375],
							"uv": {
								"north": {"uv": [15, 9], "uv_size": [0.5, 0.5]},
								"east": {"uv": [10, 15], "uv_size": [0.5, 0.5]},
								"south": {"uv": [15, 10], "uv_size": [0.5, 0.5]},
								"west": {"uv": [11, 15], "uv_size": [0.5, 0.5]},
								"up": {"uv": [15, 11], "uv_size": [0.5, 0.5]},
								"down": {"uv": [12, 15.5], "uv_size": [0.5, -0.5]}
							}
						},
						{
							"origin": [-0.9068, 13.4, -21.375],
							"size": [0.45, 0.45, 15.375],
							"pivot": [-0.6818, 13.625, -7.6875],
							"rotation": [0, 0, 45],
							"uv": {
								"north": {"uv": [14, 14], "uv_size": [0.5, 0.5]},
								"east": {"uv": [0, 2], "uv_size": [15.5, 0.5]},
								"south": {"uv": [15, 0], "uv_size": [0.5, 0.5]},
								"west": {"uv": [0, 3], "uv_size": [15.5, 0.5]},
								"up": {"uv": [0, 4], "uv_size": [0.5, 15.5]},
								"down": {"uv": [1, 19.5], "uv_size": [0.5, -15.5]}
							}
						},
						{
							"origin": [-0.97877, 13.34697, -11.125],
							"size": [0.525, 0.525, 0.375],
							"pivot": [-0.67877, 13.57197, -8.3125],
							"rotation": [0, 0, 45],
							"uv": {
								"north": {"uv": [3, 15], "uv_size": [0.5, 0.5]},
								"east": {"uv": [4, 15], "uv_size": [0.5, 0.5]},
								"south": {"uv": [15, 4], "uv_size": [0.5, 0.5]},
								"west": {"uv": [5, 15], "uv_size": [0.5, 0.5]},
								"up": {"uv": [15, 5], "uv_size": [0.5, 0.5]},
								"down": {"uv": [6, 15.5], "uv_size": [0.5, -0.5]}
							}
						},
						{
							"origin": [-0.97877, 13.34697, -9.875],
							"size": [0.525, 0.525, 0.375],
							"pivot": [-0.67877, 13.57197, -7.0625],
							"rotation": [0, 0, 45],
							"uv": {
								"north": {"uv": [15, 12], "uv_size": [0.5, 0.5]},
								"east": {"uv": [13, 15], "uv_size": [0.5, 0.5]},
								"south": {"uv": [15, 13], "uv_size": [0.5, 0.5]},
								"west": {"uv": [14, 15], "uv_size": [0.5, 0.5]},
								"up": {"uv": [15, 14], "uv_size": [0.5, 0.5]},
								"down": {"uv": [15, 15.5], "uv_size": [0.5, -0.5]}
							}
						},
						{
							"origin": [-0.97877, 13.34697, -12.125],
							"size": [0.525, 0.525, 0.375],
							"pivot": [-0.67877, 13.57197, -9.3125],
							"rotation": [0, 0, 45],
							"uv": {
								"north": {"uv": [15, 6], "uv_size": [0.5, 0.5]},
								"east": {"uv": [7, 15], "uv_size": [0.5, 0.5]},
								"south": {"uv": [15, 7], "uv_size": [0.5, 0.5]},
								"west": {"uv": [8, 15], "uv_size": [0.5, 0.5]},
								"up": {"uv": [15, 8], "uv_size": [0.5, 0.5]},
								"down": {"uv": [9, 15.5], "uv_size": [0.5, -0.5]}
							}
						},
						{
							"origin": [-0.7818, 12.9, -14.625],
							"size": [0.2, 0.2, 3.125],
							"pivot": [-0.6818, 13.125, -7.6875],
							"rotation": [0, 0, 45],
							"uv": {
								"north": {"uv": [15, 1], "uv_size": [0.5, 0.5]},
								"east": {"uv": [8, 8], "uv_size": [3, 0.5]},
								"south": {"uv": [2, 15], "uv_size": [0.5, 0.5]},
								"west": {"uv": [9, 4], "uv_size": [3, 0.5]},
								"up": {"uv": [5, 8], "uv_size": [0.5, 3]},
								"down": {"uv": [9, 8], "uv_size": [0.5, -3]}
							}
						},
						{
							"origin": [-1, 13.625, -6],
							"size": [0.625, 0.375, 1.25],
							"uv": {
								"north": {"uv": [12, 14], "uv_size": [0.5, 0.5]},
								"east": {"uv": [8, 12], "uv_size": [1.5, 0.5]},
								"south": {"uv": [14, 12], "uv_size": [0.5, 0.5]},
								"west": {"uv": [12, 8], "uv_size": [1.5, 0.5]},
								"up": {"uv": [12, 9], "uv_size": [0.5, 1.5]},
								"down": {"uv": [10, 13.5], "uv_size": [0.5, -1.5]}
							}
						},
						{
							"origin": [-1.0025, 10.34786, 2.58543],
							"size": [0.63, 2.625, 0.25],
							"pivot": [1.125, 10.34786, 2.58543],
							"rotation": [-5, 0, 0],
							"uv": {
								"north": {"uv": [8, 9], "uv_size": [0.5, 2.5]},
								"east": {"uv": [9, 9], "uv_size": [0.5, 2.5]},
								"south": {"uv": [10, 5], "uv_size": [0.5, 2.5]},
								"west": {"uv": [10, 9], "uv_size": [0.5, 2.5]},
								"up": {"uv": [13, 14], "uv_size": [0.5, 0.5]},
								"down": {"uv": [14, 13.5], "uv_size": [0.5, -0.5]}
							}
						},
						{
							"origin": [-1, 11.24465, -0.66362],
							"size": [0.625, 1.75, 3.25],
							"pivot": [1, 10.36965, 2.33638],
							"rotation": [-5, 0, 0],
							"uv": {
								"north": {"uv": [5, 11], "uv_size": [0.5, 2]},
								"east": {"uv": [2, 4], "uv_size": [3.5, 2]},
								"south": {"uv": [11, 5], "uv_size": [0.5, 2]},
								"west": {"uv": [2, 6], "uv_size": [3.5, 2]},
								"up": {"uv": [4, 8], "uv_size": [0.5, 3.5]},
								"down": {"uv": [8, 7.5], "uv_size": [0.5, -3.5]}
							}
						},
						{
							"origin": [-1, 12.37113, -1.29842],
							"size": [0.625, 0.875, 0.875],
							"pivot": [1, 13.24613, -0.42342],
							"rotation": [2.5, 0, 0],
							"uv": {
								"north": {"uv": [12, 12], "uv_size": [0.5, 1]},
								"east": {"uv": [11, 7], "uv_size": [1, 1]},
								"south": {"uv": [4, 13], "uv_size": [0.5, 1]},
								"west": {"uv": [11, 8], "uv_size": [1, 1]},
								"up": {"uv": [13, 4], "uv_size": [0.5, 1]},
								"down": {"uv": [5, 14], "uv_size": [0.5, -1]}
							}
						},
						{
							"origin": [-1, 12.33296, -2.17259],
							"size": [0.625, 0.875, 0.875],
							"pivot": [1, 13.20796, -1.29759],
							"rotation": [20, 0, 0],
							"uv": {
								"north": {"uv": [13, 5], "uv_size": [0.5, 1]},
								"east": {"uv": [11, 9], "uv_size": [1, 1]},
								"south": {"uv": [13, 6], "uv_size": [0.5, 1]},
								"west": {"uv": [11, 10], "uv_size": [1, 1]},
								"up": {"uv": [13, 7], "uv_size": [0.5, 1]},
								"down": {"uv": [8, 14], "uv_size": [0.5, -1]}
							}
						},
						{
							"origin": [-0.875, 12.375, -4.875],
							"size": [0.375, 1.25, 0.125],
							"pivot": [1, 13, -11.625],
							"rotation": [-2.5, 0, 0],
							"uv": {
								"north": {"uv": [12, 4], "uv_size": [0.5, 1.5]},
								"east": {"uv": [6, 12], "uv_size": [0.5, 1.5]},
								"south": {"uv": [12, 6], "uv_size": [0.5, 1.5]},
								"west": {"uv": [7, 12], "uv_size": [0.5, 1.5]},
								"up": {"uv": [11, 14], "uv_size": [0.5, 0.5]},
								"down": {"uv": [14, 11.5], "uv_size": [0.5, -0.5]}
							}
						},
						{
							"origin": [-0.875, 11.45616, -4.90869],
							"size": [0.375, 0.625, 0.125],
							"pivot": [-0.875, 12.08116, -4.90869],
							"rotation": [55, 0, 0],
							"uv": {
								"north": {"uv": [9, 18], "uv_size": [0.5, 0.5]},
								"east": {"uv": [18, 9], "uv_size": [0.5, 0.5]},
								"south": {"uv": [10, 18], "uv_size": [0.5, 0.5]},
								"west": {"uv": [18, 10], "uv_size": [0.5, 0.5]},
								"up": {"uv": [11, 18], "uv_size": [0.5, 0.5]},
								"down": {"uv": [18, 11.5], "uv_size": [0.5, -0.5]}
							}
						},
						{
							"origin": [-0.875, 11.22268, -4.39672],
							"size": [0.375, 0.5, 0.125],
							"pivot": [-0.875, 11.72268, -4.39672],
							"rotation": [87.5, 0, 0],
							"uv": {
								"north": {"uv": [12, 18], "uv_size": [0.5, 0.5]},
								"east": {"uv": [18, 12], "uv_size": [0.5, 0.5]},
								"south": {"uv": [13, 18], "uv_size": [0.5, 0.5]},
								"west": {"uv": [18, 13], "uv_size": [0.5, 0.5]},
								"up": {"uv": [14, 18], "uv_size": [0.5, 0.5]},
								"down": {"uv": [18, 14.5], "uv_size": [0.5, -0.5]}
							}
						},
						{
							"origin": [-0.875, 11.20087, -3.89719],
							"size": [0.375, 0.5, 0.125],
							"pivot": [-0.875, 11.70087, -3.89719],
							"rotation": [127.5, 0, 0],
							"uv": {
								"north": {"uv": [15, 18], "uv_size": [0.5, 0.5]},
								"east": {"uv": [18, 15], "uv_size": [0.5, 0.5]},
								"south": {"uv": [16, 18], "uv_size": [0.5, 0.5]},
								"west": {"uv": [18, 16], "uv_size": [0.5, 0.5]},
								"up": {"uv": [17, 18], "uv_size": [0.5, 0.5]},
								"down": {"uv": [18, 17.5], "uv_size": [0.5, -0.5]}
							}
						},
						{
							"origin": [-0.875, 11.38025, -3.50052],
							"size": [0.375, 0.625, 0.125],
							"pivot": [-0.875, 12.00525, -3.50052],
							"rotation": [167.5, 0, 0],
							"uv": {
								"north": {"uv": [18, 18], "uv_size": [0.5, 0.5]},
								"east": {"uv": [19, 0], "uv_size": [0.5, 0.5]},
								"south": {"uv": [19, 1], "uv_size": [0.5, 0.5]},
								"west": {"uv": [2, 19], "uv_size": [0.5, 0.5]},
								"up": {"uv": [19, 2], "uv_size": [0.5, 0.5]},
								"down": {"uv": [3, 19.5], "uv_size": [0.5, -0.5]}
							}
						},
						{
							"origin": [-1, 12.6565, -5.1325],
							"size": [0.625, 0.9, 8.125],
							"pivot": [1, 12.6565, -3.7575],
							"rotation": [-20, 0, 0],
							"uv": {
								"north": {"uv": [11, 12], "uv_size": [0.5, 1]},
								"east": {"uv": [0, 0], "uv_size": [8, 1]},
								"south": {"uv": [12, 11], "uv_size": [0.5, 1]},
								"west": {"uv": [0, 1], "uv_size": [8, 1]},
								"up": {"uv": [6, 4], "uv_size": [0.5, 8]},
								"down": {"uv": [7, 12], "uv_size": [0.5, -8]}
							}
						},
						{
							"origin": [-1.1, 13.03695, -4.45481],
							"size": [0.1, 0.4, 0.225],
							"pivot": [-1.1, 13.43695, -4.45481],
							"rotation": [-60, 0, 0],
							"uv": {
								"north": {"uv": [3, 16], "uv_size": [0.5, 0.5]},
								"east": {"uv": [16, 3], "uv_size": [0.5, 0.5]},
								"south": {"uv": [4, 16], "uv_size": [0.5, 0.5]},
								"west": {"uv": [16, 4], "uv_size": [0.5, 0.5]},
								"up": {"uv": [5, 16], "uv_size": [0.5, 0.5]},
								"down": {"uv": [16, 5.5], "uv_size": [0.5, -0.5]}
							}
						},
						{
							"origin": [-1.1, 12.86254, -6.54635],
							"size": [0.1, 0.6, 0.225],
							"pivot": [-1.1, 13.46254, -6.32135],
							"rotation": [65, 0, 0],
							"uv": {
								"north": {"uv": [15, 16], "uv_size": [0.5, 0.5]},
								"east": {"uv": [16, 15], "uv_size": [0.5, 0.5]},
								"south": {"uv": [16, 16], "uv_size": [0.5, 0.5]},
								"west": {"uv": [17, 0], "uv_size": [0.5, 0.5]},
								"up": {"uv": [17, 1], "uv_size": [0.5, 0.5]},
								"down": {"uv": [2, 17.5], "uv_size": [0.5, -0.5]}
							}
						},
						{
							"origin": [-1.1, 12.84209, -4.34231],
							"size": [0.1, 0.4, 0.25],
							"pivot": [-1.1, 13.24209, -4.34231],
							"rotation": [-90, 0, 0],
							"uv": {
								"north": {"uv": [17, 2], "uv_size": [0.5, 0.5]},
								"east": {"uv": [3, 17], "uv_size": [0.5, 0.5]},
								"south": {"uv": [17, 3], "uv_size": [0.5, 0.5]},
								"west": {"uv": [4, 17], "uv_size": [0.5, 0.5]},
								"up": {"uv": [17, 4], "uv_size": [0.5, 0.5]},
								"down": {"uv": [5, 17.5], "uv_size": [0.5, -0.5]}
							}
						},
						{
							"origin": [-1.1, 13.1, -4.75],
							"size": [0.1, 0.525, 0.35],
							"pivot": [-1.1, 13.625, -4.75],
							"rotation": [-32.5, 0, 0],
							"uv": {
								"north": {"uv": [6, 16], "uv_size": [0.5, 0.5]},
								"east": {"uv": [16, 6], "uv_size": [0.5, 0.5]},
								"south": {"uv": [7, 16], "uv_size": [0.5, 0.5]},
								"west": {"uv": [16, 7], "uv_size": [0.5, 0.5]},
								"up": {"uv": [8, 16], "uv_size": [0.5, 0.5]},
								"down": {"uv": [16, 8.5], "uv_size": [0.5, -0.5]}
							}
						},
						{
							"origin": [-1.1, 13.35, -6.35],
							"size": [0.1, 0.275, 0.475],
							"pivot": [-1.1, 13.625, -5.875],
							"rotation": [20, 0, 0],
							"uv": {
								"north": {"uv": [12, 16], "uv_size": [0.5, 0.5]},
								"east": {"uv": [16, 12], "uv_size": [0.5, 0.5]},
								"south": {"uv": [13, 16], "uv_size": [0.5, 0.5]},
								"west": {"uv": [16, 13], "uv_size": [0.5, 0.5]},
								"up": {"uv": [14, 16], "uv_size": [0.5, 0.5]},
								"down": {"uv": [16, 14.5], "uv_size": [0.5, -0.5]}
							}
						}
					]
				},
				{
					"name": "Hammer",
					"parent": "Hussar",
					"pivot": [-1.1675, 13.2025, -4.875],
					"cubes": [
						{
							"origin": [-1.325, 13.125, -5.125],
							"size": [0.225, 0.375, 0.375],
							"uv": {
								"north": {"uv": [17, 8], "uv_size": [0.5, 0.5]},
								"east": {"uv": [9, 17], "uv_size": [0.5, 0.5]},
								"south": {"uv": [17, 9], "uv_size": [0.5, 0.5]},
								"west": {"uv": [10, 17], "uv_size": [0.5, 0.5]},
								"up": {"uv": [17, 10], "uv_size": [0.5, 0.5]},
								"down": {"uv": [11, 17.5], "uv_size": [0.5, -0.5]}
							}
						},
						{
							"origin": [-1.2, 13.5, -5.125],
							"size": [0.1, 0.5, 0.25],
							"uv": {
								"north": {"uv": [17, 11], "uv_size": [0.5, 0.5]},
								"east": {"uv": [12, 17], "uv_size": [0.5, 0.5]},
								"south": {"uv": [17, 12], "uv_size": [0.5, 0.5]},
								"west": {"uv": [13, 17], "uv_size": [0.5, 0.5]},
								"up": {"uv": [17, 13], "uv_size": [0.5, 0.5]},
								"down": {"uv": [14, 17.5], "uv_size": [0.5, -0.5]}
							}
						},
						{
							"origin": [-1.2, 14.1, -5],
							"size": [0.1, 0.5, 0.125],
							"uv": {
								"north": {"uv": [18, 0], "uv_size": [0.5, 0.5]},
								"east": {"uv": [18, 1], "uv_size": [0.5, 0.5]},
								"south": {"uv": [2, 18], "uv_size": [0.5, 0.5]},
								"west": {"uv": [18, 2], "uv_size": [0.5, 0.5]},
								"up": {"uv": [3, 18], "uv_size": [0.5, 0.5]},
								"down": {"uv": [18, 3.5], "uv_size": [0.5, -0.5]}
							}
						},
						{
							"origin": [-1.275, 14, -5.25],
							"size": [0.225, 0.1, 0.375],
							"uv": {
								"north": {"uv": [17, 14], "uv_size": [0.5, 0.5]},
								"east": {"uv": [15, 17], "uv_size": [0.5, 0.5]},
								"south": {"uv": [17, 15], "uv_size": [0.5, 0.5]},
								"west": {"uv": [16, 17], "uv_size": [0.5, 0.5]},
								"up": {"uv": [17, 16], "uv_size": [0.5, 0.5]},
								"down": {"uv": [17, 17.5], "uv_size": [0.5, -0.5]}
							}
						},
						{
							"origin": [-1.275, 14.25, -5.25],
							"size": [0.225, 0.1, 0.375],
							"uv": {
								"north": {"uv": [4, 18], "uv_size": [0.5, 0.5]},
								"east": {"uv": [18, 4], "uv_size": [0.5, 0.5]},
								"south": {"uv": [5, 18], "uv_size": [0.5, 0.5]},
								"west": {"uv": [18, 5], "uv_size": [0.5, 0.5]},
								"up": {"uv": [6, 18], "uv_size": [0.5, 0.5]},
								"down": {"uv": [18, 6.5], "uv_size": [0.5, -0.5]}
							}
						}
					]
				}
			]
		}
	]
}