{
	"format_version": "1.12.0",
	"minecraft:geometry": [
		{
			"description": {
				"identifier": "geometry.pike",
				"texture_width": 64,
				"texture_height": 64,
				"visible_bounds_width": 4,
				"visible_bounds_height": 2.5,
				"visible_bounds_offset": [0, 0.75, 0]
			},
			"bones": [
				{
					"name": "root",
					"pivot": [0, 0, 0]
				},
				{
					"name": "waist",
					"parent": "root",
					"pivot": [0, 12, 0]
				},
				{
					"name": "body",
					"parent": "waist",
					"pivot": [0, 24, 0]
				},
				{
					"name": "rightArm",
					"parent": "body",
					"pivot": [-5, 22, 0]
				},
				{
					"name": "rightItem",
					"parent": "rightArm",
					"pivot": [-6, 15, 1],
					"locators": {
						"model_root": [-6, 15, 1]
					}
				},
				{
					"name": "Pike",
       "binding": "q.item_slot_to_bone_name(c.item_slot)",
					"parent": "rightItem",
					"pivot": [0, 0, 0],
					"cubes": [
						{
							"origin": [-6.5, 12.875, -13.25],
							"size": [1, 1, 34.125],
							"uv": {
								"north": {"uv": [17, 5], "uv_size": [1, 1]},
								"east": {"uv": [12, 0], "uv_size": [34, 1]},
								"south": {"uv": [6, 17], "uv_size": [1, 1]},
								"west": {"uv": [12, 1], "uv_size": [34, 1]},
								"up": {"uv": [12, 2], "uv_size": [1, 34]},
								"down": {"uv": [4, 46], "uv_size": [1, -34]}
							}
						},
						{
							"origin": [-6.625, 12.75, -15.625],
							"size": [1.25, 1.25, 2.5],
							"uv": {
								"north": {"uv": [16, 13], "uv_size": [1.5, 1.5]},
								"east": {"uv": [13, 13], "uv_size": [2.5, 1.5]},
								"south": {"uv": [15, 16], "uv_size": [1.5, 1.5]},
								"west": {"uv": [9, 15], "uv_size": [2.5, 1.5]},
								"up": {"uv": [15, 10], "uv_size": [1.5, 2.5]},
								"down": {"uv": [13, 17.5], "uv_size": [1.5, -2.5]}
							}
						},
						{
							"origin": [-6.875, 12.125, -15.875],
							"size": [1.75, 2.375, 0.375],
							"uv": {
								"north": {"uv": [9, 12], "uv_size": [2, 2.5]},
								"east": {"uv": [17, 2], "uv_size": [0.5, 2.5]},
								"south": {"uv": [13, 10], "uv_size": [2, 2.5]},
								"west": {"uv": [5, 17], "uv_size": [0.5, 2.5]},
								"up": {"uv": [9, 17], "uv_size": [2, 0.5]},
								"down": {"uv": [17, 10.5], "uv_size": [2, -0.5]}
							}
						},
						{
							"origin": [-6.125, 13, -19.125],
							"size": [0.25, 0.625, 3.375],
							"uv": {
								"north": {"uv": [7, 17], "uv_size": [1, 1]},
								"east": {"uv": [15, 15], "uv_size": [3, 1]},
								"south": {"uv": [11, 17], "uv_size": [1, 1]},
								"west": {"uv": [5, 16], "uv_size": [3, 1]},
								"up": {"uv": [11, 12], "uv_size": [1, 3]},
								"down": {"uv": [8, 19], "uv_size": [1, -3]}
							}
						},
						{
							"origin": [-6.5, 12.375, -16.125],
							"size": [1, 1.875, 0.375],
							"uv": {
								"north": {"uv": [7, 17], "uv_size": [1, 1]},
								"east": {"uv": [15, 15], "uv_size": [3, 1]},
								"south": {"uv": [11, 17], "uv_size": [1, 1]},
								"west": {"uv": [5, 16], "uv_size": [3, 1]},
								"up": {"uv": [11, 12], "uv_size": [1, 3]},
								"down": {"uv": [8, 19], "uv_size": [1, -3]}
							}
						},
						{
							"origin": [-6, 12.375, -20.375],
							"size": [0, 1.875, 4.5],
							"uv": {
								"north": {"uv": [0, 0], "uv_size": [0, 2]},
								"east": {"uv": [13, 6], "uv_size": [4.5, 2]},
								"south": {"uv": [0, 0], "uv_size": [0, 2]},
								"west": {"uv": [13, 8], "uv_size": [4.5, 2]},
								"up": {"uv": [0, 0], "uv_size": [0, 4.5]},
								"down": {"uv": [0, 4.5], "uv_size": [0, -4.5]}
							}
						}
					]
				}
			]
		}
	]
}
