{
	"format_version": "1.12.0",
	"minecraft:geometry": [
		{
			"description": {
				"identifier": "geometry.sabre",
				"texture_width": 32,
				"texture_height": 32,
				"visible_bounds_width": 4,
				"visible_bounds_height": 2.5,
				"visible_bounds_offset": [0, 0.75, 0]
			},
			"bones": [
				{
					"name": "root",
					"pivot": [0, 0, 0]
				},
				{
					"name": "waist",
					"parent": "root",
					"pivot": [0, 12, 0]
				},
				{
					"name": "body",
					"parent": "waist",
					"pivot": [0, 24, 0]
				},
				{
					"name": "rightArm",
					"parent": "body",
					"pivot": [-5, 22, 0]
				},
				{
					"name": "rightItem",
					"parent": "rightArm",
					"pivot": [-6, 15, 1],
					"locators": {
						"model_root": [-6, 15, 1]
					}
				},
				{
					"name": "Sabre",
					"parent": "rightItem",
					"pivot": [-5.69231, 12.64034, -5.43132],
					"cubes": [
						{
							"origin": [-6.25, 12.25, -2.75],
							"size": [1.25, 1.75, 5.625],
							"uv": {
								"north": {"uv": [12, 10], "uv_size": [1.5, 2]},
								"east": {"uv": [0, 4], "uv_size": [5.5, 2]},
								"south": {"uv": [12, 12], "uv_size": [1.5, 2]},
								"west": {"uv": [0, 6], "uv_size": [5.5, 2]},
								"up": {"uv": [0, 8], "uv_size": [1.5, 5.5]},
								"down": {"uv": [2, 13.5], "uv_size": [1.5, -5.5]}
							}
						},
						{
							"origin": [-6.375, 12.19337, -2.89415],
							"size": [1.5, 2.625, 0.25],
							"uv": {
								"north": {"uv": [10, 10], "uv_size": [1.5, 2.5]},
								"east": {"uv": [13, 14], "uv_size": [0.5, 2.5]},
								"south": {"uv": [12, 4], "uv_size": [1.5, 2.5]},
								"west": {"uv": [15, 0], "uv_size": [0.5, 2.5]},
								"up": {"uv": [16, 9], "uv_size": [1.5, 0.5]},
								"down": {"uv": [16, 10.5], "uv_size": [1.5, -0.5]}
							}
						},
						{
							"origin": [-6.375, 9.62883, 2.0439],
							"size": [1.5, 1.375, 0.25],
							"pivot": [-5.125, 11.00383, 2.2939],
							"rotation": [-77.76818, 0, 0],
							"uv": {
								"north": {"uv": [14, 8], "uv_size": [1.5, 1.5]},
								"east": {"uv": [0, 16], "uv_size": [0.5, 1.5]},
								"south": {"uv": [14, 10], "uv_size": [1.5, 1.5]},
								"west": {"uv": [16, 0], "uv_size": [0.5, 1.5]},
								"up": {"uv": [16, 2], "uv_size": [1.5, 0.5]},
								"down": {"uv": [16, 4.5], "uv_size": [1.5, -0.5]}
							}
						},
						{
							"origin": [-6.375, 8.21251, 0.70011],
							"size": [1.5, 2.5, 0.25],
							"pivot": [-5.125, 10.71251, 0.95011],
							"rotation": [-90.26818, 0, 0],
							"uv": {
								"north": {"uv": [6, 10], "uv_size": [1.5, 2.5]},
								"east": {"uv": [12, 14], "uv_size": [0.5, 2.5]},
								"south": {"uv": [8, 10], "uv_size": [1.5, 2.5]},
								"west": {"uv": [14, 12], "uv_size": [0.5, 2.5]},
								"up": {"uv": [16, 5], "uv_size": [1.5, 0.5]},
								"down": {"uv": [16, 6.5], "uv_size": [1.5, -0.5]}
							}
						},
						{
							"origin": [-6.375, 8.71251, -1.79989],
							"size": [1.5, 2, 0.25],
							"pivot": [-5.125, 10.71251, -1.54989],
							"rotation": [-137.76818, 0, 0],
							"uv": {
								"north": {"uv": [13, 0], "uv_size": [1.5, 2]},
								"east": {"uv": [6, 15], "uv_size": [0.5, 2]},
								"south": {"uv": [13, 2], "uv_size": [1.5, 2]},
								"west": {"uv": [7, 15], "uv_size": [0.5, 2]},
								"up": {"uv": [16, 7], "uv_size": [1.5, 0.5]},
								"down": {"uv": [16, 8.5], "uv_size": [1.5, -0.5]}
							}
						},
						{
							"origin": [-6, 12.75, -4.875],
							"size": [0.5, 1.125, 2],
							"uv": {
								"north": {"uv": [1, 16], "uv_size": [0.5, 1.5]},
								"east": {"uv": [6, 13], "uv_size": [2, 1.5]},
								"south": {"uv": [16, 11], "uv_size": [0.5, 1.5]},
								"west": {"uv": [8, 13], "uv_size": [2, 1.5]},
								"up": {"uv": [8, 15], "uv_size": [0.5, 2]},
								"down": {"uv": [9, 17], "uv_size": [0.5, -2]}
							}
						},
						{
							"origin": [-5.75, 12.25, -4.875],
							"size": [0, 0.5, 2],
							"uv": {
								"north": {"uv": [0, 0], "uv_size": [0, 0.5]},
								"east": {"uv": [12, 7], "uv_size": [2, 0.5]},
								"south": {"uv": [0, 0], "uv_size": [0, 0.5]},
								"west": {"uv": [15, 3], "uv_size": [2, 0.5]},
								"up": {"uv": [0, 0], "uv_size": [0, 2]},
								"down": {"uv": [0, 2], "uv_size": [0, -2]}
							}
						},
						{
							"origin": [-6.25, 10.875, 2.625],
							"size": [1.25, 1.375, 0.25],
							"pivot": [-5.125, 12.25, 2.875],
							"rotation": [-25, 0, 0],
							"uv": {
								"north": {"uv": [14, 4], "uv_size": [1.5, 1.5]},
								"east": {"uv": [15, 12], "uv_size": [0.5, 1.5]},
								"south": {"uv": [14, 6], "uv_size": [1.5, 1.5]},
								"west": {"uv": [14, 15], "uv_size": [0.5, 1.5]},
								"up": {"uv": [15, 14], "uv_size": [1.5, 0.5]},
								"down": {"uv": [15, 15.5], "uv_size": [1.5, -0.5]}
							}
						},
						{
							"origin": [-5.75, 12.25, -15],
							"size": [0, 0.5, 10.125],
							"pivot": [-5.75, 12.25, -4.875],
							"rotation": [-2.5, 0, 0],
							"uv": {
								"north": {"uv": [0, 0], "uv_size": [0, 0.5]},
								"east": {"uv": [4, 8], "uv_size": [10, 0.5]},
								"south": {"uv": [0, 0], "uv_size": [0, 0.5]},
								"west": {"uv": [4, 9], "uv_size": [10, 0.5]},
								"up": {"uv": [0, 0], "uv_size": [0, 10]},
								"down": {"uv": [0, 10], "uv_size": [0, -10]}
							}
						},
						{
							"origin": [-5.75, 12.69165, -20.99036],
							"size": [0, 1.625, 6],
							"pivot": [-5.75, 12.69165, -14.99036],
							"rotation": [-7.5, 0, 0],
							"uv": {
								"north": {"uv": [0, 0], "uv_size": [0, 1.5]},
								"east": {"uv": [6, 4], "uv_size": [6, 1.5]},
								"south": {"uv": [0, 0], "uv_size": [0, 1.5]},
								"west": {"uv": [6, 6], "uv_size": [6, 1.5]},
								"up": {"uv": [0, 0], "uv_size": [0, 6]},
								"down": {"uv": [0, 6], "uv_size": [0, -6]}
							}
						},
						{
							"origin": [-6, 12.75, -6.875],
							"size": [0.5, 1.125, 2],
							"pivot": [-6, 12.5, -4.875],
							"rotation": [-2.47401, 0, 0],
							"uv": {
								"north": {"uv": [15, 16], "uv_size": [0.5, 1.5]},
								"east": {"uv": [10, 13], "uv_size": [2, 1.5]},
								"south": {"uv": [16, 16], "uv_size": [0.5, 1.5]},
								"west": {"uv": [0, 14], "uv_size": [2, 1.5]},
								"up": {"uv": [10, 15], "uv_size": [0.5, 2]},
								"down": {"uv": [11, 17], "uv_size": [0.5, -2]}
							}
						},
						{
							"origin": [-5.875, 12.83633, -14.99814],
							"size": [0.25, 1.125, 8.125],
							"pivot": [-6, 12.58633, -6.87314],
							"rotation": [-2.47401, 0, 0],
							"uv": {
								"north": {"uv": [17, 0], "uv_size": [0.5, 1.5]},
								"east": {"uv": [0, 0], "uv_size": [8, 1.5]},
								"south": {"uv": [6, 17], "uv_size": [0.5, 1.5]},
								"west": {"uv": [0, 2], "uv_size": [8, 1.5]},
								"up": {"uv": [4, 10], "uv_size": [0.5, 8]},
								"down": {"uv": [5, 18], "uv_size": [0.5, -8]}
							}
						}
					]
				}
			]
		}
	]
}