{
	"format_version": "1.12.0",
	"minecraft:geometry": [
		{
			"description": {
				"identifier": "geometry.ship12_pounder",
				"texture_width": 32,
				"texture_height": 32,
				"visible_bounds_width": 2,
				"visible_bounds_height": 1.5,
				"visible_bounds_offset": [0, 0.25, 0]
			},
			"bones": [
				{
					"name": "Wheel",
					"pivot": [0, 0.625, 0.4375],
					"cubes": [
						{
							"origin": [1.055, 0.3599, -0.2025],
							"size": [0.39, 0.53019, 1.28],
							"pivot": [1.125, 0.625, 0.4375],
							"rotation": [-45, 0, 0],
							"uv": {
								"north": {"uv": [15, 23], "uv_size": [0.5, 0.5]},
								"east": {"uv": [18, 10], "uv_size": [1.25, 0.5]},
								"south": {"uv": [23, 15], "uv_size": [0.5, 0.5]},
								"west": {"uv": [0, 19], "uv_size": [1.25, 0.5]},
								"up": {"uv": [2, 19], "uv_size": [0.5, 1.25]},
								"down": {"uv": [3, 20.25], "uv_size": [0.5, -1.25]}
							}
						},
						{
							"origin": [-1.445, 0.3599, -0.2025],
							"size": [0.39, 0.53019, 1.28],
							"pivot": [-1.125, 0.625, 0.4375],
							"rotation": [-45, 0, 0],
							"uv": {
								"north": {"uv": [23, 7], "uv_size": [0.5, 0.5]},
								"east": {"uv": [18, 3], "uv_size": [1.25, 0.5]},
								"south": {"uv": [8, 23], "uv_size": [0.5, 0.5]},
								"west": {"uv": [18, 4], "uv_size": [1.25, 0.5]},
								"up": {"uv": [10, 17], "uv_size": [0.5, 1.25]},
								"down": {"uv": [18, 6.25], "uv_size": [0.5, -1.25]}
							}
						},
						{
							"origin": [1.055, 0.3599, -0.2025],
							"size": [0.39, 0.53019, 1.28],
							"uv": {
								"north": {"uv": [16, 23], "uv_size": [0.5, 0.5]},
								"east": {"uv": [4, 19], "uv_size": [1.25, 0.5]},
								"south": {"uv": [23, 16], "uv_size": [0.5, 0.5]},
								"west": {"uv": [19, 5], "uv_size": [1.25, 0.5]},
								"up": {"uv": [6, 19], "uv_size": [0.5, 1.25]},
								"down": {"uv": [7, 20.25], "uv_size": [0.5, -1.25]}
							}
						},
						{
							"origin": [-1.445, 0.3599, -0.2025],
							"size": [0.39, 0.53019, 1.28],
							"uv": {
								"north": {"uv": [23, 8], "uv_size": [0.5, 0.5]},
								"east": {"uv": [6, 18], "uv_size": [1.25, 0.5]},
								"south": {"uv": [23, 9], "uv_size": [0.5, 0.5]},
								"west": {"uv": [18, 7], "uv_size": [1.25, 0.5]},
								"up": {"uv": [8, 18], "uv_size": [0.5, 1.25]},
								"down": {"uv": [18, 9.25], "uv_size": [0.5, -1.25]}
							}
						},
						{
							"origin": [-1.445, -0.015, 0.1724],
							"size": [0.39, 1.28, 0.53019],
							"pivot": [-1.125, 0.625, 0.4375],
							"rotation": [-45, 0, 0],
							"uv": {
								"north": {"uv": [11, 18], "uv_size": [0.5, 1.25]},
								"east": {"uv": [12, 18], "uv_size": [0.5, 1.25]},
								"south": {"uv": [13, 18], "uv_size": [0.5, 1.25]},
								"west": {"uv": [14, 18], "uv_size": [0.5, 1.25]},
								"up": {"uv": [10, 23], "uv_size": [0.5, 0.5]},
								"down": {"uv": [11, 23.5], "uv_size": [0.5, -0.5]}
							}
						},
						{
							"origin": [-1.445, -0.015, 0.1724],
							"size": [0.39, 1.28, 0.53019],
							"uv": {
								"north": {"uv": [15, 18], "uv_size": [0.5, 1.25]},
								"east": {"uv": [16, 18], "uv_size": [0.5, 1.25]},
								"south": {"uv": [17, 18], "uv_size": [0.5, 1.25]},
								"west": {"uv": [18, 18], "uv_size": [0.5, 1.25]},
								"up": {"uv": [13, 23], "uv_size": [0.5, 0.5]},
								"down": {"uv": [14, 23.5], "uv_size": [0.5, -0.5]}
							}
						},
						{
							"origin": [1.055, -0.015, 0.1724],
							"size": [0.39, 1.28, 0.53019],
							"pivot": [1.125, 0.625, 0.4375],
							"rotation": [-45, 0, 0],
							"uv": {
								"north": {"uv": [19, 8], "uv_size": [0.5, 1.25]},
								"east": {"uv": [9, 19], "uv_size": [0.5, 1.25]},
								"south": {"uv": [10, 19], "uv_size": [0.5, 1.25]},
								"west": {"uv": [19, 17], "uv_size": [0.5, 1.25]},
								"up": {"uv": [17, 23], "uv_size": [0.5, 0.5]},
								"down": {"uv": [23, 17.5], "uv_size": [0.5, -0.5]}
							}
						},
						{
							"origin": [1.055, -0.015, 0.1724],
							"size": [0.39, 1.28, 0.53019],
							"uv": {
								"north": {"uv": [19, 19], "uv_size": [0.5, 1.25]},
								"east": {"uv": [0, 20], "uv_size": [0.5, 1.25]},
								"south": {"uv": [1, 20], "uv_size": [0.5, 1.25]},
								"west": {"uv": [20, 3], "uv_size": [0.5, 1.25]},
								"up": {"uv": [18, 23], "uv_size": [0.5, 0.5]},
								"down": {"uv": [23, 18.5], "uv_size": [0.5, -0.5]}
							}
						}
					]
				},
				{
					"name": "Wheel2",
					"pivot": [0, 0.5, 4.25],
					"cubes": [
						{
							"origin": [-1.3682, 0.29853, 3.7636],
							"size": [0.2964, 0.40295, 0.9728],
							"pivot": [-1.25, 0.5, 4.25],
							"rotation": [-45, 0, 0],
							"uv": {
								"north": {"uv": [25, 1], "uv_size": [0.25, 0.5]},
								"east": {"uv": [13, 20], "uv_size": [1, 0.5]},
								"south": {"uv": [2, 25], "uv_size": [0.25, 0.5]},
								"west": {"uv": [20, 13], "uv_size": [1, 0.5]},
								"up": {"uv": [19, 23], "uv_size": [0.25, 1]},
								"down": {"uv": [23, 20], "uv_size": [0.25, -1]}
							}
						},
						{
							"origin": [-1.3682, 0.29853, 3.7636],
							"size": [0.2964, 0.40295, 0.9728],
							"uv": {
								"north": {"uv": [25, 2], "uv_size": [0.25, 0.5]},
								"east": {"uv": [14, 20], "uv_size": [1, 0.5]},
								"south": {"uv": [3, 25], "uv_size": [0.25, 0.5]},
								"west": {"uv": [20, 14], "uv_size": [1, 0.5]},
								"up": {"uv": [23, 20], "uv_size": [0.25, 1]},
								"down": {"uv": [21, 24], "uv_size": [0.25, -1]}
							}
						},
						{
							"origin": [-1.3682, 0.0136, 4.04853],
							"size": [0.2964, 0.9728, 0.40295],
							"pivot": [-1.25, 0.5, 4.25],
							"rotation": [-45, 0, 0],
							"uv": {
								"north": {"uv": [22, 23], "uv_size": [0.25, 1]},
								"east": {"uv": [15, 20], "uv_size": [0.5, 1]},
								"south": {"uv": [23, 22], "uv_size": [0.25, 1]},
								"west": {"uv": [20, 15], "uv_size": [0.5, 1]},
								"up": {"uv": [25, 3], "uv_size": [0.25, 0.5]},
								"down": {"uv": [4, 25.5], "uv_size": [0.25, -0.5]}
							}
						},
						{
							"origin": [-1.3682, 0.0136, 4.04853],
							"size": [0.2964, 0.9728, 0.40295],
							"uv": {
								"north": {"uv": [23, 23], "uv_size": [0.25, 1]},
								"east": {"uv": [16, 20], "uv_size": [0.5, 1]},
								"south": {"uv": [24, 0], "uv_size": [0.25, 1]},
								"west": {"uv": [20, 16], "uv_size": [0.5, 1]},
								"up": {"uv": [25, 4], "uv_size": [0.25, 0.5]},
								"down": {"uv": [5, 25.5], "uv_size": [0.25, -0.5]}
							}
						},
						{
							"origin": [1.0718, 0.29853, 3.7636],
							"size": [0.2964, 0.40295, 0.9728],
							"uv": {
								"north": {"uv": [25, 6], "uv_size": [0.25, 0.5]},
								"east": {"uv": [18, 20], "uv_size": [1, 0.5]},
								"south": {"uv": [7, 25], "uv_size": [0.25, 0.5]},
								"west": {"uv": [20, 18], "uv_size": [1, 0.5]},
								"up": {"uv": [7, 24], "uv_size": [0.25, 1]},
								"down": {"uv": [24, 8], "uv_size": [0.25, -1]}
							}
						},
						{
							"origin": [1.0718, 0.0136, 4.04853],
							"size": [0.2964, 0.9728, 0.40295],
							"uv": {
								"north": {"uv": [9, 24], "uv_size": [0.25, 1]},
								"east": {"uv": [21, 0], "uv_size": [0.5, 1]},
								"south": {"uv": [24, 9], "uv_size": [0.25, 1]},
								"west": {"uv": [21, 1], "uv_size": [0.5, 1]},
								"up": {"uv": [25, 8], "uv_size": [0.25, 0.5]},
								"down": {"uv": [9, 25.5], "uv_size": [0.25, -0.5]}
							}
						},
						{
							"origin": [1.0718, 0.0136, 4.04853],
							"size": [0.2964, 0.9728, 0.40295],
							"pivot": [1.25, 0.5, 4.25],
							"rotation": [-45, 0, 0],
							"uv": {
								"north": {"uv": [8, 24], "uv_size": [0.25, 1]},
								"east": {"uv": [20, 19], "uv_size": [0.5, 1]},
								"south": {"uv": [24, 8], "uv_size": [0.25, 1]},
								"west": {"uv": [20, 20], "uv_size": [0.5, 1]},
								"up": {"uv": [25, 7], "uv_size": [0.25, 0.5]},
								"down": {"uv": [8, 25.5], "uv_size": [0.25, -0.5]}
							}
						},
						{
							"origin": [1.0718, 0.29853, 3.7636],
							"size": [0.2964, 0.40295, 0.9728],
							"pivot": [1.25, 0.5, 4.25],
							"rotation": [-45, 0, 0],
							"uv": {
								"north": {"uv": [25, 5], "uv_size": [0.25, 0.5]},
								"east": {"uv": [17, 20], "uv_size": [1, 0.5]},
								"south": {"uv": [6, 25], "uv_size": [0.25, 0.5]},
								"west": {"uv": [20, 17], "uv_size": [1, 0.5]},
								"up": {"uv": [24, 5], "uv_size": [0.25, 1]},
								"down": {"uv": [6, 25], "uv_size": [0.25, -1]}
							}
						}
					]
				},
				{
					"name": "RightSupport",
					"pivot": [-0.75471, 1.42708, 3.36602],
					"rotation": [0, -1.5, 0],
					"cubes": [
						{
							"origin": [-0.99429, 0.8125, -0.37356],
							"size": [0.375, 2.125, 2.875],
							"uv": {
								"north": {"uv": [13, 15], "uv_size": [0.5, 2.25]},
								"east": {"uv": [4, 0], "uv_size": [3, 2.25]},
								"south": {"uv": [14, 15], "uv_size": [0.5, 2.25]},
								"west": {"uv": [4, 3], "uv_size": [3, 2.25]},
								"up": {"uv": [5, 9], "uv_size": [0.5, 3]},
								"down": {"uv": [6, 18], "uv_size": [0.5, -3]}
							}
						},
						{
							"origin": [-0.99429, 0.8125, 2.50144],
							"size": [0.375, 1.75, 0.5],
							"uv": {
								"north": {"uv": [16, 6], "uv_size": [0.5, 1.75]},
								"east": {"uv": [16, 8], "uv_size": [0.5, 1.75]},
								"south": {"uv": [11, 16], "uv_size": [0.5, 1.75]},
								"west": {"uv": [12, 16], "uv_size": [0.5, 1.75]},
								"up": {"uv": [1, 24], "uv_size": [0.5, 0.5]},
								"down": {"uv": [24, 1.5], "uv_size": [0.5, -0.5]}
							}
						},
						{
							"origin": [-0.99429, 0.8125, 3.00144],
							"size": [0.375, 1.375, 0.5],
							"uv": {
								"north": {"uv": [3, 17], "uv_size": [0.5, 1.5]},
								"east": {"uv": [17, 3], "uv_size": [0.5, 1.5]},
								"south": {"uv": [4, 17], "uv_size": [0.5, 1.5]},
								"west": {"uv": [5, 17], "uv_size": [0.5, 1.5]},
								"up": {"uv": [2, 24], "uv_size": [0.5, 0.5]},
								"down": {"uv": [3, 24.5], "uv_size": [0.5, -0.5]}
							}
						},
						{
							"origin": [-0.99429, 0.8125, 3.50144],
							"size": [0.375, 1.125, 0.5],
							"uv": {
								"north": {"uv": [4, 20], "uv_size": [0.5, 1.25]},
								"east": {"uv": [5, 20], "uv_size": [0.5, 1.25]},
								"south": {"uv": [20, 6], "uv_size": [0.5, 1.25]},
								"west": {"uv": [8, 20], "uv_size": [0.5, 1.25]},
								"up": {"uv": [4, 24], "uv_size": [0.5, 0.5]},
								"down": {"uv": [24, 4.5], "uv_size": [0.5, -0.5]}
							}
						},
						{
							"origin": [-0.99429, 0.8125, 4.00144],
							"size": [0.375, 0.75, 0.625],
							"uv": {
								"north": {"uv": [7, 21], "uv_size": [0.5, 0.75]},
								"east": {"uv": [16, 10], "uv_size": [0.75, 0.75]},
								"south": {"uv": [21, 8], "uv_size": [0.5, 0.75]},
								"west": {"uv": [19, 6], "uv_size": [0.75, 0.75]},
								"up": {"uv": [9, 21], "uv_size": [0.5, 0.75]},
								"down": {"uv": [21, 9.75], "uv_size": [0.5, -0.75]}
							}
						},
						{
							"origin": [-0.99429, 0.8125, 4.62644],
							"size": [1, 0.25, 0.875],
							"uv": {
								"north": {"uv": [10, 24], "uv_size": [1, 0.25]},
								"east": {"uv": [24, 10], "uv_size": [1, 0.25]},
								"south": {"uv": [11, 24], "uv_size": [1, 0.25]},
								"west": {"uv": [24, 11], "uv_size": [1, 0.25]},
								"up": {"uv": [3, 5], "uv_size": [1, 1]},
								"down": {"uv": [10, 6], "uv_size": [1, -1]}
							}
						}
					]
				},
				{
					"name": "LeftSupport",
					"pivot": [0.49043, 1.18194, 2.99192],
					"rotation": [0, 1.5, 0],
					"cubes": [
						{
							"origin": [0.60941, 0.8125, -0.36677],
							"size": [0.375, 2.125, 2.875],
							"uv": {
								"north": {"uv": [15, 15], "uv_size": [0.5, 2.25]},
								"east": {"uv": [0, 5], "uv_size": [3, 2.25]},
								"south": {"uv": [0, 16], "uv_size": [0.5, 2.25]},
								"west": {"uv": [3, 6], "uv_size": [3, 2.25]},
								"up": {"uv": [7, 15], "uv_size": [0.5, 3]},
								"down": {"uv": [8, 18], "uv_size": [0.5, -3]}
							}
						},
						{
							"origin": [-0.70298, 0.8125, -0.37495],
							"size": [1.375, 0.25, 5.0625],
							"uv": {
								"north": {"uv": [22, 11], "uv_size": [1.5, 0.25]},
								"east": {"uv": [15, 11], "uv_size": [5, 0.25]},
								"south": {"uv": [22, 12], "uv_size": [1.5, 0.25]},
								"west": {"uv": [15, 12], "uv_size": [5, 0.25]},
								"up": {"uv": [0, 0], "uv_size": [1.5, 5]},
								"down": {"uv": [2, 5], "uv_size": [1.5, -5]}
							}
						},
						{
							"origin": [-1.50966, 0.4375, 4.16635],
							"size": [2.9375, 0.2, 0.2],
							"uv": {
								"north": {"uv": [17, 0], "uv_size": [3, 0.25]},
								"east": {"uv": [25, 11], "uv_size": [0.25, 0.25]},
								"south": {"uv": [17, 13], "uv_size": [3, 0.25]},
								"west": {"uv": [12, 25], "uv_size": [0.25, 0.25]},
								"up": {"uv": [17, 14], "uv_size": [3, 0.25]},
								"down": {"uv": [17, 15.25], "uv_size": [3, -0.25]}
							}
						},
						{
							"origin": [-1.47072, 0.5, 0.29268],
							"size": [3.0625, 0.2, 0.2],
							"uv": {
								"north": {"uv": [16, 17], "uv_size": [3, 0.25]},
								"east": {"uv": [25, 12], "uv_size": [0.25, 0.25]},
								"south": {"uv": [17, 16], "uv_size": [3, 0.25]},
								"west": {"uv": [13, 25], "uv_size": [0.25, 0.25]},
								"up": {"uv": [18, 1], "uv_size": [3, 0.25]},
								"down": {"uv": [18, 2.25], "uv_size": [3, -0.25]}
							}
						},
						{
							"origin": [0.60941, 0.8125, 2.50823],
							"size": [0.375, 1.75, 0.5],
							"uv": {
								"north": {"uv": [16, 13], "uv_size": [0.5, 1.75]},
								"east": {"uv": [16, 15], "uv_size": [0.5, 1.75]},
								"south": {"uv": [1, 17], "uv_size": [0.5, 1.75]},
								"west": {"uv": [2, 17], "uv_size": [0.5, 1.75]},
								"up": {"uv": [12, 24], "uv_size": [0.5, 0.5]},
								"down": {"uv": [24, 12.5], "uv_size": [0.5, -0.5]}
							}
						},
						{
							"origin": [0.60941, 0.8125, 3.00823],
							"size": [0.375, 1.375, 0.5],
							"uv": {
								"north": {"uv": [17, 5], "uv_size": [0.5, 1.5]},
								"east": {"uv": [17, 7], "uv_size": [0.5, 1.5]},
								"south": {"uv": [9, 17], "uv_size": [0.5, 1.5]},
								"west": {"uv": [17, 9], "uv_size": [0.5, 1.5]},
								"up": {"uv": [13, 24], "uv_size": [0.5, 0.5]},
								"down": {"uv": [24, 13.5], "uv_size": [0.5, -0.5]}
							}
						},
						{
							"origin": [0.60941, 0.8125, 3.50823],
							"size": [0.375, 1.125, 0.5],
							"uv": {
								"north": {"uv": [20, 8], "uv_size": [0.5, 1.25]},
								"east": {"uv": [20, 10], "uv_size": [0.5, 1.25]},
								"south": {"uv": [11, 20], "uv_size": [0.5, 1.25]},
								"west": {"uv": [12, 20], "uv_size": [0.5, 1.25]},
								"up": {"uv": [14, 24], "uv_size": [0.5, 0.5]},
								"down": {"uv": [24, 14.5], "uv_size": [0.5, -0.5]}
							}
						},
						{
							"origin": [0.60941, 0.8125, 4.00823],
							"size": [0.375, 0.75, 0.625],
							"uv": {
								"north": {"uv": [10, 21], "uv_size": [0.5, 0.75]},
								"east": {"uv": [20, 0], "uv_size": [0.75, 0.75]},
								"south": {"uv": [21, 10], "uv_size": [0.5, 0.75]},
								"west": {"uv": [20, 12], "uv_size": [0.75, 0.75]},
								"up": {"uv": [21, 11], "uv_size": [0.5, 0.75]},
								"down": {"uv": [21, 12.75], "uv_size": [0.5, -0.75]}
							}
						},
						{
							"origin": [-0.14059, 0.8125, 4.63323],
							"size": [1.125, 0.25, 0.875],
							"uv": {
								"north": {"uv": [22, 13], "uv_size": [1.25, 0.25]},
								"east": {"uv": [15, 24], "uv_size": [1, 0.25]},
								"south": {"uv": [14, 22], "uv_size": [1.25, 0.25]},
								"west": {"uv": [24, 15], "uv_size": [1, 0.25]},
								"up": {"uv": [14, 8], "uv_size": [1.25, 1]},
								"down": {"uv": [15, 5], "uv_size": [1.25, -1]}
							}
						}
					]
				},
				{
					"name": "Cannon",
					"pivot": [-0.08095, 2.79963, 0.702],
					"cubes": [
						{
							"origin": [-0.65, 2.5, -0.14062],
							"size": [1.125, 1.125, 1.875],
							"uv": {
								"north": {"uv": [8, 13], "uv_size": [1.25, 1.25]},
								"east": {"uv": [10, 1], "uv_size": [2, 1.25]},
								"south": {"uv": [13, 9], "uv_size": [1.25, 1.25]},
								"west": {"uv": [10, 3], "uv_size": [2, 1.25]},
								"up": {"uv": [10, 7], "uv_size": [1.25, 2]},
								"down": {"uv": [11, 7], "uv_size": [1.25, -2]}
							}
						},
						{
							"origin": [-1, 2.5625, 0.4375],
							"size": [2, 0.5, 0.5],
							"uv": {
								"north": {"uv": [1, 16], "uv_size": [2, 0.5]},
								"east": {"uv": [23, 24], "uv_size": [0.5, 0.5]},
								"south": {"uv": [16, 1], "uv_size": [2, 0.5]},
								"west": {"uv": [24, 23], "uv_size": [0.5, 0.5]},
								"up": {"uv": [16, 2], "uv_size": [2, 0.5]},
								"down": {"uv": [3, 16.5], "uv_size": [2, -0.5]}
							}
						},
						{
							"origin": [-0.675, 2.5, -0.20312],
							"size": [1.15, 1.15, 0.0625],
							"uv": {
								"north": {"uv": [12, 13], "uv_size": [1.25, 1.25]},
								"east": {"uv": [12, 22], "uv_size": [0.25, 1.25]},
								"south": {"uv": [0, 14], "uv_size": [1.25, 1.25]},
								"west": {"uv": [22, 16], "uv_size": [0.25, 1.25]},
								"up": {"uv": [22, 14], "uv_size": [1.25, 0.25]},
								"down": {"uv": [17, 22.25], "uv_size": [1.25, -0.25]}
							}
						},
						{
							"origin": [-0.675, 2.5625, -0.39062],
							"size": [1.15, 1.0875, 0.0625],
							"uv": {
								"north": {"uv": [15, 5], "uv_size": [1.25, 1]},
								"east": {"uv": [22, 24], "uv_size": [0.25, 1]},
								"south": {"uv": [11, 15], "uv_size": [1.25, 1]},
								"west": {"uv": [24, 22], "uv_size": [0.25, 1]},
								"up": {"uv": [3, 23], "uv_size": [1.25, 0.25]},
								"down": {"uv": [23, 3.25], "uv_size": [1.25, -0.25]}
							}
						},
						{
							"origin": [-0.6125, 2.5625, -5.39062],
							"size": [1.025, 1.0875, 0.0625],
							"uv": {
								"north": {"uv": [16, 3], "uv_size": [1, 1]},
								"east": {"uv": [24, 24], "uv_size": [0.25, 1]},
								"south": {"uv": [5, 16], "uv_size": [1, 1]},
								"west": {"uv": [0, 25], "uv_size": [0.25, 1]},
								"up": {"uv": [25, 0], "uv_size": [1, 0.25]},
								"down": {"uv": [1, 25.25], "uv_size": [1, -0.25]}
							}
						},
						{
							"origin": [-0.775, 2.375, 0.17188],
							"size": [1.375, 1.375, 0.125],
							"uv": {
								"north": {"uv": [11, 9], "uv_size": [1.5, 1.5]},
								"east": {"uv": [13, 21], "uv_size": [0.25, 1.5]},
								"south": {"uv": [11, 11], "uv_size": [1.5, 1.5]},
								"west": {"uv": [21, 13], "uv_size": [0.25, 1.5]},
								"up": {"uv": [14, 21], "uv_size": [1.5, 0.25]},
								"down": {"uv": [21, 15.25], "uv_size": [1.5, -0.25]}
							}
						},
						{
							"origin": [-0.7125, 2.4375, 0.10938],
							"size": [1.25, 1.25, 0.0625],
							"uv": {
								"north": {"uv": [14, 2], "uv_size": [1.25, 1.25]},
								"east": {"uv": [0, 23], "uv_size": [0.25, 1.25]},
								"south": {"uv": [4, 14], "uv_size": [1.25, 1.25]},
								"west": {"uv": [23, 0], "uv_size": [0.25, 1.25]},
								"up": {"uv": [1, 23], "uv_size": [1.25, 0.25]},
								"down": {"uv": [23, 2.25], "uv_size": [1.25, -0.25]}
							}
						},
						{
							"origin": [-0.7125, 2.4375, -0.32812],
							"size": [1.25, 1.25, 0.125],
							"uv": {
								"north": {"uv": [14, 0], "uv_size": [1.25, 1.25]},
								"east": {"uv": [22, 19], "uv_size": [0.25, 1.25]},
								"south": {"uv": [2, 14], "uv_size": [1.25, 1.25]},
								"west": {"uv": [20, 22], "uv_size": [0.25, 1.25]},
								"up": {"uv": [21, 22], "uv_size": [1.25, 0.25]},
								"down": {"uv": [22, 21.25], "uv_size": [1.25, -0.25]}
							}
						},
						{
							"origin": [-0.6875, 2.5, -5.32812],
							"size": [1.1875, 1.25, 0.125],
							"uv": {
								"north": {"uv": [14, 6], "uv_size": [1.25, 1.25]},
								"east": {"uv": [23, 4], "uv_size": [0.25, 1.25]},
								"south": {"uv": [14, 13], "uv_size": [1.25, 1.25]},
								"west": {"uv": [5, 23], "uv_size": [0.25, 1.25]},
								"up": {"uv": [6, 23], "uv_size": [1.25, 0.25]},
								"down": {"uv": [23, 6.25], "uv_size": [1.25, -0.25]}
							}
						},
						{
							"origin": [-0.775, 2.3125, 1.73438],
							"size": [1.375, 1.4375, 2.8125],
							"uv": {
								"north": {"uv": [7, 11], "uv_size": [1.5, 1.5]},
								"east": {"uv": [7, 7], "uv_size": [2.75, 1.5]},
								"south": {"uv": [9, 11], "uv_size": [1.5, 1.5]},
								"west": {"uv": [0, 8], "uv_size": [2.75, 1.5]},
								"up": {"uv": [8, 1], "uv_size": [1.5, 2.75]},
								"down": {"uv": [3, 11.75], "uv_size": [1.5, -2.75]}
							}
						},
						{
							"origin": [-0.9, 2.1875, 4.54688],
							"size": [1.625, 1.75, 0.125],
							"uv": {
								"north": {"uv": [8, 4], "uv_size": [1.75, 1.75]},
								"east": {"uv": [2, 21], "uv_size": [0.25, 1.75]},
								"south": {"uv": [7, 9], "uv_size": [1.75, 1.75]},
								"west": {"uv": [21, 2], "uv_size": [0.25, 1.75]},
								"up": {"uv": [21, 4], "uv_size": [1.75, 0.25]},
								"down": {"uv": [21, 5.25], "uv_size": [1.75, -0.25]}
							}
						},
						{
							"origin": [-0.525, 2.5625, 4.67188],
							"size": [0.875, 0.875, 0.1875],
							"uv": {
								"north": {"uv": [13, 6], "uv_size": [1, 1]},
								"east": {"uv": [16, 24], "uv_size": [0.25, 1]},
								"south": {"uv": [16, 0], "uv_size": [1, 1]},
								"west": {"uv": [24, 16], "uv_size": [0.25, 1]},
								"up": {"uv": [17, 24], "uv_size": [1, 0.25]},
								"down": {"uv": [24, 17.25], "uv_size": [1, -0.25]}
							}
						},
						{
							"origin": [-0.775, 2.375, 4.67188],
							"size": [1.375, 1.375, 0.0625],
							"uv": {
								"north": {"uv": [13, 4], "uv_size": [1.5, 1.5]},
								"east": {"uv": [22, 8], "uv_size": [0.25, 1.5]},
								"south": {"uv": [6, 13], "uv_size": [1.5, 1.5]},
								"west": {"uv": [9, 22], "uv_size": [0.25, 1.5]},
								"up": {"uv": [10, 22], "uv_size": [1.5, 0.25]},
								"down": {"uv": [22, 10.25], "uv_size": [1.5, -0.25]}
							}
						},
						{
							"origin": [-0.275, 2.8125, 4.85938],
							"size": [0.375, 0.375, 0.3125],
							"uv": {
								"north": {"uv": [18, 24], "uv_size": [0.5, 0.5]},
								"east": {"uv": [25, 9], "uv_size": [0.25, 0.5]},
								"south": {"uv": [24, 18], "uv_size": [0.5, 0.5]},
								"west": {"uv": [10, 25], "uv_size": [0.25, 0.5]},
								"up": {"uv": [25, 10], "uv_size": [0.5, 0.25]},
								"down": {"uv": [11, 25.25], "uv_size": [0.5, -0.25]}
							}
						},
						{
							"origin": [-0.3375, 2.75, 5.17188],
							"size": [0.5, 0.5, 0.375],
							"uv": {
								"north": {"uv": [19, 24], "uv_size": [0.5, 0.5]},
								"east": {"uv": [24, 19], "uv_size": [0.5, 0.5]},
								"south": {"uv": [20, 24], "uv_size": [0.5, 0.5]},
								"west": {"uv": [24, 20], "uv_size": [0.5, 0.5]},
								"up": {"uv": [21, 24], "uv_size": [0.5, 0.5]},
								"down": {"uv": [24, 21.5], "uv_size": [0.5, -0.5]}
							}
						},
						{
							"origin": [-0.9, 2.1875, 4.42188],
							"size": [1.625, 1.6875, 0.0625],
							"uv": {
								"north": {"uv": [9, 9], "uv_size": [1.75, 1.75]},
								"east": {"uv": [3, 21], "uv_size": [0.25, 1.75]},
								"south": {"uv": [0, 10], "uv_size": [1.75, 1.75]},
								"west": {"uv": [6, 21], "uv_size": [0.25, 1.75]},
								"up": {"uv": [21, 6], "uv_size": [1.75, 0.25]},
								"down": {"uv": [21, 7.25], "uv_size": [1.75, -0.25]}
							}
						},
						{
							"origin": [-0.8375, 2.25, 3.98438],
							"size": [1.5, 1.5625, 0.0625],
							"uv": {
								"north": {"uv": [2, 12], "uv_size": [1.5, 1.5]},
								"east": {"uv": [19, 21], "uv_size": [0.25, 1.5]},
								"south": {"uv": [12, 2], "uv_size": [1.5, 1.5]},
								"west": {"uv": [21, 19], "uv_size": [0.25, 1.5]},
								"up": {"uv": [20, 21], "uv_size": [1.5, 0.25]},
								"down": {"uv": [0, 22.25], "uv_size": [1.5, -0.25]}
							}
						},
						{
							"origin": [-0.8375, 2.25, 1.85938],
							"size": [1.5, 1.5625, 0.0625],
							"uv": {
								"north": {"uv": [4, 12], "uv_size": [1.5, 1.5]},
								"east": {"uv": [22, 0], "uv_size": [0.25, 1.5]},
								"south": {"uv": [12, 7], "uv_size": [1.5, 1.5]},
								"west": {"uv": [22, 2], "uv_size": [0.25, 1.5]},
								"up": {"uv": [4, 22], "uv_size": [1.5, 0.25]},
								"down": {"uv": [7, 22.25], "uv_size": [1.5, -0.25]}
							}
						},
						{
							"origin": [-0.8375, 2.3125, 4.48438],
							"size": [1.5, 1.5, 0.0625],
							"uv": {
								"north": {"uv": [0, 12], "uv_size": [1.5, 1.5]},
								"east": {"uv": [16, 21], "uv_size": [0.25, 1.5]},
								"south": {"uv": [12, 0], "uv_size": [1.5, 1.5]},
								"west": {"uv": [21, 16], "uv_size": [0.25, 1.5]},
								"up": {"uv": [17, 21], "uv_size": [1.5, 0.25]},
								"down": {"uv": [21, 18.25], "uv_size": [1.5, -0.25]}
							}
						},
						{
							"origin": [-0.6, 2.54339, -5.25859],
							"size": [1.0125, 1.125, 1.125],
							"uv": {
								"north": {"uv": [2, 10], "uv_size": [1, 1.25]},
								"east": {"uv": [10, 13], "uv_size": [1.25, 1.25]},
								"south": {"uv": [9, 15], "uv_size": [1, 1.25]},
								"west": {"uv": [13, 11], "uv_size": [1.25, 1.25]},
								"up": {"uv": [15, 9], "uv_size": [1, 1.25]},
								"down": {"uv": [10, 16.25], "uv_size": [1, -1.25]}
							}
						},
						{
							"origin": [-0.525, 2.61769, -4.14002],
							"size": [0.875, 0.9375, 4.375],
							"uv": {
								"north": {"uv": [12, 4], "uv_size": [1, 1]},
								"east": {"uv": [6, 6], "uv_size": [4.5, 1]},
								"south": {"uv": [6, 12], "uv_size": [1, 1]},
								"west": {"uv": [7, 0], "uv_size": [4.5, 1]},
								"up": {"uv": [7, 1], "uv_size": [1, 4.5]},
								"down": {"uv": [6, 11.5], "uv_size": [1, -4.5]}
							}
						}
					]
				}
			]
		}
	]
}
